Building 60 2-fault-injected hotpotqa_real examples (bench_seed=42, scan_limit=3000)...
Built 60 examples. seeds=[0, 1, 2], model=llama-3.1-8b, arms=['direct', 'self_refine', 'full_regen', 'react', 'selfcheckgpt', 'reflexion', 'intro_specter']
  N=2 real_hotpotqa_00000_5a8f503c5542992414482a34 seed=0 arm=direct: per_fault={'ctx': False, 'concise': True} all_resolved=False n_resolved=1/2 tokens=(2087,520)
  N=2 real_hotpotqa_00000_5a8f503c5542992414482a34 seed=0 arm=self_refine: per_fault={'ctx': False, 'concise': False} all_resolved=False n_resolved=0/2 tokens=(4860,1360)
  N=2 real_hotpotqa_00000_5a8f503c5542992414482a34 seed=0 arm=full_regen: per_fault={'ctx': False, 'concise': True} all_resolved=False n_resolved=1/2 tokens=(4154,779)
  N=2 real_hotpotqa_00000_5a8f503c5542992414482a34 seed=0 arm=react: per_fault={'ctx': False, 'concise': True} all_resolved=False n_resolved=1/2 tokens=(4207,1049)
  N=2 real_hotpotqa_00000_5a8f503c5542992414482a34 seed=0 arm=selfcheckgpt: per_fault={'ctx': False, 'concise': True} all_resolved=False n_resolved=1/2 tokens=(14157,670)
  N=2 real_hotpotqa_00000_5a8f503c5542992414482a34 seed=0 arm=reflexion: per_fault={'ctx': True, 'concise': True} all_resolved=True n_resolved=2/2 tokens=(7641,1259)
  N=2 real_hotpotqa_00000_5a8f503c5542992414482a34 seed=0 arm=intro_specter: per_fault={'ctx': True, 'concise': True} all_resolved=True n_resolved=2/2 tokens=(4994,1438)
  N=2 real_hotpotqa_00000_5a8f503c5542992414482a34 seed=1 arm=direct: per_fault={'ctx': False, 'concise': True} all_resolved=False n_resolved=1/2 tokens=(2087,520)
  N=2 real_hotpotqa_00000_5a8f503c5542992414482a34 seed=1 arm=self_refine: per_fault={'ctx': False, 'concise': False} all_resolved=False n_resolved=0/2 tokens=(4860,1360)
  N=2 real_hotpotqa_00000_5a8f503c5542992414482a34 seed=1 arm=full_regen: per_fault={'ctx': False, 'concise': True} all_resolved=False n_resolved=1/2 tokens=(4154,735)
  N=2 real_hotpotqa_00000_5a8f503c5542992414482a34 seed=1 arm=react: per_fault={'ctx': False, 'concise': True} all_resolved=False n_resolved=1/2 tokens=(4207,1049)
  N=2 real_hotpotqa_00000_5a8f503c5542992414482a34 seed=1 arm=selfcheckgpt: per_fault={'ctx': False, 'concise': True} all_resolved=False n_resolved=1/2 tokens=(12149,625)
  N=2 real_hotpotqa_00000_5a8f503c5542992414482a34 seed=1 arm=reflexion: per_fault={'ctx': True, 'concise': True} all_resolved=True n_resolved=2/2 tokens=(7641,1259)
  N=2 real_hotpotqa_00000_5a8f503c5542992414482a34 seed=1 arm=intro_specter: per_fault={'ctx': True, 'concise': True} all_resolved=True n_resolved=2/2 tokens=(4994,1438)
  N=2 real_hotpotqa_00000_5a8f503c5542992414482a34 seed=2 arm=direct: per_fault={'ctx': False, 'concise': True} all_resolved=False n_resolved=1/2 tokens=(2103,344)
  N=2 real_hotpotqa_00000_5a8f503c5542992414482a34 seed=2 arm=self_refine: per_fault={'ctx': True, 'concise': True} all_resolved=True n_resolved=2/2 tokens=(4617,896)
  N=2 real_hotpotqa_00000_5a8f503c5542992414482a34 seed=2 arm=full_regen: per_fault={'ctx': False, 'concise': True} all_resolved=False n_resolved=1/2 tokens=(4170,614)
  N=2 real_hotpotqa_00000_5a8f503c5542992414482a34 seed=2 arm=react: per_fault={'ctx': False, 'concise': True} all_resolved=False n_resolved=1/2 tokens=(4223,873)
  N=2 real_hotpotqa_00000_5a8f503c5542992414482a34 seed=2 arm=selfcheckgpt: per_fault={'ctx': False, 'concise': True} all_resolved=False n_resolved=1/2 tokens=(14148,463)
  N=2 real_hotpotqa_00000_5a8f503c5542992414482a34 seed=2 arm=reflexion: per_fault={'ctx': False, 'concise': True} all_resolved=False n_resolved=1/2 tokens=(12830,1485)
  N=2 real_hotpotqa_00000_5a8f503c5542992414482a34 seed=2 arm=intro_specter: per_fault={'ctx': True, 'concise': True} all_resolved=True n_resolved=2/2 tokens=(4751,903)
  N=2 real_hotpotqa_00001_5a7c49dc55429935c91b514f seed=0 arm=direct: per_fault={'ctx': True, 'preamble': True} all_resolved=True n_resolved=2/2 tokens=(1970,291)
  N=2 real_hotpotqa_00001_5a7c49dc55429935c91b514f seed=0 arm=self_refine: per_fault={'ctx': True, 'preamble': True} all_resolved=True n_resolved=2/2 tokens=(4258,760)
  N=2 real_hotpotqa_00001_5a7c49dc55429935c91b514f seed=0 arm=full_regen: per_fault={'ctx': True, 'preamble': True} all_resolved=True n_resolved=2/2 tokens=(3924,643)
  N=2 real_hotpotqa_00001_5a7c49dc55429935c91b514f seed=0 arm=react: per_fault={'ctx': True, 'preamble': True} all_resolved=True n_resolved=2/2 tokens=(3977,1509)
  N=2 real_hotpotqa_00001_5a7c49dc55429935c91b514f seed=0 arm=selfcheckgpt: per_fault={'ctx': True, 'preamble': True} all_resolved=True n_resolved=2/2 tokens=(13303,523)
  N=2 real_hotpotqa_00001_5a7c49dc55429935c91b514f seed=0 arm=reflexion: per_fault={'ctx': True, 'preamble': True} all_resolved=True n_resolved=2/2 tokens=(1970,291)
  N=2 real_hotpotqa_00001_5a7c49dc55429935c91b514f seed=0 arm=intro_specter: per_fault={'ctx': True, 'preamble': True} all_resolved=True n_resolved=2/2 tokens=(4432,641)
  N=2 real_hotpotqa_00001_5a7c49dc55429935c91b514f seed=1 arm=direct: per_fault={'ctx': True, 'preamble': True} all_resolved=True n_resolved=2/2 tokens=(1970,291)
  N=2 real_hotpotqa_00001_5a7c49dc55429935c91b514f seed=1 arm=self_refine: per_fault={'ctx': True, 'preamble': True} all_resolved=True n_resolved=2/2 tokens=(4258,760)
  N=2 real_hotpotqa_00001_5a7c49dc55429935c91b514f seed=1 arm=full_regen: per_fault={'ctx': True, 'preamble': True} all_resolved=True n_resolved=2/2 tokens=(3924,845)
  N=2 real_hotpotqa_00001_5a7c49dc55429935c91b514f seed=1 arm=react: per_fault={'ctx': True, 'preamble': True} all_resolved=True n_resolved=2/2 tokens=(3977,1509)
  N=2 real_hotpotqa_00001_5a7c49dc55429935c91b514f seed=1 arm=selfcheckgpt: per_fault={'ctx': True, 'preamble': True} all_resolved=True n_resolved=2/2 tokens=(13341,636)
  N=2 real_hotpotqa_00001_5a7c49dc55429935c91b514f seed=1 arm=reflexion: per_fault={'ctx': True, 'preamble': True} all_resolved=True n_resolved=2/2 tokens=(1970,291)
  N=2 real_hotpotqa_00001_5a7c49dc55429935c91b514f seed=1 arm=intro_specter: per_fault={'ctx': True, 'preamble': True} all_resolved=True n_resolved=2/2 tokens=(4432,641)
  N=2 real_hotpotqa_00001_5a7c49dc55429935c91b514f seed=2 arm=direct: per_fault={'ctx': True, 'preamble': True} all_resolved=True n_resolved=2/2 tokens=(1954,398)
  N=2 real_hotpotqa_00001_5a7c49dc55429935c91b514f seed=2 arm=self_refine: per_fault={'ctx': True, 'preamble': False} all_resolved=False n_resolved=1/2 tokens=(4389,1112)
  N=2 real_hotpotqa_00001_5a7c49dc55429935c91b514f seed=2 arm=full_regen: per_fault={'ctx': True, 'preamble': True} all_resolved=True n_resolved=2/2 tokens=(3908,903)
  N=2 real_hotpotqa_00001_5a7c49dc55429935c91b514f seed=2 arm=react: per_fault={'ctx': True, 'preamble': True} all_resolved=True n_resolved=2/2 tokens=(3941,847)
  N=2 real_hotpotqa_00001_5a7c49dc55429935c91b514f seed=2 arm=selfcheckgpt: per_fault={'ctx': True, 'preamble': True} all_resolved=True n_resolved=2/2 tokens=(11403,591)
  N=2 real_hotpotqa_00001_5a7c49dc55429935c91b514f seed=2 arm=reflexion: per_fault={'ctx': True, 'preamble': True} all_resolved=True n_resolved=2/2 tokens=(1954,398)
  N=2 real_hotpotqa_00001_5a7c49dc55429935c91b514f seed=2 arm=intro_specter: per_fault={'ctx': True, 'preamble': True} all_resolved=True n_resolved=2/2 tokens=(4559,880)
  N=2 real_hotpotqa_00002_5a713ea95542994082a3e6e4 seed=0 arm=direct: per_fault={'ctx': True, 'concise': True} all_resolved=True n_resolved=2/2 tokens=(1941,361)
  N=2 real_hotpotqa_00002_5a713ea95542994082a3e6e4 seed=0 arm=self_refine: per_fault={'ctx': True, 'concise': True} all_resolved=True n_resolved=2/2 tokens=(4306,1023)
  N=2 real_hotpotqa_00002_5a713ea95542994082a3e6e4 seed=0 arm=full_regen: per_fault={'ctx': False, 'concise': True} all_resolved=False n_resolved=1/2 tokens=(3898,823)
  N=2 real_hotpotqa_00002_5a713ea95542994082a3e6e4 seed=0 arm=react: per_fault={'ctx': False, 'concise': True} all_resolved=False n_resolved=1/2 tokens=(3935,1556)
  N=2 real_hotpotqa_00002_5a713ea95542994082a3e6e4 seed=0 arm=selfcheckgpt: per_fault={'ctx': False, 'concise': True} all_resolved=False n_resolved=1/2 tokens=(13195,567)
  N=2 real_hotpotqa_00002_5a713ea95542994082a3e6e4 seed=0 arm=reflexion: per_fault={'ctx': True, 'concise': True} all_resolved=True n_resolved=2/2 tokens=(1941,361)
  N=2 real_hotpotqa_00002_5a713ea95542994082a3e6e4 seed=0 arm=intro_specter: per_fault={'ctx': True, 'concise': True} all_resolved=True n_resolved=2/2 tokens=(4496,809)
  N=2 real_hotpotqa_00002_5a713ea95542994082a3e6e4 seed=1 arm=direct: per_fault={'ctx': True, 'concise': True} all_resolved=True n_resolved=2/2 tokens=(1941,361)
  N=2 real_hotpotqa_00002_5a713ea95542994082a3e6e4 seed=1 arm=self_refine: per_fault={'ctx': True, 'concise': True} all_resolved=True n_resolved=2/2 tokens=(4306,1023)
  N=2 real_hotpotqa_00002_5a713ea95542994082a3e6e4 seed=1 arm=full_regen: per_fault={'ctx': True, 'concise': True} all_resolved=True n_resolved=2/2 tokens=(3882,478)
  N=2 real_hotpotqa_00002_5a713ea95542994082a3e6e4 seed=1 arm=react: per_fault={'ctx': False, 'concise': True} all_resolved=False n_resolved=1/2 tokens=(3935,1556)
  N=2 real_hotpotqa_00002_5a713ea95542994082a3e6e4 seed=1 arm=selfcheckgpt: per_fault={'ctx': False, 'concise': True} all_resolved=False n_resolved=1/2 tokens=(13197,574)
  N=2 real_hotpotqa_00002_5a713ea95542994082a3e6e4 seed=1 arm=reflexion: per_fault={'ctx': True, 'concise': True} all_resolved=True n_resolved=2/2 tokens=(1941,361)
  N=2 real_hotpotqa_00002_5a713ea95542994082a3e6e4 seed=1 arm=intro_specter: per_fault={'ctx': True, 'concise': True} all_resolved=True n_resolved=2/2 tokens=(4496,809)
  N=2 real_hotpotqa_00002_5a713ea95542994082a3e6e4 seed=2 arm=direct: per_fault={'ctx': True, 'concise': True} all_resolved=True n_resolved=2/2 tokens=(1921,334)
  N=2 real_hotpotqa_00002_5a713ea95542994082a3e6e4 seed=2 arm=self_refine: per_fault={'ctx': True, 'concise': True} all_resolved=True n_resolved=2/2 tokens=(4295,828)
  N=2 real_hotpotqa_00002_5a713ea95542994082a3e6e4 seed=2 arm=full_regen: per_fault={'ctx': True, 'concise': True} all_resolved=True n_resolved=2/2 tokens=(3862,487)
  N=2 real_hotpotqa_00002_5a713ea95542994082a3e6e4 seed=2 arm=react: per_fault={'ctx': False, 'concise': True} all_resolved=False n_resolved=1/2 tokens=(3931,842)
  N=2 real_hotpotqa_00002_5a713ea95542994082a3e6e4 seed=2 arm=selfcheckgpt: per_fault={'ctx': True, 'concise': True} all_resolved=True n_resolved=2/2 tokens=(11267,493)
  N=2 real_hotpotqa_00002_5a713ea95542994082a3e6e4 seed=2 arm=reflexion: per_fault={'ctx': True, 'concise': True} all_resolved=True n_resolved=2/2 tokens=(1921,334)
  N=2 real_hotpotqa_00002_5a713ea95542994082a3e6e4 seed=2 arm=intro_specter: per_fault={'ctx': True, 'concise': True} all_resolved=True n_resolved=2/2 tokens=(4433,735)
  N=2 real_hotpotqa_00003_5a823b0c55429940e5e1a804 seed=0 arm=direct: per_fault={'ctx': True, 'preamble': True} all_resolved=True n_resolved=2/2 tokens=(1793,181)
  N=2 real_hotpotqa_00003_5a823b0c55429940e5e1a804 seed=0 arm=self_refine: per_fault={'ctx': True, 'preamble': True} all_resolved=True n_resolved=2/2 tokens=(3783,443)
  N=2 real_hotpotqa_00003_5a823b0c55429940e5e1a804 seed=0 arm=full_regen: per_fault={'ctx': True, 'preamble': True} all_resolved=True n_resolved=2/2 tokens=(3602,501)
  N=2 real_hotpotqa_00003_5a823b0c55429940e5e1a804 seed=0 arm=react: per_fault={'ctx': True, 'preamble': True} all_resolved=True n_resolved=2/2 tokens=(3619,806)
  N=2 real_hotpotqa_00003_5a823b0c55429940e5e1a804 seed=0 arm=selfcheckgpt: per_fault={'ctx': True, 'preamble': True} all_resolved=True n_resolved=2/2 tokens=(10434,350)
  N=2 real_hotpotqa_00003_5a823b0c55429940e5e1a804 seed=0 arm=reflexion: per_fault={'ctx': True, 'preamble': True} all_resolved=True n_resolved=2/2 tokens=(1793,181)
  N=2 real_hotpotqa_00003_5a823b0c55429940e5e1a804 seed=0 arm=intro_specter: per_fault={'ctx': True, 'preamble': True} all_resolved=True n_resolved=2/2 tokens=(3901,703)
  N=2 real_hotpotqa_00003_5a823b0c55429940e5e1a804 seed=1 arm=direct: per_fault={'ctx': True, 'preamble': True} all_resolved=True n_resolved=2/2 tokens=(1793,181)
  N=2 real_hotpotqa_00003_5a823b0c55429940e5e1a804 seed=1 arm=self_refine: per_fault={'ctx': True, 'preamble': True} all_resolved=True n_resolved=2/2 tokens=(3783,443)
  N=2 real_hotpotqa_00003_5a823b0c55429940e5e1a804 seed=1 arm=full_regen: per_fault={'ctx': True, 'preamble': True} all_resolved=True n_resolved=2/2 tokens=(3586,545)
  N=2 real_hotpotqa_00003_5a823b0c55429940e5e1a804 seed=1 arm=react: per_fault={'ctx': True, 'preamble': True} all_resolved=True n_resolved=2/2 tokens=(3619,806)
  N=2 real_hotpotqa_00003_5a823b0c55429940e5e1a804 seed=1 arm=selfcheckgpt: per_fault={'ctx': True, 'preamble': True} all_resolved=True n_resolved=2/2 tokens=(12154,352)
  N=2 real_hotpotqa_00003_5a823b0c55429940e5e1a804 seed=1 arm=reflexion: per_fault={'ctx': True, 'preamble': True} all_resolved=True n_resolved=2/2 tokens=(1793,181)
  N=2 real_hotpotqa_00003_5a823b0c55429940e5e1a804 seed=1 arm=intro_specter: per_fault={'ctx': True, 'preamble': True} all_resolved=True n_resolved=2/2 tokens=(3901,703)
  N=2 real_hotpotqa_00003_5a823b0c55429940e5e1a804 seed=2 arm=direct: per_fault={'ctx': True, 'preamble': True} all_resolved=True n_resolved=2/2 tokens=(1773,369)
  N=2 real_hotpotqa_00003_5a823b0c55429940e5e1a804 seed=2 arm=self_refine: per_fault={'ctx': True, 'preamble': True} all_resolved=True n_resolved=2/2 tokens=(4019,919)
  N=2 real_hotpotqa_00003_5a823b0c55429940e5e1a804 seed=2 arm=full_regen: per_fault={'ctx': True, 'preamble': True} all_resolved=True n_resolved=2/2 tokens=(3546,814)
  N=2 real_hotpotqa_00003_5a823b0c55429940e5e1a804 seed=2 arm=react: per_fault={'ctx': True, 'preamble': True} all_resolved=True n_resolved=2/2 tokens=(3599,994)
  N=2 real_hotpotqa_00003_5a823b0c55429940e5e1a804 seed=2 arm=selfcheckgpt: per_fault={'ctx': True, 'preamble': True} all_resolved=True n_resolved=2/2 tokens=(10327,517)
  N=2 real_hotpotqa_00003_5a823b0c55429940e5e1a804 seed=2 arm=reflexion: per_fault={'ctx': True, 'preamble': True} all_resolved=True n_resolved=2/2 tokens=(1773,369)
  N=2 real_hotpotqa_00003_5a823b0c55429940e5e1a804 seed=2 arm=intro_specter: per_fault={'ctx': True, 'preamble': True} all_resolved=True n_resolved=2/2 tokens=(4173,887)
  N=2 real_hotpotqa_00004_5a89d3e15542992e4fca83d4 seed=0 arm=direct: per_fault={'ctx': True, 'preamble': True} all_resolved=True n_resolved=2/2 tokens=(2057,297)
  N=2 real_hotpotqa_00004_5a89d3e15542992e4fca83d4 seed=0 arm=self_refine: per_fault={'ctx': True, 'preamble': True} all_resolved=True n_resolved=2/2 tokens=(4516,873)
  N=2 real_hotpotqa_00004_5a89d3e15542992e4fca83d4 seed=0 arm=full_regen: per_fault={'ctx': True, 'preamble': True} all_resolved=True n_resolved=2/2 tokens=(4114,426)
  N=2 real_hotpotqa_00004_5a89d3e15542992e4fca83d4 seed=0 arm=react: per_fault={'ctx': True, 'preamble': True} all_resolved=True n_resolved=2/2 tokens=(4167,770)
  N=2 real_hotpotqa_00004_5a89d3e15542992e4fca83d4 seed=0 arm=selfcheckgpt: per_fault={'ctx': True, 'preamble': True} all_resolved=True n_resolved=2/2 tokens=(14018,479)
  N=2 real_hotpotqa_00004_5a89d3e15542992e4fca83d4 seed=0 arm=reflexion: per_fault={'ctx': True, 'preamble': True} all_resolved=True n_resolved=2/2 tokens=(2057,297)
  N=2 real_hotpotqa_00004_5a89d3e15542992e4fca83d4 seed=0 arm=intro_specter: per_fault={'ctx': True, 'preamble': True} all_resolved=True n_resolved=2/2 tokens=(4650,763)
  N=2 real_hotpotqa_00004_5a89d3e15542992e4fca83d4 seed=1 arm=direct: per_fault={'ctx': True, 'preamble': True} all_resolved=True n_resolved=2/2 tokens=(2057,297)
  N=2 real_hotpotqa_00004_5a89d3e15542992e4fca83d4 seed=1 arm=self_refine: per_fault={'ctx': True, 'preamble': True} all_resolved=True n_resolved=2/2 tokens=(4516,873)
  N=2 real_hotpotqa_00004_5a89d3e15542992e4fca83d4 seed=1 arm=full_regen: per_fault={'ctx': True, 'preamble': True} all_resolved=True n_resolved=2/2 tokens=(4114,783)
  N=2 real_hotpotqa_00004_5a89d3e15542992e4fca83d4 seed=1 arm=react: per_fault={'ctx': True, 'preamble': True} all_resolved=True n_resolved=2/2 tokens=(4167,770)
  N=2 real_hotpotqa_00004_5a89d3e15542992e4fca83d4 seed=1 arm=selfcheckgpt: per_fault={'ctx': False, 'preamble': True} all_resolved=False n_resolved=1/2 tokens=(14090,481)
  N=2 real_hotpotqa_00004_5a89d3e15542992e4fca83d4 seed=1 arm=reflexion: per_fault={'ctx': True, 'preamble': True} all_resolved=True n_resolved=2/2 tokens=(2057,297)
  N=2 real_hotpotqa_00004_5a89d3e15542992e4fca83d4 seed=1 arm=intro_specter: per_fault={'ctx': True, 'preamble': True} all_resolved=True n_resolved=2/2 tokens=(4650,763)
  N=2 real_hotpotqa_00004_5a89d3e15542992e4fca83d4 seed=2 arm=direct: per_fault={'ctx': True, 'preamble': True} all_resolved=True n_resolved=2/2 tokens=(2057,299)
  N=2 real_hotpotqa_00004_5a89d3e15542992e4fca83d4 seed=2 arm=self_refine: per_fault={'ctx': True, 'preamble': True} all_resolved=True n_resolved=2/2 tokens=(4498,866)
  N=2 real_hotpotqa_00004_5a89d3e15542992e4fca83d4 seed=2 arm=full_regen: per_fault={'ctx': True, 'preamble': True} all_resolved=True n_resolved=2/2 tokens=(4114,613)
  N=2 real_hotpotqa_00004_5a89d3e15542992e4fca83d4 seed=2 arm=react: per_fault={'ctx': True, 'preamble': True} all_resolved=True n_resolved=2/2 tokens=(4187,1221)
  N=2 real_hotpotqa_00004_5a89d3e15542992e4fca83d4 seed=2 arm=selfcheckgpt: per_fault={'ctx': True, 'preamble': True} all_resolved=True n_resolved=2/2 tokens=(12154,487)
  N=2 real_hotpotqa_00004_5a89d3e15542992e4fca83d4 seed=2 arm=reflexion: per_fault={'ctx': True, 'preamble': True} all_resolved=True n_resolved=2/2 tokens=(2057,299)
  N=2 real_hotpotqa_00004_5a89d3e15542992e4fca83d4 seed=2 arm=intro_specter: per_fault={'ctx': True, 'preamble': True} all_resolved=True n_resolved=2/2 tokens=(4672,792)
  N=2 real_hotpotqa_00005_5a77857155429949eeb29ebf seed=0 arm=direct: per_fault={'ctx': True, 'bullets': True} all_resolved=True n_resolved=2/2 tokens=(1972,315)
  N=2 real_hotpotqa_00005_5a77857155429949eeb29ebf seed=0 arm=self_refine: per_fault={'ctx': True, 'bullets': True} all_resolved=True n_resolved=2/2 tokens=(4340,895)
  N=2 real_hotpotqa_00005_5a77857155429949eeb29ebf seed=0 arm=full_regen: per_fault={'ctx': True, 'bullets': True} all_resolved=True n_resolved=2/2 tokens=(3944,620)
  N=2 real_hotpotqa_00005_5a77857155429949eeb29ebf seed=0 arm=react: per_fault={'ctx': True, 'bullets': True} all_resolved=True n_resolved=2/2 tokens=(3997,648)
  N=2 real_hotpotqa_00005_5a77857155429949eeb29ebf seed=0 arm=selfcheckgpt: per_fault={'ctx': True, 'bullets': True} all_resolved=True n_resolved=2/2 tokens=(13900,874)
  N=2 real_hotpotqa_00005_5a77857155429949eeb29ebf seed=0 arm=reflexion: per_fault={'ctx': True, 'bullets': True} all_resolved=True n_resolved=2/2 tokens=(1972,315)
  N=2 real_hotpotqa_00005_5a77857155429949eeb29ebf seed=0 arm=intro_specter: per_fault={'ctx': True, 'bullets': True} all_resolved=True n_resolved=2/2 tokens=(4514,830)
  N=2 real_hotpotqa_00005_5a77857155429949eeb29ebf seed=1 arm=direct: per_fault={'ctx': True, 'bullets': True} all_resolved=True n_resolved=2/2 tokens=(1972,315)
  N=2 real_hotpotqa_00005_5a77857155429949eeb29ebf seed=1 arm=self_refine: per_fault={'ctx': True, 'bullets': True} all_resolved=True n_resolved=2/2 tokens=(4340,895)
  N=2 real_hotpotqa_00005_5a77857155429949eeb29ebf seed=1 arm=full_regen: per_fault={'ctx': True, 'bullets': True} all_resolved=True n_resolved=2/2 tokens=(3944,790)
  N=2 real_hotpotqa_00005_5a77857155429949eeb29ebf seed=1 arm=react: per_fault={'ctx': True, 'bullets': True} all_resolved=True n_resolved=2/2 tokens=(3997,648)
  N=2 real_hotpotqa_00005_5a77857155429949eeb29ebf seed=1 arm=selfcheckgpt: per_fault={'ctx': True, 'bullets': True} all_resolved=True n_resolved=2/2 tokens=(11766,651)
  N=2 real_hotpotqa_00005_5a77857155429949eeb29ebf seed=1 arm=reflexion: per_fault={'ctx': True, 'bullets': True} all_resolved=True n_resolved=2/2 tokens=(1972,315)
  N=2 real_hotpotqa_00005_5a77857155429949eeb29ebf seed=1 arm=intro_specter: per_fault={'ctx': True, 'bullets': True} all_resolved=True n_resolved=2/2 tokens=(4514,830)
  N=2 real_hotpotqa_00005_5a77857155429949eeb29ebf seed=2 arm=direct: per_fault={'ctx': True, 'bullets': True} all_resolved=True n_resolved=2/2 tokens=(2008,701)
  N=2 real_hotpotqa_00005_5a77857155429949eeb29ebf seed=2 arm=self_refine: per_fault={'ctx': True, 'bullets': True} all_resolved=True n_resolved=2/2 tokens=(4930,1793)
  N=2 real_hotpotqa_00005_5a77857155429949eeb29ebf seed=2 arm=full_regen: per_fault={'ctx': True, 'bullets': True} all_resolved=True n_resolved=2/2 tokens=(3980,1026)
  N=2 real_hotpotqa_00005_5a77857155429949eeb29ebf seed=2 arm=react: per_fault={'ctx': True, 'bullets': True} all_resolved=True n_resolved=2/2 tokens=(4053,1789)
  N=2 real_hotpotqa_00005_5a77857155429949eeb29ebf seed=2 arm=selfcheckgpt: per_fault={'ctx': True, 'bullets': True} all_resolved=True n_resolved=2/2 tokens=(13674,1086)
  N=2 real_hotpotqa_00005_5a77857155429949eeb29ebf seed=2 arm=reflexion: per_fault={'ctx': True, 'bullets': True} all_resolved=True n_resolved=2/2 tokens=(2008,701)
  N=2 real_hotpotqa_00005_5a77857155429949eeb29ebf seed=2 arm=intro_specter: per_fault={'ctx': True, 'bullets': True} all_resolved=True n_resolved=2/2 tokens=(5064,1029)
  N=2 real_hotpotqa_00006_5ae71c4c554299572ea546ee seed=0 arm=direct: per_fault={'ctx': True, 'concise': True} all_resolved=True n_resolved=2/2 tokens=(2012,577)
  N=2 real_hotpotqa_00006_5ae71c4c554299572ea546ee seed=0 arm=self_refine: per_fault={'ctx': True, 'concise': False} all_resolved=False n_resolved=1/2 tokens=(4767,2001)
  N=2 real_hotpotqa_00006_5ae71c4c554299572ea546ee seed=0 arm=full_regen: per_fault={'ctx': True, 'concise': False} all_resolved=False n_resolved=1/2 tokens=(4024,1147)
  N=2 real_hotpotqa_00006_5ae71c4c554299572ea546ee seed=0 arm=react: per_fault={'ctx': True, 'concise': True} all_resolved=True n_resolved=2/2 tokens=(4077,1443)
  N=2 real_hotpotqa_00006_5ae71c4c554299572ea546ee seed=0 arm=selfcheckgpt: per_fault={'ctx': True, 'concise': True} all_resolved=True n_resolved=2/2 tokens=(13882,993)
  N=2 real_hotpotqa_00006_5ae71c4c554299572ea546ee seed=0 arm=reflexion: per_fault={'ctx': True, 'concise': True} all_resolved=True n_resolved=2/2 tokens=(2012,577)
  N=2 real_hotpotqa_00006_5ae71c4c554299572ea546ee seed=0 arm=intro_specter: per_fault={'ctx': True, 'concise': True} all_resolved=True n_resolved=2/2 tokens=(4941,1539)
  N=2 real_hotpotqa_00006_5ae71c4c554299572ea546ee seed=1 arm=direct: per_fault={'ctx': True, 'concise': True} all_resolved=True n_resolved=2/2 tokens=(2012,577)
  N=2 real_hotpotqa_00006_5ae71c4c554299572ea546ee seed=1 arm=self_refine: per_fault={'ctx': True, 'concise': False} all_resolved=False n_resolved=1/2 tokens=(4767,2001)
  N=2 real_hotpotqa_00006_5ae71c4c554299572ea546ee seed=1 arm=full_regen: per_fault={'ctx': True, 'concise': True} all_resolved=True n_resolved=2/2 tokens=(4004,940)
  N=2 real_hotpotqa_00006_5ae71c4c554299572ea546ee seed=1 arm=react: per_fault={'ctx': True, 'concise': True} all_resolved=True n_resolved=2/2 tokens=(4077,1443)
  N=2 real_hotpotqa_00006_5ae71c4c554299572ea546ee seed=1 arm=selfcheckgpt: per_fault={'ctx': True, 'concise': True} all_resolved=True n_resolved=2/2 tokens=(13838,933)
  N=2 real_hotpotqa_00006_5ae71c4c554299572ea546ee seed=1 arm=reflexion: per_fault={'ctx': True, 'concise': True} all_resolved=True n_resolved=2/2 tokens=(2012,577)
  N=2 real_hotpotqa_00006_5ae71c4c554299572ea546ee seed=1 arm=intro_specter: per_fault={'ctx': True, 'concise': True} all_resolved=True n_resolved=2/2 tokens=(4941,1539)
  N=2 real_hotpotqa_00006_5ae71c4c554299572ea546ee seed=2 arm=direct: per_fault={'ctx': True, 'concise': True} all_resolved=True n_resolved=2/2 tokens=(2028,479)
  N=2 real_hotpotqa_00006_5ae71c4c554299572ea546ee seed=2 arm=self_refine: per_fault={'ctx': True, 'concise': False} all_resolved=False n_resolved=1/2 tokens=(4665,1242)
  N=2 real_hotpotqa_00006_5ae71c4c554299572ea546ee seed=2 arm=full_regen: per_fault={'ctx': True, 'concise': True} all_resolved=True n_resolved=2/2 tokens=(4040,573)
  N=2 real_hotpotqa_00006_5ae71c4c554299572ea546ee seed=2 arm=react: per_fault={'ctx': True, 'concise': False} all_resolved=False n_resolved=1/2 tokens=(4073,1114)
  N=2 real_hotpotqa_00006_5ae71c4c554299572ea546ee seed=2 arm=selfcheckgpt: per_fault={'ctx': True, 'concise': True} all_resolved=True n_resolved=2/2 tokens=(13774,774)
  N=2 real_hotpotqa_00006_5ae71c4c554299572ea546ee seed=2 arm=reflexion: per_fault={'ctx': True, 'concise': True} all_resolved=True n_resolved=2/2 tokens=(2028,479)
  N=2 real_hotpotqa_00006_5ae71c4c554299572ea546ee seed=2 arm=intro_specter: per_fault={'ctx': True, 'concise': True} all_resolved=True n_resolved=2/2 tokens=(4855,1398)
  N=2 real_hotpotqa_00008_5a8d838955429941ae14dfe5 seed=0 arm=direct: per_fault={'ctx': True, 'concise': True} all_resolved=True n_resolved=2/2 tokens=(1981,259)
  N=2 real_hotpotqa_00008_5a8d838955429941ae14dfe5 seed=0 arm=self_refine: per_fault={'ctx': True, 'concise': False} all_resolved=False n_resolved=1/2 tokens=(4282,764)
  N=2 real_hotpotqa_00008_5a8d838955429941ae14dfe5 seed=0 arm=full_regen: per_fault={'ctx': True, 'concise': True} all_resolved=True n_resolved=2/2 tokens=(3962,636)
  N=2 real_hotpotqa_00008_5a8d838955429941ae14dfe5 seed=0 arm=react: per_fault={'ctx': True, 'concise': True} all_resolved=True n_resolved=2/2 tokens=(4035,1156)
  N=2 real_hotpotqa_00008_5a8d838955429941ae14dfe5 seed=0 arm=selfcheckgpt: per_fault={'ctx': True, 'concise': True} all_resolved=True n_resolved=2/2 tokens=(11767,578)
  N=2 real_hotpotqa_00008_5a8d838955429941ae14dfe5 seed=0 arm=reflexion: per_fault={'ctx': True, 'concise': True} all_resolved=True n_resolved=2/2 tokens=(1981,259)
  N=2 real_hotpotqa_00008_5a8d838955429941ae14dfe5 seed=0 arm=intro_specter: per_fault={'ctx': True, 'concise': True} all_resolved=True n_resolved=2/2 tokens=(4436,693)
  N=2 real_hotpotqa_00008_5a8d838955429941ae14dfe5 seed=1 arm=direct: per_fault={'ctx': True, 'concise': True} all_resolved=True n_resolved=2/2 tokens=(1981,259)
  N=2 real_hotpotqa_00008_5a8d838955429941ae14dfe5 seed=1 arm=self_refine: per_fault={'ctx': True, 'concise': False} all_resolved=False n_resolved=1/2 tokens=(4282,764)
  N=2 real_hotpotqa_00008_5a8d838955429941ae14dfe5 seed=1 arm=full_regen: per_fault={'ctx': True, 'concise': True} all_resolved=True n_resolved=2/2 tokens=(3982,498)
  N=2 real_hotpotqa_00008_5a8d838955429941ae14dfe5 seed=1 arm=react: per_fault={'ctx': True, 'concise': True} all_resolved=True n_resolved=2/2 tokens=(4035,1156)
  N=2 real_hotpotqa_00008_5a8d838955429941ae14dfe5 seed=1 arm=selfcheckgpt: per_fault={'ctx': True, 'concise': True} all_resolved=True n_resolved=2/2 tokens=(11873,598)
  N=2 real_hotpotqa_00008_5a8d838955429941ae14dfe5 seed=1 arm=reflexion: per_fault={'ctx': True, 'concise': True} all_resolved=True n_resolved=2/2 tokens=(1981,259)
  N=2 real_hotpotqa_00008_5a8d838955429941ae14dfe5 seed=1 arm=intro_specter: per_fault={'ctx': True, 'concise': True} all_resolved=True n_resolved=2/2 tokens=(4436,693)
  N=2 real_hotpotqa_00008_5a8d838955429941ae14dfe5 seed=2 arm=direct: per_fault={'ctx': True, 'concise': True} all_resolved=True n_resolved=2/2 tokens=(2001,939)
  N=2 real_hotpotqa_00008_5a8d838955429941ae14dfe5 seed=2 arm=self_refine: per_fault={'ctx': False, 'concise': True} all_resolved=False n_resolved=1/2 tokens=(5213,2310)
  N=2 real_hotpotqa_00008_5a8d838955429941ae14dfe5 seed=2 arm=full_regen: per_fault={'ctx': True, 'concise': True} all_resolved=True n_resolved=2/2 tokens=(4002,1247)
  N=2 real_hotpotqa_00008_5a8d838955429941ae14dfe5 seed=2 arm=react: per_fault={'ctx': False, 'concise': True} all_resolved=False n_resolved=1/2 tokens=(4036,1463)
  N=2 real_hotpotqa_00008_5a8d838955429941ae14dfe5 seed=2 arm=selfcheckgpt: per_fault={'ctx': True, 'concise': True} all_resolved=True n_resolved=2/2 tokens=(11753,1110)
  N=2 real_hotpotqa_00008_5a8d838955429941ae14dfe5 seed=2 arm=reflexion: per_fault={'ctx': True, 'concise': True} all_resolved=True n_resolved=2/2 tokens=(2001,939)
  N=2 real_hotpotqa_00008_5a8d838955429941ae14dfe5 seed=2 arm=intro_specter: per_fault={'ctx': True, 'concise': True} all_resolved=True n_resolved=2/2 tokens=(5387,2223)
  N=2 real_hotpotqa_00009_5ae3fec55542995dadf242a4 seed=0 arm=direct: per_fault={'ctx': True, 'english': True} all_resolved=True n_resolved=2/2 tokens=(1865,132)
  N=2 real_hotpotqa_00009_5ae3fec55542995dadf242a4 seed=0 arm=self_refine: per_fault={'ctx': True, 'english': True} all_resolved=True n_resolved=2/2 tokens=(3839,402)
  N=2 real_hotpotqa_00009_5ae3fec55542995dadf242a4 seed=0 arm=full_regen: per_fault={'ctx': False, 'english': True} all_resolved=False n_resolved=1/2 tokens=(3730,687)
  N=2 real_hotpotqa_00009_5ae3fec55542995dadf242a4 seed=0 arm=react: per_fault={'ctx': True, 'english': True} all_resolved=True n_resolved=2/2 tokens=(3799,8324)
  N=2 real_hotpotqa_00009_5ae3fec55542995dadf242a4 seed=0 arm=selfcheckgpt: per_fault={'ctx': True, 'english': True} all_resolved=True n_resolved=2/2 tokens=(12826,491)
  N=2 real_hotpotqa_00009_5ae3fec55542995dadf242a4 seed=0 arm=reflexion: per_fault={'ctx': True, 'english': True} all_resolved=True n_resolved=2/2 tokens=(1865,132)
  N=2 real_hotpotqa_00009_5ae3fec55542995dadf242a4 seed=0 arm=intro_specter: per_fault={'ctx': True, 'english': True} all_resolved=True n_resolved=2/2 tokens=(4013,345)
  N=2 real_hotpotqa_00009_5ae3fec55542995dadf242a4 seed=1 arm=direct: per_fault={'ctx': True, 'english': True} all_resolved=True n_resolved=2/2 tokens=(1865,132)
  N=2 real_hotpotqa_00009_5ae3fec55542995dadf242a4 seed=1 arm=self_refine: per_fault={'ctx': True, 'english': True} all_resolved=True n_resolved=2/2 tokens=(3839,402)
  N=2 real_hotpotqa_00009_5ae3fec55542995dadf242a4 seed=1 arm=full_regen: per_fault={'ctx': False, 'english': True} all_resolved=False n_resolved=1/2 tokens=(3730,427)
  N=2 real_hotpotqa_00009_5ae3fec55542995dadf242a4 seed=1 arm=react: per_fault={'ctx': True, 'english': True} all_resolved=True n_resolved=2/2 tokens=(3799,8324)
  N=2 real_hotpotqa_00009_5ae3fec55542995dadf242a4 seed=1 arm=selfcheckgpt: per_fault={'ctx': True, 'english': True} all_resolved=True n_resolved=2/2 tokens=(12694,375)
  N=2 real_hotpotqa_00009_5ae3fec55542995dadf242a4 seed=1 arm=reflexion: per_fault={'ctx': True, 'english': True} all_resolved=True n_resolved=2/2 tokens=(1865,132)
  N=2 real_hotpotqa_00009_5ae3fec55542995dadf242a4 seed=1 arm=intro_specter: per_fault={'ctx': True, 'english': True} all_resolved=True n_resolved=2/2 tokens=(4013,345)
  N=2 real_hotpotqa_00009_5ae3fec55542995dadf242a4 seed=2 arm=direct: per_fault={'ctx': True, 'english': True} all_resolved=True n_resolved=2/2 tokens=(1865,132)
  N=2 real_hotpotqa_00009_5ae3fec55542995dadf242a4 seed=2 arm=self_refine: per_fault={'ctx': True, 'english': True} all_resolved=True n_resolved=2/2 tokens=(3839,387)
  N=2 real_hotpotqa_00009_5ae3fec55542995dadf242a4 seed=2 arm=full_regen: per_fault={'ctx': True, 'english': True} all_resolved=True n_resolved=2/2 tokens=(3710,420)
  N=2 real_hotpotqa_00009_5ae3fec55542995dadf242a4 seed=2 arm=react: per_fault={'ctx': True, 'english': True} all_resolved=True n_resolved=2/2 tokens=(3798,490)
  N=2 real_hotpotqa_00009_5ae3fec55542995dadf242a4 seed=2 arm=selfcheckgpt: per_fault={'ctx': True, 'english': True} all_resolved=True n_resolved=2/2 tokens=(12650,332)
  N=2 real_hotpotqa_00009_5ae3fec55542995dadf242a4 seed=2 arm=reflexion: per_fault={'ctx': True, 'english': True} all_resolved=True n_resolved=2/2 tokens=(1865,132)
  N=2 real_hotpotqa_00009_5ae3fec55542995dadf242a4 seed=2 arm=intro_specter: per_fault={'ctx': True, 'english': True} all_resolved=True n_resolved=2/2 tokens=(4013,345)
  N=2 real_hotpotqa_00012_5aba89fb5542994dbf019933 seed=0 arm=direct: per_fault={'ctx': False, 'concise': True} all_resolved=False n_resolved=1/2 tokens=(1914,609)
  N=2 real_hotpotqa_00012_5aba89fb5542994dbf019933 seed=0 arm=self_refine: per_fault={'ctx': False, 'concise': True} all_resolved=False n_resolved=1/2 tokens=(4580,1514)
  N=2 real_hotpotqa_00012_5aba89fb5542994dbf019933 seed=0 arm=full_regen: per_fault={'ctx': False, 'concise': True} all_resolved=False n_resolved=1/2 tokens=(3828,1124)
  N=2 real_hotpotqa_00012_5aba89fb5542994dbf019933 seed=0 arm=react: per_fault={'ctx': True, 'concise': True} all_resolved=True n_resolved=2/2 tokens=(3861,1906)
  N=2 real_hotpotqa_00012_5aba89fb5542994dbf019933 seed=0 arm=selfcheckgpt: per_fault={'ctx': False, 'concise': True} all_resolved=False n_resolved=1/2 tokens=(11250,844)
  N=2 real_hotpotqa_00012_5aba89fb5542994dbf019933 seed=0 arm=reflexion: per_fault={'ctx': False, 'concise': True} all_resolved=False n_resolved=1/2 tokens=(13622,2477)
  N=2 real_hotpotqa_00012_5aba89fb5542994dbf019933 seed=0 arm=intro_specter: per_fault={'ctx': True, 'concise': True} all_resolved=True n_resolved=2/2 tokens=(4734,1380)
  N=2 real_hotpotqa_00012_5aba89fb5542994dbf019933 seed=1 arm=direct: per_fault={'ctx': False, 'concise': True} all_resolved=False n_resolved=1/2 tokens=(1914,609)
  N=2 real_hotpotqa_00012_5aba89fb5542994dbf019933 seed=1 arm=self_refine: per_fault={'ctx': False, 'concise': True} all_resolved=False n_resolved=1/2 tokens=(4580,1514)
  N=2 real_hotpotqa_00012_5aba89fb5542994dbf019933 seed=1 arm=full_regen: per_fault={'ctx': True, 'concise': True} all_resolved=True n_resolved=2/2 tokens=(3828,955)
  N=2 real_hotpotqa_00012_5aba89fb5542994dbf019933 seed=1 arm=react: per_fault={'ctx': True, 'concise': True} all_resolved=True n_resolved=2/2 tokens=(3861,1906)
  N=2 real_hotpotqa_00012_5aba89fb5542994dbf019933 seed=1 arm=selfcheckgpt: per_fault={'ctx': False, 'concise': True} all_resolved=False n_resolved=1/2 tokens=(11226,822)
  N=2 real_hotpotqa_00012_5aba89fb5542994dbf019933 seed=1 arm=reflexion: per_fault={'ctx': False, 'concise': True} all_resolved=False n_resolved=1/2 tokens=(13622,2477)
  N=2 real_hotpotqa_00012_5aba89fb5542994dbf019933 seed=1 arm=intro_specter: per_fault={'ctx': True, 'concise': True} all_resolved=True n_resolved=2/2 tokens=(4734,1380)
  N=2 real_hotpotqa_00012_5aba89fb5542994dbf019933 seed=2 arm=direct: per_fault={'ctx': True, 'concise': True} all_resolved=True n_resolved=2/2 tokens=(1914,362)
  N=2 real_hotpotqa_00012_5aba89fb5542994dbf019933 seed=2 arm=self_refine: per_fault={'ctx': False, 'concise': True} all_resolved=False n_resolved=1/2 tokens=(4270,955)
  N=2 real_hotpotqa_00012_5aba89fb5542994dbf019933 seed=2 arm=full_regen: per_fault={'ctx': True, 'concise': True} all_resolved=True n_resolved=2/2 tokens=(3828,702)
  N=2 real_hotpotqa_00012_5aba89fb5542994dbf019933 seed=2 arm=react: per_fault={'ctx': True, 'concise': True} all_resolved=True n_resolved=2/2 tokens=(3861,1659)
  N=2 real_hotpotqa_00012_5aba89fb5542994dbf019933 seed=2 arm=selfcheckgpt: per_fault={'ctx': True, 'concise': True} all_resolved=True n_resolved=2/2 tokens=(13063,667)
  N=2 real_hotpotqa_00012_5aba89fb5542994dbf019933 seed=2 arm=reflexion: per_fault={'ctx': True, 'concise': True} all_resolved=True n_resolved=2/2 tokens=(1914,362)
  N=2 real_hotpotqa_00012_5aba89fb5542994dbf019933 seed=2 arm=intro_specter: per_fault={'ctx': True, 'concise': True} all_resolved=True n_resolved=2/2 tokens=(4424,852)
  N=2 real_hotpotqa_00013_5a79ad485542994bb9457036 seed=0 arm=direct: per_fault={'ctx': True, 'bullets': True} all_resolved=True n_resolved=2/2 tokens=(1983,109)
  N=2 real_hotpotqa_00013_5a79ad485542994bb9457036 seed=0 arm=self_refine: per_fault={'ctx': True, 'bullets': True} all_resolved=True n_resolved=2/2 tokens=(4051,418)
  N=2 real_hotpotqa_00013_5a79ad485542994bb9457036 seed=0 arm=full_regen: per_fault={'ctx': False, 'bullets': True} all_resolved=False n_resolved=1/2 tokens=(3966,412)
  N=2 real_hotpotqa_00013_5a79ad485542994bb9457036 seed=0 arm=react: per_fault={'ctx': True, 'bullets': True} all_resolved=True n_resolved=2/2 tokens=(3999,552)
  N=2 real_hotpotqa_00013_5a79ad485542994bb9457036 seed=0 arm=selfcheckgpt: per_fault={'ctx': False, 'bullets': True} all_resolved=False n_resolved=1/2 tokens=(13507,370)
  N=2 real_hotpotqa_00013_5a79ad485542994bb9457036 seed=0 arm=reflexion: per_fault={'ctx': True, 'bullets': True} all_resolved=True n_resolved=2/2 tokens=(1983,109)
  N=2 real_hotpotqa_00013_5a79ad485542994bb9457036 seed=0 arm=intro_specter: per_fault={'ctx': True, 'bullets': True} all_resolved=True n_resolved=2/2 tokens=(4205,508)
  N=2 real_hotpotqa_00013_5a79ad485542994bb9457036 seed=1 arm=direct: per_fault={'ctx': True, 'bullets': True} all_resolved=True n_resolved=2/2 tokens=(1983,109)
  N=2 real_hotpotqa_00013_5a79ad485542994bb9457036 seed=1 arm=self_refine: per_fault={'ctx': True, 'bullets': True} all_resolved=True n_resolved=2/2 tokens=(4051,418)
  N=2 real_hotpotqa_00013_5a79ad485542994bb9457036 seed=1 arm=full_regen: per_fault={'ctx': False, 'bullets': True} all_resolved=False n_resolved=1/2 tokens=(3966,400)
  N=2 real_hotpotqa_00013_5a79ad485542994bb9457036 seed=1 arm=react: per_fault={'ctx': True, 'bullets': True} all_resolved=True n_resolved=2/2 tokens=(3999,552)
  N=2 real_hotpotqa_00013_5a79ad485542994bb9457036 seed=1 arm=selfcheckgpt: per_fault={'ctx': True, 'bullets': True} all_resolved=True n_resolved=2/2 tokens=(11527,262)
  N=2 real_hotpotqa_00013_5a79ad485542994bb9457036 seed=1 arm=reflexion: per_fault={'ctx': True, 'bullets': True} all_resolved=True n_resolved=2/2 tokens=(1983,109)
  N=2 real_hotpotqa_00013_5a79ad485542994bb9457036 seed=1 arm=intro_specter: per_fault={'ctx': True, 'bullets': True} all_resolved=True n_resolved=2/2 tokens=(4205,508)
  N=2 real_hotpotqa_00013_5a79ad485542994bb9457036 seed=2 arm=direct: per_fault={'ctx': True, 'bullets': True} all_resolved=True n_resolved=2/2 tokens=(1963,139)
  N=2 real_hotpotqa_00013_5a79ad485542994bb9457036 seed=2 arm=self_refine: per_fault={'ctx': True, 'bullets': True} all_resolved=True n_resolved=2/2 tokens=(4102,497)
  N=2 real_hotpotqa_00013_5a79ad485542994bb9457036 seed=2 arm=full_regen: per_fault={'ctx': True, 'bullets': True} all_resolved=True n_resolved=2/2 tokens=(3926,397)
  N=2 real_hotpotqa_00013_5a79ad485542994bb9457036 seed=2 arm=react: per_fault={'ctx': False, 'bullets': True} all_resolved=False n_resolved=1/2 tokens=(3999,1265)
  N=2 real_hotpotqa_00013_5a79ad485542994bb9457036 seed=2 arm=selfcheckgpt: per_fault={'ctx': False, 'bullets': True} all_resolved=False n_resolved=1/2 tokens=(13493,384)
  N=2 real_hotpotqa_00013_5a79ad485542994bb9457036 seed=2 arm=reflexion: per_fault={'ctx': True, 'bullets': True} all_resolved=True n_resolved=2/2 tokens=(1963,139)
  N=2 real_hotpotqa_00013_5a79ad485542994bb9457036 seed=2 arm=intro_specter: per_fault={'ctx': True, 'bullets': True} all_resolved=True n_resolved=2/2 tokens=(4256,433)
  N=2 real_hotpotqa_00015_5a8133725542995ce29dcbdb seed=0 arm=direct: per_fault={'ctx': False, 'concise': True} all_resolved=False n_resolved=1/2 tokens=(1959,330)
  N=2 real_hotpotqa_00015_5a8133725542995ce29dcbdb seed=0 arm=self_refine: per_fault={'ctx': False, 'concise': True} all_resolved=False n_resolved=1/2 tokens=(4294,946)
  N=2 real_hotpotqa_00015_5a8133725542995ce29dcbdb seed=0 arm=full_regen: per_fault={'ctx': False, 'concise': True} all_resolved=False n_resolved=1/2 tokens=(3882,599)
  N=2 real_hotpotqa_00015_5a8133725542995ce29dcbdb seed=0 arm=react: per_fault={'ctx': False, 'concise': False} all_resolved=False n_resolved=0/2 tokens=(3955,1418)
  N=2 real_hotpotqa_00015_5a8133725542995ce29dcbdb seed=0 arm=selfcheckgpt: per_fault={'ctx': False, 'concise': True} all_resolved=False n_resolved=1/2 tokens=(13148,473)
  N=2 real_hotpotqa_00015_5a8133725542995ce29dcbdb seed=0 arm=reflexion: per_fault={'ctx': True, 'concise': True} all_resolved=True n_resolved=2/2 tokens=(11959,1356)
  N=2 real_hotpotqa_00015_5a8133725542995ce29dcbdb seed=0 arm=intro_specter: per_fault={'ctx': True, 'concise': True} all_resolved=True n_resolved=2/2 tokens=(4468,887)
  N=2 real_hotpotqa_00015_5a8133725542995ce29dcbdb seed=1 arm=direct: per_fault={'ctx': False, 'concise': True} all_resolved=False n_resolved=1/2 tokens=(1959,330)
  N=2 real_hotpotqa_00015_5a8133725542995ce29dcbdb seed=1 arm=self_refine: per_fault={'ctx': False, 'concise': True} all_resolved=False n_resolved=1/2 tokens=(4294,946)
  N=2 real_hotpotqa_00015_5a8133725542995ce29dcbdb seed=1 arm=full_regen: per_fault={'ctx': False, 'concise': True} all_resolved=False n_resolved=1/2 tokens=(3882,829)
  N=2 real_hotpotqa_00015_5a8133725542995ce29dcbdb seed=1 arm=react: per_fault={'ctx': False, 'concise': False} all_resolved=False n_resolved=0/2 tokens=(3955,1418)
  N=2 real_hotpotqa_00015_5a8133725542995ce29dcbdb seed=1 arm=selfcheckgpt: per_fault={'ctx': False, 'concise': True} all_resolved=False n_resolved=1/2 tokens=(11266,459)
  N=2 real_hotpotqa_00015_5a8133725542995ce29dcbdb seed=1 arm=reflexion: per_fault={'ctx': True, 'concise': True} all_resolved=True n_resolved=2/2 tokens=(11959,1356)
  N=2 real_hotpotqa_00015_5a8133725542995ce29dcbdb seed=1 arm=intro_specter: per_fault={'ctx': True, 'concise': True} all_resolved=True n_resolved=2/2 tokens=(4468,887)
  N=2 real_hotpotqa_00015_5a8133725542995ce29dcbdb seed=2 arm=direct: per_fault={'ctx': True, 'concise': True} all_resolved=True n_resolved=2/2 tokens=(1923,345)
  N=2 real_hotpotqa_00015_5a8133725542995ce29dcbdb seed=2 arm=self_refine: per_fault={'ctx': True, 'concise': False} all_resolved=False n_resolved=1/2 tokens=(4314,1114)
  N=2 real_hotpotqa_00015_5a8133725542995ce29dcbdb seed=2 arm=full_regen: per_fault={'ctx': False, 'concise': True} all_resolved=False n_resolved=1/2 tokens=(3846,1061)
  N=2 real_hotpotqa_00015_5a8133725542995ce29dcbdb seed=2 arm=react: per_fault={'ctx': False, 'concise': True} all_resolved=False n_resolved=1/2 tokens=(3899,1258)
  N=2 real_hotpotqa_00015_5a8133725542995ce29dcbdb seed=2 arm=selfcheckgpt: per_fault={'ctx': False, 'concise': True} all_resolved=False n_resolved=1/2 tokens=(13133,507)
  N=2 real_hotpotqa_00015_5a8133725542995ce29dcbdb seed=2 arm=reflexion: per_fault={'ctx': True, 'concise': True} all_resolved=True n_resolved=2/2 tokens=(1923,345)
  N=2 real_hotpotqa_00015_5a8133725542995ce29dcbdb seed=2 arm=intro_specter: per_fault={'ctx': True, 'concise': True} all_resolved=True n_resolved=2/2 tokens=(4488,1046)
  N=2 real_hotpotqa_00019_5ab4313a554299233955004c seed=0 arm=direct: per_fault={'ctx': True, 'english': True} all_resolved=True n_resolved=2/2 tokens=(1866,322)
  N=2 real_hotpotqa_00019_5ab4313a554299233955004c seed=0 arm=self_refine: per_fault={'ctx': True, 'english': True} all_resolved=True n_resolved=2/2 tokens=(4134,869)
  N=2 real_hotpotqa_00019_5ab4313a554299233955004c seed=0 arm=full_regen: per_fault={'ctx': False, 'english': True} all_resolved=False n_resolved=1/2 tokens=(3752,1234)
  N=2 real_hotpotqa_00019_5ab4313a554299233955004c seed=0 arm=react: per_fault={'ctx': False, 'english': True} all_resolved=False n_resolved=1/2 tokens=(3805,1413)
  N=2 real_hotpotqa_00019_5ab4313a554299233955004c seed=0 arm=selfcheckgpt: per_fault={'ctx': True, 'english': True} all_resolved=True n_resolved=2/2 tokens=(11013,520)
  N=2 real_hotpotqa_00019_5ab4313a554299233955004c seed=0 arm=reflexion: per_fault={'ctx': True, 'english': True} all_resolved=True n_resolved=2/2 tokens=(1866,322)
  N=2 real_hotpotqa_00019_5ab4313a554299233955004c seed=0 arm=intro_specter: per_fault={'ctx': True, 'english': True} all_resolved=True n_resolved=2/2 tokens=(4308,870)
  N=2 real_hotpotqa_00019_5ab4313a554299233955004c seed=1 arm=direct: per_fault={'ctx': True, 'english': True} all_resolved=True n_resolved=2/2 tokens=(1866,322)
  N=2 real_hotpotqa_00019_5ab4313a554299233955004c seed=1 arm=self_refine: per_fault={'ctx': True, 'english': True} all_resolved=True n_resolved=2/2 tokens=(4134,869)
  N=2 real_hotpotqa_00019_5ab4313a554299233955004c seed=1 arm=full_regen: per_fault={'ctx': False, 'english': True} all_resolved=False n_resolved=1/2 tokens=(3752,870)
  N=2 real_hotpotqa_00019_5ab4313a554299233955004c seed=1 arm=react: per_fault={'ctx': False, 'english': True} all_resolved=False n_resolved=1/2 tokens=(3805,1413)
  N=2 real_hotpotqa_00019_5ab4313a554299233955004c seed=1 arm=selfcheckgpt: per_fault={'ctx': False, 'english': True} all_resolved=False n_resolved=1/2 tokens=(12792,524)
  N=2 real_hotpotqa_00019_5ab4313a554299233955004c seed=1 arm=reflexion: per_fault={'ctx': True, 'english': True} all_resolved=True n_resolved=2/2 tokens=(1866,322)
  N=2 real_hotpotqa_00019_5ab4313a554299233955004c seed=1 arm=intro_specter: per_fault={'ctx': True, 'english': True} all_resolved=True n_resolved=2/2 tokens=(4308,870)
  N=2 real_hotpotqa_00019_5ab4313a554299233955004c seed=2 arm=direct: per_fault={'ctx': True, 'english': True} all_resolved=True n_resolved=2/2 tokens=(1901,330)
  N=2 real_hotpotqa_00019_5ab4313a554299233955004c seed=2 arm=self_refine: per_fault={'ctx': True, 'english': True} all_resolved=True n_resolved=2/2 tokens=(4177,870)
  N=2 real_hotpotqa_00019_5ab4313a554299233955004c seed=2 arm=full_regen: per_fault={'ctx': False, 'english': True} all_resolved=False n_resolved=1/2 tokens=(3803,447)
  N=2 real_hotpotqa_00019_5ab4313a554299233955004c seed=2 arm=react: per_fault={'ctx': False, 'english': True} all_resolved=False n_resolved=1/2 tokens=(3855,650)
  N=2 real_hotpotqa_00019_5ab4313a554299233955004c seed=2 arm=selfcheckgpt: per_fault={'ctx': False, 'english': True} all_resolved=False n_resolved=1/2 tokens=(12852,582)
  N=2 real_hotpotqa_00019_5ab4313a554299233955004c seed=2 arm=reflexion: per_fault={'ctx': True, 'english': True} all_resolved=True n_resolved=2/2 tokens=(1901,330)
  N=2 real_hotpotqa_00019_5ab4313a554299233955004c seed=2 arm=intro_specter: per_fault={'ctx': True, 'english': True} all_resolved=True n_resolved=2/2 tokens=(4351,835)
  N=2 real_hotpotqa_00020_5a83093c55429966c78a6b01 seed=0 arm=direct: per_fault={'ctx': True, 'preamble': True} all_resolved=True n_resolved=2/2 tokens=(2137,520)
  N=2 real_hotpotqa_00020_5a83093c55429966c78a6b01 seed=0 arm=self_refine: per_fault={'ctx': True, 'preamble': True} all_resolved=True n_resolved=2/2 tokens=(4977,1284)
  N=2 real_hotpotqa_00020_5a83093c55429966c78a6b01 seed=0 arm=full_regen: per_fault={'ctx': True, 'preamble': True} all_resolved=True n_resolved=2/2 tokens=(4274,906)
  N=2 real_hotpotqa_00020_5a83093c55429966c78a6b01 seed=0 arm=react: per_fault={'ctx': True, 'preamble': True} all_resolved=True n_resolved=2/2 tokens=(4307,1122)
  N=2 real_hotpotqa_00020_5a83093c55429966c78a6b01 seed=0 arm=selfcheckgpt: per_fault={'ctx': True, 'preamble': True} all_resolved=True n_resolved=2/2 tokens=(14579,704)
  N=2 real_hotpotqa_00020_5a83093c55429966c78a6b01 seed=0 arm=reflexion: per_fault={'ctx': True, 'preamble': True} all_resolved=True n_resolved=2/2 tokens=(2137,520)
  N=2 real_hotpotqa_00020_5a83093c55429966c78a6b01 seed=0 arm=intro_specter: per_fault={'ctx': True, 'preamble': True} all_resolved=True n_resolved=2/2 tokens=(5095,1529)
  N=2 real_hotpotqa_00020_5a83093c55429966c78a6b01 seed=1 arm=direct: per_fault={'ctx': True, 'preamble': True} all_resolved=True n_resolved=2/2 tokens=(2137,520)
  N=2 real_hotpotqa_00020_5a83093c55429966c78a6b01 seed=1 arm=self_refine: per_fault={'ctx': True, 'preamble': True} all_resolved=True n_resolved=2/2 tokens=(4977,1284)
  N=2 real_hotpotqa_00020_5a83093c55429966c78a6b01 seed=1 arm=full_regen: per_fault={'ctx': True, 'preamble': True} all_resolved=True n_resolved=2/2 tokens=(4274,881)
  N=2 real_hotpotqa_00020_5a83093c55429966c78a6b01 seed=1 arm=react: per_fault={'ctx': True, 'preamble': True} all_resolved=True n_resolved=2/2 tokens=(4307,1122)
  N=2 real_hotpotqa_00020_5a83093c55429966c78a6b01 seed=1 arm=selfcheckgpt: per_fault={'ctx': True, 'preamble': True} all_resolved=True n_resolved=2/2 tokens=(14552,763)
  N=2 real_hotpotqa_00020_5a83093c55429966c78a6b01 seed=1 arm=reflexion: per_fault={'ctx': True, 'preamble': True} all_resolved=True n_resolved=2/2 tokens=(2137,520)
  N=2 real_hotpotqa_00020_5a83093c55429966c78a6b01 seed=1 arm=intro_specter: per_fault={'ctx': True, 'preamble': True} all_resolved=True n_resolved=2/2 tokens=(5095,1529)
  N=2 real_hotpotqa_00020_5a83093c55429966c78a6b01 seed=2 arm=direct: per_fault={'ctx': True, 'preamble': True} all_resolved=True n_resolved=2/2 tokens=(2117,277)
  N=2 real_hotpotqa_00020_5a83093c55429966c78a6b01 seed=2 arm=self_refine: per_fault={'ctx': True, 'preamble': True} all_resolved=True n_resolved=2/2 tokens=(4594,779)
  N=2 real_hotpotqa_00020_5a83093c55429966c78a6b01 seed=2 arm=full_regen: per_fault={'ctx': True, 'preamble': True} all_resolved=True n_resolved=2/2 tokens=(4254,671)
  N=2 real_hotpotqa_00020_5a83093c55429966c78a6b01 seed=2 arm=react: per_fault={'ctx': True, 'preamble': True} all_resolved=True n_resolved=2/2 tokens=(4287,879)
  N=2 real_hotpotqa_00020_5a83093c55429966c78a6b01 seed=2 arm=selfcheckgpt: per_fault={'ctx': True, 'preamble': True} all_resolved=True n_resolved=2/2 tokens=(14499,443)
  N=2 real_hotpotqa_00020_5a83093c55429966c78a6b01 seed=2 arm=reflexion: per_fault={'ctx': True, 'preamble': True} all_resolved=True n_resolved=2/2 tokens=(2117,277)
  N=2 real_hotpotqa_00020_5a83093c55429966c78a6b01 seed=2 arm=intro_specter: per_fault={'ctx': True, 'preamble': True} all_resolved=True n_resolved=2/2 tokens=(4768,774)
  N=2 real_hotpotqa_00021_5abeb6645542993fe9a41d11 seed=0 arm=direct: per_fault={'ctx': True, 'concise': True} all_resolved=True n_resolved=2/2 tokens=(1773,433)
  N=2 real_hotpotqa_00021_5abeb6645542993fe9a41d11 seed=0 arm=self_refine: per_fault={'ctx': True, 'concise': True} all_resolved=True n_resolved=2/2 tokens=(4083,1138)
  N=2 real_hotpotqa_00021_5abeb6645542993fe9a41d11 seed=0 arm=full_regen: per_fault={'ctx': True, 'concise': True} all_resolved=True n_resolved=2/2 tokens=(3526,958)
  N=2 real_hotpotqa_00021_5abeb6645542993fe9a41d11 seed=0 arm=react: per_fault={'ctx': True, 'concise': True} all_resolved=True n_resolved=2/2 tokens=(3615,1046)
  N=2 real_hotpotqa_00021_5abeb6645542993fe9a41d11 seed=0 arm=selfcheckgpt: per_fault={'ctx': True, 'concise': True} all_resolved=True n_resolved=2/2 tokens=(10286,613)
  N=2 real_hotpotqa_00021_5abeb6645542993fe9a41d11 seed=0 arm=reflexion: per_fault={'ctx': True, 'concise': True} all_resolved=True n_resolved=2/2 tokens=(1773,433)
  N=2 real_hotpotqa_00021_5abeb6645542993fe9a41d11 seed=0 arm=intro_specter: per_fault={'ctx': True, 'concise': True} all_resolved=True n_resolved=2/2 tokens=(4237,970)
  N=2 real_hotpotqa_00021_5abeb6645542993fe9a41d11 seed=1 arm=direct: per_fault={'ctx': True, 'concise': True} all_resolved=True n_resolved=2/2 tokens=(1773,433)
  N=2 real_hotpotqa_00021_5abeb6645542993fe9a41d11 seed=1 arm=self_refine: per_fault={'ctx': True, 'concise': True} all_resolved=True n_resolved=2/2 tokens=(4083,1138)
  N=2 real_hotpotqa_00021_5abeb6645542993fe9a41d11 seed=1 arm=full_regen: per_fault={'ctx': True, 'concise': True} all_resolved=True n_resolved=2/2 tokens=(3546,550)
  N=2 real_hotpotqa_00021_5abeb6645542993fe9a41d11 seed=1 arm=react: per_fault={'ctx': True, 'concise': True} all_resolved=True n_resolved=2/2 tokens=(3615,1046)
  N=2 real_hotpotqa_00021_5abeb6645542993fe9a41d11 seed=1 arm=selfcheckgpt: per_fault={'ctx': True, 'concise': True} all_resolved=True n_resolved=2/2 tokens=(10351,670)
  N=2 real_hotpotqa_00021_5abeb6645542993fe9a41d11 seed=1 arm=reflexion: per_fault={'ctx': True, 'concise': True} all_resolved=True n_resolved=2/2 tokens=(1773,433)
  N=2 real_hotpotqa_00021_5abeb6645542993fe9a41d11 seed=1 arm=intro_specter: per_fault={'ctx': True, 'concise': True} all_resolved=True n_resolved=2/2 tokens=(4237,970)
  N=2 real_hotpotqa_00021_5abeb6645542993fe9a41d11 seed=2 arm=direct: per_fault={'ctx': True, 'concise': True} all_resolved=True n_resolved=2/2 tokens=(1773,385)
  N=2 real_hotpotqa_00021_5abeb6645542993fe9a41d11 seed=2 arm=self_refine: per_fault={'ctx': False, 'concise': True} all_resolved=False n_resolved=1/2 tokens=(4013,974)
  N=2 real_hotpotqa_00021_5abeb6645542993fe9a41d11 seed=2 arm=full_regen: per_fault={'ctx': True, 'concise': True} all_resolved=True n_resolved=2/2 tokens=(3526,778)
  N=2 real_hotpotqa_00021_5abeb6645542993fe9a41d11 seed=2 arm=react: per_fault={'ctx': True, 'concise': True} all_resolved=True n_resolved=2/2 tokens=(3599,1735)
  N=2 real_hotpotqa_00021_5abeb6645542993fe9a41d11 seed=2 arm=selfcheckgpt: per_fault={'ctx': True, 'concise': True} all_resolved=True n_resolved=2/2 tokens=(10327,626)
  N=2 real_hotpotqa_00021_5abeb6645542993fe9a41d11 seed=2 arm=reflexion: per_fault={'ctx': True, 'concise': True} all_resolved=True n_resolved=2/2 tokens=(1773,385)
  N=2 real_hotpotqa_00021_5abeb6645542993fe9a41d11 seed=2 arm=intro_specter: per_fault={'ctx': True, 'concise': True} all_resolved=True n_resolved=2/2 tokens=(4147,907)
  N=2 real_hotpotqa_00022_5ab9560855429970cfb8ea73 seed=0 arm=direct: per_fault={'ctx': True, 'bullets': True} all_resolved=True n_resolved=2/2 tokens=(1980,346)
  N=2 real_hotpotqa_00022_5ab9560855429970cfb8ea73 seed=0 arm=self_refine: per_fault={'ctx': True, 'bullets': True} all_resolved=True n_resolved=2/2 tokens=(4407,934)
  N=2 real_hotpotqa_00022_5ab9560855429970cfb8ea73 seed=0 arm=full_regen: per_fault={'ctx': False, 'bullets': True} all_resolved=False n_resolved=1/2 tokens=(3960,1377)
  N=2 real_hotpotqa_00022_5ab9560855429970cfb8ea73 seed=0 arm=react: per_fault={'ctx': True, 'bullets': True} all_resolved=True n_resolved=2/2 tokens=(4033,1195)
  N=2 real_hotpotqa_00022_5ab9560855429970cfb8ea73 seed=0 arm=selfcheckgpt: per_fault={'ctx': True, 'bullets': True} all_resolved=True n_resolved=2/2 tokens=(13603,610)
  N=2 real_hotpotqa_00022_5ab9560855429970cfb8ea73 seed=0 arm=reflexion: per_fault={'ctx': True, 'bullets': True} all_resolved=True n_resolved=2/2 tokens=(1980,346)
  N=2 real_hotpotqa_00022_5ab9560855429970cfb8ea73 seed=0 arm=intro_specter: per_fault={'ctx': True, 'bullets': True} all_resolved=True n_resolved=2/2 tokens=(4541,944)
  N=2 real_hotpotqa_00022_5ab9560855429970cfb8ea73 seed=1 arm=direct: per_fault={'ctx': True, 'bullets': True} all_resolved=True n_resolved=2/2 tokens=(1980,346)
  N=2 real_hotpotqa_00022_5ab9560855429970cfb8ea73 seed=1 arm=self_refine: per_fault={'ctx': True, 'bullets': True} all_resolved=True n_resolved=2/2 tokens=(4407,934)
  N=2 real_hotpotqa_00022_5ab9560855429970cfb8ea73 seed=1 arm=full_regen: per_fault={'ctx': True, 'bullets': True} all_resolved=True n_resolved=2/2 tokens=(3960,807)
  N=2 real_hotpotqa_00022_5ab9560855429970cfb8ea73 seed=1 arm=react: per_fault={'ctx': True, 'bullets': True} all_resolved=True n_resolved=2/2 tokens=(4033,1195)
  N=2 real_hotpotqa_00022_5ab9560855429970cfb8ea73 seed=1 arm=selfcheckgpt: per_fault={'ctx': True, 'bullets': True} all_resolved=True n_resolved=2/2 tokens=(11658,477)
  N=2 real_hotpotqa_00022_5ab9560855429970cfb8ea73 seed=1 arm=reflexion: per_fault={'ctx': True, 'bullets': True} all_resolved=True n_resolved=2/2 tokens=(1980,346)
  N=2 real_hotpotqa_00022_5ab9560855429970cfb8ea73 seed=1 arm=intro_specter: per_fault={'ctx': True, 'bullets': True} all_resolved=True n_resolved=2/2 tokens=(4541,944)
  N=2 real_hotpotqa_00022_5ab9560855429970cfb8ea73 seed=2 arm=direct: per_fault={'ctx': True, 'bullets': True} all_resolved=True n_resolved=2/2 tokens=(1980,346)
  N=2 real_hotpotqa_00022_5ab9560855429970cfb8ea73 seed=2 arm=self_refine: per_fault={'ctx': True, 'bullets': True} all_resolved=True n_resolved=2/2 tokens=(4407,965)
  N=2 real_hotpotqa_00022_5ab9560855429970cfb8ea73 seed=2 arm=full_regen: per_fault={'ctx': False, 'bullets': True} all_resolved=False n_resolved=1/2 tokens=(3980,605)
  N=2 real_hotpotqa_00022_5ab9560855429970cfb8ea73 seed=2 arm=react: per_fault={'ctx': True, 'bullets': True} all_resolved=True n_resolved=2/2 tokens=(4033,1496)
  N=2 real_hotpotqa_00022_5ab9560855429970cfb8ea73 seed=2 arm=selfcheckgpt: per_fault={'ctx': True, 'bullets': True} all_resolved=True n_resolved=2/2 tokens=(11627,509)
  N=2 real_hotpotqa_00022_5ab9560855429970cfb8ea73 seed=2 arm=reflexion: per_fault={'ctx': True, 'bullets': True} all_resolved=True n_resolved=2/2 tokens=(1980,346)
  N=2 real_hotpotqa_00022_5ab9560855429970cfb8ea73 seed=2 arm=intro_specter: per_fault={'ctx': True, 'bullets': True} all_resolved=True n_resolved=2/2 tokens=(4541,944)
  N=2 real_hotpotqa_00023_5a7653d25542992db9473765 seed=0 arm=direct: per_fault={'ctx': True, 'english': True} all_resolved=True n_resolved=2/2 tokens=(2056,291)
  N=2 real_hotpotqa_00023_5a7653d25542992db9473765 seed=0 arm=self_refine: per_fault={'ctx': True, 'english': True} all_resolved=True n_resolved=2/2 tokens=(4520,772)
  N=2 real_hotpotqa_00023_5a7653d25542992db9473765 seed=0 arm=full_regen: per_fault={'ctx': True, 'english': True} all_resolved=True n_resolved=2/2 tokens=(4112,578)
  N=2 real_hotpotqa_00023_5a7653d25542992db9473765 seed=0 arm=react: per_fault={'ctx': True, 'english': True} all_resolved=True n_resolved=2/2 tokens=(4165,925)
  N=2 real_hotpotqa_00023_5a7653d25542992db9473765 seed=0 arm=selfcheckgpt: per_fault={'ctx': True, 'english': True} all_resolved=True n_resolved=2/2 tokens=(12114,437)
  N=2 real_hotpotqa_00023_5a7653d25542992db9473765 seed=0 arm=reflexion: per_fault={'ctx': True, 'english': True} all_resolved=True n_resolved=2/2 tokens=(2056,291)
  N=2 real_hotpotqa_00023_5a7653d25542992db9473765 seed=0 arm=intro_specter: per_fault={'ctx': True, 'english': True} all_resolved=True n_resolved=2/2 tokens=(4638,772)
  N=2 real_hotpotqa_00023_5a7653d25542992db9473765 seed=1 arm=direct: per_fault={'ctx': True, 'english': True} all_resolved=True n_resolved=2/2 tokens=(2056,291)
  N=2 real_hotpotqa_00023_5a7653d25542992db9473765 seed=1 arm=self_refine: per_fault={'ctx': True, 'english': True} all_resolved=True n_resolved=2/2 tokens=(4520,772)
  N=2 real_hotpotqa_00023_5a7653d25542992db9473765 seed=1 arm=full_regen: per_fault={'ctx': True, 'english': True} all_resolved=True n_resolved=2/2 tokens=(4112,584)
  N=2 real_hotpotqa_00023_5a7653d25542992db9473765 seed=1 arm=react: per_fault={'ctx': True, 'english': True} all_resolved=True n_resolved=2/2 tokens=(4165,925)
  N=2 real_hotpotqa_00023_5a7653d25542992db9473765 seed=1 arm=selfcheckgpt: per_fault={'ctx': True, 'english': True} all_resolved=True n_resolved=2/2 tokens=(12074,470)
  N=2 real_hotpotqa_00023_5a7653d25542992db9473765 seed=1 arm=reflexion: per_fault={'ctx': True, 'english': True} all_resolved=True n_resolved=2/2 tokens=(2056,291)
  N=2 real_hotpotqa_00023_5a7653d25542992db9473765 seed=1 arm=intro_specter: per_fault={'ctx': True, 'english': True} all_resolved=True n_resolved=2/2 tokens=(4638,772)
  N=2 real_hotpotqa_00023_5a7653d25542992db9473765 seed=2 arm=direct: per_fault={'ctx': True, 'english': True} all_resolved=True n_resolved=2/2 tokens=(2056,291)
  N=2 real_hotpotqa_00023_5a7653d25542992db9473765 seed=2 arm=self_refine: per_fault={'ctx': True, 'english': True} all_resolved=True n_resolved=2/2 tokens=(4520,772)
  N=2 real_hotpotqa_00023_5a7653d25542992db9473765 seed=2 arm=full_regen: per_fault={'ctx': True, 'english': True} all_resolved=True n_resolved=2/2 tokens=(4112,589)
  N=2 real_hotpotqa_00023_5a7653d25542992db9473765 seed=2 arm=react: per_fault={'ctx': True, 'english': True} all_resolved=True n_resolved=2/2 tokens=(4220,749)
  N=2 real_hotpotqa_00023_5a7653d25542992db9473765 seed=2 arm=selfcheckgpt: per_fault={'ctx': True, 'english': True} all_resolved=True n_resolved=2/2 tokens=(14067,454)
  N=2 real_hotpotqa_00023_5a7653d25542992db9473765 seed=2 arm=reflexion: per_fault={'ctx': True, 'english': True} all_resolved=True n_resolved=2/2 tokens=(2056,291)
  N=2 real_hotpotqa_00023_5a7653d25542992db9473765 seed=2 arm=intro_specter: per_fault={'ctx': True, 'english': True} all_resolved=True n_resolved=2/2 tokens=(4638,772)
  N=2 real_hotpotqa_00024_5a71299e5542994082a3e5fe seed=0 arm=direct: per_fault={'ctx': True, 'concise': True} all_resolved=True n_resolved=2/2 tokens=(1884,317)
  N=2 real_hotpotqa_00024_5a71299e5542994082a3e5fe seed=0 arm=self_refine: per_fault={'ctx': True, 'concise': True} all_resolved=True n_resolved=2/2 tokens=(4188,976)
  N=2 real_hotpotqa_00024_5a71299e5542994082a3e5fe seed=0 arm=full_regen: per_fault={'ctx': False, 'concise': True} all_resolved=False n_resolved=1/2 tokens=(3768,449)
  N=2 real_hotpotqa_00024_5a71299e5542994082a3e5fe seed=0 arm=react: per_fault={'ctx': False, 'concise': True} all_resolved=False n_resolved=1/2 tokens=(3821,1066)
  N=2 real_hotpotqa_00024_5a71299e5542994082a3e5fe seed=0 arm=selfcheckgpt: per_fault={'ctx': True, 'concise': True} all_resolved=True n_resolved=2/2 tokens=(11006,457)
  N=2 real_hotpotqa_00024_5a71299e5542994082a3e5fe seed=0 arm=reflexion: per_fault={'ctx': True, 'concise': True} all_resolved=True n_resolved=2/2 tokens=(1884,317)
  N=2 real_hotpotqa_00024_5a71299e5542994082a3e5fe seed=0 arm=intro_specter: per_fault={'ctx': True, 'concise': True} all_resolved=True n_resolved=2/2 tokens=(4322,844)
  N=2 real_hotpotqa_00024_5a71299e5542994082a3e5fe seed=1 arm=direct: per_fault={'ctx': True, 'concise': True} all_resolved=True n_resolved=2/2 tokens=(1884,317)
  N=2 real_hotpotqa_00024_5a71299e5542994082a3e5fe seed=1 arm=self_refine: per_fault={'ctx': True, 'concise': True} all_resolved=True n_resolved=2/2 tokens=(4188,976)
  N=2 real_hotpotqa_00024_5a71299e5542994082a3e5fe seed=1 arm=full_regen: per_fault={'ctx': False, 'concise': True} all_resolved=False n_resolved=1/2 tokens=(3788,720)
  N=2 real_hotpotqa_00024_5a71299e5542994082a3e5fe seed=1 arm=react: per_fault={'ctx': False, 'concise': True} all_resolved=False n_resolved=1/2 tokens=(3821,1066)
  N=2 real_hotpotqa_00024_5a71299e5542994082a3e5fe seed=1 arm=selfcheckgpt: per_fault={'ctx': False, 'concise': True} all_resolved=False n_resolved=1/2 tokens=(12874,538)
  N=2 real_hotpotqa_00024_5a71299e5542994082a3e5fe seed=1 arm=reflexion: per_fault={'ctx': True, 'concise': True} all_resolved=True n_resolved=2/2 tokens=(1884,317)
  N=2 real_hotpotqa_00024_5a71299e5542994082a3e5fe seed=1 arm=intro_specter: per_fault={'ctx': True, 'concise': True} all_resolved=True n_resolved=2/2 tokens=(4322,844)
  N=2 real_hotpotqa_00024_5a71299e5542994082a3e5fe seed=2 arm=direct: per_fault={'ctx': False, 'concise': True} all_resolved=False n_resolved=1/2 tokens=(1904,358)
  N=2 real_hotpotqa_00024_5a71299e5542994082a3e5fe seed=2 arm=self_refine: per_fault={'ctx': False, 'concise': True} all_resolved=False n_resolved=1/2 tokens=(4286,828)
  N=2 real_hotpotqa_00024_5a71299e5542994082a3e5fe seed=2 arm=full_regen: per_fault={'ctx': True, 'concise': True} all_resolved=True n_resolved=2/2 tokens=(3808,626)
  N=2 real_hotpotqa_00024_5a71299e5542994082a3e5fe seed=2 arm=react: per_fault={'ctx': False, 'concise': True} all_resolved=False n_resolved=1/2 tokens=(3841,1107)
  N=2 real_hotpotqa_00024_5a71299e5542994082a3e5fe seed=2 arm=selfcheckgpt: per_fault={'ctx': False, 'concise': True} all_resolved=False n_resolved=1/2 tokens=(12906,554)
  N=2 real_hotpotqa_00024_5a71299e5542994082a3e5fe seed=2 arm=reflexion: per_fault={'ctx': True, 'concise': True} all_resolved=True n_resolved=2/2 tokens=(6647,945)
  N=2 real_hotpotqa_00024_5a71299e5542994082a3e5fe seed=2 arm=intro_specter: per_fault={'ctx': False, 'concise': True} all_resolved=False n_resolved=1/2 tokens=(4404,858)
  N=2 real_hotpotqa_00025_5ab283d9554299449642c8d8 seed=0 arm=direct: per_fault={'ctx': True, 'bullets': True} all_resolved=True n_resolved=2/2 tokens=(2008,99)
  N=2 real_hotpotqa_00025_5ab283d9554299449642c8d8 seed=0 arm=self_refine: per_fault={'ctx': False, 'bullets': True} all_resolved=False n_resolved=1/2 tokens=(4098,357)
  N=2 real_hotpotqa_00025_5ab283d9554299449642c8d8 seed=0 arm=full_regen: per_fault={'ctx': True, 'bullets': True} all_resolved=True n_resolved=2/2 tokens=(4000,241)
  N=2 real_hotpotqa_00025_5ab283d9554299449642c8d8 seed=0 arm=react: per_fault={'ctx': True, 'bullets': True} all_resolved=True n_resolved=2/2 tokens=(4053,1302)
  N=2 real_hotpotqa_00025_5ab283d9554299449642c8d8 seed=0 arm=selfcheckgpt: per_fault={'ctx': True, 'bullets': True} all_resolved=True n_resolved=2/2 tokens=(11699,334)
  N=2 real_hotpotqa_00025_5ab283d9554299449642c8d8 seed=0 arm=reflexion: per_fault={'ctx': True, 'bullets': True} all_resolved=True n_resolved=2/2 tokens=(2008,99)
  N=2 real_hotpotqa_00025_5ab283d9554299449642c8d8 seed=0 arm=intro_specter: per_fault={'ctx': True, 'bullets': True} all_resolved=True n_resolved=2/2 tokens=(4252,413)
  N=2 real_hotpotqa_00025_5ab283d9554299449642c8d8 seed=1 arm=direct: per_fault={'ctx': True, 'bullets': True} all_resolved=True n_resolved=2/2 tokens=(2008,99)
  N=2 real_hotpotqa_00025_5ab283d9554299449642c8d8 seed=1 arm=self_refine: per_fault={'ctx': False, 'bullets': True} all_resolved=False n_resolved=1/2 tokens=(4098,357)
  N=2 real_hotpotqa_00025_5ab283d9554299449642c8d8 seed=1 arm=full_regen: per_fault={'ctx': True, 'bullets': True} all_resolved=True n_resolved=2/2 tokens=(3980,438)
  N=2 real_hotpotqa_00025_5ab283d9554299449642c8d8 seed=1 arm=react: per_fault={'ctx': True, 'bullets': True} all_resolved=True n_resolved=2/2 tokens=(4053,1302)
  N=2 real_hotpotqa_00025_5ab283d9554299449642c8d8 seed=1 arm=selfcheckgpt: per_fault={'ctx': True, 'bullets': True} all_resolved=True n_resolved=2/2 tokens=(13571,305)
[RETRY] self_refine task=real_hotpotqa_00027_5a90cb205542995651fb51fe seed=0 attempt 1/5 failed (failed to obtain JSON after 3 attempts: could not parse JSON from model output:
{
  "critique": [
    "The original trajectory violates the hard constraint 'User asks for the response in Mandarin only — do not switch languages.' by providing an English response.",
    "The original trajectory does not directly answer the question without restating it, violating the user's preference 'User strongly dislikes preamble — answer directly without restating the question.'",
    "The original trajectory does not take into account the user's preference 'User prefers public transit o); retrying in 3s
[RETRY] self_refine task=real_hotpotqa_00027_5a90cb205542995651fb51fe seed=0 attempt 2/5 failed (failed to obtain JSON after 3 attempts: could not parse JSON from model output:
{
  "critique": [
    "The original trajectory violates the hard constraint 'User asks for the response in Mandarin only — do not switch languages.' by providing an English response.",
    "The original trajectory does not directly answer the question without restating it, violating the user's preference 'User strongly dislikes preamble — answer directly without restating the question.'",
    "The original trajectory does not take into account the user's preference 'User prefers public transit o); retrying in 6s
[RETRY] self_refine task=real_hotpotqa_00027_5a90cb205542995651fb51fe seed=0 attempt 3/5 failed (failed to obtain JSON after 3 attempts: could not parse JSON from model output:
{
  "critique": [
    "The original trajectory violates the hard constraint 'User asks for the response in Mandarin only — do not switch languages.' by providing an English response.",
    "The original trajectory does not directly answer the question without restating it, violating the user's preference 'User strongly dislikes preamble — answer directly without restating the question.'",
    "The original trajectory does not take into account the user's preference 'User prefers public transit o); retrying in 12s
[RETRY] self_refine task=real_hotpotqa_00027_5a90cb205542995651fb51fe seed=0 attempt 4/5 failed (failed to obtain JSON after 3 attempts: could not parse JSON from model output:
{
  "critique": [
    "The original trajectory violates the hard constraint 'User asks for the response in Mandarin only — do not switch languages.' by providing an English response.",
    "The original trajectory does not directly answer the question without restating it, violating the user's preference 'User strongly dislikes preamble — answer directly without restating the question.'",
    "The original trajectory does not take into account the user's preference 'User prefers public transit o); retrying in 24s
[ERROR] self_refine failed task=real_hotpotqa_00027_5a90cb205542995651fb51fe seed=0: failed to obtain JSON after 3 attempts: could not parse JSON from model output:
{
  "critique": [
    "The original trajectory violates the hard constraint 'User asks for the response in Mandarin only — do not switch languages.' by providing an English response.",
    "The original trajectory does not directly answer the question without restating it, violating the user's preference 'User strongly dislikes preamble — answer directly without restating the question.'",
    "The original trajectory does not take into account the user's preference 'User prefers public transit o
[RETRY] self_refine task=real_hotpotqa_00027_5a90cb205542995651fb51fe seed=1 attempt 1/5 failed (failed to obtain JSON after 3 attempts: could not parse JSON from model output:
{
  "critique": [
    "The original trajectory violates the hard constraint 'User asks for the response in Mandarin only — do not switch languages.' by providing an English response.",
    "The original trajectory does not directly answer the question without restating it, violating the user's preference 'User strongly dislikes preamble — answer directly without restating the question.'",
    "The original trajectory does not take into account the user's preference 'User prefers public transit o); retrying in 3s
[RETRY] self_refine task=real_hotpotqa_00027_5a90cb205542995651fb51fe seed=1 attempt 2/5 failed (failed to obtain JSON after 3 attempts: could not parse JSON from model output:
{
  "critique": [
    "The original trajectory violates the hard constraint 'User asks for the response in Mandarin only — do not switch languages.' by providing an English response.",
    "The original trajectory does not directly answer the question without restating it, violating the user's preference 'User strongly dislikes preamble — answer directly without restating the question.'",
    "The original trajectory does not take into account the user's preference 'User prefers public transit o); retrying in 6s
[RETRY] self_refine task=real_hotpotqa_00027_5a90cb205542995651fb51fe seed=1 attempt 3/5 failed (failed to obtain JSON after 3 attempts: could not parse JSON from model output:
{
  "critique": [
    "The original trajectory violates the hard constraint 'User asks for the response in Mandarin only — do not switch languages.' by providing an English response.",
    "The original trajectory does not directly answer the question without restating it, violating the user's preference 'User strongly dislikes preamble — answer directly without restating the question.'",
    "The original trajectory does not take into account the user's preference 'User prefers public transit o); retrying in 12s
[RETRY] self_refine task=real_hotpotqa_00027_5a90cb205542995651fb51fe seed=1 attempt 4/5 failed (failed to obtain JSON after 3 attempts: could not parse JSON from model output:
{
  "critique": [
    "The original trajectory violates the hard constraint 'User asks for the response in Mandarin only — do not switch languages.' by providing an English response.",
    "The original trajectory does not directly answer the question without restating it, violating the user's preference 'User strongly dislikes preamble — answer directly without restating the question.'",
    "The original trajectory does not take into account the user's preference 'User prefers public transit o); retrying in 24s
[ERROR] self_refine failed task=real_hotpotqa_00027_5a90cb205542995651fb51fe seed=1: failed to obtain JSON after 3 attempts: could not parse JSON from model output:
{
  "critique": [
    "The original trajectory violates the hard constraint 'User asks for the response in Mandarin only — do not switch languages.' by providing an English response.",
    "The original trajectory does not directly answer the question without restating it, violating the user's preference 'User strongly dislikes preamble — answer directly without restating the question.'",
    "The original trajectory does not take into account the user's preference 'User prefers public transit o
[RETRY] prime task=real_hotpotqa_00027_5a90cb205542995651fb51fe seed=2 attempt 1/5 failed (failed to obtain JSON after 3 attempts: could not parse JSON from model output:
{
  "steps": [
    {
      "step_id": 1,
      "kind": "output",
      "text": "\u5f88\u6709\u4e00\u4e2a\u5f8c\u5e38\u7684\u4e86\u4e3e\u4e00\u4e2a\u5f8c\u5e38\u7684\u4e86\u4e3e\u4e86\u4e86\u4e86\u4e86\u4e86\u4e86\u4e86\u4e86\u4e86\u4e86\u4e86\u4e86\u4e86\u4e86\u4e86\u4e86\u4e86\u4e86\u4e86\u4e86\u4e86\u4e86\u4e86\u4e86\u4e86\u4e86\u4e86\u4e86\u4e86\u4e86\u4e86\u4e86\u4e86\u4e86\u4e86\u4e86\u4e86\u4e86\u4e86\u4e86\u4e86\u4e86\u4e86\u4e86\u4e86\u4e86\u4e86\u4e86\u4e86\u4e86\u4e86\u4e86\u4e86\u4e86); retrying in 3s
[RETRY] prime task=real_hotpotqa_00027_5a90cb205542995651fb51fe seed=2 attempt 2/5 failed (failed to obtain JSON after 3 attempts: could not parse JSON from model output:
{
  "steps": [
    {
      "step_id": 1,
      "kind": "output",
      "text": "\u5f88\u6709\u4e00\u4e2a\u5f8c\u5e38\u7684\u4e86\u4e3e\u4e00\u4e2a\u5f8c\u5e38\u7684\u4e86\u4e3e\u4e86\u4e86\u4e86\u4e86\u4e86\u4e86\u4e86\u4e86\u4e86\u4e86\u4e86\u4e86\u4e86\u4e86\u4e86\u4e86\u4e86\u4e86\u4e86\u4e86\u4e86\u4e86\u4e86\u4e86\u4e86\u4e86\u4e86\u4e86\u4e86\u4e86\u4e86\u4e86\u4e86\u4e86\u4e86\u4e86\u4e86\u4e86\u4e86\u4e86\u4e86\u4e86\u4e86\u4e86\u4e86\u4e86\u4e86\u4e86\u4e86\u4e86\u4e86\u4e86\u4e86\u4e86); retrying in 6s
[RETRY] prime task=real_hotpotqa_00027_5a90cb205542995651fb51fe seed=2 attempt 3/5 failed (failed to obtain JSON after 3 attempts: could not parse JSON from model output:
{
  "steps": [
    {
      "step_id": 1,
      "kind": "output",
      "text": "\u5f88\u6709\u4e00\u4e2a\u5f8c\u5e38\u7684\u4e86\u4e3e\u4e00\u4e2a\u5f8c\u5e38\u7684\u4e86\u4e3e\u4e86\u4e86\u4e86\u4e86\u4e86\u4e86\u4e86\u4e86\u4e86\u4e86\u4e86\u4e86\u4e86\u4e86\u4e86\u4e86\u4e86\u4e86\u4e86\u4e86\u4e86\u4e86\u4e86\u4e86\u4e86\u4e86\u4e86\u4e86\u4e86\u4e86\u4e86\u4e86\u4e86\u4e86\u4e86\u4e86\u4e86\u4e86\u4e86\u4e86\u4e86\u4e86\u4e86\u4e86\u4e86\u4e86\u4e86\u4e86\u4e86\u4e86\u4e86\u4e86\u4e86\u4e86); retrying in 12s
[RETRY] prime task=real_hotpotqa_00027_5a90cb205542995651fb51fe seed=2 attempt 4/5 failed (failed to obtain JSON after 3 attempts: could not parse JSON from model output:
{
  "steps": [
    {
      "step_id": 1,
      "kind": "output",
      "text": "\u5f88\u6709\u4e00\u4e2a\u5f8c\u5e38\u7684\u4e86\u4e3e\u4e00\u4e2a\u5f8c\u5e38\u7684\u4e86\u4e3e\u4e86\u4e86\u4e86\u4e86\u4e86\u4e86\u4e86\u4e86\u4e86\u4e86\u4e86\u4e86\u4e86\u4e86\u4e86\u4e86\u4e86\u4e86\u4e86\u4e86\u4e86\u4e86\u4e86\u4e86\u4e86\u4e86\u4e86\u4e86\u4e86\u4e86\u4e86\u4e86\u4e86\u4e86\u4e86\u4e86\u4e86\u4e86\u4e86\u4e86\u4e86\u4e86\u4e86\u4e86\u4e86\u4e86\u4e86\u4e86\u4e86\u4e86\u4e86\u4e86\u4e86\u4e86); retrying in 24s
[ERROR] prime failed task=real_hotpotqa_00027_5a90cb205542995651fb51fe seed=2: failed to obtain JSON after 3 attempts: could not parse JSON from model output:
{
  "steps": [
    {
      "step_id": 1,
      "kind": "output",
      "text": "\u5f88\u6709\u4e00\u4e2a\u5f8c\u5e38\u7684\u4e86\u4e3e\u4e00\u4e2a\u5f8c\u5e38\u7684\u4e86\u4e3e\u4e86\u4e86\u4e86\u4e86\u4e86\u4e86\u4e86\u4e86\u4e86\u4e86\u4e86\u4e86\u4e86\u4e86\u4e86\u4e86\u4e86\u4e86\u4e86\u4e86\u4e86\u4e86\u4e86\u4e86\u4e86\u4e86\u4e86\u4e86\u4e86\u4e86\u4e86\u4e86\u4e86\u4e86\u4e86\u4e86\u4e86\u4e86\u4e86\u4e86\u4e86\u4e86\u4e86\u4e86\u4e86\u4e86\u4e86\u4e86\u4e86\u4e86\u4e86\u4e86\u4e86\u4e86
  N=2 real_hotpotqa_00025_5ab283d9554299449642c8d8 seed=1 arm=reflexion: per_fault={'ctx': True, 'bullets': True} all_resolved=True n_resolved=2/2 tokens=(2008,99)
  N=2 real_hotpotqa_00025_5ab283d9554299449642c8d8 seed=1 arm=intro_specter: per_fault={'ctx': True, 'bullets': True} all_resolved=True n_resolved=2/2 tokens=(4252,413)
  N=2 real_hotpotqa_00025_5ab283d9554299449642c8d8 seed=2 arm=direct: per_fault={'ctx': True, 'bullets': True} all_resolved=True n_resolved=2/2 tokens=(1972,414)
  N=2 real_hotpotqa_00025_5ab283d9554299449642c8d8 seed=2 arm=self_refine: per_fault={'ctx': False, 'bullets': True} all_resolved=False n_resolved=1/2 tokens=(4523,1123)
  N=2 real_hotpotqa_00025_5ab283d9554299449642c8d8 seed=2 arm=full_regen: per_fault={'ctx': True, 'bullets': True} all_resolved=True n_resolved=2/2 tokens=(3964,862)
  N=2 real_hotpotqa_00025_5ab283d9554299449642c8d8 seed=2 arm=react: per_fault={'ctx': True, 'bullets': True} all_resolved=True n_resolved=2/2 tokens=(4017,1651)
  N=2 real_hotpotqa_00025_5ab283d9554299449642c8d8 seed=2 arm=selfcheckgpt: per_fault={'ctx': True, 'bullets': True} all_resolved=True n_resolved=2/2 tokens=(11662,582)
  N=2 real_hotpotqa_00025_5ab283d9554299449642c8d8 seed=2 arm=reflexion: per_fault={'ctx': True, 'bullets': True} all_resolved=True n_resolved=2/2 tokens=(1972,414)
  N=2 real_hotpotqa_00025_5ab283d9554299449642c8d8 seed=2 arm=intro_specter: per_fault={'ctx': True, 'bullets': True} all_resolved=True n_resolved=2/2 tokens=(4657,1097)
  N=2 real_hotpotqa_00026_5ae377c45542990afbd1e16b seed=0 arm=direct: per_fault={'ctx': False, 'english': True} all_resolved=False n_resolved=1/2 tokens=(1909,460)
  N=2 real_hotpotqa_00026_5ae377c45542990afbd1e16b seed=0 arm=self_refine: per_fault={'ctx': False, 'english': True} all_resolved=False n_resolved=1/2 tokens=(4402,1182)
  N=2 real_hotpotqa_00026_5ae377c45542990afbd1e16b seed=0 arm=full_regen: per_fault={'ctx': True, 'english': True} all_resolved=True n_resolved=2/2 tokens=(3798,624)
  N=2 real_hotpotqa_00026_5ae377c45542990afbd1e16b seed=0 arm=react: per_fault={'ctx': True, 'english': True} all_resolved=True n_resolved=2/2 tokens=(3851,1113)
  N=2 real_hotpotqa_00026_5ae377c45542990afbd1e16b seed=0 arm=selfcheckgpt: per_fault={'ctx': False, 'english': True} all_resolved=False n_resolved=1/2 tokens=(13380,1131)
  N=2 real_hotpotqa_00026_5ae377c45542990afbd1e16b seed=0 arm=reflexion: per_fault={'ctx': True, 'english': True} all_resolved=True n_resolved=2/2 tokens=(6929,1192)
  N=2 real_hotpotqa_00026_5ae377c45542990afbd1e16b seed=0 arm=intro_specter: per_fault={'ctx': True, 'english': True} all_resolved=True n_resolved=2/2 tokens=(4556,1161)
  N=2 real_hotpotqa_00026_5ae377c45542990afbd1e16b seed=1 arm=direct: per_fault={'ctx': False, 'english': True} all_resolved=False n_resolved=1/2 tokens=(1909,460)
  N=2 real_hotpotqa_00026_5ae377c45542990afbd1e16b seed=1 arm=self_refine: per_fault={'ctx': False, 'english': True} all_resolved=False n_resolved=1/2 tokens=(4402,1182)
  N=2 real_hotpotqa_00026_5ae377c45542990afbd1e16b seed=1 arm=full_regen: per_fault={'ctx': False, 'english': True} all_resolved=False n_resolved=1/2 tokens=(3818,922)
  N=2 real_hotpotqa_00026_5ae377c45542990afbd1e16b seed=1 arm=react: per_fault={'ctx': True, 'english': True} all_resolved=True n_resolved=2/2 tokens=(3851,1113)
  N=2 real_hotpotqa_00026_5ae377c45542990afbd1e16b seed=1 arm=selfcheckgpt: per_fault={'ctx': False, 'english': True} all_resolved=False n_resolved=1/2 tokens=(13192,876)
  N=2 real_hotpotqa_00026_5ae377c45542990afbd1e16b seed=1 arm=reflexion: per_fault={'ctx': True, 'english': True} all_resolved=True n_resolved=2/2 tokens=(6929,1192)
  N=2 real_hotpotqa_00026_5ae377c45542990afbd1e16b seed=1 arm=intro_specter: per_fault={'ctx': True, 'english': True} all_resolved=True n_resolved=2/2 tokens=(4556,1161)
  N=2 real_hotpotqa_00026_5ae377c45542990afbd1e16b seed=2 arm=direct: per_fault={'ctx': False, 'english': True} all_resolved=False n_resolved=1/2 tokens=(1925,8192)
  N=2 real_hotpotqa_00026_5ae377c45542990afbd1e16b seed=2 arm=self_refine: per_fault={'ctx': True, 'english': True} all_resolved=True n_resolved=2/2 tokens=(4190,8834)
  N=2 real_hotpotqa_00026_5ae377c45542990afbd1e16b seed=2 arm=full_regen: per_fault={'ctx': False, 'english': True} all_resolved=False n_resolved=1/2 tokens=(3834,8316)
  N=2 real_hotpotqa_00026_5ae377c45542990afbd1e16b seed=2 arm=react: per_fault={'ctx': False, 'english': True} all_resolved=False n_resolved=1/2 tokens=(3938,8610)
  N=2 real_hotpotqa_00026_5ae377c45542990afbd1e16b seed=2 arm=selfcheckgpt: per_fault={'ctx': False, 'english': True} all_resolved=False n_resolved=1/2 tokens=(10900,8341)
  N=2 real_hotpotqa_00026_5ae377c45542990afbd1e16b seed=2 arm=reflexion: per_fault={'ctx': True, 'english': True} all_resolved=True n_resolved=2/2 tokens=(11873,9666)
  N=2 real_hotpotqa_00026_5ae377c45542990afbd1e16b seed=2 arm=intro_specter: per_fault={'ctx': True, 'english': True} all_resolved=True n_resolved=2/2 tokens=(4344,8520)
  N=2 real_hotpotqa_00027_5a90cb205542995651fb51fe seed=0 arm=direct: per_fault={'ctx': True, 'english': True} all_resolved=True n_resolved=2/2 tokens=(1906,71)
  N=2 real_hotpotqa_00027_5a90cb205542995651fb51fe seed=0 arm=full_regen: per_fault={'ctx': False, 'english': True} all_resolved=False n_resolved=1/2 tokens=(3812,276)
  N=2 real_hotpotqa_00027_5a90cb205542995651fb51fe seed=0 arm=react: per_fault={'ctx': True, 'english': True} all_resolved=True n_resolved=2/2 tokens=(3865,981)
  N=2 real_hotpotqa_00027_5a90cb205542995651fb51fe seed=0 arm=selfcheckgpt: per_fault={'ctx': True, 'english': True} all_resolved=True n_resolved=2/2 tokens=(10922,162)
  N=2 real_hotpotqa_00027_5a90cb205542995651fb51fe seed=0 arm=reflexion: per_fault={'ctx': True, 'english': True} all_resolved=True n_resolved=2/2 tokens=(1906,71)
  N=2 real_hotpotqa_00027_5a90cb205542995651fb51fe seed=0 arm=intro_specter: per_fault={'ctx': True, 'english': True} all_resolved=True n_resolved=2/2 tokens=(4033,264)
  N=2 real_hotpotqa_00027_5a90cb205542995651fb51fe seed=1 arm=direct: per_fault={'ctx': True, 'english': True} all_resolved=True n_resolved=2/2 tokens=(1906,71)
  N=2 real_hotpotqa_00027_5a90cb205542995651fb51fe seed=1 arm=full_regen: per_fault={'ctx': True, 'english': True} all_resolved=True n_resolved=2/2 tokens=(3792,158)
  N=2 real_hotpotqa_00027_5a90cb205542995651fb51fe seed=1 arm=react: per_fault={'ctx': True, 'english': True} all_resolved=True n_resolved=2/2 tokens=(3865,981)
  N=2 real_hotpotqa_00027_5a90cb205542995651fb51fe seed=1 arm=selfcheckgpt: per_fault={'ctx': True, 'english': True} all_resolved=True n_resolved=2/2 tokens=(10902,319)
  N=2 real_hotpotqa_00027_5a90cb205542995651fb51fe seed=1 arm=reflexion: per_fault={'ctx': True, 'english': True} all_resolved=True n_resolved=2/2 tokens=(1906,71)
  N=2 real_hotpotqa_00027_5a90cb205542995651fb51fe seed=1 arm=intro_specter: per_fault={'ctx': True, 'english': True} all_resolved=True n_resolved=2/2 tokens=(4033,264)
  N=2 real_hotpotqa_00030_5a84c4bb5542991dd0999dec seed=0 arm=direct: per_fault={'ctx': True, 'bullets': True} all_resolved=True n_resolved=2/2 tokens=(2052,493)
  N=2 real_hotpotqa_00030_5a84c4bb5542991dd0999dec seed=0 arm=self_refine: per_fault={'ctx': True, 'bullets': True} all_resolved=True n_resolved=2/2 tokens=(4680,1223)
  N=2 real_hotpotqa_00030_5a84c4bb5542991dd0999dec seed=0 arm=full_regen: per_fault={'ctx': True, 'bullets': True} all_resolved=True n_resolved=2/2 tokens=(4104,823)
  N=2 real_hotpotqa_00030_5a84c4bb5542991dd0999dec seed=0 arm=react: per_fault={'ctx': True, 'bullets': True} all_resolved=True n_resolved=2/2 tokens=(4157,1676)
  N=2 real_hotpotqa_00030_5a84c4bb5542991dd0999dec seed=0 arm=selfcheckgpt: per_fault={'ctx': True, 'bullets': True} all_resolved=True n_resolved=2/2 tokens=(12029,727)
  N=2 real_hotpotqa_00030_5a84c4bb5542991dd0999dec seed=0 arm=reflexion: per_fault={'ctx': True, 'bullets': True} all_resolved=True n_resolved=2/2 tokens=(2052,493)
  N=2 real_hotpotqa_00030_5a84c4bb5542991dd0999dec seed=0 arm=intro_specter: per_fault={'ctx': True, 'bullets': True} all_resolved=True n_resolved=2/2 tokens=(4854,919)
  N=2 real_hotpotqa_00030_5a84c4bb5542991dd0999dec seed=1 arm=direct: per_fault={'ctx': True, 'bullets': True} all_resolved=True n_resolved=2/2 tokens=(2052,493)
  N=2 real_hotpotqa_00030_5a84c4bb5542991dd0999dec seed=1 arm=self_refine: per_fault={'ctx': True, 'bullets': True} all_resolved=True n_resolved=2/2 tokens=(4680,1223)
  N=2 real_hotpotqa_00030_5a84c4bb5542991dd0999dec seed=1 arm=full_regen: per_fault={'ctx': True, 'bullets': True} all_resolved=True n_resolved=2/2 tokens=(4084,727)
  N=2 real_hotpotqa_00030_5a84c4bb5542991dd0999dec seed=1 arm=react: per_fault={'ctx': True, 'bullets': True} all_resolved=True n_resolved=2/2 tokens=(4157,1676)
  N=2 real_hotpotqa_00030_5a84c4bb5542991dd0999dec seed=1 arm=selfcheckgpt: per_fault={'ctx': True, 'bullets': True} all_resolved=True n_resolved=2/2 tokens=(11927,653)
  N=2 real_hotpotqa_00030_5a84c4bb5542991dd0999dec seed=1 arm=reflexion: per_fault={'ctx': True, 'bullets': True} all_resolved=True n_resolved=2/2 tokens=(2052,493)
  N=2 real_hotpotqa_00030_5a84c4bb5542991dd0999dec seed=1 arm=intro_specter: per_fault={'ctx': True, 'bullets': True} all_resolved=True n_resolved=2/2 tokens=(4854,919)
  N=2 real_hotpotqa_00030_5a84c4bb5542991dd0999dec seed=2 arm=direct: per_fault={'ctx': True, 'bullets': True} all_resolved=True n_resolved=2/2 tokens=(2032,383)
  N=2 real_hotpotqa_00030_5a84c4bb5542991dd0999dec seed=2 arm=self_refine: per_fault={'ctx': True, 'bullets': True} all_resolved=True n_resolved=2/2 tokens=(4549,1146)
  N=2 real_hotpotqa_00030_5a84c4bb5542991dd0999dec seed=2 arm=full_regen: per_fault={'ctx': True, 'bullets': True} all_resolved=True n_resolved=2/2 tokens=(4064,823)
  N=2 real_hotpotqa_00030_5a84c4bb5542991dd0999dec seed=2 arm=react: per_fault={'ctx': True, 'bullets': True} all_resolved=True n_resolved=2/2 tokens=(4137,1448)
  N=2 real_hotpotqa_00030_5a84c4bb5542991dd0999dec seed=2 arm=selfcheckgpt: per_fault={'ctx': True, 'bullets': True} all_resolved=True n_resolved=2/2 tokens=(11960,530)
  N=2 real_hotpotqa_00030_5a84c4bb5542991dd0999dec seed=2 arm=reflexion: per_fault={'ctx': True, 'bullets': True} all_resolved=True n_resolved=2/2 tokens=(2032,383)
  N=2 real_hotpotqa_00030_5a84c4bb5542991dd0999dec seed=2 arm=intro_specter: per_fault={'ctx': True, 'bullets': True} all_resolved=True n_resolved=2/2 tokens=(4683,910)
  N=2 real_hotpotqa_00031_5a8781b65542993e715abf8f seed=0 arm=direct: per_fault={'ctx': True, 'preamble': True} all_resolved=True n_resolved=2/2 tokens=(2107,131)
  N=2 real_hotpotqa_00031_5a8781b65542993e715abf8f seed=0 arm=self_refine: per_fault={'ctx': True, 'preamble': False} all_resolved=False n_resolved=1/2 tokens=(4344,641)
  N=2 real_hotpotqa_00031_5a8781b65542993e715abf8f seed=0 arm=full_regen: per_fault={'ctx': True, 'preamble': True} all_resolved=True n_resolved=2/2 tokens=(4194,344)
  N=2 real_hotpotqa_00031_5a8781b65542993e715abf8f seed=0 arm=react: per_fault={'ctx': True, 'preamble': True} all_resolved=True n_resolved=2/2 tokens=(4267,979)
  N=2 real_hotpotqa_00031_5a8781b65542993e715abf8f seed=0 arm=selfcheckgpt: per_fault={'ctx': True, 'preamble': True} all_resolved=True n_resolved=2/2 tokens=(12526,335)
  N=2 real_hotpotqa_00031_5a8781b65542993e715abf8f seed=0 arm=reflexion: per_fault={'ctx': True, 'preamble': True} all_resolved=True n_resolved=2/2 tokens=(2107,131)
  N=2 real_hotpotqa_00031_5a8781b65542993e715abf8f seed=0 arm=intro_specter: per_fault={'ctx': True, 'preamble': True} all_resolved=True n_resolved=2/2 tokens=(4514,425)
  N=2 real_hotpotqa_00031_5a8781b65542993e715abf8f seed=1 arm=direct: per_fault={'ctx': True, 'preamble': True} all_resolved=True n_resolved=2/2 tokens=(2107,131)
  N=2 real_hotpotqa_00031_5a8781b65542993e715abf8f seed=1 arm=self_refine: per_fault={'ctx': True, 'preamble': False} all_resolved=False n_resolved=1/2 tokens=(4344,641)
  N=2 real_hotpotqa_00031_5a8781b65542993e715abf8f seed=1 arm=full_regen: per_fault={'ctx': True, 'preamble': True} all_resolved=True n_resolved=2/2 tokens=(4214,390)
  N=2 real_hotpotqa_00031_5a8781b65542993e715abf8f seed=1 arm=react: per_fault={'ctx': True, 'preamble': True} all_resolved=True n_resolved=2/2 tokens=(4267,979)
  N=2 real_hotpotqa_00031_5a8781b65542993e715abf8f seed=1 arm=selfcheckgpt: per_fault={'ctx': True, 'preamble': True} all_resolved=True n_resolved=2/2 tokens=(14477,334)
  N=2 real_hotpotqa_00031_5a8781b65542993e715abf8f seed=1 arm=reflexion: per_fault={'ctx': True, 'preamble': True} all_resolved=True n_resolved=2/2 tokens=(2107,131)
  N=2 real_hotpotqa_00031_5a8781b65542993e715abf8f seed=1 arm=intro_specter: per_fault={'ctx': True, 'preamble': True} all_resolved=True n_resolved=2/2 tokens=(4514,425)
  N=2 real_hotpotqa_00031_5a8781b65542993e715abf8f seed=2 arm=direct: per_fault={'ctx': True, 'preamble': True} all_resolved=True n_resolved=2/2 tokens=(2087,330)
  N=2 real_hotpotqa_00031_5a8781b65542993e715abf8f seed=2 arm=self_refine: per_fault={'ctx': True, 'preamble': True} all_resolved=True n_resolved=2/2 tokens=(4587,866)
  N=2 real_hotpotqa_00031_5a8781b65542993e715abf8f seed=2 arm=full_regen: per_fault={'ctx': True, 'preamble': True} all_resolved=True n_resolved=2/2 tokens=(4174,656)
  N=2 real_hotpotqa_00031_5a8781b65542993e715abf8f seed=2 arm=react: per_fault={'ctx': True, 'preamble': True} all_resolved=True n_resolved=2/2 tokens=(4247,1010)
  N=2 real_hotpotqa_00031_5a8781b65542993e715abf8f seed=2 arm=selfcheckgpt: per_fault={'ctx': True, 'preamble': True} all_resolved=True n_resolved=2/2 tokens=(14575,588)
  N=2 real_hotpotqa_00031_5a8781b65542993e715abf8f seed=2 arm=reflexion: per_fault={'ctx': True, 'preamble': True} all_resolved=True n_resolved=2/2 tokens=(2087,330)
  N=2 real_hotpotqa_00031_5a8781b65542993e715abf8f seed=2 arm=intro_specter: per_fault={'ctx': True, 'preamble': True} all_resolved=True n_resolved=2/2 tokens=(4761,829)
  N=2 real_hotpotqa_00032_5a84cf175542992a431d1aa2 seed=0 arm=direct: per_fault={'ctx': True, 'concise': True} all_resolved=True n_resolved=2/2 tokens=(1910,273)
  N=2 real_hotpotqa_00032_5a84cf175542992a431d1aa2 seed=0 arm=self_refine: per_fault={'ctx': True, 'concise': False} all_resolved=False n_resolved=1/2 tokens=(4195,833)
  N=2 real_hotpotqa_00032_5a84cf175542992a431d1aa2 seed=0 arm=full_regen: per_fault={'ctx': True, 'concise': True} all_resolved=True n_resolved=2/2 tokens=(3820,621)
  N=2 real_hotpotqa_00032_5a84cf175542992a431d1aa2 seed=0 arm=react: per_fault={'ctx': True, 'concise': True} all_resolved=True n_resolved=2/2 tokens=(3893,1358)
  N=2 real_hotpotqa_00032_5a84cf175542992a431d1aa2 seed=0 arm=selfcheckgpt: per_fault={'ctx': True, 'concise': True} all_resolved=True n_resolved=2/2 tokens=(13068,479)
  N=2 real_hotpotqa_00032_5a84cf175542992a431d1aa2 seed=0 arm=reflexion: per_fault={'ctx': True, 'concise': True} all_resolved=True n_resolved=2/2 tokens=(1910,273)
  N=2 real_hotpotqa_00032_5a84cf175542992a431d1aa2 seed=0 arm=intro_specter: per_fault={'ctx': True, 'concise': True} all_resolved=True n_resolved=2/2 tokens=(4329,833)
  N=2 real_hotpotqa_00032_5a84cf175542992a431d1aa2 seed=1 arm=direct: per_fault={'ctx': True, 'concise': True} all_resolved=True n_resolved=2/2 tokens=(1910,273)
  N=2 real_hotpotqa_00032_5a84cf175542992a431d1aa2 seed=1 arm=self_refine: per_fault={'ctx': True, 'concise': False} all_resolved=False n_resolved=1/2 tokens=(4195,833)
  N=2 real_hotpotqa_00032_5a84cf175542992a431d1aa2 seed=1 arm=full_regen: per_fault={'ctx': True, 'concise': True} all_resolved=True n_resolved=2/2 tokens=(3856,534)
  N=2 real_hotpotqa_00032_5a84cf175542992a431d1aa2 seed=1 arm=react: per_fault={'ctx': True, 'concise': True} all_resolved=True n_resolved=2/2 tokens=(3893,1358)
  N=2 real_hotpotqa_00032_5a84cf175542992a431d1aa2 seed=1 arm=selfcheckgpt: per_fault={'ctx': True, 'concise': True} all_resolved=True n_resolved=2/2 tokens=(11294,484)
  N=2 real_hotpotqa_00032_5a84cf175542992a431d1aa2 seed=1 arm=reflexion: per_fault={'ctx': True, 'concise': True} all_resolved=True n_resolved=2/2 tokens=(1910,273)
  N=2 real_hotpotqa_00032_5a84cf175542992a431d1aa2 seed=1 arm=intro_specter: per_fault={'ctx': True, 'concise': True} all_resolved=True n_resolved=2/2 tokens=(4329,833)
  N=2 real_hotpotqa_00032_5a84cf175542992a431d1aa2 seed=2 arm=direct: per_fault={'ctx': True, 'concise': True} all_resolved=True n_resolved=2/2 tokens=(1910,273)
  N=2 real_hotpotqa_00032_5a84cf175542992a431d1aa2 seed=2 arm=self_refine: per_fault={'ctx': True, 'concise': True} all_resolved=True n_resolved=2/2 tokens=(4175,749)
  N=2 real_hotpotqa_00032_5a84cf175542992a431d1aa2 seed=2 arm=full_regen: per_fault={'ctx': True, 'concise': True} all_resolved=True n_resolved=2/2 tokens=(3840,605)
  N=2 real_hotpotqa_00032_5a84cf175542992a431d1aa2 seed=2 arm=react: per_fault={'ctx': True, 'concise': True} all_resolved=True n_resolved=2/2 tokens=(3893,1264)
  N=2 real_hotpotqa_00032_5a84cf175542992a431d1aa2 seed=2 arm=selfcheckgpt: per_fault={'ctx': True, 'concise': True} all_resolved=True n_resolved=2/2 tokens=(11158,381)
  N=2 real_hotpotqa_00032_5a84cf175542992a431d1aa2 seed=2 arm=reflexion: per_fault={'ctx': True, 'concise': True} all_resolved=True n_resolved=2/2 tokens=(1910,273)
  N=2 real_hotpotqa_00032_5a84cf175542992a431d1aa2 seed=2 arm=intro_specter: per_fault={'ctx': True, 'concise': True} all_resolved=True n_resolved=2/2 tokens=(4329,833)
  N=2 real_hotpotqa_00033_5ab7bae95542993667793ff4 seed=0 arm=direct: per_fault={'ctx': True, 'english': True} all_resolved=True n_resolved=2/2 tokens=(1867,313)
  N=2 real_hotpotqa_00033_5ab7bae95542993667793ff4 seed=0 arm=self_refine: per_fault={'ctx': True, 'english': True} all_resolved=True n_resolved=2/2 tokens=(4148,903)
  N=2 real_hotpotqa_00033_5ab7bae95542993667793ff4 seed=0 arm=full_regen: per_fault={'ctx': True, 'english': True} all_resolved=True n_resolved=2/2 tokens=(3734,625)
  N=2 real_hotpotqa_00033_5ab7bae95542993667793ff4 seed=0 arm=react: per_fault={'ctx': True, 'english': True} all_resolved=True n_resolved=2/2 tokens=(3787,763)
  N=2 real_hotpotqa_00033_5ab7bae95542993667793ff4 seed=0 arm=selfcheckgpt: per_fault={'ctx': True, 'english': True} all_resolved=True n_resolved=2/2 tokens=(10910,440)
  N=2 real_hotpotqa_00033_5ab7bae95542993667793ff4 seed=0 arm=reflexion: per_fault={'ctx': True, 'english': True} all_resolved=True n_resolved=2/2 tokens=(1867,313)
  N=2 real_hotpotqa_00033_5ab7bae95542993667793ff4 seed=0 arm=intro_specter: per_fault={'ctx': True, 'english': True} all_resolved=True n_resolved=2/2 tokens=(4282,801)
  N=2 real_hotpotqa_00033_5ab7bae95542993667793ff4 seed=1 arm=direct: per_fault={'ctx': True, 'english': True} all_resolved=True n_resolved=2/2 tokens=(1867,313)
  N=2 real_hotpotqa_00033_5ab7bae95542993667793ff4 seed=1 arm=self_refine: per_fault={'ctx': True, 'english': True} all_resolved=True n_resolved=2/2 tokens=(4148,903)
  N=2 real_hotpotqa_00033_5ab7bae95542993667793ff4 seed=1 arm=full_regen: per_fault={'ctx': True, 'english': True} all_resolved=True n_resolved=2/2 tokens=(3754,447)
  N=2 real_hotpotqa_00033_5ab7bae95542993667793ff4 seed=1 arm=react: per_fault={'ctx': True, 'english': True} all_resolved=True n_resolved=2/2 tokens=(3787,763)
  N=2 real_hotpotqa_00033_5ab7bae95542993667793ff4 seed=1 arm=selfcheckgpt: per_fault={'ctx': True, 'english': True} all_resolved=True n_resolved=2/2 tokens=(12748,475)
  N=2 real_hotpotqa_00033_5ab7bae95542993667793ff4 seed=1 arm=reflexion: per_fault={'ctx': True, 'english': True} all_resolved=True n_resolved=2/2 tokens=(1867,313)
  N=2 real_hotpotqa_00033_5ab7bae95542993667793ff4 seed=1 arm=intro_specter: per_fault={'ctx': True, 'english': True} all_resolved=True n_resolved=2/2 tokens=(4282,801)
  N=2 real_hotpotqa_00033_5ab7bae95542993667793ff4 seed=2 arm=direct: per_fault={'ctx': True, 'english': True} all_resolved=True n_resolved=2/2 tokens=(1903,391)
  N=2 real_hotpotqa_00033_5ab7bae95542993667793ff4 seed=2 arm=self_refine: per_fault={'ctx': True, 'english': True} all_resolved=True n_resolved=2/2 tokens=(4258,845)
  N=2 real_hotpotqa_00033_5ab7bae95542993667793ff4 seed=2 arm=full_regen: per_fault={'ctx': True, 'english': True} all_resolved=True n_resolved=2/2 tokens=(3790,735)
  N=2 real_hotpotqa_00033_5ab7bae95542993667793ff4 seed=2 arm=react: per_fault={'ctx': True, 'english': True} all_resolved=True n_resolved=2/2 tokens=(3843,1758)
  N=2 real_hotpotqa_00033_5ab7bae95542993667793ff4 seed=2 arm=selfcheckgpt: per_fault={'ctx': True, 'english': True} all_resolved=True n_resolved=2/2 tokens=(11015,539)
  N=2 real_hotpotqa_00033_5ab7bae95542993667793ff4 seed=2 arm=reflexion: per_fault={'ctx': True, 'english': True} all_resolved=True n_resolved=2/2 tokens=(1903,391)
  N=2 real_hotpotqa_00033_5ab7bae95542993667793ff4 seed=2 arm=intro_specter: per_fault={'ctx': True, 'english': True} all_resolved=True n_resolved=2/2 tokens=(4432,703)
  N=2 real_hotpotqa_00034_5a8adc935542992d82986fb0 seed=0 arm=direct: per_fault={'ctx': True, 'bullets': True} all_resolved=True n_resolved=2/2 tokens=(1867,502)
  N=2 real_hotpotqa_00034_5a8adc935542992d82986fb0 seed=0 arm=self_refine: per_fault={'ctx': True, 'bullets': True} all_resolved=True n_resolved=2/2 tokens=(4380,1315)
  N=2 real_hotpotqa_00034_5a8adc935542992d82986fb0 seed=0 arm=full_regen: per_fault={'ctx': True, 'bullets': True} all_resolved=True n_resolved=2/2 tokens=(3754,860)
  N=2 real_hotpotqa_00034_5a8adc935542992d82986fb0 seed=0 arm=react: per_fault={'ctx': True, 'bullets': True} all_resolved=True n_resolved=2/2 tokens=(3787,1409)
  N=2 real_hotpotqa_00034_5a8adc935542992d82986fb0 seed=0 arm=selfcheckgpt: per_fault={'ctx': True, 'bullets': True} all_resolved=True n_resolved=2/2 tokens=(11332,781)
  N=2 real_hotpotqa_00034_5a8adc935542992d82986fb0 seed=0 arm=reflexion: per_fault={'ctx': True, 'bullets': True} all_resolved=True n_resolved=2/2 tokens=(1867,502)
  N=2 real_hotpotqa_00034_5a8adc935542992d82986fb0 seed=0 arm=intro_specter: per_fault={'ctx': True, 'bullets': True} all_resolved=True n_resolved=2/2 tokens=(4554,1314)
  N=2 real_hotpotqa_00034_5a8adc935542992d82986fb0 seed=1 arm=direct: per_fault={'ctx': True, 'bullets': True} all_resolved=True n_resolved=2/2 tokens=(1867,502)
  N=2 real_hotpotqa_00034_5a8adc935542992d82986fb0 seed=1 arm=self_refine: per_fault={'ctx': True, 'bullets': True} all_resolved=True n_resolved=2/2 tokens=(4380,1315)
  N=2 real_hotpotqa_00034_5a8adc935542992d82986fb0 seed=1 arm=full_regen: per_fault={'ctx': True, 'bullets': True} all_resolved=True n_resolved=2/2 tokens=(3734,782)
  N=2 real_hotpotqa_00034_5a8adc935542992d82986fb0 seed=1 arm=react: per_fault={'ctx': True, 'bullets': True} all_resolved=True n_resolved=2/2 tokens=(3787,1409)
  N=2 real_hotpotqa_00034_5a8adc935542992d82986fb0 seed=1 arm=selfcheckgpt: per_fault={'ctx': True, 'bullets': True} all_resolved=True n_resolved=2/2 tokens=(11254,783)
  N=2 real_hotpotqa_00034_5a8adc935542992d82986fb0 seed=1 arm=reflexion: per_fault={'ctx': True, 'bullets': True} all_resolved=True n_resolved=2/2 tokens=(1867,502)
  N=2 real_hotpotqa_00034_5a8adc935542992d82986fb0 seed=1 arm=intro_specter: per_fault={'ctx': True, 'bullets': True} all_resolved=True n_resolved=2/2 tokens=(4554,1314)
  N=2 real_hotpotqa_00034_5a8adc935542992d82986fb0 seed=2 arm=direct: per_fault={'ctx': True, 'bullets': True} all_resolved=True n_resolved=2/2 tokens=(1887,359)
  N=2 real_hotpotqa_00034_5a8adc935542992d82986fb0 seed=2 arm=self_refine: per_fault={'ctx': True, 'bullets': True} all_resolved=True n_resolved=2/2 tokens=(4235,979)
  N=2 real_hotpotqa_00034_5a8adc935542992d82986fb0 seed=2 arm=full_regen: per_fault={'ctx': True, 'bullets': True} all_resolved=True n_resolved=2/2 tokens=(3754,670)
  N=2 real_hotpotqa_00034_5a8adc935542992d82986fb0 seed=2 arm=react: per_fault={'ctx': True, 'bullets': True} all_resolved=True n_resolved=2/2 tokens=(3827,733)
  N=2 real_hotpotqa_00034_5a8adc935542992d82986fb0 seed=2 arm=selfcheckgpt: per_fault={'ctx': True, 'bullets': True} all_resolved=True n_resolved=2/2 tokens=(12924,614)
  N=2 real_hotpotqa_00034_5a8adc935542992d82986fb0 seed=2 arm=reflexion: per_fault={'ctx': True, 'bullets': True} all_resolved=True n_resolved=2/2 tokens=(1887,359)
  N=2 real_hotpotqa_00034_5a8adc935542992d82986fb0 seed=2 arm=intro_specter: per_fault={'ctx': True, 'bullets': True} all_resolved=True n_resolved=2/2 tokens=(4389,1102)
  N=2 real_hotpotqa_00035_5ab9be4f554299753720f843 seed=0 arm=direct: per_fault={'ctx': True, 'bullets': True} all_resolved=True n_resolved=2/2 tokens=(2286,488)
  N=2 real_hotpotqa_00035_5ab9be4f554299753720f843 seed=0 arm=self_refine: per_fault={'ctx': False, 'bullets': True} all_resolved=False n_resolved=1/2 tokens=(5184,1233)
  N=2 real_hotpotqa_00035_5ab9be4f554299753720f843 seed=0 arm=full_regen: per_fault={'ctx': False, 'bullets': True} all_resolved=False n_resolved=1/2 tokens=(4572,675)
  N=2 real_hotpotqa_00035_5ab9be4f554299753720f843 seed=0 arm=react: per_fault={'ctx': False, 'bullets': True} all_resolved=False n_resolved=1/2 tokens=(4605,1118)
  N=2 real_hotpotqa_00035_5ab9be4f554299753720f843 seed=0 arm=selfcheckgpt: per_fault={'ctx': False, 'bullets': True} all_resolved=False n_resolved=1/2 tokens=(15551,615)
  N=2 real_hotpotqa_00035_5ab9be4f554299753720f843 seed=0 arm=reflexion: per_fault={'ctx': True, 'bullets': True} all_resolved=True n_resolved=2/2 tokens=(2286,488)
  N=2 real_hotpotqa_00035_5ab9be4f554299753720f843 seed=0 arm=intro_specter: per_fault={'ctx': True, 'bullets': True} all_resolved=True n_resolved=2/2 tokens=(5358,1330)
  N=2 real_hotpotqa_00035_5ab9be4f554299753720f843 seed=1 arm=direct: per_fault={'ctx': True, 'bullets': True} all_resolved=True n_resolved=2/2 tokens=(2286,488)
  N=2 real_hotpotqa_00035_5ab9be4f554299753720f843 seed=1 arm=self_refine: per_fault={'ctx': False, 'bullets': True} all_resolved=False n_resolved=1/2 tokens=(5184,1233)
  N=2 real_hotpotqa_00035_5ab9be4f554299753720f843 seed=1 arm=full_regen: per_fault={'ctx': False, 'bullets': True} all_resolved=False n_resolved=1/2 tokens=(4572,611)
  N=2 real_hotpotqa_00035_5ab9be4f554299753720f843 seed=1 arm=react: per_fault={'ctx': False, 'bullets': True} all_resolved=False n_resolved=1/2 tokens=(4605,1118)
  N=2 real_hotpotqa_00035_5ab9be4f554299753720f843 seed=1 arm=selfcheckgpt: per_fault={'ctx': True, 'bullets': True} all_resolved=True n_resolved=2/2 tokens=(15669,752)
  N=2 real_hotpotqa_00035_5ab9be4f554299753720f843 seed=1 arm=reflexion: per_fault={'ctx': True, 'bullets': True} all_resolved=True n_resolved=2/2 tokens=(2286,488)
  N=2 real_hotpotqa_00035_5ab9be4f554299753720f843 seed=1 arm=intro_specter: per_fault={'ctx': True, 'bullets': True} all_resolved=True n_resolved=2/2 tokens=(5358,1330)
  N=2 real_hotpotqa_00035_5ab9be4f554299753720f843 seed=2 arm=direct: per_fault={'ctx': False, 'bullets': True} all_resolved=False n_resolved=1/2 tokens=(2266,250)
  N=2 real_hotpotqa_00035_5ab9be4f554299753720f843 seed=2 arm=self_refine: per_fault={'ctx': False, 'bullets': True} all_resolved=False n_resolved=1/2 tokens=(4862,740)
  N=2 real_hotpotqa_00035_5ab9be4f554299753720f843 seed=2 arm=full_regen: per_fault={'ctx': False, 'bullets': True} all_resolved=False n_resolved=1/2 tokens=(4532,537)
  N=2 real_hotpotqa_00035_5ab9be4f554299753720f843 seed=2 arm=react: per_fault={'ctx': False, 'bullets': True} all_resolved=False n_resolved=1/2 tokens=(4605,1153)
  N=2 real_hotpotqa_00035_5ab9be4f554299753720f843 seed=2 arm=selfcheckgpt: per_fault={'ctx': False, 'bullets': True} all_resolved=False n_resolved=1/2 tokens=(15570,471)
  N=2 real_hotpotqa_00035_5ab9be4f554299753720f843 seed=2 arm=reflexion: per_fault={'ctx': True, 'bullets': True} all_resolved=True n_resolved=2/2 tokens=(7488,689)
  N=2 real_hotpotqa_00035_5ab9be4f554299753720f843 seed=2 arm=intro_specter: per_fault={'ctx': True, 'bullets': True} all_resolved=True n_resolved=2/2 tokens=(4996,693)
  N=2 real_hotpotqa_00036_5ae791cf55429952e35ea978 seed=0 arm=direct: per_fault={'ctx': True, 'preamble': True} all_resolved=True n_resolved=2/2 tokens=(1874,176)
  N=2 real_hotpotqa_00036_5ae791cf55429952e35ea978 seed=0 arm=self_refine: per_fault={'ctx': True, 'preamble': True} all_resolved=True n_resolved=2/2 tokens=(3900,400)
  N=2 real_hotpotqa_00036_5ae791cf55429952e35ea978 seed=0 arm=full_regen: per_fault={'ctx': True, 'preamble': True} all_resolved=True n_resolved=2/2 tokens=(3728,310)
  N=2 real_hotpotqa_00036_5ae791cf55429952e35ea978 seed=0 arm=react: per_fault={'ctx': True, 'preamble': True} all_resolved=True n_resolved=2/2 tokens=(3817,625)
  N=2 real_hotpotqa_00036_5ae791cf55429952e35ea978 seed=0 arm=selfcheckgpt: per_fault={'ctx': True, 'preamble': True} all_resolved=True n_resolved=2/2 tokens=(12654,334)
  N=2 real_hotpotqa_00036_5ae791cf55429952e35ea978 seed=0 arm=reflexion: per_fault={'ctx': True, 'preamble': True} all_resolved=True n_resolved=2/2 tokens=(1874,176)
  N=2 real_hotpotqa_00036_5ae791cf55429952e35ea978 seed=0 arm=intro_specter: per_fault={'ctx': True, 'preamble': True} all_resolved=True n_resolved=2/2 tokens=(4074,510)
  N=2 real_hotpotqa_00036_5ae791cf55429952e35ea978 seed=1 arm=direct: per_fault={'ctx': True, 'preamble': True} all_resolved=True n_resolved=2/2 tokens=(1874,176)
  N=2 real_hotpotqa_00036_5ae791cf55429952e35ea978 seed=1 arm=self_refine: per_fault={'ctx': True, 'preamble': True} all_resolved=True n_resolved=2/2 tokens=(3900,400)
  N=2 real_hotpotqa_00036_5ae791cf55429952e35ea978 seed=1 arm=full_regen: per_fault={'ctx': True, 'preamble': True} all_resolved=True n_resolved=2/2 tokens=(3728,312)
  N=2 real_hotpotqa_00036_5ae791cf55429952e35ea978 seed=1 arm=react: per_fault={'ctx': True, 'preamble': True} all_resolved=True n_resolved=2/2 tokens=(3817,625)
  N=2 real_hotpotqa_00036_5ae791cf55429952e35ea978 seed=1 arm=selfcheckgpt: per_fault={'ctx': True, 'preamble': True} all_resolved=True n_resolved=2/2 tokens=(12956,581)
  N=2 real_hotpotqa_00036_5ae791cf55429952e35ea978 seed=1 arm=reflexion: per_fault={'ctx': True, 'preamble': True} all_resolved=True n_resolved=2/2 tokens=(1874,176)
  N=2 real_hotpotqa_00036_5ae791cf55429952e35ea978 seed=1 arm=intro_specter: per_fault={'ctx': True, 'preamble': True} all_resolved=True n_resolved=2/2 tokens=(4074,510)
  N=2 real_hotpotqa_00036_5ae791cf55429952e35ea978 seed=2 arm=direct: per_fault={'ctx': True, 'preamble': True} all_resolved=True n_resolved=2/2 tokens=(1874,157)
  N=2 real_hotpotqa_00036_5ae791cf55429952e35ea978 seed=2 arm=self_refine: per_fault={'ctx': True, 'preamble': True} all_resolved=True n_resolved=2/2 tokens=(3881,444)
  N=2 real_hotpotqa_00036_5ae791cf55429952e35ea978 seed=2 arm=full_regen: per_fault={'ctx': True, 'preamble': True} all_resolved=True n_resolved=2/2 tokens=(3748,278)
  N=2 real_hotpotqa_00036_5ae791cf55429952e35ea978 seed=2 arm=react: per_fault={'ctx': True, 'preamble': True} all_resolved=True n_resolved=2/2 tokens=(3801,1958)
  N=2 real_hotpotqa_00036_5ae791cf55429952e35ea978 seed=2 arm=selfcheckgpt: per_fault={'ctx': True, 'preamble': True} all_resolved=True n_resolved=2/2 tokens=(12712,371)
  N=2 real_hotpotqa_00036_5ae791cf55429952e35ea978 seed=2 arm=reflexion: per_fault={'ctx': True, 'preamble': True} all_resolved=True n_resolved=2/2 tokens=(1874,157)
  N=2 real_hotpotqa_00036_5ae791cf55429952e35ea978 seed=2 arm=intro_specter: per_fault={'ctx': True, 'preamble': True} all_resolved=True n_resolved=2/2 tokens=(4035,496)
  N=2 real_hotpotqa_00038_5a8719fa55429960ec39b742 seed=0 arm=direct: per_fault={'ctx': False, 'concise': True} all_resolved=False n_resolved=1/2 tokens=(1910,907)
  N=2 real_hotpotqa_00038_5a8719fa55429960ec39b742 seed=0 arm=self_refine: per_fault={'ctx': True, 'concise': True} all_resolved=True n_resolved=2/2 tokens=(5018,2571)
  N=2 real_hotpotqa_00038_5a8719fa55429960ec39b742 seed=0 arm=full_regen: per_fault={'ctx': True, 'concise': True} all_resolved=True n_resolved=2/2 tokens=(3800,1495)
  N=2 real_hotpotqa_00038_5a8719fa55429960ec39b742 seed=0 arm=react: per_fault={'ctx': True, 'concise': True} all_resolved=True n_resolved=2/2 tokens=(3853,1929)
  N=2 real_hotpotqa_00038_5a8719fa55429960ec39b742 seed=0 arm=selfcheckgpt: per_fault={'ctx': False, 'concise': True} all_resolved=False n_resolved=1/2 tokens=(10870,1016)
  N=2 real_hotpotqa_00038_5a8719fa55429960ec39b742 seed=0 arm=reflexion: per_fault={'ctx': True, 'concise': True} all_resolved=True n_resolved=2/2 tokens=(8145,2228)
  N=2 real_hotpotqa_00038_5a8719fa55429960ec39b742 seed=0 arm=intro_specter: per_fault={'ctx': True, 'concise': True} all_resolved=True n_resolved=2/2 tokens=(5172,1614)
  N=2 real_hotpotqa_00038_5a8719fa55429960ec39b742 seed=1 arm=direct: per_fault={'ctx': False, 'concise': True} all_resolved=False n_resolved=1/2 tokens=(1910,907)
  N=2 real_hotpotqa_00038_5a8719fa55429960ec39b742 seed=1 arm=self_refine: per_fault={'ctx': True, 'concise': True} all_resolved=True n_resolved=2/2 tokens=(5018,2571)
  N=2 real_hotpotqa_00038_5a8719fa55429960ec39b742 seed=1 arm=full_regen: per_fault={'ctx': True, 'concise': True} all_resolved=True n_resolved=2/2 tokens=(3820,1179)
  N=2 real_hotpotqa_00038_5a8719fa55429960ec39b742 seed=1 arm=react: per_fault={'ctx': True, 'concise': True} all_resolved=True n_resolved=2/2 tokens=(3853,1929)
  N=2 real_hotpotqa_00038_5a8719fa55429960ec39b742 seed=1 arm=selfcheckgpt: per_fault={'ctx': False, 'concise': True} all_resolved=False n_resolved=1/2 tokens=(10930,1038)
  N=2 real_hotpotqa_00038_5a8719fa55429960ec39b742 seed=1 arm=reflexion: per_fault={'ctx': True, 'concise': True} all_resolved=True n_resolved=2/2 tokens=(8145,2228)
  N=2 real_hotpotqa_00038_5a8719fa55429960ec39b742 seed=1 arm=intro_specter: per_fault={'ctx': True, 'concise': True} all_resolved=True n_resolved=2/2 tokens=(5172,1614)
  N=2 real_hotpotqa_00038_5a8719fa55429960ec39b742 seed=2 arm=direct: per_fault={'ctx': True, 'concise': True} all_resolved=True n_resolved=2/2 tokens=(1910,447)
  N=2 real_hotpotqa_00038_5a8719fa55429960ec39b742 seed=2 arm=self_refine: per_fault={'ctx': True, 'concise': True} all_resolved=True n_resolved=2/2 tokens=(4390,1287)
  N=2 real_hotpotqa_00038_5a8719fa55429960ec39b742 seed=2 arm=full_regen: per_fault={'ctx': True, 'concise': True} all_resolved=True n_resolved=2/2 tokens=(3820,1037)
  N=2 real_hotpotqa_00038_5a8719fa55429960ec39b742 seed=2 arm=react: per_fault={'ctx': True, 'concise': True} all_resolved=True n_resolved=2/2 tokens=(3873,1594)
  N=2 real_hotpotqa_00038_5a8719fa55429960ec39b742 seed=2 arm=selfcheckgpt: per_fault={'ctx': True, 'concise': True} all_resolved=True n_resolved=2/2 tokens=(12940,610)
  N=2 real_hotpotqa_00038_5a8719fa55429960ec39b742 seed=2 arm=reflexion: per_fault={'ctx': True, 'concise': True} all_resolved=True n_resolved=2/2 tokens=(1910,447)
  N=2 real_hotpotqa_00038_5a8719fa55429960ec39b742 seed=2 arm=intro_specter: per_fault={'ctx': True, 'concise': True} all_resolved=True n_resolved=2/2 tokens=(4524,1207)
  N=2 real_hotpotqa_00039_5ae52cb955429908b6326540 seed=0 arm=direct: per_fault={'ctx': False, 'concise': True} all_resolved=False n_resolved=1/2 tokens=(1936,526)
  N=2 real_hotpotqa_00039_5ae52cb955429908b6326540 seed=0 arm=self_refine: per_fault={'ctx': False, 'concise': True} all_resolved=False n_resolved=1/2 tokens=(4562,1399)
  N=2 real_hotpotqa_00039_5ae52cb955429908b6326540 seed=0 arm=full_regen: per_fault={'ctx': True, 'concise': True} all_resolved=True n_resolved=2/2 tokens=(3872,991)
  N=2 real_hotpotqa_00039_5ae52cb955429908b6326540 seed=0 arm=react: per_fault={'ctx': False, 'concise': True} all_resolved=False n_resolved=1/2 tokens=(3925,1521)
  N=2 real_hotpotqa_00039_5ae52cb955429908b6326540 seed=0 arm=selfcheckgpt: per_fault={'ctx': False, 'concise': True} all_resolved=False n_resolved=1/2 tokens=(11217,684)
  N=2 real_hotpotqa_00039_5ae52cb955429908b6326540 seed=0 arm=reflexion: per_fault={'ctx': True, 'concise': True} all_resolved=True n_resolved=2/2 tokens=(7233,1442)
  N=2 real_hotpotqa_00039_5ae52cb955429908b6326540 seed=0 arm=intro_specter: per_fault={'ctx': False, 'concise': True} all_resolved=False n_resolved=1/2 tokens=(4696,1198)
  N=2 real_hotpotqa_00039_5ae52cb955429908b6326540 seed=1 arm=direct: per_fault={'ctx': False, 'concise': True} all_resolved=False n_resolved=1/2 tokens=(1936,526)
  N=2 real_hotpotqa_00039_5ae52cb955429908b6326540 seed=1 arm=self_refine: per_fault={'ctx': False, 'concise': True} all_resolved=False n_resolved=1/2 tokens=(4562,1399)
  N=2 real_hotpotqa_00039_5ae52cb955429908b6326540 seed=1 arm=full_regen: per_fault={'ctx': False, 'concise': True} all_resolved=False n_resolved=1/2 tokens=(3852,1088)
  N=2 real_hotpotqa_00039_5ae52cb955429908b6326540 seed=1 arm=react: per_fault={'ctx': False, 'concise': True} all_resolved=False n_resolved=1/2 tokens=(3925,1521)
  N=2 real_hotpotqa_00039_5ae52cb955429908b6326540 seed=1 arm=selfcheckgpt: per_fault={'ctx': False, 'concise': True} all_resolved=False n_resolved=1/2 tokens=(11252,716)
  N=2 real_hotpotqa_00039_5ae52cb955429908b6326540 seed=1 arm=reflexion: per_fault={'ctx': True, 'concise': True} all_resolved=True n_resolved=2/2 tokens=(7233,1442)
  N=2 real_hotpotqa_00039_5ae52cb955429908b6326540 seed=1 arm=intro_specter: per_fault={'ctx': False, 'concise': True} all_resolved=False n_resolved=1/2 tokens=(4696,1198)
  N=2 real_hotpotqa_00039_5ae52cb955429908b6326540 seed=2 arm=direct: per_fault={'ctx': False, 'concise': True} all_resolved=False n_resolved=1/2 tokens=(1936,665)
  N=2 real_hotpotqa_00039_5ae52cb955429908b6326540 seed=2 arm=self_refine: per_fault={'ctx': False, 'concise': True} all_resolved=False n_resolved=1/2 tokens=(4681,1628)
  N=2 real_hotpotqa_00039_5ae52cb955429908b6326540 seed=2 arm=full_regen: per_fault={'ctx': False, 'concise': True} all_resolved=False n_resolved=1/2 tokens=(3872,1218)
  N=2 real_hotpotqa_00039_5ae52cb955429908b6326540 seed=2 arm=react: per_fault={'ctx': False, 'concise': True} all_resolved=False n_resolved=1/2 tokens=(3941,1017)
  N=2 real_hotpotqa_00039_5ae52cb955429908b6326540 seed=2 arm=selfcheckgpt: per_fault={'ctx': False, 'concise': True} all_resolved=False n_resolved=1/2 tokens=(13065,843)
  N=2 real_hotpotqa_00039_5ae52cb955429908b6326540 seed=2 arm=reflexion: per_fault={'ctx': True, 'concise': True} all_resolved=True n_resolved=2/2 tokens=(12425,3255)
  N=2 real_hotpotqa_00039_5ae52cb955429908b6326540 seed=2 arm=intro_specter: per_fault={'ctx': True, 'concise': True} all_resolved=True n_resolved=2/2 tokens=(4855,1427)
  N=2 real_hotpotqa_00041_5a83041355429966c78a6ae8 seed=0 arm=direct: per_fault={'ctx': True, 'preamble': True} all_resolved=True n_resolved=2/2 tokens=(1971,111)
  N=2 real_hotpotqa_00041_5a83041355429966c78a6ae8 seed=0 arm=self_refine: per_fault={'ctx': True, 'preamble': True} all_resolved=True n_resolved=2/2 tokens=(4051,396)
  N=2 real_hotpotqa_00041_5a83041355429966c78a6ae8 seed=0 arm=full_regen: per_fault={'ctx': True, 'preamble': True} all_resolved=True n_resolved=2/2 tokens=(3942,221)
  N=2 real_hotpotqa_00041_5a83041355429966c78a6ae8 seed=0 arm=react: per_fault={'ctx': True, 'preamble': True} all_resolved=True n_resolved=2/2 tokens=(3975,658)
  N=2 real_hotpotqa_00041_5a83041355429966c78a6ae8 seed=0 arm=selfcheckgpt: per_fault={'ctx': True, 'preamble': True} all_resolved=True n_resolved=2/2 tokens=(11493,274)
  N=2 real_hotpotqa_00041_5a83041355429966c78a6ae8 seed=0 arm=reflexion: per_fault={'ctx': True, 'preamble': True} all_resolved=True n_resolved=2/2 tokens=(1971,111)
  N=2 real_hotpotqa_00041_5a83041355429966c78a6ae8 seed=0 arm=intro_specter: per_fault={'ctx': True, 'preamble': True} all_resolved=True n_resolved=2/2 tokens=(4205,420)
  N=2 real_hotpotqa_00041_5a83041355429966c78a6ae8 seed=1 arm=direct: per_fault={'ctx': True, 'preamble': True} all_resolved=True n_resolved=2/2 tokens=(1971,111)
  N=2 real_hotpotqa_00041_5a83041355429966c78a6ae8 seed=1 arm=self_refine: per_fault={'ctx': True, 'preamble': True} all_resolved=True n_resolved=2/2 tokens=(4051,396)
  N=2 real_hotpotqa_00041_5a83041355429966c78a6ae8 seed=1 arm=full_regen: per_fault={'ctx': True, 'preamble': True} all_resolved=True n_resolved=2/2 tokens=(3942,509)
  N=2 real_hotpotqa_00041_5a83041355429966c78a6ae8 seed=1 arm=react: per_fault={'ctx': True, 'preamble': True} all_resolved=True n_resolved=2/2 tokens=(3975,658)
  N=2 real_hotpotqa_00041_5a83041355429966c78a6ae8 seed=1 arm=selfcheckgpt: per_fault={'ctx': False, 'preamble': True} all_resolved=False n_resolved=1/2 tokens=(13367,332)
  N=2 real_hotpotqa_00041_5a83041355429966c78a6ae8 seed=1 arm=reflexion: per_fault={'ctx': True, 'preamble': True} all_resolved=True n_resolved=2/2 tokens=(1971,111)
  N=2 real_hotpotqa_00041_5a83041355429966c78a6ae8 seed=1 arm=intro_specter: per_fault={'ctx': True, 'preamble': True} all_resolved=True n_resolved=2/2 tokens=(4205,420)
  N=2 real_hotpotqa_00041_5a83041355429966c78a6ae8 seed=2 arm=direct: per_fault={'ctx': True, 'preamble': True} all_resolved=True n_resolved=2/2 tokens=(1987,116)
  N=2 real_hotpotqa_00041_5a83041355429966c78a6ae8 seed=2 arm=self_refine: per_fault={'ctx': True, 'preamble': True} all_resolved=True n_resolved=2/2 tokens=(4073,523)
  N=2 real_hotpotqa_00041_5a83041355429966c78a6ae8 seed=2 arm=full_regen: per_fault={'ctx': True, 'preamble': True} all_resolved=True n_resolved=2/2 tokens=(3958,449)
  N=2 real_hotpotqa_00041_5a83041355429966c78a6ae8 seed=2 arm=react: per_fault={'ctx': True, 'preamble': True} all_resolved=True n_resolved=2/2 tokens=(3991,673)
  N=2 real_hotpotqa_00041_5a83041355429966c78a6ae8 seed=2 arm=selfcheckgpt: per_fault={'ctx': True, 'preamble': True} all_resolved=True n_resolved=2/2 tokens=(11520,318)
  N=2 real_hotpotqa_00041_5a83041355429966c78a6ae8 seed=2 arm=reflexion: per_fault={'ctx': True, 'preamble': True} all_resolved=True n_resolved=2/2 tokens=(1987,116)
  N=2 real_hotpotqa_00041_5a83041355429966c78a6ae8 seed=2 arm=intro_specter: per_fault={'ctx': True, 'preamble': True} all_resolved=True n_resolved=2/2 tokens=(4207,425)
  N=2 real_hotpotqa_00043_5ae5fa38554299546bf82ff1 seed=0 arm=direct: per_fault={'ctx': True, 'english': True} all_resolved=True n_resolved=2/2 tokens=(2113,534)
  N=2 real_hotpotqa_00043_5ae5fa38554299546bf82ff1 seed=0 arm=self_refine: per_fault={'ctx': True, 'english': True} all_resolved=True n_resolved=2/2 tokens=(4925,1324)
  N=2 real_hotpotqa_00043_5ae5fa38554299546bf82ff1 seed=0 arm=full_regen: per_fault={'ctx': False, 'english': True} all_resolved=False n_resolved=1/2 tokens=(4246,1297)
  N=2 real_hotpotqa_00043_5ae5fa38554299546bf82ff1 seed=0 arm=react: per_fault={'ctx': True, 'english': True} all_resolved=True n_resolved=2/2 tokens=(4279,964)
  N=2 real_hotpotqa_00043_5ae5fa38554299546bf82ff1 seed=0 arm=selfcheckgpt: per_fault={'ctx': True, 'english': True} all_resolved=True n_resolved=2/2 tokens=(12373,653)
  N=2 real_hotpotqa_00043_5ae5fa38554299546bf82ff1 seed=0 arm=reflexion: per_fault={'ctx': True, 'english': True} all_resolved=True n_resolved=2/2 tokens=(2113,534)
  N=2 real_hotpotqa_00043_5ae5fa38554299546bf82ff1 seed=0 arm=intro_specter: per_fault={'ctx': True, 'english': True} all_resolved=True n_resolved=2/2 tokens=(5099,1207)
  N=2 real_hotpotqa_00043_5ae5fa38554299546bf82ff1 seed=1 arm=direct: per_fault={'ctx': True, 'english': True} all_resolved=True n_resolved=2/2 tokens=(2113,534)
  N=2 real_hotpotqa_00043_5ae5fa38554299546bf82ff1 seed=1 arm=self_refine: per_fault={'ctx': True, 'english': True} all_resolved=True n_resolved=2/2 tokens=(4925,1324)
  N=2 real_hotpotqa_00043_5ae5fa38554299546bf82ff1 seed=1 arm=full_regen: per_fault={'ctx': True, 'english': True} all_resolved=True n_resolved=2/2 tokens=(4226,1183)
  N=2 real_hotpotqa_00043_5ae5fa38554299546bf82ff1 seed=1 arm=react: per_fault={'ctx': True, 'english': True} all_resolved=True n_resolved=2/2 tokens=(4279,964)
  N=2 real_hotpotqa_00043_5ae5fa38554299546bf82ff1 seed=1 arm=selfcheckgpt: per_fault={'ctx': True, 'english': True} all_resolved=True n_resolved=2/2 tokens=(12424,647)
  N=2 real_hotpotqa_00043_5ae5fa38554299546bf82ff1 seed=1 arm=reflexion: per_fault={'ctx': True, 'english': True} all_resolved=True n_resolved=2/2 tokens=(2113,534)
  N=2 real_hotpotqa_00043_5ae5fa38554299546bf82ff1 seed=1 arm=intro_specter: per_fault={'ctx': True, 'english': True} all_resolved=True n_resolved=2/2 tokens=(5099,1207)
  N=2 real_hotpotqa_00043_5ae5fa38554299546bf82ff1 seed=2 arm=direct: per_fault={'ctx': True, 'english': True} all_resolved=True n_resolved=2/2 tokens=(2113,290)
  N=2 real_hotpotqa_00043_5ae5fa38554299546bf82ff1 seed=2 arm=self_refine: per_fault={'ctx': True, 'english': True} all_resolved=True n_resolved=2/2 tokens=(4633,862)
  N=2 real_hotpotqa_00043_5ae5fa38554299546bf82ff1 seed=2 arm=full_regen: per_fault={'ctx': True, 'english': True} all_resolved=True n_resolved=2/2 tokens=(4226,805)
  N=2 real_hotpotqa_00043_5ae5fa38554299546bf82ff1 seed=2 arm=react: per_fault={'ctx': True, 'english': True} all_resolved=True n_resolved=2/2 tokens=(4279,720)
  N=2 real_hotpotqa_00043_5ae5fa38554299546bf82ff1 seed=2 arm=selfcheckgpt: per_fault={'ctx': True, 'english': True} all_resolved=True n_resolved=2/2 tokens=(12399,451)
  N=2 real_hotpotqa_00043_5ae5fa38554299546bf82ff1 seed=2 arm=reflexion: per_fault={'ctx': True, 'english': True} all_resolved=True n_resolved=2/2 tokens=(2113,290)
  N=2 real_hotpotqa_00043_5ae5fa38554299546bf82ff1 seed=2 arm=intro_specter: per_fault={'ctx': True, 'english': True} all_resolved=True n_resolved=2/2 tokens=(4787,789)
  N=2 real_hotpotqa_00046_5a8aed1755429950cd6afbf1 seed=0 arm=direct: per_fault={'ctx': True, 'concise': True} all_resolved=True n_resolved=2/2 tokens=(1722,136)
  N=2 real_hotpotqa_00046_5a8aed1755429950cd6afbf1 seed=0 arm=self_refine: per_fault={'ctx': True, 'concise': False} all_resolved=False n_resolved=1/2 tokens=(3578,452)
  N=2 real_hotpotqa_00046_5a8aed1755429950cd6afbf1 seed=0 arm=full_regen: per_fault={'ctx': True, 'concise': False} all_resolved=False n_resolved=1/2 tokens=(3444,302)
  N=2 real_hotpotqa_00046_5a8aed1755429950cd6afbf1 seed=0 arm=react: per_fault={'ctx': True, 'concise': False} all_resolved=False n_resolved=1/2 tokens=(3477,1352)
  N=2 real_hotpotqa_00046_5a8aed1755429950cd6afbf1 seed=0 arm=selfcheckgpt: per_fault={'ctx': True, 'concise': True} all_resolved=True n_resolved=2/2 tokens=(10352,680)
  N=2 real_hotpotqa_00046_5a8aed1755429950cd6afbf1 seed=0 arm=reflexion: per_fault={'ctx': True, 'concise': True} all_resolved=True n_resolved=2/2 tokens=(1722,136)
  N=2 real_hotpotqa_00046_5a8aed1755429950cd6afbf1 seed=0 arm=intro_specter: per_fault={'ctx': True, 'concise': True} all_resolved=True n_resolved=2/2 tokens=(3712,535)
  N=2 real_hotpotqa_00046_5a8aed1755429950cd6afbf1 seed=1 arm=direct: per_fault={'ctx': True, 'concise': True} all_resolved=True n_resolved=2/2 tokens=(1722,136)
  N=2 real_hotpotqa_00046_5a8aed1755429950cd6afbf1 seed=1 arm=self_refine: per_fault={'ctx': True, 'concise': False} all_resolved=False n_resolved=1/2 tokens=(3578,452)
  N=2 real_hotpotqa_00046_5a8aed1755429950cd6afbf1 seed=1 arm=full_regen: per_fault={'ctx': True, 'concise': True} all_resolved=True n_resolved=2/2 tokens=(3424,390)
  N=2 real_hotpotqa_00046_5a8aed1755429950cd6afbf1 seed=1 arm=react: per_fault={'ctx': True, 'concise': False} all_resolved=False n_resolved=1/2 tokens=(3477,1352)
  N=2 real_hotpotqa_00046_5a8aed1755429950cd6afbf1 seed=1 arm=selfcheckgpt: per_fault={'ctx': True, 'concise': True} all_resolved=True n_resolved=2/2 tokens=(9916,231)
  N=2 real_hotpotqa_00046_5a8aed1755429950cd6afbf1 seed=1 arm=reflexion: per_fault={'ctx': True, 'concise': True} all_resolved=True n_resolved=2/2 tokens=(1722,136)
  N=2 real_hotpotqa_00046_5a8aed1755429950cd6afbf1 seed=1 arm=intro_specter: per_fault={'ctx': True, 'concise': True} all_resolved=True n_resolved=2/2 tokens=(3712,535)
  N=2 real_hotpotqa_00046_5a8aed1755429950cd6afbf1 seed=2 arm=direct: per_fault={'ctx': True, 'concise': True} all_resolved=True n_resolved=2/2 tokens=(1702,308)
  N=2 real_hotpotqa_00046_5a8aed1755429950cd6afbf1 seed=2 arm=self_refine: per_fault={'ctx': True, 'concise': False} all_resolved=False n_resolved=1/2 tokens=(3830,1002)
  N=2 real_hotpotqa_00046_5a8aed1755429950cd6afbf1 seed=2 arm=full_regen: per_fault={'ctx': True, 'concise': False} all_resolved=False n_resolved=1/2 tokens=(3404,746)
  N=2 real_hotpotqa_00046_5a8aed1755429950cd6afbf1 seed=2 arm=react: per_fault={'ctx': False, 'concise': True} all_resolved=False n_resolved=1/2 tokens=(3477,1374)
  N=2 real_hotpotqa_00046_5a8aed1755429950cd6afbf1 seed=2 arm=selfcheckgpt: per_fault={'ctx': True, 'concise': True} all_resolved=True n_resolved=2/2 tokens=(11743,597)
  N=2 real_hotpotqa_00046_5a8aed1755429950cd6afbf1 seed=2 arm=reflexion: per_fault={'ctx': True, 'concise': True} all_resolved=True n_resolved=2/2 tokens=(1702,308)
  N=2 real_hotpotqa_00046_5a8aed1755429950cd6afbf1 seed=2 arm=intro_specter: per_fault={'ctx': True, 'concise': True} all_resolved=True n_resolved=2/2 tokens=(3984,814)
  N=2 real_hotpotqa_00047_5a8ceddb554299441c6b9f85 seed=0 arm=direct: per_fault={'ctx': True, 'preamble': True} all_resolved=True n_resolved=2/2 tokens=(1993,86)
  N=2 real_hotpotqa_00047_5a8ceddb554299441c6b9f85 seed=0 arm=self_refine: per_fault={'ctx': True, 'preamble': False} all_resolved=False n_resolved=1/2 tokens=(4056,506)
  N=2 real_hotpotqa_00047_5a8ceddb554299441c6b9f85 seed=0 arm=full_regen: per_fault={'ctx': False, 'preamble': True} all_resolved=False n_resolved=1/2 tokens=(3986,206)
  N=2 real_hotpotqa_00047_5a8ceddb554299441c6b9f85 seed=0 arm=react: per_fault={'ctx': False, 'preamble': True} all_resolved=False n_resolved=1/2 tokens=(4003,668)
  N=2 real_hotpotqa_00047_5a8ceddb554299441c6b9f85 seed=0 arm=selfcheckgpt: per_fault={'ctx': True, 'preamble': True} all_resolved=True n_resolved=2/2 tokens=(11515,266)
  N=2 real_hotpotqa_00047_5a8ceddb554299441c6b9f85 seed=0 arm=reflexion: per_fault={'ctx': True, 'preamble': True} all_resolved=True n_resolved=2/2 tokens=(1993,86)
  N=2 real_hotpotqa_00047_5a8ceddb554299441c6b9f85 seed=0 arm=intro_specter: per_fault={'ctx': True, 'preamble': True} all_resolved=True n_resolved=2/2 tokens=(4210,625)
  N=2 real_hotpotqa_00047_5a8ceddb554299441c6b9f85 seed=1 arm=direct: per_fault={'ctx': True, 'preamble': True} all_resolved=True n_resolved=2/2 tokens=(1993,86)
  N=2 real_hotpotqa_00047_5a8ceddb554299441c6b9f85 seed=1 arm=self_refine: per_fault={'ctx': True, 'preamble': False} all_resolved=False n_resolved=1/2 tokens=(4056,506)
  N=2 real_hotpotqa_00047_5a8ceddb554299441c6b9f85 seed=1 arm=full_regen: per_fault={'ctx': False, 'preamble': True} all_resolved=False n_resolved=1/2 tokens=(3986,178)
  N=2 real_hotpotqa_00047_5a8ceddb554299441c6b9f85 seed=1 arm=react: per_fault={'ctx': False, 'preamble': True} all_resolved=False n_resolved=1/2 tokens=(4003,668)
  N=2 real_hotpotqa_00047_5a8ceddb554299441c6b9f85 seed=1 arm=selfcheckgpt: per_fault={'ctx': True, 'preamble': True} all_resolved=True n_resolved=2/2 tokens=(13405,277)
  N=2 real_hotpotqa_00047_5a8ceddb554299441c6b9f85 seed=1 arm=reflexion: per_fault={'ctx': True, 'preamble': True} all_resolved=True n_resolved=2/2 tokens=(1993,86)
  N=2 real_hotpotqa_00047_5a8ceddb554299441c6b9f85 seed=1 arm=intro_specter: per_fault={'ctx': True, 'preamble': True} all_resolved=True n_resolved=2/2 tokens=(4210,625)
  N=2 real_hotpotqa_00047_5a8ceddb554299441c6b9f85 seed=2 arm=direct: per_fault={'ctx': True, 'preamble': True} all_resolved=True n_resolved=2/2 tokens=(1957,238)
  N=2 real_hotpotqa_00047_5a8ceddb554299441c6b9f85 seed=2 arm=self_refine: per_fault={'ctx': True, 'preamble': True} all_resolved=True n_resolved=2/2 tokens=(4215,685)
  N=2 real_hotpotqa_00047_5a8ceddb554299441c6b9f85 seed=2 arm=full_regen: per_fault={'ctx': True, 'preamble': True} all_resolved=True n_resolved=2/2 tokens=(3914,505)
  N=2 real_hotpotqa_00047_5a8ceddb554299441c6b9f85 seed=2 arm=react: per_fault={'ctx': False, 'preamble': True} all_resolved=False n_resolved=1/2 tokens=(3967,820)
  N=2 real_hotpotqa_00047_5a8ceddb554299441c6b9f85 seed=2 arm=selfcheckgpt: per_fault={'ctx': True, 'preamble': True} all_resolved=True n_resolved=2/2 tokens=(11441,389)
  N=2 real_hotpotqa_00047_5a8ceddb554299441c6b9f85 seed=2 arm=reflexion: per_fault={'ctx': True, 'preamble': True} all_resolved=True n_resolved=2/2 tokens=(1957,238)
  N=2 real_hotpotqa_00047_5a8ceddb554299441c6b9f85 seed=2 arm=intro_specter: per_fault={'ctx': True, 'preamble': True} all_resolved=True n_resolved=2/2 tokens=(4368,743)
  N=2 real_hotpotqa_00048_5ae164685542997b2ef7d1cb seed=0 arm=direct: per_fault={'ctx': True, 'bullets': True} all_resolved=True n_resolved=2/2 tokens=(1867,286)
  N=2 real_hotpotqa_00048_5ae164685542997b2ef7d1cb seed=0 arm=self_refine: per_fault={'ctx': True, 'bullets': True} all_resolved=True n_resolved=2/2 tokens=(4101,803)
  N=2 real_hotpotqa_00048_5ae164685542997b2ef7d1cb seed=0 arm=full_regen: per_fault={'ctx': False, 'bullets': True} all_resolved=False n_resolved=1/2 tokens=(3754,514)
  N=2 real_hotpotqa_00048_5ae164685542997b2ef7d1cb seed=0 arm=react: per_fault={'ctx': True, 'bullets': True} all_resolved=True n_resolved=2/2 tokens=(3842,1803)
  N=2 real_hotpotqa_00048_5ae164685542997b2ef7d1cb seed=0 arm=selfcheckgpt: per_fault={'ctx': True, 'bullets': True} all_resolved=True n_resolved=2/2 tokens=(10909,453)
  N=2 real_hotpotqa_00048_5ae164685542997b2ef7d1cb seed=0 arm=reflexion: per_fault={'ctx': True, 'bullets': True} all_resolved=True n_resolved=2/2 tokens=(1867,286)
  N=2 real_hotpotqa_00048_5ae164685542997b2ef7d1cb seed=0 arm=intro_specter: per_fault={'ctx': True, 'bullets': True} all_resolved=True n_resolved=2/2 tokens=(4235,711)
  N=2 real_hotpotqa_00048_5ae164685542997b2ef7d1cb seed=1 arm=direct: per_fault={'ctx': True, 'bullets': True} all_resolved=True n_resolved=2/2 tokens=(1867,286)
  N=2 real_hotpotqa_00048_5ae164685542997b2ef7d1cb seed=1 arm=self_refine: per_fault={'ctx': True, 'bullets': True} all_resolved=True n_resolved=2/2 tokens=(4101,803)
  N=2 real_hotpotqa_00048_5ae164685542997b2ef7d1cb seed=1 arm=full_regen: per_fault={'ctx': False, 'bullets': True} all_resolved=False n_resolved=1/2 tokens=(3754,396)
  N=2 real_hotpotqa_00048_5ae164685542997b2ef7d1cb seed=1 arm=react: per_fault={'ctx': True, 'bullets': True} all_resolved=True n_resolved=2/2 tokens=(3842,1803)
  N=2 real_hotpotqa_00048_5ae164685542997b2ef7d1cb seed=1 arm=selfcheckgpt: per_fault={'ctx': True, 'bullets': True} all_resolved=True n_resolved=2/2 tokens=(10913,409)
  N=2 real_hotpotqa_00048_5ae164685542997b2ef7d1cb seed=1 arm=reflexion: per_fault={'ctx': True, 'bullets': True} all_resolved=True n_resolved=2/2 tokens=(1867,286)
  N=2 real_hotpotqa_00048_5ae164685542997b2ef7d1cb seed=1 arm=intro_specter: per_fault={'ctx': True, 'bullets': True} all_resolved=True n_resolved=2/2 tokens=(4235,711)
  N=2 real_hotpotqa_00048_5ae164685542997b2ef7d1cb seed=2 arm=direct: per_fault={'ctx': True, 'bullets': True} all_resolved=True n_resolved=2/2 tokens=(1887,126)
  N=2 real_hotpotqa_00048_5ae164685542997b2ef7d1cb seed=2 arm=self_refine: per_fault={'ctx': True, 'bullets': True} all_resolved=True n_resolved=2/2 tokens=(3878,402)
  N=2 real_hotpotqa_00048_5ae164685542997b2ef7d1cb seed=2 arm=full_regen: per_fault={'ctx': True, 'bullets': True} all_resolved=True n_resolved=2/2 tokens=(3754,275)
  N=2 real_hotpotqa_00048_5ae164685542997b2ef7d1cb seed=2 arm=react: per_fault={'ctx': True, 'bullets': True} all_resolved=True n_resolved=2/2 tokens=(3842,654)
  N=2 real_hotpotqa_00048_5ae164685542997b2ef7d1cb seed=2 arm=selfcheckgpt: per_fault={'ctx': True, 'bullets': True} all_resolved=True n_resolved=2/2 tokens=(13109,684)
  N=2 real_hotpotqa_00048_5ae164685542997b2ef7d1cb seed=2 arm=reflexion: per_fault={'ctx': True, 'bullets': True} all_resolved=True n_resolved=2/2 tokens=(1887,126)
  N=2 real_hotpotqa_00048_5ae164685542997b2ef7d1cb seed=2 arm=intro_specter: per_fault={'ctx': True, 'bullets': True} all_resolved=True n_resolved=2/2 tokens=(4068,700)
  N=2 real_hotpotqa_00051_5a70f4695542994082a3e435 seed=0 arm=direct: per_fault={'ctx': True, 'concise': True} all_resolved=True n_resolved=2/2 tokens=(1747,409)
  N=2 real_hotpotqa_00051_5a70f4695542994082a3e435 seed=0 arm=self_refine: per_fault={'ctx': True, 'concise': False} all_resolved=False n_resolved=1/2 tokens=(4005,1216)
  N=2 real_hotpotqa_00051_5a70f4695542994082a3e435 seed=0 arm=full_regen: per_fault={'ctx': True, 'concise': True} all_resolved=True n_resolved=2/2 tokens=(3514,793)
  N=2 real_hotpotqa_00051_5a70f4695542994082a3e435 seed=0 arm=react: per_fault={'ctx': True, 'concise': True} all_resolved=True n_resolved=2/2 tokens=(3547,892)
  N=2 real_hotpotqa_00051_5a70f4695542994082a3e435 seed=0 arm=selfcheckgpt: per_fault={'ctx': True, 'concise': True} all_resolved=True n_resolved=2/2 tokens=(10463,750)
  N=2 real_hotpotqa_00051_5a70f4695542994082a3e435 seed=0 arm=reflexion: per_fault={'ctx': True, 'concise': True} all_resolved=True n_resolved=2/2 tokens=(1747,409)
  N=2 real_hotpotqa_00051_5a70f4695542994082a3e435 seed=0 arm=intro_specter: per_fault={'ctx': True, 'concise': True} all_resolved=True n_resolved=2/2 tokens=(4175,947)
  N=2 real_hotpotqa_00051_5a70f4695542994082a3e435 seed=1 arm=direct: per_fault={'ctx': True, 'concise': True} all_resolved=True n_resolved=2/2 tokens=(1747,409)
  N=2 real_hotpotqa_00051_5a70f4695542994082a3e435 seed=1 arm=self_refine: per_fault={'ctx': True, 'concise': False} all_resolved=False n_resolved=1/2 tokens=(4005,1216)
  N=2 real_hotpotqa_00051_5a70f4695542994082a3e435 seed=1 arm=full_regen: per_fault={'ctx': True, 'concise': True} all_resolved=True n_resolved=2/2 tokens=(3494,781)
  N=2 real_hotpotqa_00051_5a70f4695542994082a3e435 seed=1 arm=react: per_fault={'ctx': True, 'concise': True} all_resolved=True n_resolved=2/2 tokens=(3547,892)
  N=2 real_hotpotqa_00051_5a70f4695542994082a3e435 seed=1 arm=selfcheckgpt: per_fault={'ctx': True, 'concise': True} all_resolved=True n_resolved=2/2 tokens=(12213,926)
  N=2 real_hotpotqa_00051_5a70f4695542994082a3e435 seed=1 arm=reflexion: per_fault={'ctx': True, 'concise': True} all_resolved=True n_resolved=2/2 tokens=(1747,409)
  N=2 real_hotpotqa_00051_5a70f4695542994082a3e435 seed=1 arm=intro_specter: per_fault={'ctx': True, 'concise': True} all_resolved=True n_resolved=2/2 tokens=(4175,947)
  N=2 real_hotpotqa_00051_5a70f4695542994082a3e435 seed=2 arm=direct: per_fault={'ctx': True, 'concise': False} all_resolved=False n_resolved=1/2 tokens=(1767,693)
  N=2 real_hotpotqa_00051_5a70f4695542994082a3e435 seed=2 arm=self_refine: per_fault={'ctx': True, 'concise': True} all_resolved=True n_resolved=2/2 tokens=(4309,1353)
  N=2 real_hotpotqa_00051_5a70f4695542994082a3e435 seed=2 arm=full_regen: per_fault={'ctx': True, 'concise': True} all_resolved=True n_resolved=2/2 tokens=(3550,1000)
  N=2 real_hotpotqa_00051_5a70f4695542994082a3e435 seed=2 arm=react: per_fault={'ctx': True, 'concise': True} all_resolved=True n_resolved=2/2 tokens=(3567,1176)
  N=2 real_hotpotqa_00051_5a70f4695542994082a3e435 seed=2 arm=selfcheckgpt: per_fault={'ctx': True, 'concise': True} all_resolved=True n_resolved=2/2 tokens=(13697,1272)
  N=2 real_hotpotqa_00051_5a70f4695542994082a3e435 seed=2 arm=reflexion: per_fault={'ctx': True, 'concise': False} all_resolved=False n_resolved=1/2 tokens=(1767,693)
  N=2 real_hotpotqa_00051_5a70f4695542994082a3e435 seed=2 arm=intro_specter: per_fault={'ctx': True, 'concise': False} all_resolved=False n_resolved=1/2 tokens=(4443,1280)
  N=2 real_hotpotqa_00052_5ae234e85542994d89d5b395 seed=0 arm=direct: per_fault={'ctx': True, 'bullets': True} all_resolved=True n_resolved=2/2 tokens=(1911,337)
  N=2 real_hotpotqa_00052_5ae234e85542994d89d5b395 seed=0 arm=self_refine: per_fault={'ctx': True, 'bullets': True} all_resolved=True n_resolved=2/2 tokens=(4241,1010)
  N=2 real_hotpotqa_00052_5ae234e85542994d89d5b395 seed=0 arm=full_regen: per_fault={'ctx': False, 'bullets': True} all_resolved=False n_resolved=1/2 tokens=(3822,742)
  N=2 real_hotpotqa_00052_5ae234e85542994d89d5b395 seed=0 arm=react: per_fault={'ctx': True, 'bullets': True} all_resolved=True n_resolved=2/2 tokens=(3875,1357)
  N=2 real_hotpotqa_00052_5ae234e85542994d89d5b395 seed=0 arm=selfcheckgpt: per_fault={'ctx': True, 'bullets': True} all_resolved=True n_resolved=2/2 tokens=(13201,844)
  N=2 real_hotpotqa_00052_5ae234e85542994d89d5b395 seed=0 arm=reflexion: per_fault={'ctx': True, 'bullets': True} all_resolved=True n_resolved=2/2 tokens=(1911,337)
  N=2 real_hotpotqa_00052_5ae234e85542994d89d5b395 seed=0 arm=intro_specter: per_fault={'ctx': True, 'bullets': True} all_resolved=True n_resolved=2/2 tokens=(4375,836)
  N=2 real_hotpotqa_00052_5ae234e85542994d89d5b395 seed=1 arm=direct: per_fault={'ctx': True, 'bullets': True} all_resolved=True n_resolved=2/2 tokens=(1911,337)
  N=2 real_hotpotqa_00052_5ae234e85542994d89d5b395 seed=1 arm=self_refine: per_fault={'ctx': True, 'bullets': True} all_resolved=True n_resolved=2/2 tokens=(4241,1010)
  N=2 real_hotpotqa_00052_5ae234e85542994d89d5b395 seed=1 arm=full_regen: per_fault={'ctx': True, 'bullets': True} all_resolved=True n_resolved=2/2 tokens=(3822,779)
  N=2 real_hotpotqa_00052_5ae234e85542994d89d5b395 seed=1 arm=react: per_fault={'ctx': True, 'bullets': True} all_resolved=True n_resolved=2/2 tokens=(3875,1357)
  N=2 real_hotpotqa_00052_5ae234e85542994d89d5b395 seed=1 arm=selfcheckgpt: per_fault={'ctx': True, 'bullets': True} all_resolved=True n_resolved=2/2 tokens=(11081,456)
  N=2 real_hotpotqa_00052_5ae234e85542994d89d5b395 seed=1 arm=reflexion: per_fault={'ctx': True, 'bullets': True} all_resolved=True n_resolved=2/2 tokens=(1911,337)
  N=2 real_hotpotqa_00052_5ae234e85542994d89d5b395 seed=1 arm=intro_specter: per_fault={'ctx': True, 'bullets': True} all_resolved=True n_resolved=2/2 tokens=(4375,836)
  N=2 real_hotpotqa_00052_5ae234e85542994d89d5b395 seed=2 arm=direct: per_fault={'ctx': True, 'bullets': True} all_resolved=True n_resolved=2/2 tokens=(1911,321)
  N=2 real_hotpotqa_00052_5ae234e85542994d89d5b395 seed=2 arm=self_refine: per_fault={'ctx': True, 'bullets': True} all_resolved=True n_resolved=2/2 tokens=(4205,948)
  N=2 real_hotpotqa_00052_5ae234e85542994d89d5b395 seed=2 arm=full_regen: per_fault={'ctx': False, 'bullets': True} all_resolved=False n_resolved=1/2 tokens=(3802,498)
  N=2 real_hotpotqa_00052_5ae234e85542994d89d5b395 seed=2 arm=react: per_fault={'ctx': True, 'bullets': True} all_resolved=True n_resolved=2/2 tokens=(3855,1056)
  N=2 real_hotpotqa_00052_5ae234e85542994d89d5b395 seed=2 arm=selfcheckgpt: per_fault={'ctx': False, 'bullets': True} all_resolved=False n_resolved=1/2 tokens=(12942,470)
  N=2 real_hotpotqa_00052_5ae234e85542994d89d5b395 seed=2 arm=reflexion: per_fault={'ctx': True, 'bullets': True} all_resolved=True n_resolved=2/2 tokens=(1911,321)
  N=2 real_hotpotqa_00052_5ae234e85542994d89d5b395 seed=2 arm=intro_specter: per_fault={'ctx': True, 'bullets': True} all_resolved=True n_resolved=2/2 tokens=(4395,735)
  N=2 real_hotpotqa_00053_5ae4ec1e5542990ba0bbb19b seed=0 arm=direct: per_fault={'ctx': False, 'concise': True} all_resolved=False n_resolved=1/2 tokens=(1802,337)
  N=2 real_hotpotqa_00053_5ae4ec1e5542990ba0bbb19b seed=0 arm=self_refine: per_fault={'ctx': True, 'concise': True} all_resolved=True n_resolved=2/2 tokens=(4024,922)
  N=2 real_hotpotqa_00053_5ae4ec1e5542990ba0bbb19b seed=0 arm=full_regen: per_fault={'ctx': True, 'concise': True} all_resolved=True n_resolved=2/2 tokens=(3584,681)
  N=2 real_hotpotqa_00053_5ae4ec1e5542990ba0bbb19b seed=0 arm=react: per_fault={'ctx': False, 'concise': True} all_resolved=False n_resolved=1/2 tokens=(3657,906)
  N=2 real_hotpotqa_00053_5ae4ec1e5542990ba0bbb19b seed=0 arm=selfcheckgpt: per_fault={'ctx': True, 'concise': True} all_resolved=True n_resolved=2/2 tokens=(12236,607)
  N=2 real_hotpotqa_00053_5ae4ec1e5542990ba0bbb19b seed=0 arm=reflexion: per_fault={'ctx': True, 'concise': True} all_resolved=True n_resolved=2/2 tokens=(6272,893)
  N=2 real_hotpotqa_00053_5ae4ec1e5542990ba0bbb19b seed=0 arm=intro_specter: per_fault={'ctx': True, 'concise': True} all_resolved=True n_resolved=2/2 tokens=(4178,772)
  N=2 real_hotpotqa_00053_5ae4ec1e5542990ba0bbb19b seed=1 arm=direct: per_fault={'ctx': False, 'concise': True} all_resolved=False n_resolved=1/2 tokens=(1802,337)
  N=2 real_hotpotqa_00053_5ae4ec1e5542990ba0bbb19b seed=1 arm=self_refine: per_fault={'ctx': True, 'concise': True} all_resolved=True n_resolved=2/2 tokens=(4024,922)
  N=2 real_hotpotqa_00053_5ae4ec1e5542990ba0bbb19b seed=1 arm=full_regen: per_fault={'ctx': True, 'concise': True} all_resolved=True n_resolved=2/2 tokens=(3584,661)
  N=2 real_hotpotqa_00053_5ae4ec1e5542990ba0bbb19b seed=1 arm=react: per_fault={'ctx': False, 'concise': True} all_resolved=False n_resolved=1/2 tokens=(3657,906)
  N=2 real_hotpotqa_00053_5ae4ec1e5542990ba0bbb19b seed=1 arm=selfcheckgpt: per_fault={'ctx': True, 'concise': True} all_resolved=True n_resolved=2/2 tokens=(12203,579)
  N=2 real_hotpotqa_00053_5ae4ec1e5542990ba0bbb19b seed=1 arm=reflexion: per_fault={'ctx': True, 'concise': True} all_resolved=True n_resolved=2/2 tokens=(6272,893)
  N=2 real_hotpotqa_00053_5ae4ec1e5542990ba0bbb19b seed=1 arm=intro_specter: per_fault={'ctx': True, 'concise': True} all_resolved=True n_resolved=2/2 tokens=(4178,772)
  N=2 real_hotpotqa_00053_5ae4ec1e5542990ba0bbb19b seed=2 arm=direct: per_fault={'ctx': True, 'concise': True} all_resolved=True n_resolved=2/2 tokens=(1802,441)
  N=2 real_hotpotqa_00053_5ae4ec1e5542990ba0bbb19b seed=2 arm=self_refine: per_fault={'ctx': True, 'concise': True} all_resolved=True n_resolved=2/2 tokens=(4129,1235)
  N=2 real_hotpotqa_00053_5ae4ec1e5542990ba0bbb19b seed=2 arm=full_regen: per_fault={'ctx': True, 'concise': True} all_resolved=True n_resolved=2/2 tokens=(3620,653)
  N=2 real_hotpotqa_00053_5ae4ec1e5542990ba0bbb19b seed=2 arm=react: per_fault={'ctx': True, 'concise': False} all_resolved=False n_resolved=1/2 tokens=(3673,1029)
  N=2 real_hotpotqa_00053_5ae4ec1e5542990ba0bbb19b seed=2 arm=selfcheckgpt: per_fault={'ctx': False, 'concise': True} all_resolved=False n_resolved=1/2 tokens=(12237,763)
  N=2 real_hotpotqa_00053_5ae4ec1e5542990ba0bbb19b seed=2 arm=reflexion: per_fault={'ctx': True, 'concise': True} all_resolved=True n_resolved=2/2 tokens=(1802,441)
  N=2 real_hotpotqa_00053_5ae4ec1e5542990ba0bbb19b seed=2 arm=intro_specter: per_fault={'ctx': True, 'concise': True} all_resolved=True n_resolved=2/2 tokens=(4283,1048)
  N=2 real_hotpotqa_00054_5ab7ef0f5542991d322237ca seed=0 arm=direct: per_fault={'ctx': True, 'concise': True} all_resolved=True n_resolved=2/2 tokens=(1933,326)
  N=2 real_hotpotqa_00054_5ab7ef0f5542991d322237ca seed=0 arm=self_refine: per_fault={'ctx': True, 'concise': False} all_resolved=False n_resolved=1/2 tokens=(4274,1033)
  N=2 real_hotpotqa_00054_5ab7ef0f5542991d322237ca seed=0 arm=full_regen: per_fault={'ctx': True, 'concise': True} all_resolved=True n_resolved=2/2 tokens=(3846,959)
  N=2 real_hotpotqa_00054_5ab7ef0f5542991d322237ca seed=0 arm=react: per_fault={'ctx': True, 'concise': True} all_resolved=True n_resolved=2/2 tokens=(3899,1448)
  N=2 real_hotpotqa_00054_5ab7ef0f5542991d322237ca seed=0 arm=selfcheckgpt: per_fault={'ctx': True, 'concise': True} all_resolved=True n_resolved=2/2 tokens=(13063,502)
  N=2 real_hotpotqa_00054_5ab7ef0f5542991d322237ca seed=0 arm=reflexion: per_fault={'ctx': True, 'concise': True} all_resolved=True n_resolved=2/2 tokens=(1933,326)
  N=2 real_hotpotqa_00054_5ab7ef0f5542991d322237ca seed=0 arm=intro_specter: per_fault={'ctx': True, 'concise': True} all_resolved=True n_resolved=2/2 tokens=(4409,852)
  N=2 real_hotpotqa_00054_5ab7ef0f5542991d322237ca seed=1 arm=direct: per_fault={'ctx': True, 'concise': True} all_resolved=True n_resolved=2/2 tokens=(1933,326)
  N=2 real_hotpotqa_00054_5ab7ef0f5542991d322237ca seed=1 arm=self_refine: per_fault={'ctx': True, 'concise': False} all_resolved=False n_resolved=1/2 tokens=(4274,1033)
  N=2 real_hotpotqa_00054_5ab7ef0f5542991d322237ca seed=1 arm=full_regen: per_fault={'ctx': True, 'concise': True} all_resolved=True n_resolved=2/2 tokens=(3846,568)
  N=2 real_hotpotqa_00054_5ab7ef0f5542991d322237ca seed=1 arm=react: per_fault={'ctx': True, 'concise': True} all_resolved=True n_resolved=2/2 tokens=(3899,1448)
  N=2 real_hotpotqa_00054_5ab7ef0f5542991d322237ca seed=1 arm=selfcheckgpt: per_fault={'ctx': True, 'concise': True} all_resolved=True n_resolved=2/2 tokens=(11219,424)
  N=2 real_hotpotqa_00054_5ab7ef0f5542991d322237ca seed=1 arm=reflexion: per_fault={'ctx': True, 'concise': True} all_resolved=True n_resolved=2/2 tokens=(1933,326)
  N=2 real_hotpotqa_00054_5ab7ef0f5542991d322237ca seed=1 arm=intro_specter: per_fault={'ctx': True, 'concise': True} all_resolved=True n_resolved=2/2 tokens=(4409,852)
  N=2 real_hotpotqa_00054_5ab7ef0f5542991d322237ca seed=2 arm=direct: per_fault={'ctx': True, 'concise': True} all_resolved=True n_resolved=2/2 tokens=(1913,289)
  N=2 real_hotpotqa_00054_5ab7ef0f5542991d322237ca seed=2 arm=self_refine: per_fault={'ctx': True, 'concise': False} all_resolved=False n_resolved=1/2 tokens=(4217,1017)
  N=2 real_hotpotqa_00054_5ab7ef0f5542991d322237ca seed=2 arm=full_regen: per_fault={'ctx': True, 'concise': True} all_resolved=True n_resolved=2/2 tokens=(3826,671)
  N=2 real_hotpotqa_00054_5ab7ef0f5542991d322237ca seed=2 arm=react: per_fault={'ctx': True, 'concise': True} all_resolved=True n_resolved=2/2 tokens=(3879,1411)
  N=2 real_hotpotqa_00054_5ab7ef0f5542991d322237ca seed=2 arm=selfcheckgpt: per_fault={'ctx': True, 'concise': True} all_resolved=True n_resolved=2/2 tokens=(11130,424)
  N=2 real_hotpotqa_00054_5ab7ef0f5542991d322237ca seed=2 arm=reflexion: per_fault={'ctx': True, 'concise': True} all_resolved=True n_resolved=2/2 tokens=(1913,289)
  N=2 real_hotpotqa_00054_5ab7ef0f5542991d322237ca seed=2 arm=intro_specter: per_fault={'ctx': True, 'concise': True} all_resolved=True n_resolved=2/2 tokens=(4351,856)
  N=2 real_hotpotqa_00055_5a8fb3af5542997ba9cb32ee seed=0 arm=direct: per_fault={'ctx': False, 'bullets': True} all_resolved=False n_resolved=1/2 tokens=(1789,192)
  N=2 real_hotpotqa_00055_5a8fb3af5542997ba9cb32ee seed=0 arm=self_refine: per_fault={'ctx': False, 'bullets': True} all_resolved=False n_resolved=1/2 tokens=(3811,550)
  N=2 real_hotpotqa_00055_5a8fb3af5542997ba9cb32ee seed=0 arm=full_regen: per_fault={'ctx': True, 'bullets': True} all_resolved=True n_resolved=2/2 tokens=(3558,391)
  N=2 real_hotpotqa_00055_5a8fb3af5542997ba9cb32ee seed=0 arm=react: per_fault={'ctx': False, 'bullets': True} all_resolved=False n_resolved=1/2 tokens=(3631,1007)
  N=2 real_hotpotqa_00055_5a8fb3af5542997ba9cb32ee seed=0 arm=selfcheckgpt: per_fault={'ctx': False, 'bullets': True} all_resolved=False n_resolved=1/2 tokens=(10240,269)
  N=2 real_hotpotqa_00055_5a8fb3af5542997ba9cb32ee seed=0 arm=reflexion: per_fault={'ctx': True, 'bullets': True} all_resolved=True n_resolved=2/2 tokens=(10284,809)
  N=2 real_hotpotqa_00055_5a8fb3af5542997ba9cb32ee seed=0 arm=intro_specter: per_fault={'ctx': True, 'bullets': True} all_resolved=True n_resolved=2/2 tokens=(3965,487)
  N=2 real_hotpotqa_00055_5a8fb3af5542997ba9cb32ee seed=1 arm=direct: per_fault={'ctx': False, 'bullets': True} all_resolved=False n_resolved=1/2 tokens=(1789,192)
  N=2 real_hotpotqa_00055_5a8fb3af5542997ba9cb32ee seed=1 arm=self_refine: per_fault={'ctx': False, 'bullets': True} all_resolved=False n_resolved=1/2 tokens=(3811,550)
  N=2 real_hotpotqa_00055_5a8fb3af5542997ba9cb32ee seed=1 arm=full_regen: per_fault={'ctx': True, 'bullets': True} all_resolved=True n_resolved=2/2 tokens=(3578,489)
  N=2 real_hotpotqa_00055_5a8fb3af5542997ba9cb32ee seed=1 arm=react: per_fault={'ctx': False, 'bullets': True} all_resolved=False n_resolved=1/2 tokens=(3631,1007)
  N=2 real_hotpotqa_00055_5a8fb3af5542997ba9cb32ee seed=1 arm=selfcheckgpt: per_fault={'ctx': False, 'bullets': True} all_resolved=False n_resolved=1/2 tokens=(10164,281)
  N=2 real_hotpotqa_00055_5a8fb3af5542997ba9cb32ee seed=1 arm=reflexion: per_fault={'ctx': True, 'bullets': True} all_resolved=True n_resolved=2/2 tokens=(10284,809)
  N=2 real_hotpotqa_00055_5a8fb3af5542997ba9cb32ee seed=1 arm=intro_specter: per_fault={'ctx': True, 'bullets': True} all_resolved=True n_resolved=2/2 tokens=(3965,487)
  N=2 real_hotpotqa_00055_5a8fb3af5542997ba9cb32ee seed=2 arm=direct: per_fault={'ctx': True, 'bullets': True} all_resolved=True n_resolved=2/2 tokens=(1769,234)
  N=2 real_hotpotqa_00055_5a8fb3af5542997ba9cb32ee seed=2 arm=self_refine: per_fault={'ctx': False, 'bullets': True} all_resolved=False n_resolved=1/2 tokens=(3870,770)
  N=2 real_hotpotqa_00055_5a8fb3af5542997ba9cb32ee seed=2 arm=full_regen: per_fault={'ctx': True, 'bullets': True} all_resolved=True n_resolved=2/2 tokens=(3558,534)
  N=2 real_hotpotqa_00055_5a8fb3af5542997ba9cb32ee seed=2 arm=react: per_fault={'ctx': True, 'bullets': True} all_resolved=True n_resolved=2/2 tokens=(3611,1222)
  N=2 real_hotpotqa_00055_5a8fb3af5542997ba9cb32ee seed=2 arm=selfcheckgpt: per_fault={'ctx': True, 'bullets': True} all_resolved=True n_resolved=2/2 tokens=(10339,372)
  N=2 real_hotpotqa_00055_5a8fb3af5542997ba9cb32ee seed=2 arm=reflexion: per_fault={'ctx': True, 'bullets': True} all_resolved=True n_resolved=2/2 tokens=(1769,234)
  N=2 real_hotpotqa_00055_5a8fb3af5542997ba9cb32ee seed=2 arm=intro_specter: per_fault={'ctx': True, 'bullets': True} all_resolved=True n_resolved=2/2 tokens=(3988,712)
  N=2 real_hotpotqa_00056_5a78e86f55429974737f78fb seed=0 arm=direct: per_fault={'ctx': True, 'english': True} all_resolved=True n_resolved=2/2 tokens=(2077,428)
  N=2 real_hotpotqa_00056_5a78e86f55429974737f78fb seed=0 arm=self_refine: per_fault={'ctx': True, 'english': True} all_resolved=True n_resolved=2/2 tokens=(4727,1153)
  N=2 real_hotpotqa_00056_5a78e86f55429974737f78fb seed=0 arm=full_regen: per_fault={'ctx': True, 'english': True} all_resolved=True n_resolved=2/2 tokens=(4134,765)
  N=2 real_hotpotqa_00056_5a78e86f55429974737f78fb seed=0 arm=react: per_fault={'ctx': True, 'english': True} all_resolved=True n_resolved=2/2 tokens=(4242,926)
  N=2 real_hotpotqa_00056_5a78e86f55429974737f78fb seed=0 arm=selfcheckgpt: per_fault={'ctx': False, 'english': True} all_resolved=False n_resolved=1/2 tokens=(14097,664)
  N=2 real_hotpotqa_00056_5a78e86f55429974737f78fb seed=0 arm=reflexion: per_fault={'ctx': True, 'english': True} all_resolved=True n_resolved=2/2 tokens=(2077,428)
  N=2 real_hotpotqa_00056_5a78e86f55429974737f78fb seed=0 arm=intro_specter: per_fault={'ctx': True, 'english': True} all_resolved=True n_resolved=2/2 tokens=(4861,1045)
  N=2 real_hotpotqa_00056_5a78e86f55429974737f78fb seed=1 arm=direct: per_fault={'ctx': True, 'english': True} all_resolved=True n_resolved=2/2 tokens=(2077,428)
  N=2 real_hotpotqa_00056_5a78e86f55429974737f78fb seed=1 arm=self_refine: per_fault={'ctx': True, 'english': True} all_resolved=True n_resolved=2/2 tokens=(4727,1153)
  N=2 real_hotpotqa_00056_5a78e86f55429974737f78fb seed=1 arm=full_regen: per_fault={'ctx': True, 'english': True} all_resolved=True n_resolved=2/2 tokens=(4134,636)
  N=2 real_hotpotqa_00056_5a78e86f55429974737f78fb seed=1 arm=react: per_fault={'ctx': True, 'english': True} all_resolved=True n_resolved=2/2 tokens=(4242,926)
  N=2 real_hotpotqa_00056_5a78e86f55429974737f78fb seed=1 arm=selfcheckgpt: per_fault={'ctx': False, 'english': True} all_resolved=False n_resolved=1/2 tokens=(14253,761)
  N=2 real_hotpotqa_00056_5a78e86f55429974737f78fb seed=1 arm=reflexion: per_fault={'ctx': True, 'english': True} all_resolved=True n_resolved=2/2 tokens=(2077,428)
  N=2 real_hotpotqa_00056_5a78e86f55429974737f78fb seed=1 arm=intro_specter: per_fault={'ctx': True, 'english': True} all_resolved=True n_resolved=2/2 tokens=(4861,1045)
  N=2 real_hotpotqa_00056_5a78e86f55429974737f78fb seed=2 arm=direct: per_fault={'ctx': False, 'english': True} all_resolved=False n_resolved=1/2 tokens=(2057,214)
  N=2 real_hotpotqa_00056_5a78e86f55429974737f78fb seed=2 arm=self_refine: per_fault={'ctx': True, 'english': True} all_resolved=True n_resolved=2/2 tokens=(4367,629)
  N=2 real_hotpotqa_00056_5a78e86f55429974737f78fb seed=2 arm=full_regen: per_fault={'ctx': True, 'english': True} all_resolved=True n_resolved=2/2 tokens=(4114,413)
  N=2 real_hotpotqa_00056_5a78e86f55429974737f78fb seed=2 arm=react: per_fault={'ctx': True, 'english': True} all_resolved=True n_resolved=2/2 tokens=(4167,716)
  N=2 real_hotpotqa_00056_5a78e86f55429974737f78fb seed=2 arm=selfcheckgpt: per_fault={'ctx': True, 'english': True} all_resolved=True n_resolved=2/2 tokens=(14399,743)
  N=2 real_hotpotqa_00056_5a78e86f55429974737f78fb seed=2 arm=reflexion: per_fault={'ctx': True, 'english': True} all_resolved=True n_resolved=2/2 tokens=(6751,651)
  N=2 real_hotpotqa_00056_5a78e86f55429974737f78fb seed=2 arm=intro_specter: per_fault={'ctx': True, 'english': True} all_resolved=True n_resolved=2/2 tokens=(4541,630)
  N=2 real_hotpotqa_00057_5a89e2785542992e4fca843d seed=0 arm=direct: per_fault={'ctx': True, 'concise': True} all_resolved=True n_resolved=2/2 tokens=(1800,385)
  N=2 real_hotpotqa_00057_5a89e2785542992e4fca843d seed=0 arm=self_refine: per_fault={'ctx': False, 'concise': True} all_resolved=False n_resolved=1/2 tokens=(4090,982)
  N=2 real_hotpotqa_00057_5a89e2785542992e4fca843d seed=0 arm=full_regen: per_fault={'ctx': False, 'concise': True} all_resolved=False n_resolved=1/2 tokens=(3580,764)
  N=2 real_hotpotqa_00057_5a89e2785542992e4fca843d seed=0 arm=react: per_fault={'ctx': False, 'concise': True} all_resolved=False n_resolved=1/2 tokens=(3653,1131)
  N=2 real_hotpotqa_00057_5a89e2785542992e4fca843d seed=0 arm=selfcheckgpt: per_fault={'ctx': False, 'concise': True} all_resolved=False n_resolved=1/2 tokens=(12159,552)
  N=2 real_hotpotqa_00057_5a89e2785542992e4fca843d seed=0 arm=reflexion: per_fault={'ctx': True, 'concise': True} all_resolved=True n_resolved=2/2 tokens=(1800,385)
  N=2 real_hotpotqa_00057_5a89e2785542992e4fca843d seed=0 arm=intro_specter: per_fault={'ctx': True, 'concise': True} all_resolved=True n_resolved=2/2 tokens=(4244,1175)
  N=2 real_hotpotqa_00057_5a89e2785542992e4fca843d seed=1 arm=direct: per_fault={'ctx': True, 'concise': True} all_resolved=True n_resolved=2/2 tokens=(1800,385)
  N=2 real_hotpotqa_00057_5a89e2785542992e4fca843d seed=1 arm=self_refine: per_fault={'ctx': False, 'concise': True} all_resolved=False n_resolved=1/2 tokens=(4090,982)
  N=2 real_hotpotqa_00057_5a89e2785542992e4fca843d seed=1 arm=full_regen: per_fault={'ctx': True, 'concise': True} all_resolved=True n_resolved=2/2 tokens=(3600,668)
  N=2 real_hotpotqa_00057_5a89e2785542992e4fca843d seed=1 arm=react: per_fault={'ctx': False, 'concise': True} all_resolved=False n_resolved=1/2 tokens=(3653,1131)
  N=2 real_hotpotqa_00057_5a89e2785542992e4fca843d seed=1 arm=selfcheckgpt: per_fault={'ctx': False, 'concise': True} all_resolved=False n_resolved=1/2 tokens=(12162,548)
  N=2 real_hotpotqa_00057_5a89e2785542992e4fca843d seed=1 arm=reflexion: per_fault={'ctx': True, 'concise': True} all_resolved=True n_resolved=2/2 tokens=(1800,385)
  N=2 real_hotpotqa_00057_5a89e2785542992e4fca843d seed=1 arm=intro_specter: per_fault={'ctx': True, 'concise': True} all_resolved=True n_resolved=2/2 tokens=(4244,1175)
  N=2 real_hotpotqa_00057_5a89e2785542992e4fca843d seed=2 arm=direct: per_fault={'ctx': False, 'concise': True} all_resolved=False n_resolved=1/2 tokens=(1780,276)
  N=2 real_hotpotqa_00057_5a89e2785542992e4fca843d seed=2 arm=self_refine: per_fault={'ctx': False, 'concise': True} all_resolved=False n_resolved=1/2 tokens=(3939,783)
  N=2 real_hotpotqa_00057_5a89e2785542992e4fca843d seed=2 arm=full_regen: per_fault={'ctx': True, 'concise': True} all_resolved=True n_resolved=2/2 tokens=(3560,730)
  N=2 real_hotpotqa_00057_5a89e2785542992e4fca843d seed=2 arm=react: per_fault={'ctx': False, 'concise': True} all_resolved=False n_resolved=1/2 tokens=(3613,1107)
  N=2 real_hotpotqa_00057_5a89e2785542992e4fca843d seed=2 arm=selfcheckgpt: per_fault={'ctx': False, 'concise': True} all_resolved=False n_resolved=1/2 tokens=(10266,330)
  N=2 real_hotpotqa_00057_5a89e2785542992e4fca843d seed=2 arm=reflexion: per_fault={'ctx': True, 'concise': True} all_resolved=True n_resolved=2/2 tokens=(6144,810)
  N=2 real_hotpotqa_00057_5a89e2785542992e4fca843d seed=2 arm=intro_specter: per_fault={'ctx': True, 'concise': True} all_resolved=True n_resolved=2/2 tokens=(4073,773)
  N=2 real_hotpotqa_00059_5a77c15f5542997042120b1c seed=0 arm=direct: per_fault={'ctx': True, 'concise': True} all_resolved=True n_resolved=2/2 tokens=(1843,497)
  N=2 real_hotpotqa_00059_5a77c15f5542997042120b1c seed=0 arm=self_refine: per_fault={'ctx': True, 'concise': False} all_resolved=False n_resolved=1/2 tokens=(4309,1363)
  N=2 real_hotpotqa_00059_5a77c15f5542997042120b1c seed=0 arm=full_regen: per_fault={'ctx': True, 'concise': True} all_resolved=True n_resolved=2/2 tokens=(3666,784)
  N=2 real_hotpotqa_00059_5a77c15f5542997042120b1c seed=0 arm=react: per_fault={'ctx': True, 'concise': True} all_resolved=True n_resolved=2/2 tokens=(3755,1532)
  N=2 real_hotpotqa_00059_5a77c15f5542997042120b1c seed=0 arm=selfcheckgpt: per_fault={'ctx': True, 'concise': True} all_resolved=True n_resolved=2/2 tokens=(10807,782)
  N=2 real_hotpotqa_00059_5a77c15f5542997042120b1c seed=0 arm=reflexion: per_fault={'ctx': True, 'concise': True} all_resolved=True n_resolved=2/2 tokens=(1843,497)
  N=2 real_hotpotqa_00059_5a77c15f5542997042120b1c seed=0 arm=intro_specter: per_fault={'ctx': True, 'concise': True} all_resolved=True n_resolved=2/2 tokens=(4463,1218)
  N=2 real_hotpotqa_00059_5a77c15f5542997042120b1c seed=1 arm=direct: per_fault={'ctx': True, 'concise': True} all_resolved=True n_resolved=2/2 tokens=(1843,497)
  N=2 real_hotpotqa_00059_5a77c15f5542997042120b1c seed=1 arm=self_refine: per_fault={'ctx': True, 'concise': False} all_resolved=False n_resolved=1/2 tokens=(4309,1363)
  N=2 real_hotpotqa_00059_5a77c15f5542997042120b1c seed=1 arm=full_regen: per_fault={'ctx': True, 'concise': True} all_resolved=True n_resolved=2/2 tokens=(3686,767)
  N=2 real_hotpotqa_00059_5a77c15f5542997042120b1c seed=1 arm=react: per_fault={'ctx': True, 'concise': True} all_resolved=True n_resolved=2/2 tokens=(3755,1532)
  N=2 real_hotpotqa_00059_5a77c15f5542997042120b1c seed=1 arm=selfcheckgpt: per_fault={'ctx': True, 'concise': True} all_resolved=True n_resolved=2/2 tokens=(10896,807)
  N=2 real_hotpotqa_00059_5a77c15f5542997042120b1c seed=1 arm=reflexion: per_fault={'ctx': True, 'concise': True} all_resolved=True n_resolved=2/2 tokens=(1843,497)
  N=2 real_hotpotqa_00059_5a77c15f5542997042120b1c seed=1 arm=intro_specter: per_fault={'ctx': True, 'concise': True} all_resolved=True n_resolved=2/2 tokens=(4463,1218)
  N=2 real_hotpotqa_00059_5a77c15f5542997042120b1c seed=2 arm=direct: per_fault={'ctx': True, 'concise': False} all_resolved=False n_resolved=1/2 tokens=(1843,573)
  N=2 real_hotpotqa_00059_5a77c15f5542997042120b1c seed=2 arm=self_refine: per_fault={'ctx': True, 'concise': True} all_resolved=True n_resolved=2/2 tokens=(4406,1406)
  N=2 real_hotpotqa_00059_5a77c15f5542997042120b1c seed=2 arm=full_regen: per_fault={'ctx': True, 'concise': True} all_resolved=True n_resolved=2/2 tokens=(3666,880)
  N=2 real_hotpotqa_00059_5a77c15f5542997042120b1c seed=2 arm=react: per_fault={'ctx': True, 'concise': True} all_resolved=True n_resolved=2/2 tokens=(3755,1608)
  N=2 real_hotpotqa_00059_5a77c15f5542997042120b1c seed=2 arm=selfcheckgpt: per_fault={'ctx': True, 'concise': True} all_resolved=True n_resolved=2/2 tokens=(12611,897)
  N=2 real_hotpotqa_00059_5a77c15f5542997042120b1c seed=2 arm=reflexion: per_fault={'ctx': True, 'concise': False} all_resolved=False n_resolved=1/2 tokens=(1843,573)
  N=2 real_hotpotqa_00059_5a77c15f5542997042120b1c seed=2 arm=intro_specter: per_fault={'ctx': True, 'concise': False} all_resolved=False n_resolved=1/2 tokens=(4580,1539)
  N=2 real_hotpotqa_00062_5a77b13655429967ab105235 seed=0 arm=direct: per_fault={'ctx': True, 'concise': True} all_resolved=True n_resolved=2/2 tokens=(1865,431)
  N=2 real_hotpotqa_00062_5a77b13655429967ab105235 seed=0 arm=self_refine: per_fault={'ctx': True, 'concise': True} all_resolved=True n_resolved=2/2 tokens=(4283,1063)
  N=2 real_hotpotqa_00062_5a77b13655429967ab105235 seed=0 arm=full_regen: per_fault={'ctx': False, 'concise': True} all_resolved=False n_resolved=1/2 tokens=(3730,871)
  N=2 real_hotpotqa_00062_5a77b13655429967ab105235 seed=0 arm=react: per_fault={'ctx': True, 'concise': True} all_resolved=True n_resolved=2/2 tokens=(3819,870)
  N=2 real_hotpotqa_00062_5a77b13655429967ab105235 seed=0 arm=selfcheckgpt: per_fault={'ctx': False, 'concise': True} all_resolved=False n_resolved=1/2 tokens=(12914,801)
  N=2 real_hotpotqa_00062_5a77b13655429967ab105235 seed=0 arm=reflexion: per_fault={'ctx': True, 'concise': True} all_resolved=True n_resolved=2/2 tokens=(1865,431)
  N=2 real_hotpotqa_00062_5a77b13655429967ab105235 seed=0 arm=intro_specter: per_fault={'ctx': True, 'concise': True} all_resolved=True n_resolved=2/2 tokens=(4437,1102)
  N=2 real_hotpotqa_00062_5a77b13655429967ab105235 seed=1 arm=direct: per_fault={'ctx': True, 'concise': True} all_resolved=True n_resolved=2/2 tokens=(1865,431)
  N=2 real_hotpotqa_00062_5a77b13655429967ab105235 seed=1 arm=self_refine: per_fault={'ctx': True, 'concise': True} all_resolved=True n_resolved=2/2 tokens=(4283,1063)
  N=2 real_hotpotqa_00062_5a77b13655429967ab105235 seed=1 arm=full_regen: per_fault={'ctx': True, 'concise': True} all_resolved=True n_resolved=2/2 tokens=(3750,934)
  N=2 real_hotpotqa_00062_5a77b13655429967ab105235 seed=1 arm=react: per_fault={'ctx': True, 'concise': True} all_resolved=True n_resolved=2/2 tokens=(3819,870)
  N=2 real_hotpotqa_00062_5a77b13655429967ab105235 seed=1 arm=selfcheckgpt: per_fault={'ctx': True, 'concise': True} all_resolved=True n_resolved=2/2 tokens=(11032,685)
  N=2 real_hotpotqa_00062_5a77b13655429967ab105235 seed=1 arm=reflexion: per_fault={'ctx': True, 'concise': True} all_resolved=True n_resolved=2/2 tokens=(1865,431)
  N=2 real_hotpotqa_00062_5a77b13655429967ab105235 seed=1 arm=intro_specter: per_fault={'ctx': True, 'concise': True} all_resolved=True n_resolved=2/2 tokens=(4437,1102)
  N=2 real_hotpotqa_00062_5a77b13655429967ab105235 seed=2 arm=direct: per_fault={'ctx': True, 'concise': True} all_resolved=True n_resolved=2/2 tokens=(1865,413)
  N=2 real_hotpotqa_00062_5a77b13655429967ab105235 seed=2 arm=self_refine: per_fault={'ctx': True, 'concise': True} all_resolved=True n_resolved=2/2 tokens=(4264,1195)
  N=2 real_hotpotqa_00062_5a77b13655429967ab105235 seed=2 arm=full_regen: per_fault={'ctx': True, 'concise': True} all_resolved=True n_resolved=2/2 tokens=(3730,740)
  N=2 real_hotpotqa_00062_5a77b13655429967ab105235 seed=2 arm=react: per_fault={'ctx': True, 'concise': True} all_resolved=True n_resolved=2/2 tokens=(3819,852)
  N=2 real_hotpotqa_00062_5a77b13655429967ab105235 seed=2 arm=selfcheckgpt: per_fault={'ctx': False, 'concise': True} all_resolved=False n_resolved=1/2 tokens=(12763,648)
  N=2 real_hotpotqa_00062_5a77b13655429967ab105235 seed=2 arm=reflexion: per_fault={'ctx': True, 'concise': True} all_resolved=True n_resolved=2/2 tokens=(1865,413)
  N=2 real_hotpotqa_00062_5a77b13655429967ab105235 seed=2 arm=intro_specter: per_fault={'ctx': True, 'concise': True} all_resolved=True n_resolved=2/2 tokens=(4398,1079)
  N=2 real_hotpotqa_00063_5ab2e3a35542991669774124 seed=0 arm=direct: per_fault={'ctx': True, 'concise': True} all_resolved=True n_resolved=2/2 tokens=(1907,323)
  N=2 real_hotpotqa_00063_5ab2e3a35542991669774124 seed=0 arm=self_refine: per_fault={'ctx': True, 'concise': True} all_resolved=True n_resolved=2/2 tokens=(4238,820)
  N=2 real_hotpotqa_00063_5ab2e3a35542991669774124 seed=0 arm=full_regen: per_fault={'ctx': True, 'concise': True} all_resolved=True n_resolved=2/2 tokens=(3814,631)
  N=2 real_hotpotqa_00063_5ab2e3a35542991669774124 seed=0 arm=react: per_fault={'ctx': True, 'concise': True} all_resolved=True n_resolved=2/2 tokens=(3867,1163)
  N=2 real_hotpotqa_00063_5ab2e3a35542991669774124 seed=0 arm=selfcheckgpt: per_fault={'ctx': False, 'concise': True} all_resolved=False n_resolved=1/2 tokens=(13028,538)
  N=2 real_hotpotqa_00063_5ab2e3a35542991669774124 seed=0 arm=reflexion: per_fault={'ctx': True, 'concise': True} all_resolved=True n_resolved=2/2 tokens=(1907,323)
  N=2 real_hotpotqa_00063_5ab2e3a35542991669774124 seed=0 arm=intro_specter: per_fault={'ctx': True, 'concise': True} all_resolved=True n_resolved=2/2 tokens=(4372,736)
  N=2 real_hotpotqa_00063_5ab2e3a35542991669774124 seed=1 arm=direct: per_fault={'ctx': True, 'concise': True} all_resolved=True n_resolved=2/2 tokens=(1907,323)
  N=2 real_hotpotqa_00063_5ab2e3a35542991669774124 seed=1 arm=self_refine: per_fault={'ctx': True, 'concise': True} all_resolved=True n_resolved=2/2 tokens=(4238,820)
  N=2 real_hotpotqa_00063_5ab2e3a35542991669774124 seed=1 arm=full_regen: per_fault={'ctx': True, 'concise': True} all_resolved=True n_resolved=2/2 tokens=(3834,451)
  N=2 real_hotpotqa_00063_5ab2e3a35542991669774124 seed=1 arm=react: per_fault={'ctx': True, 'concise': True} all_resolved=True n_resolved=2/2 tokens=(3867,1163)
  N=2 real_hotpotqa_00063_5ab2e3a35542991669774124 seed=1 arm=selfcheckgpt: per_fault={'ctx': True, 'concise': True} all_resolved=True n_resolved=2/2 tokens=(11166,474)
  N=2 real_hotpotqa_00063_5ab2e3a35542991669774124 seed=1 arm=reflexion: per_fault={'ctx': True, 'concise': True} all_resolved=True n_resolved=2/2 tokens=(1907,323)
  N=2 real_hotpotqa_00063_5ab2e3a35542991669774124 seed=1 arm=intro_specter: per_fault={'ctx': True, 'concise': True} all_resolved=True n_resolved=2/2 tokens=(4372,736)
  N=2 real_hotpotqa_00063_5ab2e3a35542991669774124 seed=2 arm=direct: per_fault={'ctx': True, 'concise': True} all_resolved=True n_resolved=2/2 tokens=(1907,323)
  N=2 real_hotpotqa_00063_5ab2e3a35542991669774124 seed=2 arm=self_refine: per_fault={'ctx': True, 'concise': True} all_resolved=True n_resolved=2/2 tokens=(4218,883)
  N=2 real_hotpotqa_00063_5ab2e3a35542991669774124 seed=2 arm=full_regen: per_fault={'ctx': True, 'concise': True} all_resolved=True n_resolved=2/2 tokens=(3814,632)
  N=2 real_hotpotqa_00063_5ab2e3a35542991669774124 seed=2 arm=react: per_fault={'ctx': True, 'concise': True} all_resolved=True n_resolved=2/2 tokens=(3867,1163)
  N=2 real_hotpotqa_00063_5ab2e3a35542991669774124 seed=2 arm=selfcheckgpt: per_fault={'ctx': True, 'concise': True} all_resolved=True n_resolved=2/2 tokens=(11235,506)
  N=2 real_hotpotqa_00063_5ab2e3a35542991669774124 seed=2 arm=reflexion: per_fault={'ctx': True, 'concise': True} all_resolved=True n_resolved=2/2 tokens=(1907,323)
  N=2 real_hotpotqa_00063_5ab2e3a35542991669774124 seed=2 arm=intro_specter: per_fault={'ctx': True, 'concise': True} all_resolved=True n_resolved=2/2 tokens=(4372,736)
  N=2 real_hotpotqa_00064_5a733d5d5542991f29ee2d71 seed=0 arm=direct: per_fault={'ctx': True, 'concise': False} all_resolved=False n_resolved=1/2 tokens=(2035,303)
  N=2 real_hotpotqa_00064_5a733d5d5542991f29ee2d71 seed=0 arm=self_refine: per_fault={'ctx': True, 'concise': False} all_resolved=False n_resolved=1/2 tokens=(4457,830)
  N=2 real_hotpotqa_00064_5a733d5d5542991f29ee2d71 seed=0 arm=full_regen: per_fault={'ctx': True, 'concise': False} all_resolved=False n_resolved=1/2 tokens=(4090,766)
  N=2 real_hotpotqa_00064_5a733d5d5542991f29ee2d71 seed=0 arm=react: per_fault={'ctx': True, 'concise': True} all_resolved=True n_resolved=2/2 tokens=(4143,1145)
  N=2 real_hotpotqa_00064_5a733d5d5542991f29ee2d71 seed=0 arm=selfcheckgpt: per_fault={'ctx': True, 'concise': False} all_resolved=False n_resolved=1/2 tokens=(12032,474)
  N=2 real_hotpotqa_00064_5a733d5d5542991f29ee2d71 seed=0 arm=reflexion: per_fault={'ctx': True, 'concise': False} all_resolved=False n_resolved=1/2 tokens=(2035,303)
  N=2 real_hotpotqa_00064_5a733d5d5542991f29ee2d71 seed=0 arm=intro_specter: per_fault={'ctx': True, 'concise': False} all_resolved=False n_resolved=1/2 tokens=(4631,822)
  N=2 real_hotpotqa_00064_5a733d5d5542991f29ee2d71 seed=1 arm=direct: per_fault={'ctx': True, 'concise': False} all_resolved=False n_resolved=1/2 tokens=(2035,303)
  N=2 real_hotpotqa_00064_5a733d5d5542991f29ee2d71 seed=1 arm=self_refine: per_fault={'ctx': True, 'concise': False} all_resolved=False n_resolved=1/2 tokens=(4457,830)
  N=2 real_hotpotqa_00064_5a733d5d5542991f29ee2d71 seed=1 arm=full_regen: per_fault={'ctx': True, 'concise': True} all_resolved=True n_resolved=2/2 tokens=(4090,624)
  N=2 real_hotpotqa_00064_5a733d5d5542991f29ee2d71 seed=1 arm=react: per_fault={'ctx': True, 'concise': True} all_resolved=True n_resolved=2/2 tokens=(4143,1145)
  N=2 real_hotpotqa_00064_5a733d5d5542991f29ee2d71 seed=1 arm=selfcheckgpt: per_fault={'ctx': True, 'concise': False} all_resolved=False n_resolved=1/2 tokens=(11933,398)
  N=2 real_hotpotqa_00064_5a733d5d5542991f29ee2d71 seed=1 arm=reflexion: per_fault={'ctx': True, 'concise': False} all_resolved=False n_resolved=1/2 tokens=(2035,303)
  N=2 real_hotpotqa_00064_5a733d5d5542991f29ee2d71 seed=1 arm=intro_specter: per_fault={'ctx': True, 'concise': False} all_resolved=False n_resolved=1/2 tokens=(4631,822)
  N=2 real_hotpotqa_00064_5a733d5d5542991f29ee2d71 seed=2 arm=direct: per_fault={'ctx': True, 'concise': True} all_resolved=True n_resolved=2/2 tokens=(2035,1082)
  N=2 real_hotpotqa_00064_5a733d5d5542991f29ee2d71 seed=2 arm=self_refine: per_fault={'ctx': True, 'concise': False} all_resolved=False n_resolved=1/2 tokens=(5487,2855)
  N=2 real_hotpotqa_00064_5a733d5d5542991f29ee2d71 seed=2 arm=full_regen: per_fault={'ctx': True, 'concise': True} all_resolved=True n_resolved=2/2 tokens=(4070,1333)
  N=2 real_hotpotqa_00064_5a733d5d5542991f29ee2d71 seed=2 arm=react: per_fault={'ctx': True, 'concise': True} all_resolved=True n_resolved=2/2 tokens=(4178,1887)
  N=2 real_hotpotqa_00064_5a733d5d5542991f29ee2d71 seed=2 arm=selfcheckgpt: per_fault={'ctx': True, 'concise': True} all_resolved=True n_resolved=2/2 tokens=(13949,1290)
  N=2 real_hotpotqa_00064_5a733d5d5542991f29ee2d71 seed=2 arm=reflexion: per_fault={'ctx': True, 'concise': True} all_resolved=True n_resolved=2/2 tokens=(2035,1082)
  N=2 real_hotpotqa_00064_5a733d5d5542991f29ee2d71 seed=2 arm=intro_specter: per_fault={'ctx': True, 'concise': True} all_resolved=True n_resolved=2/2 tokens=(5641,2038)
  N=2 real_hotpotqa_00065_5a7324205542994cef4bc478 seed=0 arm=direct: per_fault={'ctx': False, 'concise': True} all_resolved=False n_resolved=1/2 tokens=(2272,82)
  N=2 real_hotpotqa_00065_5a7324205542994cef4bc478 seed=0 arm=self_refine: per_fault={'ctx': True, 'concise': True} all_resolved=True n_resolved=2/2 tokens=(4602,385)
  N=2 real_hotpotqa_00065_5a7324205542994cef4bc478 seed=0 arm=full_regen: per_fault={'ctx': True, 'concise': True} all_resolved=True n_resolved=2/2 tokens=(4524,397)
  N=2 real_hotpotqa_00065_5a7324205542994cef4bc478 seed=0 arm=react: per_fault={'ctx': True, 'concise': True} all_resolved=True n_resolved=2/2 tokens=(4612,504)
  N=2 real_hotpotqa_00065_5a7324205542994cef4bc478 seed=0 arm=selfcheckgpt: per_fault={'ctx': False, 'concise': True} all_resolved=False n_resolved=1/2 tokens=(13311,304)
  N=2 real_hotpotqa_00065_5a7324205542994cef4bc478 seed=0 arm=reflexion: per_fault={'ctx': True, 'concise': True} all_resolved=True n_resolved=2/2 tokens=(7040,358)
  N=2 real_hotpotqa_00065_5a7324205542994cef4bc478 seed=0 arm=intro_specter: per_fault={'ctx': True, 'concise': True} all_resolved=True n_resolved=2/2 tokens=(4756,340)
  N=2 real_hotpotqa_00065_5a7324205542994cef4bc478 seed=1 arm=direct: per_fault={'ctx': False, 'concise': True} all_resolved=False n_resolved=1/2 tokens=(2272,82)
  N=2 real_hotpotqa_00065_5a7324205542994cef4bc478 seed=1 arm=self_refine: per_fault={'ctx': True, 'concise': True} all_resolved=True n_resolved=2/2 tokens=(4602,385)
  N=2 real_hotpotqa_00065_5a7324205542994cef4bc478 seed=1 arm=full_regen: per_fault={'ctx': False, 'concise': True} all_resolved=False n_resolved=1/2 tokens=(4524,412)
  N=2 real_hotpotqa_00065_5a7324205542994cef4bc478 seed=1 arm=react: per_fault={'ctx': True, 'concise': True} all_resolved=True n_resolved=2/2 tokens=(4612,504)
  N=2 real_hotpotqa_00065_5a7324205542994cef4bc478 seed=1 arm=selfcheckgpt: per_fault={'ctx': False, 'concise': True} all_resolved=False n_resolved=1/2 tokens=(13300,198)
  N=2 real_hotpotqa_00065_5a7324205542994cef4bc478 seed=1 arm=reflexion: per_fault={'ctx': True, 'concise': True} all_resolved=True n_resolved=2/2 tokens=(7040,358)
  N=2 real_hotpotqa_00065_5a7324205542994cef4bc478 seed=1 arm=intro_specter: per_fault={'ctx': True, 'concise': True} all_resolved=True n_resolved=2/2 tokens=(4756,340)
  N=2 real_hotpotqa_00065_5a7324205542994cef4bc478 seed=2 arm=direct: per_fault={'ctx': False, 'concise': True} all_resolved=False n_resolved=1/2 tokens=(2272,83)
  N=2 real_hotpotqa_00065_5a7324205542994cef4bc478 seed=2 arm=self_refine: per_fault={'ctx': False, 'concise': True} all_resolved=False n_resolved=1/2 tokens=(4623,452)
  N=2 real_hotpotqa_00065_5a7324205542994cef4bc478 seed=2 arm=full_regen: per_fault={'ctx': False, 'concise': True} all_resolved=False n_resolved=1/2 tokens=(4544,492)
  N=2 real_hotpotqa_00065_5a7324205542994cef4bc478 seed=2 arm=react: per_fault={'ctx': False, 'concise': True} all_resolved=False n_resolved=1/2 tokens=(4597,568)
  N=2 real_hotpotqa_00065_5a7324205542994cef4bc478 seed=2 arm=selfcheckgpt: per_fault={'ctx': False, 'concise': True} all_resolved=False n_resolved=1/2 tokens=(13398,289)
  N=2 real_hotpotqa_00065_5a7324205542994cef4bc478 seed=2 arm=reflexion: per_fault={'ctx': True, 'concise': True} all_resolved=True n_resolved=2/2 tokens=(7031,335)
  N=2 real_hotpotqa_00065_5a7324205542994cef4bc478 seed=2 arm=intro_specter: per_fault={'ctx': True, 'concise': True} all_resolved=True n_resolved=2/2 tokens=(4757,515)
  N=2 real_hotpotqa_00066_5a7929c8554299029c4b5f11 seed=0 arm=direct: per_fault={'ctx': True, 'concise': True} all_resolved=True n_resolved=2/2 tokens=(1765,87)
  N=2 real_hotpotqa_00066_5a7929c8554299029c4b5f11 seed=0 arm=self_refine: per_fault={'ctx': True, 'concise': False} all_resolved=False n_resolved=1/2 tokens=(3597,327)
  N=2 real_hotpotqa_00066_5a7929c8554299029c4b5f11 seed=0 arm=full_regen: per_fault={'ctx': False, 'concise': False} all_resolved=False n_resolved=0/2 tokens=(3510,514)
  N=2 real_hotpotqa_00066_5a7929c8554299029c4b5f11 seed=0 arm=react: per_fault={'ctx': True, 'concise': True} all_resolved=True n_resolved=2/2 tokens=(3563,386)
  N=2 real_hotpotqa_00066_5a7929c8554299029c4b5f11 seed=0 arm=selfcheckgpt: per_fault={'ctx': True, 'concise': True} all_resolved=True n_resolved=2/2 tokens=(10359,345)
  N=2 real_hotpotqa_00066_5a7929c8554299029c4b5f11 seed=0 arm=reflexion: per_fault={'ctx': True, 'concise': True} all_resolved=True n_resolved=2/2 tokens=(1765,87)
  N=2 real_hotpotqa_00066_5a7929c8554299029c4b5f11 seed=0 arm=intro_specter: per_fault={'ctx': True, 'concise': True} all_resolved=True n_resolved=2/2 tokens=(3771,492)
  N=2 real_hotpotqa_00066_5a7929c8554299029c4b5f11 seed=1 arm=direct: per_fault={'ctx': True, 'concise': True} all_resolved=True n_resolved=2/2 tokens=(1765,87)
  N=2 real_hotpotqa_00066_5a7929c8554299029c4b5f11 seed=1 arm=self_refine: per_fault={'ctx': True, 'concise': False} all_resolved=False n_resolved=1/2 tokens=(3597,327)
  N=2 real_hotpotqa_00066_5a7929c8554299029c4b5f11 seed=1 arm=full_regen: per_fault={'ctx': True, 'concise': True} all_resolved=True n_resolved=2/2 tokens=(3511,249)
  N=2 real_hotpotqa_00066_5a7929c8554299029c4b5f11 seed=1 arm=react: per_fault={'ctx': True, 'concise': True} all_resolved=True n_resolved=2/2 tokens=(3563,386)
  N=2 real_hotpotqa_00066_5a7929c8554299029c4b5f11 seed=1 arm=selfcheckgpt: per_fault={'ctx': False, 'concise': True} all_resolved=False n_resolved=1/2 tokens=(12035,380)
  N=2 real_hotpotqa_00066_5a7929c8554299029c4b5f11 seed=1 arm=reflexion: per_fault={'ctx': True, 'concise': True} all_resolved=True n_resolved=2/2 tokens=(1765,87)
  N=2 real_hotpotqa_00066_5a7929c8554299029c4b5f11 seed=1 arm=intro_specter: per_fault={'ctx': True, 'concise': True} all_resolved=True n_resolved=2/2 tokens=(3771,492)
  N=2 real_hotpotqa_00066_5a7929c8554299029c4b5f11 seed=2 arm=direct: per_fault={'ctx': True, 'concise': True} all_resolved=True n_resolved=2/2 tokens=(1745,195)
  N=2 real_hotpotqa_00066_5a7929c8554299029c4b5f11 seed=2 arm=self_refine: per_fault={'ctx': True, 'concise': False} all_resolved=False n_resolved=1/2 tokens=(3747,698)
  N=2 real_hotpotqa_00066_5a7929c8554299029c4b5f11 seed=2 arm=full_regen: per_fault={'ctx': True, 'concise': True} all_resolved=True n_resolved=2/2 tokens=(3490,404)
  N=2 real_hotpotqa_00066_5a7929c8554299029c4b5f11 seed=2 arm=react: per_fault={'ctx': True, 'concise': True} all_resolved=True n_resolved=2/2 tokens=(3563,1018)
  N=2 real_hotpotqa_00066_5a7929c8554299029c4b5f11 seed=2 arm=selfcheckgpt: per_fault={'ctx': True, 'concise': True} all_resolved=True n_resolved=2/2 tokens=(12076,606)
  N=2 real_hotpotqa_00066_5a7929c8554299029c4b5f11 seed=2 arm=reflexion: per_fault={'ctx': True, 'concise': True} all_resolved=True n_resolved=2/2 tokens=(1745,195)
  N=2 real_hotpotqa_00066_5a7929c8554299029c4b5f11 seed=2 arm=intro_specter: per_fault={'ctx': True, 'concise': True} all_resolved=True n_resolved=2/2 tokens=(3881,499)
  N=2 real_hotpotqa_00067_5abe36aa5542993f32c2a08f seed=0 arm=direct: per_fault={'ctx': True, 'bullets': True} all_resolved=True n_resolved=2/2 tokens=(2022,356)
  N=2 real_hotpotqa_00067_5abe36aa5542993f32c2a08f seed=0 arm=self_refine: per_fault={'ctx': True, 'bullets': True} all_resolved=True n_resolved=2/2 tokens=(4483,950)
  N=2 real_hotpotqa_00067_5abe36aa5542993f32c2a08f seed=0 arm=full_regen: per_fault={'ctx': False, 'bullets': True} all_resolved=False n_resolved=1/2 tokens=(4064,640)
  N=2 real_hotpotqa_00067_5abe36aa5542993f32c2a08f seed=0 arm=react: per_fault={'ctx': True, 'bullets': True} all_resolved=True n_resolved=2/2 tokens=(4117,1552)
  N=2 real_hotpotqa_00067_5abe36aa5542993f32c2a08f seed=0 arm=selfcheckgpt: per_fault={'ctx': False, 'bullets': True} all_resolved=False n_resolved=1/2 tokens=(13801,486)
  N=2 real_hotpotqa_00067_5abe36aa5542993f32c2a08f seed=0 arm=reflexion: per_fault={'ctx': True, 'bullets': True} all_resolved=True n_resolved=2/2 tokens=(2022,356)
  N=2 real_hotpotqa_00067_5abe36aa5542993f32c2a08f seed=0 arm=intro_specter: per_fault={'ctx': True, 'bullets': True} all_resolved=True n_resolved=2/2 tokens=(4637,953)
  N=2 real_hotpotqa_00067_5abe36aa5542993f32c2a08f seed=1 arm=direct: per_fault={'ctx': True, 'bullets': True} all_resolved=True n_resolved=2/2 tokens=(2022,356)
  N=2 real_hotpotqa_00067_5abe36aa5542993f32c2a08f seed=1 arm=self_refine: per_fault={'ctx': True, 'bullets': True} all_resolved=True n_resolved=2/2 tokens=(4483,950)
  N=2 real_hotpotqa_00067_5abe36aa5542993f32c2a08f seed=1 arm=full_regen: per_fault={'ctx': True, 'bullets': True} all_resolved=True n_resolved=2/2 tokens=(4044,668)
  N=2 real_hotpotqa_00067_5abe36aa5542993f32c2a08f seed=1 arm=react: per_fault={'ctx': True, 'bullets': True} all_resolved=True n_resolved=2/2 tokens=(4117,1552)
  N=2 real_hotpotqa_00067_5abe36aa5542993f32c2a08f seed=1 arm=selfcheckgpt: per_fault={'ctx': True, 'bullets': True} all_resolved=True n_resolved=2/2 tokens=(11834,462)
  N=2 real_hotpotqa_00067_5abe36aa5542993f32c2a08f seed=1 arm=reflexion: per_fault={'ctx': True, 'bullets': True} all_resolved=True n_resolved=2/2 tokens=(2022,356)
  N=2 real_hotpotqa_00067_5abe36aa5542993f32c2a08f seed=1 arm=intro_specter: per_fault={'ctx': True, 'bullets': True} all_resolved=True n_resolved=2/2 tokens=(4637,953)
  N=2 real_hotpotqa_00067_5abe36aa5542993f32c2a08f seed=2 arm=direct: per_fault={'ctx': True, 'bullets': True} all_resolved=True n_resolved=2/2 tokens=(2022,388)
  N=2 real_hotpotqa_00067_5abe36aa5542993f32c2a08f seed=2 arm=self_refine: per_fault={'ctx': True, 'bullets': True} all_resolved=True n_resolved=2/2 tokens=(4577,1091)
  N=2 real_hotpotqa_00067_5abe36aa5542993f32c2a08f seed=2 arm=full_regen: per_fault={'ctx': True, 'bullets': True} all_resolved=True n_resolved=2/2 tokens=(4064,651)
  N=2 real_hotpotqa_00067_5abe36aa5542993f32c2a08f seed=2 arm=react: per_fault={'ctx': True, 'bullets': True} all_resolved=True n_resolved=2/2 tokens=(4097,772)
  N=2 real_hotpotqa_00067_5abe36aa5542993f32c2a08f seed=2 arm=selfcheckgpt: per_fault={'ctx': False, 'bullets': True} all_resolved=False n_resolved=1/2 tokens=(13859,639)
  N=2 real_hotpotqa_00067_5abe36aa5542993f32c2a08f seed=2 arm=reflexion: per_fault={'ctx': True, 'bullets': True} all_resolved=True n_resolved=2/2 tokens=(2022,388)
  N=2 real_hotpotqa_00067_5abe36aa5542993f32c2a08f seed=2 arm=intro_specter: per_fault={'ctx': True, 'bullets': True} all_resolved=True n_resolved=2/2 tokens=(4731,1117)
  N=2 real_hotpotqa_00069_5ab674ee5542995eadeefff2 seed=0 arm=direct: per_fault={'ctx': True, 'english': True} all_resolved=True n_resolved=2/2 tokens=(1727,314)
  N=2 real_hotpotqa_00069_5ab674ee5542995eadeefff2 seed=0 arm=self_refine: per_fault={'ctx': False, 'english': True} all_resolved=False n_resolved=1/2 tokens=(3849,964)
  N=2 real_hotpotqa_00069_5ab674ee5542995eadeefff2 seed=0 arm=full_regen: per_fault={'ctx': True, 'english': True} all_resolved=True n_resolved=2/2 tokens=(3474,605)
  N=2 real_hotpotqa_00069_5ab674ee5542995eadeefff2 seed=0 arm=react: per_fault={'ctx': True, 'english': True} all_resolved=True n_resolved=2/2 tokens=(3542,669)
  N=2 real_hotpotqa_00069_5ab674ee5542995eadeefff2 seed=0 arm=selfcheckgpt: per_fault={'ctx': False, 'english': True} all_resolved=False n_resolved=1/2 tokens=(11723,509)
  N=2 real_hotpotqa_00069_5ab674ee5542995eadeefff2 seed=0 arm=reflexion: per_fault={'ctx': True, 'english': True} all_resolved=True n_resolved=2/2 tokens=(1727,314)
  N=2 real_hotpotqa_00069_5ab674ee5542995eadeefff2 seed=0 arm=intro_specter: per_fault={'ctx': True, 'english': True} all_resolved=True n_resolved=2/2 tokens=(4003,830)
  N=2 real_hotpotqa_00069_5ab674ee5542995eadeefff2 seed=1 arm=direct: per_fault={'ctx': True, 'english': True} all_resolved=True n_resolved=2/2 tokens=(1727,314)
  N=2 real_hotpotqa_00069_5ab674ee5542995eadeefff2 seed=1 arm=self_refine: per_fault={'ctx': False, 'english': True} all_resolved=False n_resolved=1/2 tokens=(3849,964)
  N=2 real_hotpotqa_00069_5ab674ee5542995eadeefff2 seed=1 arm=full_regen: per_fault={'ctx': False, 'english': True} all_resolved=False n_resolved=1/2 tokens=(3474,760)
  N=2 real_hotpotqa_00069_5ab674ee5542995eadeefff2 seed=1 arm=react: per_fault={'ctx': True, 'english': True} all_resolved=True n_resolved=2/2 tokens=(3542,669)
  N=2 real_hotpotqa_00069_5ab674ee5542995eadeefff2 seed=1 arm=selfcheckgpt: per_fault={'ctx': False, 'english': True} all_resolved=False n_resolved=1/2 tokens=(11724,482)
  N=2 real_hotpotqa_00069_5ab674ee5542995eadeefff2 seed=1 arm=reflexion: per_fault={'ctx': True, 'english': True} all_resolved=True n_resolved=2/2 tokens=(1727,314)
  N=2 real_hotpotqa_00069_5ab674ee5542995eadeefff2 seed=1 arm=intro_specter: per_fault={'ctx': True, 'english': True} all_resolved=True n_resolved=2/2 tokens=(4003,830)
  N=2 real_hotpotqa_00069_5ab674ee5542995eadeefff2 seed=2 arm=direct: per_fault={'ctx': False, 'english': True} all_resolved=False n_resolved=1/2 tokens=(1727,315)
  N=2 real_hotpotqa_00069_5ab674ee5542995eadeefff2 seed=2 arm=self_refine: per_fault={'ctx': False, 'english': True} all_resolved=False n_resolved=1/2 tokens=(3870,892)
  N=2 real_hotpotqa_00069_5ab674ee5542995eadeefff2 seed=2 arm=full_regen: per_fault={'ctx': False, 'english': True} all_resolved=False n_resolved=1/2 tokens=(3454,694)
  N=2 real_hotpotqa_00069_5ab674ee5542995eadeefff2 seed=2 arm=react: per_fault={'ctx': True, 'english': True} all_resolved=True n_resolved=2/2 tokens=(3527,1254)
  N=2 real_hotpotqa_00069_5ab674ee5542995eadeefff2 seed=2 arm=selfcheckgpt: per_fault={'ctx': True, 'english': True} all_resolved=True n_resolved=2/2 tokens=(11820,537)
  N=2 real_hotpotqa_00069_5ab674ee5542995eadeefff2 seed=2 arm=reflexion: per_fault={'ctx': True, 'english': True} all_resolved=True n_resolved=2/2 tokens=(6082,883)
  N=2 real_hotpotqa_00069_5ab674ee5542995eadeefff2 seed=2 arm=intro_specter: per_fault={'ctx': True, 'english': True} all_resolved=True n_resolved=2/2 tokens=(4024,835)
  N=2 real_hotpotqa_00070_5ae3606b5542991a06ce99a8 seed=0 arm=direct: per_fault={'ctx': True, 'bullets': True} all_resolved=True n_resolved=2/2 tokens=(1842,295)
  N=2 real_hotpotqa_00070_5ae3606b5542991a06ce99a8 seed=0 arm=self_refine: per_fault={'ctx': True, 'bullets': True} all_resolved=True n_resolved=2/2 tokens=(4062,819)
  N=2 real_hotpotqa_00070_5ae3606b5542991a06ce99a8 seed=0 arm=full_regen: per_fault={'ctx': True, 'bullets': True} all_resolved=True n_resolved=2/2 tokens=(3684,620)
  N=2 real_hotpotqa_00070_5ae3606b5542991a06ce99a8 seed=0 arm=react: per_fault={'ctx': True, 'bullets': True} all_resolved=True n_resolved=2/2 tokens=(3737,1366)
  N=2 real_hotpotqa_00070_5ae3606b5542991a06ce99a8 seed=0 arm=selfcheckgpt: per_fault={'ctx': True, 'bullets': True} all_resolved=True n_resolved=2/2 tokens=(10632,395)
  N=2 real_hotpotqa_00070_5ae3606b5542991a06ce99a8 seed=0 arm=reflexion: per_fault={'ctx': True, 'bullets': True} all_resolved=True n_resolved=2/2 tokens=(1842,295)
  N=2 real_hotpotqa_00070_5ae3606b5542991a06ce99a8 seed=0 arm=intro_specter: per_fault={'ctx': True, 'bullets': True} all_resolved=True n_resolved=2/2 tokens=(4196,786)
  N=2 real_hotpotqa_00070_5ae3606b5542991a06ce99a8 seed=1 arm=direct: per_fault={'ctx': True, 'bullets': True} all_resolved=True n_resolved=2/2 tokens=(1842,295)
  N=2 real_hotpotqa_00070_5ae3606b5542991a06ce99a8 seed=1 arm=self_refine: per_fault={'ctx': True, 'bullets': True} all_resolved=True n_resolved=2/2 tokens=(4062,819)
  N=2 real_hotpotqa_00070_5ae3606b5542991a06ce99a8 seed=1 arm=full_regen: per_fault={'ctx': True, 'bullets': True} all_resolved=True n_resolved=2/2 tokens=(3684,376)
  N=2 real_hotpotqa_00070_5ae3606b5542991a06ce99a8 seed=1 arm=react: per_fault={'ctx': True, 'bullets': True} all_resolved=True n_resolved=2/2 tokens=(3737,1366)
  N=2 real_hotpotqa_00070_5ae3606b5542991a06ce99a8 seed=1 arm=selfcheckgpt: per_fault={'ctx': True, 'bullets': True} all_resolved=True n_resolved=2/2 tokens=(10617,396)
  N=2 real_hotpotqa_00070_5ae3606b5542991a06ce99a8 seed=1 arm=reflexion: per_fault={'ctx': True, 'bullets': True} all_resolved=True n_resolved=2/2 tokens=(1842,295)
  N=2 real_hotpotqa_00070_5ae3606b5542991a06ce99a8 seed=1 arm=intro_specter: per_fault={'ctx': True, 'bullets': True} all_resolved=True n_resolved=2/2 tokens=(4196,786)
  N=2 real_hotpotqa_00070_5ae3606b5542991a06ce99a8 seed=2 arm=direct: per_fault={'ctx': True, 'bullets': True} all_resolved=True n_resolved=2/2 tokens=(1822,347)
  N=2 real_hotpotqa_00070_5ae3606b5542991a06ce99a8 seed=2 arm=self_refine: per_fault={'ctx': True, 'bullets': True} all_resolved=True n_resolved=2/2 tokens=(4074,898)
  N=2 real_hotpotqa_00070_5ae3606b5542991a06ce99a8 seed=2 arm=full_regen: per_fault={'ctx': True, 'bullets': True} all_resolved=True n_resolved=2/2 tokens=(3644,571)
  N=2 real_hotpotqa_00070_5ae3606b5542991a06ce99a8 seed=2 arm=react: per_fault={'ctx': True, 'bullets': True} all_resolved=True n_resolved=2/2 tokens=(3717,1385)
  N=2 real_hotpotqa_00070_5ae3606b5542991a06ce99a8 seed=2 arm=selfcheckgpt: per_fault={'ctx': True, 'bullets': True} all_resolved=True n_resolved=2/2 tokens=(12401,482)
  N=2 real_hotpotqa_00070_5ae3606b5542991a06ce99a8 seed=2 arm=reflexion: per_fault={'ctx': True, 'bullets': True} all_resolved=True n_resolved=2/2 tokens=(1822,347)
  N=2 real_hotpotqa_00070_5ae3606b5542991a06ce99a8 seed=2 arm=intro_specter: per_fault={'ctx': True, 'bullets': True} all_resolved=True n_resolved=2/2 tokens=(4248,855)
  N=2 real_hotpotqa_00072_5a84af3e5542991dd0999d7c seed=0 arm=direct: per_fault={'ctx': True, 'preamble': True} all_resolved=True n_resolved=2/2 tokens=(2002,104)
  N=2 real_hotpotqa_00072_5a84af3e5542991dd0999d7c seed=0 arm=self_refine: per_fault={'ctx': True, 'preamble': True} all_resolved=True n_resolved=2/2 tokens=(4088,540)
  N=2 real_hotpotqa_00072_5a84af3e5542991dd0999d7c seed=0 arm=full_regen: per_fault={'ctx': True, 'preamble': True} all_resolved=True n_resolved=2/2 tokens=(4004,368)
  N=2 real_hotpotqa_00072_5a84af3e5542991dd0999d7c seed=0 arm=react: per_fault={'ctx': True, 'preamble': True} all_resolved=True n_resolved=2/2 tokens=(4073,1094)
  N=2 real_hotpotqa_00072_5a84af3e5542991dd0999d7c seed=0 arm=selfcheckgpt: per_fault={'ctx': True, 'preamble': True} all_resolved=True n_resolved=2/2 tokens=(11679,275)
  N=2 real_hotpotqa_00072_5a84af3e5542991dd0999d7c seed=0 arm=reflexion: per_fault={'ctx': True, 'preamble': True} all_resolved=True n_resolved=2/2 tokens=(2002,104)
  N=2 real_hotpotqa_00072_5a84af3e5542991dd0999d7c seed=0 arm=intro_specter: per_fault={'ctx': True, 'preamble': True} all_resolved=True n_resolved=2/2 tokens=(4242,483)
  N=2 real_hotpotqa_00072_5a84af3e5542991dd0999d7c seed=1 arm=direct: per_fault={'ctx': True, 'preamble': True} all_resolved=True n_resolved=2/2 tokens=(2002,104)
  N=2 real_hotpotqa_00072_5a84af3e5542991dd0999d7c seed=1 arm=self_refine: per_fault={'ctx': True, 'preamble': True} all_resolved=True n_resolved=2/2 tokens=(4088,540)
  N=2 real_hotpotqa_00072_5a84af3e5542991dd0999d7c seed=1 arm=full_regen: per_fault={'ctx': True, 'preamble': True} all_resolved=True n_resolved=2/2 tokens=(4004,229)
  N=2 real_hotpotqa_00072_5a84af3e5542991dd0999d7c seed=1 arm=react: per_fault={'ctx': True, 'preamble': True} all_resolved=True n_resolved=2/2 tokens=(4073,1094)
  N=2 real_hotpotqa_00072_5a84af3e5542991dd0999d7c seed=1 arm=selfcheckgpt: per_fault={'ctx': True, 'preamble': True} all_resolved=True n_resolved=2/2 tokens=(13695,347)
  N=2 real_hotpotqa_00072_5a84af3e5542991dd0999d7c seed=1 arm=reflexion: per_fault={'ctx': True, 'preamble': True} all_resolved=True n_resolved=2/2 tokens=(2002,104)
  N=2 real_hotpotqa_00072_5a84af3e5542991dd0999d7c seed=1 arm=intro_specter: per_fault={'ctx': True, 'preamble': True} all_resolved=True n_resolved=2/2 tokens=(4242,483)
  N=2 real_hotpotqa_00072_5a84af3e5542991dd0999d7c seed=2 arm=direct: per_fault={'ctx': True, 'preamble': True} all_resolved=True n_resolved=2/2 tokens=(2002,105)
  N=2 real_hotpotqa_00072_5a84af3e5542991dd0999d7c seed=2 arm=self_refine: per_fault={'ctx': True, 'preamble': True} all_resolved=True n_resolved=2/2 tokens=(4109,386)
  N=2 real_hotpotqa_00072_5a84af3e5542991dd0999d7c seed=2 arm=full_regen: per_fault={'ctx': True, 'preamble': True} all_resolved=True n_resolved=2/2 tokens=(3984,444)
  N=2 real_hotpotqa_00072_5a84af3e5542991dd0999d7c seed=2 arm=react: per_fault={'ctx': True, 'preamble': True} all_resolved=True n_resolved=2/2 tokens=(4057,1047)
  N=2 real_hotpotqa_00072_5a84af3e5542991dd0999d7c seed=2 arm=selfcheckgpt: per_fault={'ctx': True, 'preamble': True} all_resolved=True n_resolved=2/2 tokens=(11749,355)
  N=2 real_hotpotqa_00072_5a84af3e5542991dd0999d7c seed=2 arm=reflexion: per_fault={'ctx': True, 'preamble': True} all_resolved=True n_resolved=2/2 tokens=(2002,105)
  N=2 real_hotpotqa_00072_5a84af3e5542991dd0999d7c seed=2 arm=intro_specter: per_fault={'ctx': True, 'preamble': True} all_resolved=True n_resolved=2/2 tokens=(4263,516)
  N=2 real_hotpotqa_00073_5a7db1a15542995ed0d16660 seed=0 arm=direct: per_fault={'ctx': False, 'concise': True} all_resolved=False n_resolved=1/2 tokens=(1860,348)
  N=2 real_hotpotqa_00073_5a7db1a15542995ed0d16660 seed=0 arm=self_refine: per_fault={'ctx': False, 'concise': False} all_resolved=False n_resolved=0/2 tokens=(4152,1076)
  N=2 real_hotpotqa_00073_5a7db1a15542995ed0d16660 seed=0 arm=full_regen: per_fault={'ctx': True, 'concise': True} all_resolved=True n_resolved=2/2 tokens=(3700,693)
  N=2 real_hotpotqa_00073_5a7db1a15542995ed0d16660 seed=0 arm=react: per_fault={'ctx': False, 'concise': True} all_resolved=False n_resolved=1/2 tokens=(3753,1008)
  N=2 real_hotpotqa_00073_5a7db1a15542995ed0d16660 seed=0 arm=selfcheckgpt: per_fault={'ctx': False, 'concise': True} all_resolved=False n_resolved=1/2 tokens=(12549,509)
  N=2 real_hotpotqa_00073_5a7db1a15542995ed0d16660 seed=0 arm=reflexion: per_fault={'ctx': True, 'concise': True} all_resolved=True n_resolved=2/2 tokens=(12148,1869)
  N=2 real_hotpotqa_00073_5a7db1a15542995ed0d16660 seed=0 arm=intro_specter: per_fault={'ctx': False, 'concise': True} all_resolved=False n_resolved=1/2 tokens=(4306,1015)
  N=2 real_hotpotqa_00073_5a7db1a15542995ed0d16660 seed=1 arm=direct: per_fault={'ctx': False, 'concise': True} all_resolved=False n_resolved=1/2 tokens=(1860,348)
  N=2 real_hotpotqa_00073_5a7db1a15542995ed0d16660 seed=1 arm=self_refine: per_fault={'ctx': False, 'concise': False} all_resolved=False n_resolved=0/2 tokens=(4152,1076)
  N=2 real_hotpotqa_00073_5a7db1a15542995ed0d16660 seed=1 arm=full_regen: per_fault={'ctx': False, 'concise': True} all_resolved=False n_resolved=1/2 tokens=(3736,955)
  N=2 real_hotpotqa_00073_5a7db1a15542995ed0d16660 seed=1 arm=react: per_fault={'ctx': False, 'concise': True} all_resolved=False n_resolved=1/2 tokens=(3753,1008)
  N=2 real_hotpotqa_00073_5a7db1a15542995ed0d16660 seed=1 arm=selfcheckgpt: per_fault={'ctx': False, 'concise': True} all_resolved=False n_resolved=1/2 tokens=(12567,509)
  N=2 real_hotpotqa_00073_5a7db1a15542995ed0d16660 seed=1 arm=reflexion: per_fault={'ctx': True, 'concise': True} all_resolved=True n_resolved=2/2 tokens=(12148,1869)
  N=2 real_hotpotqa_00073_5a7db1a15542995ed0d16660 seed=1 arm=intro_specter: per_fault={'ctx': False, 'concise': True} all_resolved=False n_resolved=1/2 tokens=(4306,1015)
  N=2 real_hotpotqa_00073_5a7db1a15542995ed0d16660 seed=2 arm=direct: per_fault={'ctx': False, 'concise': True} all_resolved=False n_resolved=1/2 tokens=(1860,504)
  N=2 real_hotpotqa_00073_5a7db1a15542995ed0d16660 seed=2 arm=self_refine: per_fault={'ctx': False, 'concise': True} all_resolved=False n_resolved=1/2 tokens=(4328,1131)
  N=2 real_hotpotqa_00073_5a7db1a15542995ed0d16660 seed=2 arm=full_regen: per_fault={'ctx': False, 'concise': True} all_resolved=False n_resolved=1/2 tokens=(3736,941)
  N=2 real_hotpotqa_00073_5a7db1a15542995ed0d16660 seed=2 arm=react: per_fault={'ctx': False, 'concise': True} all_resolved=False n_resolved=1/2 tokens=(3773,1758)
  N=2 real_hotpotqa_00073_5a7db1a15542995ed0d16660 seed=2 arm=selfcheckgpt: per_fault={'ctx': False, 'concise': True} all_resolved=False n_resolved=1/2 tokens=(12618,668)
  N=2 real_hotpotqa_00073_5a7db1a15542995ed0d16660 seed=2 arm=reflexion: per_fault={'ctx': True, 'concise': True} all_resolved=True n_resolved=2/2 tokens=(12464,1890)
  N=2 real_hotpotqa_00073_5a7db1a15542995ed0d16660 seed=2 arm=intro_specter: per_fault={'ctx': False, 'concise': True} all_resolved=False n_resolved=1/2 tokens=(4462,1310)
  N=2 real_hotpotqa_00074_5abbf43d5542993f40c73c2f seed=0 arm=direct: per_fault={'ctx': True, 'bullets': True} all_resolved=True n_resolved=2/2 tokens=(2053,387)
  N=2 real_hotpotqa_00074_5abbf43d5542993f40c73c2f seed=0 arm=self_refine: per_fault={'ctx': True, 'bullets': True} all_resolved=True n_resolved=2/2 tokens=(4598,932)
  N=2 real_hotpotqa_00074_5abbf43d5542993f40c73c2f seed=0 arm=full_regen: per_fault={'ctx': True, 'bullets': True} all_resolved=True n_resolved=2/2 tokens=(4106,764)
  N=2 real_hotpotqa_00074_5abbf43d5542993f40c73c2f seed=0 arm=react: per_fault={'ctx': True, 'bullets': True} all_resolved=True n_resolved=2/2 tokens=(4195,879)
  N=2 real_hotpotqa_00074_5abbf43d5542993f40c73c2f seed=0 arm=selfcheckgpt: per_fault={'ctx': True, 'bullets': True} all_resolved=True n_resolved=2/2 tokens=(12027,497)
  N=2 real_hotpotqa_00074_5abbf43d5542993f40c73c2f seed=0 arm=reflexion: per_fault={'ctx': True, 'bullets': True} all_resolved=True n_resolved=2/2 tokens=(2053,387)
  N=2 real_hotpotqa_00074_5abbf43d5542993f40c73c2f seed=0 arm=intro_specter: per_fault={'ctx': True, 'bullets': True} all_resolved=True n_resolved=2/2 tokens=(4752,1042)
  N=2 real_hotpotqa_00074_5abbf43d5542993f40c73c2f seed=1 arm=direct: per_fault={'ctx': True, 'bullets': True} all_resolved=True n_resolved=2/2 tokens=(2053,387)
  N=2 real_hotpotqa_00074_5abbf43d5542993f40c73c2f seed=1 arm=self_refine: per_fault={'ctx': True, 'bullets': True} all_resolved=True n_resolved=2/2 tokens=(4598,932)
  N=2 real_hotpotqa_00074_5abbf43d5542993f40c73c2f seed=1 arm=full_regen: per_fault={'ctx': True, 'bullets': True} all_resolved=True n_resolved=2/2 tokens=(4126,695)
  N=2 real_hotpotqa_00074_5abbf43d5542993f40c73c2f seed=1 arm=react: per_fault={'ctx': True, 'bullets': True} all_resolved=True n_resolved=2/2 tokens=(4195,879)
  N=2 real_hotpotqa_00074_5abbf43d5542993f40c73c2f seed=1 arm=selfcheckgpt: per_fault={'ctx': True, 'bullets': True} all_resolved=True n_resolved=2/2 tokens=(14076,522)
  N=2 real_hotpotqa_00074_5abbf43d5542993f40c73c2f seed=1 arm=reflexion: per_fault={'ctx': True, 'bullets': True} all_resolved=True n_resolved=2/2 tokens=(2053,387)
  N=2 real_hotpotqa_00074_5abbf43d5542993f40c73c2f seed=1 arm=intro_specter: per_fault={'ctx': True, 'bullets': True} all_resolved=True n_resolved=2/2 tokens=(4752,1042)
  N=2 real_hotpotqa_00074_5abbf43d5542993f40c73c2f seed=2 arm=direct: per_fault={'ctx': True, 'bullets': True} all_resolved=True n_resolved=2/2 tokens=(2073,77)
  N=2 real_hotpotqa_00074_5abbf43d5542993f40c73c2f seed=2 arm=self_refine: per_fault={'ctx': True, 'bullets': True} all_resolved=True n_resolved=2/2 tokens=(4203,267)
  N=2 real_hotpotqa_00074_5abbf43d5542993f40c73c2f seed=2 arm=full_regen: per_fault={'ctx': True, 'bullets': True} all_resolved=True n_resolved=2/2 tokens=(4146,294)
  N=2 real_hotpotqa_00074_5abbf43d5542993f40c73c2f seed=2 arm=react: per_fault={'ctx': True, 'bullets': True} all_resolved=True n_resolved=2/2 tokens=(4179,561)
  N=2 real_hotpotqa_00074_5abbf43d5542993f40c73c2f seed=2 arm=selfcheckgpt: per_fault={'ctx': False, 'bullets': True} all_resolved=False n_resolved=1/2 tokens=(13961,205)
  N=2 real_hotpotqa_00074_5abbf43d5542993f40c73c2f seed=2 arm=reflexion: per_fault={'ctx': True, 'bullets': True} all_resolved=True n_resolved=2/2 tokens=(2073,77)
  N=2 real_hotpotqa_00074_5abbf43d5542993f40c73c2f seed=2 arm=intro_specter: per_fault={'ctx': True, 'bullets': True} all_resolved=True n_resolved=2/2 tokens=(4377,262)
  N=2 real_hotpotqa_00075_5a89da93554299669944a5cc seed=0 arm=direct: per_fault={'ctx': True, 'concise': True} all_resolved=True n_resolved=2/2 tokens=(2083,454)
  N=2 real_hotpotqa_00075_5a89da93554299669944a5cc seed=0 arm=self_refine: per_fault={'ctx': True, 'concise': True} all_resolved=True n_resolved=2/2 tokens=(4729,1217)
  N=2 real_hotpotqa_00075_5a89da93554299669944a5cc seed=0 arm=full_regen: per_fault={'ctx': True, 'concise': True} all_resolved=True n_resolved=2/2 tokens=(4130,1151)
  N=2 real_hotpotqa_00075_5a89da93554299669944a5cc seed=0 arm=react: per_fault={'ctx': True, 'concise': True} all_resolved=True n_resolved=2/2 tokens=(4183,929)
  N=2 real_hotpotqa_00075_5a89da93554299669944a5cc seed=0 arm=selfcheckgpt: per_fault={'ctx': True, 'concise': True} all_resolved=True n_resolved=2/2 tokens=(12092,657)
  N=2 real_hotpotqa_00075_5a89da93554299669944a5cc seed=0 arm=reflexion: per_fault={'ctx': True, 'concise': True} all_resolved=True n_resolved=2/2 tokens=(2083,454)
  N=2 real_hotpotqa_00075_5a89da93554299669944a5cc seed=0 arm=intro_specter: per_fault={'ctx': True, 'concise': True} all_resolved=True n_resolved=2/2 tokens=(4903,1100)
  N=2 real_hotpotqa_00075_5a89da93554299669944a5cc seed=1 arm=direct: per_fault={'ctx': True, 'concise': True} all_resolved=True n_resolved=2/2 tokens=(2083,454)
  N=2 real_hotpotqa_00075_5a89da93554299669944a5cc seed=1 arm=self_refine: per_fault={'ctx': True, 'concise': True} all_resolved=True n_resolved=2/2 tokens=(4729,1217)
  N=2 real_hotpotqa_00075_5a89da93554299669944a5cc seed=1 arm=full_regen: per_fault={'ctx': True, 'concise': True} all_resolved=True n_resolved=2/2 tokens=(4130,857)
  N=2 real_hotpotqa_00075_5a89da93554299669944a5cc seed=1 arm=react: per_fault={'ctx': True, 'concise': True} all_resolved=True n_resolved=2/2 tokens=(4183,929)
  N=2 real_hotpotqa_00075_5a89da93554299669944a5cc seed=1 arm=selfcheckgpt: per_fault={'ctx': True, 'concise': True} all_resolved=True n_resolved=2/2 tokens=(12259,834)
  N=2 real_hotpotqa_00075_5a89da93554299669944a5cc seed=1 arm=reflexion: per_fault={'ctx': True, 'concise': True} all_resolved=True n_resolved=2/2 tokens=(2083,454)
  N=2 real_hotpotqa_00075_5a89da93554299669944a5cc seed=1 arm=intro_specter: per_fault={'ctx': True, 'concise': True} all_resolved=True n_resolved=2/2 tokens=(4903,1100)
  N=2 real_hotpotqa_00075_5a89da93554299669944a5cc seed=2 arm=direct: per_fault={'ctx': True, 'concise': True} all_resolved=True n_resolved=2/2 tokens=(2047,280)
  N=2 real_hotpotqa_00075_5a89da93554299669944a5cc seed=2 arm=self_refine: per_fault={'ctx': True, 'concise': False} all_resolved=False n_resolved=1/2 tokens=(4475,876)
  N=2 real_hotpotqa_00075_5a89da93554299669944a5cc seed=2 arm=full_regen: per_fault={'ctx': True, 'concise': True} all_resolved=True n_resolved=2/2 tokens=(4094,551)
  N=2 real_hotpotqa_00075_5a89da93554299669944a5cc seed=2 arm=react: per_fault={'ctx': True, 'concise': True} all_resolved=True n_resolved=2/2 tokens=(4183,1107)
  N=2 real_hotpotqa_00075_5a89da93554299669944a5cc seed=2 arm=selfcheckgpt: per_fault={'ctx': True, 'concise': True} all_resolved=True n_resolved=2/2 tokens=(12066,476)
  N=2 real_hotpotqa_00075_5a89da93554299669944a5cc seed=2 arm=reflexion: per_fault={'ctx': True, 'concise': True} all_resolved=True n_resolved=2/2 tokens=(2047,280)
  N=2 real_hotpotqa_00075_5a89da93554299669944a5cc seed=2 arm=intro_specter: per_fault={'ctx': True, 'concise': True} all_resolved=True n_resolved=2/2 tokens=(4609,743)
  N=2 real_hotpotqa_00077_5ae12b6755429920d52342e4 seed=0 arm=direct: per_fault={'ctx': False, 'english': True} all_resolved=False n_resolved=1/2 tokens=(1789,278)
  N=2 real_hotpotqa_00077_5ae12b6755429920d52342e4 seed=0 arm=self_refine: per_fault={'ctx': False, 'english': True} all_resolved=False n_resolved=1/2 tokens=(3723,562)
  N=2 real_hotpotqa_00077_5ae12b6755429920d52342e4 seed=0 arm=full_regen: per_fault={'ctx': True, 'english': True} all_resolved=True n_resolved=2/2 tokens=(3578,447)
  N=2 real_hotpotqa_00077_5ae12b6755429920d52342e4 seed=0 arm=react: per_fault={'ctx': False, 'english': True} all_resolved=False n_resolved=1/2 tokens=(3615,990)
  N=2 real_hotpotqa_00077_5ae12b6755429920d52342e4 seed=0 arm=selfcheckgpt: per_fault={'ctx': True, 'english': True} all_resolved=True n_resolved=2/2 tokens=(11915,431)
  N=2 real_hotpotqa_00077_5ae12b6755429920d52342e4 seed=0 arm=reflexion: per_fault={'ctx': True, 'english': True} all_resolved=True n_resolved=2/2 tokens=(5690,517)
  N=2 real_hotpotqa_00077_5ae12b6755429920d52342e4 seed=0 arm=intro_specter: per_fault={'ctx': True, 'english': True} all_resolved=True n_resolved=2/2 tokens=(3877,588)
  N=2 real_hotpotqa_00077_5ae12b6755429920d52342e4 seed=1 arm=direct: per_fault={'ctx': False, 'english': True} all_resolved=False n_resolved=1/2 tokens=(1789,278)
  N=2 real_hotpotqa_00077_5ae12b6755429920d52342e4 seed=1 arm=self_refine: per_fault={'ctx': False, 'english': True} all_resolved=False n_resolved=1/2 tokens=(3723,562)
  N=2 real_hotpotqa_00077_5ae12b6755429920d52342e4 seed=1 arm=full_regen: per_fault={'ctx': True, 'english': True} all_resolved=True n_resolved=2/2 tokens=(3542,632)
  N=2 real_hotpotqa_00077_5ae12b6755429920d52342e4 seed=1 arm=react: per_fault={'ctx': False, 'english': True} all_resolved=False n_resolved=1/2 tokens=(3615,990)
  N=2 real_hotpotqa_00077_5ae12b6755429920d52342e4 seed=1 arm=selfcheckgpt: per_fault={'ctx': True, 'english': True} all_resolved=True n_resolved=2/2 tokens=(12022,502)
  N=2 real_hotpotqa_00077_5ae12b6755429920d52342e4 seed=1 arm=reflexion: per_fault={'ctx': True, 'english': True} all_resolved=True n_resolved=2/2 tokens=(5690,517)
  N=2 real_hotpotqa_00077_5ae12b6755429920d52342e4 seed=1 arm=intro_specter: per_fault={'ctx': True, 'english': True} all_resolved=True n_resolved=2/2 tokens=(3877,588)
  N=2 real_hotpotqa_00077_5ae12b6755429920d52342e4 seed=2 arm=direct: per_fault={'ctx': True, 'english': True} all_resolved=True n_resolved=2/2 tokens=(1753,307)
  N=2 real_hotpotqa_00077_5ae12b6755429920d52342e4 seed=2 arm=self_refine: per_fault={'ctx': False, 'english': True} all_resolved=False n_resolved=1/2 tokens=(3916,837)
  N=2 real_hotpotqa_00077_5ae12b6755429920d52342e4 seed=2 arm=full_regen: per_fault={'ctx': False, 'english': True} all_resolved=False n_resolved=1/2 tokens=(3526,814)
  N=2 real_hotpotqa_00077_5ae12b6755429920d52342e4 seed=2 arm=react: per_fault={'ctx': True, 'english': True} all_resolved=True n_resolved=2/2 tokens=(3559,867)
  N=2 real_hotpotqa_00077_5ae12b6755429920d52342e4 seed=2 arm=selfcheckgpt: per_fault={'ctx': True, 'english': True} all_resolved=True n_resolved=2/2 tokens=(11989,551)
  N=2 real_hotpotqa_00077_5ae12b6755429920d52342e4 seed=2 arm=reflexion: per_fault={'ctx': True, 'english': True} all_resolved=True n_resolved=2/2 tokens=(1753,307)
  N=2 real_hotpotqa_00077_5ae12b6755429920d52342e4 seed=2 arm=intro_specter: per_fault={'ctx': True, 'english': True} all_resolved=True n_resolved=2/2 tokens=(4070,880)
  N=2 real_hotpotqa_00080_5a77dbaf5542997042120b5b seed=0 arm=direct: per_fault={'ctx': True, 'english': True} all_resolved=True n_resolved=2/2 tokens=(1849,244)
  N=2 real_hotpotqa_00080_5a77dbaf5542997042120b5b seed=0 arm=self_refine: per_fault={'ctx': False, 'english': True} all_resolved=False n_resolved=1/2 tokens=(4003,723)
  N=2 real_hotpotqa_00080_5a77dbaf5542997042120b5b seed=0 arm=full_regen: per_fault={'ctx': True, 'english': True} all_resolved=True n_resolved=2/2 tokens=(3698,755)
  N=2 real_hotpotqa_00080_5a77dbaf5542997042120b5b seed=0 arm=react: per_fault={'ctx': True, 'english': True} all_resolved=True n_resolved=2/2 tokens=(3787,823)
  N=2 real_hotpotqa_00080_5a77dbaf5542997042120b5b seed=0 arm=selfcheckgpt: per_fault={'ctx': True, 'english': True} all_resolved=True n_resolved=2/2 tokens=(10891,391)
  N=2 real_hotpotqa_00080_5a77dbaf5542997042120b5b seed=0 arm=reflexion: per_fault={'ctx': True, 'english': True} all_resolved=True n_resolved=2/2 tokens=(1849,244)
  N=2 real_hotpotqa_00080_5a77dbaf5542997042120b5b seed=0 arm=intro_specter: per_fault={'ctx': True, 'english': True} all_resolved=True n_resolved=2/2 tokens=(4177,638)
  N=2 real_hotpotqa_00080_5a77dbaf5542997042120b5b seed=1 arm=direct: per_fault={'ctx': True, 'english': True} all_resolved=True n_resolved=2/2 tokens=(1849,244)
  N=2 real_hotpotqa_00080_5a77dbaf5542997042120b5b seed=1 arm=self_refine: per_fault={'ctx': False, 'english': True} all_resolved=False n_resolved=1/2 tokens=(4003,723)
  N=2 real_hotpotqa_00080_5a77dbaf5542997042120b5b seed=1 arm=full_regen: per_fault={'ctx': True, 'english': True} all_resolved=True n_resolved=2/2 tokens=(3698,660)
  N=2 real_hotpotqa_00080_5a77dbaf5542997042120b5b seed=1 arm=react: per_fault={'ctx': True, 'english': True} all_resolved=True n_resolved=2/2 tokens=(3787,823)
  N=2 real_hotpotqa_00080_5a77dbaf5542997042120b5b seed=1 arm=selfcheckgpt: per_fault={'ctx': True, 'english': True} all_resolved=True n_resolved=2/2 tokens=(12616,410)
  N=2 real_hotpotqa_00080_5a77dbaf5542997042120b5b seed=1 arm=reflexion: per_fault={'ctx': True, 'english': True} all_resolved=True n_resolved=2/2 tokens=(1849,244)
  N=2 real_hotpotqa_00080_5a77dbaf5542997042120b5b seed=1 arm=intro_specter: per_fault={'ctx': True, 'english': True} all_resolved=True n_resolved=2/2 tokens=(4177,638)
  N=2 real_hotpotqa_00080_5a77dbaf5542997042120b5b seed=2 arm=direct: per_fault={'ctx': True, 'english': True} all_resolved=True n_resolved=2/2 tokens=(1849,311)
  N=2 real_hotpotqa_00080_5a77dbaf5542997042120b5b seed=2 arm=self_refine: per_fault={'ctx': True, 'english': True} all_resolved=True n_resolved=2/2 tokens=(4111,938)
  N=2 real_hotpotqa_00080_5a77dbaf5542997042120b5b seed=2 arm=full_regen: per_fault={'ctx': True, 'english': True} all_resolved=True n_resolved=2/2 tokens=(3718,785)
  N=2 real_hotpotqa_00080_5a77dbaf5542997042120b5b seed=2 arm=react: per_fault={'ctx': True, 'english': True} all_resolved=True n_resolved=2/2 tokens=(3751,2236)
  N=2 real_hotpotqa_00080_5a77dbaf5542997042120b5b seed=2 arm=selfcheckgpt: per_fault={'ctx': True, 'english': True} all_resolved=True n_resolved=2/2 tokens=(10845,446)
  N=2 real_hotpotqa_00080_5a77dbaf5542997042120b5b seed=2 arm=reflexion: per_fault={'ctx': True, 'english': True} all_resolved=True n_resolved=2/2 tokens=(1849,311)
  N=2 real_hotpotqa_00080_5a77dbaf5542997042120b5b seed=2 arm=intro_specter: per_fault={'ctx': True, 'english': True} all_resolved=True n_resolved=2/2 tokens=(4245,809)
  N=2 real_hotpotqa_00081_5a81cf64554299676cceb0ed seed=0 arm=direct: per_fault={'ctx': True, 'concise': True} all_resolved=True n_resolved=2/2 tokens=(1788,101)
  N=2 real_hotpotqa_00081_5a81cf64554299676cceb0ed seed=0 arm=self_refine: per_fault={'ctx': True, 'concise': True} all_resolved=True n_resolved=2/2 tokens=(3674,302)
  N=2 real_hotpotqa_00081_5a81cf64554299676cceb0ed seed=0 arm=full_regen: per_fault={'ctx': True, 'concise': True} all_resolved=True n_resolved=2/2 tokens=(3576,478)
  N=2 real_hotpotqa_00081_5a81cf64554299676cceb0ed seed=0 arm=react: per_fault={'ctx': True, 'concise': True} all_resolved=True n_resolved=2/2 tokens=(3645,952)
  N=2 real_hotpotqa_00081_5a81cf64554299676cceb0ed seed=0 arm=selfcheckgpt: per_fault={'ctx': True, 'concise': True} all_resolved=True n_resolved=2/2 tokens=(10397,273)
  N=2 real_hotpotqa_00081_5a81cf64554299676cceb0ed seed=0 arm=reflexion: per_fault={'ctx': True, 'concise': True} all_resolved=True n_resolved=2/2 tokens=(1788,101)
  N=2 real_hotpotqa_00081_5a81cf64554299676cceb0ed seed=0 arm=intro_specter: per_fault={'ctx': True, 'concise': True} all_resolved=True n_resolved=2/2 tokens=(3844,487)
  N=2 real_hotpotqa_00081_5a81cf64554299676cceb0ed seed=1 arm=direct: per_fault={'ctx': True, 'concise': True} all_resolved=True n_resolved=2/2 tokens=(1788,101)
  N=2 real_hotpotqa_00081_5a81cf64554299676cceb0ed seed=1 arm=self_refine: per_fault={'ctx': True, 'concise': True} all_resolved=True n_resolved=2/2 tokens=(3674,302)
  N=2 real_hotpotqa_00081_5a81cf64554299676cceb0ed seed=1 arm=full_regen: per_fault={'ctx': False, 'concise': True} all_resolved=False n_resolved=1/2 tokens=(3556,218)
  N=2 real_hotpotqa_00081_5a81cf64554299676cceb0ed seed=1 arm=react: per_fault={'ctx': True, 'concise': True} all_resolved=True n_resolved=2/2 tokens=(3645,952)
  N=2 real_hotpotqa_00081_5a81cf64554299676cceb0ed seed=1 arm=selfcheckgpt: per_fault={'ctx': True, 'concise': True} all_resolved=True n_resolved=2/2 tokens=(12078,293)
  N=2 real_hotpotqa_00081_5a81cf64554299676cceb0ed seed=1 arm=reflexion: per_fault={'ctx': True, 'concise': True} all_resolved=True n_resolved=2/2 tokens=(1788,101)
  N=2 real_hotpotqa_00081_5a81cf64554299676cceb0ed seed=1 arm=intro_specter: per_fault={'ctx': True, 'concise': True} all_resolved=True n_resolved=2/2 tokens=(3844,487)
  N=2 real_hotpotqa_00081_5a81cf64554299676cceb0ed seed=2 arm=direct: per_fault={'ctx': True, 'concise': True} all_resolved=True n_resolved=2/2 tokens=(1768,311)
  N=2 real_hotpotqa_00081_5a81cf64554299676cceb0ed seed=2 arm=self_refine: per_fault={'ctx': True, 'concise': True} all_resolved=True n_resolved=2/2 tokens=(3928,923)
  N=2 real_hotpotqa_00081_5a81cf64554299676cceb0ed seed=2 arm=full_regen: per_fault={'ctx': True, 'concise': True} all_resolved=True n_resolved=2/2 tokens=(3556,842)
  N=2 real_hotpotqa_00081_5a81cf64554299676cceb0ed seed=2 arm=react: per_fault={'ctx': False, 'concise': True} all_resolved=False n_resolved=1/2 tokens=(3609,1922)
  N=2 real_hotpotqa_00081_5a81cf64554299676cceb0ed seed=2 arm=selfcheckgpt: per_fault={'ctx': True, 'concise': True} all_resolved=True n_resolved=2/2 tokens=(10389,478)
  N=2 real_hotpotqa_00081_5a81cf64554299676cceb0ed seed=2 arm=reflexion: per_fault={'ctx': True, 'concise': True} all_resolved=True n_resolved=2/2 tokens=(1768,311)
  N=2 real_hotpotqa_00081_5a81cf64554299676cceb0ed seed=2 arm=intro_specter: per_fault={'ctx': True, 'concise': True} all_resolved=True n_resolved=2/2 tokens=(4082,698)
  N=2 real_hotpotqa_00083_5a73d33e5542992d56e7e3a9 seed=0 arm=direct: per_fault={'ctx': True, 'concise': False} all_resolved=False n_resolved=1/2 tokens=(1851,495)
  N=2 real_hotpotqa_00083_5a73d33e5542992d56e7e3a9 seed=0 arm=self_refine: per_fault={'ctx': True, 'concise': False} all_resolved=False n_resolved=1/2 tokens=(4341,1287)
  N=2 real_hotpotqa_00083_5a73d33e5542992d56e7e3a9 seed=0 arm=full_regen: per_fault={'ctx': True, 'concise': False} all_resolved=False n_resolved=1/2 tokens=(3702,845)
  N=2 real_hotpotqa_00083_5a73d33e5542992d56e7e3a9 seed=0 arm=react: per_fault={'ctx': False, 'concise': False} all_resolved=False n_resolved=0/2 tokens=(3755,1752)
  N=2 real_hotpotqa_00083_5a73d33e5542992d56e7e3a9 seed=0 arm=selfcheckgpt: per_fault={'ctx': True, 'concise': True} all_resolved=True n_resolved=2/2 tokens=(12762,845)
  N=2 real_hotpotqa_00083_5a73d33e5542992d56e7e3a9 seed=0 arm=reflexion: per_fault={'ctx': True, 'concise': False} all_resolved=False n_resolved=1/2 tokens=(1851,495)
  N=2 real_hotpotqa_00083_5a73d33e5542992d56e7e3a9 seed=0 arm=intro_specter: per_fault={'ctx': True, 'concise': False} all_resolved=False n_resolved=1/2 tokens=(4459,1218)
  N=2 real_hotpotqa_00083_5a73d33e5542992d56e7e3a9 seed=1 arm=direct: per_fault={'ctx': True, 'concise': False} all_resolved=False n_resolved=1/2 tokens=(1851,495)
  N=2 real_hotpotqa_00083_5a73d33e5542992d56e7e3a9 seed=1 arm=self_refine: per_fault={'ctx': True, 'concise': False} all_resolved=False n_resolved=1/2 tokens=(4341,1287)
  N=2 real_hotpotqa_00083_5a73d33e5542992d56e7e3a9 seed=1 arm=full_regen: per_fault={'ctx': False, 'concise': False} all_resolved=False n_resolved=0/2 tokens=(3702,768)
  N=2 real_hotpotqa_00083_5a73d33e5542992d56e7e3a9 seed=1 arm=react: per_fault={'ctx': False, 'concise': False} all_resolved=False n_resolved=0/2 tokens=(3755,1752)
  N=2 real_hotpotqa_00083_5a73d33e5542992d56e7e3a9 seed=1 arm=selfcheckgpt: per_fault={'ctx': False, 'concise': True} all_resolved=False n_resolved=1/2 tokens=(12534,678)
  N=2 real_hotpotqa_00083_5a73d33e5542992d56e7e3a9 seed=1 arm=reflexion: per_fault={'ctx': True, 'concise': False} all_resolved=False n_resolved=1/2 tokens=(1851,495)
  N=2 real_hotpotqa_00083_5a73d33e5542992d56e7e3a9 seed=1 arm=intro_specter: per_fault={'ctx': True, 'concise': False} all_resolved=False n_resolved=1/2 tokens=(4459,1218)
  N=2 real_hotpotqa_00083_5a73d33e5542992d56e7e3a9 seed=2 arm=direct: per_fault={'ctx': True, 'concise': True} all_resolved=True n_resolved=2/2 tokens=(1831,340)
  N=2 real_hotpotqa_00083_5a73d33e5542992d56e7e3a9 seed=2 arm=self_refine: per_fault={'ctx': True, 'concise': True} all_resolved=True n_resolved=2/2 tokens=(4088,968)
  N=2 real_hotpotqa_00083_5a73d33e5542992d56e7e3a9 seed=2 arm=full_regen: per_fault={'ctx': False, 'concise': False} all_resolved=False n_resolved=0/2 tokens=(3662,675)
  N=2 real_hotpotqa_00083_5a73d33e5542992d56e7e3a9 seed=2 arm=react: per_fault={'ctx': False, 'concise': False} all_resolved=False n_resolved=0/2 tokens=(3735,1687)
  N=2 real_hotpotqa_00083_5a73d33e5542992d56e7e3a9 seed=2 arm=selfcheckgpt: per_fault={'ctx': False, 'concise': True} all_resolved=False n_resolved=1/2 tokens=(12558,566)
  N=2 real_hotpotqa_00083_5a73d33e5542992d56e7e3a9 seed=2 arm=reflexion: per_fault={'ctx': True, 'concise': True} all_resolved=True n_resolved=2/2 tokens=(1831,340)
  N=2 real_hotpotqa_00083_5a73d33e5542992d56e7e3a9 seed=2 arm=intro_specter: per_fault={'ctx': True, 'concise': True} all_resolved=True n_resolved=2/2 tokens=(4242,841)
  N=2 real_hotpotqa_00086_5ab9631a55429970cfb8eaad seed=0 arm=direct: per_fault={'ctx': True, 'concise': False} all_resolved=False n_resolved=1/2 tokens=(2124,413)
  N=2 real_hotpotqa_00086_5ab9631a55429970cfb8eaad seed=0 arm=self_refine: per_fault={'ctx': True, 'concise': False} all_resolved=False n_resolved=1/2 tokens=(4765,1065)
  N=2 real_hotpotqa_00086_5ab9631a55429970cfb8eaad seed=0 arm=full_regen: per_fault={'ctx': True, 'concise': True} all_resolved=True n_resolved=2/2 tokens=(4248,626)
  N=2 real_hotpotqa_00086_5ab9631a55429970cfb8eaad seed=0 arm=react: per_fault={'ctx': True, 'concise': True} all_resolved=True n_resolved=2/2 tokens=(4317,1355)
  N=2 real_hotpotqa_00086_5ab9631a55429970cfb8eaad seed=0 arm=selfcheckgpt: per_fault={'ctx': True, 'concise': True} all_resolved=True n_resolved=2/2 tokens=(14478,623)
  N=2 real_hotpotqa_00086_5ab9631a55429970cfb8eaad seed=0 arm=reflexion: per_fault={'ctx': True, 'concise': False} all_resolved=False n_resolved=1/2 tokens=(2124,413)
  N=2 real_hotpotqa_00086_5ab9631a55429970cfb8eaad seed=0 arm=intro_specter: per_fault={'ctx': True, 'concise': False} all_resolved=False n_resolved=1/2 tokens=(4939,1124)
  N=2 real_hotpotqa_00086_5ab9631a55429970cfb8eaad seed=1 arm=direct: per_fault={'ctx': True, 'concise': False} all_resolved=False n_resolved=1/2 tokens=(2124,413)
  N=2 real_hotpotqa_00086_5ab9631a55429970cfb8eaad seed=1 arm=self_refine: per_fault={'ctx': True, 'concise': False} all_resolved=False n_resolved=1/2 tokens=(4765,1065)
  N=2 real_hotpotqa_00086_5ab9631a55429970cfb8eaad seed=1 arm=full_regen: per_fault={'ctx': False, 'concise': True} all_resolved=False n_resolved=1/2 tokens=(4228,810)
  N=2 real_hotpotqa_00086_5ab9631a55429970cfb8eaad seed=1 arm=react: per_fault={'ctx': True, 'concise': True} all_resolved=True n_resolved=2/2 tokens=(4317,1355)
  N=2 real_hotpotqa_00086_5ab9631a55429970cfb8eaad seed=1 arm=selfcheckgpt: per_fault={'ctx': True, 'concise': False} all_resolved=False n_resolved=1/2 tokens=(12439,608)
  N=2 real_hotpotqa_00086_5ab9631a55429970cfb8eaad seed=1 arm=reflexion: per_fault={'ctx': True, 'concise': False} all_resolved=False n_resolved=1/2 tokens=(2124,413)
  N=2 real_hotpotqa_00086_5ab9631a55429970cfb8eaad seed=1 arm=intro_specter: per_fault={'ctx': True, 'concise': False} all_resolved=False n_resolved=1/2 tokens=(4939,1124)
  N=2 real_hotpotqa_00086_5ab9631a55429970cfb8eaad seed=2 arm=direct: per_fault={'ctx': True, 'concise': False} all_resolved=False n_resolved=1/2 tokens=(2124,396)
  N=2 real_hotpotqa_00086_5ab9631a55429970cfb8eaad seed=2 arm=self_refine: per_fault={'ctx': True, 'concise': False} all_resolved=False n_resolved=1/2 tokens=(4706,1066)
  N=2 real_hotpotqa_00086_5ab9631a55429970cfb8eaad seed=2 arm=full_regen: per_fault={'ctx': False, 'concise': True} all_resolved=False n_resolved=1/2 tokens=(4228,946)
  N=2 real_hotpotqa_00086_5ab9631a55429970cfb8eaad seed=2 arm=react: per_fault={'ctx': True, 'concise': False} all_resolved=False n_resolved=1/2 tokens=(4301,1302)
  N=2 real_hotpotqa_00086_5ab9631a55429970cfb8eaad seed=2 arm=selfcheckgpt: per_fault={'ctx': True, 'concise': True} all_resolved=True n_resolved=2/2 tokens=(14504,540)
  N=2 real_hotpotqa_00086_5ab9631a55429970cfb8eaad seed=2 arm=reflexion: per_fault={'ctx': True, 'concise': False} all_resolved=False n_resolved=1/2 tokens=(2124,396)
  N=2 real_hotpotqa_00086_5ab9631a55429970cfb8eaad seed=2 arm=intro_specter: per_fault={'ctx': True, 'concise': False} all_resolved=False n_resolved=1/2 tokens=(4880,943)

--- run summary (N=2, model=llama-3.1-8b) ---
rows written: 1251  errors: 3
total tokens_input=6071377  total tokens_output=965989  grand_total=7037366
