Building 60 4-fault-injected hotpotqa_real examples (bench_seed=42, scan_limit=40000)...
Built 60 examples. seeds=[0, 1, 2], model=mistral-nemo-12b, arms=['direct', 'self_refine', 'full_regen', 'react', 'selfcheckgpt', 'reflexion', 'intro_specter']
  N=4 real_hotpotqa_00013_5a79ad485542994bb9457036 seed=0 arm=direct: per_fault={'ctx': True, 'bullets': True, 'concise': True, 'preamble': True} all_resolved=True n_resolved=4/4 tokens=(2367,208)
  N=4 real_hotpotqa_00013_5a79ad485542994bb9457036 seed=0 arm=self_refine: per_fault={'ctx': True, 'bullets': True, 'concise': True, 'preamble': True} all_resolved=True n_resolved=4/4 tokens=(5048,619)
  N=4 real_hotpotqa_00013_5a79ad485542994bb9457036 seed=0 arm=full_regen: per_fault={'ctx': True, 'bullets': True, 'concise': True, 'preamble': True} all_resolved=True n_resolved=4/4 tokens=(4734,588)
  N=4 real_hotpotqa_00013_5a79ad485542994bb9457036 seed=0 arm=react: per_fault={'ctx': True, 'bullets': True, 'concise': True, 'preamble': True} all_resolved=True n_resolved=4/4 tokens=(4790,550)
  N=4 real_hotpotqa_00013_5a79ad485542994bb9457036 seed=0 arm=selfcheckgpt: per_fault={'ctx': True, 'bullets': True, 'concise': True, 'preamble': True} all_resolved=True n_resolved=4/4 tokens=(13866,375)
  N=4 real_hotpotqa_00013_5a79ad485542994bb9457036 seed=0 arm=reflexion: per_fault={'ctx': True, 'bullets': True, 'concise': True, 'preamble': True} all_resolved=True n_resolved=4/4 tokens=(2367,208)
  N=4 real_hotpotqa_00013_5a79ad485542994bb9457036 seed=0 arm=intro_specter: per_fault={'ctx': True, 'bullets': True, 'concise': True, 'preamble': True} all_resolved=True n_resolved=4/4 tokens=(5200,454)
  N=4 real_hotpotqa_00013_5a79ad485542994bb9457036 seed=1 arm=direct: per_fault={'ctx': True, 'bullets': True, 'concise': True, 'preamble': True} all_resolved=True n_resolved=4/4 tokens=(2367,208)
  N=4 real_hotpotqa_00013_5a79ad485542994bb9457036 seed=1 arm=self_refine: per_fault={'ctx': True, 'bullets': True, 'concise': True, 'preamble': True} all_resolved=True n_resolved=4/4 tokens=(5048,619)
  N=4 real_hotpotqa_00013_5a79ad485542994bb9457036 seed=1 arm=full_regen: per_fault={'ctx': True, 'bullets': True, 'concise': True, 'preamble': True} all_resolved=True n_resolved=4/4 tokens=(4734,624)
  N=4 real_hotpotqa_00013_5a79ad485542994bb9457036 seed=1 arm=react: per_fault={'ctx': True, 'bullets': True, 'concise': True, 'preamble': True} all_resolved=True n_resolved=4/4 tokens=(4790,550)
  N=4 real_hotpotqa_00013_5a79ad485542994bb9457036 seed=1 arm=selfcheckgpt: per_fault={'ctx': True, 'bullets': True, 'concise': True, 'preamble': True} all_resolved=True n_resolved=4/4 tokens=(13855,364)
  N=4 real_hotpotqa_00013_5a79ad485542994bb9457036 seed=1 arm=reflexion: per_fault={'ctx': True, 'bullets': True, 'concise': True, 'preamble': True} all_resolved=True n_resolved=4/4 tokens=(2367,208)
  N=4 real_hotpotqa_00013_5a79ad485542994bb9457036 seed=1 arm=intro_specter: per_fault={'ctx': True, 'bullets': True, 'concise': True, 'preamble': True} all_resolved=True n_resolved=4/4 tokens=(5200,454)
  N=4 real_hotpotqa_00013_5a79ad485542994bb9457036 seed=2 arm=direct: per_fault={'ctx': False, 'bullets': True, 'concise': False, 'preamble': True} all_resolved=False n_resolved=2/4 tokens=(2367,464)
  N=4 real_hotpotqa_00013_5a79ad485542994bb9457036 seed=2 arm=self_refine: per_fault={'ctx': False, 'bullets': True, 'concise': True, 'preamble': True} all_resolved=False n_resolved=3/4 tokens=(5472,1074)
  N=4 real_hotpotqa_00013_5a79ad485542994bb9457036 seed=2 arm=full_regen: per_fault={'ctx': True, 'bullets': True, 'concise': True, 'preamble': True} all_resolved=True n_resolved=4/4 tokens=(4734,705)
  N=4 real_hotpotqa_00013_5a79ad485542994bb9457036 seed=2 arm=react: per_fault={'ctx': True, 'bullets': True, 'concise': True, 'preamble': True} all_resolved=True n_resolved=4/4 tokens=(4790,1064)
  N=4 real_hotpotqa_00013_5a79ad485542994bb9457036 seed=2 arm=selfcheckgpt: per_fault={'ctx': False, 'bullets': True, 'concise': True, 'preamble': True} all_resolved=False n_resolved=3/4 tokens=(16165,626)
  N=4 real_hotpotqa_00013_5a79ad485542994bb9457036 seed=2 arm=reflexion: per_fault={'ctx': False, 'bullets': True, 'concise': False, 'preamble': True} all_resolved=False n_resolved=2/4 tokens=(15600,2346)
  N=4 real_hotpotqa_00013_5a79ad485542994bb9457036 seed=2 arm=intro_specter: per_fault={'ctx': True, 'bullets': True, 'concise': True, 'preamble': True} all_resolved=True n_resolved=4/4 tokens=(5623,1030)
  N=4 real_hotpotqa_00106_5ab9ddaa5542994dbf019873 seed=0 arm=direct: per_fault={'ctx': True, 'concise': True, 'english': True, 'preamble': True} all_resolved=True n_resolved=4/4 tokens=(2447,418)
  N=4 real_hotpotqa_00106_5ab9ddaa5542994dbf019873 seed=0 arm=self_refine: per_fault={'ctx': True, 'concise': True, 'english': True, 'preamble': True} all_resolved=True n_resolved=4/4 tokens=(5430,1076)
  N=4 real_hotpotqa_00106_5ab9ddaa5542994dbf019873 seed=0 arm=full_regen: per_fault={'ctx': False, 'concise': True, 'english': True, 'preamble': True} all_resolved=False n_resolved=3/4 tokens=(4894,831)
  N=4 real_hotpotqa_00106_5ab9ddaa5542994dbf019873 seed=0 arm=react: per_fault={'ctx': True, 'concise': True, 'english': True, 'preamble': True} all_resolved=True n_resolved=4/4 tokens=(4950,998)
  N=4 real_hotpotqa_00106_5ab9ddaa5542994dbf019873 seed=0 arm=selfcheckgpt: per_fault={'ctx': True, 'concise': True, 'english': True, 'preamble': True} all_resolved=True n_resolved=4/4 tokens=(14367,583)
  N=4 real_hotpotqa_00106_5ab9ddaa5542994dbf019873 seed=0 arm=reflexion: per_fault={'ctx': True, 'concise': True, 'english': True, 'preamble': True} all_resolved=True n_resolved=4/4 tokens=(2447,418)
  N=4 real_hotpotqa_00106_5ab9ddaa5542994dbf019873 seed=0 arm=intro_specter: per_fault={'ctx': True, 'concise': True, 'english': True, 'preamble': True} all_resolved=True n_resolved=4/4 tokens=(5582,908)
  N=4 real_hotpotqa_00106_5ab9ddaa5542994dbf019873 seed=1 arm=direct: per_fault={'ctx': True, 'concise': True, 'english': True, 'preamble': True} all_resolved=True n_resolved=4/4 tokens=(2447,418)
  N=4 real_hotpotqa_00106_5ab9ddaa5542994dbf019873 seed=1 arm=self_refine: per_fault={'ctx': True, 'concise': True, 'english': True, 'preamble': True} all_resolved=True n_resolved=4/4 tokens=(5430,1076)
  N=4 real_hotpotqa_00106_5ab9ddaa5542994dbf019873 seed=1 arm=full_regen: per_fault={'ctx': False, 'concise': True, 'english': True, 'preamble': True} all_resolved=False n_resolved=3/4 tokens=(4894,892)
  N=4 real_hotpotqa_00106_5ab9ddaa5542994dbf019873 seed=1 arm=react: per_fault={'ctx': True, 'concise': True, 'english': True, 'preamble': True} all_resolved=True n_resolved=4/4 tokens=(4950,998)
  N=4 real_hotpotqa_00106_5ab9ddaa5542994dbf019873 seed=1 arm=selfcheckgpt: per_fault={'ctx': True, 'concise': True, 'english': True, 'preamble': True} all_resolved=True n_resolved=4/4 tokens=(14359,589)
  N=4 real_hotpotqa_00106_5ab9ddaa5542994dbf019873 seed=1 arm=reflexion: per_fault={'ctx': True, 'concise': True, 'english': True, 'preamble': True} all_resolved=True n_resolved=4/4 tokens=(2447,418)
  N=4 real_hotpotqa_00106_5ab9ddaa5542994dbf019873 seed=1 arm=intro_specter: per_fault={'ctx': True, 'concise': True, 'english': True, 'preamble': True} all_resolved=True n_resolved=4/4 tokens=(5582,908)
  N=4 real_hotpotqa_00106_5ab9ddaa5542994dbf019873 seed=2 arm=direct: per_fault={'ctx': True, 'concise': True, 'english': True, 'preamble': True} all_resolved=True n_resolved=4/4 tokens=(2447,293)
  N=4 real_hotpotqa_00106_5ab9ddaa5542994dbf019873 seed=2 arm=self_refine: per_fault={'ctx': True, 'concise': True, 'english': True, 'preamble': True} all_resolved=True n_resolved=4/4 tokens=(5284,928)
  N=4 real_hotpotqa_00106_5ab9ddaa5542994dbf019873 seed=2 arm=full_regen: per_fault={'ctx': False, 'concise': True, 'english': True, 'preamble': True} all_resolved=False n_resolved=3/4 tokens=(4894,708)
  N=4 real_hotpotqa_00106_5ab9ddaa5542994dbf019873 seed=2 arm=react: per_fault={'ctx': True, 'concise': True, 'english': True, 'preamble': True} all_resolved=True n_resolved=4/4 tokens=(4950,935)
  N=4 real_hotpotqa_00106_5ab9ddaa5542994dbf019873 seed=2 arm=selfcheckgpt: per_fault={'ctx': True, 'concise': True, 'english': True, 'preamble': True} all_resolved=True n_resolved=4/4 tokens=(14359,475)
  N=4 real_hotpotqa_00106_5ab9ddaa5542994dbf019873 seed=2 arm=reflexion: per_fault={'ctx': True, 'concise': True, 'english': True, 'preamble': True} all_resolved=True n_resolved=4/4 tokens=(2447,293)
  N=4 real_hotpotqa_00106_5ab9ddaa5542994dbf019873 seed=2 arm=intro_specter: per_fault={'ctx': True, 'concise': True, 'english': True, 'preamble': True} all_resolved=True n_resolved=4/4 tokens=(5436,865)
  N=4 real_hotpotqa_00408_5ae655845542991bbc9760c3 seed=0 arm=direct: per_fault={'ctx': False, 'bullets': True, 'concise': True, 'english': True} all_resolved=False n_resolved=3/4 tokens=(2248,644)
  N=4 real_hotpotqa_00408_5ae655845542991bbc9760c3 seed=0 arm=self_refine: per_fault={'ctx': False, 'bullets': True, 'concise': True, 'english': True} all_resolved=False n_resolved=3/4 tokens=(5302,1591)
  N=4 real_hotpotqa_00408_5ae655845542991bbc9760c3 seed=0 arm=full_regen: per_fault={'ctx': False, 'bullets': True, 'concise': True, 'english': True} all_resolved=False n_resolved=3/4 tokens=(4496,1130)
  N=4 real_hotpotqa_00408_5ae655845542991bbc9760c3 seed=0 arm=react: per_fault={'ctx': True, 'bullets': True, 'concise': True, 'english': True} all_resolved=True n_resolved=4/4 tokens=(4552,1328)
  N=4 real_hotpotqa_00408_5ae655845542991bbc9760c3 seed=0 arm=selfcheckgpt: per_fault={'ctx': True, 'bullets': True, 'concise': True, 'english': True} all_resolved=True n_resolved=4/4 tokens=(15473,856)
  N=4 real_hotpotqa_00408_5ae655845542991bbc9760c3 seed=0 arm=reflexion: per_fault={'ctx': False, 'bullets': True, 'concise': True, 'english': True} all_resolved=False n_resolved=3/4 tokens=(15407,2389)
  N=4 real_hotpotqa_00408_5ae655845542991bbc9760c3 seed=0 arm=intro_specter: per_fault={'ctx': False, 'bullets': True, 'concise': True, 'english': True} all_resolved=False n_resolved=3/4 tokens=(5454,1169)
  N=4 real_hotpotqa_00408_5ae655845542991bbc9760c3 seed=1 arm=direct: per_fault={'ctx': False, 'bullets': True, 'concise': True, 'english': True} all_resolved=False n_resolved=3/4 tokens=(2248,644)
  N=4 real_hotpotqa_00408_5ae655845542991bbc9760c3 seed=1 arm=self_refine: per_fault={'ctx': False, 'bullets': True, 'concise': True, 'english': True} all_resolved=False n_resolved=3/4 tokens=(5302,1591)
  N=4 real_hotpotqa_00408_5ae655845542991bbc9760c3 seed=1 arm=full_regen: per_fault={'ctx': False, 'bullets': True, 'concise': True, 'english': True} all_resolved=False n_resolved=3/4 tokens=(4496,1117)
  N=4 real_hotpotqa_00408_5ae655845542991bbc9760c3 seed=1 arm=react: per_fault={'ctx': True, 'bullets': True, 'concise': True, 'english': True} all_resolved=True n_resolved=4/4 tokens=(4552,1328)
  N=4 real_hotpotqa_00408_5ae655845542991bbc9760c3 seed=1 arm=selfcheckgpt: per_fault={'ctx': False, 'bullets': True, 'concise': True, 'english': True} all_resolved=False n_resolved=3/4 tokens=(13260,896)
  N=4 real_hotpotqa_00408_5ae655845542991bbc9760c3 seed=1 arm=reflexion: per_fault={'ctx': False, 'bullets': True, 'concise': True, 'english': True} all_resolved=False n_resolved=3/4 tokens=(15407,2389)
  N=4 real_hotpotqa_00408_5ae655845542991bbc9760c3 seed=1 arm=intro_specter: per_fault={'ctx': False, 'bullets': True, 'concise': True, 'english': True} all_resolved=False n_resolved=3/4 tokens=(5454,1169)
  N=4 real_hotpotqa_00408_5ae655845542991bbc9760c3 seed=2 arm=direct: per_fault={'ctx': True, 'bullets': True, 'concise': True, 'english': True} all_resolved=True n_resolved=4/4 tokens=(2248,524)
  N=4 real_hotpotqa_00408_5ae655845542991bbc9760c3 seed=2 arm=self_refine: per_fault={'ctx': True, 'bullets': True, 'concise': True, 'english': True} all_resolved=True n_resolved=4/4 tokens=(5161,1226)
  N=4 real_hotpotqa_00408_5ae655845542991bbc9760c3 seed=2 arm=full_regen: per_fault={'ctx': False, 'bullets': True, 'concise': True, 'english': True} all_resolved=False n_resolved=3/4 tokens=(4496,783)
  N=4 real_hotpotqa_00408_5ae655845542991bbc9760c3 seed=2 arm=react: per_fault={'ctx': False, 'bullets': True, 'concise': True, 'english': True} all_resolved=False n_resolved=3/4 tokens=(4552,1181)
  N=4 real_hotpotqa_00408_5ae655845542991bbc9760c3 seed=2 arm=selfcheckgpt: per_fault={'ctx': True, 'bullets': True, 'concise': True, 'english': True} all_resolved=True n_resolved=4/4 tokens=(15465,800)
  N=4 real_hotpotqa_00408_5ae655845542991bbc9760c3 seed=2 arm=reflexion: per_fault={'ctx': True, 'bullets': True, 'concise': True, 'english': True} all_resolved=True n_resolved=4/4 tokens=(2248,524)
  N=4 real_hotpotqa_00408_5ae655845542991bbc9760c3 seed=2 arm=intro_specter: per_fault={'ctx': True, 'bullets': True, 'concise': True, 'english': True} all_resolved=True n_resolved=4/4 tokens=(5313,1045)
  N=4 real_hotpotqa_00412_5a80afcf554299485f5986b9 seed=0 arm=direct: per_fault={'ctx': True, 'concise': True, 'english': True, 'preamble': True} all_resolved=True n_resolved=4/4 tokens=(2438,315)
  N=4 real_hotpotqa_00412_5a80afcf554299485f5986b9 seed=0 arm=self_refine: per_fault={'ctx': True, 'concise': True, 'english': True, 'preamble': True} all_resolved=True n_resolved=4/4 tokens=(5311,938)
  N=4 real_hotpotqa_00412_5a80afcf554299485f5986b9 seed=0 arm=full_regen: per_fault={'ctx': True, 'concise': True, 'english': True, 'preamble': True} all_resolved=True n_resolved=4/4 tokens=(4876,642)
  N=4 real_hotpotqa_00412_5a80afcf554299485f5986b9 seed=0 arm=react: per_fault={'ctx': True, 'concise': True, 'english': True, 'preamble': True} all_resolved=True n_resolved=4/4 tokens=(4932,595)
  N=4 real_hotpotqa_00412_5a80afcf554299485f5986b9 seed=0 arm=selfcheckgpt: per_fault={'ctx': True, 'concise': True, 'english': True, 'preamble': True} all_resolved=True n_resolved=4/4 tokens=(14343,449)
  N=4 real_hotpotqa_00412_5a80afcf554299485f5986b9 seed=0 arm=reflexion: per_fault={'ctx': True, 'concise': True, 'english': True, 'preamble': True} all_resolved=True n_resolved=4/4 tokens=(2438,315)
  N=4 real_hotpotqa_00412_5a80afcf554299485f5986b9 seed=0 arm=intro_specter: per_fault={'ctx': True, 'concise': True, 'english': True, 'preamble': True} all_resolved=True n_resolved=4/4 tokens=(5463,832)
  N=4 real_hotpotqa_00412_5a80afcf554299485f5986b9 seed=1 arm=direct: per_fault={'ctx': True, 'concise': True, 'english': True, 'preamble': True} all_resolved=True n_resolved=4/4 tokens=(2438,315)
  N=4 real_hotpotqa_00412_5a80afcf554299485f5986b9 seed=1 arm=self_refine: per_fault={'ctx': True, 'concise': True, 'english': True, 'preamble': True} all_resolved=True n_resolved=4/4 tokens=(5311,938)
  N=4 real_hotpotqa_00412_5a80afcf554299485f5986b9 seed=1 arm=full_regen: per_fault={'ctx': True, 'concise': True, 'english': True, 'preamble': True} all_resolved=True n_resolved=4/4 tokens=(4876,685)
  N=4 real_hotpotqa_00412_5a80afcf554299485f5986b9 seed=1 arm=react: per_fault={'ctx': True, 'concise': True, 'english': True, 'preamble': True} all_resolved=True n_resolved=4/4 tokens=(4932,595)
  N=4 real_hotpotqa_00412_5a80afcf554299485f5986b9 seed=1 arm=selfcheckgpt: per_fault={'ctx': True, 'concise': True, 'english': True, 'preamble': True} all_resolved=True n_resolved=4/4 tokens=(14296,429)
  N=4 real_hotpotqa_00412_5a80afcf554299485f5986b9 seed=1 arm=reflexion: per_fault={'ctx': True, 'concise': True, 'english': True, 'preamble': True} all_resolved=True n_resolved=4/4 tokens=(2438,315)
  N=4 real_hotpotqa_00412_5a80afcf554299485f5986b9 seed=1 arm=intro_specter: per_fault={'ctx': True, 'concise': True, 'english': True, 'preamble': True} all_resolved=True n_resolved=4/4 tokens=(5463,832)
  N=4 real_hotpotqa_00412_5a80afcf554299485f5986b9 seed=2 arm=direct: per_fault={'ctx': True, 'concise': True, 'english': True, 'preamble': True} all_resolved=True n_resolved=4/4 tokens=(2438,387)
  N=4 real_hotpotqa_00412_5a80afcf554299485f5986b9 seed=2 arm=self_refine: per_fault={'ctx': True, 'concise': True, 'english': True, 'preamble': True} all_resolved=True n_resolved=4/4 tokens=(5404,1234)
  N=4 real_hotpotqa_00412_5a80afcf554299485f5986b9 seed=2 arm=full_regen: per_fault={'ctx': True, 'concise': True, 'english': True, 'preamble': True} all_resolved=True n_resolved=4/4 tokens=(4876,730)
  N=4 real_hotpotqa_00412_5a80afcf554299485f5986b9 seed=2 arm=react: per_fault={'ctx': True, 'concise': True, 'english': True, 'preamble': True} all_resolved=True n_resolved=4/4 tokens=(4932,1048)
  N=4 real_hotpotqa_00412_5a80afcf554299485f5986b9 seed=2 arm=selfcheckgpt: per_fault={'ctx': True, 'concise': True, 'english': True, 'preamble': True} all_resolved=True n_resolved=4/4 tokens=(14301,495)
  N=4 real_hotpotqa_00412_5a80afcf554299485f5986b9 seed=2 arm=reflexion: per_fault={'ctx': True, 'concise': True, 'english': True, 'preamble': True} all_resolved=True n_resolved=4/4 tokens=(2438,387)
  N=4 real_hotpotqa_00412_5a80afcf554299485f5986b9 seed=2 arm=intro_specter: per_fault={'ctx': True, 'concise': True, 'english': True, 'preamble': True} all_resolved=True n_resolved=4/4 tokens=(5556,1030)
  N=4 real_hotpotqa_00488_5a7736bc554299373536021b seed=0 arm=direct: per_fault={'ctx': True, 'bullets': True, 'concise': True, 'preamble': True} all_resolved=True n_resolved=4/4 tokens=(2507,485)
  N=4 real_hotpotqa_00488_5a7736bc554299373536021b seed=0 arm=self_refine: per_fault={'ctx': True, 'bullets': False, 'concise': True, 'preamble': True} all_resolved=False n_resolved=3/4 tokens=(5620,1239)
  N=4 real_hotpotqa_00488_5a7736bc554299373536021b seed=0 arm=full_regen: per_fault={'ctx': True, 'bullets': True, 'concise': True, 'preamble': True} all_resolved=True n_resolved=4/4 tokens=(5014,830)
  N=4 real_hotpotqa_00488_5a7736bc554299373536021b seed=0 arm=react: per_fault={'ctx': True, 'bullets': True, 'concise': True, 'preamble': True} all_resolved=True n_resolved=4/4 tokens=(5070,753)
  N=4 real_hotpotqa_00488_5a7736bc554299373536021b seed=0 arm=selfcheckgpt: per_fault={'ctx': True, 'bullets': True, 'concise': True, 'preamble': True} all_resolved=True n_resolved=4/4 tokens=(14714,650)
  N=4 real_hotpotqa_00488_5a7736bc554299373536021b seed=0 arm=reflexion: per_fault={'ctx': True, 'bullets': True, 'concise': True, 'preamble': True} all_resolved=True n_resolved=4/4 tokens=(2507,485)
  N=4 real_hotpotqa_00488_5a7736bc554299373536021b seed=0 arm=intro_specter: per_fault={'ctx': True, 'bullets': True, 'concise': True, 'preamble': True} all_resolved=True n_resolved=4/4 tokens=(5772,1068)
  N=4 real_hotpotqa_00488_5a7736bc554299373536021b seed=1 arm=direct: per_fault={'ctx': True, 'bullets': True, 'concise': True, 'preamble': True} all_resolved=True n_resolved=4/4 tokens=(2507,485)
  N=4 real_hotpotqa_00488_5a7736bc554299373536021b seed=1 arm=self_refine: per_fault={'ctx': True, 'bullets': False, 'concise': True, 'preamble': True} all_resolved=False n_resolved=3/4 tokens=(5620,1239)
  N=4 real_hotpotqa_00488_5a7736bc554299373536021b seed=1 arm=full_regen: per_fault={'ctx': True, 'bullets': True, 'concise': True, 'preamble': True} all_resolved=True n_resolved=4/4 tokens=(5014,807)
  N=4 real_hotpotqa_00488_5a7736bc554299373536021b seed=1 arm=react: per_fault={'ctx': True, 'bullets': True, 'concise': True, 'preamble': True} all_resolved=True n_resolved=4/4 tokens=(5070,753)
  N=4 real_hotpotqa_00488_5a7736bc554299373536021b seed=1 arm=selfcheckgpt: per_fault={'ctx': True, 'bullets': True, 'concise': True, 'preamble': True} all_resolved=True n_resolved=4/4 tokens=(14702,650)
  N=4 real_hotpotqa_00488_5a7736bc554299373536021b seed=1 arm=reflexion: per_fault={'ctx': True, 'bullets': True, 'concise': True, 'preamble': True} all_resolved=True n_resolved=4/4 tokens=(2507,485)
  N=4 real_hotpotqa_00488_5a7736bc554299373536021b seed=1 arm=intro_specter: per_fault={'ctx': True, 'bullets': True, 'concise': True, 'preamble': True} all_resolved=True n_resolved=4/4 tokens=(5772,1068)
  N=4 real_hotpotqa_00488_5a7736bc554299373536021b seed=2 arm=direct: per_fault={'ctx': True, 'bullets': True, 'concise': True, 'preamble': True} all_resolved=True n_resolved=4/4 tokens=(2507,252)
  N=4 real_hotpotqa_00488_5a7736bc554299373536021b seed=2 arm=self_refine: per_fault={'ctx': True, 'bullets': True, 'concise': False, 'preamble': True} all_resolved=False n_resolved=3/4 tokens=(5324,714)
  N=4 real_hotpotqa_00488_5a7736bc554299373536021b seed=2 arm=full_regen: per_fault={'ctx': True, 'bullets': True, 'concise': True, 'preamble': True} all_resolved=True n_resolved=4/4 tokens=(5014,659)
  N=4 real_hotpotqa_00488_5a7736bc554299373536021b seed=2 arm=react: per_fault={'ctx': True, 'bullets': True, 'concise': True, 'preamble': True} all_resolved=True n_resolved=4/4 tokens=(5070,635)
  N=4 real_hotpotqa_00488_5a7736bc554299373536021b seed=2 arm=selfcheckgpt: per_fault={'ctx': True, 'bullets': True, 'concise': True, 'preamble': True} all_resolved=True n_resolved=4/4 tokens=(14736,462)
  N=4 real_hotpotqa_00488_5a7736bc554299373536021b seed=2 arm=reflexion: per_fault={'ctx': True, 'bullets': True, 'concise': True, 'preamble': True} all_resolved=True n_resolved=4/4 tokens=(2507,252)
  N=4 real_hotpotqa_00488_5a7736bc554299373536021b seed=2 arm=intro_specter: per_fault={'ctx': True, 'bullets': True, 'concise': True, 'preamble': True} all_resolved=True n_resolved=4/4 tokens=(5476,620)
  N=4 real_hotpotqa_00502_5a7dc2185542990b8f503a7b seed=0 arm=direct: per_fault={'ctx': True, 'bullets': True, 'english': True, 'preamble': True} all_resolved=True n_resolved=4/4 tokens=(2560,322)
  N=4 real_hotpotqa_00502_5a7dc2185542990b8f503a7b seed=0 arm=self_refine: per_fault={'ctx': True, 'bullets': True, 'english': True, 'preamble': True} all_resolved=True n_resolved=4/4 tokens=(5633,868)
  N=4 real_hotpotqa_00502_5a7dc2185542990b8f503a7b seed=0 arm=full_regen: per_fault={'ctx': False, 'bullets': True, 'english': True, 'preamble': True} all_resolved=False n_resolved=3/4 tokens=(5120,632)
  N=4 real_hotpotqa_00502_5a7dc2185542990b8f503a7b seed=0 arm=react: per_fault={'ctx': True, 'bullets': True, 'english': True, 'preamble': True} all_resolved=True n_resolved=4/4 tokens=(5176,968)
  N=4 real_hotpotqa_00502_5a7dc2185542990b8f503a7b seed=0 arm=selfcheckgpt: per_fault={'ctx': True, 'bullets': True, 'english': True, 'preamble': True} all_resolved=True n_resolved=4/4 tokens=(14966,412)
  N=4 real_hotpotqa_00502_5a7dc2185542990b8f503a7b seed=0 arm=reflexion: per_fault={'ctx': True, 'bullets': True, 'english': True, 'preamble': True} all_resolved=True n_resolved=4/4 tokens=(2560,322)
  N=4 real_hotpotqa_00502_5a7dc2185542990b8f503a7b seed=0 arm=intro_specter: per_fault={'ctx': True, 'bullets': True, 'english': True, 'preamble': True} all_resolved=True n_resolved=4/4 tokens=(5785,751)
  N=4 real_hotpotqa_00502_5a7dc2185542990b8f503a7b seed=1 arm=direct: per_fault={'ctx': True, 'bullets': True, 'english': True, 'preamble': True} all_resolved=True n_resolved=4/4 tokens=(2560,322)
  N=4 real_hotpotqa_00502_5a7dc2185542990b8f503a7b seed=1 arm=self_refine: per_fault={'ctx': True, 'bullets': True, 'english': True, 'preamble': True} all_resolved=True n_resolved=4/4 tokens=(5633,868)
  N=4 real_hotpotqa_00502_5a7dc2185542990b8f503a7b seed=1 arm=full_regen: per_fault={'ctx': True, 'bullets': True, 'english': True, 'preamble': True} all_resolved=True n_resolved=4/4 tokens=(5120,580)
  N=4 real_hotpotqa_00502_5a7dc2185542990b8f503a7b seed=1 arm=react: per_fault={'ctx': True, 'bullets': True, 'english': True, 'preamble': True} all_resolved=True n_resolved=4/4 tokens=(5176,968)
  N=4 real_hotpotqa_00502_5a7dc2185542990b8f503a7b seed=1 arm=selfcheckgpt: per_fault={'ctx': True, 'bullets': True, 'english': True, 'preamble': True} all_resolved=True n_resolved=4/4 tokens=(15027,451)
  N=4 real_hotpotqa_00502_5a7dc2185542990b8f503a7b seed=1 arm=reflexion: per_fault={'ctx': True, 'bullets': True, 'english': True, 'preamble': True} all_resolved=True n_resolved=4/4 tokens=(2560,322)
  N=4 real_hotpotqa_00502_5a7dc2185542990b8f503a7b seed=1 arm=intro_specter: per_fault={'ctx': True, 'bullets': True, 'english': True, 'preamble': True} all_resolved=True n_resolved=4/4 tokens=(5785,751)
  N=4 real_hotpotqa_00502_5a7dc2185542990b8f503a7b seed=2 arm=direct: per_fault={'ctx': False, 'bullets': True, 'english': True, 'preamble': True} all_resolved=False n_resolved=3/4 tokens=(2560,490)
  N=4 real_hotpotqa_00502_5a7dc2185542990b8f503a7b seed=2 arm=self_refine: per_fault={'ctx': False, 'bullets': True, 'english': True, 'preamble': True} all_resolved=False n_resolved=3/4 tokens=(5752,1155)
  N=4 real_hotpotqa_00502_5a7dc2185542990b8f503a7b seed=2 arm=full_regen: per_fault={'ctx': False, 'bullets': True, 'english': True, 'preamble': True} all_resolved=False n_resolved=3/4 tokens=(5120,875)
  N=4 real_hotpotqa_00502_5a7dc2185542990b8f503a7b seed=2 arm=react: per_fault={'ctx': True, 'bullets': True, 'english': True, 'preamble': True} all_resolved=True n_resolved=4/4 tokens=(5176,823)
  N=4 real_hotpotqa_00502_5a7dc2185542990b8f503a7b seed=2 arm=selfcheckgpt: per_fault={'ctx': False, 'bullets': True, 'english': True, 'preamble': True} all_resolved=False n_resolved=3/4 tokens=(14877,557)
  N=4 real_hotpotqa_00502_5a7dc2185542990b8f503a7b seed=2 arm=reflexion: per_fault={'ctx': False, 'bullets': True, 'english': True, 'preamble': True} all_resolved=False n_resolved=3/4 tokens=(16481,2389)
  N=4 real_hotpotqa_00502_5a7dc2185542990b8f503a7b seed=2 arm=intro_specter: per_fault={'ctx': True, 'bullets': True, 'english': True, 'preamble': True} all_resolved=True n_resolved=4/4 tokens=(5904,1075)
  N=4 real_hotpotqa_00636_5ae3f7575542995dadf24277 seed=0 arm=direct: per_fault={'ctx': True, 'bullets': True, 'concise': True, 'preamble': True} all_resolved=True n_resolved=4/4 tokens=(2492,467)
  N=4 real_hotpotqa_00636_5ae3f7575542995dadf24277 seed=0 arm=self_refine: per_fault={'ctx': True, 'bullets': True, 'concise': True, 'preamble': True} all_resolved=True n_resolved=4/4 tokens=(5612,1275)
  N=4 real_hotpotqa_00636_5ae3f7575542995dadf24277 seed=0 arm=full_regen: per_fault={'ctx': True, 'bullets': True, 'concise': True, 'preamble': True} all_resolved=True n_resolved=4/4 tokens=(4984,990)
  N=4 real_hotpotqa_00636_5ae3f7575542995dadf24277 seed=0 arm=react: per_fault={'ctx': True, 'bullets': True, 'concise': True, 'preamble': True} all_resolved=True n_resolved=4/4 tokens=(5040,972)
  N=4 real_hotpotqa_00636_5ae3f7575542995dadf24277 seed=0 arm=selfcheckgpt: per_fault={'ctx': True, 'bullets': True, 'concise': True, 'preamble': True} all_resolved=True n_resolved=4/4 tokens=(14706,636)
  N=4 real_hotpotqa_00636_5ae3f7575542995dadf24277 seed=0 arm=reflexion: per_fault={'ctx': True, 'bullets': True, 'concise': True, 'preamble': True} all_resolved=True n_resolved=4/4 tokens=(2492,467)
  N=4 real_hotpotqa_00636_5ae3f7575542995dadf24277 seed=0 arm=intro_specter: per_fault={'ctx': True, 'bullets': True, 'concise': True, 'preamble': True} all_resolved=True n_resolved=4/4 tokens=(5764,973)
  N=4 real_hotpotqa_00636_5ae3f7575542995dadf24277 seed=1 arm=direct: per_fault={'ctx': True, 'bullets': True, 'concise': True, 'preamble': True} all_resolved=True n_resolved=4/4 tokens=(2492,467)
  N=4 real_hotpotqa_00636_5ae3f7575542995dadf24277 seed=1 arm=self_refine: per_fault={'ctx': True, 'bullets': True, 'concise': True, 'preamble': True} all_resolved=True n_resolved=4/4 tokens=(5612,1275)
  N=4 real_hotpotqa_00636_5ae3f7575542995dadf24277 seed=1 arm=full_regen: per_fault={'ctx': True, 'bullets': True, 'concise': False, 'preamble': True} all_resolved=False n_resolved=3/4 tokens=(4984,983)
  N=4 real_hotpotqa_00636_5ae3f7575542995dadf24277 seed=1 arm=react: per_fault={'ctx': True, 'bullets': True, 'concise': True, 'preamble': True} all_resolved=True n_resolved=4/4 tokens=(5040,972)
  N=4 real_hotpotqa_00636_5ae3f7575542995dadf24277 seed=1 arm=selfcheckgpt: per_fault={'ctx': True, 'bullets': True, 'concise': True, 'preamble': True} all_resolved=True n_resolved=4/4 tokens=(14620,619)
  N=4 real_hotpotqa_00636_5ae3f7575542995dadf24277 seed=1 arm=reflexion: per_fault={'ctx': True, 'bullets': True, 'concise': True, 'preamble': True} all_resolved=True n_resolved=4/4 tokens=(2492,467)
  N=4 real_hotpotqa_00636_5ae3f7575542995dadf24277 seed=1 arm=intro_specter: per_fault={'ctx': True, 'bullets': True, 'concise': True, 'preamble': True} all_resolved=True n_resolved=4/4 tokens=(5764,973)
  N=4 real_hotpotqa_00636_5ae3f7575542995dadf24277 seed=2 arm=direct: per_fault={'ctx': True, 'bullets': True, 'concise': True, 'preamble': True} all_resolved=True n_resolved=4/4 tokens=(2492,491)
  N=4 real_hotpotqa_00636_5ae3f7575542995dadf24277 seed=2 arm=self_refine: per_fault={'ctx': True, 'bullets': True, 'concise': True, 'preamble': True} all_resolved=True n_resolved=4/4 tokens=(5636,1312)
  N=4 real_hotpotqa_00636_5ae3f7575542995dadf24277 seed=2 arm=full_regen: per_fault={'ctx': True, 'bullets': True, 'concise': True, 'preamble': True} all_resolved=True n_resolved=4/4 tokens=(4984,1025)
  N=4 real_hotpotqa_00636_5ae3f7575542995dadf24277 seed=2 arm=react: per_fault={'ctx': False, 'bullets': True, 'concise': True, 'preamble': True} all_resolved=False n_resolved=3/4 tokens=(5040,1082)
  N=4 real_hotpotqa_00636_5ae3f7575542995dadf24277 seed=2 arm=selfcheckgpt: per_fault={'ctx': True, 'bullets': True, 'concise': True, 'preamble': True} all_resolved=True n_resolved=4/4 tokens=(14699,673)
  N=4 real_hotpotqa_00636_5ae3f7575542995dadf24277 seed=2 arm=reflexion: per_fault={'ctx': True, 'bullets': True, 'concise': True, 'preamble': True} all_resolved=True n_resolved=4/4 tokens=(2492,491)
  N=4 real_hotpotqa_00636_5ae3f7575542995dadf24277 seed=2 arm=intro_specter: per_fault={'ctx': True, 'bullets': True, 'concise': True, 'preamble': True} all_resolved=True n_resolved=4/4 tokens=(5788,994)
  N=4 real_hotpotqa_00870_5a7d2afb554299452d57bb41 seed=0 arm=direct: per_fault={'ctx': True, 'bullets': True, 'concise': False, 'preamble': True} all_resolved=False n_resolved=3/4 tokens=(2432,479)
  N=4 real_hotpotqa_00870_5a7d2afb554299452d57bb41 seed=0 arm=self_refine: per_fault={'ctx': True, 'bullets': True, 'concise': False, 'preamble': True} all_resolved=False n_resolved=3/4 tokens=(5479,1005)
  N=4 real_hotpotqa_00870_5a7d2afb554299452d57bb41 seed=0 arm=full_regen: per_fault={'ctx': True, 'bullets': True, 'concise': True, 'preamble': True} all_resolved=True n_resolved=4/4 tokens=(4864,884)
  N=4 real_hotpotqa_00870_5a7d2afb554299452d57bb41 seed=0 arm=react: per_fault={'ctx': True, 'bullets': True, 'concise': True, 'preamble': True} all_resolved=True n_resolved=4/4 tokens=(4920,922)
  N=4 real_hotpotqa_00870_5a7d2afb554299452d57bb41 seed=0 arm=selfcheckgpt: per_fault={'ctx': True, 'bullets': True, 'concise': False, 'preamble': True} all_resolved=False n_resolved=3/4 tokens=(14448,674)
  N=4 real_hotpotqa_00870_5a7d2afb554299452d57bb41 seed=0 arm=reflexion: per_fault={'ctx': True, 'bullets': True, 'concise': False, 'preamble': True} all_resolved=False n_resolved=3/4 tokens=(2432,479)
  N=4 real_hotpotqa_00870_5a7d2afb554299452d57bb41 seed=0 arm=intro_specter: per_fault={'ctx': True, 'bullets': True, 'concise': False, 'preamble': True} all_resolved=False n_resolved=3/4 tokens=(5594,906)
  N=4 real_hotpotqa_00870_5a7d2afb554299452d57bb41 seed=1 arm=direct: per_fault={'ctx': True, 'bullets': True, 'concise': False, 'preamble': True} all_resolved=False n_resolved=3/4 tokens=(2432,479)
  N=4 real_hotpotqa_00870_5a7d2afb554299452d57bb41 seed=1 arm=self_refine: per_fault={'ctx': True, 'bullets': True, 'concise': False, 'preamble': True} all_resolved=False n_resolved=3/4 tokens=(5479,1005)
  N=4 real_hotpotqa_00870_5a7d2afb554299452d57bb41 seed=1 arm=full_regen: per_fault={'ctx': True, 'bullets': True, 'concise': False, 'preamble': True} all_resolved=False n_resolved=3/4 tokens=(4864,817)
  N=4 real_hotpotqa_00870_5a7d2afb554299452d57bb41 seed=1 arm=react: per_fault={'ctx': True, 'bullets': True, 'concise': True, 'preamble': True} all_resolved=True n_resolved=4/4 tokens=(4920,922)
  N=4 real_hotpotqa_00870_5a7d2afb554299452d57bb41 seed=1 arm=selfcheckgpt: per_fault={'ctx': True, 'bullets': True, 'concise': True, 'preamble': True} all_resolved=True n_resolved=4/4 tokens=(16986,781)
  N=4 real_hotpotqa_00870_5a7d2afb554299452d57bb41 seed=1 arm=reflexion: per_fault={'ctx': True, 'bullets': True, 'concise': False, 'preamble': True} all_resolved=False n_resolved=3/4 tokens=(2432,479)
  N=4 real_hotpotqa_00870_5a7d2afb554299452d57bb41 seed=1 arm=intro_specter: per_fault={'ctx': True, 'bullets': True, 'concise': False, 'preamble': True} all_resolved=False n_resolved=3/4 tokens=(5594,906)
  N=4 real_hotpotqa_00870_5a7d2afb554299452d57bb41 seed=2 arm=direct: per_fault={'ctx': True, 'bullets': True, 'concise': False, 'preamble': True} all_resolved=False n_resolved=3/4 tokens=(2432,458)
  N=4 real_hotpotqa_00870_5a7d2afb554299452d57bb41 seed=2 arm=self_refine: per_fault={'ctx': True, 'bullets': True, 'concise': False, 'preamble': True} all_resolved=False n_resolved=3/4 tokens=(5442,1092)
  N=4 real_hotpotqa_00870_5a7d2afb554299452d57bb41 seed=2 arm=full_regen: per_fault={'ctx': True, 'bullets': True, 'concise': False, 'preamble': True} all_resolved=False n_resolved=3/4 tokens=(4864,693)
  N=4 real_hotpotqa_00870_5a7d2afb554299452d57bb41 seed=2 arm=react: per_fault={'ctx': True, 'bullets': True, 'concise': False, 'preamble': True} all_resolved=False n_resolved=3/4 tokens=(4920,1041)
  N=4 real_hotpotqa_00870_5a7d2afb554299452d57bb41 seed=2 arm=selfcheckgpt: per_fault={'ctx': True, 'bullets': True, 'concise': False, 'preamble': True} all_resolved=False n_resolved=3/4 tokens=(14356,704)
  N=4 real_hotpotqa_00870_5a7d2afb554299452d57bb41 seed=2 arm=reflexion: per_fault={'ctx': True, 'bullets': True, 'concise': False, 'preamble': True} all_resolved=False n_resolved=3/4 tokens=(2432,458)
  N=4 real_hotpotqa_00870_5a7d2afb554299452d57bb41 seed=2 arm=intro_specter: per_fault={'ctx': True, 'bullets': True, 'concise': False, 'preamble': True} all_resolved=False n_resolved=3/4 tokens=(5594,1045)
  N=4 real_hotpotqa_00920_5a7fb1b25542992097ad2fb2 seed=0 arm=direct: per_fault={'ctx': False, 'concise': True, 'english': True, 'preamble': True} all_resolved=False n_resolved=3/4 tokens=(2399,424)
  N=4 real_hotpotqa_00920_5a7fb1b25542992097ad2fb2 seed=0 arm=self_refine: per_fault={'ctx': False, 'concise': True, 'english': True, 'preamble': True} all_resolved=False n_resolved=3/4 tokens=(5362,1143)
  N=4 real_hotpotqa_00920_5a7fb1b25542992097ad2fb2 seed=0 arm=full_regen: per_fault={'ctx': False, 'concise': True, 'english': True, 'preamble': True} all_resolved=False n_resolved=3/4 tokens=(4798,803)
  N=4 real_hotpotqa_00920_5a7fb1b25542992097ad2fb2 seed=0 arm=react: per_fault={'ctx': False, 'concise': True, 'english': True, 'preamble': True} all_resolved=False n_resolved=3/4 tokens=(4854,909)
  N=4 real_hotpotqa_00920_5a7fb1b25542992097ad2fb2 seed=0 arm=selfcheckgpt: per_fault={'ctx': False, 'concise': True, 'english': True, 'preamble': True} all_resolved=False n_resolved=3/4 tokens=(14073,558)
  N=4 real_hotpotqa_00920_5a7fb1b25542992097ad2fb2 seed=0 arm=reflexion: per_fault={'ctx': False, 'concise': True, 'english': True, 'preamble': True} all_resolved=False n_resolved=3/4 tokens=(14959,1847)
  N=4 real_hotpotqa_00920_5a7fb1b25542992097ad2fb2 seed=0 arm=intro_specter: per_fault={'ctx': True, 'concise': True, 'english': True, 'preamble': True} all_resolved=True n_resolved=4/4 tokens=(5514,1079)
  N=4 real_hotpotqa_00920_5a7fb1b25542992097ad2fb2 seed=1 arm=direct: per_fault={'ctx': False, 'concise': True, 'english': True, 'preamble': True} all_resolved=False n_resolved=3/4 tokens=(2399,424)
  N=4 real_hotpotqa_00920_5a7fb1b25542992097ad2fb2 seed=1 arm=self_refine: per_fault={'ctx': False, 'concise': True, 'english': True, 'preamble': True} all_resolved=False n_resolved=3/4 tokens=(5362,1143)
  N=4 real_hotpotqa_00920_5a7fb1b25542992097ad2fb2 seed=1 arm=full_regen: per_fault={'ctx': False, 'concise': True, 'english': True, 'preamble': True} all_resolved=False n_resolved=3/4 tokens=(4798,850)
  N=4 real_hotpotqa_00920_5a7fb1b25542992097ad2fb2 seed=1 arm=react: per_fault={'ctx': False, 'concise': True, 'english': True, 'preamble': True} all_resolved=False n_resolved=3/4 tokens=(4854,909)
  N=4 real_hotpotqa_00920_5a7fb1b25542992097ad2fb2 seed=1 arm=selfcheckgpt: per_fault={'ctx': False, 'concise': True, 'english': True, 'preamble': True} all_resolved=False n_resolved=3/4 tokens=(14042,576)
  N=4 real_hotpotqa_00920_5a7fb1b25542992097ad2fb2 seed=1 arm=reflexion: per_fault={'ctx': False, 'concise': True, 'english': True, 'preamble': True} all_resolved=False n_resolved=3/4 tokens=(14959,1847)
  N=4 real_hotpotqa_00920_5a7fb1b25542992097ad2fb2 seed=1 arm=intro_specter: per_fault={'ctx': True, 'concise': True, 'english': True, 'preamble': True} all_resolved=True n_resolved=4/4 tokens=(5514,1079)
  N=4 real_hotpotqa_00920_5a7fb1b25542992097ad2fb2 seed=2 arm=direct: per_fault={'ctx': False, 'concise': True, 'english': True, 'preamble': True} all_resolved=False n_resolved=3/4 tokens=(2399,430)
  N=4 real_hotpotqa_00920_5a7fb1b25542992097ad2fb2 seed=2 arm=self_refine: per_fault={'ctx': False, 'concise': True, 'english': True, 'preamble': True} all_resolved=False n_resolved=3/4 tokens=(5368,1217)
  N=4 real_hotpotqa_00920_5a7fb1b25542992097ad2fb2 seed=2 arm=full_regen: per_fault={'ctx': False, 'concise': True, 'english': True, 'preamble': True} all_resolved=False n_resolved=3/4 tokens=(4798,565)
  N=4 real_hotpotqa_00920_5a7fb1b25542992097ad2fb2 seed=2 arm=react: per_fault={'ctx': False, 'concise': True, 'english': True, 'preamble': True} all_resolved=False n_resolved=3/4 tokens=(4854,849)
  N=4 real_hotpotqa_00920_5a7fb1b25542992097ad2fb2 seed=2 arm=selfcheckgpt: per_fault={'ctx': False, 'concise': True, 'english': True, 'preamble': True} all_resolved=False n_resolved=3/4 tokens=(14047,553)
  N=4 real_hotpotqa_00920_5a7fb1b25542992097ad2fb2 seed=2 arm=reflexion: per_fault={'ctx': False, 'concise': True, 'english': True, 'preamble': True} all_resolved=False n_resolved=3/4 tokens=(13815,6406)
  N=4 real_hotpotqa_00920_5a7fb1b25542992097ad2fb2 seed=2 arm=intro_specter: per_fault={'ctx': True, 'concise': True, 'english': True, 'preamble': True} all_resolved=True n_resolved=4/4 tokens=(5520,976)
  N=4 real_hotpotqa_01044_5a73b0975542992d56e7e387 seed=0 arm=direct: per_fault={'ctx': True, 'bullets': True, 'concise': True, 'preamble': True} all_resolved=True n_resolved=4/4 tokens=(2468,462)
  N=4 real_hotpotqa_01044_5a73b0975542992d56e7e387 seed=0 arm=self_refine: per_fault={'ctx': True, 'bullets': True, 'concise': False, 'preamble': True} all_resolved=False n_resolved=3/4 tokens=(5541,1265)
  N=4 real_hotpotqa_01044_5a73b0975542992d56e7e387 seed=0 arm=full_regen: per_fault={'ctx': True, 'bullets': True, 'concise': True, 'preamble': True} all_resolved=True n_resolved=4/4 tokens=(4936,809)
  N=4 real_hotpotqa_01044_5a73b0975542992d56e7e387 seed=0 arm=react: per_fault={'ctx': True, 'bullets': True, 'concise': True, 'preamble': True} all_resolved=True n_resolved=4/4 tokens=(4992,998)
  N=4 real_hotpotqa_01044_5a73b0975542992d56e7e387 seed=0 arm=selfcheckgpt: per_fault={'ctx': True, 'bullets': True, 'concise': True, 'preamble': True} all_resolved=True n_resolved=4/4 tokens=(14443,578)
  N=4 real_hotpotqa_01044_5a73b0975542992d56e7e387 seed=0 arm=reflexion: per_fault={'ctx': True, 'bullets': True, 'concise': True, 'preamble': True} all_resolved=True n_resolved=4/4 tokens=(2468,462)
  N=4 real_hotpotqa_01044_5a73b0975542992d56e7e387 seed=0 arm=intro_specter: per_fault={'ctx': True, 'bullets': True, 'concise': True, 'preamble': True} all_resolved=True n_resolved=4/4 tokens=(5693,1002)
  N=4 real_hotpotqa_01044_5a73b0975542992d56e7e387 seed=1 arm=direct: per_fault={'ctx': True, 'bullets': True, 'concise': True, 'preamble': True} all_resolved=True n_resolved=4/4 tokens=(2468,462)
  N=4 real_hotpotqa_01044_5a73b0975542992d56e7e387 seed=1 arm=self_refine: per_fault={'ctx': True, 'bullets': True, 'concise': False, 'preamble': True} all_resolved=False n_resolved=3/4 tokens=(5541,1265)
  N=4 real_hotpotqa_01044_5a73b0975542992d56e7e387 seed=1 arm=full_regen: per_fault={'ctx': True, 'bullets': True, 'concise': True, 'preamble': True} all_resolved=True n_resolved=4/4 tokens=(4936,912)
  N=4 real_hotpotqa_01044_5a73b0975542992d56e7e387 seed=1 arm=react: per_fault={'ctx': True, 'bullets': True, 'concise': True, 'preamble': True} all_resolved=True n_resolved=4/4 tokens=(4992,998)
  N=4 real_hotpotqa_01044_5a73b0975542992d56e7e387 seed=1 arm=selfcheckgpt: per_fault={'ctx': True, 'bullets': True, 'concise': True, 'preamble': True} all_resolved=True n_resolved=4/4 tokens=(14544,577)
  N=4 real_hotpotqa_01044_5a73b0975542992d56e7e387 seed=1 arm=reflexion: per_fault={'ctx': True, 'bullets': True, 'concise': True, 'preamble': True} all_resolved=True n_resolved=4/4 tokens=(2468,462)
  N=4 real_hotpotqa_01044_5a73b0975542992d56e7e387 seed=1 arm=intro_specter: per_fault={'ctx': True, 'bullets': True, 'concise': True, 'preamble': True} all_resolved=True n_resolved=4/4 tokens=(5693,1002)
  N=4 real_hotpotqa_01044_5a73b0975542992d56e7e387 seed=2 arm=direct: per_fault={'ctx': True, 'bullets': True, 'concise': True, 'preamble': True} all_resolved=True n_resolved=4/4 tokens=(2468,315)
  N=4 real_hotpotqa_01044_5a73b0975542992d56e7e387 seed=2 arm=self_refine: per_fault={'ctx': True, 'bullets': True, 'concise': False, 'preamble': True} all_resolved=False n_resolved=3/4 tokens=(5352,1012)
  N=4 real_hotpotqa_01044_5a73b0975542992d56e7e387 seed=2 arm=full_regen: per_fault={'ctx': True, 'bullets': True, 'concise': True, 'preamble': True} all_resolved=True n_resolved=4/4 tokens=(4936,743)
  N=4 real_hotpotqa_01044_5a73b0975542992d56e7e387 seed=2 arm=react: per_fault={'ctx': True, 'bullets': True, 'concise': True, 'preamble': True} all_resolved=True n_resolved=4/4 tokens=(4992,953)
  N=4 real_hotpotqa_01044_5a73b0975542992d56e7e387 seed=2 arm=selfcheckgpt: per_fault={'ctx': True, 'bullets': True, 'concise': True, 'preamble': True} all_resolved=True n_resolved=4/4 tokens=(14490,451)
  N=4 real_hotpotqa_01044_5a73b0975542992d56e7e387 seed=2 arm=reflexion: per_fault={'ctx': True, 'bullets': True, 'concise': True, 'preamble': True} all_resolved=True n_resolved=4/4 tokens=(2468,315)
  N=4 real_hotpotqa_01044_5a73b0975542992d56e7e387 seed=2 arm=intro_specter: per_fault={'ctx': True, 'bullets': True, 'concise': True, 'preamble': True} all_resolved=True n_resolved=4/4 tokens=(5504,857)
  N=4 real_hotpotqa_01220_5a8f8c6d5542997ba9cb32b1 seed=0 arm=direct: per_fault={'ctx': True, 'bullets': True, 'concise': True, 'preamble': True} all_resolved=True n_resolved=4/4 tokens=(2487,604)
  N=4 real_hotpotqa_01220_5a8f8c6d5542997ba9cb32b1 seed=0 arm=self_refine: per_fault={'ctx': True, 'bullets': True, 'concise': False, 'preamble': True} all_resolved=False n_resolved=3/4 tokens=(5740,1550)
  N=4 real_hotpotqa_01220_5a8f8c6d5542997ba9cb32b1 seed=0 arm=full_regen: per_fault={'ctx': True, 'bullets': True, 'concise': True, 'preamble': True} all_resolved=True n_resolved=4/4 tokens=(4974,1080)
  N=4 real_hotpotqa_01220_5a8f8c6d5542997ba9cb32b1 seed=0 arm=react: per_fault={'ctx': True, 'bullets': True, 'concise': False, 'preamble': True} all_resolved=False n_resolved=3/4 tokens=(5030,1259)
  N=4 real_hotpotqa_01220_5a8f8c6d5542997ba9cb32b1 seed=0 arm=selfcheckgpt: per_fault={'ctx': True, 'bullets': True, 'concise': True, 'preamble': True} all_resolved=True n_resolved=4/4 tokens=(14542,701)
  N=4 real_hotpotqa_01220_5a8f8c6d5542997ba9cb32b1 seed=0 arm=reflexion: per_fault={'ctx': True, 'bullets': True, 'concise': True, 'preamble': True} all_resolved=True n_resolved=4/4 tokens=(2487,604)
  N=4 real_hotpotqa_01220_5a8f8c6d5542997ba9cb32b1 seed=0 arm=intro_specter: per_fault={'ctx': True, 'bullets': True, 'concise': True, 'preamble': True} all_resolved=True n_resolved=4/4 tokens=(5892,1425)
  N=4 real_hotpotqa_01220_5a8f8c6d5542997ba9cb32b1 seed=1 arm=direct: per_fault={'ctx': True, 'bullets': True, 'concise': True, 'preamble': True} all_resolved=True n_resolved=4/4 tokens=(2487,604)
  N=4 real_hotpotqa_01220_5a8f8c6d5542997ba9cb32b1 seed=1 arm=self_refine: per_fault={'ctx': True, 'bullets': True, 'concise': False, 'preamble': True} all_resolved=False n_resolved=3/4 tokens=(5740,1550)
  N=4 real_hotpotqa_01220_5a8f8c6d5542997ba9cb32b1 seed=1 arm=full_regen: per_fault={'ctx': True, 'bullets': True, 'concise': True, 'preamble': True} all_resolved=True n_resolved=4/4 tokens=(4974,1134)
  N=4 real_hotpotqa_01220_5a8f8c6d5542997ba9cb32b1 seed=1 arm=react: per_fault={'ctx': True, 'bullets': True, 'concise': False, 'preamble': True} all_resolved=False n_resolved=3/4 tokens=(5030,1259)
  N=4 real_hotpotqa_01220_5a8f8c6d5542997ba9cb32b1 seed=1 arm=selfcheckgpt: per_fault={'ctx': True, 'bullets': True, 'concise': True, 'preamble': True} all_resolved=True n_resolved=4/4 tokens=(14549,710)
  N=4 real_hotpotqa_01220_5a8f8c6d5542997ba9cb32b1 seed=1 arm=reflexion: per_fault={'ctx': True, 'bullets': True, 'concise': True, 'preamble': True} all_resolved=True n_resolved=4/4 tokens=(2487,604)
  N=4 real_hotpotqa_01220_5a8f8c6d5542997ba9cb32b1 seed=1 arm=intro_specter: per_fault={'ctx': True, 'bullets': True, 'concise': True, 'preamble': True} all_resolved=True n_resolved=4/4 tokens=(5892,1425)
  N=4 real_hotpotqa_01220_5a8f8c6d5542997ba9cb32b1 seed=2 arm=direct: per_fault={'ctx': True, 'bullets': True, 'concise': True, 'preamble': True} all_resolved=True n_resolved=4/4 tokens=(2487,617)
  N=4 real_hotpotqa_01220_5a8f8c6d5542997ba9cb32b1 seed=2 arm=self_refine: per_fault={'ctx': True, 'bullets': True, 'concise': True, 'preamble': True} all_resolved=True n_resolved=4/4 tokens=(5774,1516)
  N=4 real_hotpotqa_01220_5a8f8c6d5542997ba9cb32b1 seed=2 arm=full_regen: per_fault={'ctx': True, 'bullets': True, 'concise': False, 'preamble': True} all_resolved=False n_resolved=3/4 tokens=(4974,1178)
  N=4 real_hotpotqa_01220_5a8f8c6d5542997ba9cb32b1 seed=2 arm=react: per_fault={'ctx': True, 'bullets': True, 'concise': True, 'preamble': True} all_resolved=True n_resolved=4/4 tokens=(5030,1186)
  N=4 real_hotpotqa_01220_5a8f8c6d5542997ba9cb32b1 seed=2 arm=selfcheckgpt: per_fault={'ctx': True, 'bullets': True, 'concise': True, 'preamble': True} all_resolved=True n_resolved=4/4 tokens=(14573,746)
  N=4 real_hotpotqa_01220_5a8f8c6d5542997ba9cb32b1 seed=2 arm=reflexion: per_fault={'ctx': True, 'bullets': True, 'concise': True, 'preamble': True} all_resolved=True n_resolved=4/4 tokens=(2487,617)
  N=4 real_hotpotqa_01220_5a8f8c6d5542997ba9cb32b1 seed=2 arm=intro_specter: per_fault={'ctx': True, 'bullets': True, 'concise': True, 'preamble': True} all_resolved=True n_resolved=4/4 tokens=(5926,1434)
  N=4 real_hotpotqa_01234_5a848a725542990548d0b2c7 seed=0 arm=direct: per_fault={'ctx': True, 'bullets': True, 'english': True, 'preamble': True} all_resolved=True n_resolved=4/4 tokens=(2457,180)
  N=4 real_hotpotqa_01234_5a848a725542990548d0b2c7 seed=0 arm=self_refine: per_fault={'ctx': True, 'bullets': True, 'english': True, 'preamble': True} all_resolved=True n_resolved=4/4 tokens=(5153,593)
  N=4 real_hotpotqa_01234_5a848a725542990548d0b2c7 seed=0 arm=full_regen: per_fault={'ctx': True, 'bullets': True, 'english': True, 'preamble': True} all_resolved=True n_resolved=4/4 tokens=(4914,317)
  N=4 real_hotpotqa_01234_5a848a725542990548d0b2c7 seed=0 arm=react: per_fault={'ctx': True, 'bullets': True, 'english': True, 'preamble': True} all_resolved=True n_resolved=4/4 tokens=(4970,707)
  N=4 real_hotpotqa_01234_5a848a725542990548d0b2c7 seed=0 arm=selfcheckgpt: per_fault={'ctx': True, 'bullets': True, 'english': True, 'preamble': True} all_resolved=True n_resolved=4/4 tokens=(14384,264)
  N=4 real_hotpotqa_01234_5a848a725542990548d0b2c7 seed=0 arm=reflexion: per_fault={'ctx': True, 'bullets': True, 'english': True, 'preamble': True} all_resolved=True n_resolved=4/4 tokens=(2457,180)
  N=4 real_hotpotqa_01234_5a848a725542990548d0b2c7 seed=0 arm=intro_specter: per_fault={'ctx': True, 'bullets': True, 'english': True, 'preamble': True} all_resolved=True n_resolved=4/4 tokens=(5305,484)
  N=4 real_hotpotqa_01234_5a848a725542990548d0b2c7 seed=1 arm=direct: per_fault={'ctx': True, 'bullets': True, 'english': True, 'preamble': True} all_resolved=True n_resolved=4/4 tokens=(2457,180)
  N=4 real_hotpotqa_01234_5a848a725542990548d0b2c7 seed=1 arm=self_refine: per_fault={'ctx': True, 'bullets': True, 'english': True, 'preamble': True} all_resolved=True n_resolved=4/4 tokens=(5153,593)
  N=4 real_hotpotqa_01234_5a848a725542990548d0b2c7 seed=1 arm=full_regen: per_fault={'ctx': True, 'bullets': True, 'english': True, 'preamble': True} all_resolved=True n_resolved=4/4 tokens=(4914,521)
  N=4 real_hotpotqa_01234_5a848a725542990548d0b2c7 seed=1 arm=react: per_fault={'ctx': True, 'bullets': True, 'english': True, 'preamble': True} all_resolved=True n_resolved=4/4 tokens=(4970,707)
  N=4 real_hotpotqa_01234_5a848a725542990548d0b2c7 seed=1 arm=selfcheckgpt: per_fault={'ctx': True, 'bullets': True, 'english': True, 'preamble': True} all_resolved=True n_resolved=4/4 tokens=(16739,283)
  N=4 real_hotpotqa_01234_5a848a725542990548d0b2c7 seed=1 arm=reflexion: per_fault={'ctx': True, 'bullets': True, 'english': True, 'preamble': True} all_resolved=True n_resolved=4/4 tokens=(2457,180)
  N=4 real_hotpotqa_01234_5a848a725542990548d0b2c7 seed=1 arm=intro_specter: per_fault={'ctx': True, 'bullets': True, 'english': True, 'preamble': True} all_resolved=True n_resolved=4/4 tokens=(5305,484)
  N=4 real_hotpotqa_01234_5a848a725542990548d0b2c7 seed=2 arm=direct: per_fault={'ctx': True, 'bullets': True, 'english': True, 'preamble': True} all_resolved=True n_resolved=4/4 tokens=(2457,323)
  N=4 real_hotpotqa_01234_5a848a725542990548d0b2c7 seed=2 arm=self_refine: per_fault={'ctx': False, 'bullets': True, 'english': True, 'preamble': True} all_resolved=False n_resolved=3/4 tokens=(5338,834)
  N=4 real_hotpotqa_01234_5a848a725542990548d0b2c7 seed=2 arm=full_regen: per_fault={'ctx': True, 'bullets': True, 'english': True, 'preamble': True} all_resolved=True n_resolved=4/4 tokens=(4914,511)
  N=4 real_hotpotqa_01234_5a848a725542990548d0b2c7 seed=2 arm=react: per_fault={'ctx': True, 'bullets': True, 'english': True, 'preamble': True} all_resolved=True n_resolved=4/4 tokens=(4970,869)
  N=4 real_hotpotqa_01234_5a848a725542990548d0b2c7 seed=2 arm=selfcheckgpt: per_fault={'ctx': True, 'bullets': True, 'english': True, 'preamble': True} all_resolved=True n_resolved=4/4 tokens=(14340,405)
  N=4 real_hotpotqa_01234_5a848a725542990548d0b2c7 seed=2 arm=reflexion: per_fault={'ctx': True, 'bullets': True, 'english': True, 'preamble': True} all_resolved=True n_resolved=4/4 tokens=(2457,323)
  N=4 real_hotpotqa_01234_5a848a725542990548d0b2c7 seed=2 arm=intro_specter: per_fault={'ctx': True, 'bullets': True, 'english': True, 'preamble': True} all_resolved=True n_resolved=4/4 tokens=(5490,852)
  N=4 real_hotpotqa_01490_5ab930c75542996be202043a seed=0 arm=direct: per_fault={'ctx': True, 'bullets': True, 'concise': True, 'english': True} all_resolved=True n_resolved=4/4 tokens=(2441,505)
  N=4 real_hotpotqa_01490_5ab930c75542996be202043a seed=0 arm=self_refine: per_fault={'ctx': True, 'bullets': True, 'concise': False, 'english': True} all_resolved=False n_resolved=3/4 tokens=(5570,1355)
  N=4 real_hotpotqa_01490_5ab930c75542996be202043a seed=0 arm=full_regen: per_fault={'ctx': True, 'bullets': True, 'concise': True, 'english': True} all_resolved=True n_resolved=4/4 tokens=(4882,846)
  N=4 real_hotpotqa_01490_5ab930c75542996be202043a seed=0 arm=react: per_fault={'ctx': True, 'bullets': True, 'concise': True, 'english': True} all_resolved=True n_resolved=4/4 tokens=(4938,1105)
  N=4 real_hotpotqa_01490_5ab930c75542996be202043a seed=0 arm=selfcheckgpt: per_fault={'ctx': True, 'bullets': True, 'concise': True, 'english': True} all_resolved=True n_resolved=4/4 tokens=(14354,702)
  N=4 real_hotpotqa_01490_5ab930c75542996be202043a seed=0 arm=reflexion: per_fault={'ctx': True, 'bullets': True, 'concise': True, 'english': True} all_resolved=True n_resolved=4/4 tokens=(2441,505)
  N=4 real_hotpotqa_01490_5ab930c75542996be202043a seed=0 arm=intro_specter: per_fault={'ctx': True, 'bullets': True, 'concise': True, 'english': True} all_resolved=True n_resolved=4/4 tokens=(5722,1132)
  N=4 real_hotpotqa_01490_5ab930c75542996be202043a seed=1 arm=direct: per_fault={'ctx': True, 'bullets': True, 'concise': True, 'english': True} all_resolved=True n_resolved=4/4 tokens=(2441,505)
  N=4 real_hotpotqa_01490_5ab930c75542996be202043a seed=1 arm=self_refine: per_fault={'ctx': True, 'bullets': True, 'concise': False, 'english': True} all_resolved=False n_resolved=3/4 tokens=(5570,1355)
  N=4 real_hotpotqa_01490_5ab930c75542996be202043a seed=1 arm=full_regen: per_fault={'ctx': True, 'bullets': True, 'concise': True, 'english': True} all_resolved=True n_resolved=4/4 tokens=(4882,655)
  N=4 real_hotpotqa_01490_5ab930c75542996be202043a seed=1 arm=react: per_fault={'ctx': True, 'bullets': True, 'concise': True, 'english': True} all_resolved=True n_resolved=4/4 tokens=(4938,1105)
  N=4 real_hotpotqa_01490_5ab930c75542996be202043a seed=1 arm=selfcheckgpt: per_fault={'ctx': True, 'bullets': True, 'concise': True, 'english': True} all_resolved=True n_resolved=4/4 tokens=(14367,734)
  N=4 real_hotpotqa_01490_5ab930c75542996be202043a seed=1 arm=reflexion: per_fault={'ctx': True, 'bullets': True, 'concise': True, 'english': True} all_resolved=True n_resolved=4/4 tokens=(2441,505)
  N=4 real_hotpotqa_01490_5ab930c75542996be202043a seed=1 arm=intro_specter: per_fault={'ctx': True, 'bullets': True, 'concise': True, 'english': True} all_resolved=True n_resolved=4/4 tokens=(5722,1132)
  N=4 real_hotpotqa_01490_5ab930c75542996be202043a seed=2 arm=direct: per_fault={'ctx': True, 'bullets': True, 'concise': True, 'english': True} all_resolved=True n_resolved=4/4 tokens=(2441,328)
  N=4 real_hotpotqa_01490_5ab930c75542996be202043a seed=2 arm=self_refine: per_fault={'ctx': False, 'bullets': True, 'concise': True, 'english': True} all_resolved=False n_resolved=3/4 tokens=(5309,863)
  N=4 real_hotpotqa_01490_5ab930c75542996be202043a seed=2 arm=full_regen: per_fault={'ctx': True, 'bullets': True, 'concise': True, 'english': True} all_resolved=True n_resolved=4/4 tokens=(4882,702)
  N=4 real_hotpotqa_01490_5ab930c75542996be202043a seed=2 arm=react: per_fault={'ctx': True, 'bullets': True, 'concise': True, 'english': True} all_resolved=True n_resolved=4/4 tokens=(4938,749)
  N=4 real_hotpotqa_01490_5ab930c75542996be202043a seed=2 arm=selfcheckgpt: per_fault={'ctx': True, 'bullets': True, 'concise': True, 'english': True} all_resolved=True n_resolved=4/4 tokens=(14465,558)
  N=4 real_hotpotqa_01490_5ab930c75542996be202043a seed=2 arm=reflexion: per_fault={'ctx': True, 'bullets': True, 'concise': True, 'english': True} all_resolved=True n_resolved=4/4 tokens=(2441,328)
  N=4 real_hotpotqa_01490_5ab930c75542996be202043a seed=2 arm=intro_specter: per_fault={'ctx': True, 'bullets': True, 'concise': True, 'english': True} all_resolved=True n_resolved=4/4 tokens=(5461,683)
  N=4 real_hotpotqa_01541_5ac258cc554299636651998e seed=0 arm=direct: per_fault={'ctx': True, 'bullets': True, 'concise': True, 'english': True} all_resolved=True n_resolved=4/4 tokens=(2426,374)
  N=4 real_hotpotqa_01541_5ac258cc554299636651998e seed=0 arm=self_refine: per_fault={'ctx': True, 'bullets': True, 'concise': True, 'english': True} all_resolved=True n_resolved=4/4 tokens=(5325,1151)
  N=4 real_hotpotqa_01541_5ac258cc554299636651998e seed=0 arm=full_regen: per_fault={'ctx': True, 'bullets': True, 'concise': True, 'english': True} all_resolved=True n_resolved=4/4 tokens=(4852,658)
  N=4 real_hotpotqa_01541_5ac258cc554299636651998e seed=0 arm=react: per_fault={'ctx': True, 'bullets': True, 'concise': True, 'english': True} all_resolved=True n_resolved=4/4 tokens=(4908,624)
  N=4 real_hotpotqa_01541_5ac258cc554299636651998e seed=0 arm=selfcheckgpt: per_fault={'ctx': True, 'bullets': True, 'concise': True, 'english': True} all_resolved=True n_resolved=4/4 tokens=(14196,504)
  N=4 real_hotpotqa_01541_5ac258cc554299636651998e seed=0 arm=reflexion: per_fault={'ctx': True, 'bullets': True, 'concise': True, 'english': True} all_resolved=True n_resolved=4/4 tokens=(2426,374)
  N=4 real_hotpotqa_01541_5ac258cc554299636651998e seed=0 arm=intro_specter: per_fault={'ctx': True, 'bullets': True, 'concise': True, 'english': True} all_resolved=True n_resolved=4/4 tokens=(5477,832)
  N=4 real_hotpotqa_01541_5ac258cc554299636651998e seed=1 arm=direct: per_fault={'ctx': True, 'bullets': True, 'concise': True, 'english': True} all_resolved=True n_resolved=4/4 tokens=(2426,374)
  N=4 real_hotpotqa_01541_5ac258cc554299636651998e seed=1 arm=self_refine: per_fault={'ctx': True, 'bullets': True, 'concise': True, 'english': True} all_resolved=True n_resolved=4/4 tokens=(5325,1151)
  N=4 real_hotpotqa_01541_5ac258cc554299636651998e seed=1 arm=full_regen: per_fault={'ctx': False, 'bullets': True, 'concise': True, 'english': True} all_resolved=False n_resolved=3/4 tokens=(4852,731)
  N=4 real_hotpotqa_01541_5ac258cc554299636651998e seed=1 arm=react: per_fault={'ctx': True, 'bullets': True, 'concise': True, 'english': True} all_resolved=True n_resolved=4/4 tokens=(4908,624)
  N=4 real_hotpotqa_01541_5ac258cc554299636651998e seed=1 arm=selfcheckgpt: per_fault={'ctx': True, 'bullets': True, 'concise': True, 'english': True} all_resolved=True n_resolved=4/4 tokens=(14195,499)
  N=4 real_hotpotqa_01541_5ac258cc554299636651998e seed=1 arm=reflexion: per_fault={'ctx': True, 'bullets': True, 'concise': True, 'english': True} all_resolved=True n_resolved=4/4 tokens=(2426,374)
  N=4 real_hotpotqa_01541_5ac258cc554299636651998e seed=1 arm=intro_specter: per_fault={'ctx': True, 'bullets': True, 'concise': True, 'english': True} all_resolved=True n_resolved=4/4 tokens=(5477,832)
  N=4 real_hotpotqa_01541_5ac258cc554299636651998e seed=2 arm=direct: per_fault={'ctx': True, 'bullets': True, 'concise': True, 'english': True} all_resolved=True n_resolved=4/4 tokens=(2426,429)
  N=4 real_hotpotqa_01541_5ac258cc554299636651998e seed=2 arm=self_refine: per_fault={'ctx': True, 'bullets': True, 'concise': True, 'english': True} all_resolved=True n_resolved=4/4 tokens=(5443,1100)
  N=4 real_hotpotqa_01541_5ac258cc554299636651998e seed=2 arm=full_regen: per_fault={'ctx': False, 'bullets': True, 'concise': True, 'english': True} all_resolved=False n_resolved=3/4 tokens=(4852,860)
  N=4 real_hotpotqa_01541_5ac258cc554299636651998e seed=2 arm=react: per_fault={'ctx': False, 'bullets': True, 'concise': True, 'english': True} all_resolved=False n_resolved=3/4 tokens=(4908,782)
  N=4 real_hotpotqa_01541_5ac258cc554299636651998e seed=2 arm=selfcheckgpt: per_fault={'ctx': True, 'bullets': True, 'concise': True, 'english': True} all_resolved=True n_resolved=4/4 tokens=(14199,555)
  N=4 real_hotpotqa_01541_5ac258cc554299636651998e seed=2 arm=reflexion: per_fault={'ctx': True, 'bullets': True, 'concise': True, 'english': True} all_resolved=True n_resolved=4/4 tokens=(2426,429)
  N=4 real_hotpotqa_01541_5ac258cc554299636651998e seed=2 arm=intro_specter: per_fault={'ctx': True, 'bullets': True, 'concise': True, 'english': True} all_resolved=True n_resolved=4/4 tokens=(5595,909)
  N=4 real_hotpotqa_01601_5ab9c7c355429939ce03dc17 seed=0 arm=direct: per_fault={'ctx': True, 'bullets': True, 'concise': True, 'preamble': True} all_resolved=True n_resolved=4/4 tokens=(2497,333)
  N=4 real_hotpotqa_01601_5ab9c7c355429939ce03dc17 seed=0 arm=self_refine: per_fault={'ctx': True, 'bullets': True, 'concise': True, 'preamble': True} all_resolved=True n_resolved=4/4 tokens=(5425,917)
  N=4 real_hotpotqa_01601_5ab9c7c355429939ce03dc17 seed=0 arm=full_regen: per_fault={'ctx': True, 'bullets': True, 'concise': True, 'preamble': True} all_resolved=True n_resolved=4/4 tokens=(4994,718)
  N=4 real_hotpotqa_01601_5ab9c7c355429939ce03dc17 seed=0 arm=react: per_fault={'ctx': True, 'bullets': True, 'concise': True, 'preamble': True} all_resolved=True n_resolved=4/4 tokens=(5050,747)
  N=4 real_hotpotqa_01601_5ab9c7c355429939ce03dc17 seed=0 arm=selfcheckgpt: per_fault={'ctx': True, 'bullets': True, 'concise': True, 'preamble': True} all_resolved=True n_resolved=4/4 tokens=(14627,472)
  N=4 real_hotpotqa_01601_5ab9c7c355429939ce03dc17 seed=0 arm=reflexion: per_fault={'ctx': True, 'bullets': True, 'concise': True, 'preamble': True} all_resolved=True n_resolved=4/4 tokens=(2497,333)
  N=4 real_hotpotqa_01601_5ab9c7c355429939ce03dc17 seed=0 arm=intro_specter: per_fault={'ctx': True, 'bullets': True, 'concise': True, 'preamble': True} all_resolved=True n_resolved=4/4 tokens=(5577,847)
  N=4 real_hotpotqa_01601_5ab9c7c355429939ce03dc17 seed=1 arm=direct: per_fault={'ctx': True, 'bullets': True, 'concise': True, 'preamble': True} all_resolved=True n_resolved=4/4 tokens=(2497,333)
  N=4 real_hotpotqa_01601_5ab9c7c355429939ce03dc17 seed=1 arm=self_refine: per_fault={'ctx': True, 'bullets': True, 'concise': True, 'preamble': True} all_resolved=True n_resolved=4/4 tokens=(5425,917)
  N=4 real_hotpotqa_01601_5ab9c7c355429939ce03dc17 seed=1 arm=full_regen: per_fault={'ctx': True, 'bullets': True, 'concise': True, 'preamble': True} all_resolved=True n_resolved=4/4 tokens=(4994,442)
  N=4 real_hotpotqa_01601_5ab9c7c355429939ce03dc17 seed=1 arm=react: per_fault={'ctx': True, 'bullets': True, 'concise': True, 'preamble': True} all_resolved=True n_resolved=4/4 tokens=(5050,747)
  N=4 real_hotpotqa_01601_5ab9c7c355429939ce03dc17 seed=1 arm=selfcheckgpt: per_fault={'ctx': True, 'bullets': True, 'concise': True, 'preamble': True} all_resolved=True n_resolved=4/4 tokens=(14617,478)
  N=4 real_hotpotqa_01601_5ab9c7c355429939ce03dc17 seed=1 arm=reflexion: per_fault={'ctx': True, 'bullets': True, 'concise': True, 'preamble': True} all_resolved=True n_resolved=4/4 tokens=(2497,333)
  N=4 real_hotpotqa_01601_5ab9c7c355429939ce03dc17 seed=1 arm=intro_specter: per_fault={'ctx': True, 'bullets': True, 'concise': True, 'preamble': True} all_resolved=True n_resolved=4/4 tokens=(5577,847)
  N=4 real_hotpotqa_01601_5ab9c7c355429939ce03dc17 seed=2 arm=direct: per_fault={'ctx': True, 'bullets': True, 'concise': True, 'preamble': True} all_resolved=True n_resolved=4/4 tokens=(2497,374)
  N=4 real_hotpotqa_01601_5ab9c7c355429939ce03dc17 seed=2 arm=self_refine: per_fault={'ctx': True, 'bullets': True, 'concise': True, 'preamble': True} all_resolved=True n_resolved=4/4 tokens=(5466,970)
  N=4 real_hotpotqa_01601_5ab9c7c355429939ce03dc17 seed=2 arm=full_regen: per_fault={'ctx': True, 'bullets': True, 'concise': True, 'preamble': True} all_resolved=True n_resolved=4/4 tokens=(4994,801)
  N=4 real_hotpotqa_01601_5ab9c7c355429939ce03dc17 seed=2 arm=react: per_fault={'ctx': True, 'bullets': True, 'concise': True, 'preamble': True} all_resolved=True n_resolved=4/4 tokens=(5050,872)
  N=4 real_hotpotqa_01601_5ab9c7c355429939ce03dc17 seed=2 arm=selfcheckgpt: per_fault={'ctx': True, 'bullets': True, 'concise': True, 'preamble': True} all_resolved=True n_resolved=4/4 tokens=(14677,576)
  N=4 real_hotpotqa_01601_5ab9c7c355429939ce03dc17 seed=2 arm=reflexion: per_fault={'ctx': True, 'bullets': True, 'concise': True, 'preamble': True} all_resolved=True n_resolved=4/4 tokens=(2497,374)
  N=4 real_hotpotqa_01601_5ab9c7c355429939ce03dc17 seed=2 arm=intro_specter: per_fault={'ctx': True, 'bullets': True, 'concise': True, 'preamble': True} all_resolved=True n_resolved=4/4 tokens=(5618,783)
  N=4 real_hotpotqa_01658_5a7ca95b55429935c91b5287 seed=0 arm=direct: per_fault={'ctx': True, 'concise': True, 'english': True, 'preamble': True} all_resolved=True n_resolved=4/4 tokens=(2477,626)
  N=4 real_hotpotqa_01658_5a7ca95b55429935c91b5287 seed=0 arm=self_refine: per_fault={'ctx': True, 'concise': True, 'english': True, 'preamble': True} all_resolved=True n_resolved=4/4 tokens=(5743,1608)
  N=4 real_hotpotqa_01658_5a7ca95b55429935c91b5287 seed=0 arm=full_regen: per_fault={'ctx': True, 'concise': True, 'english': True, 'preamble': True} all_resolved=True n_resolved=4/4 tokens=(4954,1274)
  N=4 real_hotpotqa_01658_5a7ca95b55429935c91b5287 seed=0 arm=react: per_fault={'ctx': False, 'concise': True, 'english': True, 'preamble': True} all_resolved=False n_resolved=3/4 tokens=(5010,1159)
  N=4 real_hotpotqa_01658_5a7ca95b55429935c91b5287 seed=0 arm=selfcheckgpt: per_fault={'ctx': True, 'concise': True, 'english': True, 'preamble': True} all_resolved=True n_resolved=4/4 tokens=(17052,842)
  N=4 real_hotpotqa_01658_5a7ca95b55429935c91b5287 seed=0 arm=reflexion: per_fault={'ctx': True, 'concise': True, 'english': True, 'preamble': True} all_resolved=True n_resolved=4/4 tokens=(2477,626)
  N=4 real_hotpotqa_01658_5a7ca95b55429935c91b5287 seed=0 arm=intro_specter: per_fault={'ctx': True, 'concise': True, 'english': True, 'preamble': True} all_resolved=True n_resolved=4/4 tokens=(5895,1348)
  N=4 real_hotpotqa_01658_5a7ca95b55429935c91b5287 seed=1 arm=direct: per_fault={'ctx': True, 'concise': True, 'english': True, 'preamble': True} all_resolved=True n_resolved=4/4 tokens=(2477,626)
  N=4 real_hotpotqa_01658_5a7ca95b55429935c91b5287 seed=1 arm=self_refine: per_fault={'ctx': True, 'concise': True, 'english': True, 'preamble': True} all_resolved=True n_resolved=4/4 tokens=(5743,1608)
  N=4 real_hotpotqa_01658_5a7ca95b55429935c91b5287 seed=1 arm=full_regen: per_fault={'ctx': True, 'concise': True, 'english': True, 'preamble': True} all_resolved=True n_resolved=4/4 tokens=(4954,703)
  N=4 real_hotpotqa_01658_5a7ca95b55429935c91b5287 seed=1 arm=react: per_fault={'ctx': False, 'concise': True, 'english': True, 'preamble': True} all_resolved=False n_resolved=3/4 tokens=(5010,1159)
  N=4 real_hotpotqa_01658_5a7ca95b55429935c91b5287 seed=1 arm=selfcheckgpt: per_fault={'ctx': True, 'concise': True, 'english': True, 'preamble': True} all_resolved=True n_resolved=4/4 tokens=(14677,893)
  N=4 real_hotpotqa_01658_5a7ca95b55429935c91b5287 seed=1 arm=reflexion: per_fault={'ctx': True, 'concise': True, 'english': True, 'preamble': True} all_resolved=True n_resolved=4/4 tokens=(2477,626)
  N=4 real_hotpotqa_01658_5a7ca95b55429935c91b5287 seed=1 arm=intro_specter: per_fault={'ctx': True, 'concise': True, 'english': True, 'preamble': True} all_resolved=True n_resolved=4/4 tokens=(5895,1348)
  N=4 real_hotpotqa_01658_5a7ca95b55429935c91b5287 seed=2 arm=direct: per_fault={'ctx': True, 'concise': True, 'english': True, 'preamble': True} all_resolved=True n_resolved=4/4 tokens=(2477,555)
  N=4 real_hotpotqa_01658_5a7ca95b55429935c91b5287 seed=2 arm=self_refine: per_fault={'ctx': True, 'concise': False, 'english': True, 'preamble': True} all_resolved=False n_resolved=3/4 tokens=(5672,1451)
  N=4 real_hotpotqa_01658_5a7ca95b55429935c91b5287 seed=2 arm=full_regen: per_fault={'ctx': True, 'concise': True, 'english': True, 'preamble': True} all_resolved=True n_resolved=4/4 tokens=(4954,1017)
  N=4 real_hotpotqa_01658_5a7ca95b55429935c91b5287 seed=2 arm=react: per_fault={'ctx': True, 'concise': True, 'english': True, 'preamble': True} all_resolved=True n_resolved=4/4 tokens=(5010,1176)
  N=4 real_hotpotqa_01658_5a7ca95b55429935c91b5287 seed=2 arm=selfcheckgpt: per_fault={'ctx': True, 'concise': True, 'english': True, 'preamble': True} all_resolved=True n_resolved=4/4 tokens=(17040,782)
  N=4 real_hotpotqa_01658_5a7ca95b55429935c91b5287 seed=2 arm=reflexion: per_fault={'ctx': True, 'concise': True, 'english': True, 'preamble': True} all_resolved=True n_resolved=4/4 tokens=(2477,555)
  N=4 real_hotpotqa_01658_5a7ca95b55429935c91b5287 seed=2 arm=intro_specter: per_fault={'ctx': True, 'concise': True, 'english': True, 'preamble': True} all_resolved=True n_resolved=4/4 tokens=(5824,1245)
  N=4 real_hotpotqa_01690_5abac27855429966062415ff seed=0 arm=direct: per_fault={'ctx': True, 'bullets': True, 'concise': False, 'preamble': True} all_resolved=False n_resolved=3/4 tokens=(2637,681)
  N=4 real_hotpotqa_01690_5abac27855429966062415ff seed=0 arm=self_refine: per_fault={'ctx': True, 'bullets': True, 'concise': False, 'preamble': True} all_resolved=False n_resolved=3/4 tokens=(6137,1687)
  N=4 real_hotpotqa_01690_5abac27855429966062415ff seed=0 arm=full_regen: per_fault={'ctx': True, 'bullets': True, 'concise': False, 'preamble': True} all_resolved=False n_resolved=3/4 tokens=(5274,1092)
  N=4 real_hotpotqa_01690_5abac27855429966062415ff seed=0 arm=react: per_fault={'ctx': True, 'bullets': True, 'concise': False, 'preamble': True} all_resolved=False n_resolved=3/4 tokens=(5330,1248)
  N=4 real_hotpotqa_01690_5abac27855429966062415ff seed=0 arm=selfcheckgpt: per_fault={'ctx': True, 'bullets': True, 'concise': False, 'preamble': True} all_resolved=False n_resolved=3/4 tokens=(15451,791)
  N=4 real_hotpotqa_01690_5abac27855429966062415ff seed=0 arm=reflexion: per_fault={'ctx': True, 'bullets': True, 'concise': False, 'preamble': True} all_resolved=False n_resolved=3/4 tokens=(2637,681)
  N=4 real_hotpotqa_01690_5abac27855429966062415ff seed=0 arm=intro_specter: per_fault={'ctx': True, 'bullets': True, 'concise': False, 'preamble': True} all_resolved=False n_resolved=3/4 tokens=(6289,1565)
  N=4 real_hotpotqa_01690_5abac27855429966062415ff seed=1 arm=direct: per_fault={'ctx': True, 'bullets': True, 'concise': False, 'preamble': True} all_resolved=False n_resolved=3/4 tokens=(2637,681)
  N=4 real_hotpotqa_01690_5abac27855429966062415ff seed=1 arm=self_refine: per_fault={'ctx': True, 'bullets': True, 'concise': False, 'preamble': True} all_resolved=False n_resolved=3/4 tokens=(6137,1687)
  N=4 real_hotpotqa_01690_5abac27855429966062415ff seed=1 arm=full_regen: per_fault={'ctx': True, 'bullets': True, 'concise': False, 'preamble': True} all_resolved=False n_resolved=3/4 tokens=(5274,1210)
  N=4 real_hotpotqa_01690_5abac27855429966062415ff seed=1 arm=react: per_fault={'ctx': True, 'bullets': True, 'concise': False, 'preamble': True} all_resolved=False n_resolved=3/4 tokens=(5330,1248)
  N=4 real_hotpotqa_01690_5abac27855429966062415ff seed=1 arm=selfcheckgpt: per_fault={'ctx': True, 'bullets': True, 'concise': False, 'preamble': True} all_resolved=False n_resolved=3/4 tokens=(15476,811)
  N=4 real_hotpotqa_01690_5abac27855429966062415ff seed=1 arm=reflexion: per_fault={'ctx': True, 'bullets': True, 'concise': False, 'preamble': True} all_resolved=False n_resolved=3/4 tokens=(2637,681)
  N=4 real_hotpotqa_01690_5abac27855429966062415ff seed=1 arm=intro_specter: per_fault={'ctx': True, 'bullets': True, 'concise': False, 'preamble': True} all_resolved=False n_resolved=3/4 tokens=(6289,1565)
  N=4 real_hotpotqa_01690_5abac27855429966062415ff seed=2 arm=direct: per_fault={'ctx': True, 'bullets': True, 'concise': True, 'preamble': True} all_resolved=True n_resolved=4/4 tokens=(2637,300)
  N=4 real_hotpotqa_01690_5abac27855429966062415ff seed=2 arm=self_refine: per_fault={'ctx': True, 'bullets': True, 'concise': True, 'preamble': True} all_resolved=True n_resolved=4/4 tokens=(5707,688)
  N=4 real_hotpotqa_01690_5abac27855429966062415ff seed=2 arm=full_regen: per_fault={'ctx': True, 'bullets': True, 'concise': False, 'preamble': True} all_resolved=False n_resolved=3/4 tokens=(5274,829)
  N=4 real_hotpotqa_01690_5abac27855429966062415ff seed=2 arm=react: per_fault={'ctx': True, 'bullets': True, 'concise': True, 'preamble': True} all_resolved=True n_resolved=4/4 tokens=(5330,744)
  N=4 real_hotpotqa_01690_5abac27855429966062415ff seed=2 arm=selfcheckgpt: per_fault={'ctx': True, 'bullets': True, 'concise': True, 'preamble': True} all_resolved=True n_resolved=4/4 tokens=(15467,440)
  N=4 real_hotpotqa_01690_5abac27855429966062415ff seed=2 arm=reflexion: per_fault={'ctx': True, 'bullets': True, 'concise': True, 'preamble': True} all_resolved=True n_resolved=4/4 tokens=(2637,300)
  N=4 real_hotpotqa_01690_5abac27855429966062415ff seed=2 arm=intro_specter: per_fault={'ctx': True, 'bullets': True, 'concise': True, 'preamble': True} all_resolved=True n_resolved=4/4 tokens=(5859,714)
  N=4 real_hotpotqa_01815_5a8b349a55429971feec466b seed=0 arm=direct: per_fault={'ctx': False, 'bullets': True, 'english': True, 'preamble': True} all_resolved=False n_resolved=3/4 tokens=(2486,220)
  N=4 real_hotpotqa_01815_5a8b349a55429971feec466b seed=0 arm=self_refine: per_fault={'ctx': False, 'bullets': True, 'english': True, 'preamble': True} all_resolved=False n_resolved=3/4 tokens=(5249,677)
  N=4 real_hotpotqa_01815_5a8b349a55429971feec466b seed=0 arm=full_regen: per_fault={'ctx': True, 'bullets': True, 'english': True, 'preamble': True} all_resolved=True n_resolved=4/4 tokens=(4972,682)
  N=4 real_hotpotqa_01815_5a8b349a55429971feec466b seed=0 arm=react: per_fault={'ctx': True, 'bullets': True, 'english': True, 'preamble': True} all_resolved=True n_resolved=4/4 tokens=(5028,539)
  N=4 real_hotpotqa_01815_5a8b349a55429971feec466b seed=0 arm=selfcheckgpt: per_fault={'ctx': False, 'bullets': True, 'english': True, 'preamble': True} all_resolved=False n_resolved=3/4 tokens=(14632,350)
  N=4 real_hotpotqa_01815_5a8b349a55429971feec466b seed=0 arm=reflexion: per_fault={'ctx': False, 'bullets': True, 'english': True, 'preamble': True} all_resolved=False n_resolved=3/4 tokens=(14090,1061)
  N=4 real_hotpotqa_01815_5a8b349a55429971feec466b seed=0 arm=intro_specter: per_fault={'ctx': True, 'bullets': True, 'english': True, 'preamble': True} all_resolved=True n_resolved=4/4 tokens=(5401,473)
  N=4 real_hotpotqa_01815_5a8b349a55429971feec466b seed=1 arm=direct: per_fault={'ctx': False, 'bullets': True, 'english': True, 'preamble': True} all_resolved=False n_resolved=3/4 tokens=(2486,220)
  N=4 real_hotpotqa_01815_5a8b349a55429971feec466b seed=1 arm=self_refine: per_fault={'ctx': False, 'bullets': True, 'english': True, 'preamble': True} all_resolved=False n_resolved=3/4 tokens=(5249,677)
  N=4 real_hotpotqa_01815_5a8b349a55429971feec466b seed=1 arm=full_regen: per_fault={'ctx': False, 'bullets': True, 'english': True, 'preamble': True} all_resolved=False n_resolved=3/4 tokens=(4972,574)
  N=4 real_hotpotqa_01815_5a8b349a55429971feec466b seed=1 arm=react: per_fault={'ctx': True, 'bullets': True, 'english': True, 'preamble': True} all_resolved=True n_resolved=4/4 tokens=(5028,539)
  N=4 real_hotpotqa_01815_5a8b349a55429971feec466b seed=1 arm=selfcheckgpt: per_fault={'ctx': False, 'bullets': True, 'english': True, 'preamble': True} all_resolved=False n_resolved=3/4 tokens=(14708,413)
  N=4 real_hotpotqa_01815_5a8b349a55429971feec466b seed=1 arm=reflexion: per_fault={'ctx': False, 'bullets': True, 'english': True, 'preamble': True} all_resolved=False n_resolved=3/4 tokens=(14090,1061)
  N=4 real_hotpotqa_01815_5a8b349a55429971feec466b seed=1 arm=intro_specter: per_fault={'ctx': True, 'bullets': True, 'english': True, 'preamble': True} all_resolved=True n_resolved=4/4 tokens=(5401,473)
  N=4 real_hotpotqa_01815_5a8b349a55429971feec466b seed=2 arm=direct: per_fault={'ctx': True, 'bullets': True, 'english': True, 'preamble': True} all_resolved=True n_resolved=4/4 tokens=(2486,381)
  N=4 real_hotpotqa_01815_5a8b349a55429971feec466b seed=2 arm=self_refine: per_fault={'ctx': True, 'bullets': True, 'english': True, 'preamble': True} all_resolved=True n_resolved=4/4 tokens=(5452,951)
  N=4 real_hotpotqa_01815_5a8b349a55429971feec466b seed=2 arm=full_regen: per_fault={'ctx': True, 'bullets': True, 'english': True, 'preamble': True} all_resolved=True n_resolved=4/4 tokens=(4972,697)
  N=4 real_hotpotqa_01815_5a8b349a55429971feec466b seed=2 arm=react: per_fault={'ctx': False, 'bullets': True, 'english': True, 'preamble': True} all_resolved=False n_resolved=3/4 tokens=(5028,828)
  N=4 real_hotpotqa_01815_5a8b349a55429971feec466b seed=2 arm=selfcheckgpt: per_fault={'ctx': True, 'bullets': True, 'english': True, 'preamble': True} all_resolved=True n_resolved=4/4 tokens=(14622,589)
  N=4 real_hotpotqa_01815_5a8b349a55429971feec466b seed=2 arm=reflexion: per_fault={'ctx': True, 'bullets': True, 'english': True, 'preamble': True} all_resolved=True n_resolved=4/4 tokens=(2486,381)
  N=4 real_hotpotqa_01815_5a8b349a55429971feec466b seed=2 arm=intro_specter: per_fault={'ctx': True, 'bullets': True, 'english': True, 'preamble': True} all_resolved=True n_resolved=4/4 tokens=(5604,799)
  N=4 real_hotpotqa_01894_5a796c805542990784727805 seed=0 arm=direct: per_fault={'ctx': False, 'bullets': True, 'english': True, 'preamble': True} all_resolved=False n_resolved=3/4 tokens=(2512,175)
  N=4 real_hotpotqa_01894_5a796c805542990784727805 seed=0 arm=self_refine: per_fault={'ctx': False, 'bullets': True, 'english': True, 'preamble': True} all_resolved=False n_resolved=3/4 tokens=(5237,595)
  N=4 real_hotpotqa_01894_5a796c805542990784727805 seed=0 arm=full_regen: per_fault={'ctx': False, 'bullets': True, 'english': True, 'preamble': True} all_resolved=False n_resolved=3/4 tokens=(5024,542)
  N=4 real_hotpotqa_01894_5a796c805542990784727805 seed=0 arm=react: per_fault={'ctx': False, 'bullets': True, 'english': True, 'preamble': True} all_resolved=False n_resolved=3/4 tokens=(5080,523)
  N=4 real_hotpotqa_01894_5a796c805542990784727805 seed=0 arm=selfcheckgpt: per_fault={'ctx': False, 'bullets': True, 'english': True, 'preamble': True} all_resolved=False n_resolved=3/4 tokens=(14744,335)
  N=4 real_hotpotqa_01894_5a796c805542990784727805 seed=0 arm=reflexion: per_fault={'ctx': False, 'bullets': True, 'english': True, 'preamble': True} all_resolved=False n_resolved=3/4 tokens=(13963,976)
  N=4 real_hotpotqa_01894_5a796c805542990784727805 seed=0 arm=intro_specter: per_fault={'ctx': True, 'bullets': True, 'english': True, 'preamble': True} all_resolved=True n_resolved=4/4 tokens=(5389,344)
  N=4 real_hotpotqa_01894_5a796c805542990784727805 seed=1 arm=direct: per_fault={'ctx': False, 'bullets': True, 'english': True, 'preamble': True} all_resolved=False n_resolved=3/4 tokens=(2512,175)
  N=4 real_hotpotqa_01894_5a796c805542990784727805 seed=1 arm=self_refine: per_fault={'ctx': False, 'bullets': True, 'english': True, 'preamble': True} all_resolved=False n_resolved=3/4 tokens=(5237,595)
  N=4 real_hotpotqa_01894_5a796c805542990784727805 seed=1 arm=full_regen: per_fault={'ctx': True, 'bullets': True, 'english': True, 'preamble': True} all_resolved=True n_resolved=4/4 tokens=(5024,487)
  N=4 real_hotpotqa_01894_5a796c805542990784727805 seed=1 arm=react: per_fault={'ctx': False, 'bullets': True, 'english': True, 'preamble': True} all_resolved=False n_resolved=3/4 tokens=(5080,523)
  N=4 real_hotpotqa_01894_5a796c805542990784727805 seed=1 arm=selfcheckgpt: per_fault={'ctx': False, 'bullets': True, 'english': True, 'preamble': True} all_resolved=False n_resolved=3/4 tokens=(14806,384)
  N=4 real_hotpotqa_01894_5a796c805542990784727805 seed=1 arm=reflexion: per_fault={'ctx': False, 'bullets': True, 'english': True, 'preamble': True} all_resolved=False n_resolved=3/4 tokens=(13963,976)
  N=4 real_hotpotqa_01894_5a796c805542990784727805 seed=1 arm=intro_specter: per_fault={'ctx': True, 'bullets': True, 'english': True, 'preamble': True} all_resolved=True n_resolved=4/4 tokens=(5389,344)
  N=4 real_hotpotqa_01894_5a796c805542990784727805 seed=2 arm=direct: per_fault={'ctx': False, 'bullets': True, 'english': True, 'preamble': True} all_resolved=False n_resolved=3/4 tokens=(2512,265)
  N=4 real_hotpotqa_01894_5a796c805542990784727805 seed=2 arm=self_refine: per_fault={'ctx': False, 'bullets': True, 'english': True, 'preamble': True} all_resolved=False n_resolved=3/4 tokens=(5348,734)
  N=4 real_hotpotqa_01894_5a796c805542990784727805 seed=2 arm=full_regen: per_fault={'ctx': False, 'bullets': True, 'english': True, 'preamble': True} all_resolved=False n_resolved=3/4 tokens=(5024,407)
  N=4 real_hotpotqa_01894_5a796c805542990784727805 seed=2 arm=react: per_fault={'ctx': True, 'bullets': True, 'english': True, 'preamble': True} all_resolved=True n_resolved=4/4 tokens=(5080,695)
  N=4 real_hotpotqa_01894_5a796c805542990784727805 seed=2 arm=selfcheckgpt: per_fault={'ctx': False, 'bullets': True, 'english': True, 'preamble': True} all_resolved=False n_resolved=3/4 tokens=(17250,405)
  N=4 real_hotpotqa_01894_5a796c805542990784727805 seed=2 arm=reflexion: per_fault={'ctx': False, 'bullets': True, 'english': True, 'preamble': True} all_resolved=False n_resolved=3/4 tokens=(14787,1751)
  N=4 real_hotpotqa_01894_5a796c805542990784727805 seed=2 arm=intro_specter: per_fault={'ctx': True, 'bullets': True, 'english': True, 'preamble': True} all_resolved=True n_resolved=4/4 tokens=(5500,521)
  N=4 real_hotpotqa_01993_5adfd2f255429925eb1afaa5 seed=0 arm=direct: per_fault={'ctx': True, 'bullets': True, 'concise': True, 'preamble': True} all_resolved=True n_resolved=4/4 tokens=(2444,583)
  N=4 real_hotpotqa_01993_5adfd2f255429925eb1afaa5 seed=0 arm=self_refine: per_fault={'ctx': True, 'bullets': True, 'concise': True, 'preamble': True} all_resolved=True n_resolved=4/4 tokens=(5630,1401)
  N=4 real_hotpotqa_01993_5adfd2f255429925eb1afaa5 seed=0 arm=full_regen: per_fault={'ctx': True, 'bullets': True, 'concise': True, 'preamble': True} all_resolved=True n_resolved=4/4 tokens=(4888,1105)
  N=4 real_hotpotqa_01993_5adfd2f255429925eb1afaa5 seed=0 arm=react: per_fault={'ctx': False, 'bullets': True, 'concise': True, 'preamble': True} all_resolved=False n_resolved=3/4 tokens=(4944,972)
  N=4 real_hotpotqa_01993_5adfd2f255429925eb1afaa5 seed=0 arm=selfcheckgpt: per_fault={'ctx': True, 'bullets': True, 'concise': True, 'preamble': True} all_resolved=True n_resolved=4/4 tokens=(14353,726)
  N=4 real_hotpotqa_01993_5adfd2f255429925eb1afaa5 seed=0 arm=reflexion: per_fault={'ctx': True, 'bullets': True, 'concise': True, 'preamble': True} all_resolved=True n_resolved=4/4 tokens=(2444,583)
  N=4 real_hotpotqa_01993_5adfd2f255429925eb1afaa5 seed=0 arm=intro_specter: per_fault={'ctx': True, 'bullets': True, 'concise': True, 'preamble': True} all_resolved=True n_resolved=4/4 tokens=(5782,1321)
  N=4 real_hotpotqa_01993_5adfd2f255429925eb1afaa5 seed=1 arm=direct: per_fault={'ctx': True, 'bullets': True, 'concise': True, 'preamble': True} all_resolved=True n_resolved=4/4 tokens=(2444,583)
  N=4 real_hotpotqa_01993_5adfd2f255429925eb1afaa5 seed=1 arm=self_refine: per_fault={'ctx': True, 'bullets': True, 'concise': True, 'preamble': True} all_resolved=True n_resolved=4/4 tokens=(5630,1401)
  N=4 real_hotpotqa_01993_5adfd2f255429925eb1afaa5 seed=1 arm=full_regen: per_fault={'ctx': False, 'bullets': True, 'concise': True, 'preamble': True} all_resolved=False n_resolved=3/4 tokens=(4888,1029)
  N=4 real_hotpotqa_01993_5adfd2f255429925eb1afaa5 seed=1 arm=react: per_fault={'ctx': False, 'bullets': True, 'concise': True, 'preamble': True} all_resolved=False n_resolved=3/4 tokens=(4944,972)
  N=4 real_hotpotqa_01993_5adfd2f255429925eb1afaa5 seed=1 arm=selfcheckgpt: per_fault={'ctx': True, 'bullets': True, 'concise': True, 'preamble': True} all_resolved=True n_resolved=4/4 tokens=(14283,698)
  N=4 real_hotpotqa_01993_5adfd2f255429925eb1afaa5 seed=1 arm=reflexion: per_fault={'ctx': True, 'bullets': True, 'concise': True, 'preamble': True} all_resolved=True n_resolved=4/4 tokens=(2444,583)
  N=4 real_hotpotqa_01993_5adfd2f255429925eb1afaa5 seed=1 arm=intro_specter: per_fault={'ctx': True, 'bullets': True, 'concise': True, 'preamble': True} all_resolved=True n_resolved=4/4 tokens=(5782,1321)
  N=4 real_hotpotqa_01993_5adfd2f255429925eb1afaa5 seed=2 arm=direct: per_fault={'ctx': False, 'bullets': True, 'concise': True, 'preamble': True} all_resolved=False n_resolved=3/4 tokens=(2444,580)
  N=4 real_hotpotqa_01993_5adfd2f255429925eb1afaa5 seed=2 arm=self_refine: per_fault={'ctx': True, 'bullets': True, 'concise': True, 'preamble': True} all_resolved=True n_resolved=4/4 tokens=(5648,1444)
  N=4 real_hotpotqa_01993_5adfd2f255429925eb1afaa5 seed=2 arm=full_regen: per_fault={'ctx': True, 'bullets': True, 'concise': True, 'preamble': True} all_resolved=True n_resolved=4/4 tokens=(4888,1046)
  N=4 real_hotpotqa_01993_5adfd2f255429925eb1afaa5 seed=2 arm=react: per_fault={'ctx': True, 'bullets': True, 'concise': True, 'preamble': True} all_resolved=True n_resolved=4/4 tokens=(4944,1009)
  N=4 real_hotpotqa_01993_5adfd2f255429925eb1afaa5 seed=2 arm=selfcheckgpt: per_fault={'ctx': False, 'bullets': True, 'concise': True, 'preamble': True} all_resolved=False n_resolved=3/4 tokens=(14299,698)
  N=4 real_hotpotqa_01993_5adfd2f255429925eb1afaa5 seed=2 arm=reflexion: per_fault={'ctx': False, 'bullets': True, 'concise': True, 'preamble': True} all_resolved=False n_resolved=3/4 tokens=(15913,1409)
  N=4 real_hotpotqa_01993_5adfd2f255429925eb1afaa5 seed=2 arm=intro_specter: per_fault={'ctx': False, 'bullets': True, 'concise': True, 'preamble': True} all_resolved=False n_resolved=3/4 tokens=(5800,1093)
  N=4 real_hotpotqa_02058_5a800ddd5542992097ad2fd0 seed=0 arm=direct: per_fault={'ctx': False, 'bullets': True, 'concise': True, 'english': True} all_resolved=False n_resolved=3/4 tokens=(2433,449)
  N=4 real_hotpotqa_02058_5a800ddd5542992097ad2fd0 seed=0 arm=self_refine: per_fault={'ctx': False, 'bullets': True, 'concise': True, 'english': True} all_resolved=False n_resolved=3/4 tokens=(5454,1190)
  N=4 real_hotpotqa_02058_5a800ddd5542992097ad2fd0 seed=0 arm=full_regen: per_fault={'ctx': False, 'bullets': True, 'concise': True, 'english': True} all_resolved=False n_resolved=3/4 tokens=(4866,785)
  N=4 real_hotpotqa_02058_5a800ddd5542992097ad2fd0 seed=0 arm=react: per_fault={'ctx': False, 'bullets': True, 'concise': True, 'english': True} all_resolved=False n_resolved=3/4 tokens=(4922,1017)
  N=4 real_hotpotqa_02058_5a800ddd5542992097ad2fd0 seed=0 arm=selfcheckgpt: per_fault={'ctx': False, 'bullets': True, 'concise': True, 'english': True} all_resolved=False n_resolved=3/4 tokens=(14310,622)
  N=4 real_hotpotqa_02058_5a800ddd5542992097ad2fd0 seed=0 arm=reflexion: per_fault={'ctx': False, 'bullets': True, 'concise': True, 'english': True} all_resolved=False n_resolved=3/4 tokens=(15559,2117)
  N=4 real_hotpotqa_02058_5a800ddd5542992097ad2fd0 seed=0 arm=intro_specter: per_fault={'ctx': False, 'bullets': True, 'concise': True, 'english': True} all_resolved=False n_resolved=3/4 tokens=(5606,894)
  N=4 real_hotpotqa_02058_5a800ddd5542992097ad2fd0 seed=1 arm=direct: per_fault={'ctx': False, 'bullets': True, 'concise': True, 'english': True} all_resolved=False n_resolved=3/4 tokens=(2433,449)
  N=4 real_hotpotqa_02058_5a800ddd5542992097ad2fd0 seed=1 arm=self_refine: per_fault={'ctx': False, 'bullets': True, 'concise': True, 'english': True} all_resolved=False n_resolved=3/4 tokens=(5454,1190)
  N=4 real_hotpotqa_02058_5a800ddd5542992097ad2fd0 seed=1 arm=full_regen: per_fault={'ctx': False, 'bullets': True, 'concise': True, 'english': True} all_resolved=False n_resolved=3/4 tokens=(4866,547)
  N=4 real_hotpotqa_02058_5a800ddd5542992097ad2fd0 seed=1 arm=react: per_fault={'ctx': False, 'bullets': True, 'concise': True, 'english': True} all_resolved=False n_resolved=3/4 tokens=(4922,1017)
  N=4 real_hotpotqa_02058_5a800ddd5542992097ad2fd0 seed=1 arm=selfcheckgpt: per_fault={'ctx': False, 'bullets': True, 'concise': True, 'english': True} all_resolved=False n_resolved=3/4 tokens=(14282,643)
  N=4 real_hotpotqa_02058_5a800ddd5542992097ad2fd0 seed=1 arm=reflexion: per_fault={'ctx': False, 'bullets': True, 'concise': True, 'english': True} all_resolved=False n_resolved=3/4 tokens=(15559,2117)
  N=4 real_hotpotqa_02058_5a800ddd5542992097ad2fd0 seed=1 arm=intro_specter: per_fault={'ctx': False, 'bullets': True, 'concise': True, 'english': True} all_resolved=False n_resolved=3/4 tokens=(5606,894)
  N=4 real_hotpotqa_02058_5a800ddd5542992097ad2fd0 seed=2 arm=direct: per_fault={'ctx': False, 'bullets': True, 'concise': True, 'english': True} all_resolved=False n_resolved=3/4 tokens=(2433,452)
  N=4 real_hotpotqa_02058_5a800ddd5542992097ad2fd0 seed=2 arm=self_refine: per_fault={'ctx': False, 'bullets': True, 'concise': True, 'english': True} all_resolved=False n_resolved=3/4 tokens=(5436,1118)
  N=4 real_hotpotqa_02058_5a800ddd5542992097ad2fd0 seed=2 arm=full_regen: per_fault={'ctx': False, 'bullets': True, 'concise': True, 'english': True} all_resolved=False n_resolved=3/4 tokens=(4866,827)
  N=4 real_hotpotqa_02058_5a800ddd5542992097ad2fd0 seed=2 arm=react: per_fault={'ctx': False, 'bullets': True, 'concise': True, 'english': True} all_resolved=False n_resolved=3/4 tokens=(4922,999)
  N=4 real_hotpotqa_02058_5a800ddd5542992097ad2fd0 seed=2 arm=selfcheckgpt: per_fault={'ctx': False, 'bullets': True, 'concise': True, 'english': True} all_resolved=False n_resolved=3/4 tokens=(14316,618)
  N=4 real_hotpotqa_02058_5a800ddd5542992097ad2fd0 seed=2 arm=reflexion: per_fault={'ctx': False, 'bullets': True, 'concise': True, 'english': True} all_resolved=False n_resolved=3/4 tokens=(15549,2143)
  N=4 real_hotpotqa_02058_5a800ddd5542992097ad2fd0 seed=2 arm=intro_specter: per_fault={'ctx': True, 'bullets': True, 'concise': False, 'english': True} all_resolved=False n_resolved=3/4 tokens=(5588,878)
  N=4 real_hotpotqa_02082_5a77101d5542994aec3b71d7 seed=0 arm=direct: per_fault={'ctx': True, 'bullets': True, 'concise': True, 'preamble': True} all_resolved=True n_resolved=4/4 tokens=(2583,488)
  N=4 real_hotpotqa_02082_5a77101d5542994aec3b71d7 seed=0 arm=self_refine: per_fault={'ctx': True, 'bullets': True, 'concise': True, 'preamble': True} all_resolved=True n_resolved=4/4 tokens=(5776,1140)
  N=4 real_hotpotqa_02082_5a77101d5542994aec3b71d7 seed=0 arm=full_regen: per_fault={'ctx': True, 'bullets': True, 'concise': True, 'preamble': True} all_resolved=True n_resolved=4/4 tokens=(5166,723)
  N=4 real_hotpotqa_02082_5a77101d5542994aec3b71d7 seed=0 arm=react: per_fault={'ctx': True, 'bullets': True, 'concise': True, 'preamble': True} all_resolved=True n_resolved=4/4 tokens=(5222,1018)
  N=4 real_hotpotqa_02082_5a77101d5542994aec3b71d7 seed=0 arm=selfcheckgpt: per_fault={'ctx': True, 'bullets': True, 'concise': True, 'preamble': True} all_resolved=True n_resolved=4/4 tokens=(15236,694)
  N=4 real_hotpotqa_02082_5a77101d5542994aec3b71d7 seed=0 arm=reflexion: per_fault={'ctx': True, 'bullets': True, 'concise': True, 'preamble': True} all_resolved=True n_resolved=4/4 tokens=(2583,488)
  N=4 real_hotpotqa_02082_5a77101d5542994aec3b71d7 seed=0 arm=intro_specter: per_fault={'ctx': True, 'bullets': True, 'concise': True, 'preamble': True} all_resolved=True n_resolved=4/4 tokens=(5928,1156)
  N=4 real_hotpotqa_02082_5a77101d5542994aec3b71d7 seed=1 arm=direct: per_fault={'ctx': True, 'bullets': True, 'concise': True, 'preamble': True} all_resolved=True n_resolved=4/4 tokens=(2583,488)
  N=4 real_hotpotqa_02082_5a77101d5542994aec3b71d7 seed=1 arm=self_refine: per_fault={'ctx': True, 'bullets': True, 'concise': True, 'preamble': True} all_resolved=True n_resolved=4/4 tokens=(5776,1140)
  N=4 real_hotpotqa_02082_5a77101d5542994aec3b71d7 seed=1 arm=full_regen: per_fault={'ctx': True, 'bullets': True, 'concise': True, 'preamble': True} all_resolved=True n_resolved=4/4 tokens=(5166,856)
  N=4 real_hotpotqa_02082_5a77101d5542994aec3b71d7 seed=1 arm=react: per_fault={'ctx': True, 'bullets': True, 'concise': True, 'preamble': True} all_resolved=True n_resolved=4/4 tokens=(5222,1018)
  N=4 real_hotpotqa_02082_5a77101d5542994aec3b71d7 seed=1 arm=selfcheckgpt: per_fault={'ctx': True, 'bullets': True, 'concise': True, 'preamble': True} all_resolved=True n_resolved=4/4 tokens=(15223,644)
  N=4 real_hotpotqa_02082_5a77101d5542994aec3b71d7 seed=1 arm=reflexion: per_fault={'ctx': True, 'bullets': True, 'concise': True, 'preamble': True} all_resolved=True n_resolved=4/4 tokens=(2583,488)
  N=4 real_hotpotqa_02082_5a77101d5542994aec3b71d7 seed=1 arm=intro_specter: per_fault={'ctx': True, 'bullets': True, 'concise': True, 'preamble': True} all_resolved=True n_resolved=4/4 tokens=(5928,1156)
  N=4 real_hotpotqa_02082_5a77101d5542994aec3b71d7 seed=2 arm=direct: per_fault={'ctx': True, 'bullets': True, 'concise': True, 'preamble': True} all_resolved=True n_resolved=4/4 tokens=(2583,509)
  N=4 real_hotpotqa_02082_5a77101d5542994aec3b71d7 seed=2 arm=self_refine: per_fault={'ctx': True, 'bullets': True, 'concise': True, 'preamble': True} all_resolved=True n_resolved=4/4 tokens=(5825,1269)
  N=4 real_hotpotqa_02082_5a77101d5542994aec3b71d7 seed=2 arm=full_regen: per_fault={'ctx': True, 'bullets': True, 'concise': False, 'preamble': True} all_resolved=False n_resolved=3/4 tokens=(5166,966)
  N=4 real_hotpotqa_02082_5a77101d5542994aec3b71d7 seed=2 arm=react: per_fault={'ctx': True, 'bullets': True, 'concise': True, 'preamble': True} all_resolved=True n_resolved=4/4 tokens=(5222,1057)
  N=4 real_hotpotqa_02082_5a77101d5542994aec3b71d7 seed=2 arm=selfcheckgpt: per_fault={'ctx': True, 'bullets': True, 'concise': True, 'preamble': True} all_resolved=True n_resolved=4/4 tokens=(15216,720)
  N=4 real_hotpotqa_02082_5a77101d5542994aec3b71d7 seed=2 arm=reflexion: per_fault={'ctx': True, 'bullets': True, 'concise': True, 'preamble': True} all_resolved=True n_resolved=4/4 tokens=(2583,509)
  N=4 real_hotpotqa_02082_5a77101d5542994aec3b71d7 seed=2 arm=intro_specter: per_fault={'ctx': True, 'bullets': True, 'concise': True, 'preamble': True} all_resolved=True n_resolved=4/4 tokens=(5977,1108)
  N=4 real_hotpotqa_02126_5a808c215542995d8a8ddf90 seed=0 arm=direct: per_fault={'ctx': False, 'concise': True, 'english': True, 'preamble': True} all_resolved=False n_resolved=3/4 tokens=(2549,311)
  N=4 real_hotpotqa_02126_5a808c215542995d8a8ddf90 seed=0 arm=self_refine: per_fault={'ctx': False, 'concise': True, 'english': True, 'preamble': True} all_resolved=False n_resolved=3/4 tokens=(5509,918)
  N=4 real_hotpotqa_02126_5a808c215542995d8a8ddf90 seed=0 arm=full_regen: per_fault={'ctx': False, 'concise': True, 'english': True, 'preamble': True} all_resolved=False n_resolved=3/4 tokens=(5098,755)
  N=4 real_hotpotqa_02126_5a808c215542995d8a8ddf90 seed=0 arm=react: per_fault={'ctx': False, 'concise': True, 'english': True, 'preamble': True} all_resolved=False n_resolved=3/4 tokens=(5154,865)
  N=4 real_hotpotqa_02126_5a808c215542995d8a8ddf90 seed=0 arm=selfcheckgpt: per_fault={'ctx': False, 'concise': True, 'english': True, 'preamble': True} all_resolved=False n_resolved=3/4 tokens=(17515,533)
  N=4 real_hotpotqa_02126_5a808c215542995d8a8ddf90 seed=0 arm=reflexion: per_fault={'ctx': False, 'concise': True, 'english': True, 'preamble': True} all_resolved=False n_resolved=3/4 tokens=(15121,1523)
  N=4 real_hotpotqa_02126_5a808c215542995d8a8ddf90 seed=0 arm=intro_specter: per_fault={'ctx': False, 'concise': True, 'english': True, 'preamble': True} all_resolved=False n_resolved=3/4 tokens=(5661,661)
  N=4 real_hotpotqa_02126_5a808c215542995d8a8ddf90 seed=1 arm=direct: per_fault={'ctx': False, 'concise': True, 'english': True, 'preamble': True} all_resolved=False n_resolved=3/4 tokens=(2549,311)
  N=4 real_hotpotqa_02126_5a808c215542995d8a8ddf90 seed=1 arm=self_refine: per_fault={'ctx': False, 'concise': True, 'english': True, 'preamble': True} all_resolved=False n_resolved=3/4 tokens=(5509,918)
  N=4 real_hotpotqa_02126_5a808c215542995d8a8ddf90 seed=1 arm=full_regen: per_fault={'ctx': False, 'concise': True, 'english': True, 'preamble': True} all_resolved=False n_resolved=3/4 tokens=(5135,689)
  N=4 real_hotpotqa_02126_5a808c215542995d8a8ddf90 seed=1 arm=react: per_fault={'ctx': False, 'concise': True, 'english': True, 'preamble': True} all_resolved=False n_resolved=3/4 tokens=(5154,865)
  N=4 real_hotpotqa_02126_5a808c215542995d8a8ddf90 seed=1 arm=selfcheckgpt: per_fault={'ctx': False, 'concise': True, 'english': True, 'preamble': True} all_resolved=False n_resolved=3/4 tokens=(14976,441)
  N=4 real_hotpotqa_02126_5a808c215542995d8a8ddf90 seed=1 arm=reflexion: per_fault={'ctx': False, 'concise': True, 'english': True, 'preamble': True} all_resolved=False n_resolved=3/4 tokens=(15121,1523)
  N=4 real_hotpotqa_02126_5a808c215542995d8a8ddf90 seed=1 arm=intro_specter: per_fault={'ctx': False, 'concise': True, 'english': True, 'preamble': True} all_resolved=False n_resolved=3/4 tokens=(5661,661)
  N=4 real_hotpotqa_02126_5a808c215542995d8a8ddf90 seed=2 arm=direct: per_fault={'ctx': False, 'concise': True, 'english': True, 'preamble': True} all_resolved=False n_resolved=3/4 tokens=(2549,326)
  N=4 real_hotpotqa_02126_5a808c215542995d8a8ddf90 seed=2 arm=self_refine: per_fault={'ctx': False, 'concise': True, 'english': True, 'preamble': True} all_resolved=False n_resolved=3/4 tokens=(5524,924)
  N=4 real_hotpotqa_02126_5a808c215542995d8a8ddf90 seed=2 arm=full_regen: per_fault={'ctx': False, 'concise': True, 'english': True, 'preamble': True} all_resolved=False n_resolved=3/4 tokens=(5098,722)
  N=4 real_hotpotqa_02126_5a808c215542995d8a8ddf90 seed=2 arm=react: per_fault={'ctx': False, 'concise': True, 'english': True, 'preamble': True} all_resolved=False n_resolved=3/4 tokens=(5154,1004)
  N=4 real_hotpotqa_02126_5a808c215542995d8a8ddf90 seed=2 arm=selfcheckgpt: per_fault={'ctx': False, 'concise': True, 'english': True, 'preamble': True} all_resolved=False n_resolved=3/4 tokens=(17443,464)
  N=4 real_hotpotqa_02126_5a808c215542995d8a8ddf90 seed=2 arm=reflexion: per_fault={'ctx': False, 'concise': True, 'english': True, 'preamble': True} all_resolved=False n_resolved=3/4 tokens=(15084,1367)
  N=4 real_hotpotqa_02126_5a808c215542995d8a8ddf90 seed=2 arm=intro_specter: per_fault={'ctx': True, 'concise': True, 'english': True, 'preamble': True} all_resolved=True n_resolved=4/4 tokens=(5675,941)
  N=4 real_hotpotqa_02201_5ac23f9555429951e9e684db seed=0 arm=direct: per_fault={'ctx': True, 'bullets': True, 'concise': False, 'preamble': True} all_resolved=False n_resolved=3/4 tokens=(2632,505)
  N=4 real_hotpotqa_02201_5ac23f9555429951e9e684db seed=0 arm=self_refine: per_fault={'ctx': True, 'bullets': True, 'concise': True, 'preamble': True} all_resolved=True n_resolved=4/4 tokens=(5931,1260)
  N=4 real_hotpotqa_02201_5ac23f9555429951e9e684db seed=0 arm=full_regen: per_fault={'ctx': True, 'bullets': True, 'concise': True, 'preamble': True} all_resolved=True n_resolved=4/4 tokens=(5264,883)
  N=4 real_hotpotqa_02201_5ac23f9555429951e9e684db seed=0 arm=react: per_fault={'ctx': True, 'bullets': True, 'concise': False, 'preamble': True} all_resolved=False n_resolved=3/4 tokens=(5320,1030)
  N=4 real_hotpotqa_02201_5ac23f9555429951e9e684db seed=0 arm=selfcheckgpt: per_fault={'ctx': True, 'bullets': True, 'concise': False, 'preamble': True} all_resolved=False n_resolved=3/4 tokens=(15646,713)
  N=4 real_hotpotqa_02201_5ac23f9555429951e9e684db seed=0 arm=reflexion: per_fault={'ctx': True, 'bullets': True, 'concise': False, 'preamble': True} all_resolved=False n_resolved=3/4 tokens=(2632,505)
  N=4 real_hotpotqa_02201_5ac23f9555429951e9e684db seed=0 arm=intro_specter: per_fault={'ctx': True, 'bullets': True, 'concise': False, 'preamble': True} all_resolved=False n_resolved=3/4 tokens=(6083,930)
  N=4 real_hotpotqa_02201_5ac23f9555429951e9e684db seed=1 arm=direct: per_fault={'ctx': True, 'bullets': True, 'concise': False, 'preamble': True} all_resolved=False n_resolved=3/4 tokens=(2632,505)
  N=4 real_hotpotqa_02201_5ac23f9555429951e9e684db seed=1 arm=self_refine: per_fault={'ctx': True, 'bullets': True, 'concise': True, 'preamble': True} all_resolved=True n_resolved=4/4 tokens=(5931,1260)
  N=4 real_hotpotqa_02201_5ac23f9555429951e9e684db seed=1 arm=full_regen: per_fault={'ctx': True, 'bullets': True, 'concise': False, 'preamble': True} all_resolved=False n_resolved=3/4 tokens=(5264,921)
  N=4 real_hotpotqa_02201_5ac23f9555429951e9e684db seed=1 arm=react: per_fault={'ctx': True, 'bullets': True, 'concise': False, 'preamble': True} all_resolved=False n_resolved=3/4 tokens=(5320,1030)
  N=4 real_hotpotqa_02201_5ac23f9555429951e9e684db seed=1 arm=selfcheckgpt: per_fault={'ctx': True, 'bullets': True, 'concise': False, 'preamble': True} all_resolved=False n_resolved=3/4 tokens=(15646,737)
  N=4 real_hotpotqa_02201_5ac23f9555429951e9e684db seed=1 arm=reflexion: per_fault={'ctx': True, 'bullets': True, 'concise': False, 'preamble': True} all_resolved=False n_resolved=3/4 tokens=(2632,505)
  N=4 real_hotpotqa_02201_5ac23f9555429951e9e684db seed=1 arm=intro_specter: per_fault={'ctx': True, 'bullets': True, 'concise': False, 'preamble': True} all_resolved=False n_resolved=3/4 tokens=(6083,930)
  N=4 real_hotpotqa_02201_5ac23f9555429951e9e684db seed=2 arm=direct: per_fault={'ctx': True, 'bullets': True, 'concise': True, 'preamble': True} all_resolved=True n_resolved=4/4 tokens=(2632,584)
  N=4 real_hotpotqa_02201_5ac23f9555429951e9e684db seed=2 arm=self_refine: per_fault={'ctx': True, 'bullets': True, 'concise': True, 'preamble': True} all_resolved=True n_resolved=4/4 tokens=(6010,1602)
  N=4 real_hotpotqa_02201_5ac23f9555429951e9e684db seed=2 arm=full_regen: per_fault={'ctx': True, 'bullets': True, 'concise': False, 'preamble': True} all_resolved=False n_resolved=3/4 tokens=(5264,1107)
  N=4 real_hotpotqa_02201_5ac23f9555429951e9e684db seed=2 arm=react: per_fault={'ctx': True, 'bullets': True, 'concise': True, 'preamble': True} all_resolved=True n_resolved=4/4 tokens=(5320,1179)
  N=4 real_hotpotqa_02201_5ac23f9555429951e9e684db seed=2 arm=selfcheckgpt: per_fault={'ctx': True, 'bullets': True, 'concise': True, 'preamble': True} all_resolved=True n_resolved=4/4 tokens=(15457,744)
  N=4 real_hotpotqa_02201_5ac23f9555429951e9e684db seed=2 arm=reflexion: per_fault={'ctx': True, 'bullets': True, 'concise': True, 'preamble': True} all_resolved=True n_resolved=4/4 tokens=(2632,584)
  N=4 real_hotpotqa_02201_5ac23f9555429951e9e684db seed=2 arm=intro_specter: per_fault={'ctx': True, 'bullets': True, 'concise': True, 'preamble': True} all_resolved=True n_resolved=4/4 tokens=(6162,1009)
  N=4 real_hotpotqa_02367_5a716a9b5542994082a3e821 seed=0 arm=direct: per_fault={'ctx': True, 'bullets': True, 'concise': True, 'preamble': True} all_resolved=True n_resolved=4/4 tokens=(2572,408)
  N=4 real_hotpotqa_02367_5a716a9b5542994082a3e821 seed=0 arm=self_refine: per_fault={'ctx': True, 'bullets': True, 'concise': True, 'preamble': True} all_resolved=True n_resolved=4/4 tokens=(5737,789)
  N=4 real_hotpotqa_02367_5a716a9b5542994082a3e821 seed=0 arm=full_regen: per_fault={'ctx': True, 'bullets': True, 'concise': True, 'preamble': True} all_resolved=True n_resolved=4/4 tokens=(5144,769)
  N=4 real_hotpotqa_02367_5a716a9b5542994082a3e821 seed=0 arm=react: per_fault={'ctx': True, 'bullets': True, 'concise': True, 'preamble': True} all_resolved=True n_resolved=4/4 tokens=(5200,950)
  N=4 real_hotpotqa_02367_5a716a9b5542994082a3e821 seed=0 arm=selfcheckgpt: per_fault={'ctx': True, 'bullets': True, 'concise': True, 'preamble': True} all_resolved=True n_resolved=4/4 tokens=(15039,499)
  N=4 real_hotpotqa_02367_5a716a9b5542994082a3e821 seed=0 arm=reflexion: per_fault={'ctx': True, 'bullets': True, 'concise': True, 'preamble': True} all_resolved=True n_resolved=4/4 tokens=(2572,408)
  N=4 real_hotpotqa_02367_5a716a9b5542994082a3e821 seed=0 arm=intro_specter: per_fault={'ctx': True, 'bullets': True, 'concise': True, 'preamble': True} all_resolved=True n_resolved=4/4 tokens=(5889,1266)
  N=4 real_hotpotqa_02367_5a716a9b5542994082a3e821 seed=1 arm=direct: per_fault={'ctx': True, 'bullets': True, 'concise': True, 'preamble': True} all_resolved=True n_resolved=4/4 tokens=(2572,408)
  N=4 real_hotpotqa_02367_5a716a9b5542994082a3e821 seed=1 arm=self_refine: per_fault={'ctx': True, 'bullets': True, 'concise': True, 'preamble': True} all_resolved=True n_resolved=4/4 tokens=(5737,789)
  N=4 real_hotpotqa_02367_5a716a9b5542994082a3e821 seed=1 arm=full_regen: per_fault={'ctx': True, 'bullets': True, 'concise': True, 'preamble': True} all_resolved=True n_resolved=4/4 tokens=(5144,784)
  N=4 real_hotpotqa_02367_5a716a9b5542994082a3e821 seed=1 arm=react: per_fault={'ctx': True, 'bullets': True, 'concise': True, 'preamble': True} all_resolved=True n_resolved=4/4 tokens=(5200,950)
  N=4 real_hotpotqa_02367_5a716a9b5542994082a3e821 seed=1 arm=selfcheckgpt: per_fault={'ctx': True, 'bullets': True, 'concise': True, 'preamble': True} all_resolved=True n_resolved=4/4 tokens=(15076,496)
  N=4 real_hotpotqa_02367_5a716a9b5542994082a3e821 seed=1 arm=reflexion: per_fault={'ctx': True, 'bullets': True, 'concise': True, 'preamble': True} all_resolved=True n_resolved=4/4 tokens=(2572,408)
  N=4 real_hotpotqa_02367_5a716a9b5542994082a3e821 seed=1 arm=intro_specter: per_fault={'ctx': True, 'bullets': True, 'concise': True, 'preamble': True} all_resolved=True n_resolved=4/4 tokens=(5889,1266)
  N=4 real_hotpotqa_02367_5a716a9b5542994082a3e821 seed=2 arm=direct: per_fault={'ctx': True, 'bullets': True, 'concise': True, 'preamble': True} all_resolved=True n_resolved=4/4 tokens=(2572,538)
  N=4 real_hotpotqa_02367_5a716a9b5542994082a3e821 seed=2 arm=self_refine: per_fault={'ctx': True, 'bullets': True, 'concise': False, 'preamble': True} all_resolved=False n_resolved=3/4 tokens=(5867,1496)
  N=4 real_hotpotqa_02367_5a716a9b5542994082a3e821 seed=2 arm=full_regen: per_fault={'ctx': True, 'bullets': True, 'concise': True, 'preamble': True} all_resolved=True n_resolved=4/4 tokens=(5144,917)
  N=4 real_hotpotqa_02367_5a716a9b5542994082a3e821 seed=2 arm=react: per_fault={'ctx': True, 'bullets': True, 'concise': True, 'preamble': True} all_resolved=True n_resolved=4/4 tokens=(5200,1035)
  N=4 real_hotpotqa_02367_5a716a9b5542994082a3e821 seed=2 arm=selfcheckgpt: per_fault={'ctx': True, 'bullets': True, 'concise': True, 'preamble': True} all_resolved=True n_resolved=4/4 tokens=(15072,662)
  N=4 real_hotpotqa_02367_5a716a9b5542994082a3e821 seed=2 arm=reflexion: per_fault={'ctx': True, 'bullets': True, 'concise': True, 'preamble': True} all_resolved=True n_resolved=4/4 tokens=(2572,538)
  N=4 real_hotpotqa_02367_5a716a9b5542994082a3e821 seed=2 arm=intro_specter: per_fault={'ctx': True, 'bullets': True, 'concise': True, 'preamble': True} all_resolved=True n_resolved=4/4 tokens=(6019,1193)
  N=4 real_hotpotqa_02472_5a829a7055429966c78a6a66 seed=0 arm=direct: per_fault={'ctx': False, 'bullets': True, 'english': True, 'preamble': True} all_resolved=False n_resolved=3/4 tokens=(2441,310)
  N=4 real_hotpotqa_02472_5a829a7055429966c78a6a66 seed=0 arm=self_refine: per_fault={'ctx': False, 'bullets': False, 'english': True, 'preamble': True} all_resolved=False n_resolved=2/4 tokens=(5272,758)
  N=4 real_hotpotqa_02472_5a829a7055429966c78a6a66 seed=0 arm=full_regen: per_fault={'ctx': True, 'bullets': True, 'english': True, 'preamble': True} all_resolved=True n_resolved=4/4 tokens=(4882,933)
  N=4 real_hotpotqa_02472_5a829a7055429966c78a6a66 seed=0 arm=react: per_fault={'ctx': True, 'bullets': True, 'english': True, 'preamble': True} all_resolved=True n_resolved=4/4 tokens=(4938,833)
  N=4 real_hotpotqa_02472_5a829a7055429966c78a6a66 seed=0 arm=selfcheckgpt: per_fault={'ctx': False, 'bullets': True, 'english': True, 'preamble': True} all_resolved=False n_resolved=3/4 tokens=(14331,443)
  N=4 real_hotpotqa_02472_5a829a7055429966c78a6a66 seed=0 arm=reflexion: per_fault={'ctx': False, 'bullets': False, 'english': True, 'preamble': True} all_resolved=False n_resolved=2/4 tokens=(14461,1503)
  N=4 real_hotpotqa_02472_5a829a7055429966c78a6a66 seed=0 arm=intro_specter: per_fault={'ctx': True, 'bullets': True, 'english': True, 'preamble': True} all_resolved=True n_resolved=4/4 tokens=(5424,641)
  N=4 real_hotpotqa_02472_5a829a7055429966c78a6a66 seed=1 arm=direct: per_fault={'ctx': False, 'bullets': True, 'english': True, 'preamble': True} all_resolved=False n_resolved=3/4 tokens=(2441,310)
  N=4 real_hotpotqa_02472_5a829a7055429966c78a6a66 seed=1 arm=self_refine: per_fault={'ctx': False, 'bullets': False, 'english': True, 'preamble': True} all_resolved=False n_resolved=2/4 tokens=(5272,758)
  N=4 real_hotpotqa_02472_5a829a7055429966c78a6a66 seed=1 arm=full_regen: per_fault={'ctx': True, 'bullets': True, 'english': True, 'preamble': True} all_resolved=True n_resolved=4/4 tokens=(4882,849)
  N=4 real_hotpotqa_02472_5a829a7055429966c78a6a66 seed=1 arm=react: per_fault={'ctx': True, 'bullets': True, 'english': True, 'preamble': True} all_resolved=True n_resolved=4/4 tokens=(4938,833)
  N=4 real_hotpotqa_02472_5a829a7055429966c78a6a66 seed=1 arm=selfcheckgpt: per_fault={'ctx': False, 'bullets': True, 'english': True, 'preamble': True} all_resolved=False n_resolved=3/4 tokens=(14313,462)
  N=4 real_hotpotqa_02472_5a829a7055429966c78a6a66 seed=1 arm=reflexion: per_fault={'ctx': False, 'bullets': False, 'english': True, 'preamble': True} all_resolved=False n_resolved=2/4 tokens=(14461,1503)
  N=4 real_hotpotqa_02472_5a829a7055429966c78a6a66 seed=1 arm=intro_specter: per_fault={'ctx': True, 'bullets': True, 'english': True, 'preamble': True} all_resolved=True n_resolved=4/4 tokens=(5424,641)
  N=4 real_hotpotqa_02472_5a829a7055429966c78a6a66 seed=2 arm=direct: per_fault={'ctx': False, 'bullets': True, 'english': True, 'preamble': True} all_resolved=False n_resolved=3/4 tokens=(2441,536)
  N=4 real_hotpotqa_02472_5a829a7055429966c78a6a66 seed=2 arm=self_refine: per_fault={'ctx': False, 'bullets': True, 'english': True, 'preamble': True} all_resolved=False n_resolved=3/4 tokens=(5584,1353)
  N=4 real_hotpotqa_02472_5a829a7055429966c78a6a66 seed=2 arm=full_regen: per_fault={'ctx': False, 'bullets': True, 'english': True, 'preamble': True} all_resolved=False n_resolved=3/4 tokens=(4882,711)
  N=4 real_hotpotqa_02472_5a829a7055429966c78a6a66 seed=2 arm=react: per_fault={'ctx': True, 'bullets': True, 'english': True, 'preamble': True} all_resolved=True n_resolved=4/4 tokens=(4938,984)
  N=4 real_hotpotqa_02472_5a829a7055429966c78a6a66 seed=2 arm=selfcheckgpt: per_fault={'ctx': False, 'bullets': True, 'english': True, 'preamble': True} all_resolved=False n_resolved=3/4 tokens=(14331,726)
  N=4 real_hotpotqa_02472_5a829a7055429966c78a6a66 seed=2 arm=reflexion: per_fault={'ctx': True, 'bullets': True, 'english': True, 'preamble': True} all_resolved=True n_resolved=4/4 tokens=(8749,1349)
  N=4 real_hotpotqa_02472_5a829a7055429966c78a6a66 seed=2 arm=intro_specter: per_fault={'ctx': True, 'bullets': True, 'english': True, 'preamble': True} all_resolved=True n_resolved=4/4 tokens=(5736,997)
  N=4 real_hotpotqa_02539_5a85c3225542992a431d1b95 seed=0 arm=direct: per_fault={'ctx': False, 'bullets': True, 'concise': True, 'english': True} all_resolved=False n_resolved=3/4 tokens=(2420,337)
  N=4 real_hotpotqa_02539_5a85c3225542992a431d1b95 seed=0 arm=self_refine: per_fault={'ctx': False, 'bullets': True, 'concise': True, 'english': True} all_resolved=False n_resolved=3/4 tokens=(5278,1028)
  N=4 real_hotpotqa_02539_5a85c3225542992a431d1b95 seed=0 arm=full_regen: per_fault={'ctx': False, 'bullets': True, 'concise': True, 'english': True} all_resolved=False n_resolved=3/4 tokens=(4840,713)
  N=4 real_hotpotqa_02539_5a85c3225542992a431d1b95 seed=0 arm=react: per_fault={'ctx': False, 'bullets': True, 'concise': True, 'english': True} all_resolved=False n_resolved=3/4 tokens=(4896,626)
  N=4 real_hotpotqa_02539_5a85c3225542992a431d1b95 seed=0 arm=selfcheckgpt: per_fault={'ctx': False, 'bullets': True, 'concise': True, 'english': True} all_resolved=False n_resolved=3/4 tokens=(14299,615)
  N=4 real_hotpotqa_02539_5a85c3225542992a431d1b95 seed=0 arm=reflexion: per_fault={'ctx': False, 'bullets': True, 'concise': True, 'english': True} all_resolved=False n_resolved=3/4 tokens=(14384,1468)
  N=4 real_hotpotqa_02539_5a85c3225542992a431d1b95 seed=0 arm=intro_specter: per_fault={'ctx': False, 'bullets': True, 'concise': True, 'english': True} all_resolved=False n_resolved=3/4 tokens=(5430,845)
  N=4 real_hotpotqa_02539_5a85c3225542992a431d1b95 seed=1 arm=direct: per_fault={'ctx': False, 'bullets': True, 'concise': True, 'english': True} all_resolved=False n_resolved=3/4 tokens=(2420,337)
  N=4 real_hotpotqa_02539_5a85c3225542992a431d1b95 seed=1 arm=self_refine: per_fault={'ctx': False, 'bullets': True, 'concise': True, 'english': True} all_resolved=False n_resolved=3/4 tokens=(5278,1028)
  N=4 real_hotpotqa_02539_5a85c3225542992a431d1b95 seed=1 arm=full_regen: per_fault={'ctx': False, 'bullets': True, 'concise': True, 'english': True} all_resolved=False n_resolved=3/4 tokens=(4877,514)
  N=4 real_hotpotqa_02539_5a85c3225542992a431d1b95 seed=1 arm=react: per_fault={'ctx': False, 'bullets': True, 'concise': True, 'english': True} all_resolved=False n_resolved=3/4 tokens=(4896,626)
  N=4 real_hotpotqa_02539_5a85c3225542992a431d1b95 seed=1 arm=selfcheckgpt: per_fault={'ctx': False, 'bullets': True, 'concise': True, 'english': True} all_resolved=False n_resolved=3/4 tokens=(14261,529)
  N=4 real_hotpotqa_02539_5a85c3225542992a431d1b95 seed=1 arm=reflexion: per_fault={'ctx': False, 'bullets': True, 'concise': True, 'english': True} all_resolved=False n_resolved=3/4 tokens=(14384,1468)
  N=4 real_hotpotqa_02539_5a85c3225542992a431d1b95 seed=1 arm=intro_specter: per_fault={'ctx': False, 'bullets': True, 'concise': True, 'english': True} all_resolved=False n_resolved=3/4 tokens=(5430,845)
  N=4 real_hotpotqa_02539_5a85c3225542992a431d1b95 seed=2 arm=direct: per_fault={'ctx': False, 'bullets': True, 'concise': True, 'english': True} all_resolved=False n_resolved=3/4 tokens=(2420,346)
  N=4 real_hotpotqa_02539_5a85c3225542992a431d1b95 seed=2 arm=self_refine: per_fault={'ctx': False, 'bullets': True, 'concise': False, 'english': True} all_resolved=False n_resolved=2/4 tokens=(5287,1070)
  N=4 real_hotpotqa_02539_5a85c3225542992a431d1b95 seed=2 arm=full_regen: per_fault={'ctx': False, 'bullets': True, 'concise': True, 'english': True} all_resolved=False n_resolved=3/4 tokens=(4840,771)
  N=4 real_hotpotqa_02539_5a85c3225542992a431d1b95 seed=2 arm=react: per_fault={'ctx': False, 'bullets': True, 'concise': True, 'english': True} all_resolved=False n_resolved=3/4 tokens=(4896,793)
  N=4 real_hotpotqa_02539_5a85c3225542992a431d1b95 seed=2 arm=selfcheckgpt: per_fault={'ctx': False, 'bullets': True, 'concise': True, 'english': True} all_resolved=False n_resolved=3/4 tokens=(14250,569)
  N=4 real_hotpotqa_02539_5a85c3225542992a431d1b95 seed=2 arm=reflexion: per_fault={'ctx': False, 'bullets': True, 'concise': True, 'english': True} all_resolved=False n_resolved=3/4 tokens=(14793,1713)
  N=4 real_hotpotqa_02539_5a85c3225542992a431d1b95 seed=2 arm=intro_specter: per_fault={'ctx': True, 'bullets': True, 'concise': True, 'english': True} all_resolved=True n_resolved=4/4 tokens=(5439,833)
  N=4 real_hotpotqa_02785_5a734e6d5542994cef4bc528 seed=0 arm=direct: per_fault={'ctx': False, 'concise': True, 'english': True, 'preamble': True} all_resolved=False n_resolved=3/4 tokens=(2456,688)
  N=4 real_hotpotqa_02785_5a734e6d5542994cef4bc528 seed=0 arm=self_refine: per_fault={'ctx': False, 'concise': True, 'english': True, 'preamble': True} all_resolved=False n_resolved=3/4 tokens=(5791,1781)
  N=4 real_hotpotqa_02785_5a734e6d5542994cef4bc528 seed=0 arm=full_regen: per_fault={'ctx': True, 'concise': True, 'english': True, 'preamble': True} all_resolved=True n_resolved=4/4 tokens=(4912,1110)
  N=4 real_hotpotqa_02785_5a734e6d5542994cef4bc528 seed=0 arm=react: per_fault={'ctx': True, 'concise': True, 'english': True, 'preamble': True} all_resolved=True n_resolved=4/4 tokens=(4968,1171)
  N=4 real_hotpotqa_02785_5a734e6d5542994cef4bc528 seed=0 arm=selfcheckgpt: per_fault={'ctx': False, 'concise': True, 'english': True, 'preamble': True} all_resolved=False n_resolved=3/4 tokens=(14509,841)
  N=4 real_hotpotqa_02785_5a734e6d5542994cef4bc528 seed=0 arm=reflexion: per_fault={'ctx': False, 'concise': True, 'english': True, 'preamble': True} all_resolved=False n_resolved=3/4 tokens=(16888,2700)
  N=4 real_hotpotqa_02785_5a734e6d5542994cef4bc528 seed=0 arm=intro_specter: per_fault={'ctx': True, 'concise': True, 'english': True, 'preamble': True} all_resolved=True n_resolved=4/4 tokens=(5943,1277)
  N=4 real_hotpotqa_02785_5a734e6d5542994cef4bc528 seed=1 arm=direct: per_fault={'ctx': False, 'concise': True, 'english': True, 'preamble': True} all_resolved=False n_resolved=3/4 tokens=(2456,688)
  N=4 real_hotpotqa_02785_5a734e6d5542994cef4bc528 seed=1 arm=self_refine: per_fault={'ctx': False, 'concise': True, 'english': True, 'preamble': True} all_resolved=False n_resolved=3/4 tokens=(5791,1781)
  N=4 real_hotpotqa_02785_5a734e6d5542994cef4bc528 seed=1 arm=full_regen: per_fault={'ctx': False, 'concise': True, 'english': True, 'preamble': True} all_resolved=False n_resolved=3/4 tokens=(4912,1298)
  N=4 real_hotpotqa_02785_5a734e6d5542994cef4bc528 seed=1 arm=react: per_fault={'ctx': True, 'concise': True, 'english': True, 'preamble': True} all_resolved=True n_resolved=4/4 tokens=(4968,1171)
  N=4 real_hotpotqa_02785_5a734e6d5542994cef4bc528 seed=1 arm=selfcheckgpt: per_fault={'ctx': False, 'concise': True, 'english': True, 'preamble': True} all_resolved=False n_resolved=3/4 tokens=(14494,820)
  N=4 real_hotpotqa_02785_5a734e6d5542994cef4bc528 seed=1 arm=reflexion: per_fault={'ctx': False, 'concise': True, 'english': True, 'preamble': True} all_resolved=False n_resolved=3/4 tokens=(16888,2700)
  N=4 real_hotpotqa_02785_5a734e6d5542994cef4bc528 seed=1 arm=intro_specter: per_fault={'ctx': True, 'concise': True, 'english': True, 'preamble': True} all_resolved=True n_resolved=4/4 tokens=(5943,1277)
  N=4 real_hotpotqa_02785_5a734e6d5542994cef4bc528 seed=2 arm=direct: per_fault={'ctx': False, 'concise': True, 'english': True, 'preamble': True} all_resolved=False n_resolved=3/4 tokens=(2456,487)
  N=4 real_hotpotqa_02785_5a734e6d5542994cef4bc528 seed=2 arm=self_refine: per_fault={'ctx': True, 'concise': True, 'english': True, 'preamble': True} all_resolved=True n_resolved=4/4 tokens=(5561,1052)
  N=4 real_hotpotqa_02785_5a734e6d5542994cef4bc528 seed=2 arm=full_regen: per_fault={'ctx': False, 'concise': True, 'english': True, 'preamble': True} all_resolved=False n_resolved=3/4 tokens=(4911,746)
  N=4 real_hotpotqa_02785_5a734e6d5542994cef4bc528 seed=2 arm=react: per_fault={'ctx': True, 'concise': True, 'english': True, 'preamble': True} all_resolved=True n_resolved=4/4 tokens=(4968,1102)
  N=4 real_hotpotqa_02785_5a734e6d5542994cef4bc528 seed=2 arm=selfcheckgpt: per_fault={'ctx': False, 'concise': True, 'english': True, 'preamble': True} all_resolved=False n_resolved=3/4 tokens=(14430,677)
  N=4 real_hotpotqa_02785_5a734e6d5542994cef4bc528 seed=2 arm=reflexion: per_fault={'ctx': False, 'concise': True, 'english': True, 'preamble': True} all_resolved=False n_resolved=3/4 tokens=(15827,2124)
  N=4 real_hotpotqa_02785_5a734e6d5542994cef4bc528 seed=2 arm=intro_specter: per_fault={'ctx': True, 'concise': True, 'english': True, 'preamble': True} all_resolved=True n_resolved=4/4 tokens=(5713,963)
  N=4 real_hotpotqa_02840_5a8d4cf35542994ba4e3dc5f seed=0 arm=direct: per_fault={'ctx': True, 'concise': True, 'english': True, 'preamble': True} all_resolved=True n_resolved=4/4 tokens=(2423,308)
  N=4 real_hotpotqa_02840_5a8d4cf35542994ba4e3dc5f seed=0 arm=self_refine: per_fault={'ctx': True, 'concise': True, 'english': True, 'preamble': True} all_resolved=True n_resolved=4/4 tokens=(5252,803)
  N=4 real_hotpotqa_02840_5a8d4cf35542994ba4e3dc5f seed=0 arm=full_regen: per_fault={'ctx': True, 'concise': True, 'english': True, 'preamble': True} all_resolved=True n_resolved=4/4 tokens=(4846,707)
  N=4 real_hotpotqa_02840_5a8d4cf35542994ba4e3dc5f seed=0 arm=react: per_fault={'ctx': True, 'concise': True, 'english': True, 'preamble': True} all_resolved=True n_resolved=4/4 tokens=(4902,776)
  N=4 real_hotpotqa_02840_5a8d4cf35542994ba4e3dc5f seed=0 arm=selfcheckgpt: per_fault={'ctx': True, 'concise': True, 'english': True, 'preamble': True} all_resolved=True n_resolved=4/4 tokens=(14018,370)
  N=4 real_hotpotqa_02840_5a8d4cf35542994ba4e3dc5f seed=0 arm=reflexion: per_fault={'ctx': True, 'concise': True, 'english': True, 'preamble': True} all_resolved=True n_resolved=4/4 tokens=(2423,308)
  N=4 real_hotpotqa_02840_5a8d4cf35542994ba4e3dc5f seed=0 arm=intro_specter: per_fault={'ctx': True, 'concise': True, 'english': True, 'preamble': True} all_resolved=True n_resolved=4/4 tokens=(5404,808)
  N=4 real_hotpotqa_02840_5a8d4cf35542994ba4e3dc5f seed=1 arm=direct: per_fault={'ctx': True, 'concise': True, 'english': True, 'preamble': True} all_resolved=True n_resolved=4/4 tokens=(2423,308)
  N=4 real_hotpotqa_02840_5a8d4cf35542994ba4e3dc5f seed=1 arm=self_refine: per_fault={'ctx': True, 'concise': True, 'english': True, 'preamble': True} all_resolved=True n_resolved=4/4 tokens=(5252,803)
  N=4 real_hotpotqa_02840_5a8d4cf35542994ba4e3dc5f seed=1 arm=full_regen: per_fault={'ctx': True, 'concise': True, 'english': True, 'preamble': True} all_resolved=True n_resolved=4/4 tokens=(4846,683)
  N=4 real_hotpotqa_02840_5a8d4cf35542994ba4e3dc5f seed=1 arm=react: per_fault={'ctx': True, 'concise': True, 'english': True, 'preamble': True} all_resolved=True n_resolved=4/4 tokens=(4902,776)
  N=4 real_hotpotqa_02840_5a8d4cf35542994ba4e3dc5f seed=1 arm=selfcheckgpt: per_fault={'ctx': True, 'concise': True, 'english': True, 'preamble': True} all_resolved=True n_resolved=4/4 tokens=(14055,379)
  N=4 real_hotpotqa_02840_5a8d4cf35542994ba4e3dc5f seed=1 arm=reflexion: per_fault={'ctx': True, 'concise': True, 'english': True, 'preamble': True} all_resolved=True n_resolved=4/4 tokens=(2423,308)
  N=4 real_hotpotqa_02840_5a8d4cf35542994ba4e3dc5f seed=1 arm=intro_specter: per_fault={'ctx': True, 'concise': True, 'english': True, 'preamble': True} all_resolved=True n_resolved=4/4 tokens=(5404,808)
  N=4 real_hotpotqa_02840_5a8d4cf35542994ba4e3dc5f seed=2 arm=direct: per_fault={'ctx': True, 'concise': True, 'english': True, 'preamble': True} all_resolved=True n_resolved=4/4 tokens=(2423,423)
  N=4 real_hotpotqa_02840_5a8d4cf35542994ba4e3dc5f seed=2 arm=self_refine: per_fault={'ctx': True, 'concise': True, 'english': True, 'preamble': True} all_resolved=True n_resolved=4/4 tokens=(5409,1078)
  N=4 real_hotpotqa_02840_5a8d4cf35542994ba4e3dc5f seed=2 arm=full_regen: per_fault={'ctx': False, 'concise': True, 'english': True, 'preamble': True} all_resolved=False n_resolved=3/4 tokens=(4846,802)
  N=4 real_hotpotqa_02840_5a8d4cf35542994ba4e3dc5f seed=2 arm=react: per_fault={'ctx': True, 'concise': True, 'english': True, 'preamble': True} all_resolved=True n_resolved=4/4 tokens=(4902,953)
  N=4 real_hotpotqa_02840_5a8d4cf35542994ba4e3dc5f seed=2 arm=selfcheckgpt: per_fault={'ctx': True, 'concise': True, 'english': True, 'preamble': True} all_resolved=True n_resolved=4/4 tokens=(14018,502)
  N=4 real_hotpotqa_02840_5a8d4cf35542994ba4e3dc5f seed=2 arm=reflexion: per_fault={'ctx': True, 'concise': True, 'english': True, 'preamble': True} all_resolved=True n_resolved=4/4 tokens=(2423,423)
  N=4 real_hotpotqa_02840_5a8d4cf35542994ba4e3dc5f seed=2 arm=intro_specter: per_fault={'ctx': True, 'concise': True, 'english': True, 'preamble': True} all_resolved=True n_resolved=4/4 tokens=(5561,1033)
  N=4 real_hotpotqa_02862_5adde3a45542997545bbbdc2 seed=0 arm=direct: per_fault={'ctx': False, 'bullets': True, 'concise': True, 'english': True} all_resolved=False n_resolved=3/4 tokens=(2453,194)
  N=4 real_hotpotqa_02862_5adde3a45542997545bbbdc2 seed=0 arm=self_refine: per_fault={'ctx': False, 'bullets': True, 'concise': True, 'english': True} all_resolved=False n_resolved=3/4 tokens=(5154,615)
  N=4 real_hotpotqa_02862_5adde3a45542997545bbbdc2 seed=0 arm=full_regen: per_fault={'ctx': False, 'bullets': True, 'concise': True, 'english': True} all_resolved=False n_resolved=3/4 tokens=(4906,477)
  N=4 real_hotpotqa_02862_5adde3a45542997545bbbdc2 seed=0 arm=react: per_fault={'ctx': False, 'bullets': True, 'concise': True, 'english': True} all_resolved=False n_resolved=3/4 tokens=(4962,576)
  N=4 real_hotpotqa_02862_5adde3a45542997545bbbdc2 seed=0 arm=selfcheckgpt: per_fault={'ctx': False, 'bullets': True, 'concise': True, 'english': True} all_resolved=False n_resolved=3/4 tokens=(14396,369)
  N=4 real_hotpotqa_02862_5adde3a45542997545bbbdc2 seed=0 arm=reflexion: per_fault={'ctx': False, 'bullets': True, 'concise': True, 'english': True} all_resolved=False n_resolved=3/4 tokens=(13811,1069)
  N=4 real_hotpotqa_02862_5adde3a45542997545bbbdc2 seed=0 arm=intro_specter: per_fault={'ctx': False, 'bullets': True, 'concise': True, 'english': True} all_resolved=False n_resolved=3/4 tokens=(5307,500)
  N=4 real_hotpotqa_02862_5adde3a45542997545bbbdc2 seed=1 arm=direct: per_fault={'ctx': False, 'bullets': True, 'concise': True, 'english': True} all_resolved=False n_resolved=3/4 tokens=(2453,194)
  N=4 real_hotpotqa_02862_5adde3a45542997545bbbdc2 seed=1 arm=self_refine: per_fault={'ctx': False, 'bullets': True, 'concise': True, 'english': True} all_resolved=False n_resolved=3/4 tokens=(5154,615)
  N=4 real_hotpotqa_02862_5adde3a45542997545bbbdc2 seed=1 arm=full_regen: per_fault={'ctx': False, 'bullets': True, 'concise': True, 'english': True} all_resolved=False n_resolved=3/4 tokens=(4906,488)
  N=4 real_hotpotqa_02862_5adde3a45542997545bbbdc2 seed=1 arm=react: per_fault={'ctx': False, 'bullets': True, 'concise': True, 'english': True} all_resolved=False n_resolved=3/4 tokens=(4962,576)
  N=4 real_hotpotqa_02862_5adde3a45542997545bbbdc2 seed=1 arm=selfcheckgpt: per_fault={'ctx': False, 'bullets': True, 'concise': True, 'english': True} all_resolved=False n_resolved=3/4 tokens=(14394,369)
  N=4 real_hotpotqa_02862_5adde3a45542997545bbbdc2 seed=1 arm=reflexion: per_fault={'ctx': False, 'bullets': True, 'concise': True, 'english': True} all_resolved=False n_resolved=3/4 tokens=(13811,1069)
  N=4 real_hotpotqa_02862_5adde3a45542997545bbbdc2 seed=1 arm=intro_specter: per_fault={'ctx': False, 'bullets': True, 'concise': True, 'english': True} all_resolved=False n_resolved=3/4 tokens=(5307,500)
  N=4 real_hotpotqa_02862_5adde3a45542997545bbbdc2 seed=2 arm=direct: per_fault={'ctx': False, 'bullets': True, 'concise': True, 'english': True} all_resolved=False n_resolved=3/4 tokens=(2453,130)
  N=4 real_hotpotqa_02862_5adde3a45542997545bbbdc2 seed=2 arm=self_refine: per_fault={'ctx': False, 'bullets': True, 'concise': True, 'english': True} all_resolved=False n_resolved=3/4 tokens=(5070,679)
  N=4 real_hotpotqa_02862_5adde3a45542997545bbbdc2 seed=2 arm=full_regen: per_fault={'ctx': False, 'bullets': True, 'concise': True, 'english': True} all_resolved=False n_resolved=3/4 tokens=(4906,453)
  N=4 real_hotpotqa_02862_5adde3a45542997545bbbdc2 seed=2 arm=react: per_fault={'ctx': False, 'bullets': True, 'concise': True, 'english': True} all_resolved=False n_resolved=3/4 tokens=(4962,501)
  N=4 real_hotpotqa_02862_5adde3a45542997545bbbdc2 seed=2 arm=selfcheckgpt: per_fault={'ctx': False, 'bullets': True, 'concise': True, 'english': True} all_resolved=False n_resolved=3/4 tokens=(14198,279)
  N=4 real_hotpotqa_02862_5adde3a45542997545bbbdc2 seed=2 arm=reflexion: per_fault={'ctx': False, 'bullets': True, 'concise': True, 'english': True} all_resolved=False n_resolved=3/4 tokens=(13783,1148)
  N=4 real_hotpotqa_02862_5adde3a45542997545bbbdc2 seed=2 arm=intro_specter: per_fault={'ctx': False, 'bullets': True, 'concise': True, 'english': True} all_resolved=False n_resolved=3/4 tokens=(5221,330)
  N=4 real_hotpotqa_03062_5a7e035d5542997cc2c474f6 seed=0 arm=direct: per_fault={'ctx': True, 'bullets': True, 'concise': True, 'preamble': True} all_resolved=True n_resolved=4/4 tokens=(2478,256)
  N=4 real_hotpotqa_03062_5a7e035d5542997cc2c474f6 seed=0 arm=self_refine: per_fault={'ctx': True, 'bullets': True, 'concise': True, 'preamble': True} all_resolved=True n_resolved=4/4 tokens=(5291,672)
  N=4 real_hotpotqa_03062_5a7e035d5542997cc2c474f6 seed=0 arm=full_regen: per_fault={'ctx': True, 'bullets': True, 'concise': True, 'preamble': True} all_resolved=True n_resolved=4/4 tokens=(4956,467)
  N=4 real_hotpotqa_03062_5a7e035d5542997cc2c474f6 seed=0 arm=react: per_fault={'ctx': True, 'bullets': True, 'concise': True, 'preamble': True} all_resolved=True n_resolved=4/4 tokens=(5012,966)
  N=4 real_hotpotqa_03062_5a7e035d5542997cc2c474f6 seed=0 arm=selfcheckgpt: per_fault={'ctx': True, 'bullets': True, 'concise': True, 'preamble': True} all_resolved=True n_resolved=4/4 tokens=(14526,398)
  N=4 real_hotpotqa_03062_5a7e035d5542997cc2c474f6 seed=0 arm=reflexion: per_fault={'ctx': True, 'bullets': True, 'concise': True, 'preamble': True} all_resolved=True n_resolved=4/4 tokens=(2478,256)
  N=4 real_hotpotqa_03062_5a7e035d5542997cc2c474f6 seed=0 arm=intro_specter: per_fault={'ctx': True, 'bullets': True, 'concise': True, 'preamble': True} all_resolved=True n_resolved=4/4 tokens=(5442,718)
  N=4 real_hotpotqa_03062_5a7e035d5542997cc2c474f6 seed=1 arm=direct: per_fault={'ctx': True, 'bullets': True, 'concise': True, 'preamble': True} all_resolved=True n_resolved=4/4 tokens=(2478,256)
  N=4 real_hotpotqa_03062_5a7e035d5542997cc2c474f6 seed=1 arm=self_refine: per_fault={'ctx': True, 'bullets': True, 'concise': True, 'preamble': True} all_resolved=True n_resolved=4/4 tokens=(5291,672)
  N=4 real_hotpotqa_03062_5a7e035d5542997cc2c474f6 seed=1 arm=full_regen: per_fault={'ctx': True, 'bullets': True, 'concise': True, 'preamble': True} all_resolved=True n_resolved=4/4 tokens=(4956,719)
  N=4 real_hotpotqa_03062_5a7e035d5542997cc2c474f6 seed=1 arm=react: per_fault={'ctx': True, 'bullets': True, 'concise': True, 'preamble': True} all_resolved=True n_resolved=4/4 tokens=(5012,966)
  N=4 real_hotpotqa_03062_5a7e035d5542997cc2c474f6 seed=1 arm=selfcheckgpt: per_fault={'ctx': True, 'bullets': True, 'concise': True, 'preamble': True} all_resolved=True n_resolved=4/4 tokens=(14484,362)
  N=4 real_hotpotqa_03062_5a7e035d5542997cc2c474f6 seed=1 arm=reflexion: per_fault={'ctx': True, 'bullets': True, 'concise': True, 'preamble': True} all_resolved=True n_resolved=4/4 tokens=(2478,256)
  N=4 real_hotpotqa_03062_5a7e035d5542997cc2c474f6 seed=1 arm=intro_specter: per_fault={'ctx': True, 'bullets': True, 'concise': True, 'preamble': True} all_resolved=True n_resolved=4/4 tokens=(5442,718)
  N=4 real_hotpotqa_03062_5a7e035d5542997cc2c474f6 seed=2 arm=direct: per_fault={'ctx': True, 'bullets': True, 'concise': True, 'preamble': True} all_resolved=True n_resolved=4/4 tokens=(2478,431)
  N=4 real_hotpotqa_03062_5a7e035d5542997cc2c474f6 seed=2 arm=self_refine: per_fault={'ctx': True, 'bullets': True, 'concise': False, 'preamble': True} all_resolved=False n_resolved=3/4 tokens=(5529,1162)
  N=4 real_hotpotqa_03062_5a7e035d5542997cc2c474f6 seed=2 arm=full_regen: per_fault={'ctx': True, 'bullets': True, 'concise': True, 'preamble': True} all_resolved=True n_resolved=4/4 tokens=(4956,761)
  N=4 real_hotpotqa_03062_5a7e035d5542997cc2c474f6 seed=2 arm=react: per_fault={'ctx': True, 'bullets': True, 'concise': True, 'preamble': True} all_resolved=True n_resolved=4/4 tokens=(5012,1040)
  N=4 real_hotpotqa_03062_5a7e035d5542997cc2c474f6 seed=2 arm=selfcheckgpt: per_fault={'ctx': True, 'bullets': True, 'concise': True, 'preamble': True} all_resolved=True n_resolved=4/4 tokens=(14489,547)
  N=4 real_hotpotqa_03062_5a7e035d5542997cc2c474f6 seed=2 arm=reflexion: per_fault={'ctx': True, 'bullets': True, 'concise': True, 'preamble': True} all_resolved=True n_resolved=4/4 tokens=(2478,431)
  N=4 real_hotpotqa_03062_5a7e035d5542997cc2c474f6 seed=2 arm=intro_specter: per_fault={'ctx': True, 'bullets': True, 'concise': True, 'preamble': True} all_resolved=True n_resolved=4/4 tokens=(5681,952)
  N=4 real_hotpotqa_03119_5a8835245542994846c1ce27 seed=0 arm=direct: per_fault={'ctx': False, 'bullets': True, 'english': True, 'preamble': True} all_resolved=False n_resolved=3/4 tokens=(2360,566)
  N=4 real_hotpotqa_03119_5a8835245542994846c1ce27 seed=0 arm=self_refine: per_fault={'ctx': False, 'bullets': True, 'english': True, 'preamble': True} all_resolved=False n_resolved=3/4 tokens=(5470,1589)
  N=4 real_hotpotqa_03119_5a8835245542994846c1ce27 seed=0 arm=full_regen: per_fault={'ctx': False, 'bullets': True, 'english': True, 'preamble': True} all_resolved=False n_resolved=3/4 tokens=(4720,1081)
  N=4 real_hotpotqa_03119_5a8835245542994846c1ce27 seed=0 arm=react: per_fault={'ctx': False, 'bullets': True, 'english': True, 'preamble': True} all_resolved=False n_resolved=3/4 tokens=(4776,1029)
  N=4 real_hotpotqa_03119_5a8835245542994846c1ce27 seed=0 arm=selfcheckgpt: per_fault={'ctx': False, 'bullets': True, 'english': True, 'preamble': True} all_resolved=False n_resolved=3/4 tokens=(13793,692)
  N=4 real_hotpotqa_03119_5a8835245542994846c1ce27 seed=0 arm=reflexion: per_fault={'ctx': False, 'bullets': True, 'english': True, 'preamble': True} all_resolved=False n_resolved=3/4 tokens=(15910,2396)
  N=4 real_hotpotqa_03119_5a8835245542994846c1ce27 seed=0 arm=intro_specter: per_fault={'ctx': True, 'bullets': True, 'english': True, 'preamble': True} all_resolved=True n_resolved=4/4 tokens=(5622,1457)
  N=4 real_hotpotqa_03119_5a8835245542994846c1ce27 seed=1 arm=direct: per_fault={'ctx': False, 'bullets': True, 'english': True, 'preamble': True} all_resolved=False n_resolved=3/4 tokens=(2360,566)
  N=4 real_hotpotqa_03119_5a8835245542994846c1ce27 seed=1 arm=self_refine: per_fault={'ctx': False, 'bullets': True, 'english': True, 'preamble': True} all_resolved=False n_resolved=3/4 tokens=(5470,1589)
  N=4 real_hotpotqa_03119_5a8835245542994846c1ce27 seed=1 arm=full_regen: per_fault={'ctx': True, 'bullets': True, 'english': True, 'preamble': True} all_resolved=True n_resolved=4/4 tokens=(4720,944)
  N=4 real_hotpotqa_03119_5a8835245542994846c1ce27 seed=1 arm=react: per_fault={'ctx': False, 'bullets': True, 'english': True, 'preamble': True} all_resolved=False n_resolved=3/4 tokens=(4776,1029)
  N=4 real_hotpotqa_03119_5a8835245542994846c1ce27 seed=1 arm=selfcheckgpt: per_fault={'ctx': False, 'bullets': True, 'english': True, 'preamble': True} all_resolved=False n_resolved=3/4 tokens=(13858,672)
  N=4 real_hotpotqa_03119_5a8835245542994846c1ce27 seed=1 arm=reflexion: per_fault={'ctx': False, 'bullets': True, 'english': True, 'preamble': True} all_resolved=False n_resolved=3/4 tokens=(15910,2396)
  N=4 real_hotpotqa_03119_5a8835245542994846c1ce27 seed=1 arm=intro_specter: per_fault={'ctx': True, 'bullets': True, 'english': True, 'preamble': True} all_resolved=True n_resolved=4/4 tokens=(5622,1457)
  N=4 real_hotpotqa_03119_5a8835245542994846c1ce27 seed=2 arm=direct: per_fault={'ctx': False, 'bullets': True, 'english': True, 'preamble': True} all_resolved=False n_resolved=3/4 tokens=(2360,227)
  N=4 real_hotpotqa_03119_5a8835245542994846c1ce27 seed=2 arm=self_refine: per_fault={'ctx': False, 'bullets': True, 'english': True, 'preamble': True} all_resolved=False n_resolved=3/4 tokens=(5005,809)
  N=4 real_hotpotqa_03119_5a8835245542994846c1ce27 seed=2 arm=full_regen: per_fault={'ctx': False, 'bullets': True, 'english': True, 'preamble': True} all_resolved=False n_resolved=3/4 tokens=(4720,368)
  N=4 real_hotpotqa_03119_5a8835245542994846c1ce27 seed=2 arm=react: per_fault={'ctx': False, 'bullets': True, 'english': True, 'preamble': True} all_resolved=False n_resolved=3/4 tokens=(4776,539)
  N=4 real_hotpotqa_03119_5a8835245542994846c1ce27 seed=2 arm=selfcheckgpt: per_fault={'ctx': True, 'bullets': True, 'english': True, 'preamble': True} all_resolved=True n_resolved=4/4 tokens=(16126,357)
  N=4 real_hotpotqa_03119_5a8835245542994846c1ce27 seed=2 arm=reflexion: per_fault={'ctx': False, 'bullets': True, 'english': True, 'preamble': True} all_resolved=False n_resolved=3/4 tokens=(13811,1429)
  N=4 real_hotpotqa_03119_5a8835245542994846c1ce27 seed=2 arm=intro_specter: per_fault={'ctx': True, 'bullets': True, 'english': True, 'preamble': True} all_resolved=True n_resolved=4/4 tokens=(5157,467)
  N=4 real_hotpotqa_03135_5ab7c3df5542993667794003 seed=0 arm=direct: per_fault={'ctx': False, 'bullets': True, 'concise': True, 'english': True} all_resolved=False n_resolved=3/4 tokens=(2364,543)
  N=4 real_hotpotqa_03135_5ab7c3df5542993667794003 seed=0 arm=self_refine: per_fault={'ctx': False, 'bullets': True, 'concise': True, 'english': True} all_resolved=False n_resolved=3/4 tokens=(5433,1337)
  N=4 real_hotpotqa_03135_5ab7c3df5542993667794003 seed=0 arm=full_regen: per_fault={'ctx': False, 'bullets': True, 'concise': True, 'english': True} all_resolved=False n_resolved=3/4 tokens=(4728,1043)
  N=4 real_hotpotqa_03135_5ab7c3df5542993667794003 seed=0 arm=react: per_fault={'ctx': True, 'bullets': True, 'concise': True, 'english': True} all_resolved=True n_resolved=4/4 tokens=(4784,1065)
  N=4 real_hotpotqa_03135_5ab7c3df5542993667794003 seed=0 arm=selfcheckgpt: per_fault={'ctx': False, 'bullets': True, 'concise': True, 'english': True} all_resolved=False n_resolved=3/4 tokens=(13860,707)
  N=4 real_hotpotqa_03135_5ab7c3df5542993667794003 seed=0 arm=reflexion: per_fault={'ctx': False, 'bullets': True, 'concise': True, 'english': True} all_resolved=False n_resolved=3/4 tokens=(15578,2234)
  N=4 real_hotpotqa_03135_5ab7c3df5542993667794003 seed=0 arm=intro_specter: per_fault={'ctx': True, 'bullets': True, 'concise': True, 'english': True} all_resolved=True n_resolved=4/4 tokens=(5585,1164)
  N=4 real_hotpotqa_03135_5ab7c3df5542993667794003 seed=1 arm=direct: per_fault={'ctx': False, 'bullets': True, 'concise': True, 'english': True} all_resolved=False n_resolved=3/4 tokens=(2364,543)
  N=4 real_hotpotqa_03135_5ab7c3df5542993667794003 seed=1 arm=self_refine: per_fault={'ctx': False, 'bullets': True, 'concise': True, 'english': True} all_resolved=False n_resolved=3/4 tokens=(5433,1337)
  N=4 real_hotpotqa_03135_5ab7c3df5542993667794003 seed=1 arm=full_regen: per_fault={'ctx': True, 'bullets': True, 'concise': False, 'english': True} all_resolved=False n_resolved=3/4 tokens=(4728,958)
  N=4 real_hotpotqa_03135_5ab7c3df5542993667794003 seed=1 arm=react: per_fault={'ctx': True, 'bullets': True, 'concise': True, 'english': True} all_resolved=True n_resolved=4/4 tokens=(4784,1065)
  N=4 real_hotpotqa_03135_5ab7c3df5542993667794003 seed=1 arm=selfcheckgpt: per_fault={'ctx': False, 'bullets': True, 'concise': True, 'english': True} all_resolved=False n_resolved=3/4 tokens=(13861,696)
  N=4 real_hotpotqa_03135_5ab7c3df5542993667794003 seed=1 arm=reflexion: per_fault={'ctx': False, 'bullets': True, 'concise': True, 'english': True} all_resolved=False n_resolved=3/4 tokens=(15578,2234)
  N=4 real_hotpotqa_03135_5ab7c3df5542993667794003 seed=1 arm=intro_specter: per_fault={'ctx': True, 'bullets': True, 'concise': True, 'english': True} all_resolved=True n_resolved=4/4 tokens=(5585,1164)
  N=4 real_hotpotqa_03135_5ab7c3df5542993667794003 seed=2 arm=direct: per_fault={'ctx': True, 'bullets': True, 'concise': True, 'english': True} all_resolved=True n_resolved=4/4 tokens=(2364,588)
  N=4 real_hotpotqa_03135_5ab7c3df5542993667794003 seed=2 arm=self_refine: per_fault={'ctx': True, 'bullets': True, 'concise': True, 'english': True} all_resolved=True n_resolved=4/4 tokens=(5478,1798)
  N=4 real_hotpotqa_03135_5ab7c3df5542993667794003 seed=2 arm=full_regen: per_fault={'ctx': True, 'bullets': True, 'concise': True, 'english': True} all_resolved=True n_resolved=4/4 tokens=(4728,1218)
  N=4 real_hotpotqa_03135_5ab7c3df5542993667794003 seed=2 arm=react: per_fault={'ctx': True, 'bullets': True, 'concise': False, 'english': True} all_resolved=False n_resolved=3/4 tokens=(4784,1008)
  N=4 real_hotpotqa_03135_5ab7c3df5542993667794003 seed=2 arm=selfcheckgpt: per_fault={'ctx': True, 'bullets': True, 'concise': True, 'english': True} all_resolved=True n_resolved=4/4 tokens=(13870,732)
  N=4 real_hotpotqa_03135_5ab7c3df5542993667794003 seed=2 arm=reflexion: per_fault={'ctx': True, 'bullets': True, 'concise': True, 'english': True} all_resolved=True n_resolved=4/4 tokens=(2364,588)
  N=4 real_hotpotqa_03135_5ab7c3df5542993667794003 seed=2 arm=intro_specter: per_fault={'ctx': True, 'bullets': True, 'concise': True, 'english': True} all_resolved=True n_resolved=4/4 tokens=(5630,1083)
  N=4 real_hotpotqa_03144_5a8d0c74554299585d9e37a1 seed=0 arm=direct: per_fault={'ctx': False, 'concise': True, 'english': True, 'preamble': True} all_resolved=False n_resolved=3/4 tokens=(2515,392)
  N=4 real_hotpotqa_03144_5a8d0c74554299585d9e37a1 seed=0 arm=self_refine: per_fault={'ctx': False, 'concise': True, 'english': True, 'preamble': True} all_resolved=False n_resolved=3/4 tokens=(5544,1118)
  N=4 real_hotpotqa_03144_5a8d0c74554299585d9e37a1 seed=0 arm=full_regen: per_fault={'ctx': False, 'concise': True, 'english': True, 'preamble': True} all_resolved=False n_resolved=3/4 tokens=(5030,808)
  N=4 real_hotpotqa_03144_5a8d0c74554299585d9e37a1 seed=0 arm=react: per_fault={'ctx': True, 'concise': False, 'english': True, 'preamble': True} all_resolved=False n_resolved=3/4 tokens=(5086,984)
  N=4 real_hotpotqa_03144_5a8d0c74554299585d9e37a1 seed=0 arm=selfcheckgpt: per_fault={'ctx': False, 'concise': True, 'english': True, 'preamble': True} all_resolved=False n_resolved=3/4 tokens=(14697,487)
  N=4 real_hotpotqa_03144_5a8d0c74554299585d9e37a1 seed=0 arm=reflexion: per_fault={'ctx': False, 'concise': True, 'english': True, 'preamble': True} all_resolved=False n_resolved=3/4 tokens=(15595,1872)
  N=4 real_hotpotqa_03144_5a8d0c74554299585d9e37a1 seed=0 arm=intro_specter: per_fault={'ctx': True, 'concise': True, 'english': True, 'preamble': True} all_resolved=True n_resolved=4/4 tokens=(5696,1049)
  N=4 real_hotpotqa_03144_5a8d0c74554299585d9e37a1 seed=1 arm=direct: per_fault={'ctx': False, 'concise': True, 'english': True, 'preamble': True} all_resolved=False n_resolved=3/4 tokens=(2515,392)
  N=4 real_hotpotqa_03144_5a8d0c74554299585d9e37a1 seed=1 arm=self_refine: per_fault={'ctx': False, 'concise': True, 'english': True, 'preamble': True} all_resolved=False n_resolved=3/4 tokens=(5544,1118)
  N=4 real_hotpotqa_03144_5a8d0c74554299585d9e37a1 seed=1 arm=full_regen: per_fault={'ctx': True, 'concise': False, 'english': True, 'preamble': True} all_resolved=False n_resolved=3/4 tokens=(5030,1216)
  N=4 real_hotpotqa_03144_5a8d0c74554299585d9e37a1 seed=1 arm=react: per_fault={'ctx': True, 'concise': False, 'english': True, 'preamble': True} all_resolved=False n_resolved=3/4 tokens=(5086,984)
  N=4 real_hotpotqa_03144_5a8d0c74554299585d9e37a1 seed=1 arm=selfcheckgpt: per_fault={'ctx': False, 'concise': True, 'english': True, 'preamble': True} all_resolved=False n_resolved=3/4 tokens=(14704,497)
  N=4 real_hotpotqa_03144_5a8d0c74554299585d9e37a1 seed=1 arm=reflexion: per_fault={'ctx': False, 'concise': True, 'english': True, 'preamble': True} all_resolved=False n_resolved=3/4 tokens=(15595,1872)
  N=4 real_hotpotqa_03144_5a8d0c74554299585d9e37a1 seed=1 arm=intro_specter: per_fault={'ctx': True, 'concise': True, 'english': True, 'preamble': True} all_resolved=True n_resolved=4/4 tokens=(5696,1049)
  N=4 real_hotpotqa_03144_5a8d0c74554299585d9e37a1 seed=2 arm=direct: per_fault={'ctx': False, 'concise': True, 'english': True, 'preamble': True} all_resolved=False n_resolved=3/4 tokens=(2515,399)
  N=4 real_hotpotqa_03144_5a8d0c74554299585d9e37a1 seed=2 arm=self_refine: per_fault={'ctx': False, 'concise': True, 'english': True, 'preamble': True} all_resolved=False n_resolved=3/4 tokens=(5668,1271)
  N=4 real_hotpotqa_03144_5a8d0c74554299585d9e37a1 seed=2 arm=full_regen: per_fault={'ctx': True, 'concise': True, 'english': True, 'preamble': True} all_resolved=True n_resolved=4/4 tokens=(5030,872)
  N=4 real_hotpotqa_03144_5a8d0c74554299585d9e37a1 seed=2 arm=react: per_fault={'ctx': False, 'concise': True, 'english': True, 'preamble': True} all_resolved=False n_resolved=3/4 tokens=(5086,941)
  N=4 real_hotpotqa_03144_5a8d0c74554299585d9e37a1 seed=2 arm=selfcheckgpt: per_fault={'ctx': False, 'concise': True, 'english': True, 'preamble': True} all_resolved=False n_resolved=3/4 tokens=(14739,522)
  N=4 real_hotpotqa_03144_5a8d0c74554299585d9e37a1 seed=2 arm=reflexion: per_fault={'ctx': True, 'concise': True, 'english': True, 'preamble': True} all_resolved=True n_resolved=4/4 tokens=(15942,1907)
  N=4 real_hotpotqa_03144_5a8d0c74554299585d9e37a1 seed=2 arm=intro_specter: per_fault={'ctx': True, 'concise': True, 'english': True, 'preamble': True} all_resolved=True n_resolved=4/4 tokens=(5820,965)
  N=4 real_hotpotqa_03160_5a8aa5835542996c9b8d5f4e seed=0 arm=direct: per_fault={'ctx': True, 'bullets': True, 'concise': True, 'english': True} all_resolved=True n_resolved=4/4 tokens=(2396,757)
  N=4 real_hotpotqa_03160_5a8aa5835542996c9b8d5f4e seed=0 arm=self_refine: per_fault={'ctx': True, 'bullets': True, 'concise': True, 'english': True} all_resolved=True n_resolved=4/4 tokens=(5691,1530)
  N=4 real_hotpotqa_03160_5a8aa5835542996c9b8d5f4e seed=0 arm=full_regen: per_fault={'ctx': False, 'bullets': True, 'concise': True, 'english': True} all_resolved=False n_resolved=3/4 tokens=(4792,1129)
  N=4 real_hotpotqa_03160_5a8aa5835542996c9b8d5f4e seed=0 arm=react: per_fault={'ctx': True, 'bullets': True, 'concise': True, 'english': True} all_resolved=True n_resolved=4/4 tokens=(4848,1324)
  N=4 real_hotpotqa_03160_5a8aa5835542996c9b8d5f4e seed=0 arm=selfcheckgpt: per_fault={'ctx': True, 'bullets': True, 'concise': True, 'english': True} all_resolved=True n_resolved=4/4 tokens=(14211,915)
  N=4 real_hotpotqa_03160_5a8aa5835542996c9b8d5f4e seed=0 arm=reflexion: per_fault={'ctx': True, 'bullets': True, 'concise': True, 'english': True} all_resolved=True n_resolved=4/4 tokens=(2396,757)
  N=4 real_hotpotqa_03160_5a8aa5835542996c9b8d5f4e seed=0 arm=intro_specter: per_fault={'ctx': True, 'bullets': True, 'concise': True, 'english': True} all_resolved=True n_resolved=4/4 tokens=(5843,1245)
  N=4 real_hotpotqa_03160_5a8aa5835542996c9b8d5f4e seed=1 arm=direct: per_fault={'ctx': True, 'bullets': True, 'concise': True, 'english': True} all_resolved=True n_resolved=4/4 tokens=(2396,757)
  N=4 real_hotpotqa_03160_5a8aa5835542996c9b8d5f4e seed=1 arm=self_refine: per_fault={'ctx': True, 'bullets': True, 'concise': True, 'english': True} all_resolved=True n_resolved=4/4 tokens=(5691,1530)
  N=4 real_hotpotqa_03160_5a8aa5835542996c9b8d5f4e seed=1 arm=full_regen: per_fault={'ctx': False, 'bullets': True, 'concise': True, 'english': True} all_resolved=False n_resolved=3/4 tokens=(4792,1260)
  N=4 real_hotpotqa_03160_5a8aa5835542996c9b8d5f4e seed=1 arm=react: per_fault={'ctx': True, 'bullets': True, 'concise': True, 'english': True} all_resolved=True n_resolved=4/4 tokens=(4848,1324)
  N=4 real_hotpotqa_03160_5a8aa5835542996c9b8d5f4e seed=1 arm=selfcheckgpt: per_fault={'ctx': True, 'bullets': True, 'concise': True, 'english': True} all_resolved=True n_resolved=4/4 tokens=(14167,876)
  N=4 real_hotpotqa_03160_5a8aa5835542996c9b8d5f4e seed=1 arm=reflexion: per_fault={'ctx': True, 'bullets': True, 'concise': True, 'english': True} all_resolved=True n_resolved=4/4 tokens=(2396,757)
  N=4 real_hotpotqa_03160_5a8aa5835542996c9b8d5f4e seed=1 arm=intro_specter: per_fault={'ctx': True, 'bullets': True, 'concise': True, 'english': True} all_resolved=True n_resolved=4/4 tokens=(5843,1245)
  N=4 real_hotpotqa_03160_5a8aa5835542996c9b8d5f4e seed=2 arm=direct: per_fault={'ctx': False, 'bullets': True, 'concise': True, 'english': True} all_resolved=False n_resolved=3/4 tokens=(2396,574)
  N=4 real_hotpotqa_03160_5a8aa5835542996c9b8d5f4e seed=2 arm=self_refine: per_fault={'ctx': True, 'bullets': True, 'concise': False, 'english': True} all_resolved=False n_resolved=3/4 tokens=(5529,1597)
  N=4 real_hotpotqa_03160_5a8aa5835542996c9b8d5f4e seed=2 arm=full_regen: per_fault={'ctx': True, 'bullets': True, 'concise': True, 'english': True} all_resolved=True n_resolved=4/4 tokens=(4792,750)
  N=4 real_hotpotqa_03160_5a8aa5835542996c9b8d5f4e seed=2 arm=react: per_fault={'ctx': True, 'bullets': True, 'concise': True, 'english': True} all_resolved=True n_resolved=4/4 tokens=(4848,1026)
  N=4 real_hotpotqa_03160_5a8aa5835542996c9b8d5f4e seed=2 arm=selfcheckgpt: per_fault={'ctx': True, 'bullets': True, 'concise': True, 'english': True} all_resolved=True n_resolved=4/4 tokens=(16356,700)
  N=4 real_hotpotqa_03160_5a8aa5835542996c9b8d5f4e seed=2 arm=reflexion: per_fault={'ctx': False, 'bullets': True, 'concise': True, 'english': True} all_resolved=False n_resolved=3/4 tokens=(16161,2706)
  N=4 real_hotpotqa_03160_5a8aa5835542996c9b8d5f4e seed=2 arm=intro_specter: per_fault={'ctx': False, 'bullets': True, 'concise': True, 'english': True} all_resolved=False n_resolved=3/4 tokens=(5681,948)
  N=4 real_hotpotqa_03172_5abd0b685542996583600501 seed=0 arm=direct: per_fault={'ctx': False, 'concise': True, 'english': True, 'preamble': True} all_resolved=False n_resolved=3/4 tokens=(2381,540)
  N=4 real_hotpotqa_03172_5abd0b685542996583600501 seed=0 arm=self_refine: per_fault={'ctx': False, 'concise': True, 'english': True, 'preamble': True} all_resolved=False n_resolved=3/4 tokens=(5549,1440)
  N=4 real_hotpotqa_03172_5abd0b685542996583600501 seed=0 arm=full_regen: per_fault={'ctx': False, 'concise': True, 'english': True, 'preamble': True} all_resolved=False n_resolved=3/4 tokens=(4762,880)
  N=4 real_hotpotqa_03172_5abd0b685542996583600501 seed=0 arm=react: per_fault={'ctx': False, 'concise': True, 'english': True, 'preamble': True} all_resolved=False n_resolved=3/4 tokens=(4818,984)
  N=4 real_hotpotqa_03172_5abd0b685542996583600501 seed=0 arm=selfcheckgpt: per_fault={'ctx': False, 'concise': True, 'english': True, 'preamble': True} all_resolved=False n_resolved=3/4 tokens=(14019,704)
  N=4 real_hotpotqa_03172_5abd0b685542996583600501 seed=0 arm=reflexion: per_fault={'ctx': False, 'concise': True, 'english': True, 'preamble': True} all_resolved=False n_resolved=3/4 tokens=(16097,2339)
  N=4 real_hotpotqa_03172_5abd0b685542996583600501 seed=0 arm=intro_specter: per_fault={'ctx': True, 'concise': True, 'english': True, 'preamble': True} all_resolved=True n_resolved=4/4 tokens=(5701,985)
  N=4 real_hotpotqa_03172_5abd0b685542996583600501 seed=1 arm=direct: per_fault={'ctx': False, 'concise': True, 'english': True, 'preamble': True} all_resolved=False n_resolved=3/4 tokens=(2381,540)
  N=4 real_hotpotqa_03172_5abd0b685542996583600501 seed=1 arm=self_refine: per_fault={'ctx': False, 'concise': True, 'english': True, 'preamble': True} all_resolved=False n_resolved=3/4 tokens=(5549,1440)
  N=4 real_hotpotqa_03172_5abd0b685542996583600501 seed=1 arm=full_regen: per_fault={'ctx': False, 'concise': True, 'english': True, 'preamble': True} all_resolved=False n_resolved=3/4 tokens=(4762,902)
  N=4 real_hotpotqa_03172_5abd0b685542996583600501 seed=1 arm=react: per_fault={'ctx': False, 'concise': True, 'english': True, 'preamble': True} all_resolved=False n_resolved=3/4 tokens=(4818,984)
  N=4 real_hotpotqa_03172_5abd0b685542996583600501 seed=1 arm=selfcheckgpt: per_fault={'ctx': False, 'concise': True, 'english': True, 'preamble': True} all_resolved=False n_resolved=3/4 tokens=(13989,662)
  N=4 real_hotpotqa_03172_5abd0b685542996583600501 seed=1 arm=reflexion: per_fault={'ctx': False, 'concise': True, 'english': True, 'preamble': True} all_resolved=False n_resolved=3/4 tokens=(16097,2339)
  N=4 real_hotpotqa_03172_5abd0b685542996583600501 seed=1 arm=intro_specter: per_fault={'ctx': True, 'concise': True, 'english': True, 'preamble': True} all_resolved=True n_resolved=4/4 tokens=(5701,985)
  N=4 real_hotpotqa_03172_5abd0b685542996583600501 seed=2 arm=direct: per_fault={'ctx': True, 'concise': True, 'english': True, 'preamble': True} all_resolved=True n_resolved=4/4 tokens=(2381,422)
  N=4 real_hotpotqa_03172_5abd0b685542996583600501 seed=2 arm=self_refine: per_fault={'ctx': True, 'concise': True, 'english': True, 'preamble': True} all_resolved=True n_resolved=4/4 tokens=(5326,1073)
  N=4 real_hotpotqa_03172_5abd0b685542996583600501 seed=2 arm=full_regen: per_fault={'ctx': False, 'concise': True, 'english': True, 'preamble': True} all_resolved=False n_resolved=3/4 tokens=(4762,713)
  N=4 real_hotpotqa_03172_5abd0b685542996583600501 seed=2 arm=react: per_fault={'ctx': True, 'concise': True, 'english': True, 'preamble': True} all_resolved=True n_resolved=4/4 tokens=(4818,953)
  N=4 real_hotpotqa_03172_5abd0b685542996583600501 seed=2 arm=selfcheckgpt: per_fault={'ctx': True, 'concise': True, 'english': True, 'preamble': True} all_resolved=True n_resolved=4/4 tokens=(14120,663)
  N=4 real_hotpotqa_03172_5abd0b685542996583600501 seed=2 arm=reflexion: per_fault={'ctx': True, 'concise': True, 'english': True, 'preamble': True} all_resolved=True n_resolved=4/4 tokens=(2381,422)
  N=4 real_hotpotqa_03172_5abd0b685542996583600501 seed=2 arm=intro_specter: per_fault={'ctx': True, 'concise': True, 'english': True, 'preamble': True} all_resolved=True n_resolved=4/4 tokens=(5478,969)
  N=4 real_hotpotqa_03223_5a7c67c15542990527d55498 seed=0 arm=direct: per_fault={'ctx': True, 'bullets': True, 'concise': True, 'english': True} all_resolved=True n_resolved=4/4 tokens=(2438,412)
  N=4 real_hotpotqa_03223_5a7c67c15542990527d55498 seed=0 arm=self_refine: per_fault={'ctx': True, 'bullets': False, 'concise': True, 'english': True} all_resolved=False n_resolved=3/4 tokens=(5389,1050)
  N=4 real_hotpotqa_03223_5a7c67c15542990527d55498 seed=0 arm=full_regen: per_fault={'ctx': False, 'bullets': True, 'concise': True, 'english': True} all_resolved=False n_resolved=3/4 tokens=(4876,864)
  N=4 real_hotpotqa_03223_5a7c67c15542990527d55498 seed=0 arm=react: per_fault={'ctx': False, 'bullets': True, 'concise': True, 'english': True} all_resolved=False n_resolved=3/4 tokens=(4932,894)
  N=4 real_hotpotqa_03223_5a7c67c15542990527d55498 seed=0 arm=selfcheckgpt: per_fault={'ctx': True, 'bullets': True, 'concise': True, 'english': True} all_resolved=True n_resolved=4/4 tokens=(14292,577)
  N=4 real_hotpotqa_03223_5a7c67c15542990527d55498 seed=0 arm=reflexion: per_fault={'ctx': True, 'bullets': True, 'concise': True, 'english': True} all_resolved=True n_resolved=4/4 tokens=(2438,412)
  N=4 real_hotpotqa_03223_5a7c67c15542990527d55498 seed=0 arm=intro_specter: per_fault={'ctx': True, 'bullets': True, 'concise': True, 'english': True} all_resolved=True n_resolved=4/4 tokens=(5541,846)
  N=4 real_hotpotqa_03223_5a7c67c15542990527d55498 seed=1 arm=direct: per_fault={'ctx': True, 'bullets': True, 'concise': True, 'english': True} all_resolved=True n_resolved=4/4 tokens=(2438,412)
  N=4 real_hotpotqa_03223_5a7c67c15542990527d55498 seed=1 arm=self_refine: per_fault={'ctx': True, 'bullets': False, 'concise': True, 'english': True} all_resolved=False n_resolved=3/4 tokens=(5389,1050)
  N=4 real_hotpotqa_03223_5a7c67c15542990527d55498 seed=1 arm=full_regen: per_fault={'ctx': False, 'bullets': True, 'concise': True, 'english': True} all_resolved=False n_resolved=3/4 tokens=(4876,771)
  N=4 real_hotpotqa_03223_5a7c67c15542990527d55498 seed=1 arm=react: per_fault={'ctx': False, 'bullets': True, 'concise': True, 'english': True} all_resolved=False n_resolved=3/4 tokens=(4932,894)
  N=4 real_hotpotqa_03223_5a7c67c15542990527d55498 seed=1 arm=selfcheckgpt: per_fault={'ctx': True, 'bullets': True, 'concise': True, 'english': True} all_resolved=True n_resolved=4/4 tokens=(14281,542)
  N=4 real_hotpotqa_03223_5a7c67c15542990527d55498 seed=1 arm=reflexion: per_fault={'ctx': True, 'bullets': True, 'concise': True, 'english': True} all_resolved=True n_resolved=4/4 tokens=(2438,412)
  N=4 real_hotpotqa_03223_5a7c67c15542990527d55498 seed=1 arm=intro_specter: per_fault={'ctx': True, 'bullets': True, 'concise': True, 'english': True} all_resolved=True n_resolved=4/4 tokens=(5541,846)
  N=4 real_hotpotqa_03223_5a7c67c15542990527d55498 seed=2 arm=direct: per_fault={'ctx': False, 'bullets': True, 'concise': True, 'english': True} all_resolved=False n_resolved=3/4 tokens=(2438,361)
  N=4 real_hotpotqa_03223_5a7c67c15542990527d55498 seed=2 arm=self_refine: per_fault={'ctx': False, 'bullets': True, 'concise': True, 'english': True} all_resolved=False n_resolved=3/4 tokens=(5338,899)
  N=4 real_hotpotqa_03223_5a7c67c15542990527d55498 seed=2 arm=full_regen: per_fault={'ctx': False, 'bullets': True, 'concise': True, 'english': True} all_resolved=False n_resolved=3/4 tokens=(4876,650)
  N=4 real_hotpotqa_03223_5a7c67c15542990527d55498 seed=2 arm=react: per_fault={'ctx': False, 'bullets': True, 'concise': True, 'english': True} all_resolved=False n_resolved=3/4 tokens=(4932,1149)
  N=4 real_hotpotqa_03223_5a7c67c15542990527d55498 seed=2 arm=selfcheckgpt: per_fault={'ctx': False, 'bullets': True, 'concise': True, 'english': True} all_resolved=False n_resolved=3/4 tokens=(14304,539)
  N=4 real_hotpotqa_03223_5a7c67c15542990527d55498 seed=2 arm=reflexion: per_fault={'ctx': True, 'bullets': True, 'concise': True, 'english': True} all_resolved=True n_resolved=4/4 tokens=(8291,868)
  N=4 real_hotpotqa_03223_5a7c67c15542990527d55498 seed=2 arm=intro_specter: per_fault={'ctx': True, 'bullets': True, 'concise': True, 'english': True} all_resolved=True n_resolved=4/4 tokens=(5490,903)
  N=4 real_hotpotqa_03244_5a7a8a9c554299042af8f666 seed=0 arm=direct: per_fault={'ctx': False, 'bullets': True, 'concise': True, 'english': True} all_resolved=False n_resolved=3/4 tokens=(2419,516)
  N=4 real_hotpotqa_03244_5a7a8a9c554299042af8f666 seed=0 arm=self_refine: per_fault={'ctx': False, 'bullets': True, 'concise': True, 'english': True} all_resolved=False n_resolved=3/4 tokens=(5496,1355)
  N=4 real_hotpotqa_03244_5a7a8a9c554299042af8f666 seed=0 arm=full_regen: per_fault={'ctx': False, 'bullets': True, 'concise': True, 'english': True} all_resolved=False n_resolved=3/4 tokens=(4838,873)
  N=4 real_hotpotqa_03244_5a7a8a9c554299042af8f666 seed=0 arm=react: per_fault={'ctx': True, 'bullets': True, 'concise': False, 'english': True} all_resolved=False n_resolved=3/4 tokens=(4894,875)
  N=4 real_hotpotqa_03244_5a7a8a9c554299042af8f666 seed=0 arm=selfcheckgpt: per_fault={'ctx': True, 'bullets': True, 'concise': True, 'english': True} all_resolved=True n_resolved=4/4 tokens=(16560,701)
  N=4 real_hotpotqa_03244_5a7a8a9c554299042af8f666 seed=0 arm=reflexion: per_fault={'ctx': False, 'bullets': True, 'concise': True, 'english': True} all_resolved=False n_resolved=3/4 tokens=(15515,1932)
  N=4 real_hotpotqa_03244_5a7a8a9c554299042af8f666 seed=0 arm=intro_specter: per_fault={'ctx': False, 'bullets': True, 'concise': True, 'english': True} all_resolved=False n_resolved=3/4 tokens=(5648,1180)
  N=4 real_hotpotqa_03244_5a7a8a9c554299042af8f666 seed=1 arm=direct: per_fault={'ctx': False, 'bullets': True, 'concise': True, 'english': True} all_resolved=False n_resolved=3/4 tokens=(2419,516)
  N=4 real_hotpotqa_03244_5a7a8a9c554299042af8f666 seed=1 arm=self_refine: per_fault={'ctx': False, 'bullets': True, 'concise': True, 'english': True} all_resolved=False n_resolved=3/4 tokens=(5496,1355)
  N=4 real_hotpotqa_03244_5a7a8a9c554299042af8f666 seed=1 arm=full_regen: per_fault={'ctx': False, 'bullets': True, 'concise': True, 'english': True} all_resolved=False n_resolved=3/4 tokens=(4838,810)
  N=4 real_hotpotqa_03244_5a7a8a9c554299042af8f666 seed=1 arm=react: per_fault={'ctx': True, 'bullets': True, 'concise': False, 'english': True} all_resolved=False n_resolved=3/4 tokens=(4894,875)
  N=4 real_hotpotqa_03244_5a7a8a9c554299042af8f666 seed=1 arm=selfcheckgpt: per_fault={'ctx': False, 'bullets': True, 'concise': True, 'english': True} all_resolved=False n_resolved=3/4 tokens=(14245,730)
  N=4 real_hotpotqa_03244_5a7a8a9c554299042af8f666 seed=1 arm=reflexion: per_fault={'ctx': False, 'bullets': True, 'concise': True, 'english': True} all_resolved=False n_resolved=3/4 tokens=(15515,1932)
  N=4 real_hotpotqa_03244_5a7a8a9c554299042af8f666 seed=1 arm=intro_specter: per_fault={'ctx': False, 'bullets': True, 'concise': True, 'english': True} all_resolved=False n_resolved=3/4 tokens=(5648,1180)
  N=4 real_hotpotqa_03244_5a7a8a9c554299042af8f666 seed=2 arm=direct: per_fault={'ctx': True, 'bullets': True, 'concise': True, 'english': True} all_resolved=True n_resolved=4/4 tokens=(2419,464)
  N=4 real_hotpotqa_03244_5a7a8a9c554299042af8f666 seed=2 arm=self_refine: per_fault={'ctx': True, 'bullets': True, 'concise': True, 'english': True} all_resolved=True n_resolved=4/4 tokens=(5423,1331)
  N=4 real_hotpotqa_03244_5a7a8a9c554299042af8f666 seed=2 arm=full_regen: per_fault={'ctx': True, 'bullets': True, 'concise': True, 'english': True} all_resolved=True n_resolved=4/4 tokens=(4838,891)
  N=4 real_hotpotqa_03244_5a7a8a9c554299042af8f666 seed=2 arm=react: per_fault={'ctx': False, 'bullets': True, 'concise': True, 'english': True} all_resolved=False n_resolved=3/4 tokens=(4894,882)
  N=4 real_hotpotqa_03244_5a7a8a9c554299042af8f666 seed=2 arm=selfcheckgpt: per_fault={'ctx': True, 'bullets': True, 'concise': True, 'english': True} all_resolved=True n_resolved=4/4 tokens=(14224,629)
  N=4 real_hotpotqa_03244_5a7a8a9c554299042af8f666 seed=2 arm=reflexion: per_fault={'ctx': True, 'bullets': True, 'concise': True, 'english': True} all_resolved=True n_resolved=4/4 tokens=(2419,464)
  N=4 real_hotpotqa_03244_5a7a8a9c554299042af8f666 seed=2 arm=intro_specter: per_fault={'ctx': True, 'bullets': True, 'concise': True, 'english': True} all_resolved=True n_resolved=4/4 tokens=(5575,807)
  N=4 real_hotpotqa_03376_5addfc425542997dc7907101 seed=0 arm=direct: per_fault={'ctx': True, 'concise': True, 'english': True, 'preamble': True} all_resolved=True n_resolved=4/4 tokens=(2507,347)
  N=4 real_hotpotqa_03376_5addfc425542997dc7907101 seed=0 arm=self_refine: per_fault={'ctx': True, 'concise': True, 'english': True, 'preamble': True} all_resolved=True n_resolved=4/4 tokens=(5458,897)
  N=4 real_hotpotqa_03376_5addfc425542997dc7907101 seed=0 arm=full_regen: per_fault={'ctx': False, 'concise': True, 'english': True, 'preamble': True} all_resolved=False n_resolved=3/4 tokens=(5014,764)
  N=4 real_hotpotqa_03376_5addfc425542997dc7907101 seed=0 arm=react: per_fault={'ctx': False, 'concise': True, 'english': True, 'preamble': True} all_resolved=False n_resolved=3/4 tokens=(5070,809)
  N=4 real_hotpotqa_03376_5addfc425542997dc7907101 seed=0 arm=selfcheckgpt: per_fault={'ctx': True, 'concise': True, 'english': True, 'preamble': True} all_resolved=True n_resolved=4/4 tokens=(14759,565)
  N=4 real_hotpotqa_03376_5addfc425542997dc7907101 seed=0 arm=reflexion: per_fault={'ctx': True, 'concise': True, 'english': True, 'preamble': True} all_resolved=True n_resolved=4/4 tokens=(2507,347)
  N=4 real_hotpotqa_03376_5addfc425542997dc7907101 seed=0 arm=intro_specter: per_fault={'ctx': True, 'concise': True, 'english': True, 'preamble': True} all_resolved=True n_resolved=4/4 tokens=(5610,860)
  N=4 real_hotpotqa_03376_5addfc425542997dc7907101 seed=1 arm=direct: per_fault={'ctx': True, 'concise': True, 'english': True, 'preamble': True} all_resolved=True n_resolved=4/4 tokens=(2507,347)
  N=4 real_hotpotqa_03376_5addfc425542997dc7907101 seed=1 arm=self_refine: per_fault={'ctx': True, 'concise': True, 'english': True, 'preamble': True} all_resolved=True n_resolved=4/4 tokens=(5458,897)
  N=4 real_hotpotqa_03376_5addfc425542997dc7907101 seed=1 arm=full_regen: per_fault={'ctx': False, 'concise': True, 'english': True, 'preamble': True} all_resolved=False n_resolved=3/4 tokens=(5014,449)
  N=4 real_hotpotqa_03376_5addfc425542997dc7907101 seed=1 arm=react: per_fault={'ctx': False, 'concise': True, 'english': True, 'preamble': True} all_resolved=False n_resolved=3/4 tokens=(5070,809)
  N=4 real_hotpotqa_03376_5addfc425542997dc7907101 seed=1 arm=selfcheckgpt: per_fault={'ctx': True, 'concise': True, 'english': True, 'preamble': True} all_resolved=True n_resolved=4/4 tokens=(14780,583)
  N=4 real_hotpotqa_03376_5addfc425542997dc7907101 seed=1 arm=reflexion: per_fault={'ctx': True, 'concise': True, 'english': True, 'preamble': True} all_resolved=True n_resolved=4/4 tokens=(2507,347)
  N=4 real_hotpotqa_03376_5addfc425542997dc7907101 seed=1 arm=intro_specter: per_fault={'ctx': True, 'concise': True, 'english': True, 'preamble': True} all_resolved=True n_resolved=4/4 tokens=(5610,860)
  N=4 real_hotpotqa_03376_5addfc425542997dc7907101 seed=2 arm=direct: per_fault={'ctx': False, 'concise': True, 'english': True, 'preamble': True} all_resolved=False n_resolved=3/4 tokens=(2507,438)
  N=4 real_hotpotqa_03376_5addfc425542997dc7907101 seed=2 arm=self_refine: per_fault={'ctx': True, 'concise': True, 'english': True, 'preamble': True} all_resolved=True n_resolved=4/4 tokens=(5570,1055)
  N=4 real_hotpotqa_03376_5addfc425542997dc7907101 seed=2 arm=full_regen: per_fault={'ctx': True, 'concise': True, 'english': True, 'preamble': True} all_resolved=True n_resolved=4/4 tokens=(5014,808)
  N=4 real_hotpotqa_03376_5addfc425542997dc7907101 seed=2 arm=react: per_fault={'ctx': False, 'concise': True, 'english': True, 'preamble': True} all_resolved=False n_resolved=3/4 tokens=(5070,1165)
  N=4 real_hotpotqa_03376_5addfc425542997dc7907101 seed=2 arm=selfcheckgpt: per_fault={'ctx': False, 'concise': True, 'english': True, 'preamble': True} all_resolved=False n_resolved=3/4 tokens=(14809,665)
  N=4 real_hotpotqa_03376_5addfc425542997dc7907101 seed=2 arm=reflexion: per_fault={'ctx': True, 'concise': False, 'english': True, 'preamble': True} all_resolved=False n_resolved=3/4 tokens=(8683,1067)
  N=4 real_hotpotqa_03376_5addfc425542997dc7907101 seed=2 arm=intro_specter: per_fault={'ctx': True, 'concise': True, 'english': True, 'preamble': True} all_resolved=True n_resolved=4/4 tokens=(5722,1014)
  N=4 real_hotpotqa_03432_5a727ca45542994cef4bc2d8 seed=0 arm=direct: per_fault={'ctx': True, 'bullets': True, 'concise': True, 'preamble': True} all_resolved=True n_resolved=4/4 tokens=(2437,367)
  N=4 real_hotpotqa_03432_5a727ca45542994cef4bc2d8 seed=0 arm=self_refine: per_fault={'ctx': True, 'bullets': True, 'concise': True, 'preamble': True} all_resolved=True n_resolved=4/4 tokens=(5339,1021)
  N=4 real_hotpotqa_03432_5a727ca45542994cef4bc2d8 seed=0 arm=full_regen: per_fault={'ctx': True, 'bullets': True, 'concise': True, 'preamble': True} all_resolved=True n_resolved=4/4 tokens=(4874,814)
  N=4 real_hotpotqa_03432_5a727ca45542994cef4bc2d8 seed=0 arm=react: per_fault={'ctx': True, 'bullets': True, 'concise': True, 'preamble': True} all_resolved=True n_resolved=4/4 tokens=(4930,606)
  N=4 real_hotpotqa_03432_5a727ca45542994cef4bc2d8 seed=0 arm=selfcheckgpt: per_fault={'ctx': True, 'bullets': True, 'concise': True, 'preamble': True} all_resolved=True n_resolved=4/4 tokens=(14258,463)
  N=4 real_hotpotqa_03432_5a727ca45542994cef4bc2d8 seed=0 arm=reflexion: per_fault={'ctx': True, 'bullets': True, 'concise': True, 'preamble': True} all_resolved=True n_resolved=4/4 tokens=(2437,367)
  N=4 real_hotpotqa_03432_5a727ca45542994cef4bc2d8 seed=0 arm=intro_specter: per_fault={'ctx': True, 'bullets': True, 'concise': True, 'preamble': True} all_resolved=True n_resolved=4/4 tokens=(5491,949)
  N=4 real_hotpotqa_03432_5a727ca45542994cef4bc2d8 seed=1 arm=direct: per_fault={'ctx': True, 'bullets': True, 'concise': True, 'preamble': True} all_resolved=True n_resolved=4/4 tokens=(2437,367)
  N=4 real_hotpotqa_03432_5a727ca45542994cef4bc2d8 seed=1 arm=self_refine: per_fault={'ctx': True, 'bullets': True, 'concise': True, 'preamble': True} all_resolved=True n_resolved=4/4 tokens=(5339,1021)
  N=4 real_hotpotqa_03432_5a727ca45542994cef4bc2d8 seed=1 arm=full_regen: per_fault={'ctx': True, 'bullets': True, 'concise': True, 'preamble': True} all_resolved=True n_resolved=4/4 tokens=(4874,650)
  N=4 real_hotpotqa_03432_5a727ca45542994cef4bc2d8 seed=1 arm=react: per_fault={'ctx': True, 'bullets': True, 'concise': True, 'preamble': True} all_resolved=True n_resolved=4/4 tokens=(4930,606)
  N=4 real_hotpotqa_03432_5a727ca45542994cef4bc2d8 seed=1 arm=selfcheckgpt: per_fault={'ctx': True, 'bullets': True, 'concise': True, 'preamble': True} all_resolved=True n_resolved=4/4 tokens=(14269,486)
  N=4 real_hotpotqa_03432_5a727ca45542994cef4bc2d8 seed=1 arm=reflexion: per_fault={'ctx': True, 'bullets': True, 'concise': True, 'preamble': True} all_resolved=True n_resolved=4/4 tokens=(2437,367)
  N=4 real_hotpotqa_03432_5a727ca45542994cef4bc2d8 seed=1 arm=intro_specter: per_fault={'ctx': True, 'bullets': True, 'concise': True, 'preamble': True} all_resolved=True n_resolved=4/4 tokens=(5491,949)
  N=4 real_hotpotqa_03432_5a727ca45542994cef4bc2d8 seed=2 arm=direct: per_fault={'ctx': True, 'bullets': True, 'concise': True, 'preamble': True} all_resolved=True n_resolved=4/4 tokens=(2437,344)
  N=4 real_hotpotqa_03432_5a727ca45542994cef4bc2d8 seed=2 arm=self_refine: per_fault={'ctx': True, 'bullets': True, 'concise': True, 'preamble': True} all_resolved=True n_resolved=4/4 tokens=(5316,890)
  N=4 real_hotpotqa_03432_5a727ca45542994cef4bc2d8 seed=2 arm=full_regen: per_fault={'ctx': True, 'bullets': True, 'concise': True, 'preamble': True} all_resolved=True n_resolved=4/4 tokens=(4874,853)
  N=4 real_hotpotqa_03432_5a727ca45542994cef4bc2d8 seed=2 arm=react: per_fault={'ctx': True, 'bullets': True, 'concise': True, 'preamble': True} all_resolved=True n_resolved=4/4 tokens=(4930,762)
  N=4 real_hotpotqa_03432_5a727ca45542994cef4bc2d8 seed=2 arm=selfcheckgpt: per_fault={'ctx': True, 'bullets': True, 'concise': True, 'preamble': True} all_resolved=True n_resolved=4/4 tokens=(14416,516)
  N=4 real_hotpotqa_03432_5a727ca45542994cef4bc2d8 seed=2 arm=reflexion: per_fault={'ctx': True, 'bullets': True, 'concise': True, 'preamble': True} all_resolved=True n_resolved=4/4 tokens=(2437,344)
  N=4 real_hotpotqa_03432_5a727ca45542994cef4bc2d8 seed=2 arm=intro_specter: per_fault={'ctx': True, 'bullets': True, 'concise': True, 'preamble': True} all_resolved=True n_resolved=4/4 tokens=(5468,905)
  N=4 real_hotpotqa_03601_5adc393f5542996e685252e7 seed=0 arm=direct: per_fault={'ctx': False, 'concise': True, 'english': True, 'preamble': True} all_resolved=False n_resolved=3/4 tokens=(2545,494)
  N=4 real_hotpotqa_03601_5adc393f5542996e685252e7 seed=0 arm=self_refine: per_fault={'ctx': False, 'concise': False, 'english': True, 'preamble': True} all_resolved=False n_resolved=2/4 tokens=(5747,1457)
  N=4 real_hotpotqa_03601_5adc393f5542996e685252e7 seed=0 arm=full_regen: per_fault={'ctx': False, 'concise': True, 'english': True, 'preamble': True} all_resolved=False n_resolved=3/4 tokens=(5090,866)
  N=4 real_hotpotqa_03601_5adc393f5542996e685252e7 seed=0 arm=react: per_fault={'ctx': False, 'concise': True, 'english': True, 'preamble': True} all_resolved=False n_resolved=3/4 tokens=(5146,998)
  N=4 real_hotpotqa_03601_5adc393f5542996e685252e7 seed=0 arm=selfcheckgpt: per_fault={'ctx': False, 'concise': True, 'english': True, 'preamble': True} all_resolved=False n_resolved=3/4 tokens=(14912,633)
  N=4 real_hotpotqa_03601_5adc393f5542996e685252e7 seed=0 arm=reflexion: per_fault={'ctx': False, 'concise': True, 'english': True, 'preamble': True} all_resolved=False n_resolved=3/4 tokens=(16791,2590)
  N=4 real_hotpotqa_03601_5adc393f5542996e685252e7 seed=0 arm=intro_specter: per_fault={'ctx': False, 'concise': True, 'english': True, 'preamble': True} all_resolved=False n_resolved=3/4 tokens=(5899,852)
  N=4 real_hotpotqa_03601_5adc393f5542996e685252e7 seed=1 arm=direct: per_fault={'ctx': False, 'concise': True, 'english': True, 'preamble': True} all_resolved=False n_resolved=3/4 tokens=(2545,494)
  N=4 real_hotpotqa_03601_5adc393f5542996e685252e7 seed=1 arm=self_refine: per_fault={'ctx': False, 'concise': False, 'english': True, 'preamble': True} all_resolved=False n_resolved=2/4 tokens=(5747,1457)
  N=4 real_hotpotqa_03601_5adc393f5542996e685252e7 seed=1 arm=full_regen: per_fault={'ctx': False, 'concise': True, 'english': True, 'preamble': True} all_resolved=False n_resolved=3/4 tokens=(5090,875)
  N=4 real_hotpotqa_03601_5adc393f5542996e685252e7 seed=1 arm=react: per_fault={'ctx': False, 'concise': True, 'english': True, 'preamble': True} all_resolved=False n_resolved=3/4 tokens=(5146,998)
  N=4 real_hotpotqa_03601_5adc393f5542996e685252e7 seed=1 arm=selfcheckgpt: per_fault={'ctx': False, 'concise': True, 'english': True, 'preamble': True} all_resolved=False n_resolved=3/4 tokens=(14907,630)
  N=4 real_hotpotqa_03601_5adc393f5542996e685252e7 seed=1 arm=reflexion: per_fault={'ctx': False, 'concise': True, 'english': True, 'preamble': True} all_resolved=False n_resolved=3/4 tokens=(16791,2590)
  N=4 real_hotpotqa_03601_5adc393f5542996e685252e7 seed=1 arm=intro_specter: per_fault={'ctx': False, 'concise': True, 'english': True, 'preamble': True} all_resolved=False n_resolved=3/4 tokens=(5899,852)
  N=4 real_hotpotqa_03601_5adc393f5542996e685252e7 seed=2 arm=direct: per_fault={'ctx': False, 'concise': True, 'english': True, 'preamble': True} all_resolved=False n_resolved=3/4 tokens=(2545,495)
  N=4 real_hotpotqa_03601_5adc393f5542996e685252e7 seed=2 arm=self_refine: per_fault={'ctx': False, 'concise': True, 'english': True, 'preamble': True} all_resolved=False n_resolved=3/4 tokens=(5748,1368)
  N=4 real_hotpotqa_03601_5adc393f5542996e685252e7 seed=2 arm=full_regen: per_fault={'ctx': False, 'concise': True, 'english': True, 'preamble': True} all_resolved=False n_resolved=3/4 tokens=(5090,886)
  N=4 real_hotpotqa_03601_5adc393f5542996e685252e7 seed=2 arm=react: per_fault={'ctx': False, 'concise': True, 'english': True, 'preamble': True} all_resolved=False n_resolved=3/4 tokens=(5146,1054)
  N=4 real_hotpotqa_03601_5adc393f5542996e685252e7 seed=2 arm=selfcheckgpt: per_fault={'ctx': False, 'concise': True, 'english': True, 'preamble': True} all_resolved=False n_resolved=3/4 tokens=(14891,610)
  N=4 real_hotpotqa_03601_5adc393f5542996e685252e7 seed=2 arm=reflexion: per_fault={'ctx': False, 'concise': True, 'english': True, 'preamble': True} all_resolved=False n_resolved=3/4 tokens=(16244,2069)
  N=4 real_hotpotqa_03601_5adc393f5542996e685252e7 seed=2 arm=intro_specter: per_fault={'ctx': False, 'concise': True, 'english': True, 'preamble': True} all_resolved=False n_resolved=3/4 tokens=(5900,1077)
  N=4 real_hotpotqa_03718_5abd14c455429924427fceec seed=0 arm=direct: per_fault={'ctx': True, 'concise': True, 'english': True, 'preamble': True} all_resolved=True n_resolved=4/4 tokens=(2371,523)
  N=4 real_hotpotqa_03718_5abd14c455429924427fceec seed=0 arm=self_refine: per_fault={'ctx': True, 'concise': True, 'english': True, 'preamble': True} all_resolved=True n_resolved=4/4 tokens=(5405,1325)
  N=4 real_hotpotqa_03718_5abd14c455429924427fceec seed=0 arm=full_regen: per_fault={'ctx': True, 'concise': True, 'english': True, 'preamble': True} all_resolved=True n_resolved=4/4 tokens=(4742,803)
  N=4 real_hotpotqa_03718_5abd14c455429924427fceec seed=0 arm=react: per_fault={'ctx': False, 'concise': True, 'english': True, 'preamble': True} all_resolved=False n_resolved=3/4 tokens=(4798,1113)
  N=4 real_hotpotqa_03718_5abd14c455429924427fceec seed=0 arm=selfcheckgpt: per_fault={'ctx': True, 'concise': True, 'english': True, 'preamble': True} all_resolved=True n_resolved=4/4 tokens=(13933,664)
  N=4 real_hotpotqa_03718_5abd14c455429924427fceec seed=0 arm=reflexion: per_fault={'ctx': True, 'concise': True, 'english': True, 'preamble': True} all_resolved=True n_resolved=4/4 tokens=(2371,523)
  N=4 real_hotpotqa_03718_5abd14c455429924427fceec seed=0 arm=intro_specter: per_fault={'ctx': True, 'concise': True, 'english': True, 'preamble': True} all_resolved=True n_resolved=4/4 tokens=(5557,952)
  N=4 real_hotpotqa_03718_5abd14c455429924427fceec seed=1 arm=direct: per_fault={'ctx': True, 'concise': True, 'english': True, 'preamble': True} all_resolved=True n_resolved=4/4 tokens=(2371,523)
  N=4 real_hotpotqa_03718_5abd14c455429924427fceec seed=1 arm=self_refine: per_fault={'ctx': True, 'concise': True, 'english': True, 'preamble': True} all_resolved=True n_resolved=4/4 tokens=(5405,1325)
  N=4 real_hotpotqa_03718_5abd14c455429924427fceec seed=1 arm=full_regen: per_fault={'ctx': True, 'concise': True, 'english': True, 'preamble': True} all_resolved=True n_resolved=4/4 tokens=(4742,975)
  N=4 real_hotpotqa_03718_5abd14c455429924427fceec seed=1 arm=react: per_fault={'ctx': False, 'concise': True, 'english': True, 'preamble': True} all_resolved=False n_resolved=3/4 tokens=(4798,1113)
  N=4 real_hotpotqa_03718_5abd14c455429924427fceec seed=1 arm=selfcheckgpt: per_fault={'ctx': False, 'concise': True, 'english': True, 'preamble': True} all_resolved=False n_resolved=3/4 tokens=(16264,697)
  N=4 real_hotpotqa_03718_5abd14c455429924427fceec seed=1 arm=reflexion: per_fault={'ctx': True, 'concise': True, 'english': True, 'preamble': True} all_resolved=True n_resolved=4/4 tokens=(2371,523)
  N=4 real_hotpotqa_03718_5abd14c455429924427fceec seed=1 arm=intro_specter: per_fault={'ctx': True, 'concise': True, 'english': True, 'preamble': True} all_resolved=True n_resolved=4/4 tokens=(5557,952)
  N=4 real_hotpotqa_03718_5abd14c455429924427fceec seed=2 arm=direct: per_fault={'ctx': True, 'concise': True, 'english': True, 'preamble': True} all_resolved=True n_resolved=4/4 tokens=(2371,567)
  N=4 real_hotpotqa_03718_5abd14c455429924427fceec seed=2 arm=self_refine: per_fault={'ctx': True, 'concise': True, 'english': True, 'preamble': True} all_resolved=True n_resolved=4/4 tokens=(5491,1496)
  N=4 real_hotpotqa_03718_5abd14c455429924427fceec seed=2 arm=full_regen: per_fault={'ctx': True, 'concise': True, 'english': True, 'preamble': True} all_resolved=True n_resolved=4/4 tokens=(4742,945)
  N=4 real_hotpotqa_03718_5abd14c455429924427fceec seed=2 arm=react: per_fault={'ctx': False, 'concise': False, 'english': True, 'preamble': True} all_resolved=False n_resolved=2/4 tokens=(4798,1343)
  N=4 real_hotpotqa_03718_5abd14c455429924427fceec seed=2 arm=selfcheckgpt: per_fault={'ctx': True, 'concise': True, 'english': True, 'preamble': True} all_resolved=True n_resolved=4/4 tokens=(16285,828)
  N=4 real_hotpotqa_03718_5abd14c455429924427fceec seed=2 arm=reflexion: per_fault={'ctx': True, 'concise': True, 'english': True, 'preamble': True} all_resolved=True n_resolved=4/4 tokens=(2371,567)
  N=4 real_hotpotqa_03718_5abd14c455429924427fceec seed=2 arm=intro_specter: per_fault={'ctx': True, 'concise': True, 'english': True, 'preamble': True} all_resolved=True n_resolved=4/4 tokens=(5643,961)
  N=4 real_hotpotqa_03723_5a7943ea5542994bb9456fd3 seed=0 arm=direct: per_fault={'ctx': False, 'concise': True, 'english': True, 'preamble': True} all_resolved=False n_resolved=3/4 tokens=(2341,446)
  N=4 real_hotpotqa_03723_5a7943ea5542994bb9456fd3 seed=0 arm=self_refine: per_fault={'ctx': False, 'concise': True, 'english': True, 'preamble': True} all_resolved=False n_resolved=3/4 tokens=(5268,1193)
  N=4 real_hotpotqa_03723_5a7943ea5542994bb9456fd3 seed=0 arm=full_regen: per_fault={'ctx': False, 'concise': True, 'english': True, 'preamble': True} all_resolved=False n_resolved=3/4 tokens=(4682,849)
  N=4 real_hotpotqa_03723_5a7943ea5542994bb9456fd3 seed=0 arm=react: per_fault={'ctx': False, 'concise': True, 'english': True, 'preamble': True} all_resolved=False n_resolved=3/4 tokens=(4738,996)
  N=4 real_hotpotqa_03723_5a7943ea5542994bb9456fd3 seed=0 arm=selfcheckgpt: per_fault={'ctx': False, 'concise': True, 'english': True, 'preamble': True} all_resolved=False n_resolved=3/4 tokens=(13526,548)
  N=4 real_hotpotqa_03723_5a7943ea5542994bb9456fd3 seed=0 arm=reflexion: per_fault={'ctx': False, 'concise': True, 'english': True, 'preamble': True} all_resolved=False n_resolved=3/4 tokens=(14777,1759)
  N=4 real_hotpotqa_03723_5a7943ea5542994bb9456fd3 seed=0 arm=intro_specter: per_fault={'ctx': False, 'concise': True, 'english': True, 'preamble': True} all_resolved=False n_resolved=3/4 tokens=(5420,799)
  N=4 real_hotpotqa_03723_5a7943ea5542994bb9456fd3 seed=1 arm=direct: per_fault={'ctx': False, 'concise': True, 'english': True, 'preamble': True} all_resolved=False n_resolved=3/4 tokens=(2341,446)
  N=4 real_hotpotqa_03723_5a7943ea5542994bb9456fd3 seed=1 arm=self_refine: per_fault={'ctx': False, 'concise': True, 'english': True, 'preamble': True} all_resolved=False n_resolved=3/4 tokens=(5268,1193)
  N=4 real_hotpotqa_03723_5a7943ea5542994bb9456fd3 seed=1 arm=full_regen: per_fault={'ctx': True, 'concise': True, 'english': True, 'preamble': True} all_resolved=True n_resolved=4/4 tokens=(4682,893)
  N=4 real_hotpotqa_03723_5a7943ea5542994bb9456fd3 seed=1 arm=react: per_fault={'ctx': False, 'concise': True, 'english': True, 'preamble': True} all_resolved=False n_resolved=3/4 tokens=(4738,996)
  N=4 real_hotpotqa_03723_5a7943ea5542994bb9456fd3 seed=1 arm=selfcheckgpt: per_fault={'ctx': False, 'concise': True, 'english': True, 'preamble': True} all_resolved=False n_resolved=3/4 tokens=(13526,574)
  N=4 real_hotpotqa_03723_5a7943ea5542994bb9456fd3 seed=1 arm=reflexion: per_fault={'ctx': False, 'concise': True, 'english': True, 'preamble': True} all_resolved=False n_resolved=3/4 tokens=(14777,1759)
  N=4 real_hotpotqa_03723_5a7943ea5542994bb9456fd3 seed=1 arm=intro_specter: per_fault={'ctx': False, 'concise': True, 'english': True, 'preamble': True} all_resolved=False n_resolved=3/4 tokens=(5420,799)
  N=4 real_hotpotqa_03723_5a7943ea5542994bb9456fd3 seed=2 arm=direct: per_fault={'ctx': False, 'concise': True, 'english': True, 'preamble': True} all_resolved=False n_resolved=3/4 tokens=(2341,543)
  N=4 real_hotpotqa_03723_5a7943ea5542994bb9456fd3 seed=2 arm=self_refine: per_fault={'ctx': False, 'concise': True, 'english': True, 'preamble': True} all_resolved=False n_resolved=3/4 tokens=(5386,1431)
  N=4 real_hotpotqa_03723_5a7943ea5542994bb9456fd3 seed=2 arm=full_regen: per_fault={'ctx': False, 'concise': True, 'english': True, 'preamble': True} all_resolved=False n_resolved=3/4 tokens=(4682,933)
  N=4 real_hotpotqa_03723_5a7943ea5542994bb9456fd3 seed=2 arm=react: per_fault={'ctx': False, 'concise': True, 'english': True, 'preamble': True} all_resolved=False n_resolved=3/4 tokens=(4738,858)
  N=4 real_hotpotqa_03723_5a7943ea5542994bb9456fd3 seed=2 arm=selfcheckgpt: per_fault={'ctx': False, 'concise': True, 'english': True, 'preamble': True} all_resolved=False n_resolved=3/4 tokens=(16038,754)
  N=4 real_hotpotqa_03723_5a7943ea5542994bb9456fd3 seed=2 arm=reflexion: per_fault={'ctx': True, 'concise': True, 'english': True, 'preamble': True} all_resolved=True n_resolved=4/4 tokens=(8441,1466)
  N=4 real_hotpotqa_03723_5a7943ea5542994bb9456fd3 seed=2 arm=intro_specter: per_fault={'ctx': False, 'concise': True, 'english': True, 'preamble': True} all_resolved=False n_resolved=3/4 tokens=(5538,951)
  N=4 real_hotpotqa_03805_5adde6535542990dbb2f7ef9 seed=0 arm=direct: per_fault={'ctx': False, 'concise': True, 'english': True, 'preamble': True} all_resolved=False n_resolved=3/4 tokens=(2486,367)
  N=4 real_hotpotqa_03805_5adde6535542990dbb2f7ef9 seed=0 arm=self_refine: per_fault={'ctx': False, 'concise': True, 'english': True, 'preamble': True} all_resolved=False n_resolved=3/4 tokens=(5457,968)
  N=4 real_hotpotqa_03805_5adde6535542990dbb2f7ef9 seed=0 arm=full_regen: per_fault={'ctx': False, 'concise': True, 'english': True, 'preamble': True} all_resolved=False n_resolved=3/4 tokens=(4972,558)
  N=4 real_hotpotqa_03805_5adde6535542990dbb2f7ef9 seed=0 arm=react: per_fault={'ctx': True, 'concise': True, 'english': True, 'preamble': True} all_resolved=True n_resolved=4/4 tokens=(5028,985)
  N=4 real_hotpotqa_03805_5adde6535542990dbb2f7ef9 seed=0 arm=selfcheckgpt: per_fault={'ctx': False, 'concise': True, 'english': True, 'preamble': True} all_resolved=False n_resolved=3/4 tokens=(14642,545)
  N=4 real_hotpotqa_03805_5adde6535542990dbb2f7ef9 seed=0 arm=reflexion: per_fault={'ctx': False, 'concise': True, 'english': True, 'preamble': True} all_resolved=False n_resolved=3/4 tokens=(15103,1595)
  N=4 real_hotpotqa_03805_5adde6535542990dbb2f7ef9 seed=0 arm=intro_specter: per_fault={'ctx': True, 'concise': True, 'english': True, 'preamble': True} all_resolved=True n_resolved=4/4 tokens=(5609,991)
  N=4 real_hotpotqa_03805_5adde6535542990dbb2f7ef9 seed=1 arm=direct: per_fault={'ctx': False, 'concise': True, 'english': True, 'preamble': True} all_resolved=False n_resolved=3/4 tokens=(2486,367)
  N=4 real_hotpotqa_03805_5adde6535542990dbb2f7ef9 seed=1 arm=self_refine: per_fault={'ctx': False, 'concise': True, 'english': True, 'preamble': True} all_resolved=False n_resolved=3/4 tokens=(5457,968)
  N=4 real_hotpotqa_03805_5adde6535542990dbb2f7ef9 seed=1 arm=full_regen: per_fault={'ctx': True, 'concise': True, 'english': True, 'preamble': True} all_resolved=True n_resolved=4/4 tokens=(4972,630)
  N=4 real_hotpotqa_03805_5adde6535542990dbb2f7ef9 seed=1 arm=react: per_fault={'ctx': True, 'concise': True, 'english': True, 'preamble': True} all_resolved=True n_resolved=4/4 tokens=(5028,985)
  N=4 real_hotpotqa_03805_5adde6535542990dbb2f7ef9 seed=1 arm=selfcheckgpt: per_fault={'ctx': False, 'concise': True, 'english': True, 'preamble': True} all_resolved=False n_resolved=3/4 tokens=(14603,504)
  N=4 real_hotpotqa_03805_5adde6535542990dbb2f7ef9 seed=1 arm=reflexion: per_fault={'ctx': False, 'concise': True, 'english': True, 'preamble': True} all_resolved=False n_resolved=3/4 tokens=(15103,1595)
  N=4 real_hotpotqa_03805_5adde6535542990dbb2f7ef9 seed=1 arm=intro_specter: per_fault={'ctx': True, 'concise': True, 'english': True, 'preamble': True} all_resolved=True n_resolved=4/4 tokens=(5609,991)
  N=4 real_hotpotqa_03805_5adde6535542990dbb2f7ef9 seed=2 arm=direct: per_fault={'ctx': True, 'concise': True, 'english': True, 'preamble': True} all_resolved=True n_resolved=4/4 tokens=(2486,281)
  N=4 real_hotpotqa_03805_5adde6535542990dbb2f7ef9 seed=2 arm=self_refine: per_fault={'ctx': True, 'concise': True, 'english': True, 'preamble': True} all_resolved=True n_resolved=4/4 tokens=(5385,1055)
  N=4 real_hotpotqa_03805_5adde6535542990dbb2f7ef9 seed=2 arm=full_regen: per_fault={'ctx': False, 'concise': True, 'english': True, 'preamble': True} all_resolved=False n_resolved=3/4 tokens=(4972,604)
  N=4 real_hotpotqa_03805_5adde6535542990dbb2f7ef9 seed=2 arm=react: per_fault={'ctx': True, 'concise': True, 'english': True, 'preamble': True} all_resolved=True n_resolved=4/4 tokens=(5028,756)
  N=4 real_hotpotqa_03805_5adde6535542990dbb2f7ef9 seed=2 arm=selfcheckgpt: per_fault={'ctx': True, 'concise': True, 'english': True, 'preamble': True} all_resolved=True n_resolved=4/4 tokens=(14552,424)
  N=4 real_hotpotqa_03805_5adde6535542990dbb2f7ef9 seed=2 arm=reflexion: per_fault={'ctx': True, 'concise': True, 'english': True, 'preamble': True} all_resolved=True n_resolved=4/4 tokens=(2486,281)
  N=4 real_hotpotqa_03805_5adde6535542990dbb2f7ef9 seed=2 arm=intro_specter: per_fault={'ctx': True, 'concise': True, 'english': True, 'preamble': True} all_resolved=True n_resolved=4/4 tokens=(5537,931)
  N=4 real_hotpotqa_03860_5a83a30a5542992ef85e2339 seed=0 arm=direct: per_fault={'ctx': False, 'bullets': True, 'concise': True, 'english': True} all_resolved=False n_resolved=3/4 tokens=(2449,537)
  N=4 real_hotpotqa_03860_5a83a30a5542992ef85e2339 seed=0 arm=self_refine: per_fault={'ctx': False, 'bullets': True, 'concise': True, 'english': True} all_resolved=False n_resolved=3/4 tokens=(5619,1391)
  N=4 real_hotpotqa_03860_5a83a30a5542992ef85e2339 seed=0 arm=full_regen: per_fault={'ctx': False, 'bullets': True, 'concise': True, 'english': True} all_resolved=False n_resolved=3/4 tokens=(4898,1329)
  N=4 real_hotpotqa_03860_5a83a30a5542992ef85e2339 seed=0 arm=react: per_fault={'ctx': True, 'bullets': True, 'concise': False, 'english': True} all_resolved=False n_resolved=3/4 tokens=(4954,1162)
  N=4 real_hotpotqa_03860_5a83a30a5542992ef85e2339 seed=0 arm=selfcheckgpt: per_fault={'ctx': False, 'bullets': True, 'concise': True, 'english': True} all_resolved=False n_resolved=3/4 tokens=(14174,615)
  N=4 real_hotpotqa_03860_5a83a30a5542992ef85e2339 seed=0 arm=reflexion: per_fault={'ctx': False, 'bullets': True, 'concise': True, 'english': True} all_resolved=False n_resolved=3/4 tokens=(15976,2174)
  N=4 real_hotpotqa_03860_5a83a30a5542992ef85e2339 seed=0 arm=intro_specter: per_fault={'ctx': True, 'bullets': True, 'concise': True, 'english': True} all_resolved=True n_resolved=4/4 tokens=(5771,911)
  N=4 real_hotpotqa_03860_5a83a30a5542992ef85e2339 seed=1 arm=direct: per_fault={'ctx': False, 'bullets': True, 'concise': True, 'english': True} all_resolved=False n_resolved=3/4 tokens=(2449,537)
  N=4 real_hotpotqa_03860_5a83a30a5542992ef85e2339 seed=1 arm=self_refine: per_fault={'ctx': False, 'bullets': True, 'concise': True, 'english': True} all_resolved=False n_resolved=3/4 tokens=(5619,1391)
  N=4 real_hotpotqa_03860_5a83a30a5542992ef85e2339 seed=1 arm=full_regen: per_fault={'ctx': False, 'bullets': True, 'concise': True, 'english': True} all_resolved=False n_resolved=3/4 tokens=(4898,833)
  N=4 real_hotpotqa_03860_5a83a30a5542992ef85e2339 seed=1 arm=react: per_fault={'ctx': True, 'bullets': True, 'concise': False, 'english': True} all_resolved=False n_resolved=3/4 tokens=(4954,1162)
  N=4 real_hotpotqa_03860_5a83a30a5542992ef85e2339 seed=1 arm=selfcheckgpt: per_fault={'ctx': False, 'bullets': True, 'concise': True, 'english': True} all_resolved=False n_resolved=3/4 tokens=(14211,698)
  N=4 real_hotpotqa_03860_5a83a30a5542992ef85e2339 seed=1 arm=reflexion: per_fault={'ctx': False, 'bullets': True, 'concise': True, 'english': True} all_resolved=False n_resolved=3/4 tokens=(15976,2174)
  N=4 real_hotpotqa_03860_5a83a30a5542992ef85e2339 seed=1 arm=intro_specter: per_fault={'ctx': True, 'bullets': True, 'concise': True, 'english': True} all_resolved=True n_resolved=4/4 tokens=(5771,911)
  N=4 real_hotpotqa_03860_5a83a30a5542992ef85e2339 seed=2 arm=direct: per_fault={'ctx': False, 'bullets': True, 'concise': True, 'english': True} all_resolved=False n_resolved=3/4 tokens=(2449,487)
  N=4 real_hotpotqa_03860_5a83a30a5542992ef85e2339 seed=2 arm=self_refine: per_fault={'ctx': False, 'bullets': True, 'concise': True, 'english': True} all_resolved=False n_resolved=3/4 tokens=(5569,1524)
  N=4 real_hotpotqa_03860_5a83a30a5542992ef85e2339 seed=2 arm=full_regen: per_fault={'ctx': True, 'bullets': True, 'concise': True, 'english': True} all_resolved=True n_resolved=4/4 tokens=(4898,828)
  N=4 real_hotpotqa_03860_5a83a30a5542992ef85e2339 seed=2 arm=react: per_fault={'ctx': False, 'bullets': True, 'concise': True, 'english': True} all_resolved=False n_resolved=3/4 tokens=(4954,1148)
  N=4 real_hotpotqa_03860_5a83a30a5542992ef85e2339 seed=2 arm=selfcheckgpt: per_fault={'ctx': False, 'bullets': True, 'concise': True, 'english': True} all_resolved=False n_resolved=3/4 tokens=(14358,640)
  N=4 real_hotpotqa_03860_5a83a30a5542992ef85e2339 seed=2 arm=reflexion: per_fault={'ctx': False, 'bullets': True, 'concise': True, 'english': True} all_resolved=False n_resolved=3/4 tokens=(15814,1910)
  N=4 real_hotpotqa_03860_5a83a30a5542992ef85e2339 seed=2 arm=intro_specter: per_fault={'ctx': False, 'bullets': True, 'concise': True, 'english': True} all_resolved=False n_resolved=3/4 tokens=(5721,1107)
  N=4 real_hotpotqa_03877_5ae058e855429945ae959331 seed=0 arm=direct: per_fault={'ctx': False, 'bullets': True, 'concise': True, 'preamble': True} all_resolved=False n_resolved=3/4 tokens=(2317,288)
  N=4 real_hotpotqa_03877_5ae058e855429945ae959331 seed=0 arm=self_refine: per_fault={'ctx': False, 'bullets': True, 'concise': True, 'preamble': True} all_resolved=False n_resolved=3/4 tokens=(5056,773)
  N=4 real_hotpotqa_03877_5ae058e855429945ae959331 seed=0 arm=full_regen: per_fault={'ctx': False, 'bullets': True, 'concise': True, 'preamble': True} all_resolved=False n_resolved=3/4 tokens=(4634,739)
  N=4 real_hotpotqa_03877_5ae058e855429945ae959331 seed=0 arm=react: per_fault={'ctx': False, 'bullets': True, 'concise': False, 'preamble': True} all_resolved=False n_resolved=2/4 tokens=(4690,646)
  N=4 real_hotpotqa_03877_5ae058e855429945ae959331 seed=0 arm=selfcheckgpt: per_fault={'ctx': False, 'bullets': True, 'concise': True, 'preamble': True} all_resolved=False n_resolved=3/4 tokens=(13600,423)
  N=4 real_hotpotqa_03877_5ae058e855429945ae959331 seed=0 arm=reflexion: per_fault={'ctx': True, 'bullets': True, 'concise': True, 'preamble': True} all_resolved=True n_resolved=4/4 tokens=(13976,1410)
  N=4 real_hotpotqa_03877_5ae058e855429945ae959331 seed=0 arm=intro_specter: per_fault={'ctx': True, 'bullets': True, 'concise': True, 'preamble': True} all_resolved=True n_resolved=4/4 tokens=(5208,793)
  N=4 real_hotpotqa_03877_5ae058e855429945ae959331 seed=1 arm=direct: per_fault={'ctx': False, 'bullets': True, 'concise': True, 'preamble': True} all_resolved=False n_resolved=3/4 tokens=(2317,288)
  N=4 real_hotpotqa_03877_5ae058e855429945ae959331 seed=1 arm=self_refine: per_fault={'ctx': False, 'bullets': True, 'concise': True, 'preamble': True} all_resolved=False n_resolved=3/4 tokens=(5056,773)
  N=4 real_hotpotqa_03877_5ae058e855429945ae959331 seed=1 arm=full_regen: per_fault={'ctx': False, 'bullets': True, 'concise': True, 'preamble': True} all_resolved=False n_resolved=3/4 tokens=(4634,756)
  N=4 real_hotpotqa_03877_5ae058e855429945ae959331 seed=1 arm=react: per_fault={'ctx': False, 'bullets': True, 'concise': False, 'preamble': True} all_resolved=False n_resolved=2/4 tokens=(4690,646)
  N=4 real_hotpotqa_03877_5ae058e855429945ae959331 seed=1 arm=selfcheckgpt: per_fault={'ctx': False, 'bullets': True, 'concise': True, 'preamble': True} all_resolved=False n_resolved=3/4 tokens=(13562,448)
  N=4 real_hotpotqa_03877_5ae058e855429945ae959331 seed=1 arm=reflexion: per_fault={'ctx': True, 'bullets': True, 'concise': True, 'preamble': True} all_resolved=True n_resolved=4/4 tokens=(13976,1410)
  N=4 real_hotpotqa_03877_5ae058e855429945ae959331 seed=1 arm=intro_specter: per_fault={'ctx': True, 'bullets': True, 'concise': True, 'preamble': True} all_resolved=True n_resolved=4/4 tokens=(5208,793)
[RETRY] selfcheckgpt task=real_hotpotqa_03935_5ac2616b5542996366519997 seed=0 attempt 1/5 failed (failed to obtain JSON after 3 attempts: could not parse JSON from model output:
{
  "final_output": "在牙 وسلم Island上 nacimiento Cudjoe 的.owner."); retrying in 3s
[RETRY] selfcheckgpt task=real_hotpotqa_03935_5ac2616b5542996366519997 seed=0 attempt 2/5 failed (failed to obtain JSON after 3 attempts: could not parse JSON from model output:
{
  "final_output": "在牙 وسلم Island上 nacimiento Cudjoe 的.owner."); retrying in 6s
[RETRY] selfcheckgpt task=real_hotpotqa_03935_5ac2616b5542996366519997 seed=0 attempt 3/5 failed (failed to obtain JSON after 3 attempts: could not parse JSON from model output:
{
  "final_output": "在牙 وسلم Island上 nacimiento Cudjoe 的.owner."); retrying in 12s
[RETRY] selfcheckgpt task=real_hotpotqa_03935_5ac2616b5542996366519997 seed=0 attempt 4/5 failed (failed to obtain JSON after 3 attempts: could not parse JSON from model output:
{
  "final_output": "在牙 وسلم Island上 nacimiento Cudjoe 的.owner."); retrying in 24s
[ERROR] selfcheckgpt failed task=real_hotpotqa_03935_5ac2616b5542996366519997 seed=0: failed to obtain JSON after 3 attempts: could not parse JSON from model output:
{
  "final_output": "在牙 وسلم Island上 nacimiento Cudjoe 的.owner."
  N=4 real_hotpotqa_03877_5ae058e855429945ae959331 seed=2 arm=direct: per_fault={'ctx': True, 'bullets': True, 'concise': True, 'preamble': True} all_resolved=True n_resolved=4/4 tokens=(2317,302)
  N=4 real_hotpotqa_03877_5ae058e855429945ae959331 seed=2 arm=self_refine: per_fault={'ctx': True, 'bullets': True, 'concise': True, 'preamble': True} all_resolved=True n_resolved=4/4 tokens=(5014,849)
  N=4 real_hotpotqa_03877_5ae058e855429945ae959331 seed=2 arm=full_regen: per_fault={'ctx': False, 'bullets': True, 'concise': False, 'preamble': True} all_resolved=False n_resolved=2/4 tokens=(4634,855)
  N=4 real_hotpotqa_03877_5ae058e855429945ae959331 seed=2 arm=react: per_fault={'ctx': False, 'bullets': True, 'concise': False, 'preamble': True} all_resolved=False n_resolved=2/4 tokens=(4690,785)
  N=4 real_hotpotqa_03877_5ae058e855429945ae959331 seed=2 arm=selfcheckgpt: per_fault={'ctx': True, 'bullets': True, 'concise': True, 'preamble': True} all_resolved=True n_resolved=4/4 tokens=(13550,451)
  N=4 real_hotpotqa_03877_5ae058e855429945ae959331 seed=2 arm=reflexion: per_fault={'ctx': True, 'bullets': True, 'concise': True, 'preamble': True} all_resolved=True n_resolved=4/4 tokens=(2317,302)
  N=4 real_hotpotqa_03877_5ae058e855429945ae959331 seed=2 arm=intro_specter: per_fault={'ctx': True, 'bullets': True, 'concise': True, 'preamble': True} all_resolved=True n_resolved=4/4 tokens=(5166,755)
  N=4 real_hotpotqa_03914_5a7b1e22554299042af8f6e4 seed=0 arm=direct: per_fault={'ctx': True, 'bullets': True, 'concise': True, 'english': True} all_resolved=True n_resolved=4/4 tokens=(2369,407)
  N=4 real_hotpotqa_03914_5a7b1e22554299042af8f6e4 seed=0 arm=self_refine: per_fault={'ctx': True, 'bullets': True, 'concise': True, 'english': True} all_resolved=True n_resolved=4/4 tokens=(5287,1168)
  N=4 real_hotpotqa_03914_5a7b1e22554299042af8f6e4 seed=0 arm=full_regen: per_fault={'ctx': True, 'bullets': True, 'concise': True, 'english': True} all_resolved=True n_resolved=4/4 tokens=(4738,1012)
  N=4 real_hotpotqa_03914_5a7b1e22554299042af8f6e4 seed=0 arm=react: per_fault={'ctx': True, 'bullets': True, 'concise': True, 'english': True} all_resolved=True n_resolved=4/4 tokens=(4794,1062)
  N=4 real_hotpotqa_03914_5a7b1e22554299042af8f6e4 seed=0 arm=selfcheckgpt: per_fault={'ctx': True, 'bullets': True, 'concise': True, 'english': True} all_resolved=True n_resolved=4/4 tokens=(13880,571)
  N=4 real_hotpotqa_03914_5a7b1e22554299042af8f6e4 seed=0 arm=reflexion: per_fault={'ctx': True, 'bullets': True, 'concise': True, 'english': True} all_resolved=True n_resolved=4/4 tokens=(2369,407)
  N=4 real_hotpotqa_03914_5a7b1e22554299042af8f6e4 seed=0 arm=intro_specter: per_fault={'ctx': True, 'bullets': True, 'concise': True, 'english': True} all_resolved=True n_resolved=4/4 tokens=(5439,921)
  N=4 real_hotpotqa_03914_5a7b1e22554299042af8f6e4 seed=1 arm=direct: per_fault={'ctx': True, 'bullets': True, 'concise': True, 'english': True} all_resolved=True n_resolved=4/4 tokens=(2369,407)
  N=4 real_hotpotqa_03914_5a7b1e22554299042af8f6e4 seed=1 arm=self_refine: per_fault={'ctx': True, 'bullets': True, 'concise': True, 'english': True} all_resolved=True n_resolved=4/4 tokens=(5287,1168)
  N=4 real_hotpotqa_03914_5a7b1e22554299042af8f6e4 seed=1 arm=full_regen: per_fault={'ctx': False, 'bullets': True, 'concise': True, 'english': True} all_resolved=False n_resolved=3/4 tokens=(4738,869)
  N=4 real_hotpotqa_03914_5a7b1e22554299042af8f6e4 seed=1 arm=react: per_fault={'ctx': True, 'bullets': True, 'concise': True, 'english': True} all_resolved=True n_resolved=4/4 tokens=(4794,1062)
  N=4 real_hotpotqa_03914_5a7b1e22554299042af8f6e4 seed=1 arm=selfcheckgpt: per_fault={'ctx': True, 'bullets': True, 'concise': True, 'english': True} all_resolved=True n_resolved=4/4 tokens=(13897,593)
  N=4 real_hotpotqa_03914_5a7b1e22554299042af8f6e4 seed=1 arm=reflexion: per_fault={'ctx': True, 'bullets': True, 'concise': True, 'english': True} all_resolved=True n_resolved=4/4 tokens=(2369,407)
  N=4 real_hotpotqa_03914_5a7b1e22554299042af8f6e4 seed=1 arm=intro_specter: per_fault={'ctx': True, 'bullets': True, 'concise': True, 'english': True} all_resolved=True n_resolved=4/4 tokens=(5439,921)
  N=4 real_hotpotqa_03914_5a7b1e22554299042af8f6e4 seed=2 arm=direct: per_fault={'ctx': True, 'bullets': True, 'concise': True, 'english': True} all_resolved=True n_resolved=4/4 tokens=(2369,344)
  N=4 real_hotpotqa_03914_5a7b1e22554299042af8f6e4 seed=2 arm=self_refine: per_fault={'ctx': True, 'bullets': True, 'concise': True, 'english': True} all_resolved=True n_resolved=4/4 tokens=(5203,1276)
  N=4 real_hotpotqa_03914_5a7b1e22554299042af8f6e4 seed=2 arm=full_regen: per_fault={'ctx': False, 'bullets': True, 'concise': True, 'english': True} all_resolved=False n_resolved=3/4 tokens=(4738,903)
  N=4 real_hotpotqa_03914_5a7b1e22554299042af8f6e4 seed=2 arm=react: per_fault={'ctx': True, 'bullets': True, 'concise': True, 'english': True} all_resolved=True n_resolved=4/4 tokens=(4794,860)
  N=4 real_hotpotqa_03914_5a7b1e22554299042af8f6e4 seed=2 arm=selfcheckgpt: per_fault={'ctx': True, 'bullets': True, 'concise': True, 'english': True} all_resolved=True n_resolved=4/4 tokens=(13888,504)
  N=4 real_hotpotqa_03914_5a7b1e22554299042af8f6e4 seed=2 arm=reflexion: per_fault={'ctx': True, 'bullets': True, 'concise': True, 'english': True} all_resolved=True n_resolved=4/4 tokens=(2369,344)
  N=4 real_hotpotqa_03914_5a7b1e22554299042af8f6e4 seed=2 arm=intro_specter: per_fault={'ctx': True, 'bullets': True, 'concise': True, 'english': True} all_resolved=True n_resolved=4/4 tokens=(5355,809)
  N=4 real_hotpotqa_03935_5ac2616b5542996366519997 seed=0 arm=direct: per_fault={'ctx': False, 'concise': True, 'english': True, 'preamble': True} all_resolved=False n_resolved=3/4 tokens=(2457,152)
  N=4 real_hotpotqa_03935_5ac2616b5542996366519997 seed=0 arm=self_refine: per_fault={'ctx': False, 'concise': True, 'english': True, 'preamble': True} all_resolved=False n_resolved=3/4 tokens=(5103,693)
  N=4 real_hotpotqa_03935_5ac2616b5542996366519997 seed=0 arm=full_regen: per_fault={'ctx': False, 'concise': True, 'english': True, 'preamble': True} all_resolved=False n_resolved=3/4 tokens=(4914,467)
  N=4 real_hotpotqa_03935_5ac2616b5542996366519997 seed=0 arm=react: per_fault={'ctx': False, 'concise': True, 'english': True, 'preamble': True} all_resolved=False n_resolved=3/4 tokens=(4970,474)
  N=4 real_hotpotqa_03935_5ac2616b5542996366519997 seed=0 arm=reflexion: per_fault={'ctx': False, 'concise': False, 'english': True, 'preamble': True} all_resolved=False n_resolved=2/4 tokens=(13424,918)
  N=4 real_hotpotqa_03935_5ac2616b5542996366519997 seed=0 arm=intro_specter: per_fault={'ctx': True, 'concise': True, 'english': True, 'preamble': True} all_resolved=True n_resolved=4/4 tokens=(5255,453)
  N=4 real_hotpotqa_03935_5ac2616b5542996366519997 seed=1 arm=direct: per_fault={'ctx': False, 'concise': True, 'english': True, 'preamble': True} all_resolved=False n_resolved=3/4 tokens=(2457,152)
  N=4 real_hotpotqa_03935_5ac2616b5542996366519997 seed=1 arm=self_refine: per_fault={'ctx': False, 'concise': True, 'english': True, 'preamble': True} all_resolved=False n_resolved=3/4 tokens=(5103,693)
  N=4 real_hotpotqa_03935_5ac2616b5542996366519997 seed=1 arm=full_regen: per_fault={'ctx': False, 'concise': True, 'english': True, 'preamble': True} all_resolved=False n_resolved=3/4 tokens=(4914,617)
  N=4 real_hotpotqa_03935_5ac2616b5542996366519997 seed=1 arm=react: per_fault={'ctx': False, 'concise': True, 'english': True, 'preamble': True} all_resolved=False n_resolved=3/4 tokens=(4970,474)
  N=4 real_hotpotqa_03935_5ac2616b5542996366519997 seed=1 arm=selfcheckgpt: per_fault={'ctx': False, 'concise': True, 'english': True, 'preamble': True} all_resolved=False n_resolved=3/4 tokens=(16816,304)
  N=4 real_hotpotqa_03935_5ac2616b5542996366519997 seed=1 arm=reflexion: per_fault={'ctx': False, 'concise': False, 'english': True, 'preamble': True} all_resolved=False n_resolved=2/4 tokens=(13424,918)
  N=4 real_hotpotqa_03935_5ac2616b5542996366519997 seed=1 arm=intro_specter: per_fault={'ctx': True, 'concise': True, 'english': True, 'preamble': True} all_resolved=True n_resolved=4/4 tokens=(5255,453)
  N=4 real_hotpotqa_03935_5ac2616b5542996366519997 seed=2 arm=direct: per_fault={'ctx': False, 'concise': True, 'english': True, 'preamble': True} all_resolved=False n_resolved=3/4 tokens=(2457,379)
  N=4 real_hotpotqa_03935_5ac2616b5542996366519997 seed=2 arm=self_refine: per_fault={'ctx': False, 'concise': True, 'english': True, 'preamble': True} all_resolved=False n_resolved=3/4 tokens=(5430,924)
  N=4 real_hotpotqa_03935_5ac2616b5542996366519997 seed=2 arm=full_regen: per_fault={'ctx': False, 'concise': True, 'english': True, 'preamble': True} all_resolved=False n_resolved=3/4 tokens=(4914,671)
  N=4 real_hotpotqa_03935_5ac2616b5542996366519997 seed=2 arm=react: per_fault={'ctx': False, 'concise': True, 'english': True, 'preamble': True} all_resolved=False n_resolved=3/4 tokens=(4970,819)
  N=4 real_hotpotqa_03935_5ac2616b5542996366519997 seed=2 arm=selfcheckgpt: per_fault={'ctx': False, 'concise': True, 'english': True, 'preamble': True} all_resolved=False n_resolved=3/4 tokens=(16773,514)
  N=4 real_hotpotqa_03935_5ac2616b5542996366519997 seed=2 arm=reflexion: per_fault={'ctx': False, 'concise': True, 'english': True, 'preamble': True} all_resolved=False n_resolved=3/4 tokens=(14874,1633)
  N=4 real_hotpotqa_03935_5ac2616b5542996366519997 seed=2 arm=intro_specter: per_fault={'ctx': False, 'concise': True, 'english': True, 'preamble': True} all_resolved=False n_resolved=3/4 tokens=(5545,919)
  N=4 real_hotpotqa_03945_5ae67def5542991bbc9760f3 seed=0 arm=direct: per_fault={'ctx': True, 'bullets': True, 'concise': True, 'english': True} all_resolved=True n_resolved=4/4 tokens=(2289,402)
  N=4 real_hotpotqa_03945_5ae67def5542991bbc9760f3 seed=0 arm=self_refine: per_fault={'ctx': True, 'bullets': True, 'concise': True, 'english': True} all_resolved=True n_resolved=4/4 tokens=(5098,1121)
  N=4 real_hotpotqa_03945_5ae67def5542991bbc9760f3 seed=0 arm=full_regen: per_fault={'ctx': False, 'bullets': True, 'concise': True, 'english': True} all_resolved=False n_resolved=3/4 tokens=(4578,737)
  N=4 real_hotpotqa_03945_5ae67def5542991bbc9760f3 seed=0 arm=react: per_fault={'ctx': True, 'bullets': True, 'concise': True, 'english': True} all_resolved=True n_resolved=4/4 tokens=(4634,860)
  N=4 real_hotpotqa_03945_5ae67def5542991bbc9760f3 seed=0 arm=selfcheckgpt: per_fault={'ctx': True, 'bullets': True, 'concise': True, 'english': True} all_resolved=True n_resolved=4/4 tokens=(13405,581)
  N=4 real_hotpotqa_03945_5ae67def5542991bbc9760f3 seed=0 arm=reflexion: per_fault={'ctx': True, 'bullets': True, 'concise': True, 'english': True} all_resolved=True n_resolved=4/4 tokens=(2289,402)
  N=4 real_hotpotqa_03945_5ae67def5542991bbc9760f3 seed=0 arm=intro_specter: per_fault={'ctx': True, 'bullets': True, 'concise': True, 'english': True} all_resolved=True n_resolved=4/4 tokens=(5250,829)
  N=4 real_hotpotqa_03945_5ae67def5542991bbc9760f3 seed=1 arm=direct: per_fault={'ctx': True, 'bullets': True, 'concise': True, 'english': True} all_resolved=True n_resolved=4/4 tokens=(2289,402)
  N=4 real_hotpotqa_03945_5ae67def5542991bbc9760f3 seed=1 arm=self_refine: per_fault={'ctx': True, 'bullets': True, 'concise': True, 'english': True} all_resolved=True n_resolved=4/4 tokens=(5098,1121)
  N=4 real_hotpotqa_03945_5ae67def5542991bbc9760f3 seed=1 arm=full_regen: per_fault={'ctx': False, 'bullets': True, 'concise': True, 'english': True} all_resolved=False n_resolved=3/4 tokens=(4578,810)
  N=4 real_hotpotqa_03945_5ae67def5542991bbc9760f3 seed=1 arm=react: per_fault={'ctx': True, 'bullets': True, 'concise': True, 'english': True} all_resolved=True n_resolved=4/4 tokens=(4634,860)
  N=4 real_hotpotqa_03945_5ae67def5542991bbc9760f3 seed=1 arm=selfcheckgpt: per_fault={'ctx': True, 'bullets': True, 'concise': True, 'english': True} all_resolved=True n_resolved=4/4 tokens=(15651,611)
  N=4 real_hotpotqa_03945_5ae67def5542991bbc9760f3 seed=1 arm=reflexion: per_fault={'ctx': True, 'bullets': True, 'concise': True, 'english': True} all_resolved=True n_resolved=4/4 tokens=(2289,402)
  N=4 real_hotpotqa_03945_5ae67def5542991bbc9760f3 seed=1 arm=intro_specter: per_fault={'ctx': True, 'bullets': True, 'concise': True, 'english': True} all_resolved=True n_resolved=4/4 tokens=(5250,829)
  N=4 real_hotpotqa_03945_5ae67def5542991bbc9760f3 seed=2 arm=direct: per_fault={'ctx': True, 'bullets': True, 'concise': False, 'english': True} all_resolved=False n_resolved=3/4 tokens=(2289,385)
  N=4 real_hotpotqa_03945_5ae67def5542991bbc9760f3 seed=2 arm=self_refine: per_fault={'ctx': True, 'bullets': True, 'concise': False, 'english': True} all_resolved=False n_resolved=3/4 tokens=(5067,1362)
  N=4 real_hotpotqa_03945_5ae67def5542991bbc9760f3 seed=2 arm=full_regen: per_fault={'ctx': False, 'bullets': True, 'concise': True, 'english': True} all_resolved=False n_resolved=3/4 tokens=(4578,830)
  N=4 real_hotpotqa_03945_5ae67def5542991bbc9760f3 seed=2 arm=react: per_fault={'ctx': True, 'bullets': True, 'concise': True, 'english': True} all_resolved=True n_resolved=4/4 tokens=(4634,969)
  N=4 real_hotpotqa_03945_5ae67def5542991bbc9760f3 seed=2 arm=selfcheckgpt: per_fault={'ctx': True, 'bullets': True, 'concise': True, 'english': True} all_resolved=True n_resolved=4/4 tokens=(15911,627)
  N=4 real_hotpotqa_03945_5ae67def5542991bbc9760f3 seed=2 arm=reflexion: per_fault={'ctx': True, 'bullets': True, 'concise': False, 'english': True} all_resolved=False n_resolved=3/4 tokens=(2289,385)
  N=4 real_hotpotqa_03945_5ae67def5542991bbc9760f3 seed=2 arm=intro_specter: per_fault={'ctx': True, 'bullets': True, 'concise': False, 'english': True} all_resolved=False n_resolved=3/4 tokens=(5219,906)
  N=4 real_hotpotqa_04106_5a9087ac5542990a98493668 seed=0 arm=direct: per_fault={'ctx': False, 'concise': True, 'english': True, 'preamble': True} all_resolved=False n_resolved=3/4 tokens=(2466,542)
  N=4 real_hotpotqa_04106_5a9087ac5542990a98493668 seed=0 arm=self_refine: per_fault={'ctx': False, 'concise': True, 'english': True, 'preamble': True} all_resolved=False n_resolved=3/4 tokens=(5616,1260)
  N=4 real_hotpotqa_04106_5a9087ac5542990a98493668 seed=0 arm=full_regen: per_fault={'ctx': False, 'concise': True, 'english': True, 'preamble': True} all_resolved=False n_resolved=3/4 tokens=(4932,1160)
  N=4 real_hotpotqa_04106_5a9087ac5542990a98493668 seed=0 arm=react: per_fault={'ctx': True, 'concise': False, 'english': True, 'preamble': True} all_resolved=False n_resolved=3/4 tokens=(4988,1053)
  N=4 real_hotpotqa_04106_5a9087ac5542990a98493668 seed=0 arm=selfcheckgpt: per_fault={'ctx': True, 'concise': True, 'english': True, 'preamble': True} all_resolved=True n_resolved=4/4 tokens=(16924,751)
  N=4 real_hotpotqa_04106_5a9087ac5542990a98493668 seed=0 arm=reflexion: per_fault={'ctx': False, 'concise': True, 'english': True, 'preamble': True} all_resolved=False n_resolved=3/4 tokens=(16222,2430)
  N=4 real_hotpotqa_04106_5a9087ac5542990a98493668 seed=0 arm=intro_specter: per_fault={'ctx': True, 'concise': True, 'english': True, 'preamble': True} all_resolved=True n_resolved=4/4 tokens=(5768,1283)
  N=4 real_hotpotqa_04106_5a9087ac5542990a98493668 seed=1 arm=direct: per_fault={'ctx': False, 'concise': True, 'english': True, 'preamble': True} all_resolved=False n_resolved=3/4 tokens=(2466,542)
  N=4 real_hotpotqa_04106_5a9087ac5542990a98493668 seed=1 arm=self_refine: per_fault={'ctx': False, 'concise': True, 'english': True, 'preamble': True} all_resolved=False n_resolved=3/4 tokens=(5616,1260)
  N=4 real_hotpotqa_04106_5a9087ac5542990a98493668 seed=1 arm=full_regen: per_fault={'ctx': True, 'concise': True, 'english': True, 'preamble': True} all_resolved=True n_resolved=4/4 tokens=(4932,1188)
  N=4 real_hotpotqa_04106_5a9087ac5542990a98493668 seed=1 arm=react: per_fault={'ctx': True, 'concise': False, 'english': True, 'preamble': True} all_resolved=False n_resolved=3/4 tokens=(4988,1053)
[RETRY] selfcheckgpt task=real_hotpotqa_04152_5a7f81425542992097ad2f8e seed=0 attempt 1/5 failed (failed to obtain JSON after 3 attempts: could not parse JSON from model output:
{
  "final_output": "Mean Girls"); retrying in 3s
[RETRY] selfcheckgpt task=real_hotpotqa_04152_5a7f81425542992097ad2f8e seed=0 attempt 2/5 failed (failed to obtain JSON after 3 attempts: could not parse JSON from model output:
{
  "final_output": "Mean Girls"); retrying in 6s
[RETRY] selfcheckgpt task=real_hotpotqa_04152_5a7f81425542992097ad2f8e seed=0 attempt 3/5 failed (failed to obtain JSON after 3 attempts: could not parse JSON from model output:
{
  "final_output": "Mean Girls"); retrying in 12s
[RETRY] selfcheckgpt task=real_hotpotqa_04152_5a7f81425542992097ad2f8e seed=0 attempt 4/5 failed (failed to obtain JSON after 3 attempts: could not parse JSON from model output:
{
  "final_output": "Mean Girls"); retrying in 24s
[ERROR] selfcheckgpt failed task=real_hotpotqa_04152_5a7f81425542992097ad2f8e seed=0: failed to obtain JSON after 3 attempts: could not parse JSON from model output:
{
  "final_output": "Mean Girls"
  N=4 real_hotpotqa_04106_5a9087ac5542990a98493668 seed=1 arm=selfcheckgpt: per_fault={'ctx': False, 'concise': True, 'english': True, 'preamble': True} all_resolved=False n_resolved=3/4 tokens=(14493,714)
  N=4 real_hotpotqa_04106_5a9087ac5542990a98493668 seed=1 arm=reflexion: per_fault={'ctx': False, 'concise': True, 'english': True, 'preamble': True} all_resolved=False n_resolved=3/4 tokens=(16222,2430)
  N=4 real_hotpotqa_04106_5a9087ac5542990a98493668 seed=1 arm=intro_specter: per_fault={'ctx': True, 'concise': True, 'english': True, 'preamble': True} all_resolved=True n_resolved=4/4 tokens=(5768,1283)
  N=4 real_hotpotqa_04106_5a9087ac5542990a98493668 seed=2 arm=direct: per_fault={'ctx': True, 'concise': True, 'english': True, 'preamble': True} all_resolved=True n_resolved=4/4 tokens=(2466,318)
  N=4 real_hotpotqa_04106_5a9087ac5542990a98493668 seed=2 arm=self_refine: per_fault={'ctx': False, 'concise': True, 'english': True, 'preamble': True} all_resolved=False n_resolved=3/4 tokens=(5329,845)
  N=4 real_hotpotqa_04106_5a9087ac5542990a98493668 seed=2 arm=full_regen: per_fault={'ctx': True, 'concise': True, 'english': True, 'preamble': True} all_resolved=True n_resolved=4/4 tokens=(4932,609)
  N=4 real_hotpotqa_04106_5a9087ac5542990a98493668 seed=2 arm=react: per_fault={'ctx': True, 'concise': True, 'english': True, 'preamble': True} all_resolved=True n_resolved=4/4 tokens=(4988,911)
  N=4 real_hotpotqa_04106_5a9087ac5542990a98493668 seed=2 arm=selfcheckgpt: per_fault={'ctx': True, 'concise': True, 'english': True, 'preamble': True} all_resolved=True n_resolved=4/4 tokens=(14493,451)
  N=4 real_hotpotqa_04106_5a9087ac5542990a98493668 seed=2 arm=reflexion: per_fault={'ctx': True, 'concise': True, 'english': True, 'preamble': True} all_resolved=True n_resolved=4/4 tokens=(2466,318)
  N=4 real_hotpotqa_04106_5a9087ac5542990a98493668 seed=2 arm=intro_specter: per_fault={'ctx': True, 'concise': True, 'english': True, 'preamble': True} all_resolved=True n_resolved=4/4 tokens=(5481,812)
  N=4 real_hotpotqa_04120_5adf94e05542995534e8c7f7 seed=0 arm=direct: per_fault={'ctx': True, 'concise': True, 'english': True, 'preamble': True} all_resolved=True n_resolved=4/4 tokens=(2426,251)
  N=4 real_hotpotqa_04120_5adf94e05542995534e8c7f7 seed=0 arm=self_refine: per_fault={'ctx': True, 'concise': True, 'english': True, 'preamble': True} all_resolved=True n_resolved=4/4 tokens=(5161,829)
  N=4 real_hotpotqa_04120_5adf94e05542995534e8c7f7 seed=0 arm=full_regen: per_fault={'ctx': False, 'concise': True, 'english': True, 'preamble': True} all_resolved=False n_resolved=3/4 tokens=(4852,453)
  N=4 real_hotpotqa_04120_5adf94e05542995534e8c7f7 seed=0 arm=react: per_fault={'ctx': True, 'concise': True, 'english': True, 'preamble': True} all_resolved=True n_resolved=4/4 tokens=(4908,632)
  N=4 real_hotpotqa_04120_5adf94e05542995534e8c7f7 seed=0 arm=selfcheckgpt: per_fault={'ctx': True, 'concise': True, 'english': True, 'preamble': True} all_resolved=True n_resolved=4/4 tokens=(16627,416)
  N=4 real_hotpotqa_04120_5adf94e05542995534e8c7f7 seed=0 arm=reflexion: per_fault={'ctx': True, 'concise': True, 'english': True, 'preamble': True} all_resolved=True n_resolved=4/4 tokens=(2426,251)
  N=4 real_hotpotqa_04120_5adf94e05542995534e8c7f7 seed=0 arm=intro_specter: per_fault={'ctx': True, 'concise': True, 'english': True, 'preamble': True} all_resolved=True n_resolved=4/4 tokens=(5313,568)
  N=4 real_hotpotqa_04120_5adf94e05542995534e8c7f7 seed=1 arm=direct: per_fault={'ctx': True, 'concise': True, 'english': True, 'preamble': True} all_resolved=True n_resolved=4/4 tokens=(2426,251)
  N=4 real_hotpotqa_04120_5adf94e05542995534e8c7f7 seed=1 arm=self_refine: per_fault={'ctx': True, 'concise': True, 'english': True, 'preamble': True} all_resolved=True n_resolved=4/4 tokens=(5161,829)
  N=4 real_hotpotqa_04120_5adf94e05542995534e8c7f7 seed=1 arm=full_regen: per_fault={'ctx': True, 'concise': True, 'english': True, 'preamble': True} all_resolved=True n_resolved=4/4 tokens=(4852,633)
  N=4 real_hotpotqa_04120_5adf94e05542995534e8c7f7 seed=1 arm=react: per_fault={'ctx': True, 'concise': True, 'english': True, 'preamble': True} all_resolved=True n_resolved=4/4 tokens=(4908,632)
  N=4 real_hotpotqa_04120_5adf94e05542995534e8c7f7 seed=1 arm=selfcheckgpt: per_fault={'ctx': True, 'concise': True, 'english': True, 'preamble': True} all_resolved=True n_resolved=4/4 tokens=(16653,419)
  N=4 real_hotpotqa_04120_5adf94e05542995534e8c7f7 seed=1 arm=reflexion: per_fault={'ctx': True, 'concise': True, 'english': True, 'preamble': True} all_resolved=True n_resolved=4/4 tokens=(2426,251)
  N=4 real_hotpotqa_04120_5adf94e05542995534e8c7f7 seed=1 arm=intro_specter: per_fault={'ctx': True, 'concise': True, 'english': True, 'preamble': True} all_resolved=True n_resolved=4/4 tokens=(5313,568)
  N=4 real_hotpotqa_04120_5adf94e05542995534e8c7f7 seed=2 arm=direct: per_fault={'ctx': False, 'concise': True, 'english': True, 'preamble': True} all_resolved=False n_resolved=3/4 tokens=(2426,302)
  N=4 real_hotpotqa_04120_5adf94e05542995534e8c7f7 seed=2 arm=self_refine: per_fault={'ctx': False, 'concise': True, 'english': True, 'preamble': True} all_resolved=False n_resolved=3/4 tokens=(5254,932)
  N=4 real_hotpotqa_04120_5adf94e05542995534e8c7f7 seed=2 arm=full_regen: per_fault={'ctx': False, 'concise': True, 'english': True, 'preamble': True} all_resolved=False n_resolved=3/4 tokens=(4852,602)
  N=4 real_hotpotqa_04120_5adf94e05542995534e8c7f7 seed=2 arm=react: per_fault={'ctx': False, 'concise': True, 'english': True, 'preamble': True} all_resolved=False n_resolved=3/4 tokens=(4908,743)
  N=4 real_hotpotqa_04120_5adf94e05542995534e8c7f7 seed=2 arm=selfcheckgpt: per_fault={'ctx': False, 'concise': True, 'english': True, 'preamble': True} all_resolved=False n_resolved=3/4 tokens=(14265,445)
  N=4 real_hotpotqa_04120_5adf94e05542995534e8c7f7 seed=2 arm=reflexion: per_fault={'ctx': False, 'concise': True, 'english': True, 'preamble': True} all_resolved=False n_resolved=3/4 tokens=(14454,1458)
  N=4 real_hotpotqa_04120_5adf94e05542995534e8c7f7 seed=2 arm=intro_specter: per_fault={'ctx': True, 'concise': True, 'english': True, 'preamble': True} all_resolved=True n_resolved=4/4 tokens=(5406,692)
  N=4 real_hotpotqa_04152_5a7f81425542992097ad2f8e seed=0 arm=direct: per_fault={'ctx': True, 'bullets': True, 'concise': True, 'preamble': True} all_resolved=True n_resolved=4/4 tokens=(2452,290)
  N=4 real_hotpotqa_04152_5a7f81425542992097ad2f8e seed=0 arm=self_refine: per_fault={'ctx': True, 'bullets': True, 'concise': True, 'preamble': True} all_resolved=True n_resolved=4/4 tokens=(5273,910)
  N=4 real_hotpotqa_04152_5a7f81425542992097ad2f8e seed=0 arm=full_regen: per_fault={'ctx': True, 'bullets': True, 'concise': True, 'preamble': True} all_resolved=True n_resolved=4/4 tokens=(4904,747)
  N=4 real_hotpotqa_04152_5a7f81425542992097ad2f8e seed=0 arm=react: per_fault={'ctx': True, 'bullets': True, 'concise': True, 'preamble': True} all_resolved=True n_resolved=4/4 tokens=(4960,778)
  N=4 real_hotpotqa_04152_5a7f81425542992097ad2f8e seed=0 arm=reflexion: per_fault={'ctx': True, 'bullets': True, 'concise': True, 'preamble': True} all_resolved=True n_resolved=4/4 tokens=(2452,290)
  N=4 real_hotpotqa_04152_5a7f81425542992097ad2f8e seed=0 arm=intro_specter: per_fault={'ctx': True, 'bullets': True, 'concise': True, 'preamble': True} all_resolved=True n_resolved=4/4 tokens=(5425,817)
  N=4 real_hotpotqa_04152_5a7f81425542992097ad2f8e seed=1 arm=direct: per_fault={'ctx': True, 'bullets': True, 'concise': True, 'preamble': True} all_resolved=True n_resolved=4/4 tokens=(2452,290)
  N=4 real_hotpotqa_04152_5a7f81425542992097ad2f8e seed=1 arm=self_refine: per_fault={'ctx': True, 'bullets': True, 'concise': True, 'preamble': True} all_resolved=True n_resolved=4/4 tokens=(5273,910)
  N=4 real_hotpotqa_04152_5a7f81425542992097ad2f8e seed=1 arm=full_regen: per_fault={'ctx': True, 'bullets': True, 'concise': True, 'preamble': True} all_resolved=True n_resolved=4/4 tokens=(4904,585)
  N=4 real_hotpotqa_04152_5a7f81425542992097ad2f8e seed=1 arm=react: per_fault={'ctx': True, 'bullets': True, 'concise': True, 'preamble': True} all_resolved=True n_resolved=4/4 tokens=(4960,778)
  N=4 real_hotpotqa_04152_5a7f81425542992097ad2f8e seed=1 arm=selfcheckgpt: per_fault={'ctx': True, 'bullets': True, 'concise': True, 'preamble': True} all_resolved=True n_resolved=4/4 tokens=(14407,442)
  N=4 real_hotpotqa_04152_5a7f81425542992097ad2f8e seed=1 arm=reflexion: per_fault={'ctx': True, 'bullets': True, 'concise': True, 'preamble': True} all_resolved=True n_resolved=4/4 tokens=(2452,290)
  N=4 real_hotpotqa_04152_5a7f81425542992097ad2f8e seed=1 arm=intro_specter: per_fault={'ctx': True, 'bullets': True, 'concise': True, 'preamble': True} all_resolved=True n_resolved=4/4 tokens=(5425,817)
  N=4 real_hotpotqa_04152_5a7f81425542992097ad2f8e seed=2 arm=direct: per_fault={'ctx': True, 'bullets': True, 'concise': True, 'preamble': True} all_resolved=True n_resolved=4/4 tokens=(2452,484)
  N=4 real_hotpotqa_04152_5a7f81425542992097ad2f8e seed=2 arm=self_refine: per_fault={'ctx': True, 'bullets': True, 'concise': True, 'preamble': True} all_resolved=True n_resolved=4/4 tokens=(5530,1225)
  N=4 real_hotpotqa_04152_5a7f81425542992097ad2f8e seed=2 arm=full_regen: per_fault={'ctx': True, 'bullets': True, 'concise': True, 'preamble': True} all_resolved=True n_resolved=4/4 tokens=(4904,749)
  N=4 real_hotpotqa_04152_5a7f81425542992097ad2f8e seed=2 arm=react: per_fault={'ctx': True, 'bullets': True, 'concise': True, 'preamble': True} all_resolved=True n_resolved=4/4 tokens=(4960,1106)
  N=4 real_hotpotqa_04152_5a7f81425542992097ad2f8e seed=2 arm=selfcheckgpt: per_fault={'ctx': True, 'bullets': True, 'concise': True, 'preamble': True} all_resolved=True n_resolved=4/4 tokens=(14413,626)
  N=4 real_hotpotqa_04152_5a7f81425542992097ad2f8e seed=2 arm=reflexion: per_fault={'ctx': True, 'bullets': True, 'concise': True, 'preamble': True} all_resolved=True n_resolved=4/4 tokens=(2452,484)
  N=4 real_hotpotqa_04152_5a7f81425542992097ad2f8e seed=2 arm=intro_specter: per_fault={'ctx': True, 'bullets': True, 'concise': True, 'preamble': True} all_resolved=True n_resolved=4/4 tokens=(5682,1084)
  N=4 real_hotpotqa_04232_5a7a8d2355429941d65f26a1 seed=0 arm=direct: per_fault={'ctx': True, 'bullets': True, 'concise': True, 'english': True} all_resolved=True n_resolved=4/4 tokens=(2437,400)
  N=4 real_hotpotqa_04232_5a7a8d2355429941d65f26a1 seed=0 arm=self_refine: per_fault={'ctx': False, 'bullets': True, 'concise': False, 'english': True} all_resolved=False n_resolved=2/4 tokens=(5396,1140)
  N=4 real_hotpotqa_04232_5a7a8d2355429941d65f26a1 seed=0 arm=full_regen: per_fault={'ctx': False, 'bullets': True, 'concise': True, 'english': True} all_resolved=False n_resolved=3/4 tokens=(4874,932)
  N=4 real_hotpotqa_04232_5a7a8d2355429941d65f26a1 seed=0 arm=react: per_fault={'ctx': True, 'bullets': True, 'concise': True, 'english': True} all_resolved=True n_resolved=4/4 tokens=(4930,992)
  N=4 real_hotpotqa_04232_5a7a8d2355429941d65f26a1 seed=0 arm=selfcheckgpt: per_fault={'ctx': True, 'bullets': True, 'concise': True, 'english': True} all_resolved=True n_resolved=4/4 tokens=(14300,573)
  N=4 real_hotpotqa_04232_5a7a8d2355429941d65f26a1 seed=0 arm=reflexion: per_fault={'ctx': True, 'bullets': True, 'concise': True, 'english': True} all_resolved=True n_resolved=4/4 tokens=(2437,400)
  N=4 real_hotpotqa_04232_5a7a8d2355429941d65f26a1 seed=0 arm=intro_specter: per_fault={'ctx': True, 'bullets': True, 'concise': True, 'english': True} all_resolved=True n_resolved=4/4 tokens=(5548,927)
  N=4 real_hotpotqa_04232_5a7a8d2355429941d65f26a1 seed=1 arm=direct: per_fault={'ctx': True, 'bullets': True, 'concise': True, 'english': True} all_resolved=True n_resolved=4/4 tokens=(2437,400)
  N=4 real_hotpotqa_04232_5a7a8d2355429941d65f26a1 seed=1 arm=self_refine: per_fault={'ctx': False, 'bullets': True, 'concise': False, 'english': True} all_resolved=False n_resolved=2/4 tokens=(5396,1140)
  N=4 real_hotpotqa_04232_5a7a8d2355429941d65f26a1 seed=1 arm=full_regen: per_fault={'ctx': False, 'bullets': True, 'concise': True, 'english': True} all_resolved=False n_resolved=3/4 tokens=(4874,872)
  N=4 real_hotpotqa_04232_5a7a8d2355429941d65f26a1 seed=1 arm=react: per_fault={'ctx': True, 'bullets': True, 'concise': True, 'english': True} all_resolved=True n_resolved=4/4 tokens=(4930,992)
  N=4 real_hotpotqa_04232_5a7a8d2355429941d65f26a1 seed=1 arm=selfcheckgpt: per_fault={'ctx': True, 'bullets': True, 'concise': True, 'english': True} all_resolved=True n_resolved=4/4 tokens=(14317,599)
  N=4 real_hotpotqa_04232_5a7a8d2355429941d65f26a1 seed=1 arm=reflexion: per_fault={'ctx': True, 'bullets': True, 'concise': True, 'english': True} all_resolved=True n_resolved=4/4 tokens=(2437,400)
  N=4 real_hotpotqa_04232_5a7a8d2355429941d65f26a1 seed=1 arm=intro_specter: per_fault={'ctx': True, 'bullets': True, 'concise': True, 'english': True} all_resolved=True n_resolved=4/4 tokens=(5548,927)
  N=4 real_hotpotqa_04232_5a7a8d2355429941d65f26a1 seed=2 arm=direct: per_fault={'ctx': True, 'bullets': True, 'concise': True, 'english': True} all_resolved=True n_resolved=4/4 tokens=(2437,288)
  N=4 real_hotpotqa_04232_5a7a8d2355429941d65f26a1 seed=2 arm=self_refine: per_fault={'ctx': True, 'bullets': True, 'concise': True, 'english': True} all_resolved=True n_resolved=4/4 tokens=(5242,895)
  N=4 real_hotpotqa_04232_5a7a8d2355429941d65f26a1 seed=2 arm=full_regen: per_fault={'ctx': False, 'bullets': True, 'concise': True, 'english': True} all_resolved=False n_resolved=3/4 tokens=(4874,768)
  N=4 real_hotpotqa_04232_5a7a8d2355429941d65f26a1 seed=2 arm=react: per_fault={'ctx': True, 'bullets': True, 'concise': True, 'english': True} all_resolved=True n_resolved=4/4 tokens=(4930,807)
  N=4 real_hotpotqa_04232_5a7a8d2355429941d65f26a1 seed=2 arm=selfcheckgpt: per_fault={'ctx': True, 'bullets': True, 'concise': True, 'english': True} all_resolved=True n_resolved=4/4 tokens=(14346,428)
  N=4 real_hotpotqa_04232_5a7a8d2355429941d65f26a1 seed=2 arm=reflexion: per_fault={'ctx': True, 'bullets': True, 'concise': True, 'english': True} all_resolved=True n_resolved=4/4 tokens=(2437,288)
  N=4 real_hotpotqa_04232_5a7a8d2355429941d65f26a1 seed=2 arm=intro_specter: per_fault={'ctx': True, 'bullets': True, 'concise': True, 'english': True} all_resolved=True n_resolved=4/4 tokens=(5394,684)
  N=4 real_hotpotqa_04519_5a7149595542994082a3e76f seed=0 arm=direct: per_fault={'ctx': False, 'concise': True, 'english': True, 'preamble': True} all_resolved=False n_resolved=3/4 tokens=(2408,365)
  N=4 real_hotpotqa_04519_5a7149595542994082a3e76f seed=0 arm=self_refine: per_fault={'ctx': False, 'concise': True, 'english': True, 'preamble': True} all_resolved=False n_resolved=3/4 tokens=(5303,785)
  N=4 real_hotpotqa_04519_5a7149595542994082a3e76f seed=0 arm=full_regen: per_fault={'ctx': False, 'concise': True, 'english': True, 'preamble': True} all_resolved=False n_resolved=3/4 tokens=(4816,662)
  N=4 real_hotpotqa_04519_5a7149595542994082a3e76f seed=0 arm=react: per_fault={'ctx': True, 'concise': True, 'english': True, 'preamble': True} all_resolved=True n_resolved=4/4 tokens=(4872,698)
  N=4 real_hotpotqa_04519_5a7149595542994082a3e76f seed=0 arm=selfcheckgpt: per_fault={'ctx': False, 'concise': True, 'english': True, 'preamble': True} all_resolved=False n_resolved=3/4 tokens=(14220,583)
  N=4 real_hotpotqa_04519_5a7149595542994082a3e76f seed=0 arm=reflexion: per_fault={'ctx': False, 'concise': True, 'english': True, 'preamble': True} all_resolved=False n_resolved=3/4 tokens=(14659,1631)
  N=4 real_hotpotqa_04519_5a7149595542994082a3e76f seed=0 arm=intro_specter: per_fault={'ctx': True, 'concise': True, 'english': True, 'preamble': True} all_resolved=True n_resolved=4/4 tokens=(5455,828)
  N=4 real_hotpotqa_04519_5a7149595542994082a3e76f seed=1 arm=direct: per_fault={'ctx': False, 'concise': True, 'english': True, 'preamble': True} all_resolved=False n_resolved=3/4 tokens=(2408,365)
  N=4 real_hotpotqa_04519_5a7149595542994082a3e76f seed=1 arm=self_refine: per_fault={'ctx': False, 'concise': True, 'english': True, 'preamble': True} all_resolved=False n_resolved=3/4 tokens=(5303,785)
  N=4 real_hotpotqa_04519_5a7149595542994082a3e76f seed=1 arm=full_regen: per_fault={'ctx': True, 'concise': True, 'english': True, 'preamble': True} all_resolved=True n_resolved=4/4 tokens=(4816,448)
  N=4 real_hotpotqa_04519_5a7149595542994082a3e76f seed=1 arm=react: per_fault={'ctx': True, 'concise': True, 'english': True, 'preamble': True} all_resolved=True n_resolved=4/4 tokens=(4872,698)
  N=4 real_hotpotqa_04519_5a7149595542994082a3e76f seed=1 arm=selfcheckgpt: per_fault={'ctx': False, 'concise': True, 'english': True, 'preamble': True} all_resolved=False n_resolved=3/4 tokens=(14174,574)
  N=4 real_hotpotqa_04519_5a7149595542994082a3e76f seed=1 arm=reflexion: per_fault={'ctx': False, 'concise': True, 'english': True, 'preamble': True} all_resolved=False n_resolved=3/4 tokens=(14659,1631)
  N=4 real_hotpotqa_04519_5a7149595542994082a3e76f seed=1 arm=intro_specter: per_fault={'ctx': True, 'concise': True, 'english': True, 'preamble': True} all_resolved=True n_resolved=4/4 tokens=(5455,828)
  N=4 real_hotpotqa_04519_5a7149595542994082a3e76f seed=2 arm=direct: per_fault={'ctx': False, 'concise': True, 'english': True, 'preamble': True} all_resolved=False n_resolved=3/4 tokens=(2408,458)
  N=4 real_hotpotqa_04519_5a7149595542994082a3e76f seed=2 arm=self_refine: per_fault={'ctx': False, 'concise': True, 'english': True, 'preamble': True} all_resolved=False n_resolved=3/4 tokens=(5438,1393)
  N=4 real_hotpotqa_04519_5a7149595542994082a3e76f seed=2 arm=full_regen: per_fault={'ctx': True, 'concise': True, 'english': True, 'preamble': True} all_resolved=True n_resolved=4/4 tokens=(4816,768)
  N=4 real_hotpotqa_04519_5a7149595542994082a3e76f seed=2 arm=react: per_fault={'ctx': False, 'concise': True, 'english': True, 'preamble': True} all_resolved=False n_resolved=3/4 tokens=(4872,748)
  N=4 real_hotpotqa_04519_5a7149595542994082a3e76f seed=2 arm=selfcheckgpt: per_fault={'ctx': False, 'concise': True, 'english': True, 'preamble': True} all_resolved=False n_resolved=3/4 tokens=(14123,577)
  N=4 real_hotpotqa_04519_5a7149595542994082a3e76f seed=2 arm=reflexion: per_fault={'ctx': False, 'concise': True, 'english': True, 'preamble': True} all_resolved=False n_resolved=3/4 tokens=(14829,1422)
  N=4 real_hotpotqa_04519_5a7149595542994082a3e76f seed=2 arm=intro_specter: per_fault={'ctx': True, 'concise': True, 'english': True, 'preamble': True} all_resolved=True n_resolved=4/4 tokens=(5590,913)
  N=4 real_hotpotqa_04564_5ae212c9554299495565d9de seed=0 arm=direct: per_fault={'ctx': True, 'bullets': True, 'concise': True, 'preamble': True} all_resolved=True n_resolved=4/4 tokens=(2480,159)
  N=4 real_hotpotqa_04564_5ae212c9554299495565d9de seed=0 arm=self_refine: per_fault={'ctx': True, 'bullets': True, 'concise': True, 'preamble': True} all_resolved=True n_resolved=4/4 tokens=(5155,511)
  N=4 real_hotpotqa_04564_5ae212c9554299495565d9de seed=0 arm=full_regen: per_fault={'ctx': False, 'bullets': True, 'concise': True, 'preamble': True} all_resolved=False n_resolved=3/4 tokens=(4960,596)
  N=4 real_hotpotqa_04564_5ae212c9554299495565d9de seed=0 arm=react: per_fault={'ctx': False, 'bullets': True, 'concise': False, 'preamble': True} all_resolved=False n_resolved=2/4 tokens=(5016,693)
  N=4 real_hotpotqa_04564_5ae212c9554299495565d9de seed=0 arm=selfcheckgpt: per_fault={'ctx': True, 'bullets': True, 'concise': True, 'preamble': True} all_resolved=True n_resolved=4/4 tokens=(14577,356)
  N=4 real_hotpotqa_04564_5ae212c9554299495565d9de seed=0 arm=reflexion: per_fault={'ctx': True, 'bullets': True, 'concise': True, 'preamble': True} all_resolved=True n_resolved=4/4 tokens=(2480,159)
  N=4 real_hotpotqa_04564_5ae212c9554299495565d9de seed=0 arm=intro_specter: per_fault={'ctx': True, 'bullets': True, 'concise': True, 'preamble': True} all_resolved=True n_resolved=4/4 tokens=(5307,570)
  N=4 real_hotpotqa_04564_5ae212c9554299495565d9de seed=1 arm=direct: per_fault={'ctx': True, 'bullets': True, 'concise': True, 'preamble': True} all_resolved=True n_resolved=4/4 tokens=(2480,159)
  N=4 real_hotpotqa_04564_5ae212c9554299495565d9de seed=1 arm=self_refine: per_fault={'ctx': True, 'bullets': True, 'concise': True, 'preamble': True} all_resolved=True n_resolved=4/4 tokens=(5155,511)
  N=4 real_hotpotqa_04564_5ae212c9554299495565d9de seed=1 arm=full_regen: per_fault={'ctx': True, 'bullets': True, 'concise': True, 'preamble': True} all_resolved=True n_resolved=4/4 tokens=(4960,509)
  N=4 real_hotpotqa_04564_5ae212c9554299495565d9de seed=1 arm=react: per_fault={'ctx': False, 'bullets': True, 'concise': False, 'preamble': True} all_resolved=False n_resolved=2/4 tokens=(5016,693)
  N=4 real_hotpotqa_04564_5ae212c9554299495565d9de seed=1 arm=selfcheckgpt: per_fault={'ctx': True, 'bullets': True, 'concise': True, 'preamble': True} all_resolved=True n_resolved=4/4 tokens=(14573,356)
  N=4 real_hotpotqa_04564_5ae212c9554299495565d9de seed=1 arm=reflexion: per_fault={'ctx': True, 'bullets': True, 'concise': True, 'preamble': True} all_resolved=True n_resolved=4/4 tokens=(2480,159)
  N=4 real_hotpotqa_04564_5ae212c9554299495565d9de seed=1 arm=intro_specter: per_fault={'ctx': True, 'bullets': True, 'concise': True, 'preamble': True} all_resolved=True n_resolved=4/4 tokens=(5307,570)
  N=4 real_hotpotqa_04564_5ae212c9554299495565d9de seed=2 arm=direct: per_fault={'ctx': True, 'bullets': True, 'concise': True, 'preamble': True} all_resolved=True n_resolved=4/4 tokens=(2480,167)
  N=4 real_hotpotqa_04564_5ae212c9554299495565d9de seed=2 arm=self_refine: per_fault={'ctx': False, 'bullets': True, 'concise': True, 'preamble': True} all_resolved=False n_resolved=3/4 tokens=(5163,528)
  N=4 real_hotpotqa_04564_5ae212c9554299495565d9de seed=2 arm=full_regen: per_fault={'ctx': False, 'bullets': True, 'concise': True, 'preamble': True} all_resolved=False n_resolved=3/4 tokens=(4960,519)
  N=4 real_hotpotqa_04564_5ae212c9554299495565d9de seed=2 arm=react: per_fault={'ctx': False, 'bullets': True, 'concise': True, 'preamble': True} all_resolved=False n_resolved=3/4 tokens=(5016,883)
  N=4 real_hotpotqa_04564_5ae212c9554299495565d9de seed=2 arm=selfcheckgpt: per_fault={'ctx': True, 'bullets': True, 'concise': True, 'preamble': True} all_resolved=True n_resolved=4/4 tokens=(14595,360)
  N=4 real_hotpotqa_04564_5ae212c9554299495565d9de seed=2 arm=reflexion: per_fault={'ctx': True, 'bullets': True, 'concise': True, 'preamble': True} all_resolved=True n_resolved=4/4 tokens=(2480,167)
  N=4 real_hotpotqa_04564_5ae212c9554299495565d9de seed=2 arm=intro_specter: per_fault={'ctx': True, 'bullets': True, 'concise': True, 'preamble': True} all_resolved=True n_resolved=4/4 tokens=(5315,514)
  N=4 real_hotpotqa_04605_5ae4a1875542995ad6573dd2 seed=0 arm=direct: per_fault={'ctx': False, 'bullets': True, 'concise': True, 'english': True} all_resolved=False n_resolved=3/4 tokens=(2361,373)
  N=4 real_hotpotqa_04605_5ae4a1875542995ad6573dd2 seed=0 arm=self_refine: per_fault={'ctx': False, 'bullets': True, 'concise': True, 'english': True} all_resolved=False n_resolved=3/4 tokens=(5214,976)
  N=4 real_hotpotqa_04605_5ae4a1875542995ad6573dd2 seed=0 arm=full_regen: per_fault={'ctx': True, 'bullets': True, 'concise': True, 'english': True} all_resolved=True n_resolved=4/4 tokens=(4722,678)
  N=4 real_hotpotqa_04605_5ae4a1875542995ad6573dd2 seed=0 arm=react: per_fault={'ctx': True, 'bullets': True, 'concise': True, 'english': True} all_resolved=True n_resolved=4/4 tokens=(4778,918)
  N=4 real_hotpotqa_04605_5ae4a1875542995ad6573dd2 seed=0 arm=selfcheckgpt: per_fault={'ctx': False, 'bullets': True, 'concise': True, 'english': True} all_resolved=False n_resolved=3/4 tokens=(13845,545)
  N=4 real_hotpotqa_04605_5ae4a1875542995ad6573dd2 seed=0 arm=reflexion: per_fault={'ctx': False, 'bullets': True, 'concise': True, 'english': True} all_resolved=False n_resolved=3/4 tokens=(14416,1650)
  N=4 real_hotpotqa_04605_5ae4a1875542995ad6573dd2 seed=0 arm=intro_specter: per_fault={'ctx': True, 'bullets': True, 'concise': True, 'english': True} all_resolved=True n_resolved=4/4 tokens=(5366,957)
  N=4 real_hotpotqa_04605_5ae4a1875542995ad6573dd2 seed=1 arm=direct: per_fault={'ctx': False, 'bullets': True, 'concise': True, 'english': True} all_resolved=False n_resolved=3/4 tokens=(2361,373)
  N=4 real_hotpotqa_04605_5ae4a1875542995ad6573dd2 seed=1 arm=self_refine: per_fault={'ctx': False, 'bullets': True, 'concise': True, 'english': True} all_resolved=False n_resolved=3/4 tokens=(5214,976)
  N=4 real_hotpotqa_04605_5ae4a1875542995ad6573dd2 seed=1 arm=full_regen: per_fault={'ctx': True, 'bullets': True, 'concise': True, 'english': True} all_resolved=True n_resolved=4/4 tokens=(4721,731)
  N=4 real_hotpotqa_04605_5ae4a1875542995ad6573dd2 seed=1 arm=react: per_fault={'ctx': True, 'bullets': True, 'concise': True, 'english': True} all_resolved=True n_resolved=4/4 tokens=(4778,918)
  N=4 real_hotpotqa_04605_5ae4a1875542995ad6573dd2 seed=1 arm=selfcheckgpt: per_fault={'ctx': False, 'bullets': True, 'concise': True, 'english': True} all_resolved=False n_resolved=3/4 tokens=(13834,525)
  N=4 real_hotpotqa_04605_5ae4a1875542995ad6573dd2 seed=1 arm=reflexion: per_fault={'ctx': False, 'bullets': True, 'concise': True, 'english': True} all_resolved=False n_resolved=3/4 tokens=(14416,1650)
  N=4 real_hotpotqa_04605_5ae4a1875542995ad6573dd2 seed=1 arm=intro_specter: per_fault={'ctx': True, 'bullets': True, 'concise': True, 'english': True} all_resolved=True n_resolved=4/4 tokens=(5366,957)
  N=4 real_hotpotqa_04605_5ae4a1875542995ad6573dd2 seed=2 arm=direct: per_fault={'ctx': True, 'bullets': True, 'concise': True, 'english': True} all_resolved=True n_resolved=4/4 tokens=(2361,450)
  N=4 real_hotpotqa_04605_5ae4a1875542995ad6573dd2 seed=2 arm=self_refine: per_fault={'ctx': True, 'bullets': True, 'concise': True, 'english': True} all_resolved=True n_resolved=4/4 tokens=(5291,1241)
  N=4 real_hotpotqa_04605_5ae4a1875542995ad6573dd2 seed=2 arm=full_regen: per_fault={'ctx': True, 'bullets': True, 'concise': True, 'english': True} all_resolved=True n_resolved=4/4 tokens=(4722,989)
  N=4 real_hotpotqa_04605_5ae4a1875542995ad6573dd2 seed=2 arm=react: per_fault={'ctx': True, 'bullets': True, 'concise': True, 'english': True} all_resolved=True n_resolved=4/4 tokens=(4778,907)
  N=4 real_hotpotqa_04605_5ae4a1875542995ad6573dd2 seed=2 arm=selfcheckgpt: per_fault={'ctx': True, 'bullets': True, 'concise': True, 'english': True} all_resolved=True n_resolved=4/4 tokens=(13823,578)
  N=4 real_hotpotqa_04605_5ae4a1875542995ad6573dd2 seed=2 arm=reflexion: per_fault={'ctx': True, 'bullets': True, 'concise': True, 'english': True} all_resolved=True n_resolved=4/4 tokens=(2361,450)
  N=4 real_hotpotqa_04605_5ae4a1875542995ad6573dd2 seed=2 arm=intro_specter: per_fault={'ctx': True, 'bullets': True, 'concise': True, 'english': True} all_resolved=True n_resolved=4/4 tokens=(5443,1124)
  N=4 real_hotpotqa_04968_5ac2a41e55429967731025d0 seed=0 arm=direct: per_fault={'ctx': False, 'concise': True, 'english': True, 'preamble': True} all_resolved=False n_resolved=3/4 tokens=(2390,512)
  N=4 real_hotpotqa_04968_5ac2a41e55429967731025d0 seed=0 arm=self_refine: per_fault={'ctx': True, 'concise': True, 'english': True, 'preamble': True} all_resolved=True n_resolved=4/4 tokens=(5411,1179)
  N=4 real_hotpotqa_04968_5ac2a41e55429967731025d0 seed=0 arm=full_regen: per_fault={'ctx': True, 'concise': True, 'english': True, 'preamble': True} all_resolved=True n_resolved=4/4 tokens=(4779,740)
  N=4 real_hotpotqa_04968_5ac2a41e55429967731025d0 seed=0 arm=react: per_fault={'ctx': True, 'concise': True, 'english': True, 'preamble': True} all_resolved=True n_resolved=4/4 tokens=(4835,896)
  N=4 real_hotpotqa_04968_5ac2a41e55429967731025d0 seed=0 arm=selfcheckgpt: per_fault={'ctx': True, 'concise': True, 'english': True, 'preamble': True} all_resolved=True n_resolved=4/4 tokens=(16329,674)
  N=4 real_hotpotqa_04968_5ac2a41e55429967731025d0 seed=0 arm=reflexion: per_fault={'ctx': True, 'concise': True, 'english': True, 'preamble': True} all_resolved=True n_resolved=4/4 tokens=(8450,1091)
  N=4 real_hotpotqa_04968_5ac2a41e55429967731025d0 seed=0 arm=intro_specter: per_fault={'ctx': True, 'concise': True, 'english': True, 'preamble': True} all_resolved=True n_resolved=4/4 tokens=(5562,1006)
  N=4 real_hotpotqa_04968_5ac2a41e55429967731025d0 seed=1 arm=direct: per_fault={'ctx': False, 'concise': True, 'english': True, 'preamble': True} all_resolved=False n_resolved=3/4 tokens=(2390,512)
  N=4 real_hotpotqa_04968_5ac2a41e55429967731025d0 seed=1 arm=self_refine: per_fault={'ctx': True, 'concise': True, 'english': True, 'preamble': True} all_resolved=True n_resolved=4/4 tokens=(5411,1179)
  N=4 real_hotpotqa_04968_5ac2a41e55429967731025d0 seed=1 arm=full_regen: per_fault={'ctx': True, 'concise': True, 'english': True, 'preamble': True} all_resolved=True n_resolved=4/4 tokens=(4779,946)
  N=4 real_hotpotqa_04968_5ac2a41e55429967731025d0 seed=1 arm=react: per_fault={'ctx': True, 'concise': True, 'english': True, 'preamble': True} all_resolved=True n_resolved=4/4 tokens=(4835,896)
  N=4 real_hotpotqa_04968_5ac2a41e55429967731025d0 seed=1 arm=selfcheckgpt: per_fault={'ctx': True, 'concise': True, 'english': True, 'preamble': True} all_resolved=True n_resolved=4/4 tokens=(16329,668)
  N=4 real_hotpotqa_04968_5ac2a41e55429967731025d0 seed=1 arm=reflexion: per_fault={'ctx': True, 'concise': True, 'english': True, 'preamble': True} all_resolved=True n_resolved=4/4 tokens=(8450,1091)
  N=4 real_hotpotqa_04968_5ac2a41e55429967731025d0 seed=1 arm=intro_specter: per_fault={'ctx': True, 'concise': True, 'english': True, 'preamble': True} all_resolved=True n_resolved=4/4 tokens=(5562,1006)
  N=4 real_hotpotqa_04968_5ac2a41e55429967731025d0 seed=2 arm=direct: per_fault={'ctx': True, 'concise': True, 'english': True, 'preamble': True} all_resolved=True n_resolved=4/4 tokens=(2389,351)
  N=4 real_hotpotqa_04968_5ac2a41e55429967731025d0 seed=2 arm=self_refine: per_fault={'ctx': True, 'concise': True, 'english': True, 'preamble': True} all_resolved=True n_resolved=4/4 tokens=(5320,989)
  N=4 real_hotpotqa_04968_5ac2a41e55429967731025d0 seed=2 arm=full_regen: per_fault={'ctx': True, 'concise': True, 'english': True, 'preamble': True} all_resolved=True n_resolved=4/4 tokens=(4778,977)
  N=4 real_hotpotqa_04968_5ac2a41e55429967731025d0 seed=2 arm=react: per_fault={'ctx': True, 'concise': True, 'english': True, 'preamble': True} all_resolved=True n_resolved=4/4 tokens=(4834,893)
  N=4 real_hotpotqa_04968_5ac2a41e55429967731025d0 seed=2 arm=selfcheckgpt: per_fault={'ctx': True, 'concise': True, 'english': True, 'preamble': True} all_resolved=True n_resolved=4/4 tokens=(13963,474)
  N=4 real_hotpotqa_04968_5ac2a41e55429967731025d0 seed=2 arm=reflexion: per_fault={'ctx': True, 'concise': True, 'english': True, 'preamble': True} all_resolved=True n_resolved=4/4 tokens=(2389,351)
  N=4 real_hotpotqa_04968_5ac2a41e55429967731025d0 seed=2 arm=intro_specter: per_fault={'ctx': True, 'concise': True, 'english': True, 'preamble': True} all_resolved=True n_resolved=4/4 tokens=(5472,946)
  N=4 real_hotpotqa_05006_5abffdec554299012d1db55d seed=0 arm=direct: per_fault={'ctx': False, 'bullets': True, 'concise': True, 'english': True} all_resolved=False n_resolved=3/4 tokens=(2372,402)
  N=4 real_hotpotqa_05006_5abffdec554299012d1db55d seed=0 arm=self_refine: per_fault={'ctx': False, 'bullets': True, 'concise': True, 'english': True} all_resolved=False n_resolved=3/4 tokens=(5263,1125)
  N=4 real_hotpotqa_05006_5abffdec554299012d1db55d seed=0 arm=full_regen: per_fault={'ctx': True, 'bullets': True, 'concise': True, 'english': True} all_resolved=True n_resolved=4/4 tokens=(4744,802)
  N=4 real_hotpotqa_05006_5abffdec554299012d1db55d seed=0 arm=react: per_fault={'ctx': False, 'bullets': True, 'concise': True, 'english': True} all_resolved=False n_resolved=3/4 tokens=(4800,911)
  N=4 real_hotpotqa_05006_5abffdec554299012d1db55d seed=0 arm=selfcheckgpt: per_fault={'ctx': False, 'bullets': True, 'concise': True, 'english': True} all_resolved=False n_resolved=3/4 tokens=(13881,525)
  N=4 real_hotpotqa_05006_5abffdec554299012d1db55d seed=0 arm=reflexion: per_fault={'ctx': False, 'bullets': True, 'concise': True, 'english': True} all_resolved=False n_resolved=3/4 tokens=(14866,1952)
  N=4 real_hotpotqa_05006_5abffdec554299012d1db55d seed=0 arm=intro_specter: per_fault={'ctx': True, 'bullets': True, 'concise': True, 'english': True} all_resolved=True n_resolved=4/4 tokens=(5415,845)
  N=4 real_hotpotqa_05006_5abffdec554299012d1db55d seed=1 arm=direct: per_fault={'ctx': False, 'bullets': True, 'concise': True, 'english': True} all_resolved=False n_resolved=3/4 tokens=(2372,402)
  N=4 real_hotpotqa_05006_5abffdec554299012d1db55d seed=1 arm=self_refine: per_fault={'ctx': False, 'bullets': True, 'concise': True, 'english': True} all_resolved=False n_resolved=3/4 tokens=(5263,1125)
  N=4 real_hotpotqa_05006_5abffdec554299012d1db55d seed=1 arm=full_regen: per_fault={'ctx': False, 'bullets': True, 'concise': True, 'english': True} all_resolved=False n_resolved=3/4 tokens=(4744,640)
  N=4 real_hotpotqa_05006_5abffdec554299012d1db55d seed=1 arm=react: per_fault={'ctx': False, 'bullets': True, 'concise': True, 'english': True} all_resolved=False n_resolved=3/4 tokens=(4800,911)
  N=4 real_hotpotqa_05006_5abffdec554299012d1db55d seed=1 arm=selfcheckgpt: per_fault={'ctx': False, 'bullets': True, 'concise': True, 'english': True} all_resolved=False n_resolved=3/4 tokens=(13950,560)
  N=4 real_hotpotqa_05006_5abffdec554299012d1db55d seed=1 arm=reflexion: per_fault={'ctx': False, 'bullets': True, 'concise': True, 'english': True} all_resolved=False n_resolved=3/4 tokens=(14866,1952)
  N=4 real_hotpotqa_05006_5abffdec554299012d1db55d seed=1 arm=intro_specter: per_fault={'ctx': True, 'bullets': True, 'concise': True, 'english': True} all_resolved=True n_resolved=4/4 tokens=(5415,845)
  N=4 real_hotpotqa_05006_5abffdec554299012d1db55d seed=2 arm=direct: per_fault={'ctx': True, 'bullets': True, 'concise': True, 'english': True} all_resolved=True n_resolved=4/4 tokens=(2372,436)
  N=4 real_hotpotqa_05006_5abffdec554299012d1db55d seed=2 arm=self_refine: per_fault={'ctx': True, 'bullets': True, 'concise': True, 'english': True} all_resolved=True n_resolved=4/4 tokens=(5276,1092)
  N=4 real_hotpotqa_05006_5abffdec554299012d1db55d seed=2 arm=full_regen: per_fault={'ctx': True, 'bullets': True, 'concise': True, 'english': True} all_resolved=True n_resolved=4/4 tokens=(4744,747)
  N=4 real_hotpotqa_05006_5abffdec554299012d1db55d seed=2 arm=react: per_fault={'ctx': False, 'bullets': True, 'concise': True, 'english': True} all_resolved=False n_resolved=3/4 tokens=(4800,919)
  N=4 real_hotpotqa_05006_5abffdec554299012d1db55d seed=2 arm=selfcheckgpt: per_fault={'ctx': True, 'bullets': True, 'concise': True, 'english': True} all_resolved=True n_resolved=4/4 tokens=(14047,625)
  N=4 real_hotpotqa_05006_5abffdec554299012d1db55d seed=2 arm=reflexion: per_fault={'ctx': True, 'bullets': True, 'concise': True, 'english': True} all_resolved=True n_resolved=4/4 tokens=(2372,436)
  N=4 real_hotpotqa_05006_5abffdec554299012d1db55d seed=2 arm=intro_specter: per_fault={'ctx': True, 'bullets': True, 'concise': True, 'english': True} all_resolved=True n_resolved=4/4 tokens=(5428,861)
  N=4 real_hotpotqa_05077_5ae24b165542996483e64962 seed=0 arm=direct: per_fault={'ctx': True, 'bullets': True, 'concise': True, 'preamble': True} all_resolved=True n_resolved=4/4 tokens=(2368,470)
  N=4 real_hotpotqa_05077_5ae24b165542996483e64962 seed=0 arm=self_refine: per_fault={'ctx': True, 'bullets': True, 'concise': True, 'preamble': True} all_resolved=True n_resolved=4/4 tokens=(5348,1167)
  N=4 real_hotpotqa_05077_5ae24b165542996483e64962 seed=0 arm=full_regen: per_fault={'ctx': True, 'bullets': True, 'concise': True, 'preamble': True} all_resolved=True n_resolved=4/4 tokens=(4736,825)
  N=4 real_hotpotqa_05077_5ae24b165542996483e64962 seed=0 arm=react: per_fault={'ctx': True, 'bullets': True, 'concise': True, 'preamble': True} all_resolved=True n_resolved=4/4 tokens=(4792,832)
  N=4 real_hotpotqa_05077_5ae24b165542996483e64962 seed=0 arm=selfcheckgpt: per_fault={'ctx': True, 'bullets': True, 'concise': True, 'preamble': True} all_resolved=True n_resolved=4/4 tokens=(13828,564)
  N=4 real_hotpotqa_05077_5ae24b165542996483e64962 seed=0 arm=reflexion: per_fault={'ctx': True, 'bullets': True, 'concise': True, 'preamble': True} all_resolved=True n_resolved=4/4 tokens=(2368,470)
  N=4 real_hotpotqa_05077_5ae24b165542996483e64962 seed=0 arm=intro_specter: per_fault={'ctx': True, 'bullets': True, 'concise': True, 'preamble': True} all_resolved=True n_resolved=4/4 tokens=(5500,1016)
  N=4 real_hotpotqa_05077_5ae24b165542996483e64962 seed=1 arm=direct: per_fault={'ctx': True, 'bullets': True, 'concise': True, 'preamble': True} all_resolved=True n_resolved=4/4 tokens=(2368,470)
  N=4 real_hotpotqa_05077_5ae24b165542996483e64962 seed=1 arm=self_refine: per_fault={'ctx': True, 'bullets': True, 'concise': True, 'preamble': True} all_resolved=True n_resolved=4/4 tokens=(5348,1167)
  N=4 real_hotpotqa_05077_5ae24b165542996483e64962 seed=1 arm=full_regen: per_fault={'ctx': True, 'bullets': True, 'concise': True, 'preamble': True} all_resolved=True n_resolved=4/4 tokens=(4736,803)
  N=4 real_hotpotqa_05077_5ae24b165542996483e64962 seed=1 arm=react: per_fault={'ctx': True, 'bullets': True, 'concise': True, 'preamble': True} all_resolved=True n_resolved=4/4 tokens=(4792,832)
  N=4 real_hotpotqa_05077_5ae24b165542996483e64962 seed=1 arm=selfcheckgpt: per_fault={'ctx': True, 'bullets': True, 'concise': True, 'preamble': True} all_resolved=True n_resolved=4/4 tokens=(13834,569)
  N=4 real_hotpotqa_05077_5ae24b165542996483e64962 seed=1 arm=reflexion: per_fault={'ctx': True, 'bullets': True, 'concise': True, 'preamble': True} all_resolved=True n_resolved=4/4 tokens=(2368,470)
  N=4 real_hotpotqa_05077_5ae24b165542996483e64962 seed=1 arm=intro_specter: per_fault={'ctx': True, 'bullets': True, 'concise': True, 'preamble': True} all_resolved=True n_resolved=4/4 tokens=(5500,1016)
  N=4 real_hotpotqa_05077_5ae24b165542996483e64962 seed=2 arm=direct: per_fault={'ctx': True, 'bullets': True, 'concise': True, 'preamble': True} all_resolved=True n_resolved=4/4 tokens=(2368,481)
  N=4 real_hotpotqa_05077_5ae24b165542996483e64962 seed=2 arm=self_refine: per_fault={'ctx': True, 'bullets': True, 'concise': False, 'preamble': True} all_resolved=False n_resolved=3/4 tokens=(5359,1377)
  N=4 real_hotpotqa_05077_5ae24b165542996483e64962 seed=2 arm=full_regen: per_fault={'ctx': True, 'bullets': True, 'concise': True, 'preamble': True} all_resolved=True n_resolved=4/4 tokens=(4736,750)
  N=4 real_hotpotqa_05077_5ae24b165542996483e64962 seed=2 arm=react: per_fault={'ctx': True, 'bullets': True, 'concise': True, 'preamble': True} all_resolved=True n_resolved=4/4 tokens=(4792,963)
  N=4 real_hotpotqa_05077_5ae24b165542996483e64962 seed=2 arm=selfcheckgpt: per_fault={'ctx': True, 'bullets': True, 'concise': True, 'preamble': True} all_resolved=True n_resolved=4/4 tokens=(13901,621)
  N=4 real_hotpotqa_05077_5ae24b165542996483e64962 seed=2 arm=reflexion: per_fault={'ctx': True, 'bullets': True, 'concise': True, 'preamble': True} all_resolved=True n_resolved=4/4 tokens=(2368,481)
  N=4 real_hotpotqa_05077_5ae24b165542996483e64962 seed=2 arm=intro_specter: per_fault={'ctx': True, 'bullets': True, 'concise': True, 'preamble': True} all_resolved=True n_resolved=4/4 tokens=(5511,1007)
  N=4 real_hotpotqa_05105_5a8ed10b5542995085b374a0 seed=0 arm=direct: per_fault={'ctx': True, 'bullets': True, 'concise': True, 'english': True} all_resolved=True n_resolved=4/4 tokens=(2454,614)
  N=4 real_hotpotqa_05105_5a8ed10b5542995085b374a0 seed=0 arm=self_refine: per_fault={'ctx': True, 'bullets': False, 'concise': True, 'english': True} all_resolved=False n_resolved=3/4 tokens=(5727,1583)
[RETRY] selfcheckgpt task=real_hotpotqa_05105_5a8ed10b5542995085b374a0 seed=2 attempt 1/5 failed (failed to obtain JSON after 3 attempts: could not parse JSON from model output:
{"final_output": " בברידג'" epitope"); retrying in 3s
[RETRY] selfcheckgpt task=real_hotpotqa_05105_5a8ed10b5542995085b374a0 seed=2 attempt 2/5 failed (failed to obtain JSON after 3 attempts: could not parse JSON from model output:
{"final_output": " בברידג'" epitope"); retrying in 6s
[RETRY] selfcheckgpt task=real_hotpotqa_05105_5a8ed10b5542995085b374a0 seed=2 attempt 3/5 failed (failed to obtain JSON after 3 attempts: could not parse JSON from model output:
{"final_output": " בברידג'" epitope"); retrying in 12s
[RETRY] selfcheckgpt task=real_hotpotqa_05105_5a8ed10b5542995085b374a0 seed=2 attempt 4/5 failed (failed to obtain JSON after 3 attempts: could not parse JSON from model output:
{"final_output": " בברידג'" epitope"); retrying in 24s
[ERROR] selfcheckgpt failed task=real_hotpotqa_05105_5a8ed10b5542995085b374a0 seed=2: failed to obtain JSON after 3 attempts: could not parse JSON from model output:
{"final_output": " בברידג'" epitope"
  N=4 real_hotpotqa_05105_5a8ed10b5542995085b374a0 seed=0 arm=full_regen: per_fault={'ctx': False, 'bullets': True, 'concise': True, 'english': True} all_resolved=False n_resolved=3/4 tokens=(4908,778)
  N=4 real_hotpotqa_05105_5a8ed10b5542995085b374a0 seed=0 arm=react: per_fault={'ctx': False, 'bullets': True, 'concise': True, 'english': True} all_resolved=False n_resolved=3/4 tokens=(4964,1047)
  N=4 real_hotpotqa_05105_5a8ed10b5542995085b374a0 seed=0 arm=selfcheckgpt: per_fault={'ctx': True, 'bullets': True, 'concise': True, 'english': True} all_resolved=True n_resolved=4/4 tokens=(14424,827)
  N=4 real_hotpotqa_05105_5a8ed10b5542995085b374a0 seed=0 arm=reflexion: per_fault={'ctx': True, 'bullets': True, 'concise': True, 'english': True} all_resolved=True n_resolved=4/4 tokens=(2454,614)
  N=4 real_hotpotqa_05105_5a8ed10b5542995085b374a0 seed=0 arm=intro_specter: per_fault={'ctx': True, 'bullets': True, 'concise': True, 'english': True} all_resolved=True n_resolved=4/4 tokens=(5879,1209)
  N=4 real_hotpotqa_05105_5a8ed10b5542995085b374a0 seed=1 arm=direct: per_fault={'ctx': True, 'bullets': True, 'concise': True, 'english': True} all_resolved=True n_resolved=4/4 tokens=(2454,614)
  N=4 real_hotpotqa_05105_5a8ed10b5542995085b374a0 seed=1 arm=self_refine: per_fault={'ctx': True, 'bullets': False, 'concise': True, 'english': True} all_resolved=False n_resolved=3/4 tokens=(5727,1583)
  N=4 real_hotpotqa_05105_5a8ed10b5542995085b374a0 seed=1 arm=full_regen: per_fault={'ctx': False, 'bullets': True, 'concise': True, 'english': True} all_resolved=False n_resolved=3/4 tokens=(4908,913)
  N=4 real_hotpotqa_05105_5a8ed10b5542995085b374a0 seed=1 arm=react: per_fault={'ctx': False, 'bullets': True, 'concise': True, 'english': True} all_resolved=False n_resolved=3/4 tokens=(4964,1047)
  N=4 real_hotpotqa_05105_5a8ed10b5542995085b374a0 seed=1 arm=selfcheckgpt: per_fault={'ctx': True, 'bullets': True, 'concise': True, 'english': True} all_resolved=True n_resolved=4/4 tokens=(14420,763)
  N=4 real_hotpotqa_05105_5a8ed10b5542995085b374a0 seed=1 arm=reflexion: per_fault={'ctx': True, 'bullets': True, 'concise': True, 'english': True} all_resolved=True n_resolved=4/4 tokens=(2454,614)
  N=4 real_hotpotqa_05105_5a8ed10b5542995085b374a0 seed=1 arm=intro_specter: per_fault={'ctx': True, 'bullets': True, 'concise': True, 'english': True} all_resolved=True n_resolved=4/4 tokens=(5879,1209)
  N=4 real_hotpotqa_05105_5a8ed10b5542995085b374a0 seed=2 arm=direct: per_fault={'ctx': False, 'bullets': True, 'concise': True, 'english': True} all_resolved=False n_resolved=3/4 tokens=(2454,548)
  N=4 real_hotpotqa_05105_5a8ed10b5542995085b374a0 seed=2 arm=self_refine: per_fault={'ctx': False, 'bullets': True, 'concise': True, 'english': True} all_resolved=False n_resolved=3/4 tokens=(5598,1347)
  N=4 real_hotpotqa_05105_5a8ed10b5542995085b374a0 seed=2 arm=full_regen: per_fault={'ctx': True, 'bullets': True, 'concise': False, 'english': True} all_resolved=False n_resolved=3/4 tokens=(4908,806)
  N=4 real_hotpotqa_05105_5a8ed10b5542995085b374a0 seed=2 arm=react: per_fault={'ctx': True, 'bullets': True, 'concise': False, 'english': True} all_resolved=False n_resolved=3/4 tokens=(4964,1186)
  N=4 real_hotpotqa_05105_5a8ed10b5542995085b374a0 seed=2 arm=reflexion: per_fault={'ctx': False, 'bullets': True, 'concise': True, 'english': True} all_resolved=False n_resolved=3/4 tokens=(16072,2346)
  N=4 real_hotpotqa_05105_5a8ed10b5542995085b374a0 seed=2 arm=intro_specter: per_fault={'ctx': True, 'bullets': True, 'concise': True, 'english': True} all_resolved=True n_resolved=4/4 tokens=(5750,1302)

--- run summary (N=4, model=mistral-nemo-12b) ---
rows written: 1257  errors: 3
total tokens_input=8149119  total tokens_output=1035120  grand_total=9184239
