Building 60 2-fault-injected hotpotqa_real examples (bench_seed=42, scan_limit=3000)...
Built 60 examples. seeds=[0, 1, 2], model=qwen-2.5-7b, arms=['direct', 'self_refine', 'full_regen', 'react', 'selfcheckgpt', 'reflexion', 'intro_specter']
  N=2 real_hotpotqa_00000_5a8f503c5542992414482a34 seed=0 arm=direct: per_fault={'ctx': True, 'concise': True} all_resolved=True n_resolved=2/2 tokens=(2131,153)
  N=2 real_hotpotqa_00000_5a8f503c5542992414482a34 seed=0 arm=self_refine: per_fault={'ctx': True, 'concise': False} all_resolved=False n_resolved=1/2 tokens=(4461,498)
  N=2 real_hotpotqa_00000_5a8f503c5542992414482a34 seed=0 arm=full_regen: per_fault={'ctx': True, 'concise': True} all_resolved=True n_resolved=2/2 tokens=(4262,402)
  N=2 real_hotpotqa_00000_5a8f503c5542992414482a34 seed=0 arm=react: per_fault={'ctx': True, 'concise': True} all_resolved=True n_resolved=2/2 tokens=(4315,667)
  N=2 real_hotpotqa_00000_5a8f503c5542992414482a34 seed=0 arm=selfcheckgpt: per_fault={'ctx': True, 'concise': True} all_resolved=True n_resolved=2/2 tokens=(12480,327)
  N=2 real_hotpotqa_00000_5a8f503c5542992414482a34 seed=0 arm=reflexion: per_fault={'ctx': True, 'concise': True} all_resolved=True n_resolved=2/2 tokens=(2131,153)
  N=2 real_hotpotqa_00000_5a8f503c5542992414482a34 seed=0 arm=intro_specter: per_fault={'ctx': True, 'concise': True} all_resolved=True n_resolved=2/2 tokens=(4615,359)
  N=2 real_hotpotqa_00000_5a8f503c5542992414482a34 seed=1 arm=direct: per_fault={'ctx': True, 'concise': True} all_resolved=True n_resolved=2/2 tokens=(2131,153)
  N=2 real_hotpotqa_00000_5a8f503c5542992414482a34 seed=1 arm=self_refine: per_fault={'ctx': True, 'concise': False} all_resolved=False n_resolved=1/2 tokens=(4461,498)
  N=2 real_hotpotqa_00000_5a8f503c5542992414482a34 seed=1 arm=full_regen: per_fault={'ctx': True, 'concise': True} all_resolved=True n_resolved=2/2 tokens=(4262,304)
  N=2 real_hotpotqa_00000_5a8f503c5542992414482a34 seed=1 arm=react: per_fault={'ctx': True, 'concise': True} all_resolved=True n_resolved=2/2 tokens=(4315,667)
  N=2 real_hotpotqa_00000_5a8f503c5542992414482a34 seed=1 arm=selfcheckgpt: per_fault={'ctx': True, 'concise': True} all_resolved=True n_resolved=2/2 tokens=(12489,339)
  N=2 real_hotpotqa_00000_5a8f503c5542992414482a34 seed=1 arm=reflexion: per_fault={'ctx': True, 'concise': True} all_resolved=True n_resolved=2/2 tokens=(2131,153)
  N=2 real_hotpotqa_00000_5a8f503c5542992414482a34 seed=1 arm=intro_specter: per_fault={'ctx': True, 'concise': True} all_resolved=True n_resolved=2/2 tokens=(4615,359)
  N=2 real_hotpotqa_00000_5a8f503c5542992414482a34 seed=2 arm=direct: per_fault={'ctx': True, 'concise': True} all_resolved=True n_resolved=2/2 tokens=(2131,153)
  N=2 real_hotpotqa_00000_5a8f503c5542992414482a34 seed=2 arm=self_refine: per_fault={'ctx': True, 'concise': False} all_resolved=False n_resolved=1/2 tokens=(4461,483)
  N=2 real_hotpotqa_00000_5a8f503c5542992414482a34 seed=2 arm=full_regen: per_fault={'ctx': True, 'concise': True} all_resolved=True n_resolved=2/2 tokens=(4262,440)
  N=2 real_hotpotqa_00000_5a8f503c5542992414482a34 seed=2 arm=react: per_fault={'ctx': False, 'concise': True} all_resolved=False n_resolved=1/2 tokens=(4315,674)
  N=2 real_hotpotqa_00000_5a8f503c5542992414482a34 seed=2 arm=selfcheckgpt: per_fault={'ctx': True, 'concise': True} all_resolved=True n_resolved=2/2 tokens=(12493,333)
  N=2 real_hotpotqa_00000_5a8f503c5542992414482a34 seed=2 arm=reflexion: per_fault={'ctx': True, 'concise': True} all_resolved=True n_resolved=2/2 tokens=(2131,153)
  N=2 real_hotpotqa_00000_5a8f503c5542992414482a34 seed=2 arm=intro_specter: per_fault={'ctx': True, 'concise': True} all_resolved=True n_resolved=2/2 tokens=(4615,359)
  N=2 real_hotpotqa_00001_5a7c49dc55429935c91b514f seed=0 arm=direct: per_fault={'ctx': True, 'preamble': True} all_resolved=True n_resolved=2/2 tokens=(1986,242)
  N=2 real_hotpotqa_00001_5a7c49dc55429935c91b514f seed=0 arm=self_refine: per_fault={'ctx': True, 'preamble': True} all_resolved=True n_resolved=2/2 tokens=(4315,704)
  N=2 real_hotpotqa_00001_5a7c49dc55429935c91b514f seed=0 arm=full_regen: per_fault={'ctx': True, 'preamble': True} all_resolved=True n_resolved=2/2 tokens=(3972,501)
  N=2 real_hotpotqa_00001_5a7c49dc55429935c91b514f seed=0 arm=react: per_fault={'ctx': True, 'preamble': True} all_resolved=True n_resolved=2/2 tokens=(4025,1031)
  N=2 real_hotpotqa_00001_5a7c49dc55429935c91b514f seed=0 arm=selfcheckgpt: per_fault={'ctx': True, 'preamble': True} all_resolved=True n_resolved=2/2 tokens=(11618,503)
  N=2 real_hotpotqa_00001_5a7c49dc55429935c91b514f seed=0 arm=reflexion: per_fault={'ctx': True, 'preamble': True} all_resolved=True n_resolved=2/2 tokens=(1986,242)
  N=2 real_hotpotqa_00001_5a7c49dc55429935c91b514f seed=0 arm=intro_specter: per_fault={'ctx': True, 'preamble': True} all_resolved=True n_resolved=2/2 tokens=(4469,675)
  N=2 real_hotpotqa_00001_5a7c49dc55429935c91b514f seed=1 arm=direct: per_fault={'ctx': True, 'preamble': True} all_resolved=True n_resolved=2/2 tokens=(1986,242)
  N=2 real_hotpotqa_00001_5a7c49dc55429935c91b514f seed=1 arm=self_refine: per_fault={'ctx': True, 'preamble': True} all_resolved=True n_resolved=2/2 tokens=(4315,704)
  N=2 real_hotpotqa_00001_5a7c49dc55429935c91b514f seed=1 arm=full_regen: per_fault={'ctx': True, 'preamble': True} all_resolved=True n_resolved=2/2 tokens=(3972,514)
  N=2 real_hotpotqa_00001_5a7c49dc55429935c91b514f seed=1 arm=react: per_fault={'ctx': True, 'preamble': True} all_resolved=True n_resolved=2/2 tokens=(4025,1031)
  N=2 real_hotpotqa_00001_5a7c49dc55429935c91b514f seed=1 arm=selfcheckgpt: per_fault={'ctx': True, 'preamble': True} all_resolved=True n_resolved=2/2 tokens=(11537,347)
  N=2 real_hotpotqa_00001_5a7c49dc55429935c91b514f seed=1 arm=reflexion: per_fault={'ctx': True, 'preamble': True} all_resolved=True n_resolved=2/2 tokens=(1986,242)
  N=2 real_hotpotqa_00001_5a7c49dc55429935c91b514f seed=1 arm=intro_specter: per_fault={'ctx': True, 'preamble': True} all_resolved=True n_resolved=2/2 tokens=(4469,675)
  N=2 real_hotpotqa_00001_5a7c49dc55429935c91b514f seed=2 arm=direct: per_fault={'ctx': True, 'preamble': True} all_resolved=True n_resolved=2/2 tokens=(1986,232)
  N=2 real_hotpotqa_00001_5a7c49dc55429935c91b514f seed=2 arm=self_refine: per_fault={'ctx': True, 'preamble': True} all_resolved=True n_resolved=2/2 tokens=(4305,726)
  N=2 real_hotpotqa_00001_5a7c49dc55429935c91b514f seed=2 arm=full_regen: per_fault={'ctx': True, 'preamble': True} all_resolved=True n_resolved=2/2 tokens=(3972,468)
  N=2 real_hotpotqa_00001_5a7c49dc55429935c91b514f seed=2 arm=react: per_fault={'ctx': True, 'preamble': True} all_resolved=True n_resolved=2/2 tokens=(4025,966)
  N=2 real_hotpotqa_00001_5a7c49dc55429935c91b514f seed=2 arm=selfcheckgpt: per_fault={'ctx': True, 'preamble': True} all_resolved=True n_resolved=2/2 tokens=(11572,372)
  N=2 real_hotpotqa_00001_5a7c49dc55429935c91b514f seed=2 arm=reflexion: per_fault={'ctx': True, 'preamble': True} all_resolved=True n_resolved=2/2 tokens=(1986,232)
  N=2 real_hotpotqa_00001_5a7c49dc55429935c91b514f seed=2 arm=intro_specter: per_fault={'ctx': True, 'preamble': True} all_resolved=True n_resolved=2/2 tokens=(4459,667)
  N=2 real_hotpotqa_00002_5a713ea95542994082a3e6e4 seed=0 arm=direct: per_fault={'ctx': True, 'concise': True} all_resolved=True n_resolved=2/2 tokens=(1959,119)
  N=2 real_hotpotqa_00002_5a713ea95542994082a3e6e4 seed=0 arm=self_refine: per_fault={'ctx': True, 'concise': True} all_resolved=True n_resolved=2/2 tokens=(4054,392)
  N=2 real_hotpotqa_00002_5a713ea95542994082a3e6e4 seed=0 arm=full_regen: per_fault={'ctx': False, 'concise': True} all_resolved=False n_resolved=1/2 tokens=(3918,466)
  N=2 real_hotpotqa_00002_5a713ea95542994082a3e6e4 seed=0 arm=react: per_fault={'ctx': False, 'concise': True} all_resolved=False n_resolved=1/2 tokens=(3971,738)
  N=2 real_hotpotqa_00002_5a713ea95542994082a3e6e4 seed=0 arm=selfcheckgpt: per_fault={'ctx': True, 'concise': True} all_resolved=True n_resolved=2/2 tokens=(13466,454)
  N=2 real_hotpotqa_00002_5a713ea95542994082a3e6e4 seed=0 arm=reflexion: per_fault={'ctx': True, 'concise': True} all_resolved=True n_resolved=2/2 tokens=(1959,119)
  N=2 real_hotpotqa_00002_5a713ea95542994082a3e6e4 seed=0 arm=intro_specter: per_fault={'ctx': True, 'concise': True} all_resolved=True n_resolved=2/2 tokens=(4208,244)
  N=2 real_hotpotqa_00002_5a713ea95542994082a3e6e4 seed=1 arm=direct: per_fault={'ctx': True, 'concise': True} all_resolved=True n_resolved=2/2 tokens=(1959,119)
  N=2 real_hotpotqa_00002_5a713ea95542994082a3e6e4 seed=1 arm=self_refine: per_fault={'ctx': True, 'concise': True} all_resolved=True n_resolved=2/2 tokens=(4054,392)
  N=2 real_hotpotqa_00002_5a713ea95542994082a3e6e4 seed=1 arm=full_regen: per_fault={'ctx': False, 'concise': True} all_resolved=False n_resolved=1/2 tokens=(3918,438)
  N=2 real_hotpotqa_00002_5a713ea95542994082a3e6e4 seed=1 arm=react: per_fault={'ctx': False, 'concise': True} all_resolved=False n_resolved=1/2 tokens=(3971,738)
  N=2 real_hotpotqa_00002_5a713ea95542994082a3e6e4 seed=1 arm=selfcheckgpt: per_fault={'ctx': False, 'concise': True} all_resolved=False n_resolved=1/2 tokens=(13436,416)
  N=2 real_hotpotqa_00002_5a713ea95542994082a3e6e4 seed=1 arm=reflexion: per_fault={'ctx': True, 'concise': True} all_resolved=True n_resolved=2/2 tokens=(1959,119)
  N=2 real_hotpotqa_00002_5a713ea95542994082a3e6e4 seed=1 arm=intro_specter: per_fault={'ctx': True, 'concise': True} all_resolved=True n_resolved=2/2 tokens=(4208,244)
  N=2 real_hotpotqa_00002_5a713ea95542994082a3e6e4 seed=2 arm=direct: per_fault={'ctx': True, 'concise': True} all_resolved=True n_resolved=2/2 tokens=(1959,119)
  N=2 real_hotpotqa_00002_5a713ea95542994082a3e6e4 seed=2 arm=self_refine: per_fault={'ctx': True, 'concise': True} all_resolved=True n_resolved=2/2 tokens=(4054,401)
  N=2 real_hotpotqa_00002_5a713ea95542994082a3e6e4 seed=2 arm=full_regen: per_fault={'ctx': True, 'concise': True} all_resolved=True n_resolved=2/2 tokens=(3918,442)
  N=2 real_hotpotqa_00002_5a713ea95542994082a3e6e4 seed=2 arm=react: per_fault={'ctx': True, 'concise': True} all_resolved=True n_resolved=2/2 tokens=(3971,748)
  N=2 real_hotpotqa_00002_5a713ea95542994082a3e6e4 seed=2 arm=selfcheckgpt: per_fault={'ctx': True, 'concise': True} all_resolved=True n_resolved=2/2 tokens=(13408,396)
  N=2 real_hotpotqa_00002_5a713ea95542994082a3e6e4 seed=2 arm=reflexion: per_fault={'ctx': True, 'concise': True} all_resolved=True n_resolved=2/2 tokens=(1959,119)
  N=2 real_hotpotqa_00002_5a713ea95542994082a3e6e4 seed=2 arm=intro_specter: per_fault={'ctx': True, 'concise': True} all_resolved=True n_resolved=2/2 tokens=(4208,244)
  N=2 real_hotpotqa_00003_5a823b0c55429940e5e1a804 seed=0 arm=direct: per_fault={'ctx': True, 'preamble': True} all_resolved=True n_resolved=2/2 tokens=(1846,227)
  N=2 real_hotpotqa_00003_5a823b0c55429940e5e1a804 seed=0 arm=self_refine: per_fault={'ctx': True, 'preamble': True} all_resolved=True n_resolved=2/2 tokens=(3973,573)
  N=2 real_hotpotqa_00003_5a823b0c55429940e5e1a804 seed=0 arm=full_regen: per_fault={'ctx': True, 'preamble': True} all_resolved=True n_resolved=2/2 tokens=(3692,380)
  N=2 real_hotpotqa_00003_5a823b0c55429940e5e1a804 seed=0 arm=react: per_fault={'ctx': True, 'preamble': True} all_resolved=True n_resolved=2/2 tokens=(3745,724)
  N=2 real_hotpotqa_00003_5a823b0c55429940e5e1a804 seed=0 arm=selfcheckgpt: per_fault={'ctx': True, 'preamble': True} all_resolved=True n_resolved=2/2 tokens=(10698,330)
  N=2 real_hotpotqa_00003_5a823b0c55429940e5e1a804 seed=0 arm=reflexion: per_fault={'ctx': True, 'preamble': True} all_resolved=True n_resolved=2/2 tokens=(1846,227)
  N=2 real_hotpotqa_00003_5a823b0c55429940e5e1a804 seed=0 arm=intro_specter: per_fault={'ctx': True, 'preamble': True} all_resolved=True n_resolved=2/2 tokens=(4127,627)
  N=2 real_hotpotqa_00003_5a823b0c55429940e5e1a804 seed=1 arm=direct: per_fault={'ctx': True, 'preamble': True} all_resolved=True n_resolved=2/2 tokens=(1846,227)
  N=2 real_hotpotqa_00003_5a823b0c55429940e5e1a804 seed=1 arm=self_refine: per_fault={'ctx': True, 'preamble': True} all_resolved=True n_resolved=2/2 tokens=(3973,573)
  N=2 real_hotpotqa_00003_5a823b0c55429940e5e1a804 seed=1 arm=full_regen: per_fault={'ctx': True, 'preamble': True} all_resolved=True n_resolved=2/2 tokens=(3692,399)
  N=2 real_hotpotqa_00003_5a823b0c55429940e5e1a804 seed=1 arm=react: per_fault={'ctx': True, 'preamble': True} all_resolved=True n_resolved=2/2 tokens=(3745,724)
  N=2 real_hotpotqa_00003_5a823b0c55429940e5e1a804 seed=1 arm=selfcheckgpt: per_fault={'ctx': True, 'preamble': True} all_resolved=True n_resolved=2/2 tokens=(10698,330)
  N=2 real_hotpotqa_00003_5a823b0c55429940e5e1a804 seed=1 arm=reflexion: per_fault={'ctx': True, 'preamble': True} all_resolved=True n_resolved=2/2 tokens=(1846,227)
  N=2 real_hotpotqa_00003_5a823b0c55429940e5e1a804 seed=1 arm=intro_specter: per_fault={'ctx': True, 'preamble': True} all_resolved=True n_resolved=2/2 tokens=(4127,627)
  N=2 real_hotpotqa_00003_5a823b0c55429940e5e1a804 seed=2 arm=direct: per_fault={'ctx': True, 'preamble': True} all_resolved=True n_resolved=2/2 tokens=(1846,161)
  N=2 real_hotpotqa_00003_5a823b0c55429940e5e1a804 seed=2 arm=self_refine: per_fault={'ctx': True, 'preamble': True} all_resolved=True n_resolved=2/2 tokens=(3886,425)
  N=2 real_hotpotqa_00003_5a823b0c55429940e5e1a804 seed=2 arm=full_regen: per_fault={'ctx': True, 'preamble': True} all_resolved=True n_resolved=2/2 tokens=(3692,356)
  N=2 real_hotpotqa_00003_5a823b0c55429940e5e1a804 seed=2 arm=react: per_fault={'ctx': True, 'preamble': True} all_resolved=True n_resolved=2/2 tokens=(3745,646)
  N=2 real_hotpotqa_00003_5a823b0c55429940e5e1a804 seed=2 arm=selfcheckgpt: per_fault={'ctx': True, 'preamble': True} all_resolved=True n_resolved=2/2 tokens=(10698,264)
  N=2 real_hotpotqa_00003_5a823b0c55429940e5e1a804 seed=2 arm=reflexion: per_fault={'ctx': True, 'preamble': True} all_resolved=True n_resolved=2/2 tokens=(1846,161)
  N=2 real_hotpotqa_00003_5a823b0c55429940e5e1a804 seed=2 arm=intro_specter: per_fault={'ctx': True, 'preamble': True} all_resolved=True n_resolved=2/2 tokens=(4040,563)
  N=2 real_hotpotqa_00004_5a89d3e15542992e4fca83d4 seed=0 arm=direct: per_fault={'ctx': True, 'preamble': True} all_resolved=True n_resolved=2/2 tokens=(2102,325)
  N=2 real_hotpotqa_00004_5a89d3e15542992e4fca83d4 seed=0 arm=self_refine: per_fault={'ctx': True, 'preamble': True} all_resolved=True n_resolved=2/2 tokens=(4659,663)
  N=2 real_hotpotqa_00004_5a89d3e15542992e4fca83d4 seed=0 arm=full_regen: per_fault={'ctx': True, 'preamble': True} all_resolved=True n_resolved=2/2 tokens=(4204,548)
  N=2 real_hotpotqa_00004_5a89d3e15542992e4fca83d4 seed=0 arm=react: per_fault={'ctx': True, 'preamble': True} all_resolved=True n_resolved=2/2 tokens=(4257,932)
  N=2 real_hotpotqa_00004_5a89d3e15542992e4fca83d4 seed=0 arm=selfcheckgpt: per_fault={'ctx': True, 'preamble': True} all_resolved=True n_resolved=2/2 tokens=(12244,445)
  N=2 real_hotpotqa_00004_5a89d3e15542992e4fca83d4 seed=0 arm=reflexion: per_fault={'ctx': True, 'preamble': True} all_resolved=True n_resolved=2/2 tokens=(2102,325)
  N=2 real_hotpotqa_00004_5a89d3e15542992e4fca83d4 seed=0 arm=intro_specter: per_fault={'ctx': True, 'preamble': True} all_resolved=True n_resolved=2/2 tokens=(4813,845)
  N=2 real_hotpotqa_00004_5a89d3e15542992e4fca83d4 seed=1 arm=direct: per_fault={'ctx': True, 'preamble': True} all_resolved=True n_resolved=2/2 tokens=(2102,325)
  N=2 real_hotpotqa_00004_5a89d3e15542992e4fca83d4 seed=1 arm=self_refine: per_fault={'ctx': True, 'preamble': True} all_resolved=True n_resolved=2/2 tokens=(4659,663)
  N=2 real_hotpotqa_00004_5a89d3e15542992e4fca83d4 seed=1 arm=full_regen: per_fault={'ctx': True, 'preamble': True} all_resolved=True n_resolved=2/2 tokens=(4204,611)
  N=2 real_hotpotqa_00004_5a89d3e15542992e4fca83d4 seed=1 arm=react: per_fault={'ctx': True, 'preamble': True} all_resolved=True n_resolved=2/2 tokens=(4257,932)
  N=2 real_hotpotqa_00004_5a89d3e15542992e4fca83d4 seed=1 arm=selfcheckgpt: per_fault={'ctx': True, 'preamble': True} all_resolved=True n_resolved=2/2 tokens=(12249,451)
  N=2 real_hotpotqa_00004_5a89d3e15542992e4fca83d4 seed=1 arm=reflexion: per_fault={'ctx': True, 'preamble': True} all_resolved=True n_resolved=2/2 tokens=(2102,325)
  N=2 real_hotpotqa_00004_5a89d3e15542992e4fca83d4 seed=1 arm=intro_specter: per_fault={'ctx': True, 'preamble': True} all_resolved=True n_resolved=2/2 tokens=(4813,845)
  N=2 real_hotpotqa_00004_5a89d3e15542992e4fca83d4 seed=2 arm=direct: per_fault={'ctx': True, 'preamble': True} all_resolved=True n_resolved=2/2 tokens=(2102,321)
  N=2 real_hotpotqa_00004_5a89d3e15542992e4fca83d4 seed=2 arm=self_refine: per_fault={'ctx': True, 'preamble': True} all_resolved=True n_resolved=2/2 tokens=(4654,828)
  N=2 real_hotpotqa_00004_5a89d3e15542992e4fca83d4 seed=2 arm=full_regen: per_fault={'ctx': False, 'preamble': True} all_resolved=False n_resolved=1/2 tokens=(4204,604)
  N=2 real_hotpotqa_00004_5a89d3e15542992e4fca83d4 seed=2 arm=react: per_fault={'ctx': True, 'preamble': True} all_resolved=True n_resolved=2/2 tokens=(4257,1118)
  N=2 real_hotpotqa_00004_5a89d3e15542992e4fca83d4 seed=2 arm=selfcheckgpt: per_fault={'ctx': True, 'preamble': True} all_resolved=True n_resolved=2/2 tokens=(12257,454)
  N=2 real_hotpotqa_00004_5a89d3e15542992e4fca83d4 seed=2 arm=reflexion: per_fault={'ctx': True, 'preamble': True} all_resolved=True n_resolved=2/2 tokens=(2102,321)
  N=2 real_hotpotqa_00004_5a89d3e15542992e4fca83d4 seed=2 arm=intro_specter: per_fault={'ctx': True, 'preamble': True} all_resolved=True n_resolved=2/2 tokens=(4808,838)
  N=2 real_hotpotqa_00005_5a77857155429949eeb29ebf seed=0 arm=direct: per_fault={'ctx': True, 'bullets': True} all_resolved=True n_resolved=2/2 tokens=(2065,245)
  N=2 real_hotpotqa_00005_5a77857155429949eeb29ebf seed=0 arm=self_refine: per_fault={'ctx': True, 'bullets': True} all_resolved=True n_resolved=2/2 tokens=(4504,698)
  N=2 real_hotpotqa_00005_5a77857155429949eeb29ebf seed=0 arm=full_regen: per_fault={'ctx': True, 'bullets': True} all_resolved=True n_resolved=2/2 tokens=(4130,458)
  N=2 real_hotpotqa_00005_5a77857155429949eeb29ebf seed=0 arm=react: per_fault={'ctx': True, 'bullets': True} all_resolved=True n_resolved=2/2 tokens=(4183,1124)
  N=2 real_hotpotqa_00005_5a77857155429949eeb29ebf seed=0 arm=selfcheckgpt: per_fault={'ctx': True, 'bullets': True} all_resolved=True n_resolved=2/2 tokens=(12046,387)
  N=2 real_hotpotqa_00005_5a77857155429949eeb29ebf seed=0 arm=reflexion: per_fault={'ctx': True, 'bullets': True} all_resolved=True n_resolved=2/2 tokens=(2065,245)
  N=2 real_hotpotqa_00005_5a77857155429949eeb29ebf seed=0 arm=intro_specter: per_fault={'ctx': True, 'bullets': True} all_resolved=True n_resolved=2/2 tokens=(4658,458)
  N=2 real_hotpotqa_00005_5a77857155429949eeb29ebf seed=1 arm=direct: per_fault={'ctx': True, 'bullets': True} all_resolved=True n_resolved=2/2 tokens=(2065,245)
  N=2 real_hotpotqa_00005_5a77857155429949eeb29ebf seed=1 arm=self_refine: per_fault={'ctx': True, 'bullets': True} all_resolved=True n_resolved=2/2 tokens=(4504,698)
  N=2 real_hotpotqa_00005_5a77857155429949eeb29ebf seed=1 arm=full_regen: per_fault={'ctx': True, 'bullets': True} all_resolved=True n_resolved=2/2 tokens=(4130,673)
  N=2 real_hotpotqa_00005_5a77857155429949eeb29ebf seed=1 arm=react: per_fault={'ctx': True, 'bullets': True} all_resolved=True n_resolved=2/2 tokens=(4183,1124)
  N=2 real_hotpotqa_00005_5a77857155429949eeb29ebf seed=1 arm=selfcheckgpt: per_fault={'ctx': True, 'bullets': True} all_resolved=True n_resolved=2/2 tokens=(12030,362)
  N=2 real_hotpotqa_00005_5a77857155429949eeb29ebf seed=1 arm=reflexion: per_fault={'ctx': True, 'bullets': True} all_resolved=True n_resolved=2/2 tokens=(2065,245)
  N=2 real_hotpotqa_00005_5a77857155429949eeb29ebf seed=1 arm=intro_specter: per_fault={'ctx': True, 'bullets': True} all_resolved=True n_resolved=2/2 tokens=(4658,458)
  N=2 real_hotpotqa_00005_5a77857155429949eeb29ebf seed=2 arm=direct: per_fault={'ctx': True, 'bullets': True} all_resolved=True n_resolved=2/2 tokens=(2065,291)
  N=2 real_hotpotqa_00005_5a77857155429949eeb29ebf seed=2 arm=self_refine: per_fault={'ctx': True, 'bullets': True} all_resolved=True n_resolved=2/2 tokens=(4578,834)
  N=2 real_hotpotqa_00005_5a77857155429949eeb29ebf seed=2 arm=full_regen: per_fault={'ctx': True, 'bullets': True} all_resolved=True n_resolved=2/2 tokens=(4130,490)
  N=2 real_hotpotqa_00005_5a77857155429949eeb29ebf seed=2 arm=react: per_fault={'ctx': True, 'bullets': True} all_resolved=True n_resolved=2/2 tokens=(4183,1064)
  N=2 real_hotpotqa_00005_5a77857155429949eeb29ebf seed=2 arm=selfcheckgpt: per_fault={'ctx': True, 'bullets': True} all_resolved=True n_resolved=2/2 tokens=(12062,427)
  N=2 real_hotpotqa_00005_5a77857155429949eeb29ebf seed=2 arm=reflexion: per_fault={'ctx': True, 'bullets': True} all_resolved=True n_resolved=2/2 tokens=(2065,291)
  N=2 real_hotpotqa_00005_5a77857155429949eeb29ebf seed=2 arm=intro_specter: per_fault={'ctx': True, 'bullets': True} all_resolved=True n_resolved=2/2 tokens=(4732,737)
  N=2 real_hotpotqa_00006_5ae71c4c554299572ea546ee seed=0 arm=direct: per_fault={'ctx': True, 'concise': True} all_resolved=True n_resolved=2/2 tokens=(2052,321)
  N=2 real_hotpotqa_00006_5ae71c4c554299572ea546ee seed=0 arm=self_refine: per_fault={'ctx': True, 'concise': False} all_resolved=False n_resolved=1/2 tokens=(4518,829)
  N=2 real_hotpotqa_00006_5ae71c4c554299572ea546ee seed=0 arm=full_regen: per_fault={'ctx': True, 'concise': True} all_resolved=True n_resolved=2/2 tokens=(4104,640)
  N=2 real_hotpotqa_00006_5ae71c4c554299572ea546ee seed=0 arm=react: per_fault={'ctx': True, 'concise': True} all_resolved=True n_resolved=2/2 tokens=(4157,1010)
  N=2 real_hotpotqa_00006_5ae71c4c554299572ea546ee seed=0 arm=selfcheckgpt: per_fault={'ctx': True, 'concise': True} all_resolved=True n_resolved=2/2 tokens=(12008,498)
  N=2 real_hotpotqa_00006_5ae71c4c554299572ea546ee seed=0 arm=reflexion: per_fault={'ctx': True, 'concise': True} all_resolved=True n_resolved=2/2 tokens=(2052,321)
  N=2 real_hotpotqa_00006_5ae71c4c554299572ea546ee seed=0 arm=intro_specter: per_fault={'ctx': True, 'concise': True} all_resolved=True n_resolved=2/2 tokens=(4672,824)
  N=2 real_hotpotqa_00006_5ae71c4c554299572ea546ee seed=1 arm=direct: per_fault={'ctx': True, 'concise': True} all_resolved=True n_resolved=2/2 tokens=(2052,321)
  N=2 real_hotpotqa_00006_5ae71c4c554299572ea546ee seed=1 arm=self_refine: per_fault={'ctx': True, 'concise': False} all_resolved=False n_resolved=1/2 tokens=(4518,829)
  N=2 real_hotpotqa_00006_5ae71c4c554299572ea546ee seed=1 arm=full_regen: per_fault={'ctx': True, 'concise': True} all_resolved=True n_resolved=2/2 tokens=(4104,589)
  N=2 real_hotpotqa_00006_5ae71c4c554299572ea546ee seed=1 arm=react: per_fault={'ctx': True, 'concise': True} all_resolved=True n_resolved=2/2 tokens=(4157,1010)
  N=2 real_hotpotqa_00006_5ae71c4c554299572ea546ee seed=1 arm=selfcheckgpt: per_fault={'ctx': True, 'concise': True} all_resolved=True n_resolved=2/2 tokens=(14011,591)
  N=2 real_hotpotqa_00006_5ae71c4c554299572ea546ee seed=1 arm=reflexion: per_fault={'ctx': True, 'concise': True} all_resolved=True n_resolved=2/2 tokens=(2052,321)
  N=2 real_hotpotqa_00006_5ae71c4c554299572ea546ee seed=1 arm=intro_specter: per_fault={'ctx': True, 'concise': True} all_resolved=True n_resolved=2/2 tokens=(4672,824)
  N=2 real_hotpotqa_00006_5ae71c4c554299572ea546ee seed=2 arm=direct: per_fault={'ctx': True, 'concise': True} all_resolved=True n_resolved=2/2 tokens=(2052,231)
  N=2 real_hotpotqa_00006_5ae71c4c554299572ea546ee seed=2 arm=self_refine: per_fault={'ctx': True, 'concise': False} all_resolved=False n_resolved=1/2 tokens=(4434,684)
  N=2 real_hotpotqa_00006_5ae71c4c554299572ea546ee seed=2 arm=full_regen: per_fault={'ctx': True, 'concise': True} all_resolved=True n_resolved=2/2 tokens=(4104,497)
  N=2 real_hotpotqa_00006_5ae71c4c554299572ea546ee seed=2 arm=react: per_fault={'ctx': True, 'concise': True} all_resolved=True n_resolved=2/2 tokens=(4157,632)
  N=2 real_hotpotqa_00006_5ae71c4c554299572ea546ee seed=2 arm=selfcheckgpt: per_fault={'ctx': True, 'concise': True} all_resolved=True n_resolved=2/2 tokens=(14010,463)
  N=2 real_hotpotqa_00006_5ae71c4c554299572ea546ee seed=2 arm=reflexion: per_fault={'ctx': True, 'concise': True} all_resolved=True n_resolved=2/2 tokens=(2052,231)
  N=2 real_hotpotqa_00006_5ae71c4c554299572ea546ee seed=2 arm=intro_specter: per_fault={'ctx': True, 'concise': True} all_resolved=True n_resolved=2/2 tokens=(4588,638)
  N=2 real_hotpotqa_00008_5a8d838955429941ae14dfe5 seed=0 arm=direct: per_fault={'ctx': True, 'concise': True} all_resolved=True n_resolved=2/2 tokens=(2040,140)
  N=2 real_hotpotqa_00008_5a8d838955429941ae14dfe5 seed=0 arm=self_refine: per_fault={'ctx': True, 'concise': False} all_resolved=False n_resolved=1/2 tokens=(4264,491)
  N=2 real_hotpotqa_00008_5a8d838955429941ae14dfe5 seed=0 arm=full_regen: per_fault={'ctx': False, 'concise': True} all_resolved=False n_resolved=1/2 tokens=(4080,232)
  N=2 real_hotpotqa_00008_5a8d838955429941ae14dfe5 seed=0 arm=react: per_fault={'ctx': True, 'concise': True} all_resolved=True n_resolved=2/2 tokens=(4133,633)
  N=2 real_hotpotqa_00008_5a8d838955429941ae14dfe5 seed=0 arm=selfcheckgpt: per_fault={'ctx': True, 'concise': True} all_resolved=True n_resolved=2/2 tokens=(11932,313)
  N=2 real_hotpotqa_00008_5a8d838955429941ae14dfe5 seed=0 arm=reflexion: per_fault={'ctx': True, 'concise': True} all_resolved=True n_resolved=2/2 tokens=(2040,140)
  N=2 real_hotpotqa_00008_5a8d838955429941ae14dfe5 seed=0 arm=intro_specter: per_fault={'ctx': True, 'concise': True} all_resolved=True n_resolved=2/2 tokens=(4418,342)
  N=2 real_hotpotqa_00008_5a8d838955429941ae14dfe5 seed=1 arm=direct: per_fault={'ctx': True, 'concise': True} all_resolved=True n_resolved=2/2 tokens=(2040,140)
  N=2 real_hotpotqa_00008_5a8d838955429941ae14dfe5 seed=1 arm=self_refine: per_fault={'ctx': True, 'concise': False} all_resolved=False n_resolved=1/2 tokens=(4264,491)
  N=2 real_hotpotqa_00008_5a8d838955429941ae14dfe5 seed=1 arm=full_regen: per_fault={'ctx': True, 'concise': True} all_resolved=True n_resolved=2/2 tokens=(4080,295)
  N=2 real_hotpotqa_00008_5a8d838955429941ae14dfe5 seed=1 arm=react: per_fault={'ctx': True, 'concise': True} all_resolved=True n_resolved=2/2 tokens=(4133,633)
  N=2 real_hotpotqa_00008_5a8d838955429941ae14dfe5 seed=1 arm=selfcheckgpt: per_fault={'ctx': True, 'concise': True} all_resolved=True n_resolved=2/2 tokens=(11931,301)
  N=2 real_hotpotqa_00008_5a8d838955429941ae14dfe5 seed=1 arm=reflexion: per_fault={'ctx': True, 'concise': True} all_resolved=True n_resolved=2/2 tokens=(2040,140)
  N=2 real_hotpotqa_00008_5a8d838955429941ae14dfe5 seed=1 arm=intro_specter: per_fault={'ctx': True, 'concise': True} all_resolved=True n_resolved=2/2 tokens=(4418,342)
  N=2 real_hotpotqa_00008_5a8d838955429941ae14dfe5 seed=2 arm=direct: per_fault={'ctx': True, 'concise': True} all_resolved=True n_resolved=2/2 tokens=(2040,151)
  N=2 real_hotpotqa_00008_5a8d838955429941ae14dfe5 seed=2 arm=self_refine: per_fault={'ctx': True, 'concise': True} all_resolved=True n_resolved=2/2 tokens=(4275,458)
  N=2 real_hotpotqa_00008_5a8d838955429941ae14dfe5 seed=2 arm=full_regen: per_fault={'ctx': True, 'concise': True} all_resolved=True n_resolved=2/2 tokens=(4080,294)
  N=2 real_hotpotqa_00008_5a8d838955429941ae14dfe5 seed=2 arm=react: per_fault={'ctx': True, 'concise': True} all_resolved=True n_resolved=2/2 tokens=(4133,543)
  N=2 real_hotpotqa_00008_5a8d838955429941ae14dfe5 seed=2 arm=selfcheckgpt: per_fault={'ctx': True, 'concise': True} all_resolved=True n_resolved=2/2 tokens=(11931,312)
  N=2 real_hotpotqa_00008_5a8d838955429941ae14dfe5 seed=2 arm=reflexion: per_fault={'ctx': True, 'concise': True} all_resolved=True n_resolved=2/2 tokens=(2040,151)
  N=2 real_hotpotqa_00008_5a8d838955429941ae14dfe5 seed=2 arm=intro_specter: per_fault={'ctx': True, 'concise': True} all_resolved=True n_resolved=2/2 tokens=(4429,354)
  N=2 real_hotpotqa_00009_5ae3fec55542995dadf242a4 seed=0 arm=direct: per_fault={'ctx': False, 'english': True} all_resolved=False n_resolved=1/2 tokens=(1905,159)
  N=2 real_hotpotqa_00009_5ae3fec55542995dadf242a4 seed=0 arm=self_refine: per_fault={'ctx': False, 'english': True} all_resolved=False n_resolved=1/2 tokens=(4008,401)
  N=2 real_hotpotqa_00009_5ae3fec55542995dadf242a4 seed=0 arm=full_regen: per_fault={'ctx': True, 'english': True} all_resolved=True n_resolved=2/2 tokens=(3810,554)
  N=2 real_hotpotqa_00009_5ae3fec55542995dadf242a4 seed=0 arm=react: per_fault={'ctx': True, 'english': True} all_resolved=True n_resolved=2/2 tokens=(3863,668)
  N=2 real_hotpotqa_00009_5ae3fec55542995dadf242a4 seed=0 arm=selfcheckgpt: per_fault={'ctx': False, 'english': True} all_resolved=False n_resolved=1/2 tokens=(11165,362)
  N=2 real_hotpotqa_00009_5ae3fec55542995dadf242a4 seed=0 arm=reflexion: per_fault={'ctx': False, 'english': True} all_resolved=False n_resolved=1/2 tokens=(10615,700)
  N=2 real_hotpotqa_00009_5ae3fec55542995dadf242a4 seed=0 arm=intro_specter: per_fault={'ctx': True, 'english': True} all_resolved=True n_resolved=2/2 tokens=(4162,375)
  N=2 real_hotpotqa_00009_5ae3fec55542995dadf242a4 seed=1 arm=direct: per_fault={'ctx': False, 'english': True} all_resolved=False n_resolved=1/2 tokens=(1905,159)
  N=2 real_hotpotqa_00009_5ae3fec55542995dadf242a4 seed=1 arm=self_refine: per_fault={'ctx': False, 'english': True} all_resolved=False n_resolved=1/2 tokens=(4008,401)
  N=2 real_hotpotqa_00009_5ae3fec55542995dadf242a4 seed=1 arm=full_regen: per_fault={'ctx': False, 'english': True} all_resolved=False n_resolved=1/2 tokens=(3810,315)
  N=2 real_hotpotqa_00009_5ae3fec55542995dadf242a4 seed=1 arm=react: per_fault={'ctx': True, 'english': True} all_resolved=True n_resolved=2/2 tokens=(3863,668)
  N=2 real_hotpotqa_00009_5ae3fec55542995dadf242a4 seed=1 arm=selfcheckgpt: per_fault={'ctx': False, 'english': True} all_resolved=False n_resolved=1/2 tokens=(11129,344)
  N=2 real_hotpotqa_00009_5ae3fec55542995dadf242a4 seed=1 arm=reflexion: per_fault={'ctx': False, 'english': True} all_resolved=False n_resolved=1/2 tokens=(10615,700)
  N=2 real_hotpotqa_00009_5ae3fec55542995dadf242a4 seed=1 arm=intro_specter: per_fault={'ctx': True, 'english': True} all_resolved=True n_resolved=2/2 tokens=(4162,375)
  N=2 real_hotpotqa_00009_5ae3fec55542995dadf242a4 seed=2 arm=direct: per_fault={'ctx': False, 'english': True} all_resolved=False n_resolved=1/2 tokens=(1905,151)
  N=2 real_hotpotqa_00009_5ae3fec55542995dadf242a4 seed=2 arm=self_refine: per_fault={'ctx': False, 'english': True} all_resolved=False n_resolved=1/2 tokens=(4000,388)
  N=2 real_hotpotqa_00009_5ae3fec55542995dadf242a4 seed=2 arm=full_regen: per_fault={'ctx': False, 'english': True} all_resolved=False n_resolved=1/2 tokens=(3810,292)
  N=2 real_hotpotqa_00009_5ae3fec55542995dadf242a4 seed=2 arm=react: per_fault={'ctx': True, 'english': True} all_resolved=True n_resolved=2/2 tokens=(3863,845)
  N=2 real_hotpotqa_00009_5ae3fec55542995dadf242a4 seed=2 arm=selfcheckgpt: per_fault={'ctx': False, 'english': True} all_resolved=False n_resolved=1/2 tokens=(12977,357)
  N=2 real_hotpotqa_00009_5ae3fec55542995dadf242a4 seed=2 arm=reflexion: per_fault={'ctx': True, 'english': True} all_resolved=True n_resolved=2/2 tokens=(6113,430)
  N=2 real_hotpotqa_00009_5ae3fec55542995dadf242a4 seed=2 arm=intro_specter: per_fault={'ctx': False, 'english': True} all_resolved=False n_resolved=1/2 tokens=(4154,358)
  N=2 real_hotpotqa_00012_5aba89fb5542994dbf019933 seed=0 arm=direct: per_fault={'ctx': False, 'concise': True} all_resolved=False n_resolved=1/2 tokens=(1983,344)
  N=2 real_hotpotqa_00012_5aba89fb5542994dbf019933 seed=0 arm=self_refine: per_fault={'ctx': False, 'concise': True} all_resolved=False n_resolved=1/2 tokens=(4436,906)
  N=2 real_hotpotqa_00012_5aba89fb5542994dbf019933 seed=0 arm=full_regen: per_fault={'ctx': False, 'concise': True} all_resolved=False n_resolved=1/2 tokens=(3966,728)
  N=2 real_hotpotqa_00012_5aba89fb5542994dbf019933 seed=0 arm=react: per_fault={'ctx': True, 'concise': True} all_resolved=True n_resolved=2/2 tokens=(4019,1011)
  N=2 real_hotpotqa_00012_5aba89fb5542994dbf019933 seed=0 arm=selfcheckgpt: per_fault={'ctx': False, 'concise': True} all_resolved=False n_resolved=1/2 tokens=(11689,617)
  N=2 real_hotpotqa_00012_5aba89fb5542994dbf019933 seed=0 arm=reflexion: per_fault={'ctx': False, 'concise': True} all_resolved=False n_resolved=1/2 tokens=(12431,1498)
  N=2 real_hotpotqa_00012_5aba89fb5542994dbf019933 seed=0 arm=intro_specter: per_fault={'ctx': False, 'concise': True} all_resolved=False n_resolved=1/2 tokens=(4590,920)
  N=2 real_hotpotqa_00012_5aba89fb5542994dbf019933 seed=1 arm=direct: per_fault={'ctx': False, 'concise': True} all_resolved=False n_resolved=1/2 tokens=(1983,344)
  N=2 real_hotpotqa_00012_5aba89fb5542994dbf019933 seed=1 arm=self_refine: per_fault={'ctx': False, 'concise': True} all_resolved=False n_resolved=1/2 tokens=(4436,906)
  N=2 real_hotpotqa_00012_5aba89fb5542994dbf019933 seed=1 arm=full_regen: per_fault={'ctx': False, 'concise': True} all_resolved=False n_resolved=1/2 tokens=(3966,615)
  N=2 real_hotpotqa_00012_5aba89fb5542994dbf019933 seed=1 arm=react: per_fault={'ctx': True, 'concise': True} all_resolved=True n_resolved=2/2 tokens=(4019,1011)
  N=2 real_hotpotqa_00012_5aba89fb5542994dbf019933 seed=1 arm=selfcheckgpt: per_fault={'ctx': False, 'concise': True} all_resolved=False n_resolved=1/2 tokens=(11695,623)
  N=2 real_hotpotqa_00012_5aba89fb5542994dbf019933 seed=1 arm=reflexion: per_fault={'ctx': False, 'concise': True} all_resolved=False n_resolved=1/2 tokens=(12431,1498)
  N=2 real_hotpotqa_00012_5aba89fb5542994dbf019933 seed=1 arm=intro_specter: per_fault={'ctx': False, 'concise': True} all_resolved=False n_resolved=1/2 tokens=(4590,920)
  N=2 real_hotpotqa_00012_5aba89fb5542994dbf019933 seed=2 arm=direct: per_fault={'ctx': False, 'concise': True} all_resolved=False n_resolved=1/2 tokens=(1983,359)
  N=2 real_hotpotqa_00012_5aba89fb5542994dbf019933 seed=2 arm=self_refine: per_fault={'ctx': False, 'concise': True} all_resolved=False n_resolved=1/2 tokens=(4443,903)
  N=2 real_hotpotqa_00012_5aba89fb5542994dbf019933 seed=2 arm=full_regen: per_fault={'ctx': False, 'concise': True} all_resolved=False n_resolved=1/2 tokens=(3966,796)
  N=2 real_hotpotqa_00012_5aba89fb5542994dbf019933 seed=2 arm=react: per_fault={'ctx': True, 'concise': True} all_resolved=True n_resolved=2/2 tokens=(4019,1159)
  N=2 real_hotpotqa_00012_5aba89fb5542994dbf019933 seed=2 arm=selfcheckgpt: per_fault={'ctx': False, 'concise': True} all_resolved=False n_resolved=1/2 tokens=(11702,622)
  N=2 real_hotpotqa_00012_5aba89fb5542994dbf019933 seed=2 arm=reflexion: per_fault={'ctx': False, 'concise': True} all_resolved=False n_resolved=1/2 tokens=(12478,1534)
  N=2 real_hotpotqa_00012_5aba89fb5542994dbf019933 seed=2 arm=intro_specter: per_fault={'ctx': True, 'concise': True} all_resolved=True n_resolved=2/2 tokens=(4597,972)
  N=2 real_hotpotqa_00013_5a79ad485542994bb9457036 seed=0 arm=direct: per_fault={'ctx': True, 'bullets': True} all_resolved=True n_resolved=2/2 tokens=(2024,168)
  N=2 real_hotpotqa_00013_5a79ad485542994bb9457036 seed=0 arm=self_refine: per_fault={'ctx': True, 'bullets': True} all_resolved=True n_resolved=2/2 tokens=(4288,502)
  N=2 real_hotpotqa_00013_5a79ad485542994bb9457036 seed=0 arm=full_regen: per_fault={'ctx': True, 'bullets': True} all_resolved=True n_resolved=2/2 tokens=(4048,367)
  N=2 real_hotpotqa_00013_5a79ad485542994bb9457036 seed=0 arm=react: per_fault={'ctx': True, 'bullets': True} all_resolved=True n_resolved=2/2 tokens=(4101,702)
  N=2 real_hotpotqa_00013_5a79ad485542994bb9457036 seed=0 arm=selfcheckgpt: per_fault={'ctx': True, 'bullets': True} all_resolved=True n_resolved=2/2 tokens=(11825,347)
  N=2 real_hotpotqa_00013_5a79ad485542994bb9457036 seed=0 arm=reflexion: per_fault={'ctx': True, 'bullets': True} all_resolved=True n_resolved=2/2 tokens=(2024,168)
  N=2 real_hotpotqa_00013_5a79ad485542994bb9457036 seed=0 arm=intro_specter: per_fault={'ctx': True, 'bullets': True} all_resolved=True n_resolved=2/2 tokens=(4442,464)
  N=2 real_hotpotqa_00013_5a79ad485542994bb9457036 seed=1 arm=direct: per_fault={'ctx': True, 'bullets': True} all_resolved=True n_resolved=2/2 tokens=(2024,168)
  N=2 real_hotpotqa_00013_5a79ad485542994bb9457036 seed=1 arm=self_refine: per_fault={'ctx': True, 'bullets': True} all_resolved=True n_resolved=2/2 tokens=(4288,502)
  N=2 real_hotpotqa_00013_5a79ad485542994bb9457036 seed=1 arm=full_regen: per_fault={'ctx': True, 'bullets': True} all_resolved=True n_resolved=2/2 tokens=(4048,378)
  N=2 real_hotpotqa_00013_5a79ad485542994bb9457036 seed=1 arm=react: per_fault={'ctx': True, 'bullets': True} all_resolved=True n_resolved=2/2 tokens=(4101,702)
  N=2 real_hotpotqa_00013_5a79ad485542994bb9457036 seed=1 arm=selfcheckgpt: per_fault={'ctx': True, 'bullets': True} all_resolved=True n_resolved=2/2 tokens=(11836,353)
  N=2 real_hotpotqa_00013_5a79ad485542994bb9457036 seed=1 arm=reflexion: per_fault={'ctx': True, 'bullets': True} all_resolved=True n_resolved=2/2 tokens=(2024,168)
  N=2 real_hotpotqa_00013_5a79ad485542994bb9457036 seed=1 arm=intro_specter: per_fault={'ctx': True, 'bullets': True} all_resolved=True n_resolved=2/2 tokens=(4442,464)
  N=2 real_hotpotqa_00013_5a79ad485542994bb9457036 seed=2 arm=direct: per_fault={'ctx': True, 'bullets': True} all_resolved=True n_resolved=2/2 tokens=(2024,166)
  N=2 real_hotpotqa_00013_5a79ad485542994bb9457036 seed=2 arm=self_refine: per_fault={'ctx': True, 'bullets': True} all_resolved=True n_resolved=2/2 tokens=(4286,516)
  N=2 real_hotpotqa_00013_5a79ad485542994bb9457036 seed=2 arm=full_regen: per_fault={'ctx': False, 'bullets': True} all_resolved=False n_resolved=1/2 tokens=(4048,348)
  N=2 real_hotpotqa_00013_5a79ad485542994bb9457036 seed=2 arm=react: per_fault={'ctx': True, 'bullets': True} all_resolved=True n_resolved=2/2 tokens=(4101,724)
  N=2 real_hotpotqa_00013_5a79ad485542994bb9457036 seed=2 arm=selfcheckgpt: per_fault={'ctx': True, 'bullets': True} all_resolved=True n_resolved=2/2 tokens=(11819,330)
  N=2 real_hotpotqa_00013_5a79ad485542994bb9457036 seed=2 arm=reflexion: per_fault={'ctx': True, 'bullets': True} all_resolved=True n_resolved=2/2 tokens=(2024,166)
  N=2 real_hotpotqa_00013_5a79ad485542994bb9457036 seed=2 arm=intro_specter: per_fault={'ctx': True, 'bullets': True} all_resolved=True n_resolved=2/2 tokens=(4440,462)
  N=2 real_hotpotqa_00015_5a8133725542995ce29dcbdb seed=0 arm=direct: per_fault={'ctx': False, 'concise': True} all_resolved=False n_resolved=1/2 tokens=(2004,282)
  N=2 real_hotpotqa_00015_5a8133725542995ce29dcbdb seed=0 arm=self_refine: per_fault={'ctx': False, 'concise': False} all_resolved=False n_resolved=0/2 tokens=(4383,828)
  N=2 real_hotpotqa_00015_5a8133725542995ce29dcbdb seed=0 arm=full_regen: per_fault={'ctx': True, 'concise': True} all_resolved=True n_resolved=2/2 tokens=(4008,642)
  N=2 real_hotpotqa_00015_5a8133725542995ce29dcbdb seed=0 arm=react: per_fault={'ctx': False, 'concise': True} all_resolved=False n_resolved=1/2 tokens=(4061,820)
  N=2 real_hotpotqa_00015_5a8133725542995ce29dcbdb seed=0 arm=selfcheckgpt: per_fault={'ctx': False, 'concise': True} all_resolved=False n_resolved=1/2 tokens=(11675,430)
  N=2 real_hotpotqa_00015_5a8133725542995ce29dcbdb seed=0 arm=reflexion: per_fault={'ctx': True, 'concise': True} all_resolved=True n_resolved=2/2 tokens=(6796,766)
  N=2 real_hotpotqa_00015_5a8133725542995ce29dcbdb seed=0 arm=intro_specter: per_fault={'ctx': False, 'concise': True} all_resolved=False n_resolved=1/2 tokens=(4537,677)
  N=2 real_hotpotqa_00015_5a8133725542995ce29dcbdb seed=1 arm=direct: per_fault={'ctx': False, 'concise': True} all_resolved=False n_resolved=1/2 tokens=(2004,282)
  N=2 real_hotpotqa_00015_5a8133725542995ce29dcbdb seed=1 arm=self_refine: per_fault={'ctx': False, 'concise': False} all_resolved=False n_resolved=0/2 tokens=(4383,828)
  N=2 real_hotpotqa_00015_5a8133725542995ce29dcbdb seed=1 arm=full_regen: per_fault={'ctx': False, 'concise': True} all_resolved=False n_resolved=1/2 tokens=(4008,706)
  N=2 real_hotpotqa_00015_5a8133725542995ce29dcbdb seed=1 arm=react: per_fault={'ctx': False, 'concise': True} all_resolved=False n_resolved=1/2 tokens=(4061,820)
  N=2 real_hotpotqa_00015_5a8133725542995ce29dcbdb seed=1 arm=selfcheckgpt: per_fault={'ctx': False, 'concise': True} all_resolved=False n_resolved=1/2 tokens=(11671,427)
  N=2 real_hotpotqa_00015_5a8133725542995ce29dcbdb seed=1 arm=reflexion: per_fault={'ctx': True, 'concise': True} all_resolved=True n_resolved=2/2 tokens=(6796,766)
  N=2 real_hotpotqa_00015_5a8133725542995ce29dcbdb seed=1 arm=intro_specter: per_fault={'ctx': False, 'concise': True} all_resolved=False n_resolved=1/2 tokens=(4537,677)
  N=2 real_hotpotqa_00015_5a8133725542995ce29dcbdb seed=2 arm=direct: per_fault={'ctx': False, 'concise': True} all_resolved=False n_resolved=1/2 tokens=(2004,302)
  N=2 real_hotpotqa_00015_5a8133725542995ce29dcbdb seed=2 arm=self_refine: per_fault={'ctx': False, 'concise': True} all_resolved=False n_resolved=1/2 tokens=(4403,869)
  N=2 real_hotpotqa_00015_5a8133725542995ce29dcbdb seed=2 arm=full_regen: per_fault={'ctx': True, 'concise': True} all_resolved=True n_resolved=2/2 tokens=(4008,485)
  N=2 real_hotpotqa_00015_5a8133725542995ce29dcbdb seed=2 arm=react: per_fault={'ctx': True, 'concise': True} all_resolved=True n_resolved=2/2 tokens=(4061,951)
  N=2 real_hotpotqa_00015_5a8133725542995ce29dcbdb seed=2 arm=selfcheckgpt: per_fault={'ctx': False, 'concise': True} all_resolved=False n_resolved=1/2 tokens=(11678,437)
  N=2 real_hotpotqa_00015_5a8133725542995ce29dcbdb seed=2 arm=reflexion: per_fault={'ctx': True, 'concise': True} all_resolved=True n_resolved=2/2 tokens=(12294,1449)
  N=2 real_hotpotqa_00015_5a8133725542995ce29dcbdb seed=2 arm=intro_specter: per_fault={'ctx': False, 'concise': True} all_resolved=False n_resolved=1/2 tokens=(4557,830)
  N=2 real_hotpotqa_00019_5ab4313a554299233955004c seed=0 arm=direct: per_fault={'ctx': False, 'english': True} all_resolved=False n_resolved=1/2 tokens=(1941,208)
  N=2 real_hotpotqa_00019_5ab4313a554299233955004c seed=0 arm=self_refine: per_fault={'ctx': False, 'english': True} all_resolved=False n_resolved=1/2 tokens=(4140,677)
  N=2 real_hotpotqa_00019_5ab4313a554299233955004c seed=0 arm=full_regen: per_fault={'ctx': False, 'english': True} all_resolved=False n_resolved=1/2 tokens=(3882,407)
  N=2 real_hotpotqa_00019_5ab4313a554299233955004c seed=0 arm=react: per_fault={'ctx': False, 'english': True} all_resolved=False n_resolved=1/2 tokens=(3935,912)
  N=2 real_hotpotqa_00019_5ab4313a554299233955004c seed=0 arm=selfcheckgpt: per_fault={'ctx': False, 'english': True} all_resolved=False n_resolved=1/2 tokens=(11136,273)
  N=2 real_hotpotqa_00019_5ab4313a554299233955004c seed=0 arm=reflexion: per_fault={'ctx': False, 'english': True} all_resolved=False n_resolved=1/2 tokens=(11165,934)
  N=2 real_hotpotqa_00019_5ab4313a554299233955004c seed=0 arm=intro_specter: per_fault={'ctx': False, 'english': True} all_resolved=False n_resolved=1/2 tokens=(4294,432)
  N=2 real_hotpotqa_00019_5ab4313a554299233955004c seed=1 arm=direct: per_fault={'ctx': False, 'english': True} all_resolved=False n_resolved=1/2 tokens=(1941,208)
  N=2 real_hotpotqa_00019_5ab4313a554299233955004c seed=1 arm=self_refine: per_fault={'ctx': False, 'english': True} all_resolved=False n_resolved=1/2 tokens=(4140,677)
  N=2 real_hotpotqa_00019_5ab4313a554299233955004c seed=1 arm=full_regen: per_fault={'ctx': False, 'english': True} all_resolved=False n_resolved=1/2 tokens=(3882,398)
  N=2 real_hotpotqa_00019_5ab4313a554299233955004c seed=1 arm=react: per_fault={'ctx': False, 'english': True} all_resolved=False n_resolved=1/2 tokens=(3935,912)
  N=2 real_hotpotqa_00019_5ab4313a554299233955004c seed=1 arm=selfcheckgpt: per_fault={'ctx': False, 'english': True} all_resolved=False n_resolved=1/2 tokens=(11136,272)
  N=2 real_hotpotqa_00019_5ab4313a554299233955004c seed=1 arm=reflexion: per_fault={'ctx': False, 'english': True} all_resolved=False n_resolved=1/2 tokens=(11165,934)
  N=2 real_hotpotqa_00019_5ab4313a554299233955004c seed=1 arm=intro_specter: per_fault={'ctx': False, 'english': True} all_resolved=False n_resolved=1/2 tokens=(4294,432)
  N=2 real_hotpotqa_00019_5ab4313a554299233955004c seed=2 arm=direct: per_fault={'ctx': False, 'english': True} all_resolved=False n_resolved=1/2 tokens=(1941,357)
  N=2 real_hotpotqa_00019_5ab4313a554299233955004c seed=2 arm=self_refine: per_fault={'ctx': False, 'english': True} all_resolved=False n_resolved=1/2 tokens=(4385,958)
  N=2 real_hotpotqa_00019_5ab4313a554299233955004c seed=2 arm=full_regen: per_fault={'ctx': False, 'english': True} all_resolved=False n_resolved=1/2 tokens=(3882,580)
  N=2 real_hotpotqa_00019_5ab4313a554299233955004c seed=2 arm=react: per_fault={'ctx': False, 'english': True} all_resolved=False n_resolved=1/2 tokens=(3935,1282)
  N=2 real_hotpotqa_00019_5ab4313a554299233955004c seed=2 arm=selfcheckgpt: per_fault={'ctx': False, 'english': True} all_resolved=False n_resolved=1/2 tokens=(13171,506)
  N=2 real_hotpotqa_00019_5ab4313a554299233955004c seed=2 arm=reflexion: per_fault={'ctx': False, 'english': True} all_resolved=False n_resolved=1/2 tokens=(12333,1531)
  N=2 real_hotpotqa_00019_5ab4313a554299233955004c seed=2 arm=intro_specter: per_fault={'ctx': False, 'english': True} all_resolved=False n_resolved=1/2 tokens=(4539,798)
  N=2 real_hotpotqa_00020_5a83093c55429966c78a6b01 seed=0 arm=direct: per_fault={'ctx': True, 'preamble': True} all_resolved=True n_resolved=2/2 tokens=(2196,271)
  N=2 real_hotpotqa_00020_5a83093c55429966c78a6b01 seed=0 arm=self_refine: per_fault={'ctx': True, 'preamble': True} all_resolved=True n_resolved=2/2 tokens=(4738,741)
  N=2 real_hotpotqa_00020_5a83093c55429966c78a6b01 seed=0 arm=full_regen: per_fault={'ctx': True, 'preamble': True} all_resolved=True n_resolved=2/2 tokens=(4392,603)
  N=2 real_hotpotqa_00020_5a83093c55429966c78a6b01 seed=0 arm=react: per_fault={'ctx': True, 'preamble': True} all_resolved=True n_resolved=2/2 tokens=(4445,915)
  N=2 real_hotpotqa_00020_5a83093c55429966c78a6b01 seed=0 arm=selfcheckgpt: per_fault={'ctx': True, 'preamble': True} all_resolved=True n_resolved=2/2 tokens=(12666,326)
  N=2 real_hotpotqa_00020_5a83093c55429966c78a6b01 seed=0 arm=reflexion: per_fault={'ctx': True, 'preamble': True} all_resolved=True n_resolved=2/2 tokens=(2196,271)
  N=2 real_hotpotqa_00020_5a83093c55429966c78a6b01 seed=0 arm=intro_specter: per_fault={'ctx': True, 'preamble': True} all_resolved=True n_resolved=2/2 tokens=(4892,682)
  N=2 real_hotpotqa_00020_5a83093c55429966c78a6b01 seed=1 arm=direct: per_fault={'ctx': True, 'preamble': True} all_resolved=True n_resolved=2/2 tokens=(2196,271)
  N=2 real_hotpotqa_00020_5a83093c55429966c78a6b01 seed=1 arm=self_refine: per_fault={'ctx': True, 'preamble': True} all_resolved=True n_resolved=2/2 tokens=(4738,741)
  N=2 real_hotpotqa_00020_5a83093c55429966c78a6b01 seed=1 arm=full_regen: per_fault={'ctx': True, 'preamble': True} all_resolved=True n_resolved=2/2 tokens=(4392,544)
  N=2 real_hotpotqa_00020_5a83093c55429966c78a6b01 seed=1 arm=react: per_fault={'ctx': True, 'preamble': True} all_resolved=True n_resolved=2/2 tokens=(4445,915)
  N=2 real_hotpotqa_00020_5a83093c55429966c78a6b01 seed=1 arm=selfcheckgpt: per_fault={'ctx': True, 'preamble': True} all_resolved=True n_resolved=2/2 tokens=(12666,326)
  N=2 real_hotpotqa_00020_5a83093c55429966c78a6b01 seed=1 arm=reflexion: per_fault={'ctx': True, 'preamble': True} all_resolved=True n_resolved=2/2 tokens=(2196,271)
  N=2 real_hotpotqa_00020_5a83093c55429966c78a6b01 seed=1 arm=intro_specter: per_fault={'ctx': True, 'preamble': True} all_resolved=True n_resolved=2/2 tokens=(4892,682)
  N=2 real_hotpotqa_00020_5a83093c55429966c78a6b01 seed=2 arm=direct: per_fault={'ctx': True, 'preamble': True} all_resolved=True n_resolved=2/2 tokens=(2196,272)
  N=2 real_hotpotqa_00020_5a83093c55429966c78a6b01 seed=2 arm=self_refine: per_fault={'ctx': True, 'preamble': True} all_resolved=True n_resolved=2/2 tokens=(4766,742)
  N=2 real_hotpotqa_00020_5a83093c55429966c78a6b01 seed=2 arm=full_regen: per_fault={'ctx': True, 'preamble': True} all_resolved=True n_resolved=2/2 tokens=(4392,672)
  N=2 real_hotpotqa_00020_5a83093c55429966c78a6b01 seed=2 arm=react: per_fault={'ctx': True, 'preamble': True} all_resolved=True n_resolved=2/2 tokens=(4445,932)
  N=2 real_hotpotqa_00020_5a83093c55429966c78a6b01 seed=2 arm=selfcheckgpt: per_fault={'ctx': True, 'preamble': True} all_resolved=True n_resolved=2/2 tokens=(12666,327)
  N=2 real_hotpotqa_00020_5a83093c55429966c78a6b01 seed=2 arm=reflexion: per_fault={'ctx': True, 'preamble': True} all_resolved=True n_resolved=2/2 tokens=(2196,272)
  N=2 real_hotpotqa_00020_5a83093c55429966c78a6b01 seed=2 arm=intro_specter: per_fault={'ctx': True, 'preamble': True} all_resolved=True n_resolved=2/2 tokens=(4920,684)
  N=2 real_hotpotqa_00021_5abeb6645542993fe9a41d11 seed=0 arm=direct: per_fault={'ctx': True, 'concise': True} all_resolved=True n_resolved=2/2 tokens=(1800,185)
  N=2 real_hotpotqa_00021_5abeb6645542993fe9a41d11 seed=0 arm=self_refine: per_fault={'ctx': True, 'concise': True} all_resolved=True n_resolved=2/2 tokens=(3815,482)
  N=2 real_hotpotqa_00021_5abeb6645542993fe9a41d11 seed=0 arm=full_regen: per_fault={'ctx': True, 'concise': True} all_resolved=True n_resolved=2/2 tokens=(3600,329)
  N=2 real_hotpotqa_00021_5abeb6645542993fe9a41d11 seed=0 arm=react: per_fault={'ctx': True, 'concise': True} all_resolved=True n_resolved=2/2 tokens=(3653,704)
  N=2 real_hotpotqa_00021_5abeb6645542993fe9a41d11 seed=0 arm=selfcheckgpt: per_fault={'ctx': True, 'concise': True} all_resolved=True n_resolved=2/2 tokens=(10519,398)
  N=2 real_hotpotqa_00021_5abeb6645542993fe9a41d11 seed=0 arm=reflexion: per_fault={'ctx': True, 'concise': True} all_resolved=True n_resolved=2/2 tokens=(1800,185)
  N=2 real_hotpotqa_00021_5abeb6645542993fe9a41d11 seed=0 arm=intro_specter: per_fault={'ctx': True, 'concise': True} all_resolved=True n_resolved=2/2 tokens=(3969,419)
  N=2 real_hotpotqa_00021_5abeb6645542993fe9a41d11 seed=1 arm=direct: per_fault={'ctx': True, 'concise': True} all_resolved=True n_resolved=2/2 tokens=(1800,185)
  N=2 real_hotpotqa_00021_5abeb6645542993fe9a41d11 seed=1 arm=self_refine: per_fault={'ctx': True, 'concise': True} all_resolved=True n_resolved=2/2 tokens=(3815,482)
  N=2 real_hotpotqa_00021_5abeb6645542993fe9a41d11 seed=1 arm=full_regen: per_fault={'ctx': True, 'concise': True} all_resolved=True n_resolved=2/2 tokens=(3600,509)
  N=2 real_hotpotqa_00021_5abeb6645542993fe9a41d11 seed=1 arm=react: per_fault={'ctx': True, 'concise': True} all_resolved=True n_resolved=2/2 tokens=(3653,704)
  N=2 real_hotpotqa_00021_5abeb6645542993fe9a41d11 seed=1 arm=selfcheckgpt: per_fault={'ctx': True, 'concise': True} all_resolved=True n_resolved=2/2 tokens=(10515,386)
  N=2 real_hotpotqa_00021_5abeb6645542993fe9a41d11 seed=1 arm=reflexion: per_fault={'ctx': True, 'concise': True} all_resolved=True n_resolved=2/2 tokens=(1800,185)
  N=2 real_hotpotqa_00021_5abeb6645542993fe9a41d11 seed=1 arm=intro_specter: per_fault={'ctx': True, 'concise': True} all_resolved=True n_resolved=2/2 tokens=(3969,419)
  N=2 real_hotpotqa_00021_5abeb6645542993fe9a41d11 seed=2 arm=direct: per_fault={'ctx': True, 'concise': True} all_resolved=True n_resolved=2/2 tokens=(1800,172)
  N=2 real_hotpotqa_00021_5abeb6645542993fe9a41d11 seed=2 arm=self_refine: per_fault={'ctx': True, 'concise': True} all_resolved=True n_resolved=2/2 tokens=(3815,428)
  N=2 real_hotpotqa_00021_5abeb6645542993fe9a41d11 seed=2 arm=full_regen: per_fault={'ctx': True, 'concise': True} all_resolved=True n_resolved=2/2 tokens=(3600,409)
  N=2 real_hotpotqa_00021_5abeb6645542993fe9a41d11 seed=2 arm=react: per_fault={'ctx': True, 'concise': True} all_resolved=True n_resolved=2/2 tokens=(3653,677)
  N=2 real_hotpotqa_00021_5abeb6645542993fe9a41d11 seed=2 arm=selfcheckgpt: per_fault={'ctx': True, 'concise': True} all_resolved=True n_resolved=2/2 tokens=(10539,376)
  N=2 real_hotpotqa_00021_5abeb6645542993fe9a41d11 seed=2 arm=reflexion: per_fault={'ctx': True, 'concise': True} all_resolved=True n_resolved=2/2 tokens=(1800,172)
  N=2 real_hotpotqa_00021_5abeb6645542993fe9a41d11 seed=2 arm=intro_specter: per_fault={'ctx': True, 'concise': True} all_resolved=True n_resolved=2/2 tokens=(3969,392)
  N=2 real_hotpotqa_00022_5ab9560855429970cfb8ea73 seed=0 arm=direct: per_fault={'ctx': True, 'bullets': True} all_resolved=True n_resolved=2/2 tokens=(2048,261)
  N=2 real_hotpotqa_00022_5ab9560855429970cfb8ea73 seed=0 arm=self_refine: per_fault={'ctx': True, 'bullets': True} all_resolved=True n_resolved=2/2 tokens=(4456,758)
  N=2 real_hotpotqa_00022_5ab9560855429970cfb8ea73 seed=0 arm=full_regen: per_fault={'ctx': True, 'bullets': True} all_resolved=True n_resolved=2/2 tokens=(4096,631)
  N=2 real_hotpotqa_00022_5ab9560855429970cfb8ea73 seed=0 arm=react: per_fault={'ctx': True, 'bullets': True} all_resolved=True n_resolved=2/2 tokens=(4149,893)
  N=2 real_hotpotqa_00022_5ab9560855429970cfb8ea73 seed=0 arm=selfcheckgpt: per_fault={'ctx': True, 'bullets': True} all_resolved=True n_resolved=2/2 tokens=(12031,496)
  N=2 real_hotpotqa_00022_5ab9560855429970cfb8ea73 seed=0 arm=reflexion: per_fault={'ctx': True, 'bullets': True} all_resolved=True n_resolved=2/2 tokens=(2048,261)
  N=2 real_hotpotqa_00022_5ab9560855429970cfb8ea73 seed=0 arm=intro_specter: per_fault={'ctx': True, 'bullets': True} all_resolved=True n_resolved=2/2 tokens=(4610,679)
  N=2 real_hotpotqa_00022_5ab9560855429970cfb8ea73 seed=1 arm=direct: per_fault={'ctx': True, 'bullets': True} all_resolved=True n_resolved=2/2 tokens=(2048,261)
  N=2 real_hotpotqa_00022_5ab9560855429970cfb8ea73 seed=1 arm=self_refine: per_fault={'ctx': True, 'bullets': True} all_resolved=True n_resolved=2/2 tokens=(4456,758)
  N=2 real_hotpotqa_00022_5ab9560855429970cfb8ea73 seed=1 arm=full_regen: per_fault={'ctx': True, 'bullets': True} all_resolved=True n_resolved=2/2 tokens=(4096,653)
  N=2 real_hotpotqa_00022_5ab9560855429970cfb8ea73 seed=1 arm=react: per_fault={'ctx': True, 'bullets': True} all_resolved=True n_resolved=2/2 tokens=(4149,893)
  N=2 real_hotpotqa_00022_5ab9560855429970cfb8ea73 seed=1 arm=selfcheckgpt: per_fault={'ctx': True, 'bullets': True} all_resolved=True n_resolved=2/2 tokens=(12008,442)
  N=2 real_hotpotqa_00022_5ab9560855429970cfb8ea73 seed=1 arm=reflexion: per_fault={'ctx': True, 'bullets': True} all_resolved=True n_resolved=2/2 tokens=(2048,261)
  N=2 real_hotpotqa_00022_5ab9560855429970cfb8ea73 seed=1 arm=intro_specter: per_fault={'ctx': True, 'bullets': True} all_resolved=True n_resolved=2/2 tokens=(4610,679)
  N=2 real_hotpotqa_00022_5ab9560855429970cfb8ea73 seed=2 arm=direct: per_fault={'ctx': True, 'bullets': True} all_resolved=True n_resolved=2/2 tokens=(2048,370)
  N=2 real_hotpotqa_00022_5ab9560855429970cfb8ea73 seed=2 arm=self_refine: per_fault={'ctx': True, 'bullets': True} all_resolved=True n_resolved=2/2 tokens=(4621,1035)
  N=2 real_hotpotqa_00022_5ab9560855429970cfb8ea73 seed=2 arm=full_regen: per_fault={'ctx': True, 'bullets': True} all_resolved=True n_resolved=2/2 tokens=(4096,751)
  N=2 real_hotpotqa_00022_5ab9560855429970cfb8ea73 seed=2 arm=react: per_fault={'ctx': True, 'bullets': True} all_resolved=True n_resolved=2/2 tokens=(4149,924)
  N=2 real_hotpotqa_00022_5ab9560855429970cfb8ea73 seed=2 arm=selfcheckgpt: per_fault={'ctx': True, 'bullets': True} all_resolved=True n_resolved=2/2 tokens=(12020,589)
  N=2 real_hotpotqa_00022_5ab9560855429970cfb8ea73 seed=2 arm=reflexion: per_fault={'ctx': True, 'bullets': True} all_resolved=True n_resolved=2/2 tokens=(2048,370)
  N=2 real_hotpotqa_00022_5ab9560855429970cfb8ea73 seed=2 arm=intro_specter: per_fault={'ctx': True, 'bullets': True} all_resolved=True n_resolved=2/2 tokens=(4775,848)
  N=2 real_hotpotqa_00023_5a7653d25542992db9473765 seed=0 arm=direct: per_fault={'ctx': True, 'english': True} all_resolved=True n_resolved=2/2 tokens=(2150,196)
  N=2 real_hotpotqa_00023_5a7653d25542992db9473765 seed=0 arm=self_refine: per_fault={'ctx': True, 'english': True} all_resolved=True n_resolved=2/2 tokens=(4526,468)
  N=2 real_hotpotqa_00023_5a7653d25542992db9473765 seed=0 arm=full_regen: per_fault={'ctx': True, 'english': True} all_resolved=True n_resolved=2/2 tokens=(4300,431)
  N=2 real_hotpotqa_00023_5a7653d25542992db9473765 seed=0 arm=react: per_fault={'ctx': True, 'english': True} all_resolved=True n_resolved=2/2 tokens=(4353,839)
  N=2 real_hotpotqa_00023_5a7653d25542992db9473765 seed=0 arm=selfcheckgpt: per_fault={'ctx': True, 'english': True} all_resolved=True n_resolved=2/2 tokens=(12576,357)
  N=2 real_hotpotqa_00023_5a7653d25542992db9473765 seed=0 arm=reflexion: per_fault={'ctx': True, 'english': True} all_resolved=True n_resolved=2/2 tokens=(2150,196)
  N=2 real_hotpotqa_00023_5a7653d25542992db9473765 seed=0 arm=intro_specter: per_fault={'ctx': True, 'english': True} all_resolved=True n_resolved=2/2 tokens=(4680,414)
  N=2 real_hotpotqa_00023_5a7653d25542992db9473765 seed=1 arm=direct: per_fault={'ctx': True, 'english': True} all_resolved=True n_resolved=2/2 tokens=(2150,196)
  N=2 real_hotpotqa_00023_5a7653d25542992db9473765 seed=1 arm=self_refine: per_fault={'ctx': True, 'english': True} all_resolved=True n_resolved=2/2 tokens=(4526,468)
  N=2 real_hotpotqa_00023_5a7653d25542992db9473765 seed=1 arm=full_regen: per_fault={'ctx': True, 'english': True} all_resolved=True n_resolved=2/2 tokens=(4300,420)
  N=2 real_hotpotqa_00023_5a7653d25542992db9473765 seed=1 arm=react: per_fault={'ctx': True, 'english': True} all_resolved=True n_resolved=2/2 tokens=(4353,839)
  N=2 real_hotpotqa_00023_5a7653d25542992db9473765 seed=1 arm=selfcheckgpt: per_fault={'ctx': True, 'english': True} all_resolved=True n_resolved=2/2 tokens=(12615,397)
  N=2 real_hotpotqa_00023_5a7653d25542992db9473765 seed=1 arm=reflexion: per_fault={'ctx': True, 'english': True} all_resolved=True n_resolved=2/2 tokens=(2150,196)
  N=2 real_hotpotqa_00023_5a7653d25542992db9473765 seed=1 arm=intro_specter: per_fault={'ctx': True, 'english': True} all_resolved=True n_resolved=2/2 tokens=(4680,414)
  N=2 real_hotpotqa_00023_5a7653d25542992db9473765 seed=2 arm=direct: per_fault={'ctx': True, 'english': True} all_resolved=True n_resolved=2/2 tokens=(2150,123)
  N=2 real_hotpotqa_00023_5a7653d25542992db9473765 seed=2 arm=self_refine: per_fault={'ctx': True, 'english': True} all_resolved=True n_resolved=2/2 tokens=(4433,309)
  N=2 real_hotpotqa_00023_5a7653d25542992db9473765 seed=2 arm=full_regen: per_fault={'ctx': True, 'english': True} all_resolved=True n_resolved=2/2 tokens=(4300,310)
  N=2 real_hotpotqa_00023_5a7653d25542992db9473765 seed=2 arm=react: per_fault={'ctx': True, 'english': True} all_resolved=True n_resolved=2/2 tokens=(4353,623)
  N=2 real_hotpotqa_00023_5a7653d25542992db9473765 seed=2 arm=selfcheckgpt: per_fault={'ctx': True, 'english': True} all_resolved=True n_resolved=2/2 tokens=(12599,305)
  N=2 real_hotpotqa_00023_5a7653d25542992db9473765 seed=2 arm=reflexion: per_fault={'ctx': True, 'english': True} all_resolved=True n_resolved=2/2 tokens=(2150,123)
  N=2 real_hotpotqa_00023_5a7653d25542992db9473765 seed=2 arm=intro_specter: per_fault={'ctx': True, 'english': True} all_resolved=True n_resolved=2/2 tokens=(4587,251)
  N=2 real_hotpotqa_00024_5a71299e5542994082a3e5fe seed=0 arm=direct: per_fault={'ctx': True, 'concise': True} all_resolved=True n_resolved=2/2 tokens=(1933,227)
  N=2 real_hotpotqa_00024_5a71299e5542994082a3e5fe seed=0 arm=self_refine: per_fault={'ctx': True, 'concise': False} all_resolved=False n_resolved=1/2 tokens=(4166,615)
  N=2 real_hotpotqa_00024_5a71299e5542994082a3e5fe seed=0 arm=full_regen: per_fault={'ctx': True, 'concise': True} all_resolved=True n_resolved=2/2 tokens=(3866,516)
  N=2 real_hotpotqa_00024_5a71299e5542994082a3e5fe seed=0 arm=react: per_fault={'ctx': False, 'concise': True} all_resolved=False n_resolved=1/2 tokens=(3919,954)
  N=2 real_hotpotqa_00024_5a71299e5542994082a3e5fe seed=0 arm=selfcheckgpt: per_fault={'ctx': True, 'concise': True} all_resolved=True n_resolved=2/2 tokens=(11365,472)
  N=2 real_hotpotqa_00024_5a71299e5542994082a3e5fe seed=0 arm=reflexion: per_fault={'ctx': True, 'concise': True} all_resolved=True n_resolved=2/2 tokens=(1933,227)
  N=2 real_hotpotqa_00024_5a71299e5542994082a3e5fe seed=0 arm=intro_specter: per_fault={'ctx': True, 'concise': True} all_resolved=True n_resolved=2/2 tokens=(4320,541)
  N=2 real_hotpotqa_00024_5a71299e5542994082a3e5fe seed=1 arm=direct: per_fault={'ctx': True, 'concise': True} all_resolved=True n_resolved=2/2 tokens=(1933,227)
  N=2 real_hotpotqa_00024_5a71299e5542994082a3e5fe seed=1 arm=self_refine: per_fault={'ctx': True, 'concise': False} all_resolved=False n_resolved=1/2 tokens=(4166,615)
  N=2 real_hotpotqa_00024_5a71299e5542994082a3e5fe seed=1 arm=full_regen: per_fault={'ctx': False, 'concise': True} all_resolved=False n_resolved=1/2 tokens=(3866,604)
  N=2 real_hotpotqa_00024_5a71299e5542994082a3e5fe seed=1 arm=react: per_fault={'ctx': False, 'concise': True} all_resolved=False n_resolved=1/2 tokens=(3919,954)
  N=2 real_hotpotqa_00024_5a71299e5542994082a3e5fe seed=1 arm=selfcheckgpt: per_fault={'ctx': True, 'concise': True} all_resolved=True n_resolved=2/2 tokens=(11358,470)
  N=2 real_hotpotqa_00024_5a71299e5542994082a3e5fe seed=1 arm=reflexion: per_fault={'ctx': True, 'concise': True} all_resolved=True n_resolved=2/2 tokens=(1933,227)
  N=2 real_hotpotqa_00024_5a71299e5542994082a3e5fe seed=1 arm=intro_specter: per_fault={'ctx': True, 'concise': True} all_resolved=True n_resolved=2/2 tokens=(4320,541)
  N=2 real_hotpotqa_00024_5a71299e5542994082a3e5fe seed=2 arm=direct: per_fault={'ctx': False, 'concise': True} all_resolved=False n_resolved=1/2 tokens=(1933,243)
  N=2 real_hotpotqa_00024_5a71299e5542994082a3e5fe seed=2 arm=self_refine: per_fault={'ctx': False, 'concise': True} all_resolved=False n_resolved=1/2 tokens=(4182,568)
  N=2 real_hotpotqa_00024_5a71299e5542994082a3e5fe seed=2 arm=full_regen: per_fault={'ctx': False, 'concise': False} all_resolved=False n_resolved=0/2 tokens=(3866,560)
  N=2 real_hotpotqa_00024_5a71299e5542994082a3e5fe seed=2 arm=react: per_fault={'ctx': False, 'concise': True} all_resolved=False n_resolved=1/2 tokens=(3919,1031)
  N=2 real_hotpotqa_00024_5a71299e5542994082a3e5fe seed=2 arm=selfcheckgpt: per_fault={'ctx': True, 'concise': True} all_resolved=True n_resolved=2/2 tokens=(13303,575)
  N=2 real_hotpotqa_00024_5a71299e5542994082a3e5fe seed=2 arm=reflexion: per_fault={'ctx': False, 'concise': True} all_resolved=False n_resolved=1/2 tokens=(11335,996)
  N=2 real_hotpotqa_00024_5a71299e5542994082a3e5fe seed=2 arm=intro_specter: per_fault={'ctx': False, 'concise': True} all_resolved=False n_resolved=1/2 tokens=(4336,559)
  N=2 real_hotpotqa_00025_5ab283d9554299449642c8d8 seed=0 arm=direct: per_fault={'ctx': True, 'bullets': True} all_resolved=True n_resolved=2/2 tokens=(2088,239)
  N=2 real_hotpotqa_00025_5ab283d9554299449642c8d8 seed=0 arm=self_refine: per_fault={'ctx': False, 'bullets': True} all_resolved=False n_resolved=1/2 tokens=(4516,599)
  N=2 real_hotpotqa_00025_5ab283d9554299449642c8d8 seed=0 arm=full_regen: per_fault={'ctx': True, 'bullets': True} all_resolved=True n_resolved=2/2 tokens=(4176,527)
  N=2 real_hotpotqa_00025_5ab283d9554299449642c8d8 seed=0 arm=react: per_fault={'ctx': True, 'bullets': True} all_resolved=True n_resolved=2/2 tokens=(4229,878)
  N=2 real_hotpotqa_00025_5ab283d9554299449642c8d8 seed=0 arm=selfcheckgpt: per_fault={'ctx': True, 'bullets': True} all_resolved=True n_resolved=2/2 tokens=(12194,386)
  N=2 real_hotpotqa_00025_5ab283d9554299449642c8d8 seed=0 arm=reflexion: per_fault={'ctx': True, 'bullets': True} all_resolved=True n_resolved=2/2 tokens=(2088,239)
  N=2 real_hotpotqa_00025_5ab283d9554299449642c8d8 seed=0 arm=intro_specter: per_fault={'ctx': True, 'bullets': True} all_resolved=True n_resolved=2/2 tokens=(4670,543)
  N=2 real_hotpotqa_00025_5ab283d9554299449642c8d8 seed=1 arm=direct: per_fault={'ctx': True, 'bullets': True} all_resolved=True n_resolved=2/2 tokens=(2088,239)
  N=2 real_hotpotqa_00025_5ab283d9554299449642c8d8 seed=1 arm=self_refine: per_fault={'ctx': False, 'bullets': True} all_resolved=False n_resolved=1/2 tokens=(4516,599)
  N=2 real_hotpotqa_00025_5ab283d9554299449642c8d8 seed=1 arm=full_regen: per_fault={'ctx': True, 'bullets': True} all_resolved=True n_resolved=2/2 tokens=(4176,504)
  N=2 real_hotpotqa_00025_5ab283d9554299449642c8d8 seed=1 arm=react: per_fault={'ctx': True, 'bullets': True} all_resolved=True n_resolved=2/2 tokens=(4229,878)
  N=2 real_hotpotqa_00025_5ab283d9554299449642c8d8 seed=1 arm=selfcheckgpt: per_fault={'ctx': True, 'bullets': True} all_resolved=True n_resolved=2/2 tokens=(12194,386)
  N=2 real_hotpotqa_00025_5ab283d9554299449642c8d8 seed=1 arm=reflexion: per_fault={'ctx': True, 'bullets': True} all_resolved=True n_resolved=2/2 tokens=(2088,239)
  N=2 real_hotpotqa_00025_5ab283d9554299449642c8d8 seed=1 arm=intro_specter: per_fault={'ctx': True, 'bullets': True} all_resolved=True n_resolved=2/2 tokens=(4670,543)
  N=2 real_hotpotqa_00025_5ab283d9554299449642c8d8 seed=2 arm=direct: per_fault={'ctx': True, 'bullets': True} all_resolved=True n_resolved=2/2 tokens=(2088,255)
  N=2 real_hotpotqa_00025_5ab283d9554299449642c8d8 seed=2 arm=self_refine: per_fault={'ctx': True, 'bullets': True} all_resolved=True n_resolved=2/2 tokens=(4532,602)
  N=2 real_hotpotqa_00025_5ab283d9554299449642c8d8 seed=2 arm=full_regen: per_fault={'ctx': True, 'bullets': True} all_resolved=True n_resolved=2/2 tokens=(4176,527)
  N=2 real_hotpotqa_00025_5ab283d9554299449642c8d8 seed=2 arm=react: per_fault={'ctx': True, 'bullets': True} all_resolved=True n_resolved=2/2 tokens=(4229,892)
  N=2 real_hotpotqa_00025_5ab283d9554299449642c8d8 seed=2 arm=selfcheckgpt: per_fault={'ctx': True, 'bullets': True} all_resolved=True n_resolved=2/2 tokens=(12194,402)
  N=2 real_hotpotqa_00025_5ab283d9554299449642c8d8 seed=2 arm=reflexion: per_fault={'ctx': True, 'bullets': True} all_resolved=True n_resolved=2/2 tokens=(2088,255)
  N=2 real_hotpotqa_00025_5ab283d9554299449642c8d8 seed=2 arm=intro_specter: per_fault={'ctx': True, 'bullets': True} all_resolved=True n_resolved=2/2 tokens=(4686,672)
  N=2 real_hotpotqa_00026_5ae377c45542990afbd1e16b seed=0 arm=direct: per_fault={'ctx': False, 'english': True} all_resolved=False n_resolved=1/2 tokens=(1963,196)
  N=2 real_hotpotqa_00026_5ae377c45542990afbd1e16b seed=0 arm=self_refine: per_fault={'ctx': False, 'english': True} all_resolved=False n_resolved=1/2 tokens=(4186,527)
  N=2 real_hotpotqa_00026_5ae377c45542990afbd1e16b seed=0 arm=full_regen: per_fault={'ctx': False, 'english': True} all_resolved=False n_resolved=1/2 tokens=(3926,346)
  N=2 real_hotpotqa_00026_5ae377c45542990afbd1e16b seed=0 arm=react: per_fault={'ctx': False, 'english': True} all_resolved=False n_resolved=1/2 tokens=(3979,866)
  N=2 real_hotpotqa_00026_5ae377c45542990afbd1e16b seed=0 arm=selfcheckgpt: per_fault={'ctx': False, 'english': True} all_resolved=False n_resolved=1/2 tokens=(13377,412)
  N=2 real_hotpotqa_00026_5ae377c45542990afbd1e16b seed=0 arm=reflexion: per_fault={'ctx': False, 'english': True} all_resolved=False n_resolved=1/2 tokens=(11257,900)
  N=2 real_hotpotqa_00026_5ae377c45542990afbd1e16b seed=0 arm=intro_specter: per_fault={'ctx': False, 'english': True} all_resolved=False n_resolved=1/2 tokens=(4340,409)
  N=2 real_hotpotqa_00026_5ae377c45542990afbd1e16b seed=1 arm=direct: per_fault={'ctx': False, 'english': True} all_resolved=False n_resolved=1/2 tokens=(1963,196)
  N=2 real_hotpotqa_00026_5ae377c45542990afbd1e16b seed=1 arm=self_refine: per_fault={'ctx': False, 'english': True} all_resolved=False n_resolved=1/2 tokens=(4186,527)
  N=2 real_hotpotqa_00026_5ae377c45542990afbd1e16b seed=1 arm=full_regen: per_fault={'ctx': False, 'english': True} all_resolved=False n_resolved=1/2 tokens=(3926,330)
  N=2 real_hotpotqa_00026_5ae377c45542990afbd1e16b seed=1 arm=react: per_fault={'ctx': False, 'english': True} all_resolved=False n_resolved=1/2 tokens=(3979,866)
  N=2 real_hotpotqa_00026_5ae377c45542990afbd1e16b seed=1 arm=selfcheckgpt: per_fault={'ctx': False, 'english': True} all_resolved=False n_resolved=1/2 tokens=(11487,397)
  N=2 real_hotpotqa_00026_5ae377c45542990afbd1e16b seed=1 arm=reflexion: per_fault={'ctx': False, 'english': True} all_resolved=False n_resolved=1/2 tokens=(11257,900)
  N=2 real_hotpotqa_00026_5ae377c45542990afbd1e16b seed=1 arm=intro_specter: per_fault={'ctx': False, 'english': True} all_resolved=False n_resolved=1/2 tokens=(4340,409)
  N=2 real_hotpotqa_00026_5ae377c45542990afbd1e16b seed=2 arm=direct: per_fault={'ctx': False, 'english': True} all_resolved=False n_resolved=1/2 tokens=(1963,206)
  N=2 real_hotpotqa_00026_5ae377c45542990afbd1e16b seed=2 arm=self_refine: per_fault={'ctx': False, 'english': True} all_resolved=False n_resolved=1/2 tokens=(4196,534)
  N=2 real_hotpotqa_00026_5ae377c45542990afbd1e16b seed=2 arm=full_regen: per_fault={'ctx': False, 'english': True} all_resolved=False n_resolved=1/2 tokens=(3926,423)
  N=2 real_hotpotqa_00026_5ae377c45542990afbd1e16b seed=2 arm=react: per_fault={'ctx': False, 'english': True} all_resolved=False n_resolved=1/2 tokens=(3979,720)
  N=2 real_hotpotqa_00026_5ae377c45542990afbd1e16b seed=2 arm=selfcheckgpt: per_fault={'ctx': False, 'english': True} all_resolved=False n_resolved=1/2 tokens=(11494,401)
  N=2 real_hotpotqa_00026_5ae377c45542990afbd1e16b seed=2 arm=reflexion: per_fault={'ctx': False, 'english': True} all_resolved=False n_resolved=1/2 tokens=(11280,902)
  N=2 real_hotpotqa_00026_5ae377c45542990afbd1e16b seed=2 arm=intro_specter: per_fault={'ctx': False, 'english': True} all_resolved=False n_resolved=1/2 tokens=(4350,420)
  N=2 real_hotpotqa_00027_5a90cb205542995651fb51fe seed=0 arm=direct: per_fault={'ctx': True, 'english': True} all_resolved=True n_resolved=2/2 tokens=(1985,137)
  N=2 real_hotpotqa_00027_5a90cb205542995651fb51fe seed=0 arm=self_refine: per_fault={'ctx': True, 'english': True} all_resolved=True n_resolved=2/2 tokens=(4135,366)
  N=2 real_hotpotqa_00027_5a90cb205542995651fb51fe seed=0 arm=full_regen: per_fault={'ctx': True, 'english': True} all_resolved=True n_resolved=2/2 tokens=(3970,251)
  N=2 real_hotpotqa_00027_5a90cb205542995651fb51fe seed=0 arm=react: per_fault={'ctx': True, 'english': True} all_resolved=True n_resolved=2/2 tokens=(4023,559)
  N=2 real_hotpotqa_00027_5a90cb205542995651fb51fe seed=0 arm=selfcheckgpt: per_fault={'ctx': True, 'english': True} all_resolved=True n_resolved=2/2 tokens=(11400,197)
  N=2 real_hotpotqa_00027_5a90cb205542995651fb51fe seed=0 arm=reflexion: per_fault={'ctx': True, 'english': True} all_resolved=True n_resolved=2/2 tokens=(1985,137)
  N=2 real_hotpotqa_00027_5a90cb205542995651fb51fe seed=0 arm=intro_specter: per_fault={'ctx': True, 'english': True} all_resolved=True n_resolved=2/2 tokens=(4289,339)
  N=2 real_hotpotqa_00027_5a90cb205542995651fb51fe seed=1 arm=direct: per_fault={'ctx': True, 'english': True} all_resolved=True n_resolved=2/2 tokens=(1985,137)
  N=2 real_hotpotqa_00027_5a90cb205542995651fb51fe seed=1 arm=self_refine: per_fault={'ctx': True, 'english': True} all_resolved=True n_resolved=2/2 tokens=(4135,366)
  N=2 real_hotpotqa_00027_5a90cb205542995651fb51fe seed=1 arm=full_regen: per_fault={'ctx': True, 'english': True} all_resolved=True n_resolved=2/2 tokens=(3970,237)
  N=2 real_hotpotqa_00027_5a90cb205542995651fb51fe seed=1 arm=react: per_fault={'ctx': True, 'english': True} all_resolved=True n_resolved=2/2 tokens=(4023,559)
  N=2 real_hotpotqa_00027_5a90cb205542995651fb51fe seed=1 arm=selfcheckgpt: per_fault={'ctx': True, 'english': True} all_resolved=True n_resolved=2/2 tokens=(11400,197)
  N=2 real_hotpotqa_00027_5a90cb205542995651fb51fe seed=1 arm=reflexion: per_fault={'ctx': True, 'english': True} all_resolved=True n_resolved=2/2 tokens=(1985,137)
  N=2 real_hotpotqa_00027_5a90cb205542995651fb51fe seed=1 arm=intro_specter: per_fault={'ctx': True, 'english': True} all_resolved=True n_resolved=2/2 tokens=(4289,339)
  N=2 real_hotpotqa_00027_5a90cb205542995651fb51fe seed=2 arm=direct: per_fault={'ctx': True, 'english': True} all_resolved=True n_resolved=2/2 tokens=(1985,137)
  N=2 real_hotpotqa_00027_5a90cb205542995651fb51fe seed=2 arm=self_refine: per_fault={'ctx': True, 'english': True} all_resolved=True n_resolved=2/2 tokens=(4135,366)
  N=2 real_hotpotqa_00027_5a90cb205542995651fb51fe seed=2 arm=full_regen: per_fault={'ctx': False, 'english': True} all_resolved=False n_resolved=1/2 tokens=(3970,370)
  N=2 real_hotpotqa_00027_5a90cb205542995651fb51fe seed=2 arm=react: per_fault={'ctx': True, 'english': True} all_resolved=True n_resolved=2/2 tokens=(4023,590)
  N=2 real_hotpotqa_00027_5a90cb205542995651fb51fe seed=2 arm=selfcheckgpt: per_fault={'ctx': True, 'english': True} all_resolved=True n_resolved=2/2 tokens=(11400,213)
  N=2 real_hotpotqa_00027_5a90cb205542995651fb51fe seed=2 arm=reflexion: per_fault={'ctx': True, 'english': True} all_resolved=True n_resolved=2/2 tokens=(1985,137)
  N=2 real_hotpotqa_00027_5a90cb205542995651fb51fe seed=2 arm=intro_specter: per_fault={'ctx': True, 'english': True} all_resolved=True n_resolved=2/2 tokens=(4289,339)
  N=2 real_hotpotqa_00030_5a84c4bb5542991dd0999dec seed=0 arm=direct: per_fault={'ctx': True, 'bullets': True} all_resolved=True n_resolved=2/2 tokens=(2082,267)
  N=2 real_hotpotqa_00030_5a84c4bb5542991dd0999dec seed=0 arm=self_refine: per_fault={'ctx': True, 'bullets': True} all_resolved=True n_resolved=2/2 tokens=(4529,781)
  N=2 real_hotpotqa_00030_5a84c4bb5542991dd0999dec seed=0 arm=full_regen: per_fault={'ctx': True, 'bullets': True} all_resolved=True n_resolved=2/2 tokens=(4164,379)
  N=2 real_hotpotqa_00030_5a84c4bb5542991dd0999dec seed=0 arm=react: per_fault={'ctx': True, 'bullets': True} all_resolved=True n_resolved=2/2 tokens=(4217,792)
  N=2 real_hotpotqa_00030_5a84c4bb5542991dd0999dec seed=0 arm=selfcheckgpt: per_fault={'ctx': True, 'bullets': True} all_resolved=True n_resolved=2/2 tokens=(14162,401)
  N=2 real_hotpotqa_00030_5a84c4bb5542991dd0999dec seed=0 arm=reflexion: per_fault={'ctx': True, 'bullets': True} all_resolved=True n_resolved=2/2 tokens=(2082,267)
  N=2 real_hotpotqa_00030_5a84c4bb5542991dd0999dec seed=0 arm=intro_specter: per_fault={'ctx': True, 'bullets': True} all_resolved=True n_resolved=2/2 tokens=(4683,705)
  N=2 real_hotpotqa_00030_5a84c4bb5542991dd0999dec seed=1 arm=direct: per_fault={'ctx': True, 'bullets': True} all_resolved=True n_resolved=2/2 tokens=(2082,267)
  N=2 real_hotpotqa_00030_5a84c4bb5542991dd0999dec seed=1 arm=self_refine: per_fault={'ctx': True, 'bullets': True} all_resolved=True n_resolved=2/2 tokens=(4529,781)
  N=2 real_hotpotqa_00030_5a84c4bb5542991dd0999dec seed=1 arm=full_regen: per_fault={'ctx': True, 'bullets': True} all_resolved=True n_resolved=2/2 tokens=(4164,706)
  N=2 real_hotpotqa_00030_5a84c4bb5542991dd0999dec seed=1 arm=react: per_fault={'ctx': True, 'bullets': True} all_resolved=True n_resolved=2/2 tokens=(4217,792)
  N=2 real_hotpotqa_00030_5a84c4bb5542991dd0999dec seed=1 arm=selfcheckgpt: per_fault={'ctx': True, 'bullets': True} all_resolved=True n_resolved=2/2 tokens=(14162,448)
  N=2 real_hotpotqa_00030_5a84c4bb5542991dd0999dec seed=1 arm=reflexion: per_fault={'ctx': True, 'bullets': True} all_resolved=True n_resolved=2/2 tokens=(2082,267)
  N=2 real_hotpotqa_00030_5a84c4bb5542991dd0999dec seed=1 arm=intro_specter: per_fault={'ctx': True, 'bullets': True} all_resolved=True n_resolved=2/2 tokens=(4683,705)
  N=2 real_hotpotqa_00030_5a84c4bb5542991dd0999dec seed=2 arm=direct: per_fault={'ctx': True, 'bullets': True} all_resolved=True n_resolved=2/2 tokens=(2082,266)
  N=2 real_hotpotqa_00030_5a84c4bb5542991dd0999dec seed=2 arm=self_refine: per_fault={'ctx': True, 'bullets': True} all_resolved=True n_resolved=2/2 tokens=(4528,759)
  N=2 real_hotpotqa_00030_5a84c4bb5542991dd0999dec seed=2 arm=full_regen: per_fault={'ctx': True, 'bullets': True} all_resolved=True n_resolved=2/2 tokens=(4164,412)
  N=2 real_hotpotqa_00030_5a84c4bb5542991dd0999dec seed=2 arm=react: per_fault={'ctx': True, 'bullets': True} all_resolved=True n_resolved=2/2 tokens=(4217,723)
  N=2 real_hotpotqa_00030_5a84c4bb5542991dd0999dec seed=2 arm=selfcheckgpt: per_fault={'ctx': True, 'bullets': True} all_resolved=True n_resolved=2/2 tokens=(14162,400)
  N=2 real_hotpotqa_00030_5a84c4bb5542991dd0999dec seed=2 arm=reflexion: per_fault={'ctx': True, 'bullets': True} all_resolved=True n_resolved=2/2 tokens=(2082,266)
  N=2 real_hotpotqa_00030_5a84c4bb5542991dd0999dec seed=2 arm=intro_specter: per_fault={'ctx': True, 'bullets': True} all_resolved=True n_resolved=2/2 tokens=(4682,602)
  N=2 real_hotpotqa_00031_5a8781b65542993e715abf8f seed=0 arm=direct: per_fault={'ctx': True, 'preamble': True} all_resolved=True n_resolved=2/2 tokens=(2167,229)
  N=2 real_hotpotqa_00031_5a8781b65542993e715abf8f seed=0 arm=self_refine: per_fault={'ctx': True, 'preamble': True} all_resolved=True n_resolved=2/2 tokens=(4692,706)
  N=2 real_hotpotqa_00031_5a8781b65542993e715abf8f seed=0 arm=full_regen: per_fault={'ctx': True, 'preamble': True} all_resolved=True n_resolved=2/2 tokens=(4334,410)
  N=2 real_hotpotqa_00031_5a8781b65542993e715abf8f seed=0 arm=react: per_fault={'ctx': True, 'preamble': True} all_resolved=True n_resolved=2/2 tokens=(4387,784)
  N=2 real_hotpotqa_00031_5a8781b65542993e715abf8f seed=0 arm=selfcheckgpt: per_fault={'ctx': True, 'preamble': True} all_resolved=True n_resolved=2/2 tokens=(12492,284)
  N=2 real_hotpotqa_00031_5a8781b65542993e715abf8f seed=0 arm=reflexion: per_fault={'ctx': True, 'preamble': True} all_resolved=True n_resolved=2/2 tokens=(2167,229)
  N=2 real_hotpotqa_00031_5a8781b65542993e715abf8f seed=0 arm=intro_specter: per_fault={'ctx': True, 'preamble': True} all_resolved=True n_resolved=2/2 tokens=(4846,757)
  N=2 real_hotpotqa_00031_5a8781b65542993e715abf8f seed=1 arm=direct: per_fault={'ctx': True, 'preamble': True} all_resolved=True n_resolved=2/2 tokens=(2167,229)
  N=2 real_hotpotqa_00031_5a8781b65542993e715abf8f seed=1 arm=self_refine: per_fault={'ctx': True, 'preamble': True} all_resolved=True n_resolved=2/2 tokens=(4692,706)
  N=2 real_hotpotqa_00031_5a8781b65542993e715abf8f seed=1 arm=full_regen: per_fault={'ctx': True, 'preamble': True} all_resolved=True n_resolved=2/2 tokens=(4334,520)
  N=2 real_hotpotqa_00031_5a8781b65542993e715abf8f seed=1 arm=react: per_fault={'ctx': True, 'preamble': True} all_resolved=True n_resolved=2/2 tokens=(4387,784)
  N=2 real_hotpotqa_00031_5a8781b65542993e715abf8f seed=1 arm=selfcheckgpt: per_fault={'ctx': True, 'preamble': True} all_resolved=True n_resolved=2/2 tokens=(12492,284)
  N=2 real_hotpotqa_00031_5a8781b65542993e715abf8f seed=1 arm=reflexion: per_fault={'ctx': True, 'preamble': True} all_resolved=True n_resolved=2/2 tokens=(2167,229)
  N=2 real_hotpotqa_00031_5a8781b65542993e715abf8f seed=1 arm=intro_specter: per_fault={'ctx': True, 'preamble': True} all_resolved=True n_resolved=2/2 tokens=(4846,757)
  N=2 real_hotpotqa_00031_5a8781b65542993e715abf8f seed=2 arm=direct: per_fault={'ctx': True, 'preamble': True} all_resolved=True n_resolved=2/2 tokens=(2167,228)
  N=2 real_hotpotqa_00031_5a8781b65542993e715abf8f seed=2 arm=self_refine: per_fault={'ctx': True, 'preamble': True} all_resolved=True n_resolved=2/2 tokens=(4691,720)
  N=2 real_hotpotqa_00031_5a8781b65542993e715abf8f seed=2 arm=full_regen: per_fault={'ctx': True, 'preamble': True} all_resolved=True n_resolved=2/2 tokens=(4334,474)
  N=2 real_hotpotqa_00031_5a8781b65542993e715abf8f seed=2 arm=react: per_fault={'ctx': True, 'preamble': True} all_resolved=True n_resolved=2/2 tokens=(4387,783)
  N=2 real_hotpotqa_00031_5a8781b65542993e715abf8f seed=2 arm=selfcheckgpt: per_fault={'ctx': True, 'preamble': True} all_resolved=True n_resolved=2/2 tokens=(12492,283)
  N=2 real_hotpotqa_00031_5a8781b65542993e715abf8f seed=2 arm=reflexion: per_fault={'ctx': True, 'preamble': True} all_resolved=True n_resolved=2/2 tokens=(2167,228)
  N=2 real_hotpotqa_00031_5a8781b65542993e715abf8f seed=2 arm=intro_specter: per_fault={'ctx': True, 'preamble': True} all_resolved=True n_resolved=2/2 tokens=(4845,782)
  N=2 real_hotpotqa_00032_5a84cf175542992a431d1aa2 seed=0 arm=direct: per_fault={'ctx': True, 'concise': True} all_resolved=True n_resolved=2/2 tokens=(1999,322)
  N=2 real_hotpotqa_00032_5a84cf175542992a431d1aa2 seed=0 arm=self_refine: per_fault={'ctx': True, 'concise': False} all_resolved=False n_resolved=1/2 tokens=(4476,1002)
  N=2 real_hotpotqa_00032_5a84cf175542992a431d1aa2 seed=0 arm=full_regen: per_fault={'ctx': True, 'concise': True} all_resolved=True n_resolved=2/2 tokens=(3998,576)
  N=2 real_hotpotqa_00032_5a84cf175542992a431d1aa2 seed=0 arm=react: per_fault={'ctx': True, 'concise': True} all_resolved=True n_resolved=2/2 tokens=(4051,1003)
  N=2 real_hotpotqa_00032_5a84cf175542992a431d1aa2 seed=0 arm=selfcheckgpt: per_fault={'ctx': True, 'concise': True} all_resolved=True n_resolved=2/2 tokens=(11676,505)
  N=2 real_hotpotqa_00032_5a84cf175542992a431d1aa2 seed=0 arm=reflexion: per_fault={'ctx': True, 'concise': True} all_resolved=True n_resolved=2/2 tokens=(1999,322)
  N=2 real_hotpotqa_00032_5a84cf175542992a431d1aa2 seed=0 arm=intro_specter: per_fault={'ctx': True, 'concise': True} all_resolved=True n_resolved=2/2 tokens=(4630,966)
  N=2 real_hotpotqa_00032_5a84cf175542992a431d1aa2 seed=1 arm=direct: per_fault={'ctx': True, 'concise': True} all_resolved=True n_resolved=2/2 tokens=(1999,322)
  N=2 real_hotpotqa_00032_5a84cf175542992a431d1aa2 seed=1 arm=self_refine: per_fault={'ctx': True, 'concise': False} all_resolved=False n_resolved=1/2 tokens=(4476,1002)
  N=2 real_hotpotqa_00032_5a84cf175542992a431d1aa2 seed=1 arm=full_regen: per_fault={'ctx': True, 'concise': True} all_resolved=True n_resolved=2/2 tokens=(3998,616)
  N=2 real_hotpotqa_00032_5a84cf175542992a431d1aa2 seed=1 arm=react: per_fault={'ctx': True, 'concise': True} all_resolved=True n_resolved=2/2 tokens=(4051,1003)
  N=2 real_hotpotqa_00032_5a84cf175542992a431d1aa2 seed=1 arm=selfcheckgpt: per_fault={'ctx': True, 'concise': True} all_resolved=True n_resolved=2/2 tokens=(11657,493)
  N=2 real_hotpotqa_00032_5a84cf175542992a431d1aa2 seed=1 arm=reflexion: per_fault={'ctx': True, 'concise': True} all_resolved=True n_resolved=2/2 tokens=(1999,322)
  N=2 real_hotpotqa_00032_5a84cf175542992a431d1aa2 seed=1 arm=intro_specter: per_fault={'ctx': True, 'concise': True} all_resolved=True n_resolved=2/2 tokens=(4630,966)
  N=2 real_hotpotqa_00032_5a84cf175542992a431d1aa2 seed=2 arm=direct: per_fault={'ctx': True, 'concise': True} all_resolved=True n_resolved=2/2 tokens=(1999,315)
  N=2 real_hotpotqa_00032_5a84cf175542992a431d1aa2 seed=2 arm=self_refine: per_fault={'ctx': True, 'concise': False} all_resolved=False n_resolved=1/2 tokens=(4407,809)
  N=2 real_hotpotqa_00032_5a84cf175542992a431d1aa2 seed=2 arm=full_regen: per_fault={'ctx': True, 'concise': True} all_resolved=True n_resolved=2/2 tokens=(3998,619)
  N=2 real_hotpotqa_00032_5a84cf175542992a431d1aa2 seed=2 arm=react: per_fault={'ctx': True, 'concise': True} all_resolved=True n_resolved=2/2 tokens=(4051,929)
  N=2 real_hotpotqa_00032_5a84cf175542992a431d1aa2 seed=2 arm=selfcheckgpt: per_fault={'ctx': True, 'concise': True} all_resolved=True n_resolved=2/2 tokens=(11645,467)
  N=2 real_hotpotqa_00032_5a84cf175542992a431d1aa2 seed=2 arm=reflexion: per_fault={'ctx': True, 'concise': True} all_resolved=True n_resolved=2/2 tokens=(1999,315)
  N=2 real_hotpotqa_00032_5a84cf175542992a431d1aa2 seed=2 arm=intro_specter: per_fault={'ctx': True, 'concise': True} all_resolved=True n_resolved=2/2 tokens=(4561,861)
  N=2 real_hotpotqa_00033_5ab7bae95542993667793ff4 seed=0 arm=direct: per_fault={'ctx': True, 'english': True} all_resolved=True n_resolved=2/2 tokens=(1954,208)
  N=2 real_hotpotqa_00033_5ab7bae95542993667793ff4 seed=0 arm=self_refine: per_fault={'ctx': True, 'english': True} all_resolved=True n_resolved=2/2 tokens=(4182,618)
  N=2 real_hotpotqa_00033_5ab7bae95542993667793ff4 seed=0 arm=full_regen: per_fault={'ctx': False, 'english': True} all_resolved=False n_resolved=1/2 tokens=(3908,625)
  N=2 real_hotpotqa_00033_5ab7bae95542993667793ff4 seed=0 arm=react: per_fault={'ctx': True, 'english': True} all_resolved=True n_resolved=2/2 tokens=(3961,816)
  N=2 real_hotpotqa_00033_5ab7bae95542993667793ff4 seed=0 arm=selfcheckgpt: per_fault={'ctx': True, 'english': True} all_resolved=True n_resolved=2/2 tokens=(11486,453)
  N=2 real_hotpotqa_00033_5ab7bae95542993667793ff4 seed=0 arm=reflexion: per_fault={'ctx': True, 'english': True} all_resolved=True n_resolved=2/2 tokens=(1954,208)
  N=2 real_hotpotqa_00033_5ab7bae95542993667793ff4 seed=0 arm=intro_specter: per_fault={'ctx': True, 'english': True} all_resolved=True n_resolved=2/2 tokens=(4336,421)
  N=2 real_hotpotqa_00033_5ab7bae95542993667793ff4 seed=1 arm=direct: per_fault={'ctx': True, 'english': True} all_resolved=True n_resolved=2/2 tokens=(1954,208)
  N=2 real_hotpotqa_00033_5ab7bae95542993667793ff4 seed=1 arm=self_refine: per_fault={'ctx': True, 'english': True} all_resolved=True n_resolved=2/2 tokens=(4182,618)
  N=2 real_hotpotqa_00033_5ab7bae95542993667793ff4 seed=1 arm=full_regen: per_fault={'ctx': True, 'english': True} all_resolved=True n_resolved=2/2 tokens=(3908,474)
  N=2 real_hotpotqa_00033_5ab7bae95542993667793ff4 seed=1 arm=react: per_fault={'ctx': True, 'english': True} all_resolved=True n_resolved=2/2 tokens=(3961,816)
  N=2 real_hotpotqa_00033_5ab7bae95542993667793ff4 seed=1 arm=selfcheckgpt: per_fault={'ctx': True, 'english': True} all_resolved=True n_resolved=2/2 tokens=(11492,461)
  N=2 real_hotpotqa_00033_5ab7bae95542993667793ff4 seed=1 arm=reflexion: per_fault={'ctx': True, 'english': True} all_resolved=True n_resolved=2/2 tokens=(1954,208)
  N=2 real_hotpotqa_00033_5ab7bae95542993667793ff4 seed=1 arm=intro_specter: per_fault={'ctx': True, 'english': True} all_resolved=True n_resolved=2/2 tokens=(4336,421)
  N=2 real_hotpotqa_00033_5ab7bae95542993667793ff4 seed=2 arm=direct: per_fault={'ctx': True, 'english': True} all_resolved=True n_resolved=2/2 tokens=(1954,246)
  N=2 real_hotpotqa_00033_5ab7bae95542993667793ff4 seed=2 arm=self_refine: per_fault={'ctx': True, 'english': True} all_resolved=True n_resolved=2/2 tokens=(4246,658)
  N=2 real_hotpotqa_00033_5ab7bae95542993667793ff4 seed=2 arm=full_regen: per_fault={'ctx': True, 'english': True} all_resolved=True n_resolved=2/2 tokens=(3908,411)
  N=2 real_hotpotqa_00033_5ab7bae95542993667793ff4 seed=2 arm=react: per_fault={'ctx': False, 'english': True} all_resolved=False n_resolved=1/2 tokens=(3961,828)
  N=2 real_hotpotqa_00033_5ab7bae95542993667793ff4 seed=2 arm=selfcheckgpt: per_fault={'ctx': True, 'english': True} all_resolved=True n_resolved=2/2 tokens=(11440,455)
  N=2 real_hotpotqa_00033_5ab7bae95542993667793ff4 seed=2 arm=reflexion: per_fault={'ctx': True, 'english': True} all_resolved=True n_resolved=2/2 tokens=(1954,246)
  N=2 real_hotpotqa_00033_5ab7bae95542993667793ff4 seed=2 arm=intro_specter: per_fault={'ctx': True, 'english': True} all_resolved=True n_resolved=2/2 tokens=(4400,558)
  N=2 real_hotpotqa_00034_5a8adc935542992d82986fb0 seed=0 arm=direct: per_fault={'ctx': True, 'bullets': True} all_resolved=True n_resolved=2/2 tokens=(1925,215)
  N=2 real_hotpotqa_00034_5a8adc935542992d82986fb0 seed=0 arm=self_refine: per_fault={'ctx': True, 'bullets': True} all_resolved=True n_resolved=2/2 tokens=(4164,591)
  N=2 real_hotpotqa_00034_5a8adc935542992d82986fb0 seed=0 arm=full_regen: per_fault={'ctx': True, 'bullets': True} all_resolved=True n_resolved=2/2 tokens=(3850,375)
  N=2 real_hotpotqa_00034_5a8adc935542992d82986fb0 seed=0 arm=react: per_fault={'ctx': True, 'bullets': True} all_resolved=True n_resolved=2/2 tokens=(3903,685)
  N=2 real_hotpotqa_00034_5a8adc935542992d82986fb0 seed=0 arm=selfcheckgpt: per_fault={'ctx': True, 'bullets': True} all_resolved=True n_resolved=2/2 tokens=(11375,420)
  N=2 real_hotpotqa_00034_5a8adc935542992d82986fb0 seed=0 arm=reflexion: per_fault={'ctx': True, 'bullets': True} all_resolved=True n_resolved=2/2 tokens=(1925,215)
  N=2 real_hotpotqa_00034_5a8adc935542992d82986fb0 seed=0 arm=intro_specter: per_fault={'ctx': True, 'bullets': True} all_resolved=True n_resolved=2/2 tokens=(4318,603)
  N=2 real_hotpotqa_00034_5a8adc935542992d82986fb0 seed=1 arm=direct: per_fault={'ctx': True, 'bullets': True} all_resolved=True n_resolved=2/2 tokens=(1925,215)
  N=2 real_hotpotqa_00034_5a8adc935542992d82986fb0 seed=1 arm=self_refine: per_fault={'ctx': True, 'bullets': True} all_resolved=True n_resolved=2/2 tokens=(4164,591)
  N=2 real_hotpotqa_00034_5a8adc935542992d82986fb0 seed=1 arm=full_regen: per_fault={'ctx': True, 'bullets': True} all_resolved=True n_resolved=2/2 tokens=(3850,586)
  N=2 real_hotpotqa_00034_5a8adc935542992d82986fb0 seed=1 arm=react: per_fault={'ctx': True, 'bullets': True} all_resolved=True n_resolved=2/2 tokens=(3903,685)
  N=2 real_hotpotqa_00034_5a8adc935542992d82986fb0 seed=1 arm=selfcheckgpt: per_fault={'ctx': True, 'bullets': True} all_resolved=True n_resolved=2/2 tokens=(11523,478)
  N=2 real_hotpotqa_00034_5a8adc935542992d82986fb0 seed=1 arm=reflexion: per_fault={'ctx': True, 'bullets': True} all_resolved=True n_resolved=2/2 tokens=(1925,215)
  N=2 real_hotpotqa_00034_5a8adc935542992d82986fb0 seed=1 arm=intro_specter: per_fault={'ctx': True, 'bullets': True} all_resolved=True n_resolved=2/2 tokens=(4318,603)
  N=2 real_hotpotqa_00034_5a8adc935542992d82986fb0 seed=2 arm=direct: per_fault={'ctx': True, 'bullets': True} all_resolved=True n_resolved=2/2 tokens=(1925,188)
  N=2 real_hotpotqa_00034_5a8adc935542992d82986fb0 seed=2 arm=self_refine: per_fault={'ctx': True, 'bullets': True} all_resolved=True n_resolved=2/2 tokens=(4109,465)
  N=2 real_hotpotqa_00034_5a8adc935542992d82986fb0 seed=2 arm=full_regen: per_fault={'ctx': True, 'bullets': True} all_resolved=True n_resolved=2/2 tokens=(3850,364)
  N=2 real_hotpotqa_00034_5a8adc935542992d82986fb0 seed=2 arm=react: per_fault={'ctx': True, 'bullets': True} all_resolved=True n_resolved=2/2 tokens=(3903,685)
  N=2 real_hotpotqa_00034_5a8adc935542992d82986fb0 seed=2 arm=selfcheckgpt: per_fault={'ctx': True, 'bullets': True} all_resolved=True n_resolved=2/2 tokens=(11321,351)
  N=2 real_hotpotqa_00034_5a8adc935542992d82986fb0 seed=2 arm=reflexion: per_fault={'ctx': True, 'bullets': True} all_resolved=True n_resolved=2/2 tokens=(1925,188)
  N=2 real_hotpotqa_00034_5a8adc935542992d82986fb0 seed=2 arm=intro_specter: per_fault={'ctx': True, 'bullets': True} all_resolved=True n_resolved=2/2 tokens=(4263,504)
  N=2 real_hotpotqa_00035_5ab9be4f554299753720f843 seed=0 arm=direct: per_fault={'ctx': True, 'bullets': True} all_resolved=True n_resolved=2/2 tokens=(2358,242)
  N=2 real_hotpotqa_00035_5ab9be4f554299753720f843 seed=0 arm=self_refine: per_fault={'ctx': True, 'bullets': True} all_resolved=True n_resolved=2/2 tokens=(5031,463)
  N=2 real_hotpotqa_00035_5ab9be4f554299753720f843 seed=0 arm=full_regen: per_fault={'ctx': True, 'bullets': True} all_resolved=True n_resolved=2/2 tokens=(4716,487)
  N=2 real_hotpotqa_00035_5ab9be4f554299753720f843 seed=0 arm=react: per_fault={'ctx': False, 'bullets': True} all_resolved=False n_resolved=1/2 tokens=(4769,889)
  N=2 real_hotpotqa_00035_5ab9be4f554299753720f843 seed=0 arm=selfcheckgpt: per_fault={'ctx': True, 'bullets': True} all_resolved=True n_resolved=2/2 tokens=(13827,416)
  N=2 real_hotpotqa_00035_5ab9be4f554299753720f843 seed=0 arm=reflexion: per_fault={'ctx': True, 'bullets': True} all_resolved=True n_resolved=2/2 tokens=(2358,242)
  N=2 real_hotpotqa_00035_5ab9be4f554299753720f843 seed=0 arm=intro_specter: per_fault={'ctx': True, 'bullets': True} all_resolved=True n_resolved=2/2 tokens=(5185,654)
  N=2 real_hotpotqa_00035_5ab9be4f554299753720f843 seed=1 arm=direct: per_fault={'ctx': True, 'bullets': True} all_resolved=True n_resolved=2/2 tokens=(2358,242)
  N=2 real_hotpotqa_00035_5ab9be4f554299753720f843 seed=1 arm=self_refine: per_fault={'ctx': True, 'bullets': True} all_resolved=True n_resolved=2/2 tokens=(5031,463)
  N=2 real_hotpotqa_00035_5ab9be4f554299753720f843 seed=1 arm=full_regen: per_fault={'ctx': True, 'bullets': True} all_resolved=True n_resolved=2/2 tokens=(4716,551)
  N=2 real_hotpotqa_00035_5ab9be4f554299753720f843 seed=1 arm=react: per_fault={'ctx': False, 'bullets': True} all_resolved=False n_resolved=1/2 tokens=(4769,889)
  N=2 real_hotpotqa_00035_5ab9be4f554299753720f843 seed=1 arm=selfcheckgpt: per_fault={'ctx': True, 'bullets': True} all_resolved=True n_resolved=2/2 tokens=(13817,412)
  N=2 real_hotpotqa_00035_5ab9be4f554299753720f843 seed=1 arm=reflexion: per_fault={'ctx': True, 'bullets': True} all_resolved=True n_resolved=2/2 tokens=(2358,242)
  N=2 real_hotpotqa_00035_5ab9be4f554299753720f843 seed=1 arm=intro_specter: per_fault={'ctx': True, 'bullets': True} all_resolved=True n_resolved=2/2 tokens=(5185,654)
  N=2 real_hotpotqa_00035_5ab9be4f554299753720f843 seed=2 arm=direct: per_fault={'ctx': True, 'bullets': True} all_resolved=True n_resolved=2/2 tokens=(2358,275)
  N=2 real_hotpotqa_00035_5ab9be4f554299753720f843 seed=2 arm=self_refine: per_fault={'ctx': True, 'bullets': True} all_resolved=True n_resolved=2/2 tokens=(5064,703)
  N=2 real_hotpotqa_00035_5ab9be4f554299753720f843 seed=2 arm=full_regen: per_fault={'ctx': True, 'bullets': True} all_resolved=True n_resolved=2/2 tokens=(4716,511)
  N=2 real_hotpotqa_00035_5ab9be4f554299753720f843 seed=2 arm=react: per_fault={'ctx': True, 'bullets': True} all_resolved=True n_resolved=2/2 tokens=(4769,819)
  N=2 real_hotpotqa_00035_5ab9be4f554299753720f843 seed=2 arm=selfcheckgpt: per_fault={'ctx': True, 'bullets': True} all_resolved=True n_resolved=2/2 tokens=(13831,441)
  N=2 real_hotpotqa_00035_5ab9be4f554299753720f843 seed=2 arm=reflexion: per_fault={'ctx': True, 'bullets': True} all_resolved=True n_resolved=2/2 tokens=(2358,275)
  N=2 real_hotpotqa_00035_5ab9be4f554299753720f843 seed=2 arm=intro_specter: per_fault={'ctx': True, 'bullets': True} all_resolved=True n_resolved=2/2 tokens=(5218,690)
  N=2 real_hotpotqa_00036_5ae791cf55429952e35ea978 seed=0 arm=direct: per_fault={'ctx': True, 'preamble': True} all_resolved=True n_resolved=2/2 tokens=(1918,224)
  N=2 real_hotpotqa_00036_5ae791cf55429952e35ea978 seed=0 arm=self_refine: per_fault={'ctx': True, 'preamble': True} all_resolved=True n_resolved=2/2 tokens=(4132,613)
  N=2 real_hotpotqa_00036_5ae791cf55429952e35ea978 seed=0 arm=full_regen: per_fault={'ctx': True, 'preamble': True} all_resolved=True n_resolved=2/2 tokens=(3836,447)
  N=2 real_hotpotqa_00036_5ae791cf55429952e35ea978 seed=0 arm=react: per_fault={'ctx': True, 'preamble': True} all_resolved=True n_resolved=2/2 tokens=(3889,853)
  N=2 real_hotpotqa_00036_5ae791cf55429952e35ea978 seed=0 arm=selfcheckgpt: per_fault={'ctx': True, 'preamble': True} all_resolved=True n_resolved=2/2 tokens=(11121,320)
  N=2 real_hotpotqa_00036_5ae791cf55429952e35ea978 seed=0 arm=reflexion: per_fault={'ctx': True, 'preamble': True} all_resolved=True n_resolved=2/2 tokens=(1918,224)
  N=2 real_hotpotqa_00036_5ae791cf55429952e35ea978 seed=0 arm=intro_specter: per_fault={'ctx': True, 'preamble': True} all_resolved=True n_resolved=2/2 tokens=(4286,620)
  N=2 real_hotpotqa_00036_5ae791cf55429952e35ea978 seed=1 arm=direct: per_fault={'ctx': True, 'preamble': True} all_resolved=True n_resolved=2/2 tokens=(1918,224)
  N=2 real_hotpotqa_00036_5ae791cf55429952e35ea978 seed=1 arm=self_refine: per_fault={'ctx': True, 'preamble': True} all_resolved=True n_resolved=2/2 tokens=(4132,613)
  N=2 real_hotpotqa_00036_5ae791cf55429952e35ea978 seed=1 arm=full_regen: per_fault={'ctx': True, 'preamble': True} all_resolved=True n_resolved=2/2 tokens=(3836,436)
  N=2 real_hotpotqa_00036_5ae791cf55429952e35ea978 seed=1 arm=react: per_fault={'ctx': True, 'preamble': True} all_resolved=True n_resolved=2/2 tokens=(3889,853)
  N=2 real_hotpotqa_00036_5ae791cf55429952e35ea978 seed=1 arm=selfcheckgpt: per_fault={'ctx': True, 'preamble': True} all_resolved=True n_resolved=2/2 tokens=(11118,316)
  N=2 real_hotpotqa_00036_5ae791cf55429952e35ea978 seed=1 arm=reflexion: per_fault={'ctx': True, 'preamble': True} all_resolved=True n_resolved=2/2 tokens=(1918,224)
  N=2 real_hotpotqa_00036_5ae791cf55429952e35ea978 seed=1 arm=intro_specter: per_fault={'ctx': True, 'preamble': True} all_resolved=True n_resolved=2/2 tokens=(4286,620)
  N=2 real_hotpotqa_00036_5ae791cf55429952e35ea978 seed=2 arm=direct: per_fault={'ctx': True, 'preamble': True} all_resolved=True n_resolved=2/2 tokens=(1918,230)
  N=2 real_hotpotqa_00036_5ae791cf55429952e35ea978 seed=2 arm=self_refine: per_fault={'ctx': True, 'preamble': True} all_resolved=True n_resolved=2/2 tokens=(4193,745)
  N=2 real_hotpotqa_00036_5ae791cf55429952e35ea978 seed=2 arm=full_regen: per_fault={'ctx': True, 'preamble': True} all_resolved=True n_resolved=2/2 tokens=(3836,425)
  N=2 real_hotpotqa_00036_5ae791cf55429952e35ea978 seed=2 arm=react: per_fault={'ctx': True, 'preamble': True} all_resolved=True n_resolved=2/2 tokens=(3889,870)
  N=2 real_hotpotqa_00036_5ae791cf55429952e35ea978 seed=2 arm=selfcheckgpt: per_fault={'ctx': True, 'preamble': True} all_resolved=True n_resolved=2/2 tokens=(11118,322)
  N=2 real_hotpotqa_00036_5ae791cf55429952e35ea978 seed=2 arm=reflexion: per_fault={'ctx': True, 'preamble': True} all_resolved=True n_resolved=2/2 tokens=(1918,230)
  N=2 real_hotpotqa_00036_5ae791cf55429952e35ea978 seed=2 arm=intro_specter: per_fault={'ctx': True, 'preamble': True} all_resolved=True n_resolved=2/2 tokens=(4347,719)
  N=2 real_hotpotqa_00038_5a8719fa55429960ec39b742 seed=0 arm=direct: per_fault={'ctx': True, 'concise': True} all_resolved=True n_resolved=2/2 tokens=(1943,242)
  N=2 real_hotpotqa_00038_5a8719fa55429960ec39b742 seed=0 arm=self_refine: per_fault={'ctx': True, 'concise': True} all_resolved=True n_resolved=2/2 tokens=(4228,640)
  N=2 real_hotpotqa_00038_5a8719fa55429960ec39b742 seed=0 arm=full_regen: per_fault={'ctx': True, 'concise': True} all_resolved=True n_resolved=2/2 tokens=(3886,548)
  N=2 real_hotpotqa_00038_5a8719fa55429960ec39b742 seed=0 arm=react: per_fault={'ctx': True, 'concise': True} all_resolved=True n_resolved=2/2 tokens=(3939,1032)
  N=2 real_hotpotqa_00038_5a8719fa55429960ec39b742 seed=0 arm=selfcheckgpt: per_fault={'ctx': True, 'concise': True} all_resolved=True n_resolved=2/2 tokens=(11311,366)
  N=2 real_hotpotqa_00038_5a8719fa55429960ec39b742 seed=0 arm=reflexion: per_fault={'ctx': True, 'concise': True} all_resolved=True n_resolved=2/2 tokens=(1943,242)
  N=2 real_hotpotqa_00038_5a8719fa55429960ec39b742 seed=0 arm=intro_specter: per_fault={'ctx': True, 'concise': True} all_resolved=True n_resolved=2/2 tokens=(4382,692)
  N=2 real_hotpotqa_00038_5a8719fa55429960ec39b742 seed=1 arm=direct: per_fault={'ctx': True, 'concise': True} all_resolved=True n_resolved=2/2 tokens=(1943,242)
  N=2 real_hotpotqa_00038_5a8719fa55429960ec39b742 seed=1 arm=self_refine: per_fault={'ctx': True, 'concise': True} all_resolved=True n_resolved=2/2 tokens=(4228,640)
  N=2 real_hotpotqa_00038_5a8719fa55429960ec39b742 seed=1 arm=full_regen: per_fault={'ctx': True, 'concise': True} all_resolved=True n_resolved=2/2 tokens=(3886,559)
  N=2 real_hotpotqa_00038_5a8719fa55429960ec39b742 seed=1 arm=react: per_fault={'ctx': True, 'concise': True} all_resolved=True n_resolved=2/2 tokens=(3939,1032)
  N=2 real_hotpotqa_00038_5a8719fa55429960ec39b742 seed=1 arm=selfcheckgpt: per_fault={'ctx': True, 'concise': True} all_resolved=True n_resolved=2/2 tokens=(11352,432)
  N=2 real_hotpotqa_00038_5a8719fa55429960ec39b742 seed=1 arm=reflexion: per_fault={'ctx': True, 'concise': True} all_resolved=True n_resolved=2/2 tokens=(1943,242)
  N=2 real_hotpotqa_00038_5a8719fa55429960ec39b742 seed=1 arm=intro_specter: per_fault={'ctx': True, 'concise': True} all_resolved=True n_resolved=2/2 tokens=(4382,692)
  N=2 real_hotpotqa_00038_5a8719fa55429960ec39b742 seed=2 arm=direct: per_fault={'ctx': True, 'concise': True} all_resolved=True n_resolved=2/2 tokens=(1943,247)
  N=2 real_hotpotqa_00038_5a8719fa55429960ec39b742 seed=2 arm=self_refine: per_fault={'ctx': True, 'concise': True} all_resolved=True n_resolved=2/2 tokens=(4233,760)
  N=2 real_hotpotqa_00038_5a8719fa55429960ec39b742 seed=2 arm=full_regen: per_fault={'ctx': True, 'concise': True} all_resolved=True n_resolved=2/2 tokens=(3886,560)
  N=2 real_hotpotqa_00038_5a8719fa55429960ec39b742 seed=2 arm=react: per_fault={'ctx': True, 'concise': True} all_resolved=True n_resolved=2/2 tokens=(3939,897)
  N=2 real_hotpotqa_00038_5a8719fa55429960ec39b742 seed=2 arm=selfcheckgpt: per_fault={'ctx': True, 'concise': True} all_resolved=True n_resolved=2/2 tokens=(11311,383)
  N=2 real_hotpotqa_00038_5a8719fa55429960ec39b742 seed=2 arm=reflexion: per_fault={'ctx': True, 'concise': True} all_resolved=True n_resolved=2/2 tokens=(1943,247)
  N=2 real_hotpotqa_00038_5a8719fa55429960ec39b742 seed=2 arm=intro_specter: per_fault={'ctx': True, 'concise': True} all_resolved=True n_resolved=2/2 tokens=(4387,697)
  N=2 real_hotpotqa_00039_5ae52cb955429908b6326540 seed=0 arm=direct: per_fault={'ctx': True, 'concise': True} all_resolved=True n_resolved=2/2 tokens=(1948,242)
  N=2 real_hotpotqa_00039_5ae52cb955429908b6326540 seed=0 arm=self_refine: per_fault={'ctx': True, 'concise': True} all_resolved=True n_resolved=2/2 tokens=(4238,689)
  N=2 real_hotpotqa_00039_5ae52cb955429908b6326540 seed=0 arm=full_regen: per_fault={'ctx': True, 'concise': True} all_resolved=True n_resolved=2/2 tokens=(3896,418)
  N=2 real_hotpotqa_00039_5ae52cb955429908b6326540 seed=0 arm=react: per_fault={'ctx': True, 'concise': True} all_resolved=True n_resolved=2/2 tokens=(3949,789)
  N=2 real_hotpotqa_00039_5ae52cb955429908b6326540 seed=0 arm=selfcheckgpt: per_fault={'ctx': True, 'concise': True} all_resolved=True n_resolved=2/2 tokens=(11334,373)
  N=2 real_hotpotqa_00039_5ae52cb955429908b6326540 seed=0 arm=reflexion: per_fault={'ctx': True, 'concise': True} all_resolved=True n_resolved=2/2 tokens=(1948,242)
  N=2 real_hotpotqa_00039_5ae52cb955429908b6326540 seed=0 arm=intro_specter: per_fault={'ctx': True, 'concise': True} all_resolved=True n_resolved=2/2 tokens=(4392,630)
  N=2 real_hotpotqa_00039_5ae52cb955429908b6326540 seed=1 arm=direct: per_fault={'ctx': True, 'concise': True} all_resolved=True n_resolved=2/2 tokens=(1948,242)
  N=2 real_hotpotqa_00039_5ae52cb955429908b6326540 seed=1 arm=self_refine: per_fault={'ctx': True, 'concise': True} all_resolved=True n_resolved=2/2 tokens=(4238,689)
  N=2 real_hotpotqa_00039_5ae52cb955429908b6326540 seed=1 arm=full_regen: per_fault={'ctx': True, 'concise': True} all_resolved=True n_resolved=2/2 tokens=(3896,614)
  N=2 real_hotpotqa_00039_5ae52cb955429908b6326540 seed=1 arm=react: per_fault={'ctx': True, 'concise': True} all_resolved=True n_resolved=2/2 tokens=(3949,789)
  N=2 real_hotpotqa_00039_5ae52cb955429908b6326540 seed=1 arm=selfcheckgpt: per_fault={'ctx': True, 'concise': True} all_resolved=True n_resolved=2/2 tokens=(11334,373)
  N=2 real_hotpotqa_00039_5ae52cb955429908b6326540 seed=1 arm=reflexion: per_fault={'ctx': True, 'concise': True} all_resolved=True n_resolved=2/2 tokens=(1948,242)
  N=2 real_hotpotqa_00039_5ae52cb955429908b6326540 seed=1 arm=intro_specter: per_fault={'ctx': True, 'concise': True} all_resolved=True n_resolved=2/2 tokens=(4392,630)
  N=2 real_hotpotqa_00039_5ae52cb955429908b6326540 seed=2 arm=direct: per_fault={'ctx': True, 'concise': True} all_resolved=True n_resolved=2/2 tokens=(1948,261)
  N=2 real_hotpotqa_00039_5ae52cb955429908b6326540 seed=2 arm=self_refine: per_fault={'ctx': True, 'concise': True} all_resolved=True n_resolved=2/2 tokens=(4257,694)
  N=2 real_hotpotqa_00039_5ae52cb955429908b6326540 seed=2 arm=full_regen: per_fault={'ctx': True, 'concise': True} all_resolved=True n_resolved=2/2 tokens=(3896,543)
  N=2 real_hotpotqa_00039_5ae52cb955429908b6326540 seed=2 arm=react: per_fault={'ctx': True, 'concise': True} all_resolved=True n_resolved=2/2 tokens=(3949,984)
  N=2 real_hotpotqa_00039_5ae52cb955429908b6326540 seed=2 arm=selfcheckgpt: per_fault={'ctx': True, 'concise': True} all_resolved=True n_resolved=2/2 tokens=(11347,405)
  N=2 real_hotpotqa_00039_5ae52cb955429908b6326540 seed=2 arm=reflexion: per_fault={'ctx': True, 'concise': True} all_resolved=True n_resolved=2/2 tokens=(1948,261)
  N=2 real_hotpotqa_00039_5ae52cb955429908b6326540 seed=2 arm=intro_specter: per_fault={'ctx': True, 'concise': True} all_resolved=True n_resolved=2/2 tokens=(4411,693)
  N=2 real_hotpotqa_00041_5a83041355429966c78a6ae8 seed=0 arm=direct: per_fault={'ctx': True, 'preamble': True} all_resolved=True n_resolved=2/2 tokens=(2021,218)
  N=2 real_hotpotqa_00041_5a83041355429966c78a6ae8 seed=0 arm=self_refine: per_fault={'ctx': True, 'preamble': False} all_resolved=False n_resolved=1/2 tokens=(4361,648)
  N=2 real_hotpotqa_00041_5a83041355429966c78a6ae8 seed=0 arm=full_regen: per_fault={'ctx': True, 'preamble': True} all_resolved=True n_resolved=2/2 tokens=(4042,438)
  N=2 real_hotpotqa_00041_5a83041355429966c78a6ae8 seed=0 arm=react: per_fault={'ctx': True, 'preamble': True} all_resolved=True n_resolved=2/2 tokens=(4095,663)
  N=2 real_hotpotqa_00041_5a83041355429966c78a6ae8 seed=0 arm=selfcheckgpt: per_fault={'ctx': True, 'preamble': True} all_resolved=True n_resolved=2/2 tokens=(11774,365)
  N=2 real_hotpotqa_00041_5a83041355429966c78a6ae8 seed=0 arm=reflexion: per_fault={'ctx': True, 'preamble': True} all_resolved=True n_resolved=2/2 tokens=(2021,218)
  N=2 real_hotpotqa_00041_5a83041355429966c78a6ae8 seed=0 arm=intro_specter: per_fault={'ctx': True, 'preamble': True} all_resolved=True n_resolved=2/2 tokens=(4515,633)
  N=2 real_hotpotqa_00041_5a83041355429966c78a6ae8 seed=1 arm=direct: per_fault={'ctx': True, 'preamble': True} all_resolved=True n_resolved=2/2 tokens=(2021,218)
  N=2 real_hotpotqa_00041_5a83041355429966c78a6ae8 seed=1 arm=self_refine: per_fault={'ctx': True, 'preamble': False} all_resolved=False n_resolved=1/2 tokens=(4361,648)
  N=2 real_hotpotqa_00041_5a83041355429966c78a6ae8 seed=1 arm=full_regen: per_fault={'ctx': True, 'preamble': True} all_resolved=True n_resolved=2/2 tokens=(4042,493)
  N=2 real_hotpotqa_00041_5a83041355429966c78a6ae8 seed=1 arm=react: per_fault={'ctx': True, 'preamble': True} all_resolved=True n_resolved=2/2 tokens=(4095,663)
  N=2 real_hotpotqa_00041_5a83041355429966c78a6ae8 seed=1 arm=selfcheckgpt: per_fault={'ctx': True, 'preamble': True} all_resolved=True n_resolved=2/2 tokens=(11778,382)
  N=2 real_hotpotqa_00041_5a83041355429966c78a6ae8 seed=1 arm=reflexion: per_fault={'ctx': True, 'preamble': True} all_resolved=True n_resolved=2/2 tokens=(2021,218)
  N=2 real_hotpotqa_00041_5a83041355429966c78a6ae8 seed=1 arm=intro_specter: per_fault={'ctx': True, 'preamble': True} all_resolved=True n_resolved=2/2 tokens=(4515,633)
  N=2 real_hotpotqa_00041_5a83041355429966c78a6ae8 seed=2 arm=direct: per_fault={'ctx': True, 'preamble': True} all_resolved=True n_resolved=2/2 tokens=(2021,220)
  N=2 real_hotpotqa_00041_5a83041355429966c78a6ae8 seed=2 arm=self_refine: per_fault={'ctx': True, 'preamble': True} all_resolved=True n_resolved=2/2 tokens=(4363,614)
  N=2 real_hotpotqa_00041_5a83041355429966c78a6ae8 seed=2 arm=full_regen: per_fault={'ctx': True, 'preamble': True} all_resolved=True n_resolved=2/2 tokens=(4042,295)
  N=2 real_hotpotqa_00041_5a83041355429966c78a6ae8 seed=2 arm=react: per_fault={'ctx': True, 'preamble': True} all_resolved=True n_resolved=2/2 tokens=(4095,701)
  N=2 real_hotpotqa_00041_5a83041355429966c78a6ae8 seed=2 arm=selfcheckgpt: per_fault={'ctx': True, 'preamble': True} all_resolved=True n_resolved=2/2 tokens=(11792,356)
  N=2 real_hotpotqa_00041_5a83041355429966c78a6ae8 seed=2 arm=reflexion: per_fault={'ctx': True, 'preamble': True} all_resolved=True n_resolved=2/2 tokens=(2021,220)
  N=2 real_hotpotqa_00041_5a83041355429966c78a6ae8 seed=2 arm=intro_specter: per_fault={'ctx': True, 'preamble': True} all_resolved=True n_resolved=2/2 tokens=(4517,616)
  N=2 real_hotpotqa_00043_5ae5fa38554299546bf82ff1 seed=0 arm=direct: per_fault={'ctx': False, 'english': True} all_resolved=False n_resolved=1/2 tokens=(2210,310)
  N=2 real_hotpotqa_00043_5ae5fa38554299546bf82ff1 seed=0 arm=self_refine: per_fault={'ctx': False, 'english': True} all_resolved=False n_resolved=1/2 tokens=(4847,917)
  N=2 real_hotpotqa_00043_5ae5fa38554299546bf82ff1 seed=0 arm=full_regen: per_fault={'ctx': False, 'english': True} all_resolved=False n_resolved=1/2 tokens=(4420,610)
  N=2 real_hotpotqa_00043_5ae5fa38554299546bf82ff1 seed=0 arm=react: per_fault={'ctx': True, 'english': True} all_resolved=True n_resolved=2/2 tokens=(4473,727)
  N=2 real_hotpotqa_00043_5ae5fa38554299546bf82ff1 seed=0 arm=selfcheckgpt: per_fault={'ctx': True, 'english': True} all_resolved=True n_resolved=2/2 tokens=(15276,660)
  N=2 real_hotpotqa_00043_5ae5fa38554299546bf82ff1 seed=0 arm=reflexion: per_fault={'ctx': False, 'english': True} all_resolved=False n_resolved=1/2 tokens=(13154,1165)
  N=2 real_hotpotqa_00043_5ae5fa38554299546bf82ff1 seed=0 arm=intro_specter: per_fault={'ctx': True, 'english': True} all_resolved=True n_resolved=2/2 tokens=(5001,857)
  N=2 real_hotpotqa_00043_5ae5fa38554299546bf82ff1 seed=1 arm=direct: per_fault={'ctx': False, 'english': True} all_resolved=False n_resolved=1/2 tokens=(2210,310)
  N=2 real_hotpotqa_00043_5ae5fa38554299546bf82ff1 seed=1 arm=self_refine: per_fault={'ctx': False, 'english': True} all_resolved=False n_resolved=1/2 tokens=(4847,917)
  N=2 real_hotpotqa_00043_5ae5fa38554299546bf82ff1 seed=1 arm=full_regen: per_fault={'ctx': True, 'english': True} all_resolved=True n_resolved=2/2 tokens=(4420,652)
  N=2 real_hotpotqa_00043_5ae5fa38554299546bf82ff1 seed=1 arm=react: per_fault={'ctx': True, 'english': True} all_resolved=True n_resolved=2/2 tokens=(4473,727)
  N=2 real_hotpotqa_00043_5ae5fa38554299546bf82ff1 seed=1 arm=selfcheckgpt: per_fault={'ctx': False, 'english': True} all_resolved=False n_resolved=1/2 tokens=(15173,566)
  N=2 real_hotpotqa_00043_5ae5fa38554299546bf82ff1 seed=1 arm=reflexion: per_fault={'ctx': False, 'english': True} all_resolved=False n_resolved=1/2 tokens=(13154,1165)
  N=2 real_hotpotqa_00043_5ae5fa38554299546bf82ff1 seed=1 arm=intro_specter: per_fault={'ctx': True, 'english': True} all_resolved=True n_resolved=2/2 tokens=(5001,857)
  N=2 real_hotpotqa_00043_5ae5fa38554299546bf82ff1 seed=2 arm=direct: per_fault={'ctx': True, 'english': True} all_resolved=True n_resolved=2/2 tokens=(2210,223)
  N=2 real_hotpotqa_00043_5ae5fa38554299546bf82ff1 seed=2 arm=self_refine: per_fault={'ctx': True, 'english': True} all_resolved=True n_resolved=2/2 tokens=(4735,639)
  N=2 real_hotpotqa_00043_5ae5fa38554299546bf82ff1 seed=2 arm=full_regen: per_fault={'ctx': True, 'english': True} all_resolved=True n_resolved=2/2 tokens=(4420,507)
  N=2 real_hotpotqa_00043_5ae5fa38554299546bf82ff1 seed=2 arm=react: per_fault={'ctx': True, 'english': True} all_resolved=True n_resolved=2/2 tokens=(4473,747)
  N=2 real_hotpotqa_00043_5ae5fa38554299546bf82ff1 seed=2 arm=selfcheckgpt: per_fault={'ctx': True, 'english': True} all_resolved=True n_resolved=2/2 tokens=(12930,384)
  N=2 real_hotpotqa_00043_5ae5fa38554299546bf82ff1 seed=2 arm=reflexion: per_fault={'ctx': True, 'english': True} all_resolved=True n_resolved=2/2 tokens=(2210,223)
  N=2 real_hotpotqa_00043_5ae5fa38554299546bf82ff1 seed=2 arm=intro_specter: per_fault={'ctx': True, 'english': True} all_resolved=True n_resolved=2/2 tokens=(4889,550)
  N=2 real_hotpotqa_00046_5a8aed1755429950cd6afbf1 seed=0 arm=direct: per_fault={'ctx': True, 'concise': True} all_resolved=True n_resolved=2/2 tokens=(1762,302)
  N=2 real_hotpotqa_00046_5a8aed1755429950cd6afbf1 seed=0 arm=self_refine: per_fault={'ctx': True, 'concise': False} all_resolved=False n_resolved=1/2 tokens=(3952,904)
  N=2 real_hotpotqa_00046_5a8aed1755429950cd6afbf1 seed=0 arm=full_regen: per_fault={'ctx': True, 'concise': True} all_resolved=True n_resolved=2/2 tokens=(3524,492)
  N=2 real_hotpotqa_00046_5a8aed1755429950cd6afbf1 seed=0 arm=react: per_fault={'ctx': True, 'concise': True} all_resolved=True n_resolved=2/2 tokens=(3577,772)
  N=2 real_hotpotqa_00046_5a8aed1755429950cd6afbf1 seed=0 arm=selfcheckgpt: per_fault={'ctx': True, 'concise': True} all_resolved=True n_resolved=2/2 tokens=(10255,454)
  N=2 real_hotpotqa_00046_5a8aed1755429950cd6afbf1 seed=0 arm=reflexion: per_fault={'ctx': True, 'concise': True} all_resolved=True n_resolved=2/2 tokens=(1762,302)
  N=2 real_hotpotqa_00046_5a8aed1755429950cd6afbf1 seed=0 arm=intro_specter: per_fault={'ctx': True, 'concise': True} all_resolved=True n_resolved=2/2 tokens=(4106,843)
  N=2 real_hotpotqa_00046_5a8aed1755429950cd6afbf1 seed=1 arm=direct: per_fault={'ctx': True, 'concise': True} all_resolved=True n_resolved=2/2 tokens=(1762,302)
  N=2 real_hotpotqa_00046_5a8aed1755429950cd6afbf1 seed=1 arm=self_refine: per_fault={'ctx': True, 'concise': False} all_resolved=False n_resolved=1/2 tokens=(3952,904)
  N=2 real_hotpotqa_00046_5a8aed1755429950cd6afbf1 seed=1 arm=full_regen: per_fault={'ctx': True, 'concise': True} all_resolved=True n_resolved=2/2 tokens=(3524,503)
  N=2 real_hotpotqa_00046_5a8aed1755429950cd6afbf1 seed=1 arm=react: per_fault={'ctx': True, 'concise': True} all_resolved=True n_resolved=2/2 tokens=(3577,772)
  N=2 real_hotpotqa_00046_5a8aed1755429950cd6afbf1 seed=1 arm=selfcheckgpt: per_fault={'ctx': True, 'concise': True} all_resolved=True n_resolved=2/2 tokens=(10274,479)
  N=2 real_hotpotqa_00046_5a8aed1755429950cd6afbf1 seed=1 arm=reflexion: per_fault={'ctx': True, 'concise': True} all_resolved=True n_resolved=2/2 tokens=(1762,302)
  N=2 real_hotpotqa_00046_5a8aed1755429950cd6afbf1 seed=1 arm=intro_specter: per_fault={'ctx': True, 'concise': True} all_resolved=True n_resolved=2/2 tokens=(4106,843)
  N=2 real_hotpotqa_00046_5a8aed1755429950cd6afbf1 seed=2 arm=direct: per_fault={'ctx': True, 'concise': True} all_resolved=True n_resolved=2/2 tokens=(1762,264)
  N=2 real_hotpotqa_00046_5a8aed1755429950cd6afbf1 seed=2 arm=self_refine: per_fault={'ctx': True, 'concise': False} all_resolved=False n_resolved=1/2 tokens=(3913,864)
  N=2 real_hotpotqa_00046_5a8aed1755429950cd6afbf1 seed=2 arm=full_regen: per_fault={'ctx': True, 'concise': True} all_resolved=True n_resolved=2/2 tokens=(3524,575)
  N=2 real_hotpotqa_00046_5a8aed1755429950cd6afbf1 seed=2 arm=react: per_fault={'ctx': True, 'concise': False} all_resolved=False n_resolved=1/2 tokens=(3577,775)
  N=2 real_hotpotqa_00046_5a8aed1755429950cd6afbf1 seed=2 arm=selfcheckgpt: per_fault={'ctx': True, 'concise': True} all_resolved=True n_resolved=2/2 tokens=(10062,389)
  N=2 real_hotpotqa_00046_5a8aed1755429950cd6afbf1 seed=2 arm=reflexion: per_fault={'ctx': True, 'concise': True} all_resolved=True n_resolved=2/2 tokens=(1762,264)
  N=2 real_hotpotqa_00046_5a8aed1755429950cd6afbf1 seed=2 arm=intro_specter: per_fault={'ctx': True, 'concise': True} all_resolved=True n_resolved=2/2 tokens=(4067,702)
  N=2 real_hotpotqa_00047_5a8ceddb554299441c6b9f85 seed=0 arm=direct: per_fault={'ctx': True, 'preamble': True} all_resolved=True n_resolved=2/2 tokens=(2034,204)
  N=2 real_hotpotqa_00047_5a8ceddb554299441c6b9f85 seed=0 arm=self_refine: per_fault={'ctx': True, 'preamble': True} all_resolved=True n_resolved=2/2 tokens=(4371,596)
  N=2 real_hotpotqa_00047_5a8ceddb554299441c6b9f85 seed=0 arm=full_regen: per_fault={'ctx': True, 'preamble': True} all_resolved=True n_resolved=2/2 tokens=(4068,445)
  N=2 real_hotpotqa_00047_5a8ceddb554299441c6b9f85 seed=0 arm=react: per_fault={'ctx': True, 'preamble': True} all_resolved=True n_resolved=2/2 tokens=(4121,651)
  N=2 real_hotpotqa_00047_5a8ceddb554299441c6b9f85 seed=0 arm=selfcheckgpt: per_fault={'ctx': True, 'preamble': True} all_resolved=True n_resolved=2/2 tokens=(11802,296)
  N=2 real_hotpotqa_00047_5a8ceddb554299441c6b9f85 seed=0 arm=reflexion: per_fault={'ctx': True, 'preamble': True} all_resolved=True n_resolved=2/2 tokens=(2034,204)
  N=2 real_hotpotqa_00047_5a8ceddb554299441c6b9f85 seed=0 arm=intro_specter: per_fault={'ctx': True, 'preamble': True} all_resolved=True n_resolved=2/2 tokens=(4525,606)
  N=2 real_hotpotqa_00047_5a8ceddb554299441c6b9f85 seed=1 arm=direct: per_fault={'ctx': True, 'preamble': True} all_resolved=True n_resolved=2/2 tokens=(2034,204)
  N=2 real_hotpotqa_00047_5a8ceddb554299441c6b9f85 seed=1 arm=self_refine: per_fault={'ctx': True, 'preamble': True} all_resolved=True n_resolved=2/2 tokens=(4371,596)
  N=2 real_hotpotqa_00047_5a8ceddb554299441c6b9f85 seed=1 arm=full_regen: per_fault={'ctx': True, 'preamble': True} all_resolved=True n_resolved=2/2 tokens=(4068,477)
  N=2 real_hotpotqa_00047_5a8ceddb554299441c6b9f85 seed=1 arm=react: per_fault={'ctx': True, 'preamble': True} all_resolved=True n_resolved=2/2 tokens=(4121,651)
  N=2 real_hotpotqa_00047_5a8ceddb554299441c6b9f85 seed=1 arm=selfcheckgpt: per_fault={'ctx': True, 'preamble': True} all_resolved=True n_resolved=2/2 tokens=(11802,296)
  N=2 real_hotpotqa_00047_5a8ceddb554299441c6b9f85 seed=1 arm=reflexion: per_fault={'ctx': True, 'preamble': True} all_resolved=True n_resolved=2/2 tokens=(2034,204)
  N=2 real_hotpotqa_00047_5a8ceddb554299441c6b9f85 seed=1 arm=intro_specter: per_fault={'ctx': True, 'preamble': True} all_resolved=True n_resolved=2/2 tokens=(4525,606)
  N=2 real_hotpotqa_00047_5a8ceddb554299441c6b9f85 seed=2 arm=direct: per_fault={'ctx': True, 'preamble': True} all_resolved=True n_resolved=2/2 tokens=(2034,204)
  N=2 real_hotpotqa_00047_5a8ceddb554299441c6b9f85 seed=2 arm=self_refine: per_fault={'ctx': True, 'preamble': True} all_resolved=True n_resolved=2/2 tokens=(4371,620)
  N=2 real_hotpotqa_00047_5a8ceddb554299441c6b9f85 seed=2 arm=full_regen: per_fault={'ctx': True, 'preamble': True} all_resolved=True n_resolved=2/2 tokens=(4068,440)
  N=2 real_hotpotqa_00047_5a8ceddb554299441c6b9f85 seed=2 arm=react: per_fault={'ctx': True, 'preamble': True} all_resolved=True n_resolved=2/2 tokens=(4121,765)
  N=2 real_hotpotqa_00047_5a8ceddb554299441c6b9f85 seed=2 arm=selfcheckgpt: per_fault={'ctx': True, 'preamble': True} all_resolved=True n_resolved=2/2 tokens=(11802,296)
  N=2 real_hotpotqa_00047_5a8ceddb554299441c6b9f85 seed=2 arm=reflexion: per_fault={'ctx': True, 'preamble': True} all_resolved=True n_resolved=2/2 tokens=(2034,204)
  N=2 real_hotpotqa_00047_5a8ceddb554299441c6b9f85 seed=2 arm=intro_specter: per_fault={'ctx': True, 'preamble': True} all_resolved=True n_resolved=2/2 tokens=(4525,590)
  N=2 real_hotpotqa_00048_5ae164685542997b2ef7d1cb seed=0 arm=direct: per_fault={'ctx': True, 'bullets': True} all_resolved=True n_resolved=2/2 tokens=(1916,243)
  N=2 real_hotpotqa_00048_5ae164685542997b2ef7d1cb seed=0 arm=self_refine: per_fault={'ctx': True, 'bullets': True} all_resolved=True n_resolved=2/2 tokens=(4174,595)
  N=2 real_hotpotqa_00048_5ae164685542997b2ef7d1cb seed=0 arm=full_regen: per_fault={'ctx': True, 'bullets': True} all_resolved=True n_resolved=2/2 tokens=(3832,461)
  N=2 real_hotpotqa_00048_5ae164685542997b2ef7d1cb seed=0 arm=react: per_fault={'ctx': True, 'bullets': True} all_resolved=True n_resolved=2/2 tokens=(3885,909)
  N=2 real_hotpotqa_00048_5ae164685542997b2ef7d1cb seed=0 arm=selfcheckgpt: per_fault={'ctx': True, 'bullets': True} all_resolved=True n_resolved=2/2 tokens=(11194,431)
  N=2 real_hotpotqa_00048_5ae164685542997b2ef7d1cb seed=0 arm=reflexion: per_fault={'ctx': True, 'bullets': True} all_resolved=True n_resolved=2/2 tokens=(1916,243)
  N=2 real_hotpotqa_00048_5ae164685542997b2ef7d1cb seed=0 arm=intro_specter: per_fault={'ctx': True, 'bullets': True} all_resolved=True n_resolved=2/2 tokens=(4328,694)
  N=2 real_hotpotqa_00048_5ae164685542997b2ef7d1cb seed=1 arm=direct: per_fault={'ctx': True, 'bullets': True} all_resolved=True n_resolved=2/2 tokens=(1916,243)
  N=2 real_hotpotqa_00048_5ae164685542997b2ef7d1cb seed=1 arm=self_refine: per_fault={'ctx': True, 'bullets': True} all_resolved=True n_resolved=2/2 tokens=(4174,595)
  N=2 real_hotpotqa_00048_5ae164685542997b2ef7d1cb seed=1 arm=full_regen: per_fault={'ctx': True, 'bullets': True} all_resolved=True n_resolved=2/2 tokens=(3832,419)
  N=2 real_hotpotqa_00048_5ae164685542997b2ef7d1cb seed=1 arm=react: per_fault={'ctx': True, 'bullets': True} all_resolved=True n_resolved=2/2 tokens=(3885,909)
  N=2 real_hotpotqa_00048_5ae164685542997b2ef7d1cb seed=1 arm=selfcheckgpt: per_fault={'ctx': True, 'bullets': True} all_resolved=True n_resolved=2/2 tokens=(11216,503)
  N=2 real_hotpotqa_00048_5ae164685542997b2ef7d1cb seed=1 arm=reflexion: per_fault={'ctx': True, 'bullets': True} all_resolved=True n_resolved=2/2 tokens=(1916,243)
  N=2 real_hotpotqa_00048_5ae164685542997b2ef7d1cb seed=1 arm=intro_specter: per_fault={'ctx': True, 'bullets': True} all_resolved=True n_resolved=2/2 tokens=(4328,694)
  N=2 real_hotpotqa_00048_5ae164685542997b2ef7d1cb seed=2 arm=direct: per_fault={'ctx': True, 'bullets': True} all_resolved=True n_resolved=2/2 tokens=(1916,258)
  N=2 real_hotpotqa_00048_5ae164685542997b2ef7d1cb seed=2 arm=self_refine: per_fault={'ctx': True, 'bullets': True} all_resolved=True n_resolved=2/2 tokens=(4246,732)
  N=2 real_hotpotqa_00048_5ae164685542997b2ef7d1cb seed=2 arm=full_regen: per_fault={'ctx': True, 'bullets': True} all_resolved=True n_resolved=2/2 tokens=(3832,354)
  N=2 real_hotpotqa_00048_5ae164685542997b2ef7d1cb seed=2 arm=react: per_fault={'ctx': True, 'bullets': True} all_resolved=True n_resolved=2/2 tokens=(3885,931)
  N=2 real_hotpotqa_00048_5ae164685542997b2ef7d1cb seed=2 arm=selfcheckgpt: per_fault={'ctx': True, 'bullets': True} all_resolved=True n_resolved=2/2 tokens=(11221,485)
  N=2 real_hotpotqa_00048_5ae164685542997b2ef7d1cb seed=2 arm=reflexion: per_fault={'ctx': True, 'bullets': True} all_resolved=True n_resolved=2/2 tokens=(1916,258)
  N=2 real_hotpotqa_00048_5ae164685542997b2ef7d1cb seed=2 arm=intro_specter: per_fault={'ctx': True, 'bullets': True} all_resolved=True n_resolved=2/2 tokens=(4400,802)
  N=2 real_hotpotqa_00051_5a70f4695542994082a3e435 seed=0 arm=direct: per_fault={'ctx': True, 'concise': True} all_resolved=True n_resolved=2/2 tokens=(1820,283)
  N=2 real_hotpotqa_00051_5a70f4695542994082a3e435 seed=0 arm=self_refine: per_fault={'ctx': True, 'concise': True} all_resolved=True n_resolved=2/2 tokens=(4025,603)
  N=2 real_hotpotqa_00051_5a70f4695542994082a3e435 seed=0 arm=full_regen: per_fault={'ctx': True, 'concise': True} all_resolved=True n_resolved=2/2 tokens=(3640,569)
  N=2 real_hotpotqa_00051_5a70f4695542994082a3e435 seed=0 arm=react: per_fault={'ctx': True, 'concise': True} all_resolved=True n_resolved=2/2 tokens=(3693,870)
  N=2 real_hotpotqa_00051_5a70f4695542994082a3e435 seed=0 arm=selfcheckgpt: per_fault={'ctx': True, 'concise': True} all_resolved=True n_resolved=2/2 tokens=(10750,589)
  N=2 real_hotpotqa_00051_5a70f4695542994082a3e435 seed=0 arm=reflexion: per_fault={'ctx': True, 'concise': True} all_resolved=True n_resolved=2/2 tokens=(1820,283)
  N=2 real_hotpotqa_00051_5a70f4695542994082a3e435 seed=0 arm=intro_specter: per_fault={'ctx': True, 'concise': True} all_resolved=True n_resolved=2/2 tokens=(4179,745)
  N=2 real_hotpotqa_00051_5a70f4695542994082a3e435 seed=1 arm=direct: per_fault={'ctx': True, 'concise': True} all_resolved=True n_resolved=2/2 tokens=(1820,283)
  N=2 real_hotpotqa_00051_5a70f4695542994082a3e435 seed=1 arm=self_refine: per_fault={'ctx': True, 'concise': True} all_resolved=True n_resolved=2/2 tokens=(4025,603)
  N=2 real_hotpotqa_00051_5a70f4695542994082a3e435 seed=1 arm=full_regen: per_fault={'ctx': True, 'concise': True} all_resolved=True n_resolved=2/2 tokens=(3640,582)
  N=2 real_hotpotqa_00051_5a70f4695542994082a3e435 seed=1 arm=react: per_fault={'ctx': True, 'concise': True} all_resolved=True n_resolved=2/2 tokens=(3693,870)
  N=2 real_hotpotqa_00051_5a70f4695542994082a3e435 seed=1 arm=selfcheckgpt: per_fault={'ctx': True, 'concise': True} all_resolved=True n_resolved=2/2 tokens=(10795,634)
  N=2 real_hotpotqa_00051_5a70f4695542994082a3e435 seed=1 arm=reflexion: per_fault={'ctx': True, 'concise': True} all_resolved=True n_resolved=2/2 tokens=(1820,283)
  N=2 real_hotpotqa_00051_5a70f4695542994082a3e435 seed=1 arm=intro_specter: per_fault={'ctx': True, 'concise': True} all_resolved=True n_resolved=2/2 tokens=(4179,745)
  N=2 real_hotpotqa_00051_5a70f4695542994082a3e435 seed=2 arm=direct: per_fault={'ctx': True, 'concise': True} all_resolved=True n_resolved=2/2 tokens=(1820,289)
  N=2 real_hotpotqa_00051_5a70f4695542994082a3e435 seed=2 arm=self_refine: per_fault={'ctx': True, 'concise': False} all_resolved=False n_resolved=1/2 tokens=(4030,967)
  N=2 real_hotpotqa_00051_5a70f4695542994082a3e435 seed=2 arm=full_regen: per_fault={'ctx': True, 'concise': True} all_resolved=True n_resolved=2/2 tokens=(3640,613)
  N=2 real_hotpotqa_00051_5a70f4695542994082a3e435 seed=2 arm=react: per_fault={'ctx': True, 'concise': True} all_resolved=True n_resolved=2/2 tokens=(3693,1194)
  N=2 real_hotpotqa_00051_5a70f4695542994082a3e435 seed=2 arm=selfcheckgpt: per_fault={'ctx': True, 'concise': True} all_resolved=True n_resolved=2/2 tokens=(10752,642)
  N=2 real_hotpotqa_00051_5a70f4695542994082a3e435 seed=2 arm=reflexion: per_fault={'ctx': True, 'concise': True} all_resolved=True n_resolved=2/2 tokens=(1820,289)
  N=2 real_hotpotqa_00051_5a70f4695542994082a3e435 seed=2 arm=intro_specter: per_fault={'ctx': True, 'concise': True} all_resolved=True n_resolved=2/2 tokens=(4184,755)
  N=2 real_hotpotqa_00052_5ae234e85542994d89d5b395 seed=0 arm=direct: per_fault={'ctx': True, 'bullets': True} all_resolved=True n_resolved=2/2 tokens=(1984,296)
  N=2 real_hotpotqa_00052_5ae234e85542994d89d5b395 seed=0 arm=self_refine: per_fault={'ctx': True, 'bullets': True} all_resolved=True n_resolved=2/2 tokens=(4393,872)
  N=2 real_hotpotqa_00052_5ae234e85542994d89d5b395 seed=0 arm=full_regen: per_fault={'ctx': True, 'bullets': True} all_resolved=True n_resolved=2/2 tokens=(3968,646)
  N=2 real_hotpotqa_00052_5ae234e85542994d89d5b395 seed=0 arm=react: per_fault={'ctx': True, 'bullets': True} all_resolved=True n_resolved=2/2 tokens=(4021,901)
  N=2 real_hotpotqa_00052_5ae234e85542994d89d5b395 seed=0 arm=selfcheckgpt: per_fault={'ctx': True, 'bullets': True} all_resolved=True n_resolved=2/2 tokens=(11531,400)
  N=2 real_hotpotqa_00052_5ae234e85542994d89d5b395 seed=0 arm=reflexion: per_fault={'ctx': True, 'bullets': True} all_resolved=True n_resolved=2/2 tokens=(1984,296)
  N=2 real_hotpotqa_00052_5ae234e85542994d89d5b395 seed=0 arm=intro_specter: per_fault={'ctx': True, 'bullets': True} all_resolved=True n_resolved=2/2 tokens=(4547,812)
  N=2 real_hotpotqa_00052_5ae234e85542994d89d5b395 seed=1 arm=direct: per_fault={'ctx': True, 'bullets': True} all_resolved=True n_resolved=2/2 tokens=(1984,296)
  N=2 real_hotpotqa_00052_5ae234e85542994d89d5b395 seed=1 arm=self_refine: per_fault={'ctx': True, 'bullets': True} all_resolved=True n_resolved=2/2 tokens=(4393,872)
  N=2 real_hotpotqa_00052_5ae234e85542994d89d5b395 seed=1 arm=full_regen: per_fault={'ctx': True, 'bullets': True} all_resolved=True n_resolved=2/2 tokens=(3968,506)
  N=2 real_hotpotqa_00052_5ae234e85542994d89d5b395 seed=1 arm=react: per_fault={'ctx': True, 'bullets': True} all_resolved=True n_resolved=2/2 tokens=(4021,901)
  N=2 real_hotpotqa_00052_5ae234e85542994d89d5b395 seed=1 arm=selfcheckgpt: per_fault={'ctx': False, 'bullets': True} all_resolved=False n_resolved=1/2 tokens=(13455,429)
  N=2 real_hotpotqa_00052_5ae234e85542994d89d5b395 seed=1 arm=reflexion: per_fault={'ctx': True, 'bullets': True} all_resolved=True n_resolved=2/2 tokens=(1984,296)
  N=2 real_hotpotqa_00052_5ae234e85542994d89d5b395 seed=1 arm=intro_specter: per_fault={'ctx': True, 'bullets': True} all_resolved=True n_resolved=2/2 tokens=(4547,812)
  N=2 real_hotpotqa_00052_5ae234e85542994d89d5b395 seed=2 arm=direct: per_fault={'ctx': False, 'bullets': True} all_resolved=False n_resolved=1/2 tokens=(1984,244)
  N=2 real_hotpotqa_00052_5ae234e85542994d89d5b395 seed=2 arm=self_refine: per_fault={'ctx': True, 'bullets': True} all_resolved=True n_resolved=2/2 tokens=(4313,671)
  N=2 real_hotpotqa_00052_5ae234e85542994d89d5b395 seed=2 arm=full_regen: per_fault={'ctx': True, 'bullets': True} all_resolved=True n_resolved=2/2 tokens=(3968,779)
  N=2 real_hotpotqa_00052_5ae234e85542994d89d5b395 seed=2 arm=react: per_fault={'ctx': True, 'bullets': True} all_resolved=True n_resolved=2/2 tokens=(4021,889)
  N=2 real_hotpotqa_00052_5ae234e85542994d89d5b395 seed=2 arm=selfcheckgpt: per_fault={'ctx': True, 'bullets': True} all_resolved=True n_resolved=2/2 tokens=(13473,382)
  N=2 real_hotpotqa_00052_5ae234e85542994d89d5b395 seed=2 arm=reflexion: per_fault={'ctx': True, 'bullets': True} all_resolved=True n_resolved=2/2 tokens=(6657,675)
  N=2 real_hotpotqa_00052_5ae234e85542994d89d5b395 seed=2 arm=intro_specter: per_fault={'ctx': True, 'bullets': True} all_resolved=True n_resolved=2/2 tokens=(4467,663)
  N=2 real_hotpotqa_00053_5ae4ec1e5542990ba0bbb19b seed=0 arm=direct: per_fault={'ctx': True, 'concise': True} all_resolved=True n_resolved=2/2 tokens=(1861,323)
  N=2 real_hotpotqa_00053_5ae4ec1e5542990ba0bbb19b seed=0 arm=self_refine: per_fault={'ctx': True, 'concise': True} all_resolved=True n_resolved=2/2 tokens=(4115,827)
  N=2 real_hotpotqa_00053_5ae4ec1e5542990ba0bbb19b seed=0 arm=full_regen: per_fault={'ctx': True, 'concise': True} all_resolved=True n_resolved=2/2 tokens=(3722,780)
  N=2 real_hotpotqa_00053_5ae4ec1e5542990ba0bbb19b seed=0 arm=react: per_fault={'ctx': True, 'concise': True} all_resolved=True n_resolved=2/2 tokens=(3775,1151)
  N=2 real_hotpotqa_00053_5ae4ec1e5542990ba0bbb19b seed=0 arm=selfcheckgpt: per_fault={'ctx': True, 'concise': True} all_resolved=True n_resolved=2/2 tokens=(10910,533)
  N=2 real_hotpotqa_00053_5ae4ec1e5542990ba0bbb19b seed=0 arm=reflexion: per_fault={'ctx': True, 'concise': True} all_resolved=True n_resolved=2/2 tokens=(1861,323)
  N=2 real_hotpotqa_00053_5ae4ec1e5542990ba0bbb19b seed=0 arm=intro_specter: per_fault={'ctx': True, 'concise': True} all_resolved=True n_resolved=2/2 tokens=(4269,760)
  N=2 real_hotpotqa_00053_5ae4ec1e5542990ba0bbb19b seed=1 arm=direct: per_fault={'ctx': True, 'concise': True} all_resolved=True n_resolved=2/2 tokens=(1861,323)
  N=2 real_hotpotqa_00053_5ae4ec1e5542990ba0bbb19b seed=1 arm=self_refine: per_fault={'ctx': True, 'concise': True} all_resolved=True n_resolved=2/2 tokens=(4115,827)
  N=2 real_hotpotqa_00053_5ae4ec1e5542990ba0bbb19b seed=1 arm=full_regen: per_fault={'ctx': True, 'concise': True} all_resolved=True n_resolved=2/2 tokens=(3722,743)
  N=2 real_hotpotqa_00053_5ae4ec1e5542990ba0bbb19b seed=1 arm=react: per_fault={'ctx': True, 'concise': True} all_resolved=True n_resolved=2/2 tokens=(3775,1151)
  N=2 real_hotpotqa_00053_5ae4ec1e5542990ba0bbb19b seed=1 arm=selfcheckgpt: per_fault={'ctx': True, 'concise': True} all_resolved=True n_resolved=2/2 tokens=(10929,552)
  N=2 real_hotpotqa_00053_5ae4ec1e5542990ba0bbb19b seed=1 arm=reflexion: per_fault={'ctx': True, 'concise': True} all_resolved=True n_resolved=2/2 tokens=(1861,323)
  N=2 real_hotpotqa_00053_5ae4ec1e5542990ba0bbb19b seed=1 arm=intro_specter: per_fault={'ctx': True, 'concise': True} all_resolved=True n_resolved=2/2 tokens=(4269,760)
  N=2 real_hotpotqa_00053_5ae4ec1e5542990ba0bbb19b seed=2 arm=direct: per_fault={'ctx': True, 'concise': True} all_resolved=True n_resolved=2/2 tokens=(1861,325)
  N=2 real_hotpotqa_00053_5ae4ec1e5542990ba0bbb19b seed=2 arm=self_refine: per_fault={'ctx': True, 'concise': False} all_resolved=False n_resolved=1/2 tokens=(4124,892)
  N=2 real_hotpotqa_00053_5ae4ec1e5542990ba0bbb19b seed=2 arm=full_regen: per_fault={'ctx': True, 'concise': True} all_resolved=True n_resolved=2/2 tokens=(3722,694)
  N=2 real_hotpotqa_00053_5ae4ec1e5542990ba0bbb19b seed=2 arm=react: per_fault={'ctx': True, 'concise': True} all_resolved=True n_resolved=2/2 tokens=(3775,1261)
  N=2 real_hotpotqa_00053_5ae4ec1e5542990ba0bbb19b seed=2 arm=selfcheckgpt: per_fault={'ctx': True, 'concise': True} all_resolved=True n_resolved=2/2 tokens=(10911,539)
  N=2 real_hotpotqa_00053_5ae4ec1e5542990ba0bbb19b seed=2 arm=reflexion: per_fault={'ctx': True, 'concise': True} all_resolved=True n_resolved=2/2 tokens=(1861,325)
  N=2 real_hotpotqa_00053_5ae4ec1e5542990ba0bbb19b seed=2 arm=intro_specter: per_fault={'ctx': True, 'concise': True} all_resolved=True n_resolved=2/2 tokens=(4278,744)
  N=2 real_hotpotqa_00054_5ab7ef0f5542991d322237ca seed=0 arm=direct: per_fault={'ctx': True, 'concise': True} all_resolved=True n_resolved=2/2 tokens=(2030,203)
  N=2 real_hotpotqa_00054_5ab7ef0f5542991d322237ca seed=0 arm=self_refine: per_fault={'ctx': True, 'concise': False} all_resolved=False n_resolved=1/2 tokens=(4334,575)
  N=2 real_hotpotqa_00054_5ab7ef0f5542991d322237ca seed=0 arm=full_regen: per_fault={'ctx': True, 'concise': True} all_resolved=True n_resolved=2/2 tokens=(4060,471)
  N=2 real_hotpotqa_00054_5ab7ef0f5542991d322237ca seed=0 arm=react: per_fault={'ctx': True, 'concise': True} all_resolved=True n_resolved=2/2 tokens=(4113,699)
  N=2 real_hotpotqa_00054_5ab7ef0f5542991d322237ca seed=0 arm=selfcheckgpt: per_fault={'ctx': True, 'concise': True} all_resolved=True n_resolved=2/2 tokens=(11923,434)
  N=2 real_hotpotqa_00054_5ab7ef0f5542991d322237ca seed=0 arm=reflexion: per_fault={'ctx': True, 'concise': True} all_resolved=True n_resolved=2/2 tokens=(2030,203)
  N=2 real_hotpotqa_00054_5ab7ef0f5542991d322237ca seed=0 arm=intro_specter: per_fault={'ctx': True, 'concise': True} all_resolved=True n_resolved=2/2 tokens=(4488,512)
  N=2 real_hotpotqa_00054_5ab7ef0f5542991d322237ca seed=1 arm=direct: per_fault={'ctx': True, 'concise': True} all_resolved=True n_resolved=2/2 tokens=(2030,203)
  N=2 real_hotpotqa_00054_5ab7ef0f5542991d322237ca seed=1 arm=self_refine: per_fault={'ctx': True, 'concise': False} all_resolved=False n_resolved=1/2 tokens=(4334,575)
  N=2 real_hotpotqa_00054_5ab7ef0f5542991d322237ca seed=1 arm=full_regen: per_fault={'ctx': True, 'concise': True} all_resolved=True n_resolved=2/2 tokens=(4060,427)
  N=2 real_hotpotqa_00054_5ab7ef0f5542991d322237ca seed=1 arm=react: per_fault={'ctx': True, 'concise': True} all_resolved=True n_resolved=2/2 tokens=(4113,699)
  N=2 real_hotpotqa_00054_5ab7ef0f5542991d322237ca seed=1 arm=selfcheckgpt: per_fault={'ctx': True, 'concise': True} all_resolved=True n_resolved=2/2 tokens=(11954,478)
  N=2 real_hotpotqa_00054_5ab7ef0f5542991d322237ca seed=1 arm=reflexion: per_fault={'ctx': True, 'concise': True} all_resolved=True n_resolved=2/2 tokens=(2030,203)
  N=2 real_hotpotqa_00054_5ab7ef0f5542991d322237ca seed=1 arm=intro_specter: per_fault={'ctx': True, 'concise': True} all_resolved=True n_resolved=2/2 tokens=(4488,512)
  N=2 real_hotpotqa_00054_5ab7ef0f5542991d322237ca seed=2 arm=direct: per_fault={'ctx': True, 'concise': True} all_resolved=True n_resolved=2/2 tokens=(2030,263)
  N=2 real_hotpotqa_00054_5ab7ef0f5542991d322237ca seed=2 arm=self_refine: per_fault={'ctx': True, 'concise': False} all_resolved=False n_resolved=1/2 tokens=(4450,769)
  N=2 real_hotpotqa_00054_5ab7ef0f5542991d322237ca seed=2 arm=full_regen: per_fault={'ctx': True, 'concise': True} all_resolved=True n_resolved=2/2 tokens=(4060,475)
  N=2 real_hotpotqa_00054_5ab7ef0f5542991d322237ca seed=2 arm=react: per_fault={'ctx': True, 'concise': True} all_resolved=True n_resolved=2/2 tokens=(4113,926)
  N=2 real_hotpotqa_00054_5ab7ef0f5542991d322237ca seed=2 arm=selfcheckgpt: per_fault={'ctx': True, 'concise': True} all_resolved=True n_resolved=2/2 tokens=(11923,516)
  N=2 real_hotpotqa_00054_5ab7ef0f5542991d322237ca seed=2 arm=reflexion: per_fault={'ctx': True, 'concise': True} all_resolved=True n_resolved=2/2 tokens=(2030,263)
  N=2 real_hotpotqa_00054_5ab7ef0f5542991d322237ca seed=2 arm=intro_specter: per_fault={'ctx': True, 'concise': True} all_resolved=True n_resolved=2/2 tokens=(4604,777)
  N=2 real_hotpotqa_00055_5a8fb3af5542997ba9cb32ee seed=0 arm=direct: per_fault={'ctx': False, 'bullets': True} all_resolved=False n_resolved=1/2 tokens=(1817,345)
  N=2 real_hotpotqa_00055_5a8fb3af5542997ba9cb32ee seed=0 arm=self_refine: per_fault={'ctx': False, 'bullets': True} all_resolved=False n_resolved=1/2 tokens=(4132,970)
  N=2 real_hotpotqa_00055_5a8fb3af5542997ba9cb32ee seed=0 arm=full_regen: per_fault={'ctx': True, 'bullets': True} all_resolved=True n_resolved=2/2 tokens=(3634,617)
  N=2 real_hotpotqa_00055_5a8fb3af5542997ba9cb32ee seed=0 arm=react: per_fault={'ctx': False, 'bullets': True} all_resolved=False n_resolved=1/2 tokens=(3687,816)
  N=2 real_hotpotqa_00055_5a8fb3af5542997ba9cb32ee seed=0 arm=selfcheckgpt: per_fault={'ctx': False, 'bullets': True} all_resolved=False n_resolved=1/2 tokens=(10392,400)
  N=2 real_hotpotqa_00055_5a8fb3af5542997ba9cb32ee seed=0 arm=reflexion: per_fault={'ctx': False, 'bullets': True} all_resolved=False n_resolved=1/2 tokens=(11781,1561)
  N=2 real_hotpotqa_00055_5a8fb3af5542997ba9cb32ee seed=0 arm=intro_specter: per_fault={'ctx': False, 'bullets': True} all_resolved=False n_resolved=1/2 tokens=(4286,888)
  N=2 real_hotpotqa_00055_5a8fb3af5542997ba9cb32ee seed=1 arm=direct: per_fault={'ctx': False, 'bullets': True} all_resolved=False n_resolved=1/2 tokens=(1817,345)
  N=2 real_hotpotqa_00055_5a8fb3af5542997ba9cb32ee seed=1 arm=self_refine: per_fault={'ctx': False, 'bullets': True} all_resolved=False n_resolved=1/2 tokens=(4132,970)
  N=2 real_hotpotqa_00055_5a8fb3af5542997ba9cb32ee seed=1 arm=full_regen: per_fault={'ctx': False, 'bullets': True} all_resolved=False n_resolved=1/2 tokens=(3634,664)
  N=2 real_hotpotqa_00055_5a8fb3af5542997ba9cb32ee seed=1 arm=react: per_fault={'ctx': False, 'bullets': True} all_resolved=False n_resolved=1/2 tokens=(3687,816)
  N=2 real_hotpotqa_00055_5a8fb3af5542997ba9cb32ee seed=1 arm=selfcheckgpt: per_fault={'ctx': False, 'bullets': True} all_resolved=False n_resolved=1/2 tokens=(10392,400)
  N=2 real_hotpotqa_00055_5a8fb3af5542997ba9cb32ee seed=1 arm=reflexion: per_fault={'ctx': False, 'bullets': True} all_resolved=False n_resolved=1/2 tokens=(11781,1561)
  N=2 real_hotpotqa_00055_5a8fb3af5542997ba9cb32ee seed=1 arm=intro_specter: per_fault={'ctx': False, 'bullets': True} all_resolved=False n_resolved=1/2 tokens=(4286,888)
  N=2 real_hotpotqa_00055_5a8fb3af5542997ba9cb32ee seed=2 arm=direct: per_fault={'ctx': True, 'bullets': True} all_resolved=True n_resolved=2/2 tokens=(1817,289)
  N=2 real_hotpotqa_00055_5a8fb3af5542997ba9cb32ee seed=2 arm=self_refine: per_fault={'ctx': False, 'bullets': True} all_resolved=False n_resolved=1/2 tokens=(4048,836)
  N=2 real_hotpotqa_00055_5a8fb3af5542997ba9cb32ee seed=2 arm=full_regen: per_fault={'ctx': True, 'bullets': True} all_resolved=True n_resolved=2/2 tokens=(3634,608)
  N=2 real_hotpotqa_00055_5a8fb3af5542997ba9cb32ee seed=2 arm=react: per_fault={'ctx': False, 'bullets': True} all_resolved=False n_resolved=1/2 tokens=(3687,847)
  N=2 real_hotpotqa_00055_5a8fb3af5542997ba9cb32ee seed=2 arm=selfcheckgpt: per_fault={'ctx': False, 'bullets': True} all_resolved=False n_resolved=1/2 tokens=(12262,386)
  N=2 real_hotpotqa_00055_5a8fb3af5542997ba9cb32ee seed=2 arm=reflexion: per_fault={'ctx': True, 'bullets': True} all_resolved=True n_resolved=2/2 tokens=(1817,289)
  N=2 real_hotpotqa_00055_5a8fb3af5542997ba9cb32ee seed=2 arm=intro_specter: per_fault={'ctx': True, 'bullets': True} all_resolved=True n_resolved=2/2 tokens=(4202,712)
  N=2 real_hotpotqa_00056_5a78e86f55429974737f78fb seed=0 arm=direct: per_fault={'ctx': False, 'english': True} all_resolved=False n_resolved=1/2 tokens=(2124,157)
  N=2 real_hotpotqa_00056_5a78e86f55429974737f78fb seed=0 arm=self_refine: per_fault={'ctx': False, 'english': True} all_resolved=False n_resolved=1/2 tokens=(4435,408)
  N=2 real_hotpotqa_00056_5a78e86f55429974737f78fb seed=0 arm=full_regen: per_fault={'ctx': False, 'english': True} all_resolved=False n_resolved=1/2 tokens=(4248,292)
  N=2 real_hotpotqa_00056_5a78e86f55429974737f78fb seed=0 arm=react: per_fault={'ctx': False, 'english': True} all_resolved=False n_resolved=1/2 tokens=(4301,594)
  N=2 real_hotpotqa_00056_5a78e86f55429974737f78fb seed=0 arm=selfcheckgpt: per_fault={'ctx': False, 'english': True} all_resolved=False n_resolved=1/2 tokens=(12398,295)
  N=2 real_hotpotqa_00056_5a78e86f55429974737f78fb seed=0 arm=reflexion: per_fault={'ctx': False, 'english': True} all_resolved=False n_resolved=1/2 tokens=(11724,732)
  N=2 real_hotpotqa_00056_5a78e86f55429974737f78fb seed=0 arm=intro_specter: per_fault={'ctx': False, 'english': True} all_resolved=False n_resolved=1/2 tokens=(4589,355)
  N=2 real_hotpotqa_00056_5a78e86f55429974737f78fb seed=1 arm=direct: per_fault={'ctx': False, 'english': True} all_resolved=False n_resolved=1/2 tokens=(2124,157)
  N=2 real_hotpotqa_00056_5a78e86f55429974737f78fb seed=1 arm=self_refine: per_fault={'ctx': False, 'english': True} all_resolved=False n_resolved=1/2 tokens=(4435,408)
  N=2 real_hotpotqa_00056_5a78e86f55429974737f78fb seed=1 arm=full_regen: per_fault={'ctx': False, 'english': True} all_resolved=False n_resolved=1/2 tokens=(4248,273)
  N=2 real_hotpotqa_00056_5a78e86f55429974737f78fb seed=1 arm=react: per_fault={'ctx': False, 'english': True} all_resolved=False n_resolved=1/2 tokens=(4301,594)
  N=2 real_hotpotqa_00056_5a78e86f55429974737f78fb seed=1 arm=selfcheckgpt: per_fault={'ctx': False, 'english': True} all_resolved=False n_resolved=1/2 tokens=(12420,320)
  N=2 real_hotpotqa_00056_5a78e86f55429974737f78fb seed=1 arm=reflexion: per_fault={'ctx': False, 'english': True} all_resolved=False n_resolved=1/2 tokens=(11724,732)
  N=2 real_hotpotqa_00056_5a78e86f55429974737f78fb seed=1 arm=intro_specter: per_fault={'ctx': False, 'english': True} all_resolved=False n_resolved=1/2 tokens=(4589,355)
  N=2 real_hotpotqa_00056_5a78e86f55429974737f78fb seed=2 arm=direct: per_fault={'ctx': False, 'english': True} all_resolved=False n_resolved=1/2 tokens=(2124,258)
  N=2 real_hotpotqa_00056_5a78e86f55429974737f78fb seed=2 arm=self_refine: per_fault={'ctx': False, 'english': True} all_resolved=False n_resolved=1/2 tokens=(4626,628)
  N=2 real_hotpotqa_00056_5a78e86f55429974737f78fb seed=2 arm=full_regen: per_fault={'ctx': False, 'english': True} all_resolved=False n_resolved=1/2 tokens=(4248,504)
  N=2 real_hotpotqa_00056_5a78e86f55429974737f78fb seed=2 arm=react: per_fault={'ctx': False, 'english': True} all_resolved=False n_resolved=1/2 tokens=(4301,668)
  N=2 real_hotpotqa_00056_5a78e86f55429974737f78fb seed=2 arm=selfcheckgpt: per_fault={'ctx': False, 'english': True} all_resolved=False n_resolved=1/2 tokens=(12400,399)
  N=2 real_hotpotqa_00056_5a78e86f55429974737f78fb seed=2 arm=reflexion: per_fault={'ctx': False, 'english': True} all_resolved=False n_resolved=1/2 tokens=(12633,1186)
  N=2 real_hotpotqa_00056_5a78e86f55429974737f78fb seed=2 arm=intro_specter: per_fault={'ctx': False, 'english': True} all_resolved=False n_resolved=1/2 tokens=(4780,759)
  N=2 real_hotpotqa_00057_5a89e2785542992e4fca843d seed=0 arm=direct: per_fault={'ctx': True, 'concise': True} all_resolved=True n_resolved=2/2 tokens=(1854,173)
  N=2 real_hotpotqa_00057_5a89e2785542992e4fca843d seed=0 arm=self_refine: per_fault={'ctx': True, 'concise': True} all_resolved=True n_resolved=2/2 tokens=(3954,467)
  N=2 real_hotpotqa_00057_5a89e2785542992e4fca843d seed=0 arm=full_regen: per_fault={'ctx': True, 'concise': True} all_resolved=True n_resolved=2/2 tokens=(3708,357)
  N=2 real_hotpotqa_00057_5a89e2785542992e4fca843d seed=0 arm=react: per_fault={'ctx': True, 'concise': True} all_resolved=True n_resolved=2/2 tokens=(3761,782)
  N=2 real_hotpotqa_00057_5a89e2785542992e4fca843d seed=0 arm=selfcheckgpt: per_fault={'ctx': True, 'concise': True} all_resolved=True n_resolved=2/2 tokens=(10771,301)
  N=2 real_hotpotqa_00057_5a89e2785542992e4fca843d seed=0 arm=reflexion: per_fault={'ctx': True, 'concise': True} all_resolved=True n_resolved=2/2 tokens=(1854,173)
  N=2 real_hotpotqa_00057_5a89e2785542992e4fca843d seed=0 arm=intro_specter: per_fault={'ctx': True, 'concise': True} all_resolved=True n_resolved=2/2 tokens=(4108,472)
  N=2 real_hotpotqa_00057_5a89e2785542992e4fca843d seed=1 arm=direct: per_fault={'ctx': True, 'concise': True} all_resolved=True n_resolved=2/2 tokens=(1854,173)
  N=2 real_hotpotqa_00057_5a89e2785542992e4fca843d seed=1 arm=self_refine: per_fault={'ctx': True, 'concise': True} all_resolved=True n_resolved=2/2 tokens=(3954,467)
  N=2 real_hotpotqa_00057_5a89e2785542992e4fca843d seed=1 arm=full_regen: per_fault={'ctx': True, 'concise': True} all_resolved=True n_resolved=2/2 tokens=(3708,463)
  N=2 real_hotpotqa_00057_5a89e2785542992e4fca843d seed=1 arm=react: per_fault={'ctx': True, 'concise': True} all_resolved=True n_resolved=2/2 tokens=(3761,782)
  N=2 real_hotpotqa_00057_5a89e2785542992e4fca843d seed=1 arm=selfcheckgpt: per_fault={'ctx': True, 'concise': True} all_resolved=True n_resolved=2/2 tokens=(10769,304)
  N=2 real_hotpotqa_00057_5a89e2785542992e4fca843d seed=1 arm=reflexion: per_fault={'ctx': True, 'concise': True} all_resolved=True n_resolved=2/2 tokens=(1854,173)
  N=2 real_hotpotqa_00057_5a89e2785542992e4fca843d seed=1 arm=intro_specter: per_fault={'ctx': True, 'concise': True} all_resolved=True n_resolved=2/2 tokens=(4108,472)
  N=2 real_hotpotqa_00057_5a89e2785542992e4fca843d seed=2 arm=direct: per_fault={'ctx': True, 'concise': True} all_resolved=True n_resolved=2/2 tokens=(1854,197)
  N=2 real_hotpotqa_00057_5a89e2785542992e4fca843d seed=2 arm=self_refine: per_fault={'ctx': False, 'concise': True} all_resolved=False n_resolved=1/2 tokens=(3958,546)
  N=2 real_hotpotqa_00057_5a89e2785542992e4fca843d seed=2 arm=full_regen: per_fault={'ctx': True, 'concise': True} all_resolved=True n_resolved=2/2 tokens=(3708,430)
  N=2 real_hotpotqa_00057_5a89e2785542992e4fca843d seed=2 arm=react: per_fault={'ctx': True, 'concise': True} all_resolved=True n_resolved=2/2 tokens=(3761,575)
  N=2 real_hotpotqa_00057_5a89e2785542992e4fca843d seed=2 arm=selfcheckgpt: per_fault={'ctx': True, 'concise': True} all_resolved=True n_resolved=2/2 tokens=(10771,322)
  N=2 real_hotpotqa_00057_5a89e2785542992e4fca843d seed=2 arm=reflexion: per_fault={'ctx': True, 'concise': True} all_resolved=True n_resolved=2/2 tokens=(1854,197)
  N=2 real_hotpotqa_00057_5a89e2785542992e4fca843d seed=2 arm=intro_specter: per_fault={'ctx': True, 'concise': True} all_resolved=True n_resolved=2/2 tokens=(4112,492)
  N=2 real_hotpotqa_00059_5a77c15f5542997042120b1c seed=0 arm=direct: per_fault={'ctx': True, 'concise': True} all_resolved=True n_resolved=2/2 tokens=(1892,309)
  N=2 real_hotpotqa_00059_5a77c15f5542997042120b1c seed=0 arm=self_refine: per_fault={'ctx': True, 'concise': False} all_resolved=False n_resolved=1/2 tokens=(4251,929)
  N=2 real_hotpotqa_00059_5a77c15f5542997042120b1c seed=0 arm=full_regen: per_fault={'ctx': True, 'concise': True} all_resolved=True n_resolved=2/2 tokens=(3784,561)
  N=2 real_hotpotqa_00059_5a77c15f5542997042120b1c seed=0 arm=react: per_fault={'ctx': True, 'concise': False} all_resolved=False n_resolved=1/2 tokens=(3837,1073)
  N=2 real_hotpotqa_00059_5a77c15f5542997042120b1c seed=0 arm=selfcheckgpt: per_fault={'ctx': True, 'concise': True} all_resolved=True n_resolved=2/2 tokens=(11070,508)
  N=2 real_hotpotqa_00059_5a77c15f5542997042120b1c seed=0 arm=reflexion: per_fault={'ctx': True, 'concise': True} all_resolved=True n_resolved=2/2 tokens=(1892,309)
  N=2 real_hotpotqa_00059_5a77c15f5542997042120b1c seed=0 arm=intro_specter: per_fault={'ctx': True, 'concise': True} all_resolved=True n_resolved=2/2 tokens=(4405,906)
  N=2 real_hotpotqa_00059_5a77c15f5542997042120b1c seed=1 arm=direct: per_fault={'ctx': True, 'concise': True} all_resolved=True n_resolved=2/2 tokens=(1892,309)
  N=2 real_hotpotqa_00059_5a77c15f5542997042120b1c seed=1 arm=self_refine: per_fault={'ctx': True, 'concise': False} all_resolved=False n_resolved=1/2 tokens=(4251,929)
  N=2 real_hotpotqa_00059_5a77c15f5542997042120b1c seed=1 arm=full_regen: per_fault={'ctx': True, 'concise': True} all_resolved=True n_resolved=2/2 tokens=(3784,488)
  N=2 real_hotpotqa_00059_5a77c15f5542997042120b1c seed=1 arm=react: per_fault={'ctx': True, 'concise': False} all_resolved=False n_resolved=1/2 tokens=(3837,1073)
  N=2 real_hotpotqa_00059_5a77c15f5542997042120b1c seed=1 arm=selfcheckgpt: per_fault={'ctx': True, 'concise': True} all_resolved=True n_resolved=2/2 tokens=(11062,500)
  N=2 real_hotpotqa_00059_5a77c15f5542997042120b1c seed=1 arm=reflexion: per_fault={'ctx': True, 'concise': True} all_resolved=True n_resolved=2/2 tokens=(1892,309)
  N=2 real_hotpotqa_00059_5a77c15f5542997042120b1c seed=1 arm=intro_specter: per_fault={'ctx': True, 'concise': True} all_resolved=True n_resolved=2/2 tokens=(4405,906)
  N=2 real_hotpotqa_00059_5a77c15f5542997042120b1c seed=2 arm=direct: per_fault={'ctx': True, 'concise': True} all_resolved=True n_resolved=2/2 tokens=(1892,218)
  N=2 real_hotpotqa_00059_5a77c15f5542997042120b1c seed=2 arm=self_refine: per_fault={'ctx': True, 'concise': False} all_resolved=False n_resolved=1/2 tokens=(4104,668)
  N=2 real_hotpotqa_00059_5a77c15f5542997042120b1c seed=2 arm=full_regen: per_fault={'ctx': True, 'concise': True} all_resolved=True n_resolved=2/2 tokens=(3784,443)
  N=2 real_hotpotqa_00059_5a77c15f5542997042120b1c seed=2 arm=react: per_fault={'ctx': True, 'concise': True} all_resolved=True n_resolved=2/2 tokens=(3837,827)
  N=2 real_hotpotqa_00059_5a77c15f5542997042120b1c seed=2 arm=selfcheckgpt: per_fault={'ctx': True, 'concise': True} all_resolved=True n_resolved=2/2 tokens=(11064,421)
  N=2 real_hotpotqa_00059_5a77c15f5542997042120b1c seed=2 arm=reflexion: per_fault={'ctx': True, 'concise': True} all_resolved=True n_resolved=2/2 tokens=(1892,218)
  N=2 real_hotpotqa_00059_5a77c15f5542997042120b1c seed=2 arm=intro_specter: per_fault={'ctx': True, 'concise': True} all_resolved=True n_resolved=2/2 tokens=(4258,514)
  N=2 real_hotpotqa_00062_5a77b13655429967ab105235 seed=0 arm=direct: per_fault={'ctx': True, 'concise': True} all_resolved=True n_resolved=2/2 tokens=(1931,299)
  N=2 real_hotpotqa_00062_5a77b13655429967ab105235 seed=0 arm=self_refine: per_fault={'ctx': True, 'concise': True} all_resolved=True n_resolved=2/2 tokens=(4290,811)
  N=2 real_hotpotqa_00062_5a77b13655429967ab105235 seed=0 arm=full_regen: per_fault={'ctx': True, 'concise': True} all_resolved=True n_resolved=2/2 tokens=(3862,657)
  N=2 real_hotpotqa_00062_5a77b13655429967ab105235 seed=0 arm=react: per_fault={'ctx': True, 'concise': True} all_resolved=True n_resolved=2/2 tokens=(3915,941)
  N=2 real_hotpotqa_00062_5a77b13655429967ab105235 seed=0 arm=selfcheckgpt: per_fault={'ctx': True, 'concise': False} all_resolved=False n_resolved=1/2 tokens=(13244,599)
  N=2 real_hotpotqa_00062_5a77b13655429967ab105235 seed=0 arm=reflexion: per_fault={'ctx': True, 'concise': True} all_resolved=True n_resolved=2/2 tokens=(1931,299)
  N=2 real_hotpotqa_00062_5a77b13655429967ab105235 seed=0 arm=intro_specter: per_fault={'ctx': True, 'concise': True} all_resolved=True n_resolved=2/2 tokens=(4444,814)
  N=2 real_hotpotqa_00062_5a77b13655429967ab105235 seed=1 arm=direct: per_fault={'ctx': True, 'concise': True} all_resolved=True n_resolved=2/2 tokens=(1931,299)
  N=2 real_hotpotqa_00062_5a77b13655429967ab105235 seed=1 arm=self_refine: per_fault={'ctx': True, 'concise': True} all_resolved=True n_resolved=2/2 tokens=(4290,811)
  N=2 real_hotpotqa_00062_5a77b13655429967ab105235 seed=1 arm=full_regen: per_fault={'ctx': True, 'concise': False} all_resolved=False n_resolved=1/2 tokens=(3862,608)
  N=2 real_hotpotqa_00062_5a77b13655429967ab105235 seed=1 arm=react: per_fault={'ctx': True, 'concise': True} all_resolved=True n_resolved=2/2 tokens=(3915,941)
  N=2 real_hotpotqa_00062_5a77b13655429967ab105235 seed=1 arm=selfcheckgpt: per_fault={'ctx': True, 'concise': False} all_resolved=False n_resolved=1/2 tokens=(13283,666)
  N=2 real_hotpotqa_00062_5a77b13655429967ab105235 seed=1 arm=reflexion: per_fault={'ctx': True, 'concise': True} all_resolved=True n_resolved=2/2 tokens=(1931,299)
  N=2 real_hotpotqa_00062_5a77b13655429967ab105235 seed=1 arm=intro_specter: per_fault={'ctx': True, 'concise': True} all_resolved=True n_resolved=2/2 tokens=(4444,814)
  N=2 real_hotpotqa_00062_5a77b13655429967ab105235 seed=2 arm=direct: per_fault={'ctx': True, 'concise': True} all_resolved=True n_resolved=2/2 tokens=(1931,226)
  N=2 real_hotpotqa_00062_5a77b13655429967ab105235 seed=2 arm=self_refine: per_fault={'ctx': True, 'concise': True} all_resolved=True n_resolved=2/2 tokens=(4161,578)
  N=2 real_hotpotqa_00062_5a77b13655429967ab105235 seed=2 arm=full_regen: per_fault={'ctx': True, 'concise': True} all_resolved=True n_resolved=2/2 tokens=(3862,451)
  N=2 real_hotpotqa_00062_5a77b13655429967ab105235 seed=2 arm=react: per_fault={'ctx': True, 'concise': False} all_resolved=False n_resolved=1/2 tokens=(3915,1112)
  N=2 real_hotpotqa_00062_5a77b13655429967ab105235 seed=2 arm=selfcheckgpt: per_fault={'ctx': True, 'concise': True} all_resolved=True n_resolved=2/2 tokens=(11431,525)
  N=2 real_hotpotqa_00062_5a77b13655429967ab105235 seed=2 arm=reflexion: per_fault={'ctx': True, 'concise': True} all_resolved=True n_resolved=2/2 tokens=(1931,226)
  N=2 real_hotpotqa_00062_5a77b13655429967ab105235 seed=2 arm=intro_specter: per_fault={'ctx': True, 'concise': True} all_resolved=True n_resolved=2/2 tokens=(4315,537)
  N=2 real_hotpotqa_00063_5ab2e3a35542991669774124 seed=0 arm=direct: per_fault={'ctx': True, 'concise': True} all_resolved=True n_resolved=2/2 tokens=(1962,190)
  N=2 real_hotpotqa_00063_5ab2e3a35542991669774124 seed=0 arm=self_refine: per_fault={'ctx': True, 'concise': True} all_resolved=True n_resolved=2/2 tokens=(4187,556)
  N=2 real_hotpotqa_00063_5ab2e3a35542991669774124 seed=0 arm=full_regen: per_fault={'ctx': True, 'concise': True} all_resolved=True n_resolved=2/2 tokens=(3924,377)
  N=2 real_hotpotqa_00063_5ab2e3a35542991669774124 seed=0 arm=react: per_fault={'ctx': True, 'concise': True} all_resolved=True n_resolved=2/2 tokens=(3977,679)
  N=2 real_hotpotqa_00063_5ab2e3a35542991669774124 seed=0 arm=selfcheckgpt: per_fault={'ctx': True, 'concise': True} all_resolved=True n_resolved=2/2 tokens=(11493,390)
  N=2 real_hotpotqa_00063_5ab2e3a35542991669774124 seed=0 arm=reflexion: per_fault={'ctx': True, 'concise': True} all_resolved=True n_resolved=2/2 tokens=(1962,190)
  N=2 real_hotpotqa_00063_5ab2e3a35542991669774124 seed=0 arm=intro_specter: per_fault={'ctx': True, 'concise': True} all_resolved=True n_resolved=2/2 tokens=(4341,393)
  N=2 real_hotpotqa_00063_5ab2e3a35542991669774124 seed=1 arm=direct: per_fault={'ctx': True, 'concise': True} all_resolved=True n_resolved=2/2 tokens=(1962,190)
  N=2 real_hotpotqa_00063_5ab2e3a35542991669774124 seed=1 arm=self_refine: per_fault={'ctx': True, 'concise': True} all_resolved=True n_resolved=2/2 tokens=(4187,556)
  N=2 real_hotpotqa_00063_5ab2e3a35542991669774124 seed=1 arm=full_regen: per_fault={'ctx': True, 'concise': True} all_resolved=True n_resolved=2/2 tokens=(3924,348)
  N=2 real_hotpotqa_00063_5ab2e3a35542991669774124 seed=1 arm=react: per_fault={'ctx': True, 'concise': True} all_resolved=True n_resolved=2/2 tokens=(3977,679)
  N=2 real_hotpotqa_00063_5ab2e3a35542991669774124 seed=1 arm=selfcheckgpt: per_fault={'ctx': True, 'concise': True} all_resolved=True n_resolved=2/2 tokens=(11493,404)
  N=2 real_hotpotqa_00063_5ab2e3a35542991669774124 seed=1 arm=reflexion: per_fault={'ctx': True, 'concise': True} all_resolved=True n_resolved=2/2 tokens=(1962,190)
  N=2 real_hotpotqa_00063_5ab2e3a35542991669774124 seed=1 arm=intro_specter: per_fault={'ctx': True, 'concise': True} all_resolved=True n_resolved=2/2 tokens=(4341,393)
  N=2 real_hotpotqa_00063_5ab2e3a35542991669774124 seed=2 arm=direct: per_fault={'ctx': True, 'concise': True} all_resolved=True n_resolved=2/2 tokens=(1962,190)
  N=2 real_hotpotqa_00063_5ab2e3a35542991669774124 seed=2 arm=self_refine: per_fault={'ctx': True, 'concise': True} all_resolved=True n_resolved=2/2 tokens=(4187,554)
  N=2 real_hotpotqa_00063_5ab2e3a35542991669774124 seed=2 arm=full_regen: per_fault={'ctx': True, 'concise': True} all_resolved=True n_resolved=2/2 tokens=(3924,404)
  N=2 real_hotpotqa_00063_5ab2e3a35542991669774124 seed=2 arm=react: per_fault={'ctx': True, 'concise': True} all_resolved=True n_resolved=2/2 tokens=(3977,723)
  N=2 real_hotpotqa_00063_5ab2e3a35542991669774124 seed=2 arm=selfcheckgpt: per_fault={'ctx': True, 'concise': True} all_resolved=True n_resolved=2/2 tokens=(11496,393)
  N=2 real_hotpotqa_00063_5ab2e3a35542991669774124 seed=2 arm=reflexion: per_fault={'ctx': True, 'concise': True} all_resolved=True n_resolved=2/2 tokens=(1962,190)
  N=2 real_hotpotqa_00063_5ab2e3a35542991669774124 seed=2 arm=intro_specter: per_fault={'ctx': True, 'concise': True} all_resolved=True n_resolved=2/2 tokens=(4341,393)
  N=2 real_hotpotqa_00064_5a733d5d5542991f29ee2d71 seed=0 arm=direct: per_fault={'ctx': True, 'concise': False} all_resolved=False n_resolved=1/2 tokens=(2104,234)
  N=2 real_hotpotqa_00064_5a733d5d5542991f29ee2d71 seed=0 arm=self_refine: per_fault={'ctx': True, 'concise': False} all_resolved=False n_resolved=1/2 tokens=(4543,746)
  N=2 real_hotpotqa_00064_5a733d5d5542991f29ee2d71 seed=0 arm=full_regen: per_fault={'ctx': True, 'concise': False} all_resolved=False n_resolved=1/2 tokens=(4208,413)
  N=2 real_hotpotqa_00064_5a733d5d5542991f29ee2d71 seed=0 arm=react: per_fault={'ctx': True, 'concise': False} all_resolved=False n_resolved=1/2 tokens=(4261,653)
  N=2 real_hotpotqa_00064_5a733d5d5542991f29ee2d71 seed=0 arm=selfcheckgpt: per_fault={'ctx': True, 'concise': False} all_resolved=False n_resolved=1/2 tokens=(12371,467)
  N=2 real_hotpotqa_00064_5a733d5d5542991f29ee2d71 seed=0 arm=reflexion: per_fault={'ctx': True, 'concise': False} all_resolved=False n_resolved=1/2 tokens=(2104,234)
  N=2 real_hotpotqa_00064_5a733d5d5542991f29ee2d71 seed=0 arm=intro_specter: per_fault={'ctx': True, 'concise': False} all_resolved=False n_resolved=1/2 tokens=(4697,669)
  N=2 real_hotpotqa_00064_5a733d5d5542991f29ee2d71 seed=1 arm=direct: per_fault={'ctx': True, 'concise': False} all_resolved=False n_resolved=1/2 tokens=(2104,234)
  N=2 real_hotpotqa_00064_5a733d5d5542991f29ee2d71 seed=1 arm=self_refine: per_fault={'ctx': True, 'concise': False} all_resolved=False n_resolved=1/2 tokens=(4543,746)
  N=2 real_hotpotqa_00064_5a733d5d5542991f29ee2d71 seed=1 arm=full_regen: per_fault={'ctx': True, 'concise': False} all_resolved=False n_resolved=1/2 tokens=(4208,467)
  N=2 real_hotpotqa_00064_5a733d5d5542991f29ee2d71 seed=1 arm=react: per_fault={'ctx': True, 'concise': False} all_resolved=False n_resolved=1/2 tokens=(4261,653)
  N=2 real_hotpotqa_00064_5a733d5d5542991f29ee2d71 seed=1 arm=selfcheckgpt: per_fault={'ctx': True, 'concise': False} all_resolved=False n_resolved=1/2 tokens=(12350,442)
  N=2 real_hotpotqa_00064_5a733d5d5542991f29ee2d71 seed=1 arm=reflexion: per_fault={'ctx': True, 'concise': False} all_resolved=False n_resolved=1/2 tokens=(2104,234)
  N=2 real_hotpotqa_00064_5a733d5d5542991f29ee2d71 seed=1 arm=intro_specter: per_fault={'ctx': True, 'concise': False} all_resolved=False n_resolved=1/2 tokens=(4697,669)
  N=2 real_hotpotqa_00064_5a733d5d5542991f29ee2d71 seed=2 arm=direct: per_fault={'ctx': True, 'concise': True} all_resolved=True n_resolved=2/2 tokens=(2104,237)
  N=2 real_hotpotqa_00064_5a733d5d5542991f29ee2d71 seed=2 arm=self_refine: per_fault={'ctx': True, 'concise': False} all_resolved=False n_resolved=1/2 tokens=(4519,642)
  N=2 real_hotpotqa_00064_5a733d5d5542991f29ee2d71 seed=2 arm=full_regen: per_fault={'ctx': True, 'concise': True} all_resolved=True n_resolved=2/2 tokens=(4208,524)
  N=2 real_hotpotqa_00064_5a733d5d5542991f29ee2d71 seed=2 arm=react: per_fault={'ctx': True, 'concise': True} all_resolved=True n_resolved=2/2 tokens=(4261,878)
  N=2 real_hotpotqa_00064_5a733d5d5542991f29ee2d71 seed=2 arm=selfcheckgpt: per_fault={'ctx': True, 'concise': True} all_resolved=True n_resolved=2/2 tokens=(12312,436)
  N=2 real_hotpotqa_00064_5a733d5d5542991f29ee2d71 seed=2 arm=reflexion: per_fault={'ctx': True, 'concise': True} all_resolved=True n_resolved=2/2 tokens=(2104,237)
  N=2 real_hotpotqa_00064_5a733d5d5542991f29ee2d71 seed=2 arm=intro_specter: per_fault={'ctx': True, 'concise': True} all_resolved=True n_resolved=2/2 tokens=(4673,636)
  N=2 real_hotpotqa_00065_5a7324205542994cef4bc478 seed=0 arm=direct: per_fault={'ctx': False, 'concise': True} all_resolved=False n_resolved=1/2 tokens=(2361,131)
  N=2 real_hotpotqa_00065_5a7324205542994cef4bc478 seed=0 arm=self_refine: per_fault={'ctx': True, 'concise': True} all_resolved=True n_resolved=2/2 tokens=(4896,438)
  N=2 real_hotpotqa_00065_5a7324205542994cef4bc478 seed=0 arm=full_regen: per_fault={'ctx': False, 'concise': True} all_resolved=False n_resolved=1/2 tokens=(4722,336)
  N=2 real_hotpotqa_00065_5a7324205542994cef4bc478 seed=0 arm=react: per_fault={'ctx': False, 'concise': True} all_resolved=False n_resolved=1/2 tokens=(4775,804)
  N=2 real_hotpotqa_00065_5a7324205542994cef4bc478 seed=0 arm=selfcheckgpt: per_fault={'ctx': False, 'concise': True} all_resolved=False n_resolved=1/2 tokens=(13841,287)
  N=2 real_hotpotqa_00065_5a7324205542994cef4bc478 seed=0 arm=reflexion: per_fault={'ctx': False, 'concise': True} all_resolved=False n_resolved=1/2 tokens=(12910,750)
  N=2 real_hotpotqa_00065_5a7324205542994cef4bc478 seed=0 arm=intro_specter: per_fault={'ctx': False, 'concise': True} all_resolved=False n_resolved=1/2 tokens=(5050,321)
  N=2 real_hotpotqa_00065_5a7324205542994cef4bc478 seed=1 arm=direct: per_fault={'ctx': False, 'concise': True} all_resolved=False n_resolved=1/2 tokens=(2361,131)
  N=2 real_hotpotqa_00065_5a7324205542994cef4bc478 seed=1 arm=self_refine: per_fault={'ctx': True, 'concise': True} all_resolved=True n_resolved=2/2 tokens=(4896,438)
  N=2 real_hotpotqa_00065_5a7324205542994cef4bc478 seed=1 arm=full_regen: per_fault={'ctx': False, 'concise': True} all_resolved=False n_resolved=1/2 tokens=(4722,373)
  N=2 real_hotpotqa_00065_5a7324205542994cef4bc478 seed=1 arm=react: per_fault={'ctx': False, 'concise': True} all_resolved=False n_resolved=1/2 tokens=(4775,804)
  N=2 real_hotpotqa_00065_5a7324205542994cef4bc478 seed=1 arm=selfcheckgpt: per_fault={'ctx': False, 'concise': True} all_resolved=False n_resolved=1/2 tokens=(13833,279)
  N=2 real_hotpotqa_00065_5a7324205542994cef4bc478 seed=1 arm=reflexion: per_fault={'ctx': False, 'concise': True} all_resolved=False n_resolved=1/2 tokens=(12910,750)
  N=2 real_hotpotqa_00065_5a7324205542994cef4bc478 seed=1 arm=intro_specter: per_fault={'ctx': False, 'concise': True} all_resolved=False n_resolved=1/2 tokens=(5050,321)
  N=2 real_hotpotqa_00065_5a7324205542994cef4bc478 seed=2 arm=direct: per_fault={'ctx': False, 'concise': True} all_resolved=False n_resolved=1/2 tokens=(2361,133)
  N=2 real_hotpotqa_00065_5a7324205542994cef4bc478 seed=2 arm=self_refine: per_fault={'ctx': True, 'concise': True} all_resolved=True n_resolved=2/2 tokens=(4898,463)
  N=2 real_hotpotqa_00065_5a7324205542994cef4bc478 seed=2 arm=full_regen: per_fault={'ctx': False, 'concise': True} all_resolved=False n_resolved=1/2 tokens=(4722,241)
  N=2 real_hotpotqa_00065_5a7324205542994cef4bc478 seed=2 arm=react: per_fault={'ctx': False, 'concise': True} all_resolved=False n_resolved=1/2 tokens=(4775,839)
  N=2 real_hotpotqa_00065_5a7324205542994cef4bc478 seed=2 arm=selfcheckgpt: per_fault={'ctx': False, 'concise': True} all_resolved=False n_resolved=1/2 tokens=(13873,321)
  N=2 real_hotpotqa_00065_5a7324205542994cef4bc478 seed=2 arm=reflexion: per_fault={'ctx': True, 'concise': True} all_resolved=True n_resolved=2/2 tokens=(7476,430)
  N=2 real_hotpotqa_00065_5a7324205542994cef4bc478 seed=2 arm=intro_specter: per_fault={'ctx': False, 'concise': True} all_resolved=False n_resolved=1/2 tokens=(5052,421)
  N=2 real_hotpotqa_00066_5a7929c8554299029c4b5f11 seed=0 arm=direct: per_fault={'ctx': True, 'concise': True} all_resolved=True n_resolved=2/2 tokens=(1797,246)
  N=2 real_hotpotqa_00066_5a7929c8554299029c4b5f11 seed=0 arm=self_refine: per_fault={'ctx': True, 'concise': True} all_resolved=True n_resolved=2/2 tokens=(3915,482)
  N=2 real_hotpotqa_00066_5a7929c8554299029c4b5f11 seed=0 arm=full_regen: per_fault={'ctx': True, 'concise': True} all_resolved=True n_resolved=2/2 tokens=(3594,379)
  N=2 real_hotpotqa_00066_5a7929c8554299029c4b5f11 seed=0 arm=react: per_fault={'ctx': True, 'concise': True} all_resolved=True n_resolved=2/2 tokens=(3647,806)
  N=2 real_hotpotqa_00066_5a7929c8554299029c4b5f11 seed=0 arm=selfcheckgpt: per_fault={'ctx': True, 'concise': True} all_resolved=True n_resolved=2/2 tokens=(10398,344)
  N=2 real_hotpotqa_00066_5a7929c8554299029c4b5f11 seed=0 arm=reflexion: per_fault={'ctx': True, 'concise': True} all_resolved=True n_resolved=2/2 tokens=(1797,246)
  N=2 real_hotpotqa_00066_5a7929c8554299029c4b5f11 seed=0 arm=intro_specter: per_fault={'ctx': True, 'concise': True} all_resolved=True n_resolved=2/2 tokens=(4069,629)
  N=2 real_hotpotqa_00066_5a7929c8554299029c4b5f11 seed=1 arm=direct: per_fault={'ctx': True, 'concise': True} all_resolved=True n_resolved=2/2 tokens=(1797,246)
  N=2 real_hotpotqa_00066_5a7929c8554299029c4b5f11 seed=1 arm=self_refine: per_fault={'ctx': True, 'concise': True} all_resolved=True n_resolved=2/2 tokens=(3915,482)
  N=2 real_hotpotqa_00066_5a7929c8554299029c4b5f11 seed=1 arm=full_regen: per_fault={'ctx': True, 'concise': True} all_resolved=True n_resolved=2/2 tokens=(3594,515)
  N=2 real_hotpotqa_00066_5a7929c8554299029c4b5f11 seed=1 arm=react: per_fault={'ctx': True, 'concise': True} all_resolved=True n_resolved=2/2 tokens=(3647,806)
  N=2 real_hotpotqa_00066_5a7929c8554299029c4b5f11 seed=1 arm=selfcheckgpt: per_fault={'ctx': True, 'concise': True} all_resolved=True n_resolved=2/2 tokens=(10405,351)
  N=2 real_hotpotqa_00066_5a7929c8554299029c4b5f11 seed=1 arm=reflexion: per_fault={'ctx': True, 'concise': True} all_resolved=True n_resolved=2/2 tokens=(1797,246)
  N=2 real_hotpotqa_00066_5a7929c8554299029c4b5f11 seed=1 arm=intro_specter: per_fault={'ctx': True, 'concise': True} all_resolved=True n_resolved=2/2 tokens=(4069,629)
  N=2 real_hotpotqa_00066_5a7929c8554299029c4b5f11 seed=2 arm=direct: per_fault={'ctx': True, 'concise': True} all_resolved=True n_resolved=2/2 tokens=(1797,247)
  N=2 real_hotpotqa_00066_5a7929c8554299029c4b5f11 seed=2 arm=self_refine: per_fault={'ctx': True, 'concise': False} all_resolved=False n_resolved=1/2 tokens=(3916,763)
  N=2 real_hotpotqa_00066_5a7929c8554299029c4b5f11 seed=2 arm=full_regen: per_fault={'ctx': True, 'concise': True} all_resolved=True n_resolved=2/2 tokens=(3594,321)
  N=2 real_hotpotqa_00066_5a7929c8554299029c4b5f11 seed=2 arm=react: per_fault={'ctx': True, 'concise': True} all_resolved=True n_resolved=2/2 tokens=(3647,736)
  N=2 real_hotpotqa_00066_5a7929c8554299029c4b5f11 seed=2 arm=selfcheckgpt: per_fault={'ctx': True, 'concise': True} all_resolved=True n_resolved=2/2 tokens=(10398,345)
  N=2 real_hotpotqa_00066_5a7929c8554299029c4b5f11 seed=2 arm=reflexion: per_fault={'ctx': True, 'concise': True} all_resolved=True n_resolved=2/2 tokens=(1797,247)
  N=2 real_hotpotqa_00066_5a7929c8554299029c4b5f11 seed=2 arm=intro_specter: per_fault={'ctx': True, 'concise': True} all_resolved=True n_resolved=2/2 tokens=(4070,609)
  N=2 real_hotpotqa_00067_5abe36aa5542993f32c2a08f seed=0 arm=direct: per_fault={'ctx': True, 'bullets': True} all_resolved=True n_resolved=2/2 tokens=(2098,267)
  N=2 real_hotpotqa_00067_5abe36aa5542993f32c2a08f seed=0 arm=self_refine: per_fault={'ctx': True, 'bullets': True} all_resolved=True n_resolved=2/2 tokens=(4590,766)
  N=2 real_hotpotqa_00067_5abe36aa5542993f32c2a08f seed=0 arm=full_regen: per_fault={'ctx': True, 'bullets': True} all_resolved=True n_resolved=2/2 tokens=(4196,573)
  N=2 real_hotpotqa_00067_5abe36aa5542993f32c2a08f seed=0 arm=react: per_fault={'ctx': True, 'bullets': True} all_resolved=True n_resolved=2/2 tokens=(4249,687)
  N=2 real_hotpotqa_00067_5abe36aa5542993f32c2a08f seed=0 arm=selfcheckgpt: per_fault={'ctx': True, 'bullets': True} all_resolved=True n_resolved=2/2 tokens=(12241,406)
  N=2 real_hotpotqa_00067_5abe36aa5542993f32c2a08f seed=0 arm=reflexion: per_fault={'ctx': True, 'bullets': True} all_resolved=True n_resolved=2/2 tokens=(2098,267)
  N=2 real_hotpotqa_00067_5abe36aa5542993f32c2a08f seed=0 arm=intro_specter: per_fault={'ctx': True, 'bullets': True} all_resolved=True n_resolved=2/2 tokens=(4744,782)
  N=2 real_hotpotqa_00067_5abe36aa5542993f32c2a08f seed=1 arm=direct: per_fault={'ctx': True, 'bullets': True} all_resolved=True n_resolved=2/2 tokens=(2098,267)
  N=2 real_hotpotqa_00067_5abe36aa5542993f32c2a08f seed=1 arm=self_refine: per_fault={'ctx': True, 'bullets': True} all_resolved=True n_resolved=2/2 tokens=(4590,766)
  N=2 real_hotpotqa_00067_5abe36aa5542993f32c2a08f seed=1 arm=full_regen: per_fault={'ctx': True, 'bullets': True} all_resolved=True n_resolved=2/2 tokens=(4196,601)
  N=2 real_hotpotqa_00067_5abe36aa5542993f32c2a08f seed=1 arm=react: per_fault={'ctx': True, 'bullets': True} all_resolved=True n_resolved=2/2 tokens=(4249,687)
  N=2 real_hotpotqa_00067_5abe36aa5542993f32c2a08f seed=1 arm=selfcheckgpt: per_fault={'ctx': True, 'bullets': True} all_resolved=True n_resolved=2/2 tokens=(12209,370)
  N=2 real_hotpotqa_00067_5abe36aa5542993f32c2a08f seed=1 arm=reflexion: per_fault={'ctx': True, 'bullets': True} all_resolved=True n_resolved=2/2 tokens=(2098,267)
  N=2 real_hotpotqa_00067_5abe36aa5542993f32c2a08f seed=1 arm=intro_specter: per_fault={'ctx': True, 'bullets': True} all_resolved=True n_resolved=2/2 tokens=(4744,782)
  N=2 real_hotpotqa_00067_5abe36aa5542993f32c2a08f seed=2 arm=direct: per_fault={'ctx': True, 'bullets': True} all_resolved=True n_resolved=2/2 tokens=(2098,344)
  N=2 real_hotpotqa_00067_5abe36aa5542993f32c2a08f seed=2 arm=self_refine: per_fault={'ctx': True, 'bullets': True} all_resolved=True n_resolved=2/2 tokens=(4695,920)
  N=2 real_hotpotqa_00067_5abe36aa5542993f32c2a08f seed=2 arm=full_regen: per_fault={'ctx': True, 'bullets': True} all_resolved=True n_resolved=2/2 tokens=(4196,554)
  N=2 real_hotpotqa_00067_5abe36aa5542993f32c2a08f seed=2 arm=react: per_fault={'ctx': True, 'bullets': True} all_resolved=True n_resolved=2/2 tokens=(4249,997)
  N=2 real_hotpotqa_00067_5abe36aa5542993f32c2a08f seed=2 arm=selfcheckgpt: per_fault={'ctx': True, 'bullets': True} all_resolved=True n_resolved=2/2 tokens=(12211,450)
  N=2 real_hotpotqa_00067_5abe36aa5542993f32c2a08f seed=2 arm=reflexion: per_fault={'ctx': True, 'bullets': True} all_resolved=True n_resolved=2/2 tokens=(2098,344)
  N=2 real_hotpotqa_00067_5abe36aa5542993f32c2a08f seed=2 arm=intro_specter: per_fault={'ctx': True, 'bullets': True} all_resolved=True n_resolved=2/2 tokens=(4849,887)
  N=2 real_hotpotqa_00069_5ab674ee5542995eadeefff2 seed=0 arm=direct: per_fault={'ctx': False, 'english': True} all_resolved=False n_resolved=1/2 tokens=(1779,254)
  N=2 real_hotpotqa_00069_5ab674ee5542995eadeefff2 seed=0 arm=self_refine: per_fault={'ctx': False, 'english': True} all_resolved=False n_resolved=1/2 tokens=(3927,628)
  N=2 real_hotpotqa_00069_5ab674ee5542995eadeefff2 seed=0 arm=full_regen: per_fault={'ctx': False, 'english': True} all_resolved=False n_resolved=1/2 tokens=(3558,523)
  N=2 real_hotpotqa_00069_5ab674ee5542995eadeefff2 seed=0 arm=react: per_fault={'ctx': False, 'english': True} all_resolved=False n_resolved=1/2 tokens=(3611,609)
  N=2 real_hotpotqa_00069_5ab674ee5542995eadeefff2 seed=0 arm=selfcheckgpt: per_fault={'ctx': False, 'english': True} all_resolved=False n_resolved=1/2 tokens=(12031,393)
  N=2 real_hotpotqa_00069_5ab674ee5542995eadeefff2 seed=0 arm=reflexion: per_fault={'ctx': False, 'english': True} all_resolved=False n_resolved=1/2 tokens=(10766,1057)
  N=2 real_hotpotqa_00069_5ab674ee5542995eadeefff2 seed=0 arm=intro_specter: per_fault={'ctx': False, 'english': True} all_resolved=False n_resolved=1/2 tokens=(4081,654)
  N=2 real_hotpotqa_00069_5ab674ee5542995eadeefff2 seed=1 arm=direct: per_fault={'ctx': False, 'english': True} all_resolved=False n_resolved=1/2 tokens=(1779,254)
  N=2 real_hotpotqa_00069_5ab674ee5542995eadeefff2 seed=1 arm=self_refine: per_fault={'ctx': False, 'english': True} all_resolved=False n_resolved=1/2 tokens=(3927,628)
  N=2 real_hotpotqa_00069_5ab674ee5542995eadeefff2 seed=1 arm=full_regen: per_fault={'ctx': False, 'english': True} all_resolved=False n_resolved=1/2 tokens=(3558,539)
  N=2 real_hotpotqa_00069_5ab674ee5542995eadeefff2 seed=1 arm=react: per_fault={'ctx': False, 'english': True} all_resolved=False n_resolved=1/2 tokens=(3611,609)
  N=2 real_hotpotqa_00069_5ab674ee5542995eadeefff2 seed=1 arm=selfcheckgpt: per_fault={'ctx': False, 'english': True} all_resolved=False n_resolved=1/2 tokens=(12065,424)
  N=2 real_hotpotqa_00069_5ab674ee5542995eadeefff2 seed=1 arm=reflexion: per_fault={'ctx': False, 'english': True} all_resolved=False n_resolved=1/2 tokens=(10766,1057)
  N=2 real_hotpotqa_00069_5ab674ee5542995eadeefff2 seed=1 arm=intro_specter: per_fault={'ctx': False, 'english': True} all_resolved=False n_resolved=1/2 tokens=(4081,654)
  N=2 real_hotpotqa_00069_5ab674ee5542995eadeefff2 seed=2 arm=direct: per_fault={'ctx': False, 'english': True} all_resolved=False n_resolved=1/2 tokens=(1779,262)
  N=2 real_hotpotqa_00069_5ab674ee5542995eadeefff2 seed=2 arm=self_refine: per_fault={'ctx': False, 'english': True} all_resolved=False n_resolved=1/2 tokens=(3885,819)
  N=2 real_hotpotqa_00069_5ab674ee5542995eadeefff2 seed=2 arm=full_regen: per_fault={'ctx': False, 'english': True} all_resolved=False n_resolved=1/2 tokens=(3558,569)
  N=2 real_hotpotqa_00069_5ab674ee5542995eadeefff2 seed=2 arm=react: per_fault={'ctx': False, 'english': True} all_resolved=False n_resolved=1/2 tokens=(3611,833)
  N=2 real_hotpotqa_00069_5ab674ee5542995eadeefff2 seed=2 arm=selfcheckgpt: per_fault={'ctx': False, 'english': True} all_resolved=False n_resolved=1/2 tokens=(12034,416)
  N=2 real_hotpotqa_00069_5ab674ee5542995eadeefff2 seed=2 arm=reflexion: per_fault={'ctx': False, 'english': True} all_resolved=False n_resolved=1/2 tokens=(10639,1076)
  N=2 real_hotpotqa_00069_5ab674ee5542995eadeefff2 seed=2 arm=intro_specter: per_fault={'ctx': False, 'english': True} all_resolved=False n_resolved=1/2 tokens=(4039,543)
  N=2 real_hotpotqa_00070_5ae3606b5542991a06ce99a8 seed=0 arm=direct: per_fault={'ctx': True, 'bullets': True} all_resolved=True n_resolved=2/2 tokens=(1877,184)
  N=2 real_hotpotqa_00070_5ae3606b5542991a06ce99a8 seed=0 arm=self_refine: per_fault={'ctx': True, 'bullets': True} all_resolved=True n_resolved=2/2 tokens=(4010,556)
  N=2 real_hotpotqa_00070_5ae3606b5542991a06ce99a8 seed=0 arm=full_regen: per_fault={'ctx': True, 'bullets': True} all_resolved=True n_resolved=2/2 tokens=(3754,360)
  N=2 real_hotpotqa_00070_5ae3606b5542991a06ce99a8 seed=0 arm=react: per_fault={'ctx': True, 'bullets': True} all_resolved=True n_resolved=2/2 tokens=(3807,810)
  N=2 real_hotpotqa_00070_5ae3606b5542991a06ce99a8 seed=0 arm=selfcheckgpt: per_fault={'ctx': True, 'bullets': True} all_resolved=True n_resolved=2/2 tokens=(10909,305)
  N=2 real_hotpotqa_00070_5ae3606b5542991a06ce99a8 seed=0 arm=reflexion: per_fault={'ctx': True, 'bullets': True} all_resolved=True n_resolved=2/2 tokens=(1877,184)
  N=2 real_hotpotqa_00070_5ae3606b5542991a06ce99a8 seed=0 arm=intro_specter: per_fault={'ctx': True, 'bullets': True} all_resolved=True n_resolved=2/2 tokens=(4164,472)
  N=2 real_hotpotqa_00070_5ae3606b5542991a06ce99a8 seed=1 arm=direct: per_fault={'ctx': True, 'bullets': True} all_resolved=True n_resolved=2/2 tokens=(1877,184)
  N=2 real_hotpotqa_00070_5ae3606b5542991a06ce99a8 seed=1 arm=self_refine: per_fault={'ctx': True, 'bullets': True} all_resolved=True n_resolved=2/2 tokens=(4010,556)
  N=2 real_hotpotqa_00070_5ae3606b5542991a06ce99a8 seed=1 arm=full_regen: per_fault={'ctx': True, 'bullets': True} all_resolved=True n_resolved=2/2 tokens=(3754,251)
  N=2 real_hotpotqa_00070_5ae3606b5542991a06ce99a8 seed=1 arm=react: per_fault={'ctx': True, 'bullets': True} all_resolved=True n_resolved=2/2 tokens=(3807,810)
  N=2 real_hotpotqa_00070_5ae3606b5542991a06ce99a8 seed=1 arm=selfcheckgpt: per_fault={'ctx': True, 'bullets': True} all_resolved=True n_resolved=2/2 tokens=(10909,305)
  N=2 real_hotpotqa_00070_5ae3606b5542991a06ce99a8 seed=1 arm=reflexion: per_fault={'ctx': True, 'bullets': True} all_resolved=True n_resolved=2/2 tokens=(1877,184)
  N=2 real_hotpotqa_00070_5ae3606b5542991a06ce99a8 seed=1 arm=intro_specter: per_fault={'ctx': True, 'bullets': True} all_resolved=True n_resolved=2/2 tokens=(4164,472)
  N=2 real_hotpotqa_00070_5ae3606b5542991a06ce99a8 seed=2 arm=direct: per_fault={'ctx': True, 'bullets': True} all_resolved=True n_resolved=2/2 tokens=(1877,188)
  N=2 real_hotpotqa_00070_5ae3606b5542991a06ce99a8 seed=2 arm=self_refine: per_fault={'ctx': True, 'bullets': True} all_resolved=True n_resolved=2/2 tokens=(4014,527)
  N=2 real_hotpotqa_00070_5ae3606b5542991a06ce99a8 seed=2 arm=full_regen: per_fault={'ctx': True, 'bullets': True} all_resolved=True n_resolved=2/2 tokens=(3754,439)
  N=2 real_hotpotqa_00070_5ae3606b5542991a06ce99a8 seed=2 arm=react: per_fault={'ctx': True, 'bullets': True} all_resolved=True n_resolved=2/2 tokens=(3807,608)
  N=2 real_hotpotqa_00070_5ae3606b5542991a06ce99a8 seed=2 arm=selfcheckgpt: per_fault={'ctx': True, 'bullets': True} all_resolved=True n_resolved=2/2 tokens=(10909,309)
  N=2 real_hotpotqa_00070_5ae3606b5542991a06ce99a8 seed=2 arm=reflexion: per_fault={'ctx': True, 'bullets': True} all_resolved=True n_resolved=2/2 tokens=(1877,188)
  N=2 real_hotpotqa_00070_5ae3606b5542991a06ce99a8 seed=2 arm=intro_specter: per_fault={'ctx': True, 'bullets': True} all_resolved=True n_resolved=2/2 tokens=(4168,481)
  N=2 real_hotpotqa_00072_5a84af3e5542991dd0999d7c seed=0 arm=direct: per_fault={'ctx': True, 'preamble': True} all_resolved=True n_resolved=2/2 tokens=(2062,212)
  N=2 real_hotpotqa_00072_5a84af3e5542991dd0999d7c seed=0 arm=self_refine: per_fault={'ctx': True, 'preamble': True} all_resolved=True n_resolved=2/2 tokens=(4436,774)
  N=2 real_hotpotqa_00072_5a84af3e5542991dd0999d7c seed=0 arm=full_regen: per_fault={'ctx': True, 'preamble': True} all_resolved=True n_resolved=2/2 tokens=(4124,269)
  N=2 real_hotpotqa_00072_5a84af3e5542991dd0999d7c seed=0 arm=react: per_fault={'ctx': True, 'preamble': True} all_resolved=True n_resolved=2/2 tokens=(4177,749)
  N=2 real_hotpotqa_00072_5a84af3e5542991dd0999d7c seed=0 arm=selfcheckgpt: per_fault={'ctx': True, 'preamble': True} all_resolved=True n_resolved=2/2 tokens=(11862,272)
  N=2 real_hotpotqa_00072_5a84af3e5542991dd0999d7c seed=0 arm=reflexion: per_fault={'ctx': True, 'preamble': True} all_resolved=True n_resolved=2/2 tokens=(2062,212)
  N=2 real_hotpotqa_00072_5a84af3e5542991dd0999d7c seed=0 arm=intro_specter: per_fault={'ctx': True, 'preamble': True} all_resolved=True n_resolved=2/2 tokens=(4590,624)
  N=2 real_hotpotqa_00072_5a84af3e5542991dd0999d7c seed=1 arm=direct: per_fault={'ctx': True, 'preamble': True} all_resolved=True n_resolved=2/2 tokens=(2062,212)
  N=2 real_hotpotqa_00072_5a84af3e5542991dd0999d7c seed=1 arm=self_refine: per_fault={'ctx': True, 'preamble': True} all_resolved=True n_resolved=2/2 tokens=(4436,774)
  N=2 real_hotpotqa_00072_5a84af3e5542991dd0999d7c seed=1 arm=full_regen: per_fault={'ctx': True, 'preamble': True} all_resolved=True n_resolved=2/2 tokens=(4124,623)
  N=2 real_hotpotqa_00072_5a84af3e5542991dd0999d7c seed=1 arm=react: per_fault={'ctx': True, 'preamble': True} all_resolved=True n_resolved=2/2 tokens=(4177,749)
  N=2 real_hotpotqa_00072_5a84af3e5542991dd0999d7c seed=1 arm=selfcheckgpt: per_fault={'ctx': True, 'preamble': True} all_resolved=True n_resolved=2/2 tokens=(11862,272)
  N=2 real_hotpotqa_00072_5a84af3e5542991dd0999d7c seed=1 arm=reflexion: per_fault={'ctx': True, 'preamble': True} all_resolved=True n_resolved=2/2 tokens=(2062,212)
  N=2 real_hotpotqa_00072_5a84af3e5542991dd0999d7c seed=1 arm=intro_specter: per_fault={'ctx': True, 'preamble': True} all_resolved=True n_resolved=2/2 tokens=(4590,624)
  N=2 real_hotpotqa_00072_5a84af3e5542991dd0999d7c seed=2 arm=direct: per_fault={'ctx': True, 'preamble': True} all_resolved=True n_resolved=2/2 tokens=(2062,393)
  N=2 real_hotpotqa_00072_5a84af3e5542991dd0999d7c seed=2 arm=self_refine: per_fault={'ctx': True, 'preamble': True} all_resolved=True n_resolved=2/2 tokens=(4701,818)
  N=2 real_hotpotqa_00072_5a84af3e5542991dd0999d7c seed=2 arm=full_regen: per_fault={'ctx': True, 'preamble': True} all_resolved=True n_resolved=2/2 tokens=(4124,465)
  N=2 real_hotpotqa_00072_5a84af3e5542991dd0999d7c seed=2 arm=react: per_fault={'ctx': True, 'preamble': True} all_resolved=True n_resolved=2/2 tokens=(4177,1164)
  N=2 real_hotpotqa_00072_5a84af3e5542991dd0999d7c seed=2 arm=selfcheckgpt: per_fault={'ctx': True, 'preamble': True} all_resolved=True n_resolved=2/2 tokens=(11862,453)
  N=2 real_hotpotqa_00072_5a84af3e5542991dd0999d7c seed=2 arm=reflexion: per_fault={'ctx': True, 'preamble': True} all_resolved=True n_resolved=2/2 tokens=(2062,393)
  N=2 real_hotpotqa_00072_5a84af3e5542991dd0999d7c seed=2 arm=intro_specter: per_fault={'ctx': True, 'preamble': True} all_resolved=True n_resolved=2/2 tokens=(4855,884)
  N=2 real_hotpotqa_00073_5a7db1a15542995ed0d16660 seed=0 arm=direct: per_fault={'ctx': False, 'concise': True} all_resolved=False n_resolved=1/2 tokens=(1912,190)
  N=2 real_hotpotqa_00073_5a7db1a15542995ed0d16660 seed=0 arm=self_refine: per_fault={'ctx': False, 'concise': False} all_resolved=False n_resolved=0/2 tokens=(4086,584)
  N=2 real_hotpotqa_00073_5a7db1a15542995ed0d16660 seed=0 arm=full_regen: per_fault={'ctx': False, 'concise': True} all_resolved=False n_resolved=1/2 tokens=(3824,417)
  N=2 real_hotpotqa_00073_5a7db1a15542995ed0d16660 seed=0 arm=react: per_fault={'ctx': False, 'concise': True} all_resolved=False n_resolved=1/2 tokens=(3877,789)
  N=2 real_hotpotqa_00073_5a7db1a15542995ed0d16660 seed=0 arm=selfcheckgpt: per_fault={'ctx': False, 'concise': True} all_resolved=False n_resolved=1/2 tokens=(11270,499)
  N=2 real_hotpotqa_00073_5a7db1a15542995ed0d16660 seed=0 arm=reflexion: per_fault={'ctx': True, 'concise': True} all_resolved=True n_resolved=2/2 tokens=(6292,559)
  N=2 real_hotpotqa_00073_5a7db1a15542995ed0d16660 seed=0 arm=intro_specter: per_fault={'ctx': True, 'concise': True} all_resolved=True n_resolved=2/2 tokens=(4240,484)
  N=2 real_hotpotqa_00073_5a7db1a15542995ed0d16660 seed=1 arm=direct: per_fault={'ctx': False, 'concise': True} all_resolved=False n_resolved=1/2 tokens=(1912,190)
  N=2 real_hotpotqa_00073_5a7db1a15542995ed0d16660 seed=1 arm=self_refine: per_fault={'ctx': False, 'concise': False} all_resolved=False n_resolved=0/2 tokens=(4086,584)
  N=2 real_hotpotqa_00073_5a7db1a15542995ed0d16660 seed=1 arm=full_regen: per_fault={'ctx': False, 'concise': True} all_resolved=False n_resolved=1/2 tokens=(3824,392)
  N=2 real_hotpotqa_00073_5a7db1a15542995ed0d16660 seed=1 arm=react: per_fault={'ctx': False, 'concise': True} all_resolved=False n_resolved=1/2 tokens=(3877,789)
  N=2 real_hotpotqa_00073_5a7db1a15542995ed0d16660 seed=1 arm=selfcheckgpt: per_fault={'ctx': False, 'concise': True} all_resolved=False n_resolved=1/2 tokens=(11314,539)
  N=2 real_hotpotqa_00073_5a7db1a15542995ed0d16660 seed=1 arm=reflexion: per_fault={'ctx': True, 'concise': True} all_resolved=True n_resolved=2/2 tokens=(6292,559)
  N=2 real_hotpotqa_00073_5a7db1a15542995ed0d16660 seed=1 arm=intro_specter: per_fault={'ctx': True, 'concise': True} all_resolved=True n_resolved=2/2 tokens=(4240,484)
  N=2 real_hotpotqa_00073_5a7db1a15542995ed0d16660 seed=2 arm=direct: per_fault={'ctx': False, 'concise': True} all_resolved=False n_resolved=1/2 tokens=(1912,283)
  N=2 real_hotpotqa_00073_5a7db1a15542995ed0d16660 seed=2 arm=self_refine: per_fault={'ctx': False, 'concise': True} all_resolved=False n_resolved=1/2 tokens=(4207,694)
  N=2 real_hotpotqa_00073_5a7db1a15542995ed0d16660 seed=2 arm=full_regen: per_fault={'ctx': False, 'concise': True} all_resolved=False n_resolved=1/2 tokens=(3824,564)
  N=2 real_hotpotqa_00073_5a7db1a15542995ed0d16660 seed=2 arm=react: per_fault={'ctx': False, 'concise': True} all_resolved=False n_resolved=1/2 tokens=(3877,795)
  N=2 real_hotpotqa_00073_5a7db1a15542995ed0d16660 seed=2 arm=selfcheckgpt: per_fault={'ctx': False, 'concise': True} all_resolved=False n_resolved=1/2 tokens=(11232,543)
  N=2 real_hotpotqa_00073_5a7db1a15542995ed0d16660 seed=2 arm=reflexion: per_fault={'ctx': True, 'concise': True} all_resolved=True n_resolved=2/2 tokens=(6556,807)
  N=2 real_hotpotqa_00073_5a7db1a15542995ed0d16660 seed=2 arm=intro_specter: per_fault={'ctx': True, 'concise': True} all_resolved=True n_resolved=2/2 tokens=(4361,693)
  N=2 real_hotpotqa_00074_5abbf43d5542993f40c73c2f seed=0 arm=direct: per_fault={'ctx': True, 'bullets': True} all_resolved=True n_resolved=2/2 tokens=(2108,180)
  N=2 real_hotpotqa_00074_5abbf43d5542993f40c73c2f seed=0 arm=self_refine: per_fault={'ctx': True, 'bullets': True} all_resolved=True n_resolved=2/2 tokens=(4468,587)
  N=2 real_hotpotqa_00074_5abbf43d5542993f40c73c2f seed=0 arm=full_regen: per_fault={'ctx': True, 'bullets': True} all_resolved=True n_resolved=2/2 tokens=(4216,507)
  N=2 real_hotpotqa_00074_5abbf43d5542993f40c73c2f seed=0 arm=react: per_fault={'ctx': True, 'bullets': True} all_resolved=True n_resolved=2/2 tokens=(4269,766)
  N=2 real_hotpotqa_00074_5abbf43d5542993f40c73c2f seed=0 arm=selfcheckgpt: per_fault={'ctx': True, 'bullets': True} all_resolved=True n_resolved=2/2 tokens=(12274,292)
  N=2 real_hotpotqa_00074_5abbf43d5542993f40c73c2f seed=0 arm=reflexion: per_fault={'ctx': True, 'bullets': True} all_resolved=True n_resolved=2/2 tokens=(2108,180)
  N=2 real_hotpotqa_00074_5abbf43d5542993f40c73c2f seed=0 arm=intro_specter: per_fault={'ctx': True, 'bullets': True} all_resolved=True n_resolved=2/2 tokens=(4622,486)
  N=2 real_hotpotqa_00074_5abbf43d5542993f40c73c2f seed=1 arm=direct: per_fault={'ctx': True, 'bullets': True} all_resolved=True n_resolved=2/2 tokens=(2108,180)
  N=2 real_hotpotqa_00074_5abbf43d5542993f40c73c2f seed=1 arm=self_refine: per_fault={'ctx': True, 'bullets': True} all_resolved=True n_resolved=2/2 tokens=(4468,587)
  N=2 real_hotpotqa_00074_5abbf43d5542993f40c73c2f seed=1 arm=full_regen: per_fault={'ctx': True, 'bullets': True} all_resolved=True n_resolved=2/2 tokens=(4216,385)
  N=2 real_hotpotqa_00074_5abbf43d5542993f40c73c2f seed=1 arm=react: per_fault={'ctx': True, 'bullets': True} all_resolved=True n_resolved=2/2 tokens=(4269,766)
  N=2 real_hotpotqa_00074_5abbf43d5542993f40c73c2f seed=1 arm=selfcheckgpt: per_fault={'ctx': True, 'bullets': True} all_resolved=True n_resolved=2/2 tokens=(12277,295)
  N=2 real_hotpotqa_00074_5abbf43d5542993f40c73c2f seed=1 arm=reflexion: per_fault={'ctx': True, 'bullets': True} all_resolved=True n_resolved=2/2 tokens=(2108,180)
  N=2 real_hotpotqa_00074_5abbf43d5542993f40c73c2f seed=1 arm=intro_specter: per_fault={'ctx': True, 'bullets': True} all_resolved=True n_resolved=2/2 tokens=(4622,486)
  N=2 real_hotpotqa_00074_5abbf43d5542993f40c73c2f seed=2 arm=direct: per_fault={'ctx': True, 'bullets': True} all_resolved=True n_resolved=2/2 tokens=(2108,302)
  N=2 real_hotpotqa_00074_5abbf43d5542993f40c73c2f seed=2 arm=self_refine: per_fault={'ctx': True, 'bullets': True} all_resolved=True n_resolved=2/2 tokens=(4646,799)
  N=2 real_hotpotqa_00074_5abbf43d5542993f40c73c2f seed=2 arm=full_regen: per_fault={'ctx': True, 'bullets': True} all_resolved=True n_resolved=2/2 tokens=(4216,562)
  N=2 real_hotpotqa_00074_5abbf43d5542993f40c73c2f seed=2 arm=react: per_fault={'ctx': True, 'bullets': True} all_resolved=True n_resolved=2/2 tokens=(4269,1065)
  N=2 real_hotpotqa_00074_5abbf43d5542993f40c73c2f seed=2 arm=selfcheckgpt: per_fault={'ctx': True, 'bullets': True} all_resolved=True n_resolved=2/2 tokens=(12283,420)
  N=2 real_hotpotqa_00074_5abbf43d5542993f40c73c2f seed=2 arm=reflexion: per_fault={'ctx': True, 'bullets': True} all_resolved=True n_resolved=2/2 tokens=(2108,302)
  N=2 real_hotpotqa_00074_5abbf43d5542993f40c73c2f seed=2 arm=intro_specter: per_fault={'ctx': True, 'bullets': True} all_resolved=True n_resolved=2/2 tokens=(4800,805)
  N=2 real_hotpotqa_00075_5a89da93554299669944a5cc seed=0 arm=direct: per_fault={'ctx': True, 'concise': True} all_resolved=True n_resolved=2/2 tokens=(2104,287)
  N=2 real_hotpotqa_00075_5a89da93554299669944a5cc seed=0 arm=self_refine: per_fault={'ctx': True, 'concise': False} all_resolved=False n_resolved=1/2 tokens=(4568,855)
  N=2 real_hotpotqa_00075_5a89da93554299669944a5cc seed=0 arm=full_regen: per_fault={'ctx': True, 'concise': True} all_resolved=True n_resolved=2/2 tokens=(4208,511)
  N=2 real_hotpotqa_00075_5a89da93554299669944a5cc seed=0 arm=react: per_fault={'ctx': True, 'concise': True} all_resolved=True n_resolved=2/2 tokens=(4261,844)
  N=2 real_hotpotqa_00075_5a89da93554299669944a5cc seed=0 arm=selfcheckgpt: per_fault={'ctx': True, 'concise': True} all_resolved=True n_resolved=2/2 tokens=(12345,502)
  N=2 real_hotpotqa_00075_5a89da93554299669944a5cc seed=0 arm=reflexion: per_fault={'ctx': True, 'concise': True} all_resolved=True n_resolved=2/2 tokens=(2104,287)
  N=2 real_hotpotqa_00075_5a89da93554299669944a5cc seed=0 arm=intro_specter: per_fault={'ctx': True, 'concise': True} all_resolved=True n_resolved=2/2 tokens=(4722,586)
  N=2 real_hotpotqa_00075_5a89da93554299669944a5cc seed=1 arm=direct: per_fault={'ctx': True, 'concise': True} all_resolved=True n_resolved=2/2 tokens=(2104,287)
  N=2 real_hotpotqa_00075_5a89da93554299669944a5cc seed=1 arm=self_refine: per_fault={'ctx': True, 'concise': False} all_resolved=False n_resolved=1/2 tokens=(4568,855)
  N=2 real_hotpotqa_00075_5a89da93554299669944a5cc seed=1 arm=full_regen: per_fault={'ctx': True, 'concise': True} all_resolved=True n_resolved=2/2 tokens=(4208,490)
  N=2 real_hotpotqa_00075_5a89da93554299669944a5cc seed=1 arm=react: per_fault={'ctx': True, 'concise': True} all_resolved=True n_resolved=2/2 tokens=(4261,844)
  N=2 real_hotpotqa_00075_5a89da93554299669944a5cc seed=1 arm=selfcheckgpt: per_fault={'ctx': True, 'concise': True} all_resolved=True n_resolved=2/2 tokens=(12347,491)
  N=2 real_hotpotqa_00075_5a89da93554299669944a5cc seed=1 arm=reflexion: per_fault={'ctx': True, 'concise': True} all_resolved=True n_resolved=2/2 tokens=(2104,287)
  N=2 real_hotpotqa_00075_5a89da93554299669944a5cc seed=1 arm=intro_specter: per_fault={'ctx': True, 'concise': True} all_resolved=True n_resolved=2/2 tokens=(4722,586)
  N=2 real_hotpotqa_00075_5a89da93554299669944a5cc seed=2 arm=direct: per_fault={'ctx': True, 'concise': True} all_resolved=True n_resolved=2/2 tokens=(2104,279)
  N=2 real_hotpotqa_00075_5a89da93554299669944a5cc seed=2 arm=self_refine: per_fault={'ctx': True, 'concise': True} all_resolved=True n_resolved=2/2 tokens=(4560,682)
  N=2 real_hotpotqa_00075_5a89da93554299669944a5cc seed=2 arm=full_regen: per_fault={'ctx': True, 'concise': True} all_resolved=True n_resolved=2/2 tokens=(4208,467)
  N=2 real_hotpotqa_00075_5a89da93554299669944a5cc seed=2 arm=react: per_fault={'ctx': True, 'concise': True} all_resolved=True n_resolved=2/2 tokens=(4261,986)
  N=2 real_hotpotqa_00075_5a89da93554299669944a5cc seed=2 arm=selfcheckgpt: per_fault={'ctx': True, 'concise': True} all_resolved=True n_resolved=2/2 tokens=(12351,473)
  N=2 real_hotpotqa_00075_5a89da93554299669944a5cc seed=2 arm=reflexion: per_fault={'ctx': True, 'concise': True} all_resolved=True n_resolved=2/2 tokens=(2104,279)
  N=2 real_hotpotqa_00075_5a89da93554299669944a5cc seed=2 arm=intro_specter: per_fault={'ctx': True, 'concise': True} all_resolved=True n_resolved=2/2 tokens=(4714,699)
  N=2 real_hotpotqa_00077_5ae12b6755429920d52342e4 seed=0 arm=direct: per_fault={'ctx': False, 'english': True} all_resolved=False n_resolved=1/2 tokens=(1804,127)
  N=2 real_hotpotqa_00077_5ae12b6755429920d52342e4 seed=0 arm=self_refine: per_fault={'ctx': False, 'english': True} all_resolved=False n_resolved=1/2 tokens=(3745,314)
  N=2 real_hotpotqa_00077_5ae12b6755429920d52342e4 seed=0 arm=full_regen: per_fault={'ctx': False, 'english': True} all_resolved=False n_resolved=1/2 tokens=(3608,238)
  N=2 real_hotpotqa_00077_5ae12b6755429920d52342e4 seed=0 arm=react: per_fault={'ctx': False, 'english': True} all_resolved=False n_resolved=1/2 tokens=(3661,562)
  N=2 real_hotpotqa_00077_5ae12b6755429920d52342e4 seed=0 arm=selfcheckgpt: per_fault={'ctx': False, 'english': True} all_resolved=False n_resolved=1/2 tokens=(10564,355)
  N=2 real_hotpotqa_00077_5ae12b6755429920d52342e4 seed=0 arm=reflexion: per_fault={'ctx': False, 'english': True} all_resolved=False n_resolved=1/2 tokens=(9819,566)
  N=2 real_hotpotqa_00077_5ae12b6755429920d52342e4 seed=0 arm=intro_specter: per_fault={'ctx': True, 'english': True} all_resolved=True n_resolved=2/2 tokens=(3899,438)
  N=2 real_hotpotqa_00077_5ae12b6755429920d52342e4 seed=1 arm=direct: per_fault={'ctx': False, 'english': True} all_resolved=False n_resolved=1/2 tokens=(1804,127)
  N=2 real_hotpotqa_00077_5ae12b6755429920d52342e4 seed=1 arm=self_refine: per_fault={'ctx': False, 'english': True} all_resolved=False n_resolved=1/2 tokens=(3745,314)
  N=2 real_hotpotqa_00077_5ae12b6755429920d52342e4 seed=1 arm=full_regen: per_fault={'ctx': False, 'english': True} all_resolved=False n_resolved=1/2 tokens=(3608,525)
  N=2 real_hotpotqa_00077_5ae12b6755429920d52342e4 seed=1 arm=react: per_fault={'ctx': False, 'english': True} all_resolved=False n_resolved=1/2 tokens=(3661,562)
  N=2 real_hotpotqa_00077_5ae12b6755429920d52342e4 seed=1 arm=selfcheckgpt: per_fault={'ctx': False, 'english': True} all_resolved=False n_resolved=1/2 tokens=(10554,337)
  N=2 real_hotpotqa_00077_5ae12b6755429920d52342e4 seed=1 arm=reflexion: per_fault={'ctx': False, 'english': True} all_resolved=False n_resolved=1/2 tokens=(9819,566)
  N=2 real_hotpotqa_00077_5ae12b6755429920d52342e4 seed=1 arm=intro_specter: per_fault={'ctx': True, 'english': True} all_resolved=True n_resolved=2/2 tokens=(3899,438)
  N=2 real_hotpotqa_00077_5ae12b6755429920d52342e4 seed=2 arm=direct: per_fault={'ctx': False, 'english': True} all_resolved=False n_resolved=1/2 tokens=(1804,106)
  N=2 real_hotpotqa_00077_5ae12b6755429920d52342e4 seed=2 arm=self_refine: per_fault={'ctx': False, 'english': True} all_resolved=False n_resolved=1/2 tokens=(3724,257)
  N=2 real_hotpotqa_00077_5ae12b6755429920d52342e4 seed=2 arm=full_regen: per_fault={'ctx': False, 'english': True} all_resolved=False n_resolved=1/2 tokens=(3608,275)
  N=2 real_hotpotqa_00077_5ae12b6755429920d52342e4 seed=2 arm=react: per_fault={'ctx': False, 'english': True} all_resolved=False n_resolved=1/2 tokens=(3661,580)
  N=2 real_hotpotqa_00077_5ae12b6755429920d52342e4 seed=2 arm=selfcheckgpt: per_fault={'ctx': False, 'english': True} all_resolved=False n_resolved=1/2 tokens=(10314,237)
  N=2 real_hotpotqa_00077_5ae12b6755429920d52342e4 seed=2 arm=reflexion: per_fault={'ctx': False, 'english': True} all_resolved=False n_resolved=1/2 tokens=(9718,502)
  N=2 real_hotpotqa_00077_5ae12b6755429920d52342e4 seed=2 arm=intro_specter: per_fault={'ctx': False, 'english': True} all_resolved=False n_resolved=1/2 tokens=(3878,469)
  N=2 real_hotpotqa_00080_5a77dbaf5542997042120b5b seed=0 arm=direct: per_fault={'ctx': False, 'english': True} all_resolved=False n_resolved=1/2 tokens=(1910,183)
  N=2 real_hotpotqa_00080_5a77dbaf5542997042120b5b seed=0 arm=self_refine: per_fault={'ctx': False, 'english': True} all_resolved=False n_resolved=1/2 tokens=(4070,625)
  N=2 real_hotpotqa_00080_5a77dbaf5542997042120b5b seed=0 arm=full_regen: per_fault={'ctx': False, 'english': True} all_resolved=False n_resolved=1/2 tokens=(3820,366)
  N=2 real_hotpotqa_00080_5a77dbaf5542997042120b5b seed=0 arm=react: per_fault={'ctx': False, 'english': True} all_resolved=False n_resolved=1/2 tokens=(3873,852)
  N=2 real_hotpotqa_00080_5a77dbaf5542997042120b5b seed=0 arm=selfcheckgpt: per_fault={'ctx': False, 'english': True} all_resolved=False n_resolved=1/2 tokens=(12938,303)
  N=2 real_hotpotqa_00080_5a77dbaf5542997042120b5b seed=0 arm=reflexion: per_fault={'ctx': False, 'english': True} all_resolved=False n_resolved=1/2 tokens=(10906,846)
  N=2 real_hotpotqa_00080_5a77dbaf5542997042120b5b seed=0 arm=intro_specter: per_fault={'ctx': False, 'english': True} all_resolved=False n_resolved=1/2 tokens=(4224,392)
  N=2 real_hotpotqa_00080_5a77dbaf5542997042120b5b seed=1 arm=direct: per_fault={'ctx': False, 'english': True} all_resolved=False n_resolved=1/2 tokens=(1910,183)
  N=2 real_hotpotqa_00080_5a77dbaf5542997042120b5b seed=1 arm=self_refine: per_fault={'ctx': False, 'english': True} all_resolved=False n_resolved=1/2 tokens=(4070,625)
  N=2 real_hotpotqa_00080_5a77dbaf5542997042120b5b seed=1 arm=full_regen: per_fault={'ctx': False, 'english': True} all_resolved=False n_resolved=1/2 tokens=(3820,333)
  N=2 real_hotpotqa_00080_5a77dbaf5542997042120b5b seed=1 arm=react: per_fault={'ctx': False, 'english': True} all_resolved=False n_resolved=1/2 tokens=(3873,852)
  N=2 real_hotpotqa_00080_5a77dbaf5542997042120b5b seed=1 arm=selfcheckgpt: per_fault={'ctx': False, 'english': True} all_resolved=False n_resolved=1/2 tokens=(12938,304)
  N=2 real_hotpotqa_00080_5a77dbaf5542997042120b5b seed=1 arm=reflexion: per_fault={'ctx': False, 'english': True} all_resolved=False n_resolved=1/2 tokens=(10906,846)
  N=2 real_hotpotqa_00080_5a77dbaf5542997042120b5b seed=1 arm=intro_specter: per_fault={'ctx': False, 'english': True} all_resolved=False n_resolved=1/2 tokens=(4224,392)
  N=2 real_hotpotqa_00080_5a77dbaf5542997042120b5b seed=2 arm=direct: per_fault={'ctx': False, 'english': True} all_resolved=False n_resolved=1/2 tokens=(1910,183)
  N=2 real_hotpotqa_00080_5a77dbaf5542997042120b5b seed=2 arm=self_refine: per_fault={'ctx': False, 'english': True} all_resolved=False n_resolved=1/2 tokens=(4070,620)
  N=2 real_hotpotqa_00080_5a77dbaf5542997042120b5b seed=2 arm=full_regen: per_fault={'ctx': False, 'english': True} all_resolved=False n_resolved=1/2 tokens=(3820,390)
  N=2 real_hotpotqa_00080_5a77dbaf5542997042120b5b seed=2 arm=react: per_fault={'ctx': False, 'english': True} all_resolved=False n_resolved=1/2 tokens=(3873,713)
  N=2 real_hotpotqa_00080_5a77dbaf5542997042120b5b seed=2 arm=selfcheckgpt: per_fault={'ctx': False, 'english': True} all_resolved=False n_resolved=1/2 tokens=(12938,302)
  N=2 real_hotpotqa_00080_5a77dbaf5542997042120b5b seed=2 arm=reflexion: per_fault={'ctx': False, 'english': True} all_resolved=False n_resolved=1/2 tokens=(10946,884)
  N=2 real_hotpotqa_00080_5a77dbaf5542997042120b5b seed=2 arm=intro_specter: per_fault={'ctx': False, 'english': True} all_resolved=False n_resolved=1/2 tokens=(4224,392)
  N=2 real_hotpotqa_00081_5a81cf64554299676cceb0ed seed=0 arm=direct: per_fault={'ctx': True, 'concise': True} all_resolved=True n_resolved=2/2 tokens=(1840,240)
  N=2 real_hotpotqa_00081_5a81cf64554299676cceb0ed seed=0 arm=self_refine: per_fault={'ctx': True, 'concise': True} all_resolved=True n_resolved=2/2 tokens=(3991,622)
  N=2 real_hotpotqa_00081_5a81cf64554299676cceb0ed seed=0 arm=full_regen: per_fault={'ctx': True, 'concise': True} all_resolved=True n_resolved=2/2 tokens=(3680,524)
  N=2 real_hotpotqa_00081_5a81cf64554299676cceb0ed seed=0 arm=react: per_fault={'ctx': True, 'concise': True} all_resolved=True n_resolved=2/2 tokens=(3733,932)
  N=2 real_hotpotqa_00081_5a81cf64554299676cceb0ed seed=0 arm=selfcheckgpt: per_fault={'ctx': True, 'concise': True} all_resolved=True n_resolved=2/2 tokens=(10751,432)
  N=2 real_hotpotqa_00081_5a81cf64554299676cceb0ed seed=0 arm=reflexion: per_fault={'ctx': True, 'concise': True} all_resolved=True n_resolved=2/2 tokens=(1840,240)
  N=2 real_hotpotqa_00081_5a81cf64554299676cceb0ed seed=0 arm=intro_specter: per_fault={'ctx': True, 'concise': True} all_resolved=True n_resolved=2/2 tokens=(4145,638)
  N=2 real_hotpotqa_00081_5a81cf64554299676cceb0ed seed=1 arm=direct: per_fault={'ctx': True, 'concise': True} all_resolved=True n_resolved=2/2 tokens=(1840,240)
  N=2 real_hotpotqa_00081_5a81cf64554299676cceb0ed seed=1 arm=self_refine: per_fault={'ctx': True, 'concise': True} all_resolved=True n_resolved=2/2 tokens=(3991,622)
  N=2 real_hotpotqa_00081_5a81cf64554299676cceb0ed seed=1 arm=full_regen: per_fault={'ctx': True, 'concise': False} all_resolved=False n_resolved=1/2 tokens=(3680,536)
  N=2 real_hotpotqa_00081_5a81cf64554299676cceb0ed seed=1 arm=react: per_fault={'ctx': True, 'concise': True} all_resolved=True n_resolved=2/2 tokens=(3733,932)
  N=2 real_hotpotqa_00081_5a81cf64554299676cceb0ed seed=1 arm=selfcheckgpt: per_fault={'ctx': True, 'concise': True} all_resolved=True n_resolved=2/2 tokens=(10752,436)
  N=2 real_hotpotqa_00081_5a81cf64554299676cceb0ed seed=1 arm=reflexion: per_fault={'ctx': True, 'concise': True} all_resolved=True n_resolved=2/2 tokens=(1840,240)
  N=2 real_hotpotqa_00081_5a81cf64554299676cceb0ed seed=1 arm=intro_specter: per_fault={'ctx': True, 'concise': True} all_resolved=True n_resolved=2/2 tokens=(4145,638)
  N=2 real_hotpotqa_00081_5a81cf64554299676cceb0ed seed=2 arm=direct: per_fault={'ctx': True, 'concise': True} all_resolved=True n_resolved=2/2 tokens=(1840,244)
  N=2 real_hotpotqa_00081_5a81cf64554299676cceb0ed seed=2 arm=self_refine: per_fault={'ctx': True, 'concise': True} all_resolved=True n_resolved=2/2 tokens=(3995,666)
  N=2 real_hotpotqa_00081_5a81cf64554299676cceb0ed seed=2 arm=full_regen: per_fault={'ctx': True, 'concise': True} all_resolved=True n_resolved=2/2 tokens=(3680,454)
  N=2 real_hotpotqa_00081_5a81cf64554299676cceb0ed seed=2 arm=react: per_fault={'ctx': True, 'concise': True} all_resolved=True n_resolved=2/2 tokens=(3733,1019)
  N=2 real_hotpotqa_00081_5a81cf64554299676cceb0ed seed=2 arm=selfcheckgpt: per_fault={'ctx': True, 'concise': False} all_resolved=False n_resolved=1/2 tokens=(12536,477)
  N=2 real_hotpotqa_00081_5a81cf64554299676cceb0ed seed=2 arm=reflexion: per_fault={'ctx': True, 'concise': True} all_resolved=True n_resolved=2/2 tokens=(1840,244)
  N=2 real_hotpotqa_00081_5a81cf64554299676cceb0ed seed=2 arm=intro_specter: per_fault={'ctx': True, 'concise': True} all_resolved=True n_resolved=2/2 tokens=(4149,626)
  N=2 real_hotpotqa_00083_5a73d33e5542992d56e7e3a9 seed=0 arm=direct: per_fault={'ctx': True, 'concise': True} all_resolved=True n_resolved=2/2 tokens=(1888,185)
  N=2 real_hotpotqa_00083_5a73d33e5542992d56e7e3a9 seed=0 arm=self_refine: per_fault={'ctx': True, 'concise': False} all_resolved=False n_resolved=1/2 tokens=(4015,556)
  N=2 real_hotpotqa_00083_5a73d33e5542992d56e7e3a9 seed=0 arm=full_regen: per_fault={'ctx': True, 'concise': True} all_resolved=True n_resolved=2/2 tokens=(3776,373)
  N=2 real_hotpotqa_00083_5a73d33e5542992d56e7e3a9 seed=0 arm=react: per_fault={'ctx': True, 'concise': True} all_resolved=True n_resolved=2/2 tokens=(3829,736)
  N=2 real_hotpotqa_00083_5a73d33e5542992d56e7e3a9 seed=0 arm=selfcheckgpt: per_fault={'ctx': True, 'concise': True} all_resolved=True n_resolved=2/2 tokens=(12859,418)
  N=2 real_hotpotqa_00083_5a73d33e5542992d56e7e3a9 seed=0 arm=reflexion: per_fault={'ctx': True, 'concise': True} all_resolved=True n_resolved=2/2 tokens=(1888,185)
  N=2 real_hotpotqa_00083_5a73d33e5542992d56e7e3a9 seed=0 arm=intro_specter: per_fault={'ctx': True, 'concise': True} all_resolved=True n_resolved=2/2 tokens=(4169,474)
  N=2 real_hotpotqa_00083_5a73d33e5542992d56e7e3a9 seed=1 arm=direct: per_fault={'ctx': True, 'concise': True} all_resolved=True n_resolved=2/2 tokens=(1888,185)
  N=2 real_hotpotqa_00083_5a73d33e5542992d56e7e3a9 seed=1 arm=self_refine: per_fault={'ctx': True, 'concise': False} all_resolved=False n_resolved=1/2 tokens=(4015,556)
  N=2 real_hotpotqa_00083_5a73d33e5542992d56e7e3a9 seed=1 arm=full_regen: per_fault={'ctx': True, 'concise': False} all_resolved=False n_resolved=1/2 tokens=(3776,436)
  N=2 real_hotpotqa_00083_5a73d33e5542992d56e7e3a9 seed=1 arm=react: per_fault={'ctx': True, 'concise': True} all_resolved=True n_resolved=2/2 tokens=(3829,736)
  N=2 real_hotpotqa_00083_5a73d33e5542992d56e7e3a9 seed=1 arm=selfcheckgpt: per_fault={'ctx': True, 'concise': True} all_resolved=True n_resolved=2/2 tokens=(11041,398)
  N=2 real_hotpotqa_00083_5a73d33e5542992d56e7e3a9 seed=1 arm=reflexion: per_fault={'ctx': True, 'concise': True} all_resolved=True n_resolved=2/2 tokens=(1888,185)
  N=2 real_hotpotqa_00083_5a73d33e5542992d56e7e3a9 seed=1 arm=intro_specter: per_fault={'ctx': True, 'concise': True} all_resolved=True n_resolved=2/2 tokens=(4169,474)
  N=2 real_hotpotqa_00083_5a73d33e5542992d56e7e3a9 seed=2 arm=direct: per_fault={'ctx': True, 'concise': True} all_resolved=True n_resolved=2/2 tokens=(1888,249)
  N=2 real_hotpotqa_00083_5a73d33e5542992d56e7e3a9 seed=2 arm=self_refine: per_fault={'ctx': True, 'concise': True} all_resolved=True n_resolved=2/2 tokens=(4155,837)
  N=2 real_hotpotqa_00083_5a73d33e5542992d56e7e3a9 seed=2 arm=full_regen: per_fault={'ctx': True, 'concise': True} all_resolved=True n_resolved=2/2 tokens=(3776,380)
  N=2 real_hotpotqa_00083_5a73d33e5542992d56e7e3a9 seed=2 arm=react: per_fault={'ctx': True, 'concise': True} all_resolved=True n_resolved=2/2 tokens=(3829,706)
  N=2 real_hotpotqa_00083_5a73d33e5542992d56e7e3a9 seed=2 arm=selfcheckgpt: per_fault={'ctx': True, 'concise': True} all_resolved=True n_resolved=2/2 tokens=(11039,479)
  N=2 real_hotpotqa_00083_5a73d33e5542992d56e7e3a9 seed=2 arm=reflexion: per_fault={'ctx': True, 'concise': True} all_resolved=True n_resolved=2/2 tokens=(1888,249)
  N=2 real_hotpotqa_00083_5a73d33e5542992d56e7e3a9 seed=2 arm=intro_specter: per_fault={'ctx': True, 'concise': True} all_resolved=True n_resolved=2/2 tokens=(4309,641)
  N=2 real_hotpotqa_00086_5ab9631a55429970cfb8eaad seed=0 arm=direct: per_fault={'ctx': True, 'concise': False} all_resolved=False n_resolved=1/2 tokens=(2177,175)
  N=2 real_hotpotqa_00086_5ab9631a55429970cfb8eaad seed=0 arm=self_refine: per_fault={'ctx': True, 'concise': False} all_resolved=False n_resolved=1/2 tokens=(4571,539)
  N=2 real_hotpotqa_00086_5ab9631a55429970cfb8eaad seed=0 arm=full_regen: per_fault={'ctx': True, 'concise': False} all_resolved=False n_resolved=1/2 tokens=(4354,457)
  N=2 real_hotpotqa_00086_5ab9631a55429970cfb8eaad seed=0 arm=react: per_fault={'ctx': False, 'concise': False} all_resolved=False n_resolved=0/2 tokens=(4407,860)
  N=2 real_hotpotqa_00086_5ab9631a55429970cfb8eaad seed=0 arm=selfcheckgpt: per_fault={'ctx': True, 'concise': False} all_resolved=False n_resolved=1/2 tokens=(12958,531)
  N=2 real_hotpotqa_00086_5ab9631a55429970cfb8eaad seed=0 arm=reflexion: per_fault={'ctx': True, 'concise': False} all_resolved=False n_resolved=1/2 tokens=(2177,175)
  N=2 real_hotpotqa_00086_5ab9631a55429970cfb8eaad seed=0 arm=intro_specter: per_fault={'ctx': True, 'concise': False} all_resolved=False n_resolved=1/2 tokens=(4725,316)
  N=2 real_hotpotqa_00086_5ab9631a55429970cfb8eaad seed=1 arm=direct: per_fault={'ctx': True, 'concise': False} all_resolved=False n_resolved=1/2 tokens=(2177,175)
  N=2 real_hotpotqa_00086_5ab9631a55429970cfb8eaad seed=1 arm=self_refine: per_fault={'ctx': True, 'concise': False} all_resolved=False n_resolved=1/2 tokens=(4571,539)
  N=2 real_hotpotqa_00086_5ab9631a55429970cfb8eaad seed=1 arm=full_regen: per_fault={'ctx': True, 'concise': True} all_resolved=True n_resolved=2/2 tokens=(4354,462)
  N=2 real_hotpotqa_00086_5ab9631a55429970cfb8eaad seed=1 arm=react: per_fault={'ctx': False, 'concise': False} all_resolved=False n_resolved=0/2 tokens=(4407,860)
  N=2 real_hotpotqa_00086_5ab9631a55429970cfb8eaad seed=1 arm=selfcheckgpt: per_fault={'ctx': True, 'concise': False} all_resolved=False n_resolved=1/2 tokens=(12885,457)
  N=2 real_hotpotqa_00086_5ab9631a55429970cfb8eaad seed=1 arm=reflexion: per_fault={'ctx': True, 'concise': False} all_resolved=False n_resolved=1/2 tokens=(2177,175)
  N=2 real_hotpotqa_00086_5ab9631a55429970cfb8eaad seed=1 arm=intro_specter: per_fault={'ctx': True, 'concise': False} all_resolved=False n_resolved=1/2 tokens=(4725,316)
  N=2 real_hotpotqa_00086_5ab9631a55429970cfb8eaad seed=2 arm=direct: per_fault={'ctx': False, 'concise': False} all_resolved=False n_resolved=0/2 tokens=(2177,259)
  N=2 real_hotpotqa_00086_5ab9631a55429970cfb8eaad seed=2 arm=self_refine: per_fault={'ctx': False, 'concise': False} all_resolved=False n_resolved=0/2 tokens=(4674,792)
  N=2 real_hotpotqa_00086_5ab9631a55429970cfb8eaad seed=2 arm=full_regen: per_fault={'ctx': True, 'concise': False} all_resolved=False n_resolved=1/2 tokens=(4354,374)
  N=2 real_hotpotqa_00086_5ab9631a55429970cfb8eaad seed=2 arm=react: per_fault={'ctx': False, 'concise': False} all_resolved=False n_resolved=0/2 tokens=(4407,752)
  N=2 real_hotpotqa_00086_5ab9631a55429970cfb8eaad seed=2 arm=selfcheckgpt: per_fault={'ctx': False, 'concise': False} all_resolved=False n_resolved=0/2 tokens=(12868,518)
  N=2 real_hotpotqa_00086_5ab9631a55429970cfb8eaad seed=2 arm=reflexion: per_fault={'ctx': False, 'concise': False} all_resolved=False n_resolved=0/2 tokens=(12647,1110)
  N=2 real_hotpotqa_00086_5ab9631a55429970cfb8eaad seed=2 arm=intro_specter: per_fault={'ctx': True, 'concise': True} all_resolved=True n_resolved=2/2 tokens=(4828,604)

--- run summary (N=2, model=qwen-2.5-7b) ---
rows written: 1260  errors: 0
total tokens_input=6226156  total tokens_output=646602  grand_total=6872758
