Building 48 native-multi-fault (N=4) amazon examples (bench_seed=42)...
[INFO] scan skipped 0 rows (no price), 4 rows (< 4 faultable slots)
Built 48 examples. seeds=[0, 1, 2], model=llama-3.3-70b, arms=['direct', 'self_refine', 'full_regen', 'react', 'selfcheckgpt', 'reflexion', 'intro_specter']
  N=4 amz_nonsynth_mf4_000001 seed=0 arm=direct: per_fault={'price': False, 'brand': False, 'category': False, 'feature': False} all_resolved=False n_resolved=0/4 tokens=(724,357)
  N=4 amz_nonsynth_mf4_000001 seed=0 arm=self_refine: per_fault={'price': False, 'brand': False, 'category': False, 'feature': False} all_resolved=False n_resolved=0/4 tokens=(1877,1006)
  N=4 amz_nonsynth_mf4_000001 seed=0 arm=full_regen: per_fault={'price': False, 'brand': False, 'category': False, 'feature': False} all_resolved=False n_resolved=0/4 tokens=(1448,867)
  N=4 amz_nonsynth_mf4_000001 seed=0 arm=react: per_fault={'price': False, 'brand': False, 'category': False, 'feature': False} all_resolved=False n_resolved=0/4 tokens=(1501,961)
  N=4 amz_nonsynth_mf4_000001 seed=0 arm=selfcheckgpt: per_fault={'price': False, 'brand': False, 'category': False, 'feature': False} all_resolved=False n_resolved=0/4 tokens=(5166,793)
  N=4 amz_nonsynth_mf4_000001 seed=0 arm=reflexion: per_fault={'price': False, 'brand': False, 'category': False, 'feature': False} all_resolved=False n_resolved=0/4 tokens=(5381,612)
  N=4 amz_nonsynth_mf4_000001 seed=0 arm=intro_specter: per_fault={'price': True, 'brand': False, 'category': False, 'feature': False} all_resolved=False n_resolved=1/4 tokens=(2031,549)
  N=4 amz_nonsynth_mf4_000001 seed=1 arm=direct: per_fault={'price': False, 'brand': False, 'category': False, 'feature': False} all_resolved=False n_resolved=0/4 tokens=(724,320)
  N=4 amz_nonsynth_mf4_000001 seed=1 arm=self_refine: per_fault={'price': False, 'brand': False, 'category': False, 'feature': False} all_resolved=False n_resolved=0/4 tokens=(1840,907)
  N=4 amz_nonsynth_mf4_000001 seed=1 arm=full_regen: per_fault={'price': False, 'brand': False, 'category': False, 'feature': False} all_resolved=False n_resolved=0/4 tokens=(1448,680)
  N=4 amz_nonsynth_mf4_000001 seed=1 arm=react: per_fault={'price': False, 'brand': False, 'category': False, 'feature': False} all_resolved=False n_resolved=0/4 tokens=(1501,870)
  N=4 amz_nonsynth_mf4_000001 seed=1 arm=selfcheckgpt: per_fault={'price': False, 'brand': False, 'category': False, 'feature': False} all_resolved=False n_resolved=0/4 tokens=(4136,572)
  N=4 amz_nonsynth_mf4_000001 seed=1 arm=reflexion: per_fault={'price': False, 'brand': False, 'category': False, 'feature': False} all_resolved=False n_resolved=0/4 tokens=(5297,625)
  N=4 amz_nonsynth_mf4_000001 seed=1 arm=intro_specter: per_fault={'price': True, 'brand': False, 'category': False, 'feature': False} all_resolved=False n_resolved=1/4 tokens=(1994,545)
  N=4 amz_nonsynth_mf4_000001 seed=2 arm=direct: per_fault={'price': False, 'brand': False, 'category': False, 'feature': False} all_resolved=False n_resolved=0/4 tokens=(724,490)
  N=4 amz_nonsynth_mf4_000001 seed=2 arm=self_refine: per_fault={'price': False, 'brand': False, 'category': False, 'feature': False} all_resolved=False n_resolved=0/4 tokens=(2052,1314)
  N=4 amz_nonsynth_mf4_000001 seed=2 arm=full_regen: per_fault={'price': False, 'brand': False, 'category': False, 'feature': False} all_resolved=False n_resolved=0/4 tokens=(1448,880)
  N=4 amz_nonsynth_mf4_000001 seed=2 arm=react: per_fault={'price': False, 'brand': False, 'category': False, 'feature': False} all_resolved=False n_resolved=0/4 tokens=(1501,1120)
  N=4 amz_nonsynth_mf4_000001 seed=2 arm=selfcheckgpt: per_fault={'price': False, 'brand': False, 'category': False, 'feature': False} all_resolved=False n_resolved=0/4 tokens=(5121,845)
  N=4 amz_nonsynth_mf4_000001 seed=2 arm=reflexion: per_fault={'price': False, 'brand': False, 'category': False, 'feature': False} all_resolved=False n_resolved=0/4 tokens=(5936,731)
  N=4 amz_nonsynth_mf4_000001 seed=2 arm=intro_specter: per_fault={'price': False, 'brand': False, 'category': False, 'feature': False} all_resolved=False n_resolved=0/4 tokens=(2206,819)
  N=4 amz_nonsynth_mf4_000002 seed=0 arm=direct: per_fault={'price': True, 'brand': False, 'category': False, 'feature': False} all_resolved=False n_resolved=1/4 tokens=(738,379)
  N=4 amz_nonsynth_mf4_000002 seed=0 arm=self_refine: per_fault={'price': True, 'brand': True, 'category': True, 'feature': True} all_resolved=True n_resolved=4/4 tokens=(1927,1035)
  N=4 amz_nonsynth_mf4_000002 seed=0 arm=full_regen: per_fault={'price': False, 'brand': False, 'category': False, 'feature': False} all_resolved=False n_resolved=0/4 tokens=(1476,794)
  N=4 amz_nonsynth_mf4_000002 seed=0 arm=react: per_fault={'price': False, 'brand': False, 'category': False, 'feature': False} all_resolved=False n_resolved=0/4 tokens=(1529,906)
  N=4 amz_nonsynth_mf4_000002 seed=0 arm=selfcheckgpt: per_fault={'price': True, 'brand': False, 'category': False, 'feature': False} all_resolved=False n_resolved=1/4 tokens=(5304,795)
  N=4 amz_nonsynth_mf4_000002 seed=0 arm=reflexion: per_fault={'price': True, 'brand': True, 'category': True, 'feature': True} all_resolved=True n_resolved=4/4 tokens=(3289,1018)
  N=4 amz_nonsynth_mf4_000002 seed=0 arm=intro_specter: per_fault={'price': True, 'brand': True, 'category': True, 'feature': True} all_resolved=True n_resolved=4/4 tokens=(2081,658)
  N=4 amz_nonsynth_mf4_000002 seed=1 arm=direct: per_fault={'price': False, 'brand': False, 'category': False, 'feature': False} all_resolved=False n_resolved=0/4 tokens=(738,357)
  N=4 amz_nonsynth_mf4_000002 seed=1 arm=self_refine: per_fault={'price': True, 'brand': True, 'category': True, 'feature': False} all_resolved=False n_resolved=3/4 tokens=(1905,984)
  N=4 amz_nonsynth_mf4_000002 seed=1 arm=full_regen: per_fault={'price': False, 'brand': True, 'category': False, 'feature': False} all_resolved=False n_resolved=1/4 tokens=(1476,843)
  N=4 amz_nonsynth_mf4_000002 seed=1 arm=react: per_fault={'price': False, 'brand': False, 'category': False, 'feature': False} all_resolved=False n_resolved=0/4 tokens=(1529,876)
  N=4 amz_nonsynth_mf4_000002 seed=1 arm=selfcheckgpt: per_fault={'price': False, 'brand': True, 'category': True, 'feature': True} all_resolved=False n_resolved=3/4 tokens=(5324,807)
  N=4 amz_nonsynth_mf4_000002 seed=1 arm=reflexion: per_fault={'price': False, 'brand': False, 'category': False, 'feature': False} all_resolved=False n_resolved=0/4 tokens=(5498,611)
  N=4 amz_nonsynth_mf4_000002 seed=1 arm=intro_specter: per_fault={'price': True, 'brand': True, 'category': True, 'feature': True} all_resolved=True n_resolved=4/4 tokens=(2059,582)
  N=4 amz_nonsynth_mf4_000002 seed=2 arm=direct: per_fault={'price': False, 'brand': False, 'category': False, 'feature': False} all_resolved=False n_resolved=0/4 tokens=(738,363)
  N=4 amz_nonsynth_mf4_000002 seed=2 arm=self_refine: per_fault={'price': False, 'brand': False, 'category': False, 'feature': False} all_resolved=False n_resolved=0/4 tokens=(1911,1087)
  N=4 amz_nonsynth_mf4_000002 seed=2 arm=full_regen: per_fault={'price': True, 'brand': False, 'category': False, 'feature': False} all_resolved=False n_resolved=1/4 tokens=(1476,702)
  N=4 amz_nonsynth_mf4_000002 seed=2 arm=react: per_fault={'price': False, 'brand': False, 'category': False, 'feature': False} all_resolved=False n_resolved=0/4 tokens=(1529,1014)
  N=4 amz_nonsynth_mf4_000002 seed=2 arm=selfcheckgpt: per_fault={'price': False, 'brand': True, 'category': False, 'feature': False} all_resolved=False n_resolved=1/4 tokens=(5318,771)
  N=4 amz_nonsynth_mf4_000002 seed=2 arm=reflexion: per_fault={'price': False, 'brand': False, 'category': False, 'feature': False} all_resolved=False n_resolved=0/4 tokens=(5498,585)
  N=4 amz_nonsynth_mf4_000002 seed=2 arm=intro_specter: per_fault={'price': True, 'brand': True, 'category': True, 'feature': True} all_resolved=True n_resolved=4/4 tokens=(2065,653)
  N=4 amz_nonsynth_mf4_000003 seed=0 arm=direct: per_fault={'price': False, 'brand': False, 'category': False, 'feature': False} all_resolved=False n_resolved=0/4 tokens=(728,497)
  N=4 amz_nonsynth_mf4_000003 seed=0 arm=self_refine: per_fault={'price': False, 'brand': False, 'category': False, 'feature': False} all_resolved=False n_resolved=0/4 tokens=(2088,1259)
  N=4 amz_nonsynth_mf4_000003 seed=0 arm=full_regen: per_fault={'price': False, 'brand': False, 'category': False, 'feature': False} all_resolved=False n_resolved=0/4 tokens=(1456,845)
  N=4 amz_nonsynth_mf4_000003 seed=0 arm=react: per_fault={'price': False, 'brand': False, 'category': False, 'feature': False} all_resolved=False n_resolved=0/4 tokens=(1509,1099)
  N=4 amz_nonsynth_mf4_000003 seed=0 arm=selfcheckgpt: per_fault={'price': False, 'brand': True, 'category': True, 'feature': False} all_resolved=False n_resolved=2/4 tokens=(5297,1066)
  N=4 amz_nonsynth_mf4_000003 seed=0 arm=reflexion: per_fault={'price': False, 'brand': False, 'category': False, 'feature': False} all_resolved=False n_resolved=0/4 tokens=(6080,746)
  N=4 amz_nonsynth_mf4_000003 seed=0 arm=intro_specter: per_fault={'price': True, 'brand': True, 'category': True, 'feature': True} all_resolved=True n_resolved=4/4 tokens=(2242,1193)
  N=4 amz_nonsynth_mf4_000003 seed=1 arm=direct: per_fault={'price': False, 'brand': False, 'category': False, 'feature': False} all_resolved=False n_resolved=0/4 tokens=(728,378)
  N=4 amz_nonsynth_mf4_000003 seed=1 arm=self_refine: per_fault={'price': False, 'brand': False, 'category': False, 'feature': False} all_resolved=False n_resolved=0/4 tokens=(1906,968)
  N=4 amz_nonsynth_mf4_000003 seed=1 arm=full_regen: per_fault={'price': False, 'brand': False, 'category': False, 'feature': False} all_resolved=False n_resolved=0/4 tokens=(1456,915)
  N=4 amz_nonsynth_mf4_000003 seed=1 arm=react: per_fault={'price': False, 'brand': False, 'category': False, 'feature': False} all_resolved=False n_resolved=0/4 tokens=(1509,997)
  N=4 amz_nonsynth_mf4_000003 seed=1 arm=selfcheckgpt: per_fault={'price': True, 'brand': True, 'category': True, 'feature': False} all_resolved=False n_resolved=3/4 tokens=(5026,902)
  N=4 amz_nonsynth_mf4_000003 seed=1 arm=reflexion: per_fault={'price': True, 'brand': True, 'category': True, 'feature': True} all_resolved=True n_resolved=4/4 tokens=(3289,1004)
  N=4 amz_nonsynth_mf4_000003 seed=1 arm=intro_specter: per_fault={'price': True, 'brand': True, 'category': True, 'feature': True} all_resolved=True n_resolved=4/4 tokens=(2060,807)
  N=4 amz_nonsynth_mf4_000003 seed=2 arm=direct: per_fault={'price': False, 'brand': False, 'category': False, 'feature': False} all_resolved=False n_resolved=0/4 tokens=(728,416)
  N=4 amz_nonsynth_mf4_000003 seed=2 arm=self_refine: per_fault={'price': False, 'brand': False, 'category': False, 'feature': False} all_resolved=False n_resolved=0/4 tokens=(1944,1054)
  N=4 amz_nonsynth_mf4_000003 seed=2 arm=full_regen: per_fault={'price': False, 'brand': False, 'category': False, 'feature': False} all_resolved=False n_resolved=0/4 tokens=(1456,868)
  N=4 amz_nonsynth_mf4_000003 seed=2 arm=react: per_fault={'price': False, 'brand': False, 'category': False, 'feature': False} all_resolved=False n_resolved=0/4 tokens=(1509,1031)
  N=4 amz_nonsynth_mf4_000003 seed=2 arm=selfcheckgpt: per_fault={'price': False, 'brand': True, 'category': True, 'feature': True} all_resolved=False n_resolved=3/4 tokens=(4944,882)
  N=4 amz_nonsynth_mf4_000003 seed=2 arm=reflexion: per_fault={'price': False, 'brand': False, 'category': False, 'feature': False} all_resolved=False n_resolved=0/4 tokens=(5547,648)
  N=4 amz_nonsynth_mf4_000003 seed=2 arm=intro_specter: per_fault={'price': False, 'brand': True, 'category': False, 'feature': False} all_resolved=False n_resolved=1/4 tokens=(2098,955)
  N=4 amz_nonsynth_mf4_000004 seed=0 arm=direct: per_fault={'price': False, 'brand': False, 'category': False, 'feature': False} all_resolved=False n_resolved=0/4 tokens=(736,357)
  N=4 amz_nonsynth_mf4_000004 seed=0 arm=self_refine: per_fault={'price': False, 'brand': False, 'category': False, 'feature': False} all_resolved=False n_resolved=0/4 tokens=(1964,1002)
  N=4 amz_nonsynth_mf4_000004 seed=0 arm=full_regen: per_fault={'price': False, 'brand': False, 'category': False, 'feature': False} all_resolved=False n_resolved=0/4 tokens=(1472,669)
  N=4 amz_nonsynth_mf4_000004 seed=0 arm=react: per_fault={'price': False, 'brand': False, 'category': False, 'feature': False} all_resolved=False n_resolved=0/4 tokens=(1525,886)
  N=4 amz_nonsynth_mf4_000004 seed=0 arm=selfcheckgpt: per_fault={'price': False, 'brand': True, 'category': True, 'feature': False} all_resolved=False n_resolved=2/4 tokens=(5207,752)
  N=4 amz_nonsynth_mf4_000004 seed=0 arm=reflexion: per_fault={'price': False, 'brand': False, 'category': False, 'feature': False} all_resolved=False n_resolved=0/4 tokens=(6670,1127)
  N=4 amz_nonsynth_mf4_000004 seed=0 arm=intro_specter: per_fault={'price': True, 'brand': True, 'category': True, 'feature': True} all_resolved=True n_resolved=4/4 tokens=(2118,694)
  N=4 amz_nonsynth_mf4_000004 seed=1 arm=direct: per_fault={'price': False, 'brand': False, 'category': False, 'feature': False} all_resolved=False n_resolved=0/4 tokens=(736,357)
  N=4 amz_nonsynth_mf4_000004 seed=1 arm=self_refine: per_fault={'price': False, 'brand': False, 'category': False, 'feature': False} all_resolved=False n_resolved=0/4 tokens=(1964,1094)
  N=4 amz_nonsynth_mf4_000004 seed=1 arm=full_regen: per_fault={'price': False, 'brand': False, 'category': False, 'feature': False} all_resolved=False n_resolved=0/4 tokens=(1472,693)
  N=4 amz_nonsynth_mf4_000004 seed=1 arm=react: per_fault={'price': False, 'brand': False, 'category': False, 'feature': False} all_resolved=False n_resolved=0/4 tokens=(1525,915)
  N=4 amz_nonsynth_mf4_000004 seed=1 arm=selfcheckgpt: per_fault={'price': False, 'brand': True, 'category': True, 'feature': True} all_resolved=False n_resolved=3/4 tokens=(5240,748)
  N=4 amz_nonsynth_mf4_000004 seed=1 arm=reflexion: per_fault={'price': False, 'brand': False, 'category': False, 'feature': False} all_resolved=False n_resolved=0/4 tokens=(6658,1126)
  N=4 amz_nonsynth_mf4_000004 seed=1 arm=intro_specter: per_fault={'price': True, 'brand': True, 'category': True, 'feature': False} all_resolved=False n_resolved=3/4 tokens=(2118,749)
  N=4 amz_nonsynth_mf4_000004 seed=2 arm=direct: per_fault={'price': False, 'brand': False, 'category': False, 'feature': False} all_resolved=False n_resolved=0/4 tokens=(736,425)
  N=4 amz_nonsynth_mf4_000004 seed=2 arm=self_refine: per_fault={'price': False, 'brand': False, 'category': False, 'feature': False} all_resolved=False n_resolved=0/4 tokens=(2087,1257)
  N=4 amz_nonsynth_mf4_000004 seed=2 arm=full_regen: per_fault={'price': False, 'brand': False, 'category': False, 'feature': False} all_resolved=False n_resolved=0/4 tokens=(1472,903)
  N=4 amz_nonsynth_mf4_000004 seed=2 arm=react: per_fault={'price': False, 'brand': False, 'category': False, 'feature': False} all_resolved=False n_resolved=0/4 tokens=(1525,1085)
  N=4 amz_nonsynth_mf4_000004 seed=2 arm=selfcheckgpt: per_fault={'price': False, 'brand': True, 'category': True, 'feature': True} all_resolved=False n_resolved=3/4 tokens=(5251,860)
  N=4 amz_nonsynth_mf4_000004 seed=2 arm=reflexion: per_fault={'price': False, 'brand': False, 'category': False, 'feature': False} all_resolved=False n_resolved=0/4 tokens=(7360,1352)
  N=4 amz_nonsynth_mf4_000004 seed=2 arm=intro_specter: per_fault={'price': True, 'brand': True, 'category': True, 'feature': True} all_resolved=True n_resolved=4/4 tokens=(2241,948)
  N=4 amz_nonsynth_mf4_000005 seed=0 arm=direct: per_fault={'price': False, 'brand': False, 'category': False, 'feature': False} all_resolved=False n_resolved=0/4 tokens=(751,501)
  N=4 amz_nonsynth_mf4_000005 seed=0 arm=self_refine: per_fault={'price': False, 'brand': False, 'category': False, 'feature': False} all_resolved=False n_resolved=0/4 tokens=(2138,1321)
  N=4 amz_nonsynth_mf4_000005 seed=0 arm=full_regen: per_fault={'price': False, 'brand': False, 'category': False, 'feature': False} all_resolved=False n_resolved=0/4 tokens=(1502,1003)
  N=4 amz_nonsynth_mf4_000005 seed=0 arm=react: per_fault={'price': False, 'brand': False, 'category': False, 'feature': False} all_resolved=False n_resolved=0/4 tokens=(1555,1097)
  N=4 amz_nonsynth_mf4_000005 seed=0 arm=selfcheckgpt: per_fault={'price': False, 'brand': False, 'category': False, 'feature': False} all_resolved=False n_resolved=0/4 tokens=(5933,1099)
  N=4 amz_nonsynth_mf4_000005 seed=0 arm=reflexion: per_fault={'price': False, 'brand': False, 'category': False, 'feature': False} all_resolved=False n_resolved=0/4 tokens=(6199,743)
  N=4 amz_nonsynth_mf4_000005 seed=0 arm=intro_specter: per_fault={'price': False, 'brand': False, 'category': False, 'feature': False} all_resolved=False n_resolved=0/4 tokens=(2292,996)
  N=4 amz_nonsynth_mf4_000005 seed=1 arm=direct: per_fault={'price': False, 'brand': False, 'category': False, 'feature': False} all_resolved=False n_resolved=0/4 tokens=(751,393)
  N=4 amz_nonsynth_mf4_000005 seed=1 arm=self_refine: per_fault={'price': False, 'brand': False, 'category': False, 'feature': False} all_resolved=False n_resolved=0/4 tokens=(1967,980)
  N=4 amz_nonsynth_mf4_000005 seed=1 arm=full_regen: per_fault={'price': False, 'brand': False, 'category': False, 'feature': False} all_resolved=False n_resolved=0/4 tokens=(1502,786)
  N=4 amz_nonsynth_mf4_000005 seed=1 arm=react: per_fault={'price': False, 'brand': False, 'category': False, 'feature': False} all_resolved=False n_resolved=0/4 tokens=(1555,982)
  N=4 amz_nonsynth_mf4_000005 seed=1 arm=selfcheckgpt: per_fault={'price': False, 'brand': True, 'category': True, 'feature': False} all_resolved=False n_resolved=2/4 tokens=(5257,1001)
  N=4 amz_nonsynth_mf4_000005 seed=1 arm=reflexion: per_fault={'price': False, 'brand': False, 'category': False, 'feature': False} all_resolved=False n_resolved=0/4 tokens=(5717,627)
  N=4 amz_nonsynth_mf4_000005 seed=1 arm=intro_specter: per_fault={'price': False, 'brand': False, 'category': False, 'feature': False} all_resolved=False n_resolved=0/4 tokens=(2121,810)
  N=4 amz_nonsynth_mf4_000005 seed=2 arm=direct: per_fault={'price': False, 'brand': False, 'category': False, 'feature': False} all_resolved=False n_resolved=0/4 tokens=(751,485)
  N=4 amz_nonsynth_mf4_000005 seed=2 arm=self_refine: per_fault={'price': False, 'brand': False, 'category': False, 'feature': False} all_resolved=False n_resolved=0/4 tokens=(2150,1390)
  N=4 amz_nonsynth_mf4_000005 seed=2 arm=full_regen: per_fault={'price': False, 'brand': False, 'category': False, 'feature': False} all_resolved=False n_resolved=0/4 tokens=(1502,934)
  N=4 amz_nonsynth_mf4_000005 seed=2 arm=react: per_fault={'price': False, 'brand': False, 'category': False, 'feature': False} all_resolved=False n_resolved=0/4 tokens=(1555,1146)
  N=4 amz_nonsynth_mf4_000005 seed=2 arm=selfcheckgpt: per_fault={'price': False, 'brand': False, 'category': False, 'feature': False} all_resolved=False n_resolved=0/4 tokens=(5582,1021)
  N=4 amz_nonsynth_mf4_000005 seed=2 arm=reflexion: per_fault={'price': True, 'brand': True, 'category': True, 'feature': False} all_resolved=False n_resolved=3/4 tokens=(6264,1377)
  N=4 amz_nonsynth_mf4_000005 seed=2 arm=intro_specter: per_fault={'price': False, 'brand': False, 'category': False, 'feature': False} all_resolved=False n_resolved=0/4 tokens=(2304,1053)
  N=4 amz_nonsynth_mf4_000006 seed=0 arm=direct: per_fault={'price': False, 'brand': False, 'category': False, 'feature': False} all_resolved=False n_resolved=0/4 tokens=(747,398)
  N=4 amz_nonsynth_mf4_000006 seed=0 arm=self_refine: per_fault={'price': False, 'brand': False, 'category': False, 'feature': False} all_resolved=False n_resolved=0/4 tokens=(2055,1236)
  N=4 amz_nonsynth_mf4_000006 seed=0 arm=full_regen: per_fault={'price': False, 'brand': False, 'category': False, 'feature': False} all_resolved=False n_resolved=0/4 tokens=(1494,738)
  N=4 amz_nonsynth_mf4_000006 seed=0 arm=react: per_fault={'price': False, 'brand': False, 'category': False, 'feature': False} all_resolved=False n_resolved=0/4 tokens=(1547,999)
  N=4 amz_nonsynth_mf4_000006 seed=0 arm=selfcheckgpt: per_fault={'price': False, 'brand': False, 'category': False, 'feature': False} all_resolved=False n_resolved=0/4 tokens=(4665,752)
  N=4 amz_nonsynth_mf4_000006 seed=0 arm=reflexion: per_fault={'price': False, 'brand': False, 'category': False, 'feature': False} all_resolved=False n_resolved=0/4 tokens=(5941,612)
  N=4 amz_nonsynth_mf4_000006 seed=0 arm=intro_specter: per_fault={'price': True, 'brand': True, 'category': True, 'feature': True} all_resolved=True n_resolved=4/4 tokens=(2209,850)
  N=4 amz_nonsynth_mf4_000006 seed=1 arm=direct: per_fault={'price': False, 'brand': False, 'category': False, 'feature': False} all_resolved=False n_resolved=0/4 tokens=(747,325)
  N=4 amz_nonsynth_mf4_000006 seed=1 arm=self_refine: per_fault={'price': False, 'brand': False, 'category': False, 'feature': False} all_resolved=False n_resolved=0/4 tokens=(1926,921)
  N=4 amz_nonsynth_mf4_000006 seed=1 arm=full_regen: per_fault={'price': False, 'brand': False, 'category': False, 'feature': False} all_resolved=False n_resolved=0/4 tokens=(1494,707)
  N=4 amz_nonsynth_mf4_000006 seed=1 arm=react: per_fault={'price': False, 'brand': False, 'category': False, 'feature': False} all_resolved=False n_resolved=0/4 tokens=(1547,905)
  N=4 amz_nonsynth_mf4_000006 seed=1 arm=selfcheckgpt: per_fault={'price': False, 'brand': False, 'category': False, 'feature': False} all_resolved=False n_resolved=0/4 tokens=(4696,739)
  N=4 amz_nonsynth_mf4_000006 seed=1 arm=reflexion: per_fault={'price': True, 'brand': True, 'category': True, 'feature': True} all_resolved=True n_resolved=4/4 tokens=(3342,994)
  N=4 amz_nonsynth_mf4_000006 seed=1 arm=intro_specter: per_fault={'price': False, 'brand': True, 'category': True, 'feature': True} all_resolved=False n_resolved=3/4 tokens=(2080,767)
  N=4 amz_nonsynth_mf4_000006 seed=2 arm=direct: per_fault={'price': False, 'brand': False, 'category': False, 'feature': False} all_resolved=False n_resolved=0/4 tokens=(747,404)
  N=4 amz_nonsynth_mf4_000006 seed=2 arm=self_refine: per_fault={'price': False, 'brand': False, 'category': False, 'feature': False} all_resolved=False n_resolved=0/4 tokens=(2061,1254)
  N=4 amz_nonsynth_mf4_000006 seed=2 arm=full_regen: per_fault={'price': False, 'brand': False, 'category': False, 'feature': False} all_resolved=False n_resolved=0/4 tokens=(1494,867)
  N=4 amz_nonsynth_mf4_000006 seed=2 arm=react: per_fault={'price': False, 'brand': False, 'category': False, 'feature': False} all_resolved=False n_resolved=0/4 tokens=(1547,1047)
  N=4 amz_nonsynth_mf4_000006 seed=2 arm=selfcheckgpt: per_fault={'price': True, 'brand': True, 'category': True, 'feature': False} all_resolved=False n_resolved=3/4 tokens=(5345,817)
  N=4 amz_nonsynth_mf4_000006 seed=2 arm=reflexion: per_fault={'price': False, 'brand': False, 'category': False, 'feature': False} all_resolved=False n_resolved=0/4 tokens=(5959,626)
  N=4 amz_nonsynth_mf4_000006 seed=2 arm=intro_specter: per_fault={'price': True, 'brand': True, 'category': True, 'feature': True} all_resolved=True n_resolved=4/4 tokens=(2215,856)
  N=4 amz_nonsynth_mf4_000008 seed=0 arm=direct: per_fault={'price': False, 'brand': False, 'category': False, 'feature': False} all_resolved=False n_resolved=0/4 tokens=(728,406)
  N=4 amz_nonsynth_mf4_000008 seed=0 arm=self_refine: per_fault={'price': False, 'brand': False, 'category': False, 'feature': False} all_resolved=False n_resolved=0/4 tokens=(1934,941)
  N=4 amz_nonsynth_mf4_000008 seed=0 arm=full_regen: per_fault={'price': False, 'brand': False, 'category': False, 'feature': False} all_resolved=False n_resolved=0/4 tokens=(1456,865)
  N=4 amz_nonsynth_mf4_000008 seed=0 arm=react: per_fault={'price': False, 'brand': False, 'category': False, 'feature': False} all_resolved=False n_resolved=0/4 tokens=(1509,1031)
  N=4 amz_nonsynth_mf4_000008 seed=0 arm=selfcheckgpt: per_fault={'price': False, 'brand': False, 'category': False, 'feature': False} all_resolved=False n_resolved=0/4 tokens=(5090,1032)
  N=4 amz_nonsynth_mf4_000008 seed=0 arm=reflexion: per_fault={'price': False, 'brand': False, 'category': False, 'feature': False} all_resolved=False n_resolved=0/4 tokens=(5574,628)
  N=4 amz_nonsynth_mf4_000008 seed=0 arm=intro_specter: per_fault={'price': False, 'brand': False, 'category': False, 'feature': False} all_resolved=False n_resolved=0/4 tokens=(2088,853)
  N=4 amz_nonsynth_mf4_000008 seed=1 arm=direct: per_fault={'price': False, 'brand': False, 'category': False, 'feature': False} all_resolved=False n_resolved=0/4 tokens=(728,310)
  N=4 amz_nonsynth_mf4_000008 seed=1 arm=self_refine: per_fault={'price': True, 'brand': True, 'category': True, 'feature': True} all_resolved=True n_resolved=4/4 tokens=(1817,827)
  N=4 amz_nonsynth_mf4_000008 seed=1 arm=full_regen: per_fault={'price': False, 'brand': False, 'category': False, 'feature': False} all_resolved=False n_resolved=0/4 tokens=(1456,771)
  N=4 amz_nonsynth_mf4_000008 seed=1 arm=react: per_fault={'price': False, 'brand': False, 'category': False, 'feature': False} all_resolved=False n_resolved=0/4 tokens=(1509,914)
  N=4 amz_nonsynth_mf4_000008 seed=1 arm=selfcheckgpt: per_fault={'price': False, 'brand': False, 'category': False, 'feature': False} all_resolved=False n_resolved=0/4 tokens=(6143,1268)
  N=4 amz_nonsynth_mf4_000008 seed=1 arm=reflexion: per_fault={'price': False, 'brand': False, 'category': False, 'feature': False} all_resolved=False n_resolved=0/4 tokens=(5227,539)
  N=4 amz_nonsynth_mf4_000008 seed=1 arm=intro_specter: per_fault={'price': True, 'brand': True, 'category': True, 'feature': True} all_resolved=True n_resolved=4/4 tokens=(1971,734)
  N=4 amz_nonsynth_mf4_000008 seed=2 arm=direct: per_fault={'price': False, 'brand': False, 'category': False, 'feature': False} all_resolved=False n_resolved=0/4 tokens=(728,370)
  N=4 amz_nonsynth_mf4_000008 seed=2 arm=self_refine: per_fault={'price': True, 'brand': True, 'category': True, 'feature': True} all_resolved=True n_resolved=4/4 tokens=(1898,1018)
  N=4 amz_nonsynth_mf4_000008 seed=2 arm=full_regen: per_fault={'price': False, 'brand': False, 'category': False, 'feature': False} all_resolved=False n_resolved=0/4 tokens=(1456,776)
  N=4 amz_nonsynth_mf4_000008 seed=2 arm=react: per_fault={'price': False, 'brand': False, 'category': False, 'feature': False} all_resolved=False n_resolved=0/4 tokens=(1509,952)
  N=4 amz_nonsynth_mf4_000008 seed=2 arm=selfcheckgpt: per_fault={'price': False, 'brand': False, 'category': False, 'feature': False} all_resolved=False n_resolved=0/4 tokens=(6039,1231)
  N=4 amz_nonsynth_mf4_000008 seed=2 arm=reflexion: per_fault={'price': False, 'brand': False, 'category': False, 'feature': False} all_resolved=False n_resolved=0/4 tokens=(5449,626)
  N=4 amz_nonsynth_mf4_000008 seed=2 arm=intro_specter: per_fault={'price': True, 'brand': True, 'category': True, 'feature': True} all_resolved=True n_resolved=4/4 tokens=(2052,780)
  N=4 amz_nonsynth_mf4_000009 seed=0 arm=direct: per_fault={'price': False, 'brand': False, 'category': False, 'feature': False} all_resolved=False n_resolved=0/4 tokens=(738,336)
  N=4 amz_nonsynth_mf4_000009 seed=0 arm=self_refine: per_fault={'price': False, 'brand': True, 'category': True, 'feature': True} all_resolved=False n_resolved=3/4 tokens=(1918,1109)
  N=4 amz_nonsynth_mf4_000009 seed=0 arm=full_regen: per_fault={'price': False, 'brand': False, 'category': False, 'feature': False} all_resolved=False n_resolved=0/4 tokens=(1476,714)
  N=4 amz_nonsynth_mf4_000009 seed=0 arm=react: per_fault={'price': False, 'brand': False, 'category': False, 'feature': False} all_resolved=False n_resolved=0/4 tokens=(1529,904)
  N=4 amz_nonsynth_mf4_000009 seed=0 arm=selfcheckgpt: per_fault={'price': False, 'brand': False, 'category': False, 'feature': False} all_resolved=False n_resolved=0/4 tokens=(5334,816)
  N=4 amz_nonsynth_mf4_000009 seed=0 arm=reflexion: per_fault={'price': True, 'brand': True, 'category': True, 'feature': True} all_resolved=True n_resolved=4/4 tokens=(3305,930)
  N=4 amz_nonsynth_mf4_000009 seed=0 arm=intro_specter: per_fault={'price': True, 'brand': True, 'category': True, 'feature': True} all_resolved=True n_resolved=4/4 tokens=(2072,578)
  N=4 amz_nonsynth_mf4_000009 seed=1 arm=direct: per_fault={'price': False, 'brand': False, 'category': False, 'feature': False} all_resolved=False n_resolved=0/4 tokens=(738,377)
  N=4 amz_nonsynth_mf4_000009 seed=1 arm=self_refine: per_fault={'price': True, 'brand': False, 'category': False, 'feature': False} all_resolved=False n_resolved=1/4 tokens=(1987,1230)
  N=4 amz_nonsynth_mf4_000009 seed=1 arm=full_regen: per_fault={'price': False, 'brand': False, 'category': False, 'feature': False} all_resolved=False n_resolved=0/4 tokens=(1476,760)
  N=4 amz_nonsynth_mf4_000009 seed=1 arm=react: per_fault={'price': False, 'brand': False, 'category': False, 'feature': False} all_resolved=False n_resolved=0/4 tokens=(1529,943)
  N=4 amz_nonsynth_mf4_000009 seed=1 arm=selfcheckgpt: per_fault={'price': False, 'brand': False, 'category': False, 'feature': False} all_resolved=False n_resolved=0/4 tokens=(5317,817)
  N=4 amz_nonsynth_mf4_000009 seed=1 arm=reflexion: per_fault={'price': False, 'brand': False, 'category': False, 'feature': False} all_resolved=False n_resolved=0/4 tokens=(5712,599)
  N=4 amz_nonsynth_mf4_000009 seed=1 arm=intro_specter: per_fault={'price': True, 'brand': True, 'category': True, 'feature': True} all_resolved=True n_resolved=4/4 tokens=(2141,669)
  N=4 amz_nonsynth_mf4_000009 seed=2 arm=direct: per_fault={'price': False, 'brand': False, 'category': False, 'feature': False} all_resolved=False n_resolved=0/4 tokens=(738,498)
  N=4 amz_nonsynth_mf4_000009 seed=2 arm=self_refine: per_fault={'price': False, 'brand': False, 'category': False, 'feature': False} all_resolved=False n_resolved=0/4 tokens=(2221,1225)
  N=4 amz_nonsynth_mf4_000009 seed=2 arm=full_regen: per_fault={'price': False, 'brand': False, 'category': False, 'feature': False} all_resolved=False n_resolved=0/4 tokens=(1476,824)
  N=4 amz_nonsynth_mf4_000009 seed=2 arm=react: per_fault={'price': False, 'brand': False, 'category': False, 'feature': False} all_resolved=False n_resolved=0/4 tokens=(1529,1043)
  N=4 amz_nonsynth_mf4_000009 seed=2 arm=selfcheckgpt: per_fault={'price': False, 'brand': True, 'category': False, 'feature': False} all_resolved=False n_resolved=1/4 tokens=(5013,882)
  N=4 amz_nonsynth_mf4_000009 seed=2 arm=reflexion: per_fault={'price': True, 'brand': True, 'category': False, 'feature': False} all_resolved=False n_resolved=2/4 tokens=(6398,713)
  N=4 amz_nonsynth_mf4_000009 seed=2 arm=intro_specter: per_fault={'price': True, 'brand': True, 'category': True, 'feature': True} all_resolved=True n_resolved=4/4 tokens=(2375,1299)
  N=4 amz_nonsynth_mf4_000010 seed=0 arm=direct: per_fault={'price': False, 'brand': False, 'category': False, 'feature': False} all_resolved=False n_resolved=0/4 tokens=(740,434)
  N=4 amz_nonsynth_mf4_000010 seed=0 arm=self_refine: per_fault={'price': True, 'brand': True, 'category': False, 'feature': True} all_resolved=False n_resolved=3/4 tokens=(2007,1167)
  N=4 amz_nonsynth_mf4_000010 seed=0 arm=full_regen: per_fault={'price': False, 'brand': False, 'category': False, 'feature': False} all_resolved=False n_resolved=0/4 tokens=(1480,877)
  N=4 amz_nonsynth_mf4_000010 seed=0 arm=react: per_fault={'price': True, 'brand': True, 'category': False, 'feature': False} all_resolved=False n_resolved=2/4 tokens=(1533,1127)
  N=4 amz_nonsynth_mf4_000010 seed=0 arm=selfcheckgpt: per_fault={'price': False, 'brand': True, 'category': True, 'feature': True} all_resolved=False n_resolved=3/4 tokens=(5292,883)
  N=4 amz_nonsynth_mf4_000010 seed=0 arm=reflexion: per_fault={'price': False, 'brand': False, 'category': False, 'feature': False} all_resolved=False n_resolved=0/4 tokens=(5781,647)
  N=4 amz_nonsynth_mf4_000010 seed=0 arm=intro_specter: per_fault={'price': True, 'brand': True, 'category': True, 'feature': True} all_resolved=True n_resolved=4/4 tokens=(2161,933)
  N=4 amz_nonsynth_mf4_000010 seed=1 arm=direct: per_fault={'price': False, 'brand': False, 'category': False, 'feature': False} all_resolved=False n_resolved=0/4 tokens=(740,426)
  N=4 amz_nonsynth_mf4_000010 seed=1 arm=self_refine: per_fault={'price': True, 'brand': True, 'category': False, 'feature': False} all_resolved=False n_resolved=2/4 tokens=(1999,1149)
  N=4 amz_nonsynth_mf4_000010 seed=1 arm=full_regen: per_fault={'price': False, 'brand': False, 'category': False, 'feature': False} all_resolved=False n_resolved=0/4 tokens=(1480,949)
  N=4 amz_nonsynth_mf4_000010 seed=1 arm=react: per_fault={'price': True, 'brand': True, 'category': False, 'feature': False} all_resolved=False n_resolved=2/4 tokens=(1533,1208)
  N=4 amz_nonsynth_mf4_000010 seed=1 arm=selfcheckgpt: per_fault={'price': False, 'brand': True, 'category': True, 'feature': True} all_resolved=False n_resolved=3/4 tokens=(5680,901)
  N=4 amz_nonsynth_mf4_000010 seed=1 arm=reflexion: per_fault={'price': False, 'brand': False, 'category': False, 'feature': False} all_resolved=False n_resolved=0/4 tokens=(5743,709)
  N=4 amz_nonsynth_mf4_000010 seed=1 arm=intro_specter: per_fault={'price': True, 'brand': True, 'category': True, 'feature': True} all_resolved=True n_resolved=4/4 tokens=(2153,1090)
  N=4 amz_nonsynth_mf4_000010 seed=2 arm=direct: per_fault={'price': False, 'brand': False, 'category': False, 'feature': False} all_resolved=False n_resolved=0/4 tokens=(740,430)
  N=4 amz_nonsynth_mf4_000010 seed=2 arm=self_refine: per_fault={'price': True, 'brand': True, 'category': True, 'feature': True} all_resolved=True n_resolved=4/4 tokens=(2003,1176)
  N=4 amz_nonsynth_mf4_000010 seed=2 arm=full_regen: per_fault={'price': False, 'brand': False, 'category': False, 'feature': False} all_resolved=False n_resolved=0/4 tokens=(1480,861)
  N=4 amz_nonsynth_mf4_000010 seed=2 arm=react: per_fault={'price': False, 'brand': False, 'category': False, 'feature': False} all_resolved=False n_resolved=0/4 tokens=(1533,1125)
  N=4 amz_nonsynth_mf4_000010 seed=2 arm=selfcheckgpt: per_fault={'price': False, 'brand': True, 'category': True, 'feature': True} all_resolved=False n_resolved=3/4 tokens=(5679,912)
  N=4 amz_nonsynth_mf4_000010 seed=2 arm=reflexion: per_fault={'price': False, 'brand': False, 'category': False, 'feature': False} all_resolved=False n_resolved=0/4 tokens=(5754,676)
  N=4 amz_nonsynth_mf4_000010 seed=2 arm=intro_specter: per_fault={'price': True, 'brand': True, 'category': True, 'feature': True} all_resolved=True n_resolved=4/4 tokens=(2157,937)
  N=4 amz_nonsynth_mf4_000011 seed=0 arm=direct: per_fault={'price': False, 'brand': False, 'category': False, 'feature': False} all_resolved=False n_resolved=0/4 tokens=(736,474)
  N=4 amz_nonsynth_mf4_000011 seed=0 arm=self_refine: per_fault={'price': False, 'brand': False, 'category': False, 'feature': False} all_resolved=False n_resolved=0/4 tokens=(2060,1325)
  N=4 amz_nonsynth_mf4_000011 seed=0 arm=full_regen: per_fault={'price': False, 'brand': False, 'category': False, 'feature': False} all_resolved=False n_resolved=0/4 tokens=(1472,800)
  N=4 amz_nonsynth_mf4_000011 seed=0 arm=react: per_fault={'price': False, 'brand': False, 'category': False, 'feature': False} all_resolved=False n_resolved=0/4 tokens=(1525,1017)
  N=4 amz_nonsynth_mf4_000011 seed=0 arm=selfcheckgpt: per_fault={'price': False, 'brand': False, 'category': False, 'feature': False} all_resolved=False n_resolved=0/4 tokens=(5234,876)
  N=4 amz_nonsynth_mf4_000011 seed=0 arm=reflexion: per_fault={'price': False, 'brand': False, 'category': False, 'feature': False} all_resolved=False n_resolved=0/4 tokens=(5981,693)
  N=4 amz_nonsynth_mf4_000011 seed=0 arm=intro_specter: per_fault={'price': True, 'brand': True, 'category': True, 'feature': True} all_resolved=True n_resolved=4/4 tokens=(2214,909)
  N=4 amz_nonsynth_mf4_000011 seed=1 arm=direct: per_fault={'price': False, 'brand': False, 'category': False, 'feature': False} all_resolved=False n_resolved=0/4 tokens=(736,475)
  N=4 amz_nonsynth_mf4_000011 seed=1 arm=self_refine: per_fault={'price': False, 'brand': False, 'category': False, 'feature': False} all_resolved=False n_resolved=0/4 tokens=(2061,1277)
  N=4 amz_nonsynth_mf4_000011 seed=1 arm=full_regen: per_fault={'price': False, 'brand': False, 'category': False, 'feature': False} all_resolved=False n_resolved=0/4 tokens=(1472,962)
  N=4 amz_nonsynth_mf4_000011 seed=1 arm=react: per_fault={'price': False, 'brand': False, 'category': False, 'feature': False} all_resolved=False n_resolved=0/4 tokens=(1525,1040)
  N=4 amz_nonsynth_mf4_000011 seed=1 arm=selfcheckgpt: per_fault={'price': False, 'brand': False, 'category': False, 'feature': False} all_resolved=False n_resolved=0/4 tokens=(5228,858)
  N=4 amz_nonsynth_mf4_000011 seed=1 arm=reflexion: per_fault={'price': False, 'brand': False, 'category': False, 'feature': False} all_resolved=False n_resolved=0/4 tokens=(5950,685)
  N=4 amz_nonsynth_mf4_000011 seed=1 arm=intro_specter: per_fault={'price': True, 'brand': True, 'category': True, 'feature': True} all_resolved=True n_resolved=4/4 tokens=(2215,923)
  N=4 amz_nonsynth_mf4_000011 seed=2 arm=direct: per_fault={'price': False, 'brand': False, 'category': False, 'feature': False} all_resolved=False n_resolved=0/4 tokens=(736,325)
  N=4 amz_nonsynth_mf4_000011 seed=2 arm=self_refine: per_fault={'price': False, 'brand': False, 'category': False, 'feature': False} all_resolved=False n_resolved=0/4 tokens=(1932,1082)
  N=4 amz_nonsynth_mf4_000011 seed=2 arm=full_regen: per_fault={'price': False, 'brand': False, 'category': False, 'feature': False} all_resolved=False n_resolved=0/4 tokens=(1472,785)
  N=4 amz_nonsynth_mf4_000011 seed=2 arm=react: per_fault={'price': False, 'brand': False, 'category': False, 'feature': False} all_resolved=False n_resolved=0/4 tokens=(1525,879)
  N=4 amz_nonsynth_mf4_000011 seed=2 arm=selfcheckgpt: per_fault={'price': False, 'brand': False, 'category': False, 'feature': False} all_resolved=False n_resolved=0/4 tokens=(4244,624)
  N=4 amz_nonsynth_mf4_000011 seed=2 arm=reflexion: per_fault={'price': False, 'brand': False, 'category': False, 'feature': False} all_resolved=False n_resolved=0/4 tokens=(5576,566)
  N=4 amz_nonsynth_mf4_000011 seed=2 arm=intro_specter: per_fault={'price': False, 'brand': False, 'category': False, 'feature': False} all_resolved=False n_resolved=0/4 tokens=(2086,568)
  N=4 amz_nonsynth_mf4_000013 seed=0 arm=direct: per_fault={'price': False, 'brand': False, 'category': False, 'feature': False} all_resolved=False n_resolved=0/4 tokens=(740,362)
  N=4 amz_nonsynth_mf4_000013 seed=0 arm=self_refine: per_fault={'price': False, 'brand': False, 'category': False, 'feature': False} all_resolved=False n_resolved=0/4 tokens=(1914,931)
  N=4 amz_nonsynth_mf4_000013 seed=0 arm=full_regen: per_fault={'price': False, 'brand': False, 'category': False, 'feature': False} all_resolved=False n_resolved=0/4 tokens=(1480,702)
  N=4 amz_nonsynth_mf4_000013 seed=0 arm=react: per_fault={'price': False, 'brand': False, 'category': False, 'feature': False} all_resolved=False n_resolved=0/4 tokens=(1533,930)
  N=4 amz_nonsynth_mf4_000013 seed=0 arm=selfcheckgpt: per_fault={'price': False, 'brand': False, 'category': False, 'feature': False} all_resolved=False n_resolved=0/4 tokens=(4649,741)
  N=4 amz_nonsynth_mf4_000013 seed=0 arm=reflexion: per_fault={'price': True, 'brand': True, 'category': True, 'feature': True} all_resolved=True n_resolved=4/4 tokens=(3324,1010)
  N=4 amz_nonsynth_mf4_000013 seed=0 arm=intro_specter: per_fault={'price': True, 'brand': True, 'category': True, 'feature': True} all_resolved=True n_resolved=4/4 tokens=(2068,586)
  N=4 amz_nonsynth_mf4_000013 seed=1 arm=direct: per_fault={'price': False, 'brand': False, 'category': False, 'feature': False} all_resolved=False n_resolved=0/4 tokens=(740,407)
  N=4 amz_nonsynth_mf4_000013 seed=1 arm=self_refine: per_fault={'price': False, 'brand': False, 'category': False, 'feature': False} all_resolved=False n_resolved=0/4 tokens=(2050,1158)
  N=4 amz_nonsynth_mf4_000013 seed=1 arm=full_regen: per_fault={'price': False, 'brand': False, 'category': False, 'feature': False} all_resolved=False n_resolved=0/4 tokens=(1480,803)
  N=4 amz_nonsynth_mf4_000013 seed=1 arm=react: per_fault={'price': False, 'brand': False, 'category': False, 'feature': False} all_resolved=False n_resolved=0/4 tokens=(1533,947)
  N=4 amz_nonsynth_mf4_000013 seed=1 arm=selfcheckgpt: per_fault={'price': False, 'brand': True, 'category': True, 'feature': False} all_resolved=False n_resolved=2/4 tokens=(5368,852)
  N=4 amz_nonsynth_mf4_000013 seed=1 arm=reflexion: per_fault={'price': False, 'brand': False, 'category': False, 'feature': False} all_resolved=False n_resolved=0/4 tokens=(5953,773)
  N=4 amz_nonsynth_mf4_000013 seed=1 arm=intro_specter: per_fault={'price': True, 'brand': True, 'category': True, 'feature': True} all_resolved=True n_resolved=4/4 tokens=(2204,735)
  N=4 amz_nonsynth_mf4_000013 seed=2 arm=direct: per_fault={'price': False, 'brand': False, 'category': False, 'feature': False} all_resolved=False n_resolved=0/4 tokens=(740,364)
  N=4 amz_nonsynth_mf4_000013 seed=2 arm=self_refine: per_fault={'price': False, 'brand': False, 'category': False, 'feature': False} all_resolved=False n_resolved=0/4 tokens=(1916,1000)
  N=4 amz_nonsynth_mf4_000013 seed=2 arm=full_regen: per_fault={'price': False, 'brand': False, 'category': False, 'feature': False} all_resolved=False n_resolved=0/4 tokens=(1480,687)
  N=4 amz_nonsynth_mf4_000013 seed=2 arm=react: per_fault={'price': False, 'brand': False, 'category': False, 'feature': False} all_resolved=False n_resolved=0/4 tokens=(1533,905)
  N=4 amz_nonsynth_mf4_000013 seed=2 arm=selfcheckgpt: per_fault={'price': False, 'brand': False, 'category': False, 'feature': False} all_resolved=False n_resolved=0/4 tokens=(4606,734)
  N=4 amz_nonsynth_mf4_000013 seed=2 arm=reflexion: per_fault={'price': True, 'brand': True, 'category': True, 'feature': True} all_resolved=True n_resolved=4/4 tokens=(3320,1020)
  N=4 amz_nonsynth_mf4_000013 seed=2 arm=intro_specter: per_fault={'price': True, 'brand': True, 'category': True, 'feature': True} all_resolved=True n_resolved=4/4 tokens=(2070,588)
  N=4 amz_nonsynth_mf4_000014 seed=0 arm=direct: per_fault={'price': False, 'brand': False, 'category': False, 'feature': False} all_resolved=False n_resolved=0/4 tokens=(731,396)
  N=4 amz_nonsynth_mf4_000014 seed=0 arm=self_refine: per_fault={'price': False, 'brand': False, 'category': False, 'feature': False} all_resolved=False n_resolved=0/4 tokens=(1951,1172)
  N=4 amz_nonsynth_mf4_000014 seed=0 arm=full_regen: per_fault={'price': False, 'brand': False, 'category': False, 'feature': False} all_resolved=False n_resolved=0/4 tokens=(1462,903)
  N=4 amz_nonsynth_mf4_000014 seed=0 arm=react: per_fault={'price': False, 'brand': False, 'category': False, 'feature': False} all_resolved=False n_resolved=0/4 tokens=(1515,1019)
  N=4 amz_nonsynth_mf4_000014 seed=0 arm=selfcheckgpt: per_fault={'price': False, 'brand': True, 'category': True, 'feature': False} all_resolved=False n_resolved=2/4 tokens=(5262,814)
  N=4 amz_nonsynth_mf4_000014 seed=0 arm=reflexion: per_fault={'price': False, 'brand': False, 'category': False, 'feature': False} all_resolved=False n_resolved=0/4 tokens=(5616,628)
  N=4 amz_nonsynth_mf4_000014 seed=0 arm=intro_specter: per_fault={'price': True, 'brand': True, 'category': True, 'feature': False} all_resolved=False n_resolved=3/4 tokens=(2105,820)
  N=4 amz_nonsynth_mf4_000014 seed=1 arm=direct: per_fault={'price': False, 'brand': False, 'category': False, 'feature': False} all_resolved=False n_resolved=0/4 tokens=(731,436)
  N=4 amz_nonsynth_mf4_000014 seed=1 arm=self_refine: per_fault={'price': False, 'brand': False, 'category': False, 'feature': False} all_resolved=False n_resolved=0/4 tokens=(2060,1186)
  N=4 amz_nonsynth_mf4_000014 seed=1 arm=full_regen: per_fault={'price': False, 'brand': False, 'category': False, 'feature': False} all_resolved=False n_resolved=0/4 tokens=(1462,819)
  N=4 amz_nonsynth_mf4_000014 seed=1 arm=react: per_fault={'price': False, 'brand': False, 'category': False, 'feature': False} all_resolved=False n_resolved=0/4 tokens=(1515,1019)
  N=4 amz_nonsynth_mf4_000014 seed=1 arm=selfcheckgpt: per_fault={'price': False, 'brand': True, 'category': True, 'feature': False} all_resolved=False n_resolved=2/4 tokens=(5328,888)
  N=4 amz_nonsynth_mf4_000014 seed=1 arm=reflexion: per_fault={'price': True, 'brand': True, 'category': True, 'feature': False} all_resolved=False n_resolved=3/4 tokens=(7257,1969)
  N=4 amz_nonsynth_mf4_000014 seed=1 arm=intro_specter: per_fault={'price': True, 'brand': True, 'category': True, 'feature': False} all_resolved=False n_resolved=3/4 tokens=(2214,880)
  N=4 amz_nonsynth_mf4_000014 seed=2 arm=direct: per_fault={'price': False, 'brand': False, 'category': False, 'feature': False} all_resolved=False n_resolved=0/4 tokens=(731,298)
  N=4 amz_nonsynth_mf4_000014 seed=2 arm=self_refine: per_fault={'price': True, 'brand': True, 'category': True, 'feature': True} all_resolved=True n_resolved=4/4 tokens=(1839,849)
  N=4 amz_nonsynth_mf4_000014 seed=2 arm=full_regen: per_fault={'price': False, 'brand': False, 'category': False, 'feature': False} all_resolved=False n_resolved=0/4 tokens=(1462,635)
  N=4 amz_nonsynth_mf4_000014 seed=2 arm=react: per_fault={'price': False, 'brand': False, 'category': False, 'feature': False} all_resolved=False n_resolved=0/4 tokens=(1515,967)
  N=4 amz_nonsynth_mf4_000014 seed=2 arm=selfcheckgpt: per_fault={'price': False, 'brand': True, 'category': False, 'feature': True} all_resolved=False n_resolved=2/4 tokens=(5308,721)
  N=4 amz_nonsynth_mf4_000014 seed=2 arm=reflexion: per_fault={'price': False, 'brand': False, 'category': False, 'feature': False} all_resolved=False n_resolved=0/4 tokens=(5244,501)
  N=4 amz_nonsynth_mf4_000014 seed=2 arm=intro_specter: per_fault={'price': True, 'brand': True, 'category': True, 'feature': True} all_resolved=True n_resolved=4/4 tokens=(1993,801)
  N=4 amz_nonsynth_mf4_000015 seed=0 arm=direct: per_fault={'price': False, 'brand': False, 'category': False, 'feature': False} all_resolved=False n_resolved=0/4 tokens=(737,376)
  N=4 amz_nonsynth_mf4_000015 seed=0 arm=self_refine: per_fault={'price': False, 'brand': False, 'category': False, 'feature': False} all_resolved=False n_resolved=0/4 tokens=(1922,1194)
  N=4 amz_nonsynth_mf4_000015 seed=0 arm=full_regen: per_fault={'price': False, 'brand': False, 'category': False, 'feature': False} all_resolved=False n_resolved=0/4 tokens=(1474,792)
  N=4 amz_nonsynth_mf4_000015 seed=0 arm=react: per_fault={'price': False, 'brand': False, 'category': False, 'feature': False} all_resolved=False n_resolved=0/4 tokens=(1527,986)
  N=4 amz_nonsynth_mf4_000015 seed=0 arm=selfcheckgpt: per_fault={'price': False, 'brand': False, 'category': False, 'feature': False} all_resolved=False n_resolved=0/4 tokens=(5294,810)
  N=4 amz_nonsynth_mf4_000015 seed=0 arm=reflexion: per_fault={'price': False, 'brand': False, 'category': False, 'feature': False} all_resolved=False n_resolved=0/4 tokens=(5559,622)
  N=4 amz_nonsynth_mf4_000015 seed=0 arm=intro_specter: per_fault={'price': True, 'brand': False, 'category': False, 'feature': False} all_resolved=False n_resolved=1/4 tokens=(2076,762)
  N=4 amz_nonsynth_mf4_000015 seed=1 arm=direct: per_fault={'price': False, 'brand': False, 'category': False, 'feature': False} all_resolved=False n_resolved=0/4 tokens=(737,365)
  N=4 amz_nonsynth_mf4_000015 seed=1 arm=self_refine: per_fault={'price': False, 'brand': False, 'category': False, 'feature': False} all_resolved=False n_resolved=0/4 tokens=(1911,1121)
  N=4 amz_nonsynth_mf4_000015 seed=1 arm=full_regen: per_fault={'price': False, 'brand': False, 'category': False, 'feature': False} all_resolved=False n_resolved=0/4 tokens=(1474,735)
  N=4 amz_nonsynth_mf4_000015 seed=1 arm=react: per_fault={'price': False, 'brand': False, 'category': False, 'feature': False} all_resolved=False n_resolved=0/4 tokens=(1527,963)
  N=4 amz_nonsynth_mf4_000015 seed=1 arm=selfcheckgpt: per_fault={'price': False, 'brand': True, 'category': True, 'feature': False} all_resolved=False n_resolved=2/4 tokens=(5308,795)
  N=4 amz_nonsynth_mf4_000015 seed=1 arm=reflexion: per_fault={'price': True, 'brand': True, 'category': True, 'feature': True} all_resolved=True n_resolved=4/4 tokens=(3318,978)
  N=4 amz_nonsynth_mf4_000015 seed=1 arm=intro_specter: per_fault={'price': True, 'brand': True, 'category': True, 'feature': True} all_resolved=True n_resolved=4/4 tokens=(2065,593)
  N=4 amz_nonsynth_mf4_000015 seed=2 arm=direct: per_fault={'price': False, 'brand': False, 'category': False, 'feature': False} all_resolved=False n_resolved=0/4 tokens=(737,364)
  N=4 amz_nonsynth_mf4_000015 seed=2 arm=self_refine: per_fault={'price': False, 'brand': True, 'category': False, 'feature': False} all_resolved=False n_resolved=1/4 tokens=(1972,1148)
  N=4 amz_nonsynth_mf4_000015 seed=2 arm=full_regen: per_fault={'price': False, 'brand': False, 'category': False, 'feature': False} all_resolved=False n_resolved=0/4 tokens=(1474,763)
  N=4 amz_nonsynth_mf4_000015 seed=2 arm=react: per_fault={'price': False, 'brand': False, 'category': False, 'feature': False} all_resolved=False n_resolved=0/4 tokens=(1527,932)
  N=4 amz_nonsynth_mf4_000015 seed=2 arm=selfcheckgpt: per_fault={'price': False, 'brand': True, 'category': True, 'feature': False} all_resolved=False n_resolved=2/4 tokens=(4910,731)
  N=4 amz_nonsynth_mf4_000015 seed=2 arm=reflexion: per_fault={'price': False, 'brand': False, 'category': False, 'feature': False} all_resolved=False n_resolved=0/4 tokens=(5707,614)
  N=4 amz_nonsynth_mf4_000015 seed=2 arm=intro_specter: per_fault={'price': False, 'brand': False, 'category': False, 'feature': False} all_resolved=False n_resolved=0/4 tokens=(2126,823)
  N=4 amz_nonsynth_mf4_000016 seed=0 arm=direct: per_fault={'price': True, 'brand': False, 'category': False, 'feature': False} all_resolved=False n_resolved=1/4 tokens=(720,406)
  N=4 amz_nonsynth_mf4_000016 seed=0 arm=self_refine: per_fault={'price': True, 'brand': False, 'category': False, 'feature': False} all_resolved=False n_resolved=1/4 tokens=(1918,1104)
  N=4 amz_nonsynth_mf4_000016 seed=0 arm=full_regen: per_fault={'price': False, 'brand': False, 'category': False, 'feature': False} all_resolved=False n_resolved=0/4 tokens=(1440,817)
  N=4 amz_nonsynth_mf4_000016 seed=0 arm=react: per_fault={'price': False, 'brand': False, 'category': False, 'feature': False} all_resolved=False n_resolved=0/4 tokens=(1493,900)
  N=4 amz_nonsynth_mf4_000016 seed=0 arm=selfcheckgpt: per_fault={'price': True, 'brand': True, 'category': False, 'feature': True} all_resolved=False n_resolved=3/4 tokens=(5288,891)
  N=4 amz_nonsynth_mf4_000016 seed=0 arm=reflexion: per_fault={'price': True, 'brand': True, 'category': True, 'feature': True} all_resolved=True n_resolved=4/4 tokens=(3276,1149)
  N=4 amz_nonsynth_mf4_000016 seed=0 arm=intro_specter: per_fault={'price': True, 'brand': True, 'category': True, 'feature': True} all_resolved=True n_resolved=4/4 tokens=(2072,844)
  N=4 amz_nonsynth_mf4_000016 seed=1 arm=direct: per_fault={'price': False, 'brand': False, 'category': False, 'feature': False} all_resolved=False n_resolved=0/4 tokens=(720,504)
  N=4 amz_nonsynth_mf4_000016 seed=1 arm=self_refine: per_fault={'price': False, 'brand': False, 'category': False, 'feature': False} all_resolved=False n_resolved=0/4 tokens=(2079,1148)
  N=4 amz_nonsynth_mf4_000016 seed=1 arm=full_regen: per_fault={'price': False, 'brand': False, 'category': False, 'feature': False} all_resolved=False n_resolved=0/4 tokens=(1440,877)
  N=4 amz_nonsynth_mf4_000016 seed=1 arm=react: per_fault={'price': False, 'brand': False, 'category': False, 'feature': False} all_resolved=False n_resolved=0/4 tokens=(1493,977)
  N=4 amz_nonsynth_mf4_000016 seed=1 arm=selfcheckgpt: per_fault={'price': False, 'brand': False, 'category': False, 'feature': False} all_resolved=False n_resolved=0/4 tokens=(4488,854)
  N=4 amz_nonsynth_mf4_000016 seed=1 arm=reflexion: per_fault={'price': True, 'brand': True, 'category': True, 'feature': True} all_resolved=True n_resolved=4/4 tokens=(5935,1216)
  N=4 amz_nonsynth_mf4_000016 seed=1 arm=intro_specter: per_fault={'price': True, 'brand': True, 'category': True, 'feature': True} all_resolved=True n_resolved=4/4 tokens=(2233,1173)
  N=4 amz_nonsynth_mf4_000016 seed=2 arm=direct: per_fault={'price': True, 'brand': False, 'category': False, 'feature': False} all_resolved=False n_resolved=1/4 tokens=(720,535)
  N=4 amz_nonsynth_mf4_000016 seed=2 arm=self_refine: per_fault={'price': True, 'brand': False, 'category': False, 'feature': False} all_resolved=False n_resolved=1/4 tokens=(2089,1145)
  N=4 amz_nonsynth_mf4_000016 seed=2 arm=full_regen: per_fault={'price': False, 'brand': False, 'category': False, 'feature': False} all_resolved=False n_resolved=0/4 tokens=(1440,882)
  N=4 amz_nonsynth_mf4_000016 seed=2 arm=react: per_fault={'price': False, 'brand': False, 'category': False, 'feature': False} all_resolved=False n_resolved=0/4 tokens=(1493,1075)
  N=4 amz_nonsynth_mf4_000016 seed=2 arm=selfcheckgpt: per_fault={'price': True, 'brand': True, 'category': True, 'feature': True} all_resolved=True n_resolved=4/4 tokens=(5502,982)
  N=4 amz_nonsynth_mf4_000016 seed=2 arm=reflexion: per_fault={'price': False, 'brand': False, 'category': False, 'feature': False} all_resolved=False n_resolved=0/4 tokens=(6019,777)
  N=4 amz_nonsynth_mf4_000016 seed=2 arm=intro_specter: per_fault={'price': True, 'brand': False, 'category': False, 'feature': False} all_resolved=False n_resolved=1/4 tokens=(2243,1066)
  N=4 amz_nonsynth_mf4_000017 seed=0 arm=direct: per_fault={'price': False, 'brand': False, 'category': False, 'feature': False} all_resolved=False n_resolved=0/4 tokens=(731,345)
  N=4 amz_nonsynth_mf4_000017 seed=0 arm=self_refine: per_fault={'price': False, 'brand': False, 'category': False, 'feature': False} all_resolved=False n_resolved=0/4 tokens=(1879,987)
  N=4 amz_nonsynth_mf4_000017 seed=0 arm=full_regen: per_fault={'price': False, 'brand': False, 'category': False, 'feature': False} all_resolved=False n_resolved=0/4 tokens=(1462,787)
  N=4 amz_nonsynth_mf4_000017 seed=0 arm=react: per_fault={'price': False, 'brand': False, 'category': False, 'feature': False} all_resolved=False n_resolved=0/4 tokens=(1515,869)
  N=4 amz_nonsynth_mf4_000017 seed=0 arm=selfcheckgpt: per_fault={'price': False, 'brand': False, 'category': False, 'feature': False} all_resolved=False n_resolved=0/4 tokens=(4608,693)
  N=4 amz_nonsynth_mf4_000017 seed=0 arm=reflexion: per_fault={'price': True, 'brand': True, 'category': True, 'feature': True} all_resolved=True n_resolved=4/4 tokens=(3244,958)
  N=4 amz_nonsynth_mf4_000017 seed=0 arm=intro_specter: per_fault={'price': True, 'brand': True, 'category': True, 'feature': True} all_resolved=True n_resolved=4/4 tokens=(2033,649)
  N=4 amz_nonsynth_mf4_000017 seed=1 arm=direct: per_fault={'price': False, 'brand': False, 'category': False, 'feature': False} all_resolved=False n_resolved=0/4 tokens=(731,308)
  N=4 amz_nonsynth_mf4_000017 seed=1 arm=self_refine: per_fault={'price': False, 'brand': False, 'category': False, 'feature': False} all_resolved=False n_resolved=0/4 tokens=(1877,900)
  N=4 amz_nonsynth_mf4_000017 seed=1 arm=full_regen: per_fault={'price': False, 'brand': False, 'category': False, 'feature': False} all_resolved=False n_resolved=0/4 tokens=(1462,702)
  N=4 amz_nonsynth_mf4_000017 seed=1 arm=react: per_fault={'price': False, 'brand': False, 'category': False, 'feature': False} all_resolved=False n_resolved=0/4 tokens=(1515,874)
  N=4 amz_nonsynth_mf4_000017 seed=1 arm=selfcheckgpt: per_fault={'price': False, 'brand': True, 'category': True, 'feature': False} all_resolved=False n_resolved=2/4 tokens=(5285,755)
  N=4 amz_nonsynth_mf4_000017 seed=1 arm=reflexion: per_fault={'price': False, 'brand': False, 'category': False, 'feature': False} all_resolved=False n_resolved=0/4 tokens=(5392,545)
  N=4 amz_nonsynth_mf4_000017 seed=1 arm=intro_specter: per_fault={'price': True, 'brand': True, 'category': True, 'feature': True} all_resolved=True n_resolved=4/4 tokens=(2031,604)
  N=4 amz_nonsynth_mf4_000017 seed=2 arm=direct: per_fault={'price': False, 'brand': False, 'category': False, 'feature': False} all_resolved=False n_resolved=0/4 tokens=(731,309)
  N=4 amz_nonsynth_mf4_000017 seed=2 arm=self_refine: per_fault={'price': False, 'brand': False, 'category': False, 'feature': False} all_resolved=False n_resolved=0/4 tokens=(1878,970)
  N=4 amz_nonsynth_mf4_000017 seed=2 arm=full_regen: per_fault={'price': False, 'brand': False, 'category': False, 'feature': False} all_resolved=False n_resolved=0/4 tokens=(1462,647)
  N=4 amz_nonsynth_mf4_000017 seed=2 arm=react: per_fault={'price': False, 'brand': False, 'category': False, 'feature': False} all_resolved=False n_resolved=0/4 tokens=(1515,844)
  N=4 amz_nonsynth_mf4_000017 seed=2 arm=selfcheckgpt: per_fault={'price': False, 'brand': True, 'category': True, 'feature': True} all_resolved=False n_resolved=3/4 tokens=(5275,745)
  N=4 amz_nonsynth_mf4_000017 seed=2 arm=reflexion: per_fault={'price': False, 'brand': False, 'category': False, 'feature': False} all_resolved=False n_resolved=0/4 tokens=(5421,557)
  N=4 amz_nonsynth_mf4_000017 seed=2 arm=intro_specter: per_fault={'price': True, 'brand': True, 'category': True, 'feature': True} all_resolved=True n_resolved=4/4 tokens=(2032,632)
  N=4 amz_nonsynth_mf4_000019 seed=0 arm=direct: per_fault={'price': False, 'brand': False, 'category': False, 'feature': False} all_resolved=False n_resolved=0/4 tokens=(749,322)
  N=4 amz_nonsynth_mf4_000019 seed=0 arm=self_refine: per_fault={'price': False, 'brand': False, 'category': False, 'feature': False} all_resolved=False n_resolved=0/4 tokens=(1927,922)
  N=4 amz_nonsynth_mf4_000019 seed=0 arm=full_regen: per_fault={'price': False, 'brand': False, 'category': False, 'feature': False} all_resolved=False n_resolved=0/4 tokens=(1498,713)
  N=4 amz_nonsynth_mf4_000019 seed=0 arm=react: per_fault={'price': False, 'brand': False, 'category': False, 'feature': False} all_resolved=False n_resolved=0/4 tokens=(1551,888)
  N=4 amz_nonsynth_mf4_000019 seed=0 arm=selfcheckgpt: per_fault={'price': False, 'brand': True, 'category': True, 'feature': False} all_resolved=False n_resolved=2/4 tokens=(5416,803)
  N=4 amz_nonsynth_mf4_000019 seed=0 arm=reflexion: per_fault={'price': False, 'brand': False, 'category': False, 'feature': False} all_resolved=False n_resolved=0/4 tokens=(5529,590)
  N=4 amz_nonsynth_mf4_000019 seed=0 arm=intro_specter: per_fault={'price': True, 'brand': True, 'category': True, 'feature': True} all_resolved=True n_resolved=4/4 tokens=(2081,653)
  N=4 amz_nonsynth_mf4_000019 seed=1 arm=direct: per_fault={'price': False, 'brand': False, 'category': False, 'feature': False} all_resolved=False n_resolved=0/4 tokens=(749,542)
  N=4 amz_nonsynth_mf4_000019 seed=1 arm=self_refine: per_fault={'price': False, 'brand': False, 'category': False, 'feature': False} all_resolved=False n_resolved=0/4 tokens=(2154,1305)
  N=4 amz_nonsynth_mf4_000019 seed=1 arm=full_regen: per_fault={'price': False, 'brand': False, 'category': False, 'feature': False} all_resolved=False n_resolved=0/4 tokens=(1498,926)
  N=4 amz_nonsynth_mf4_000019 seed=1 arm=react: per_fault={'price': False, 'brand': False, 'category': False, 'feature': False} all_resolved=False n_resolved=0/4 tokens=(1551,1115)
  N=4 amz_nonsynth_mf4_000019 seed=1 arm=selfcheckgpt: per_fault={'price': False, 'brand': False, 'category': False, 'feature': False} all_resolved=False n_resolved=0/4 tokens=(4714,916)
  N=4 amz_nonsynth_mf4_000019 seed=1 arm=reflexion: per_fault={'price': False, 'brand': False, 'category': False, 'feature': False} all_resolved=False n_resolved=0/4 tokens=(6242,769)
  N=4 amz_nonsynth_mf4_000019 seed=1 arm=intro_specter: per_fault={'price': False, 'brand': False, 'category': False, 'feature': False} all_resolved=False n_resolved=0/4 tokens=(2308,988)
  N=4 amz_nonsynth_mf4_000019 seed=2 arm=direct: per_fault={'price': False, 'brand': False, 'category': False, 'feature': False} all_resolved=False n_resolved=0/4 tokens=(749,381)
  N=4 amz_nonsynth_mf4_000019 seed=2 arm=self_refine: per_fault={'price': False, 'brand': False, 'category': False, 'feature': False} all_resolved=False n_resolved=0/4 tokens=(1951,1072)
  N=4 amz_nonsynth_mf4_000019 seed=2 arm=full_regen: per_fault={'price': False, 'brand': False, 'category': False, 'feature': False} all_resolved=False n_resolved=0/4 tokens=(1498,807)
  N=4 amz_nonsynth_mf4_000019 seed=2 arm=react: per_fault={'price': False, 'brand': False, 'category': False, 'feature': False} all_resolved=False n_resolved=0/4 tokens=(1551,936)
  N=4 amz_nonsynth_mf4_000019 seed=2 arm=selfcheckgpt: per_fault={'price': False, 'brand': True, 'category': False, 'feature': False} all_resolved=False n_resolved=1/4 tokens=(5409,829)
  N=4 amz_nonsynth_mf4_000019 seed=2 arm=reflexion: per_fault={'price': False, 'brand': False, 'category': False, 'feature': False} all_resolved=False n_resolved=0/4 tokens=(6550,1106)
  N=4 amz_nonsynth_mf4_000019 seed=2 arm=intro_specter: per_fault={'price': True, 'brand': True, 'category': True, 'feature': True} all_resolved=True n_resolved=4/4 tokens=(2105,1196)
  N=4 amz_nonsynth_mf4_000020 seed=0 arm=direct: per_fault={'price': False, 'brand': False, 'category': False, 'feature': False} all_resolved=False n_resolved=0/4 tokens=(752,349)
  N=4 amz_nonsynth_mf4_000020 seed=0 arm=self_refine: per_fault={'price': False, 'brand': False, 'category': False, 'feature': False} all_resolved=False n_resolved=0/4 tokens=(1925,966)
  N=4 amz_nonsynth_mf4_000020 seed=0 arm=full_regen: per_fault={'price': False, 'brand': False, 'category': False, 'feature': False} all_resolved=False n_resolved=0/4 tokens=(1504,974)
  N=4 amz_nonsynth_mf4_000020 seed=0 arm=react: per_fault={'price': False, 'brand': False, 'category': False, 'feature': False} all_resolved=False n_resolved=0/4 tokens=(1557,934)
  N=4 amz_nonsynth_mf4_000020 seed=0 arm=selfcheckgpt: per_fault={'price': False, 'brand': False, 'category': False, 'feature': False} all_resolved=False n_resolved=0/4 tokens=(5573,914)
  N=4 amz_nonsynth_mf4_000020 seed=0 arm=reflexion: per_fault={'price': False, 'brand': False, 'category': False, 'feature': False} all_resolved=False n_resolved=0/4 tokens=(5591,620)
  N=4 amz_nonsynth_mf4_000020 seed=0 arm=intro_specter: per_fault={'price': False, 'brand': False, 'category': False, 'feature': False} all_resolved=False n_resolved=0/4 tokens=(2079,919)
  N=4 amz_nonsynth_mf4_000020 seed=1 arm=direct: per_fault={'price': False, 'brand': False, 'category': False, 'feature': False} all_resolved=False n_resolved=0/4 tokens=(752,361)
  N=4 amz_nonsynth_mf4_000020 seed=1 arm=self_refine: per_fault={'price': False, 'brand': False, 'category': False, 'feature': False} all_resolved=False n_resolved=0/4 tokens=(1937,961)
  N=4 amz_nonsynth_mf4_000020 seed=1 arm=full_regen: per_fault={'price': False, 'brand': False, 'category': False, 'feature': False} all_resolved=False n_resolved=0/4 tokens=(1504,918)
  N=4 amz_nonsynth_mf4_000020 seed=1 arm=react: per_fault={'price': False, 'brand': False, 'category': False, 'feature': False} all_resolved=False n_resolved=0/4 tokens=(1557,975)
  N=4 amz_nonsynth_mf4_000020 seed=1 arm=selfcheckgpt: per_fault={'price': True, 'brand': True, 'category': True, 'feature': False} all_resolved=False n_resolved=3/4 tokens=(5459,847)
  N=4 amz_nonsynth_mf4_000020 seed=1 arm=reflexion: per_fault={'price': False, 'brand': False, 'category': False, 'feature': False} all_resolved=False n_resolved=0/4 tokens=(6707,1159)
  N=4 amz_nonsynth_mf4_000020 seed=1 arm=intro_specter: per_fault={'price': False, 'brand': False, 'category': False, 'feature': False} all_resolved=False n_resolved=0/4 tokens=(2091,919)
  N=4 amz_nonsynth_mf4_000020 seed=2 arm=direct: per_fault={'price': False, 'brand': False, 'category': False, 'feature': False} all_resolved=False n_resolved=0/4 tokens=(752,460)
  N=4 amz_nonsynth_mf4_000020 seed=2 arm=self_refine: per_fault={'price': False, 'brand': False, 'category': False, 'feature': False} all_resolved=False n_resolved=0/4 tokens=(2155,1258)
  N=4 amz_nonsynth_mf4_000020 seed=2 arm=full_regen: per_fault={'price': False, 'brand': False, 'category': False, 'feature': False} all_resolved=False n_resolved=0/4 tokens=(1504,796)
  N=4 amz_nonsynth_mf4_000020 seed=2 arm=react: per_fault={'price': False, 'brand': False, 'category': False, 'feature': False} all_resolved=False n_resolved=0/4 tokens=(1557,1095)
  N=4 amz_nonsynth_mf4_000020 seed=2 arm=selfcheckgpt: per_fault={'price': False, 'brand': False, 'category': False, 'feature': False} all_resolved=False n_resolved=0/4 tokens=(5444,901)
  N=4 amz_nonsynth_mf4_000020 seed=2 arm=reflexion: per_fault={'price': False, 'brand': False, 'category': False, 'feature': False} all_resolved=False n_resolved=0/4 tokens=(6284,743)
  N=4 amz_nonsynth_mf4_000020 seed=2 arm=intro_specter: per_fault={'price': False, 'brand': False, 'category': False, 'feature': False} all_resolved=False n_resolved=0/4 tokens=(2309,1063)
  N=4 amz_nonsynth_mf4_000021 seed=0 arm=direct: per_fault={'price': False, 'brand': False, 'category': False, 'feature': False} all_resolved=False n_resolved=0/4 tokens=(745,477)
  N=4 amz_nonsynth_mf4_000021 seed=0 arm=self_refine: per_fault={'price': False, 'brand': False, 'category': False, 'feature': False} all_resolved=False n_resolved=0/4 tokens=(2081,1151)
  N=4 amz_nonsynth_mf4_000021 seed=0 arm=full_regen: per_fault={'price': False, 'brand': False, 'category': False, 'feature': False} all_resolved=False n_resolved=0/4 tokens=(1490,924)
  N=4 amz_nonsynth_mf4_000021 seed=0 arm=react: per_fault={'price': False, 'brand': False, 'category': False, 'feature': False} all_resolved=False n_resolved=0/4 tokens=(1543,1030)
  N=4 amz_nonsynth_mf4_000021 seed=0 arm=selfcheckgpt: per_fault={'price': False, 'brand': True, 'category': True, 'feature': False} all_resolved=False n_resolved=2/4 tokens=(4971,839)
  N=4 amz_nonsynth_mf4_000021 seed=0 arm=reflexion: per_fault={'price': False, 'brand': False, 'category': False, 'feature': False} all_resolved=False n_resolved=0/4 tokens=(6028,726)
  N=4 amz_nonsynth_mf4_000021 seed=0 arm=intro_specter: per_fault={'price': True, 'brand': False, 'category': False, 'feature': False} all_resolved=False n_resolved=1/4 tokens=(2235,903)
  N=4 amz_nonsynth_mf4_000021 seed=1 arm=direct: per_fault={'price': False, 'brand': False, 'category': False, 'feature': False} all_resolved=False n_resolved=0/4 tokens=(745,498)
  N=4 amz_nonsynth_mf4_000021 seed=1 arm=self_refine: per_fault={'price': False, 'brand': False, 'category': False, 'feature': False} all_resolved=False n_resolved=0/4 tokens=(2123,1307)
  N=4 amz_nonsynth_mf4_000021 seed=1 arm=full_regen: per_fault={'price': False, 'brand': False, 'category': False, 'feature': False} all_resolved=False n_resolved=0/4 tokens=(1490,884)
  N=4 amz_nonsynth_mf4_000021 seed=1 arm=react: per_fault={'price': False, 'brand': False, 'category': False, 'feature': False} all_resolved=False n_resolved=0/4 tokens=(1543,994)
  N=4 amz_nonsynth_mf4_000021 seed=1 arm=selfcheckgpt: per_fault={'price': False, 'brand': True, 'category': True, 'feature': False} all_resolved=False n_resolved=2/4 tokens=(5346,905)
  N=4 amz_nonsynth_mf4_000021 seed=1 arm=reflexion: per_fault={'price': False, 'brand': False, 'category': False, 'feature': False} all_resolved=False n_resolved=0/4 tokens=(6159,735)
  N=4 amz_nonsynth_mf4_000021 seed=1 arm=intro_specter: per_fault={'price': True, 'brand': True, 'category': True, 'feature': True} all_resolved=True n_resolved=4/4 tokens=(2277,1083)
  N=4 amz_nonsynth_mf4_000021 seed=2 arm=direct: per_fault={'price': False, 'brand': False, 'category': False, 'feature': False} all_resolved=False n_resolved=0/4 tokens=(745,392)
  N=4 amz_nonsynth_mf4_000021 seed=2 arm=self_refine: per_fault={'price': False, 'brand': True, 'category': False, 'feature': False} all_resolved=False n_resolved=1/4 tokens=(1954,972)
  N=4 amz_nonsynth_mf4_000021 seed=2 arm=full_regen: per_fault={'price': False, 'brand': False, 'category': False, 'feature': False} all_resolved=False n_resolved=0/4 tokens=(1490,802)
  N=4 amz_nonsynth_mf4_000021 seed=2 arm=react: per_fault={'price': False, 'brand': False, 'category': False, 'feature': False} all_resolved=False n_resolved=0/4 tokens=(1543,999)
  N=4 amz_nonsynth_mf4_000021 seed=2 arm=selfcheckgpt: per_fault={'price': False, 'brand': True, 'category': True, 'feature': False} all_resolved=False n_resolved=2/4 tokens=(5346,820)
  N=4 amz_nonsynth_mf4_000021 seed=2 arm=reflexion: per_fault={'price': False, 'brand': False, 'category': False, 'feature': False} all_resolved=False n_resolved=0/4 tokens=(5650,642)
  N=4 amz_nonsynth_mf4_000021 seed=2 arm=intro_specter: per_fault={'price': False, 'brand': False, 'category': False, 'feature': False} all_resolved=False n_resolved=0/4 tokens=(2108,740)
  N=4 amz_nonsynth_mf4_000022 seed=0 arm=direct: per_fault={'price': False, 'brand': False, 'category': False, 'feature': False} all_resolved=False n_resolved=0/4 tokens=(729,395)
  N=4 amz_nonsynth_mf4_000022 seed=0 arm=self_refine: per_fault={'price': True, 'brand': True, 'category': True, 'feature': True} all_resolved=True n_resolved=4/4 tokens=(1904,1087)
  N=4 amz_nonsynth_mf4_000022 seed=0 arm=full_regen: per_fault={'price': False, 'brand': False, 'category': False, 'feature': False} all_resolved=False n_resolved=0/4 tokens=(1458,784)
  N=4 amz_nonsynth_mf4_000022 seed=0 arm=react: per_fault={'price': False, 'brand': False, 'category': False, 'feature': False} all_resolved=False n_resolved=0/4 tokens=(1511,1050)
  N=4 amz_nonsynth_mf4_000022 seed=0 arm=selfcheckgpt: per_fault={'price': False, 'brand': True, 'category': True, 'feature': False} all_resolved=False n_resolved=2/4 tokens=(5931,923)
  N=4 amz_nonsynth_mf4_000022 seed=0 arm=reflexion: per_fault={'price': False, 'brand': False, 'category': False, 'feature': False} all_resolved=False n_resolved=0/4 tokens=(6518,1191)
  N=4 amz_nonsynth_mf4_000022 seed=0 arm=intro_specter: per_fault={'price': True, 'brand': True, 'category': True, 'feature': False} all_resolved=False n_resolved=3/4 tokens=(2058,844)
  N=4 amz_nonsynth_mf4_000022 seed=1 arm=direct: per_fault={'price': False, 'brand': False, 'category': False, 'feature': False} all_resolved=False n_resolved=0/4 tokens=(729,371)
  N=4 amz_nonsynth_mf4_000022 seed=1 arm=self_refine: per_fault={'price': True, 'brand': False, 'category': False, 'feature': False} all_resolved=False n_resolved=1/4 tokens=(1901,1126)
  N=4 amz_nonsynth_mf4_000022 seed=1 arm=full_regen: per_fault={'price': False, 'brand': False, 'category': False, 'feature': False} all_resolved=False n_resolved=0/4 tokens=(1458,791)
  N=4 amz_nonsynth_mf4_000022 seed=1 arm=react: per_fault={'price': False, 'brand': False, 'category': False, 'feature': False} all_resolved=False n_resolved=0/4 tokens=(1511,1031)
  N=4 amz_nonsynth_mf4_000022 seed=1 arm=selfcheckgpt: per_fault={'price': False, 'brand': True, 'category': True, 'feature': False} all_resolved=False n_resolved=2/4 tokens=(5210,751)
  N=4 amz_nonsynth_mf4_000022 seed=1 arm=reflexion: per_fault={'price': False, 'brand': False, 'category': False, 'feature': False} all_resolved=False n_resolved=0/4 tokens=(5476,597)
  N=4 amz_nonsynth_mf4_000022 seed=1 arm=intro_specter: per_fault={'price': True, 'brand': True, 'category': True, 'feature': True} all_resolved=True n_resolved=4/4 tokens=(2055,806)
  N=4 amz_nonsynth_mf4_000022 seed=2 arm=direct: per_fault={'price': False, 'brand': False, 'category': False, 'feature': False} all_resolved=False n_resolved=0/4 tokens=(729,402)
  N=4 amz_nonsynth_mf4_000022 seed=2 arm=self_refine: per_fault={'price': False, 'brand': False, 'category': False, 'feature': False} all_resolved=False n_resolved=0/4 tokens=(1932,1060)
  N=4 amz_nonsynth_mf4_000022 seed=2 arm=full_regen: per_fault={'price': False, 'brand': False, 'category': False, 'feature': False} all_resolved=False n_resolved=0/4 tokens=(1458,755)
  N=4 amz_nonsynth_mf4_000022 seed=2 arm=react: per_fault={'price': False, 'brand': False, 'category': False, 'feature': False} all_resolved=False n_resolved=0/4 tokens=(1511,1026)
  N=4 amz_nonsynth_mf4_000022 seed=2 arm=selfcheckgpt: per_fault={'price': False, 'brand': True, 'category': True, 'feature': False} all_resolved=False n_resolved=2/4 tokens=(5204,780)
  N=4 amz_nonsynth_mf4_000022 seed=2 arm=reflexion: per_fault={'price': False, 'brand': False, 'category': False, 'feature': False} all_resolved=False n_resolved=0/4 tokens=(6572,1159)
  N=4 amz_nonsynth_mf4_000022 seed=2 arm=intro_specter: per_fault={'price': False, 'brand': False, 'category': False, 'feature': False} all_resolved=False n_resolved=0/4 tokens=(2086,731)
  N=4 amz_nonsynth_mf4_000023 seed=0 arm=direct: per_fault={'price': False, 'brand': False, 'category': False, 'feature': False} all_resolved=False n_resolved=0/4 tokens=(737,484)
  N=4 amz_nonsynth_mf4_000023 seed=0 arm=self_refine: per_fault={'price': False, 'brand': False, 'category': False, 'feature': False} all_resolved=False n_resolved=0/4 tokens=(2093,1128)
  N=4 amz_nonsynth_mf4_000023 seed=0 arm=full_regen: per_fault={'price': True, 'brand': False, 'category': False, 'feature': False} all_resolved=False n_resolved=1/4 tokens=(1474,839)
  N=4 amz_nonsynth_mf4_000023 seed=0 arm=react: per_fault={'price': True, 'brand': False, 'category': False, 'feature': False} all_resolved=False n_resolved=1/4 tokens=(1527,1095)
  N=4 amz_nonsynth_mf4_000023 seed=0 arm=selfcheckgpt: per_fault={'price': True, 'brand': True, 'category': True, 'feature': False} all_resolved=False n_resolved=3/4 tokens=(5472,1000)
  N=4 amz_nonsynth_mf4_000023 seed=0 arm=reflexion: per_fault={'price': False, 'brand': False, 'category': False, 'feature': False} all_resolved=False n_resolved=0/4 tokens=(6051,711)
  N=4 amz_nonsynth_mf4_000023 seed=0 arm=intro_specter: per_fault={'price': True, 'brand': True, 'category': True, 'feature': False} all_resolved=False n_resolved=3/4 tokens=(2247,1193)
  N=4 amz_nonsynth_mf4_000023 seed=1 arm=direct: per_fault={'price': False, 'brand': False, 'category': False, 'feature': False} all_resolved=False n_resolved=0/4 tokens=(737,331)
  N=4 amz_nonsynth_mf4_000023 seed=1 arm=self_refine: per_fault={'price': False, 'brand': False, 'category': False, 'feature': False} all_resolved=False n_resolved=0/4 tokens=(1912,1100)
  N=4 amz_nonsynth_mf4_000023 seed=1 arm=full_regen: per_fault={'price': False, 'brand': False, 'category': False, 'feature': False} all_resolved=False n_resolved=0/4 tokens=(1474,848)
  N=4 amz_nonsynth_mf4_000023 seed=1 arm=react: per_fault={'price': False, 'brand': False, 'category': False, 'feature': False} all_resolved=False n_resolved=0/4 tokens=(1527,951)
  N=4 amz_nonsynth_mf4_000023 seed=1 arm=selfcheckgpt: per_fault={'price': False, 'brand': True, 'category': True, 'feature': False} all_resolved=False n_resolved=2/4 tokens=(6000,931)
  N=4 amz_nonsynth_mf4_000023 seed=1 arm=reflexion: per_fault={'price': False, 'brand': False, 'category': False, 'feature': False} all_resolved=False n_resolved=0/4 tokens=(6410,1051)
  N=4 amz_nonsynth_mf4_000023 seed=1 arm=intro_specter: per_fault={'price': True, 'brand': False, 'category': False, 'feature': False} all_resolved=False n_resolved=1/4 tokens=(2066,560)
  N=4 amz_nonsynth_mf4_000023 seed=2 arm=direct: per_fault={'price': False, 'brand': False, 'category': False, 'feature': False} all_resolved=False n_resolved=0/4 tokens=(737,315)
  N=4 amz_nonsynth_mf4_000023 seed=2 arm=self_refine: per_fault={'price': False, 'brand': False, 'category': False, 'feature': False} all_resolved=False n_resolved=0/4 tokens=(1896,990)
  N=4 amz_nonsynth_mf4_000023 seed=2 arm=full_regen: per_fault={'price': False, 'brand': False, 'category': False, 'feature': False} all_resolved=False n_resolved=0/4 tokens=(1474,684)
  N=4 amz_nonsynth_mf4_000023 seed=2 arm=react: per_fault={'price': False, 'brand': False, 'category': False, 'feature': False} all_resolved=False n_resolved=0/4 tokens=(1527,863)
  N=4 amz_nonsynth_mf4_000023 seed=2 arm=selfcheckgpt: per_fault={'price': False, 'brand': True, 'category': True, 'feature': False} all_resolved=False n_resolved=2/4 tokens=(5476,849)
  N=4 amz_nonsynth_mf4_000023 seed=2 arm=reflexion: per_fault={'price': True, 'brand': True, 'category': True, 'feature': False} all_resolved=False n_resolved=3/4 tokens=(6365,1464)
  N=4 amz_nonsynth_mf4_000023 seed=2 arm=intro_specter: per_fault={'price': True, 'brand': True, 'category': False, 'feature': False} all_resolved=False n_resolved=2/4 tokens=(2050,814)
  N=4 amz_nonsynth_mf4_000024 seed=0 arm=direct: per_fault={'price': False, 'brand': False, 'category': False, 'feature': False} all_resolved=False n_resolved=0/4 tokens=(749,461)
  N=4 amz_nonsynth_mf4_000024 seed=0 arm=self_refine: per_fault={'price': False, 'brand': False, 'category': False, 'feature': False} all_resolved=False n_resolved=0/4 tokens=(2052,1186)
  N=4 amz_nonsynth_mf4_000024 seed=0 arm=full_regen: per_fault={'price': False, 'brand': False, 'category': False, 'feature': False} all_resolved=False n_resolved=0/4 tokens=(1498,784)
  N=4 amz_nonsynth_mf4_000024 seed=0 arm=react: per_fault={'price': False, 'brand': False, 'category': False, 'feature': False} all_resolved=False n_resolved=0/4 tokens=(1551,1018)
  N=4 amz_nonsynth_mf4_000024 seed=0 arm=selfcheckgpt: per_fault={'price': False, 'brand': False, 'category': False, 'feature': False} all_resolved=False n_resolved=0/4 tokens=(5761,983)
  N=4 amz_nonsynth_mf4_000024 seed=0 arm=reflexion: per_fault={'price': False, 'brand': False, 'category': False, 'feature': False} all_resolved=False n_resolved=0/4 tokens=(5943,738)
  N=4 amz_nonsynth_mf4_000024 seed=0 arm=intro_specter: per_fault={'price': True, 'brand': True, 'category': True, 'feature': False} all_resolved=False n_resolved=3/4 tokens=(2206,1005)
  N=4 amz_nonsynth_mf4_000024 seed=1 arm=direct: per_fault={'price': False, 'brand': False, 'category': False, 'feature': False} all_resolved=False n_resolved=0/4 tokens=(749,381)
  N=4 amz_nonsynth_mf4_000024 seed=1 arm=self_refine: per_fault={'price': False, 'brand': False, 'category': False, 'feature': False} all_resolved=False n_resolved=0/4 tokens=(2014,1168)
  N=4 amz_nonsynth_mf4_000024 seed=1 arm=full_regen: per_fault={'price': False, 'brand': False, 'category': False, 'feature': False} all_resolved=False n_resolved=0/4 tokens=(1498,730)
  N=4 amz_nonsynth_mf4_000024 seed=1 arm=react: per_fault={'price': False, 'brand': False, 'category': False, 'feature': False} all_resolved=False n_resolved=0/4 tokens=(1551,1052)
  N=4 amz_nonsynth_mf4_000024 seed=1 arm=selfcheckgpt: per_fault={'price': False, 'brand': False, 'category': False, 'feature': False} all_resolved=False n_resolved=0/4 tokens=(5384,849)
  N=4 amz_nonsynth_mf4_000024 seed=1 arm=reflexion: per_fault={'price': False, 'brand': False, 'category': False, 'feature': False} all_resolved=False n_resolved=0/4 tokens=(5843,620)
  N=4 amz_nonsynth_mf4_000024 seed=1 arm=intro_specter: per_fault={'price': True, 'brand': True, 'category': True, 'feature': True} all_resolved=True n_resolved=4/4 tokens=(2168,707)
  N=4 amz_nonsynth_mf4_000024 seed=2 arm=direct: per_fault={'price': False, 'brand': False, 'category': False, 'feature': False} all_resolved=False n_resolved=0/4 tokens=(749,466)
  N=4 amz_nonsynth_mf4_000024 seed=2 arm=self_refine: per_fault={'price': False, 'brand': False, 'category': False, 'feature': False} all_resolved=False n_resolved=0/4 tokens=(2057,1084)
  N=4 amz_nonsynth_mf4_000024 seed=2 arm=full_regen: per_fault={'price': False, 'brand': False, 'category': False, 'feature': False} all_resolved=False n_resolved=0/4 tokens=(1498,832)
  N=4 amz_nonsynth_mf4_000024 seed=2 arm=react: per_fault={'price': False, 'brand': False, 'category': False, 'feature': False} all_resolved=False n_resolved=0/4 tokens=(1551,1054)
  N=4 amz_nonsynth_mf4_000024 seed=2 arm=selfcheckgpt: per_fault={'price': False, 'brand': False, 'category': False, 'feature': False} all_resolved=False n_resolved=0/4 tokens=(5704,919)
  N=4 amz_nonsynth_mf4_000024 seed=2 arm=reflexion: per_fault={'price': False, 'brand': False, 'category': False, 'feature': False} all_resolved=False n_resolved=0/4 tokens=(5954,723)
  N=4 amz_nonsynth_mf4_000024 seed=2 arm=intro_specter: per_fault={'price': False, 'brand': False, 'category': False, 'feature': False} all_resolved=False n_resolved=0/4 tokens=(2211,782)
  N=4 amz_nonsynth_mf4_000025 seed=0 arm=direct: per_fault={'price': False, 'brand': False, 'category': False, 'feature': False} all_resolved=False n_resolved=0/4 tokens=(729,392)
  N=4 amz_nonsynth_mf4_000025 seed=0 arm=self_refine: per_fault={'price': False, 'brand': False, 'category': False, 'feature': False} all_resolved=False n_resolved=0/4 tokens=(2012,1212)
  N=4 amz_nonsynth_mf4_000025 seed=0 arm=full_regen: per_fault={'price': False, 'brand': False, 'category': False, 'feature': False} all_resolved=False n_resolved=0/4 tokens=(1458,702)
  N=4 amz_nonsynth_mf4_000025 seed=0 arm=react: per_fault={'price': True, 'brand': False, 'category': False, 'feature': False} all_resolved=False n_resolved=1/4 tokens=(1511,998)
  N=4 amz_nonsynth_mf4_000025 seed=0 arm=selfcheckgpt: per_fault={'price': False, 'brand': True, 'category': False, 'feature': False} all_resolved=False n_resolved=1/4 tokens=(5216,818)
  N=4 amz_nonsynth_mf4_000025 seed=0 arm=reflexion: per_fault={'price': False, 'brand': False, 'category': False, 'feature': False} all_resolved=False n_resolved=0/4 tokens=(5805,617)
  N=4 amz_nonsynth_mf4_000025 seed=0 arm=intro_specter: per_fault={'price': True, 'brand': True, 'category': True, 'feature': True} all_resolved=True n_resolved=4/4 tokens=(2166,718)
  N=4 amz_nonsynth_mf4_000025 seed=1 arm=direct: per_fault={'price': False, 'brand': False, 'category': False, 'feature': False} all_resolved=False n_resolved=0/4 tokens=(729,388)
  N=4 amz_nonsynth_mf4_000025 seed=1 arm=self_refine: per_fault={'price': False, 'brand': False, 'category': False, 'feature': False} all_resolved=False n_resolved=0/4 tokens=(2008,1215)
  N=4 amz_nonsynth_mf4_000025 seed=1 arm=full_regen: per_fault={'price': False, 'brand': False, 'category': False, 'feature': False} all_resolved=False n_resolved=0/4 tokens=(1458,836)
  N=4 amz_nonsynth_mf4_000025 seed=1 arm=react: per_fault={'price': True, 'brand': False, 'category': False, 'feature': False} all_resolved=False n_resolved=1/4 tokens=(1511,921)
  N=4 amz_nonsynth_mf4_000025 seed=1 arm=selfcheckgpt: per_fault={'price': False, 'brand': True, 'category': True, 'feature': False} all_resolved=False n_resolved=2/4 tokens=(5185,814)
  N=4 amz_nonsynth_mf4_000025 seed=1 arm=reflexion: per_fault={'price': False, 'brand': False, 'category': False, 'feature': False} all_resolved=False n_resolved=0/4 tokens=(5793,626)
  N=4 amz_nonsynth_mf4_000025 seed=1 arm=intro_specter: per_fault={'price': True, 'brand': True, 'category': True, 'feature': True} all_resolved=True n_resolved=4/4 tokens=(2162,717)
  N=4 amz_nonsynth_mf4_000025 seed=2 arm=direct: per_fault={'price': False, 'brand': False, 'category': False, 'feature': False} all_resolved=False n_resolved=0/4 tokens=(729,330)
  N=4 amz_nonsynth_mf4_000025 seed=2 arm=self_refine: per_fault={'price': False, 'brand': False, 'category': False, 'feature': False} all_resolved=False n_resolved=0/4 tokens=(1860,1031)
  N=4 amz_nonsynth_mf4_000025 seed=2 arm=full_regen: per_fault={'price': False, 'brand': False, 'category': False, 'feature': False} all_resolved=False n_resolved=0/4 tokens=(1458,737)
  N=4 amz_nonsynth_mf4_000025 seed=2 arm=react: per_fault={'price': False, 'brand': False, 'category': False, 'feature': False} all_resolved=False n_resolved=0/4 tokens=(1511,892)
  N=4 amz_nonsynth_mf4_000025 seed=2 arm=selfcheckgpt: per_fault={'price': False, 'brand': True, 'category': True, 'feature': True} all_resolved=False n_resolved=3/4 tokens=(5246,764)
  N=4 amz_nonsynth_mf4_000025 seed=2 arm=reflexion: per_fault={'price': False, 'brand': False, 'category': False, 'feature': False} all_resolved=False n_resolved=0/4 tokens=(5348,563)
  N=4 amz_nonsynth_mf4_000025 seed=2 arm=intro_specter: per_fault={'price': True, 'brand': True, 'category': False, 'feature': False} all_resolved=False n_resolved=2/4 tokens=(2014,450)
  N=4 amz_nonsynth_mf4_000026 seed=0 arm=direct: per_fault={'price': False, 'brand': False, 'category': False, 'feature': False} all_resolved=False n_resolved=0/4 tokens=(724,368)
  N=4 amz_nonsynth_mf4_000026 seed=0 arm=self_refine: per_fault={'price': False, 'brand': False, 'category': False, 'feature': False} all_resolved=False n_resolved=0/4 tokens=(1888,1066)
  N=4 amz_nonsynth_mf4_000026 seed=0 arm=full_regen: per_fault={'price': False, 'brand': False, 'category': False, 'feature': False} all_resolved=False n_resolved=0/4 tokens=(1448,688)
  N=4 amz_nonsynth_mf4_000026 seed=0 arm=react: per_fault={'price': False, 'brand': False, 'category': False, 'feature': False} all_resolved=False n_resolved=0/4 tokens=(1501,962)
  N=4 amz_nonsynth_mf4_000026 seed=0 arm=selfcheckgpt: per_fault={'price': False, 'brand': True, 'category': True, 'feature': True} all_resolved=False n_resolved=3/4 tokens=(5189,783)
  N=4 amz_nonsynth_mf4_000026 seed=0 arm=reflexion: per_fault={'price': False, 'brand': False, 'category': False, 'feature': False} all_resolved=False n_resolved=0/4 tokens=(5420,590)
  N=4 amz_nonsynth_mf4_000026 seed=0 arm=intro_specter: per_fault={'price': False, 'brand': False, 'category': False, 'feature': False} all_resolved=False n_resolved=0/4 tokens=(2042,599)
  N=4 amz_nonsynth_mf4_000026 seed=1 arm=direct: per_fault={'price': False, 'brand': False, 'category': False, 'feature': False} all_resolved=False n_resolved=0/4 tokens=(724,382)
  N=4 amz_nonsynth_mf4_000026 seed=1 arm=self_refine: per_fault={'price': False, 'brand': False, 'category': False, 'feature': False} all_resolved=False n_resolved=0/4 tokens=(1902,1020)
  N=4 amz_nonsynth_mf4_000026 seed=1 arm=full_regen: per_fault={'price': False, 'brand': False, 'category': False, 'feature': False} all_resolved=False n_resolved=0/4 tokens=(1448,754)
  N=4 amz_nonsynth_mf4_000026 seed=1 arm=react: per_fault={'price': False, 'brand': False, 'category': False, 'feature': False} all_resolved=False n_resolved=0/4 tokens=(1501,994)
  N=4 amz_nonsynth_mf4_000026 seed=1 arm=selfcheckgpt: per_fault={'price': False, 'brand': False, 'category': False, 'feature': False} all_resolved=False n_resolved=0/4 tokens=(5233,821)
  N=4 amz_nonsynth_mf4_000026 seed=1 arm=reflexion: per_fault={'price': False, 'brand': False, 'category': False, 'feature': False} all_resolved=False n_resolved=0/4 tokens=(5436,605)
  N=4 amz_nonsynth_mf4_000026 seed=1 arm=intro_specter: per_fault={'price': True, 'brand': True, 'category': True, 'feature': True} all_resolved=True n_resolved=4/4 tokens=(2056,607)
  N=4 amz_nonsynth_mf4_000026 seed=2 arm=direct: per_fault={'price': False, 'brand': False, 'category': False, 'feature': False} all_resolved=False n_resolved=0/4 tokens=(724,383)
  N=4 amz_nonsynth_mf4_000026 seed=2 arm=self_refine: per_fault={'price': False, 'brand': False, 'category': False, 'feature': False} all_resolved=False n_resolved=0/4 tokens=(1903,1095)
  N=4 amz_nonsynth_mf4_000026 seed=2 arm=full_regen: per_fault={'price': False, 'brand': False, 'category': False, 'feature': False} all_resolved=False n_resolved=0/4 tokens=(1448,863)
  N=4 amz_nonsynth_mf4_000026 seed=2 arm=react: per_fault={'price': False, 'brand': False, 'category': False, 'feature': False} all_resolved=False n_resolved=0/4 tokens=(1501,992)
  N=4 amz_nonsynth_mf4_000026 seed=2 arm=selfcheckgpt: per_fault={'price': False, 'brand': True, 'category': True, 'feature': True} all_resolved=False n_resolved=3/4 tokens=(5163,798)
  N=4 amz_nonsynth_mf4_000026 seed=2 arm=reflexion: per_fault={'price': False, 'brand': False, 'category': False, 'feature': False} all_resolved=False n_resolved=0/4 tokens=(5482,627)
  N=4 amz_nonsynth_mf4_000026 seed=2 arm=intro_specter: per_fault={'price': True, 'brand': True, 'category': True, 'feature': True} all_resolved=True n_resolved=4/4 tokens=(2057,576)
  N=4 amz_nonsynth_mf4_000027 seed=0 arm=direct: per_fault={'price': False, 'brand': False, 'category': False, 'feature': False} all_resolved=False n_resolved=0/4 tokens=(739,399)
  N=4 amz_nonsynth_mf4_000027 seed=0 arm=self_refine: per_fault={'price': True, 'brand': True, 'category': True, 'feature': False} all_resolved=False n_resolved=3/4 tokens=(2039,1228)
  N=4 amz_nonsynth_mf4_000027 seed=0 arm=full_regen: per_fault={'price': False, 'brand': False, 'category': False, 'feature': False} all_resolved=False n_resolved=0/4 tokens=(1478,826)
  N=4 amz_nonsynth_mf4_000027 seed=0 arm=react: per_fault={'price': False, 'brand': False, 'category': False, 'feature': False} all_resolved=False n_resolved=0/4 tokens=(1531,940)
  N=4 amz_nonsynth_mf4_000027 seed=0 arm=selfcheckgpt: per_fault={'price': False, 'brand': True, 'category': True, 'feature': True} all_resolved=False n_resolved=3/4 tokens=(5017,813)
  N=4 amz_nonsynth_mf4_000027 seed=0 arm=reflexion: per_fault={'price': False, 'brand': False, 'category': False, 'feature': False} all_resolved=False n_resolved=0/4 tokens=(5895,639)
  N=4 amz_nonsynth_mf4_000027 seed=0 arm=intro_specter: per_fault={'price': True, 'brand': True, 'category': True, 'feature': True} all_resolved=True n_resolved=4/4 tokens=(2193,854)
  N=4 amz_nonsynth_mf4_000027 seed=1 arm=direct: per_fault={'price': False, 'brand': False, 'category': False, 'feature': False} all_resolved=False n_resolved=0/4 tokens=(739,386)
  N=4 amz_nonsynth_mf4_000027 seed=1 arm=self_refine: per_fault={'price': False, 'brand': False, 'category': False, 'feature': False} all_resolved=False n_resolved=0/4 tokens=(2026,1188)
  N=4 amz_nonsynth_mf4_000027 seed=1 arm=full_regen: per_fault={'price': False, 'brand': False, 'category': False, 'feature': False} all_resolved=False n_resolved=0/4 tokens=(1478,731)
  N=4 amz_nonsynth_mf4_000027 seed=1 arm=react: per_fault={'price': False, 'brand': False, 'category': False, 'feature': False} all_resolved=False n_resolved=0/4 tokens=(1531,977)
  N=4 amz_nonsynth_mf4_000027 seed=1 arm=selfcheckgpt: per_fault={'price': False, 'brand': True, 'category': True, 'feature': True} all_resolved=False n_resolved=3/4 tokens=(5362,877)
  N=4 amz_nonsynth_mf4_000027 seed=1 arm=reflexion: per_fault={'price': False, 'brand': False, 'category': False, 'feature': False} all_resolved=False n_resolved=0/4 tokens=(5858,626)
  N=4 amz_nonsynth_mf4_000027 seed=1 arm=intro_specter: per_fault={'price': True, 'brand': True, 'category': True, 'feature': True} all_resolved=True n_resolved=4/4 tokens=(2180,506)
  N=4 amz_nonsynth_mf4_000027 seed=2 arm=direct: per_fault={'price': False, 'brand': False, 'category': False, 'feature': False} all_resolved=False n_resolved=0/4 tokens=(739,431)
  N=4 amz_nonsynth_mf4_000027 seed=2 arm=self_refine: per_fault={'price': False, 'brand': False, 'category': False, 'feature': False} all_resolved=False n_resolved=0/4 tokens=(2071,1236)
  N=4 amz_nonsynth_mf4_000027 seed=2 arm=full_regen: per_fault={'price': False, 'brand': False, 'category': False, 'feature': False} all_resolved=False n_resolved=0/4 tokens=(1478,771)
  N=4 amz_nonsynth_mf4_000027 seed=2 arm=react: per_fault={'price': False, 'brand': False, 'category': False, 'feature': False} all_resolved=False n_resolved=0/4 tokens=(1531,1003)
  N=4 amz_nonsynth_mf4_000027 seed=2 arm=selfcheckgpt: per_fault={'price': False, 'brand': True, 'category': True, 'feature': True} all_resolved=False n_resolved=3/4 tokens=(5331,891)
  N=4 amz_nonsynth_mf4_000027 seed=2 arm=reflexion: per_fault={'price': False, 'brand': False, 'category': False, 'feature': False} all_resolved=False n_resolved=0/4 tokens=(6002,679)
  N=4 amz_nonsynth_mf4_000027 seed=2 arm=intro_specter: per_fault={'price': True, 'brand': True, 'category': True, 'feature': True} all_resolved=True n_resolved=4/4 tokens=(2225,759)
  N=4 amz_nonsynth_mf4_000028 seed=0 arm=direct: per_fault={'price': False, 'brand': False, 'category': False, 'feature': False} all_resolved=False n_resolved=0/4 tokens=(737,382)
  N=4 amz_nonsynth_mf4_000028 seed=0 arm=self_refine: per_fault={'price': False, 'brand': False, 'category': False, 'feature': False} all_resolved=False n_resolved=0/4 tokens=(1991,1241)
  N=4 amz_nonsynth_mf4_000028 seed=0 arm=full_regen: per_fault={'price': False, 'brand': False, 'category': False, 'feature': False} all_resolved=False n_resolved=0/4 tokens=(1474,746)
  N=4 amz_nonsynth_mf4_000028 seed=0 arm=react: per_fault={'price': False, 'brand': False, 'category': False, 'feature': False} all_resolved=False n_resolved=0/4 tokens=(1527,931)
  N=4 amz_nonsynth_mf4_000028 seed=0 arm=selfcheckgpt: per_fault={'price': False, 'brand': False, 'category': False, 'feature': False} all_resolved=False n_resolved=0/4 tokens=(5384,878)
  N=4 amz_nonsynth_mf4_000028 seed=0 arm=reflexion: per_fault={'price': False, 'brand': False, 'category': False, 'feature': False} all_resolved=False n_resolved=0/4 tokens=(5731,668)
  N=4 amz_nonsynth_mf4_000028 seed=0 arm=intro_specter: per_fault={'price': False, 'brand': False, 'category': False, 'feature': False} all_resolved=False n_resolved=0/4 tokens=(2145,813)
  N=4 amz_nonsynth_mf4_000028 seed=1 arm=direct: per_fault={'price': False, 'brand': False, 'category': False, 'feature': False} all_resolved=False n_resolved=0/4 tokens=(737,380)
  N=4 amz_nonsynth_mf4_000028 seed=1 arm=self_refine: per_fault={'price': False, 'brand': False, 'category': False, 'feature': False} all_resolved=False n_resolved=0/4 tokens=(1926,941)
  N=4 amz_nonsynth_mf4_000028 seed=1 arm=full_regen: per_fault={'price': False, 'brand': False, 'category': False, 'feature': False} all_resolved=False n_resolved=0/4 tokens=(1474,797)
  N=4 amz_nonsynth_mf4_000028 seed=1 arm=react: per_fault={'price': False, 'brand': False, 'category': False, 'feature': False} all_resolved=False n_resolved=0/4 tokens=(1527,1028)
  N=4 amz_nonsynth_mf4_000028 seed=1 arm=selfcheckgpt: per_fault={'price': False, 'brand': True, 'category': True, 'feature': False} all_resolved=False n_resolved=2/4 tokens=(5510,923)
  N=4 amz_nonsynth_mf4_000028 seed=1 arm=reflexion: per_fault={'price': False, 'brand': False, 'category': False, 'feature': False} all_resolved=False n_resolved=0/4 tokens=(5536,615)
  N=4 amz_nonsynth_mf4_000028 seed=1 arm=intro_specter: per_fault={'price': True, 'brand': True, 'category': True, 'feature': False} all_resolved=False n_resolved=3/4 tokens=(2080,791)
  N=4 amz_nonsynth_mf4_000028 seed=2 arm=direct: per_fault={'price': False, 'brand': False, 'category': False, 'feature': False} all_resolved=False n_resolved=0/4 tokens=(737,385)
  N=4 amz_nonsynth_mf4_000028 seed=2 arm=self_refine: per_fault={'price': False, 'brand': False, 'category': False, 'feature': False} all_resolved=False n_resolved=0/4 tokens=(1994,1048)
  N=4 amz_nonsynth_mf4_000028 seed=2 arm=full_regen: per_fault={'price': False, 'brand': False, 'category': False, 'feature': False} all_resolved=False n_resolved=0/4 tokens=(1474,716)
  N=4 amz_nonsynth_mf4_000028 seed=2 arm=react: per_fault={'price': False, 'brand': False, 'category': False, 'feature': False} all_resolved=False n_resolved=0/4 tokens=(1527,963)
  N=4 amz_nonsynth_mf4_000028 seed=2 arm=selfcheckgpt: per_fault={'price': False, 'brand': False, 'category': False, 'feature': False} all_resolved=False n_resolved=0/4 tokens=(5446,925)
  N=4 amz_nonsynth_mf4_000028 seed=2 arm=reflexion: per_fault={'price': False, 'brand': False, 'category': False, 'feature': False} all_resolved=False n_resolved=0/4 tokens=(5743,661)
  N=4 amz_nonsynth_mf4_000028 seed=2 arm=intro_specter: per_fault={'price': True, 'brand': True, 'category': True, 'feature': True} all_resolved=True n_resolved=4/4 tokens=(2148,714)
  N=4 amz_nonsynth_mf4_000029 seed=0 arm=direct: per_fault={'price': False, 'brand': False, 'category': False, 'feature': False} all_resolved=False n_resolved=0/4 tokens=(751,403)
  N=4 amz_nonsynth_mf4_000029 seed=0 arm=self_refine: per_fault={'price': False, 'brand': False, 'category': False, 'feature': False} all_resolved=False n_resolved=0/4 tokens=(1977,1128)
  N=4 amz_nonsynth_mf4_000029 seed=0 arm=full_regen: per_fault={'price': False, 'brand': False, 'category': False, 'feature': False} all_resolved=False n_resolved=0/4 tokens=(1502,848)
  N=4 amz_nonsynth_mf4_000029 seed=0 arm=react: per_fault={'price': False, 'brand': False, 'category': False, 'feature': False} all_resolved=False n_resolved=0/4 tokens=(1555,948)
  N=4 amz_nonsynth_mf4_000029 seed=0 arm=selfcheckgpt: per_fault={'price': False, 'brand': False, 'category': False, 'feature': False} all_resolved=False n_resolved=0/4 tokens=(5402,840)
  N=4 amz_nonsynth_mf4_000029 seed=0 arm=reflexion: per_fault={'price': False, 'brand': False, 'category': False, 'feature': False} all_resolved=False n_resolved=0/4 tokens=(5717,641)
  N=4 amz_nonsynth_mf4_000029 seed=0 arm=intro_specter: per_fault={'price': True, 'brand': True, 'category': True, 'feature': True} all_resolved=True n_resolved=4/4 tokens=(2131,909)
  N=4 amz_nonsynth_mf4_000029 seed=1 arm=direct: per_fault={'price': False, 'brand': False, 'category': False, 'feature': False} all_resolved=False n_resolved=0/4 tokens=(751,437)
  N=4 amz_nonsynth_mf4_000029 seed=1 arm=self_refine: per_fault={'price': False, 'brand': False, 'category': False, 'feature': False} all_resolved=False n_resolved=0/4 tokens=(2032,1187)
  N=4 amz_nonsynth_mf4_000029 seed=1 arm=full_regen: per_fault={'price': False, 'brand': False, 'category': False, 'feature': False} all_resolved=False n_resolved=0/4 tokens=(1502,885)
  N=4 amz_nonsynth_mf4_000029 seed=1 arm=react: per_fault={'price': False, 'brand': False, 'category': False, 'feature': False} all_resolved=False n_resolved=0/4 tokens=(1555,1063)
  N=4 amz_nonsynth_mf4_000029 seed=1 arm=selfcheckgpt: per_fault={'price': False, 'brand': False, 'category': False, 'feature': False} all_resolved=False n_resolved=0/4 tokens=(5451,874)
  N=4 amz_nonsynth_mf4_000029 seed=1 arm=reflexion: per_fault={'price': False, 'brand': False, 'category': False, 'feature': False} all_resolved=False n_resolved=0/4 tokens=(5879,662)
  N=4 amz_nonsynth_mf4_000029 seed=1 arm=intro_specter: per_fault={'price': True, 'brand': True, 'category': True, 'feature': True} all_resolved=True n_resolved=4/4 tokens=(2186,775)
  N=4 amz_nonsynth_mf4_000029 seed=2 arm=direct: per_fault={'price': False, 'brand': False, 'category': False, 'feature': False} all_resolved=False n_resolved=0/4 tokens=(751,405)
  N=4 amz_nonsynth_mf4_000029 seed=2 arm=self_refine: per_fault={'price': False, 'brand': False, 'category': False, 'feature': False} all_resolved=False n_resolved=0/4 tokens=(2042,1252)
  N=4 amz_nonsynth_mf4_000029 seed=2 arm=full_regen: per_fault={'price': False, 'brand': False, 'category': False, 'feature': False} all_resolved=False n_resolved=0/4 tokens=(1502,873)
  N=4 amz_nonsynth_mf4_000029 seed=2 arm=react: per_fault={'price': False, 'brand': False, 'category': False, 'feature': False} all_resolved=False n_resolved=0/4 tokens=(1555,1030)
  N=4 amz_nonsynth_mf4_000029 seed=2 arm=selfcheckgpt: per_fault={'price': False, 'brand': True, 'category': True, 'feature': False} all_resolved=False n_resolved=2/4 tokens=(5466,839)
  N=4 amz_nonsynth_mf4_000029 seed=2 arm=reflexion: per_fault={'price': False, 'brand': False, 'category': False, 'feature': False} all_resolved=False n_resolved=0/4 tokens=(5904,633)
  N=4 amz_nonsynth_mf4_000029 seed=2 arm=intro_specter: per_fault={'price': True, 'brand': True, 'category': True, 'feature': True} all_resolved=True n_resolved=4/4 tokens=(2196,784)
  N=4 amz_nonsynth_mf4_000030 seed=0 arm=direct: per_fault={'price': False, 'brand': False, 'category': False, 'feature': False} all_resolved=False n_resolved=0/4 tokens=(742,401)
  N=4 amz_nonsynth_mf4_000030 seed=0 arm=self_refine: per_fault={'price': True, 'brand': True, 'category': True, 'feature': False} all_resolved=False n_resolved=3/4 tokens=(2048,1125)
  N=4 amz_nonsynth_mf4_000030 seed=0 arm=full_regen: per_fault={'price': False, 'brand': False, 'category': False, 'feature': False} all_resolved=False n_resolved=0/4 tokens=(1484,786)
  N=4 amz_nonsynth_mf4_000030 seed=0 arm=react: per_fault={'price': False, 'brand': False, 'category': False, 'feature': False} all_resolved=False n_resolved=0/4 tokens=(1537,1063)
  N=4 amz_nonsynth_mf4_000030 seed=0 arm=selfcheckgpt: per_fault={'price': False, 'brand': True, 'category': True, 'feature': False} all_resolved=False n_resolved=2/4 tokens=(5307,802)
  N=4 amz_nonsynth_mf4_000030 seed=0 arm=reflexion: per_fault={'price': False, 'brand': False, 'category': False, 'feature': False} all_resolved=False n_resolved=0/4 tokens=(5914,637)
  N=4 amz_nonsynth_mf4_000030 seed=0 arm=intro_specter: per_fault={'price': True, 'brand': True, 'category': True, 'feature': True} all_resolved=True n_resolved=4/4 tokens=(2202,746)
  N=4 amz_nonsynth_mf4_000030 seed=1 arm=direct: per_fault={'price': False, 'brand': False, 'category': False, 'feature': False} all_resolved=False n_resolved=0/4 tokens=(742,351)
  N=4 amz_nonsynth_mf4_000030 seed=1 arm=self_refine: per_fault={'price': False, 'brand': False, 'category': False, 'feature': False} all_resolved=False n_resolved=0/4 tokens=(1907,1114)
  N=4 amz_nonsynth_mf4_000030 seed=1 arm=full_regen: per_fault={'price': False, 'brand': False, 'category': False, 'feature': False} all_resolved=False n_resolved=0/4 tokens=(1484,806)
  N=4 amz_nonsynth_mf4_000030 seed=1 arm=react: per_fault={'price': False, 'brand': False, 'category': False, 'feature': False} all_resolved=False n_resolved=0/4 tokens=(1537,890)
  N=4 amz_nonsynth_mf4_000030 seed=1 arm=selfcheckgpt: per_fault={'price': True, 'brand': True, 'category': True, 'feature': False} all_resolved=False n_resolved=3/4 tokens=(5245,742)
  N=4 amz_nonsynth_mf4_000030 seed=1 arm=reflexion: per_fault={'price': False, 'brand': False, 'category': False, 'feature': False} all_resolved=False n_resolved=0/4 tokens=(5525,608)
  N=4 amz_nonsynth_mf4_000030 seed=1 arm=intro_specter: per_fault={'price': True, 'brand': True, 'category': True, 'feature': True} all_resolved=True n_resolved=4/4 tokens=(2061,678)
  N=4 amz_nonsynth_mf4_000030 seed=2 arm=direct: per_fault={'price': False, 'brand': False, 'category': False, 'feature': False} all_resolved=False n_resolved=0/4 tokens=(742,407)
  N=4 amz_nonsynth_mf4_000030 seed=2 arm=self_refine: per_fault={'price': False, 'brand': False, 'category': False, 'feature': False} all_resolved=False n_resolved=0/4 tokens=(1963,1177)
  N=4 amz_nonsynth_mf4_000030 seed=2 arm=full_regen: per_fault={'price': False, 'brand': False, 'category': False, 'feature': False} all_resolved=False n_resolved=0/4 tokens=(1484,868)
  N=4 amz_nonsynth_mf4_000030 seed=2 arm=react: per_fault={'price': False, 'brand': False, 'category': False, 'feature': False} all_resolved=False n_resolved=0/4 tokens=(1537,1095)
  N=4 amz_nonsynth_mf4_000030 seed=2 arm=selfcheckgpt: per_fault={'price': True, 'brand': True, 'category': True, 'feature': False} all_resolved=False n_resolved=3/4 tokens=(5406,881)
  N=4 amz_nonsynth_mf4_000030 seed=2 arm=reflexion: per_fault={'price': False, 'brand': False, 'category': False, 'feature': False} all_resolved=False n_resolved=0/4 tokens=(6538,1127)
  N=4 amz_nonsynth_mf4_000030 seed=2 arm=intro_specter: per_fault={'price': True, 'brand': True, 'category': True, 'feature': True} all_resolved=True n_resolved=4/4 tokens=(2117,737)
  N=4 amz_nonsynth_mf4_000031 seed=0 arm=direct: per_fault={'price': False, 'brand': False, 'category': False, 'feature': False} all_resolved=False n_resolved=0/4 tokens=(735,567)
  N=4 amz_nonsynth_mf4_000031 seed=0 arm=self_refine: per_fault={'price': False, 'brand': False, 'category': False, 'feature': False} all_resolved=False n_resolved=0/4 tokens=(2214,1431)
  N=4 amz_nonsynth_mf4_000031 seed=0 arm=full_regen: per_fault={'price': False, 'brand': False, 'category': False, 'feature': False} all_resolved=False n_resolved=0/4 tokens=(1470,974)
  N=4 amz_nonsynth_mf4_000031 seed=0 arm=react: per_fault={'price': False, 'brand': False, 'category': False, 'feature': False} all_resolved=False n_resolved=0/4 tokens=(1523,1222)
  N=4 amz_nonsynth_mf4_000031 seed=0 arm=selfcheckgpt: per_fault={'price': False, 'brand': False, 'category': False, 'feature': False} all_resolved=False n_resolved=0/4 tokens=(6279,1357)
  N=4 amz_nonsynth_mf4_000031 seed=0 arm=reflexion: per_fault={'price': True, 'brand': True, 'category': True, 'feature': True} all_resolved=True n_resolved=4/4 tokens=(3987,1333)
  N=4 amz_nonsynth_mf4_000031 seed=0 arm=intro_specter: per_fault={'price': True, 'brand': True, 'category': True, 'feature': True} all_resolved=True n_resolved=4/4 tokens=(2368,1340)
  N=4 amz_nonsynth_mf4_000031 seed=1 arm=direct: per_fault={'price': False, 'brand': False, 'category': False, 'feature': False} all_resolved=False n_resolved=0/4 tokens=(735,613)
  N=4 amz_nonsynth_mf4_000031 seed=1 arm=self_refine: per_fault={'price': True, 'brand': False, 'category': False, 'feature': False} all_resolved=False n_resolved=1/4 tokens=(2260,1464)
  N=4 amz_nonsynth_mf4_000031 seed=1 arm=full_regen: per_fault={'price': False, 'brand': False, 'category': False, 'feature': False} all_resolved=False n_resolved=0/4 tokens=(1470,1069)
  N=4 amz_nonsynth_mf4_000031 seed=1 arm=react: per_fault={'price': False, 'brand': False, 'category': False, 'feature': False} all_resolved=False n_resolved=0/4 tokens=(1523,1251)
  N=4 amz_nonsynth_mf4_000031 seed=1 arm=selfcheckgpt: per_fault={'price': False, 'brand': True, 'category': True, 'feature': False} all_resolved=False n_resolved=2/4 tokens=(6398,1363)
  N=4 amz_nonsynth_mf4_000031 seed=1 arm=reflexion: per_fault={'price': False, 'brand': False, 'category': False, 'feature': False} all_resolved=False n_resolved=0/4 tokens=(6584,881)
  N=4 amz_nonsynth_mf4_000031 seed=1 arm=intro_specter: per_fault={'price': False, 'brand': False, 'category': False, 'feature': False} all_resolved=False n_resolved=0/4 tokens=(2414,1419)
  N=4 amz_nonsynth_mf4_000031 seed=2 arm=direct: per_fault={'price': False, 'brand': False, 'category': False, 'feature': False} all_resolved=False n_resolved=0/4 tokens=(735,528)
  N=4 amz_nonsynth_mf4_000031 seed=2 arm=self_refine: per_fault={'price': False, 'brand': False, 'category': False, 'feature': False} all_resolved=False n_resolved=0/4 tokens=(2091,1053)
  N=4 amz_nonsynth_mf4_000031 seed=2 arm=full_regen: per_fault={'price': False, 'brand': False, 'category': False, 'feature': False} all_resolved=False n_resolved=0/4 tokens=(1470,881)
  N=4 amz_nonsynth_mf4_000031 seed=2 arm=react: per_fault={'price': False, 'brand': False, 'category': False, 'feature': False} all_resolved=False n_resolved=0/4 tokens=(1523,1169)
  N=4 amz_nonsynth_mf4_000031 seed=2 arm=selfcheckgpt: per_fault={'price': False, 'brand': False, 'category': False, 'feature': False} all_resolved=False n_resolved=0/4 tokens=(6376,1575)
  N=4 amz_nonsynth_mf4_000031 seed=2 arm=reflexion: per_fault={'price': False, 'brand': False, 'category': False, 'feature': False} all_resolved=False n_resolved=0/4 tokens=(6063,744)
  N=4 amz_nonsynth_mf4_000031 seed=2 arm=intro_specter: per_fault={'price': False, 'brand': False, 'category': False, 'feature': False} all_resolved=False n_resolved=0/4 tokens=(2245,992)
  N=4 amz_nonsynth_mf4_000032 seed=0 arm=direct: per_fault={'price': False, 'brand': False, 'category': False, 'feature': False} all_resolved=False n_resolved=0/4 tokens=(736,357)
  N=4 amz_nonsynth_mf4_000032 seed=0 arm=self_refine: per_fault={'price': False, 'brand': False, 'category': False, 'feature': False} all_resolved=False n_resolved=0/4 tokens=(1899,1012)
  N=4 amz_nonsynth_mf4_000032 seed=0 arm=full_regen: per_fault={'price': False, 'brand': False, 'category': False, 'feature': False} all_resolved=False n_resolved=0/4 tokens=(1472,789)
  N=4 amz_nonsynth_mf4_000032 seed=0 arm=react: per_fault={'price': False, 'brand': False, 'category': False, 'feature': False} all_resolved=False n_resolved=0/4 tokens=(1525,961)
  N=4 amz_nonsynth_mf4_000032 seed=0 arm=selfcheckgpt: per_fault={'price': False, 'brand': False, 'category': False, 'feature': False} all_resolved=False n_resolved=0/4 tokens=(5297,769)
  N=4 amz_nonsynth_mf4_000032 seed=0 arm=reflexion: per_fault={'price': False, 'brand': False, 'category': False, 'feature': False} all_resolved=False n_resolved=0/4 tokens=(5499,601)
  N=4 amz_nonsynth_mf4_000032 seed=0 arm=intro_specter: per_fault={'price': False, 'brand': False, 'category': False, 'feature': False} all_resolved=False n_resolved=0/4 tokens=(2053,470)
  N=4 amz_nonsynth_mf4_000032 seed=1 arm=direct: per_fault={'price': False, 'brand': False, 'category': False, 'feature': False} all_resolved=False n_resolved=0/4 tokens=(736,326)
  N=4 amz_nonsynth_mf4_000032 seed=1 arm=self_refine: per_fault={'price': False, 'brand': False, 'category': False, 'feature': False} all_resolved=False n_resolved=0/4 tokens=(1902,977)
  N=4 amz_nonsynth_mf4_000032 seed=1 arm=full_regen: per_fault={'price': False, 'brand': False, 'category': False, 'feature': False} all_resolved=False n_resolved=0/4 tokens=(1472,692)
  N=4 amz_nonsynth_mf4_000032 seed=1 arm=react: per_fault={'price': False, 'brand': False, 'category': False, 'feature': False} all_resolved=False n_resolved=0/4 tokens=(1525,866)
  N=4 amz_nonsynth_mf4_000032 seed=1 arm=selfcheckgpt: per_fault={'price': False, 'brand': True, 'category': True, 'feature': False} all_resolved=False n_resolved=2/4 tokens=(5278,766)
  N=4 amz_nonsynth_mf4_000032 seed=1 arm=reflexion: per_fault={'price': True, 'brand': True, 'category': True, 'feature': True} all_resolved=True n_resolved=4/4 tokens=(3293,931)
  N=4 amz_nonsynth_mf4_000032 seed=1 arm=intro_specter: per_fault={'price': True, 'brand': True, 'category': True, 'feature': True} all_resolved=True n_resolved=4/4 tokens=(2056,549)
  N=4 amz_nonsynth_mf4_000032 seed=2 arm=direct: per_fault={'price': False, 'brand': False, 'category': False, 'feature': False} all_resolved=False n_resolved=0/4 tokens=(736,426)
  N=4 amz_nonsynth_mf4_000032 seed=2 arm=self_refine: per_fault={'price': False, 'brand': False, 'category': False, 'feature': False} all_resolved=False n_resolved=0/4 tokens=(2057,1119)
  N=4 amz_nonsynth_mf4_000032 seed=2 arm=full_regen: per_fault={'price': False, 'brand': False, 'category': False, 'feature': False} all_resolved=False n_resolved=0/4 tokens=(1472,881)
  N=4 amz_nonsynth_mf4_000032 seed=2 arm=react: per_fault={'price': False, 'brand': False, 'category': False, 'feature': False} all_resolved=False n_resolved=0/4 tokens=(1525,979)
  N=4 amz_nonsynth_mf4_000032 seed=2 arm=selfcheckgpt: per_fault={'price': False, 'brand': True, 'category': True, 'feature': False} all_resolved=False n_resolved=2/4 tokens=(5363,888)
  N=4 amz_nonsynth_mf4_000032 seed=2 arm=reflexion: per_fault={'price': False, 'brand': False, 'category': False, 'feature': False} all_resolved=False n_resolved=0/4 tokens=(5967,721)
  N=4 amz_nonsynth_mf4_000032 seed=2 arm=intro_specter: per_fault={'price': True, 'brand': True, 'category': True, 'feature': True} all_resolved=True n_resolved=4/4 tokens=(2211,834)
  N=4 amz_nonsynth_mf4_000034 seed=0 arm=direct: per_fault={'price': False, 'brand': False, 'category': False, 'feature': False} all_resolved=False n_resolved=0/4 tokens=(753,387)
  N=4 amz_nonsynth_mf4_000034 seed=0 arm=self_refine: per_fault={'price': True, 'brand': False, 'category': False, 'feature': False} all_resolved=False n_resolved=1/4 tokens=(1965,1179)
  N=4 amz_nonsynth_mf4_000034 seed=0 arm=full_regen: per_fault={'price': False, 'brand': False, 'category': False, 'feature': False} all_resolved=False n_resolved=0/4 tokens=(1506,775)
  N=4 amz_nonsynth_mf4_000034 seed=0 arm=react: per_fault={'price': True, 'brand': False, 'category': False, 'feature': False} all_resolved=False n_resolved=1/4 tokens=(1559,923)
  N=4 amz_nonsynth_mf4_000034 seed=0 arm=selfcheckgpt: per_fault={'price': False, 'brand': False, 'category': False, 'feature': False} all_resolved=False n_resolved=0/4 tokens=(4666,697)
  N=4 amz_nonsynth_mf4_000034 seed=0 arm=reflexion: per_fault={'price': False, 'brand': False, 'category': False, 'feature': False} all_resolved=False n_resolved=0/4 tokens=(5686,604)
  N=4 amz_nonsynth_mf4_000034 seed=0 arm=intro_specter: per_fault={'price': True, 'brand': True, 'category': True, 'feature': True} all_resolved=True n_resolved=4/4 tokens=(2119,887)
  N=4 amz_nonsynth_mf4_000034 seed=1 arm=direct: per_fault={'price': False, 'brand': False, 'category': False, 'feature': False} all_resolved=False n_resolved=0/4 tokens=(753,388)
  N=4 amz_nonsynth_mf4_000034 seed=1 arm=self_refine: per_fault={'price': False, 'brand': False, 'category': False, 'feature': False} all_resolved=False n_resolved=0/4 tokens=(1966,1144)
  N=4 amz_nonsynth_mf4_000034 seed=1 arm=full_regen: per_fault={'price': True, 'brand': False, 'category': False, 'feature': False} all_resolved=False n_resolved=1/4 tokens=(1506,877)
  N=4 amz_nonsynth_mf4_000034 seed=1 arm=react: per_fault={'price': True, 'brand': False, 'category': False, 'feature': False} all_resolved=False n_resolved=1/4 tokens=(1559,905)
  N=4 amz_nonsynth_mf4_000034 seed=1 arm=selfcheckgpt: per_fault={'price': False, 'brand': False, 'category': False, 'feature': False} all_resolved=False n_resolved=0/4 tokens=(4620,680)
  N=4 amz_nonsynth_mf4_000034 seed=1 arm=reflexion: per_fault={'price': False, 'brand': False, 'category': False, 'feature': False} all_resolved=False n_resolved=0/4 tokens=(5684,621)
  N=4 amz_nonsynth_mf4_000034 seed=1 arm=intro_specter: per_fault={'price': True, 'brand': True, 'category': True, 'feature': True} all_resolved=True n_resolved=4/4 tokens=(2120,889)
  N=4 amz_nonsynth_mf4_000034 seed=2 arm=direct: per_fault={'price': True, 'brand': False, 'category': False, 'feature': False} all_resolved=False n_resolved=1/4 tokens=(753,362)
  N=4 amz_nonsynth_mf4_000034 seed=2 arm=self_refine: per_fault={'price': False, 'brand': False, 'category': False, 'feature': False} all_resolved=False n_resolved=0/4 tokens=(1940,954)
  N=4 amz_nonsynth_mf4_000034 seed=2 arm=full_regen: per_fault={'price': True, 'brand': False, 'category': False, 'feature': False} all_resolved=False n_resolved=1/4 tokens=(1506,739)
  N=4 amz_nonsynth_mf4_000034 seed=2 arm=react: per_fault={'price': True, 'brand': False, 'category': False, 'feature': False} all_resolved=False n_resolved=1/4 tokens=(1559,874)
  N=4 amz_nonsynth_mf4_000034 seed=2 arm=selfcheckgpt: per_fault={'price': True, 'brand': False, 'category': False, 'feature': False} all_resolved=False n_resolved=1/4 tokens=(4644,672)
  N=4 amz_nonsynth_mf4_000034 seed=2 arm=reflexion: per_fault={'price': False, 'brand': False, 'category': False, 'feature': False} all_resolved=False n_resolved=0/4 tokens=(5611,606)
  N=4 amz_nonsynth_mf4_000034 seed=2 arm=intro_specter: per_fault={'price': True, 'brand': True, 'category': True, 'feature': True} all_resolved=True n_resolved=4/4 tokens=(2094,858)
  N=4 amz_nonsynth_mf4_000035 seed=0 arm=direct: per_fault={'price': False, 'brand': False, 'category': False, 'feature': False} all_resolved=False n_resolved=0/4 tokens=(743,382)
  N=4 amz_nonsynth_mf4_000035 seed=0 arm=self_refine: per_fault={'price': False, 'brand': False, 'category': False, 'feature': False} all_resolved=False n_resolved=0/4 tokens=(2031,1272)
  N=4 amz_nonsynth_mf4_000035 seed=0 arm=full_regen: per_fault={'price': False, 'brand': False, 'category': False, 'feature': False} all_resolved=False n_resolved=0/4 tokens=(1486,764)
  N=4 amz_nonsynth_mf4_000035 seed=0 arm=react: per_fault={'price': False, 'brand': False, 'category': False, 'feature': False} all_resolved=False n_resolved=0/4 tokens=(1539,900)
  N=4 amz_nonsynth_mf4_000035 seed=0 arm=selfcheckgpt: per_fault={'price': False, 'brand': True, 'category': False, 'feature': True} all_resolved=False n_resolved=2/4 tokens=(5407,820)
  N=4 amz_nonsynth_mf4_000035 seed=0 arm=reflexion: per_fault={'price': False, 'brand': False, 'category': False, 'feature': False} all_resolved=False n_resolved=0/4 tokens=(5886,620)
  N=4 amz_nonsynth_mf4_000035 seed=0 arm=intro_specter: per_fault={'price': True, 'brand': True, 'category': True, 'feature': True} all_resolved=True n_resolved=4/4 tokens=(2185,793)
  N=4 amz_nonsynth_mf4_000035 seed=1 arm=direct: per_fault={'price': False, 'brand': False, 'category': False, 'feature': False} all_resolved=False n_resolved=0/4 tokens=(743,372)
  N=4 amz_nonsynth_mf4_000035 seed=1 arm=self_refine: per_fault={'price': False, 'brand': False, 'category': False, 'feature': False} all_resolved=False n_resolved=0/4 tokens=(2021,861)
  N=4 amz_nonsynth_mf4_000035 seed=1 arm=full_regen: per_fault={'price': False, 'brand': False, 'category': False, 'feature': False} all_resolved=False n_resolved=0/4 tokens=(1486,837)
  N=4 amz_nonsynth_mf4_000035 seed=1 arm=react: per_fault={'price': False, 'brand': False, 'category': False, 'feature': False} all_resolved=False n_resolved=0/4 tokens=(1539,895)
  N=4 amz_nonsynth_mf4_000035 seed=1 arm=selfcheckgpt: per_fault={'price': False, 'brand': True, 'category': True, 'feature': False} all_resolved=False n_resolved=2/4 tokens=(5401,836)
  N=4 amz_nonsynth_mf4_000035 seed=1 arm=reflexion: per_fault={'price': False, 'brand': False, 'category': False, 'feature': False} all_resolved=False n_resolved=0/4 tokens=(5859,569)
  N=4 amz_nonsynth_mf4_000035 seed=1 arm=intro_specter: per_fault={'price': True, 'brand': True, 'category': True, 'feature': True} all_resolved=True n_resolved=4/4 tokens=(2175,883)
  N=4 amz_nonsynth_mf4_000035 seed=2 arm=direct: per_fault={'price': False, 'brand': False, 'category': False, 'feature': False} all_resolved=False n_resolved=0/4 tokens=(743,300)
  N=4 amz_nonsynth_mf4_000035 seed=2 arm=self_refine: per_fault={'price': False, 'brand': False, 'category': False, 'feature': False} all_resolved=False n_resolved=0/4 tokens=(1893,952)
  N=4 amz_nonsynth_mf4_000035 seed=2 arm=full_regen: per_fault={'price': False, 'brand': False, 'category': False, 'feature': False} all_resolved=False n_resolved=0/4 tokens=(1486,653)
  N=4 amz_nonsynth_mf4_000035 seed=2 arm=react: per_fault={'price': False, 'brand': False, 'category': False, 'feature': False} all_resolved=False n_resolved=0/4 tokens=(1539,811)
  N=4 amz_nonsynth_mf4_000035 seed=2 arm=selfcheckgpt: per_fault={'price': False, 'brand': True, 'category': True, 'feature': False} all_resolved=False n_resolved=2/4 tokens=(5387,723)
  N=4 amz_nonsynth_mf4_000035 seed=2 arm=reflexion: per_fault={'price': True, 'brand': True, 'category': True, 'feature': True} all_resolved=True n_resolved=4/4 tokens=(3287,973)
  N=4 amz_nonsynth_mf4_000035 seed=2 arm=intro_specter: per_fault={'price': True, 'brand': True, 'category': True, 'feature': True} all_resolved=True n_resolved=4/4 tokens=(2047,417)
  N=4 amz_nonsynth_mf4_000036 seed=0 arm=direct: per_fault={'price': False, 'brand': False, 'category': False, 'feature': False} all_resolved=False n_resolved=0/4 tokens=(732,370)
  N=4 amz_nonsynth_mf4_000036 seed=0 arm=self_refine: per_fault={'price': False, 'brand': False, 'category': False, 'feature': False} all_resolved=False n_resolved=0/4 tokens=(1968,1205)
  N=4 amz_nonsynth_mf4_000036 seed=0 arm=full_regen: per_fault={'price': False, 'brand': False, 'category': False, 'feature': False} all_resolved=False n_resolved=0/4 tokens=(1464,727)
  N=4 amz_nonsynth_mf4_000036 seed=0 arm=react: per_fault={'price': False, 'brand': False, 'category': False, 'feature': False} all_resolved=False n_resolved=0/4 tokens=(1517,976)
  N=4 amz_nonsynth_mf4_000036 seed=0 arm=selfcheckgpt: per_fault={'price': False, 'brand': False, 'category': False, 'feature': False} all_resolved=False n_resolved=0/4 tokens=(4775,833)
  N=4 amz_nonsynth_mf4_000036 seed=0 arm=reflexion: per_fault={'price': False, 'brand': False, 'category': False, 'feature': False} all_resolved=False n_resolved=0/4 tokens=(5676,612)
  N=4 amz_nonsynth_mf4_000036 seed=0 arm=intro_specter: per_fault={'price': True, 'brand': True, 'category': True, 'feature': False} all_resolved=False n_resolved=3/4 tokens=(2122,594)
  N=4 amz_nonsynth_mf4_000036 seed=1 arm=direct: per_fault={'price': False, 'brand': False, 'category': False, 'feature': False} all_resolved=False n_resolved=0/4 tokens=(732,414)
  N=4 amz_nonsynth_mf4_000036 seed=1 arm=self_refine: per_fault={'price': False, 'brand': False, 'category': False, 'feature': False} all_resolved=False n_resolved=0/4 tokens=(2041,1184)
  N=4 amz_nonsynth_mf4_000036 seed=1 arm=full_regen: per_fault={'price': False, 'brand': False, 'category': False, 'feature': False} all_resolved=False n_resolved=0/4 tokens=(1464,922)
  N=4 amz_nonsynth_mf4_000036 seed=1 arm=react: per_fault={'price': False, 'brand': False, 'category': False, 'feature': False} all_resolved=False n_resolved=0/4 tokens=(1517,1009)
  N=4 amz_nonsynth_mf4_000036 seed=1 arm=selfcheckgpt: per_fault={'price': False, 'brand': False, 'category': False, 'feature': False} all_resolved=False n_resolved=0/4 tokens=(5289,865)
  N=4 amz_nonsynth_mf4_000036 seed=1 arm=reflexion: per_fault={'price': False, 'brand': False, 'category': False, 'feature': False} all_resolved=False n_resolved=0/4 tokens=(5903,670)
  N=4 amz_nonsynth_mf4_000036 seed=1 arm=intro_specter: per_fault={'price': True, 'brand': True, 'category': True, 'feature': True} all_resolved=True n_resolved=4/4 tokens=(2195,956)
  N=4 amz_nonsynth_mf4_000036 seed=2 arm=direct: per_fault={'price': False, 'brand': False, 'category': False, 'feature': False} all_resolved=False n_resolved=0/4 tokens=(732,485)
  N=4 amz_nonsynth_mf4_000036 seed=2 arm=self_refine: per_fault={'price': False, 'brand': False, 'category': False, 'feature': False} all_resolved=False n_resolved=0/4 tokens=(2063,1156)
  N=4 amz_nonsynth_mf4_000036 seed=2 arm=full_regen: per_fault={'price': False, 'brand': False, 'category': False, 'feature': False} all_resolved=False n_resolved=0/4 tokens=(1464,924)
  N=4 amz_nonsynth_mf4_000036 seed=2 arm=react: per_fault={'price': False, 'brand': False, 'category': False, 'feature': False} all_resolved=False n_resolved=0/4 tokens=(1517,1045)
  N=4 amz_nonsynth_mf4_000036 seed=2 arm=selfcheckgpt: per_fault={'price': False, 'brand': False, 'category': False, 'feature': False} all_resolved=False n_resolved=0/4 tokens=(5343,1059)
  N=4 amz_nonsynth_mf4_000036 seed=2 arm=reflexion: per_fault={'price': False, 'brand': False, 'category': False, 'feature': False} all_resolved=False n_resolved=0/4 tokens=(5967,714)
  N=4 amz_nonsynth_mf4_000036 seed=2 arm=intro_specter: per_fault={'price': True, 'brand': True, 'category': True, 'feature': True} all_resolved=True n_resolved=4/4 tokens=(2217,859)
  N=4 amz_nonsynth_mf4_000037 seed=0 arm=direct: per_fault={'price': False, 'brand': False, 'category': False, 'feature': False} all_resolved=False n_resolved=0/4 tokens=(727,358)
  N=4 amz_nonsynth_mf4_000037 seed=0 arm=self_refine: per_fault={'price': False, 'brand': False, 'category': False, 'feature': False} all_resolved=False n_resolved=0/4 tokens=(1884,1026)
  N=4 amz_nonsynth_mf4_000037 seed=0 arm=full_regen: per_fault={'price': False, 'brand': False, 'category': False, 'feature': False} all_resolved=False n_resolved=0/4 tokens=(1454,683)
  N=4 amz_nonsynth_mf4_000037 seed=0 arm=react: per_fault={'price': False, 'brand': False, 'category': False, 'feature': False} all_resolved=False n_resolved=0/4 tokens=(1507,913)
  N=4 amz_nonsynth_mf4_000037 seed=0 arm=selfcheckgpt: per_fault={'price': False, 'brand': False, 'category': False, 'feature': False} all_resolved=False n_resolved=0/4 tokens=(4565,730)
  N=4 amz_nonsynth_mf4_000037 seed=0 arm=reflexion: per_fault={'price': False, 'brand': False, 'category': False, 'feature': False} all_resolved=False n_resolved=0/4 tokens=(5415,605)
  N=4 amz_nonsynth_mf4_000037 seed=0 arm=intro_specter: per_fault={'price': True, 'brand': True, 'category': True, 'feature': True} all_resolved=True n_resolved=4/4 tokens=(2038,831)
  N=4 amz_nonsynth_mf4_000037 seed=1 arm=direct: per_fault={'price': False, 'brand': False, 'category': False, 'feature': False} all_resolved=False n_resolved=0/4 tokens=(727,407)
  N=4 amz_nonsynth_mf4_000037 seed=1 arm=self_refine: per_fault={'price': False, 'brand': False, 'category': False, 'feature': False} all_resolved=False n_resolved=0/4 tokens=(1931,1158)
  N=4 amz_nonsynth_mf4_000037 seed=1 arm=full_regen: per_fault={'price': False, 'brand': False, 'category': False, 'feature': False} all_resolved=False n_resolved=0/4 tokens=(1454,796)
  N=4 amz_nonsynth_mf4_000037 seed=1 arm=react: per_fault={'price': False, 'brand': False, 'category': False, 'feature': False} all_resolved=False n_resolved=0/4 tokens=(1507,989)
  N=4 amz_nonsynth_mf4_000037 seed=1 arm=selfcheckgpt: per_fault={'price': False, 'brand': False, 'category': False, 'feature': False} all_resolved=False n_resolved=0/4 tokens=(5466,850)
  N=4 amz_nonsynth_mf4_000037 seed=1 arm=reflexion: per_fault={'price': True, 'brand': True, 'category': True, 'feature': True} all_resolved=True n_resolved=4/4 tokens=(3362,1025)
  N=4 amz_nonsynth_mf4_000037 seed=1 arm=intro_specter: per_fault={'price': True, 'brand': True, 'category': True, 'feature': True} all_resolved=True n_resolved=4/4 tokens=(2085,839)
  N=4 amz_nonsynth_mf4_000037 seed=2 arm=direct: per_fault={'price': False, 'brand': False, 'category': False, 'feature': False} all_resolved=False n_resolved=0/4 tokens=(727,372)
  N=4 amz_nonsynth_mf4_000037 seed=2 arm=self_refine: per_fault={'price': True, 'brand': True, 'category': True, 'feature': True} all_resolved=True n_resolved=4/4 tokens=(1898,1008)
  N=4 amz_nonsynth_mf4_000037 seed=2 arm=full_regen: per_fault={'price': False, 'brand': False, 'category': False, 'feature': False} all_resolved=False n_resolved=0/4 tokens=(1454,704)
  N=4 amz_nonsynth_mf4_000037 seed=2 arm=react: per_fault={'price': False, 'brand': False, 'category': False, 'feature': False} all_resolved=False n_resolved=0/4 tokens=(1507,913)
  N=4 amz_nonsynth_mf4_000037 seed=2 arm=selfcheckgpt: per_fault={'price': False, 'brand': True, 'category': True, 'feature': True} all_resolved=False n_resolved=3/4 tokens=(5267,816)
  N=4 amz_nonsynth_mf4_000037 seed=2 arm=reflexion: per_fault={'price': False, 'brand': False, 'category': False, 'feature': False} all_resolved=False n_resolved=0/4 tokens=(5465,611)
  N=4 amz_nonsynth_mf4_000037 seed=2 arm=intro_specter: per_fault={'price': True, 'brand': True, 'category': True, 'feature': True} all_resolved=True n_resolved=4/4 tokens=(2052,806)
  N=4 amz_nonsynth_mf4_000038 seed=0 arm=direct: per_fault={'price': False, 'brand': False, 'category': False, 'feature': False} all_resolved=False n_resolved=0/4 tokens=(731,349)
  N=4 amz_nonsynth_mf4_000038 seed=0 arm=self_refine: per_fault={'price': True, 'brand': True, 'category': True, 'feature': False} all_resolved=False n_resolved=3/4 tokens=(1862,992)
  N=4 amz_nonsynth_mf4_000038 seed=0 arm=full_regen: per_fault={'price': False, 'brand': False, 'category': False, 'feature': False} all_resolved=False n_resolved=0/4 tokens=(1462,825)
  N=4 amz_nonsynth_mf4_000038 seed=0 arm=react: per_fault={'price': False, 'brand': False, 'category': False, 'feature': False} all_resolved=False n_resolved=0/4 tokens=(1515,940)
  N=4 amz_nonsynth_mf4_000038 seed=0 arm=selfcheckgpt: per_fault={'price': False, 'brand': True, 'category': True, 'feature': False} all_resolved=False n_resolved=2/4 tokens=(5289,807)
  N=4 amz_nonsynth_mf4_000038 seed=0 arm=reflexion: per_fault={'price': False, 'brand': False, 'category': False, 'feature': False} all_resolved=False n_resolved=0/4 tokens=(5319,571)
  N=4 amz_nonsynth_mf4_000038 seed=0 arm=intro_specter: per_fault={'price': False, 'brand': False, 'category': False, 'feature': False} all_resolved=False n_resolved=0/4 tokens=(2016,829)
  N=4 amz_nonsynth_mf4_000038 seed=1 arm=direct: per_fault={'price': False, 'brand': False, 'category': False, 'feature': False} all_resolved=False n_resolved=0/4 tokens=(731,318)
  N=4 amz_nonsynth_mf4_000038 seed=1 arm=self_refine: per_fault={'price': True, 'brand': True, 'category': True, 'feature': True} all_resolved=True n_resolved=4/4 tokens=(1852,923)
  N=4 amz_nonsynth_mf4_000038 seed=1 arm=full_regen: per_fault={'price': False, 'brand': False, 'category': False, 'feature': False} all_resolved=False n_resolved=0/4 tokens=(1462,738)
  N=4 amz_nonsynth_mf4_000038 seed=1 arm=react: per_fault={'price': False, 'brand': False, 'category': False, 'feature': False} all_resolved=False n_resolved=0/4 tokens=(1515,914)
  N=4 amz_nonsynth_mf4_000038 seed=1 arm=selfcheckgpt: per_fault={'price': False, 'brand': False, 'category': False, 'feature': False} all_resolved=False n_resolved=0/4 tokens=(4564,962)
  N=4 amz_nonsynth_mf4_000038 seed=1 arm=reflexion: per_fault={'price': False, 'brand': False, 'category': False, 'feature': False} all_resolved=False n_resolved=0/4 tokens=(5333,566)
  N=4 amz_nonsynth_mf4_000038 seed=1 arm=intro_specter: per_fault={'price': True, 'brand': True, 'category': True, 'feature': True} all_resolved=True n_resolved=4/4 tokens=(2006,843)
  N=4 amz_nonsynth_mf4_000038 seed=2 arm=direct: per_fault={'price': False, 'brand': False, 'category': False, 'feature': False} all_resolved=False n_resolved=0/4 tokens=(731,380)
  N=4 amz_nonsynth_mf4_000038 seed=2 arm=self_refine: per_fault={'price': False, 'brand': False, 'category': False, 'feature': False} all_resolved=False n_resolved=0/4 tokens=(1914,972)
  N=4 amz_nonsynth_mf4_000038 seed=2 arm=full_regen: per_fault={'price': False, 'brand': False, 'category': False, 'feature': False} all_resolved=False n_resolved=0/4 tokens=(1462,754)
  N=4 amz_nonsynth_mf4_000038 seed=2 arm=react: per_fault={'price': False, 'brand': False, 'category': False, 'feature': False} all_resolved=False n_resolved=0/4 tokens=(1515,961)
  N=4 amz_nonsynth_mf4_000038 seed=2 arm=selfcheckgpt: per_fault={'price': False, 'brand': False, 'category': False, 'feature': False} all_resolved=False n_resolved=0/4 tokens=(5373,916)
  N=4 amz_nonsynth_mf4_000038 seed=2 arm=reflexion: per_fault={'price': True, 'brand': True, 'category': True, 'feature': True} all_resolved=True n_resolved=4/4 tokens=(3314,1055)
  N=4 amz_nonsynth_mf4_000038 seed=2 arm=intro_specter: per_fault={'price': True, 'brand': True, 'category': True, 'feature': False} all_resolved=False n_resolved=3/4 tokens=(2068,720)
  N=4 amz_nonsynth_mf4_000039 seed=0 arm=direct: per_fault={'price': False, 'brand': False, 'category': False, 'feature': False} all_resolved=False n_resolved=0/4 tokens=(735,662)
  N=4 amz_nonsynth_mf4_000039 seed=0 arm=self_refine: per_fault={'price': False, 'brand': False, 'category': False, 'feature': False} all_resolved=False n_resolved=0/4 tokens=(2288,1154)
  N=4 amz_nonsynth_mf4_000039 seed=0 arm=full_regen: per_fault={'price': False, 'brand': False, 'category': False, 'feature': False} all_resolved=False n_resolved=0/4 tokens=(1470,1281)
  N=4 amz_nonsynth_mf4_000039 seed=0 arm=react: per_fault={'price': False, 'brand': False, 'category': False, 'feature': False} all_resolved=False n_resolved=0/4 tokens=(1523,1305)
  N=4 amz_nonsynth_mf4_000039 seed=0 arm=selfcheckgpt: per_fault={'price': False, 'brand': False, 'category': False, 'feature': False} all_resolved=False n_resolved=0/4 tokens=(5637,1315)
  N=4 amz_nonsynth_mf4_000039 seed=0 arm=reflexion: per_fault={'price': True, 'brand': True, 'category': True, 'feature': True} all_resolved=True n_resolved=4/4 tokens=(4062,793)
  N=4 amz_nonsynth_mf4_000039 seed=0 arm=intro_specter: per_fault={'price': True, 'brand': False, 'category': False, 'feature': False} all_resolved=False n_resolved=1/4 tokens=(2442,1193)
  N=4 amz_nonsynth_mf4_000039 seed=1 arm=direct: per_fault={'price': False, 'brand': False, 'category': False, 'feature': False} all_resolved=False n_resolved=0/4 tokens=(735,462)
  N=4 amz_nonsynth_mf4_000039 seed=1 arm=self_refine: per_fault={'price': False, 'brand': False, 'category': False, 'feature': False} all_resolved=False n_resolved=0/4 tokens=(2004,1278)
  N=4 amz_nonsynth_mf4_000039 seed=1 arm=full_regen: per_fault={'price': False, 'brand': False, 'category': False, 'feature': False} all_resolved=False n_resolved=0/4 tokens=(1470,836)
  N=4 amz_nonsynth_mf4_000039 seed=1 arm=react: per_fault={'price': False, 'brand': False, 'category': False, 'feature': False} all_resolved=False n_resolved=0/4 tokens=(1523,1166)
  N=4 amz_nonsynth_mf4_000039 seed=1 arm=selfcheckgpt: per_fault={'price': False, 'brand': False, 'category': False, 'feature': False} all_resolved=False n_resolved=0/4 tokens=(4561,1086)
  N=4 amz_nonsynth_mf4_000039 seed=1 arm=reflexion: per_fault={'price': False, 'brand': False, 'category': False, 'feature': False} all_resolved=False n_resolved=0/4 tokens=(5744,709)
  N=4 amz_nonsynth_mf4_000039 seed=1 arm=intro_specter: per_fault={'price': True, 'brand': True, 'category': True, 'feature': True} all_resolved=True n_resolved=4/4 tokens=(2158,933)
  N=4 amz_nonsynth_mf4_000039 seed=2 arm=direct: per_fault={'price': False, 'brand': False, 'category': False, 'feature': False} all_resolved=False n_resolved=0/4 tokens=(735,431)
  N=4 amz_nonsynth_mf4_000039 seed=2 arm=self_refine: per_fault={'price': False, 'brand': False, 'category': False, 'feature': False} all_resolved=False n_resolved=0/4 tokens=(1973,1018)
  N=4 amz_nonsynth_mf4_000039 seed=2 arm=full_regen: per_fault={'price': False, 'brand': False, 'category': False, 'feature': False} all_resolved=False n_resolved=0/4 tokens=(1470,899)
  N=4 amz_nonsynth_mf4_000039 seed=2 arm=react: per_fault={'price': False, 'brand': False, 'category': False, 'feature': False} all_resolved=False n_resolved=0/4 tokens=(1523,1179)
  N=4 amz_nonsynth_mf4_000039 seed=2 arm=selfcheckgpt: per_fault={'price': False, 'brand': False, 'category': False, 'feature': False} all_resolved=False n_resolved=0/4 tokens=(5747,1130)
  N=4 amz_nonsynth_mf4_000039 seed=2 arm=reflexion: per_fault={'price': False, 'brand': False, 'category': False, 'feature': False} all_resolved=False n_resolved=0/4 tokens=(5683,647)
  N=4 amz_nonsynth_mf4_000039 seed=2 arm=intro_specter: per_fault={'price': False, 'brand': False, 'category': False, 'feature': False} all_resolved=False n_resolved=0/4 tokens=(2127,898)
  N=4 amz_nonsynth_mf4_000040 seed=0 arm=direct: per_fault={'price': False, 'brand': False, 'category': False, 'feature': False} all_resolved=False n_resolved=0/4 tokens=(733,316)
  N=4 amz_nonsynth_mf4_000040 seed=0 arm=self_refine: per_fault={'price': True, 'brand': True, 'category': False, 'feature': False} all_resolved=False n_resolved=2/4 tokens=(1888,889)
  N=4 amz_nonsynth_mf4_000040 seed=0 arm=full_regen: per_fault={'price': False, 'brand': False, 'category': False, 'feature': False} all_resolved=False n_resolved=0/4 tokens=(1466,712)
  N=4 amz_nonsynth_mf4_000040 seed=0 arm=react: per_fault={'price': False, 'brand': False, 'category': False, 'feature': False} all_resolved=False n_resolved=0/4 tokens=(1519,863)
  N=4 amz_nonsynth_mf4_000040 seed=0 arm=selfcheckgpt: per_fault={'price': False, 'brand': True, 'category': False, 'feature': True} all_resolved=False n_resolved=2/4 tokens=(5246,726)
  N=4 amz_nonsynth_mf4_000040 seed=0 arm=reflexion: per_fault={'price': True, 'brand': True, 'category': False, 'feature': False} all_resolved=False n_resolved=2/4 tokens=(6555,1122)
  N=4 amz_nonsynth_mf4_000040 seed=0 arm=intro_specter: per_fault={'price': True, 'brand': True, 'category': True, 'feature': True} all_resolved=True n_resolved=4/4 tokens=(2042,659)
  N=4 amz_nonsynth_mf4_000040 seed=1 arm=direct: per_fault={'price': False, 'brand': False, 'category': False, 'feature': False} all_resolved=False n_resolved=0/4 tokens=(733,382)
  N=4 amz_nonsynth_mf4_000040 seed=1 arm=self_refine: per_fault={'price': False, 'brand': False, 'category': False, 'feature': False} all_resolved=False n_resolved=0/4 tokens=(1920,1142)
  N=4 amz_nonsynth_mf4_000040 seed=1 arm=full_regen: per_fault={'price': False, 'brand': False, 'category': False, 'feature': False} all_resolved=False n_resolved=0/4 tokens=(1466,770)
  N=4 amz_nonsynth_mf4_000040 seed=1 arm=react: per_fault={'price': False, 'brand': False, 'category': False, 'feature': False} all_resolved=False n_resolved=0/4 tokens=(1519,912)
  N=4 amz_nonsynth_mf4_000040 seed=1 arm=selfcheckgpt: per_fault={'price': True, 'brand': True, 'category': False, 'feature': False} all_resolved=False n_resolved=2/4 tokens=(5232,794)
  N=4 amz_nonsynth_mf4_000040 seed=1 arm=reflexion: per_fault={'price': False, 'brand': False, 'category': False, 'feature': False} all_resolved=False n_resolved=0/4 tokens=(6733,1183)
  N=4 amz_nonsynth_mf4_000040 seed=1 arm=intro_specter: per_fault={'price': True, 'brand': True, 'category': True, 'feature': True} all_resolved=True n_resolved=4/4 tokens=(2074,710)
  N=4 amz_nonsynth_mf4_000040 seed=2 arm=direct: per_fault={'price': False, 'brand': False, 'category': False, 'feature': False} all_resolved=False n_resolved=0/4 tokens=(733,369)
  N=4 amz_nonsynth_mf4_000040 seed=2 arm=self_refine: per_fault={'price': False, 'brand': False, 'category': False, 'feature': False} all_resolved=False n_resolved=0/4 tokens=(1907,909)
  N=4 amz_nonsynth_mf4_000040 seed=2 arm=full_regen: per_fault={'price': False, 'brand': False, 'category': False, 'feature': False} all_resolved=False n_resolved=0/4 tokens=(1466,896)
  N=4 amz_nonsynth_mf4_000040 seed=2 arm=react: per_fault={'price': False, 'brand': False, 'category': False, 'feature': False} all_resolved=False n_resolved=0/4 tokens=(1519,865)
  N=4 amz_nonsynth_mf4_000040 seed=2 arm=selfcheckgpt: per_fault={'price': True, 'brand': True, 'category': True, 'feature': True} all_resolved=True n_resolved=4/4 tokens=(4926,756)
  N=4 amz_nonsynth_mf4_000040 seed=2 arm=reflexion: per_fault={'price': True, 'brand': True, 'category': True, 'feature': True} all_resolved=True n_resolved=4/4 tokens=(3305,999)
  N=4 amz_nonsynth_mf4_000040 seed=2 arm=intro_specter: per_fault={'price': False, 'brand': True, 'category': True, 'feature': True} all_resolved=False n_resolved=3/4 tokens=(2061,688)
  N=4 amz_nonsynth_mf4_000041 seed=0 arm=direct: per_fault={'price': False, 'brand': False, 'category': False, 'feature': False} all_resolved=False n_resolved=0/4 tokens=(736,421)
  N=4 amz_nonsynth_mf4_000041 seed=0 arm=self_refine: per_fault={'price': True, 'brand': True, 'category': True, 'feature': False} all_resolved=False n_resolved=3/4 tokens=(2056,1190)
  N=4 amz_nonsynth_mf4_000041 seed=0 arm=full_regen: per_fault={'price': False, 'brand': False, 'category': False, 'feature': False} all_resolved=False n_resolved=0/4 tokens=(1472,875)
  N=4 amz_nonsynth_mf4_000041 seed=0 arm=react: per_fault={'price': False, 'brand': False, 'category': False, 'feature': False} all_resolved=False n_resolved=0/4 tokens=(1525,981)
  N=4 amz_nonsynth_mf4_000041 seed=0 arm=selfcheckgpt: per_fault={'price': False, 'brand': True, 'category': True, 'feature': True} all_resolved=False n_resolved=3/4 tokens=(5312,838)
  N=4 amz_nonsynth_mf4_000041 seed=0 arm=reflexion: per_fault={'price': False, 'brand': False, 'category': False, 'feature': False} all_resolved=False n_resolved=0/4 tokens=(7163,1288)
  N=4 amz_nonsynth_mf4_000041 seed=0 arm=intro_specter: per_fault={'price': True, 'brand': True, 'category': True, 'feature': False} all_resolved=False n_resolved=3/4 tokens=(2210,875)
  N=4 amz_nonsynth_mf4_000041 seed=1 arm=direct: per_fault={'price': False, 'brand': False, 'category': False, 'feature': False} all_resolved=False n_resolved=0/4 tokens=(736,407)
  N=4 amz_nonsynth_mf4_000041 seed=1 arm=self_refine: per_fault={'price': False, 'brand': True, 'category': True, 'feature': False} all_resolved=False n_resolved=2/4 tokens=(2042,1145)
  N=4 amz_nonsynth_mf4_000041 seed=1 arm=full_regen: per_fault={'price': False, 'brand': False, 'category': False, 'feature': False} all_resolved=False n_resolved=0/4 tokens=(1472,903)
  N=4 amz_nonsynth_mf4_000041 seed=1 arm=react: per_fault={'price': False, 'brand': False, 'category': False, 'feature': False} all_resolved=False n_resolved=0/4 tokens=(1525,1024)
  N=4 amz_nonsynth_mf4_000041 seed=1 arm=selfcheckgpt: per_fault={'price': False, 'brand': False, 'category': False, 'feature': False} all_resolved=False n_resolved=0/4 tokens=(4236,692)
  N=4 amz_nonsynth_mf4_000041 seed=1 arm=reflexion: per_fault={'price': False, 'brand': False, 'category': False, 'feature': False} all_resolved=False n_resolved=0/4 tokens=(5885,629)
  N=4 amz_nonsynth_mf4_000041 seed=1 arm=intro_specter: per_fault={'price': False, 'brand': False, 'category': False, 'feature': False} all_resolved=False n_resolved=0/4 tokens=(2196,766)
  N=4 amz_nonsynth_mf4_000041 seed=2 arm=direct: per_fault={'price': False, 'brand': False, 'category': False, 'feature': False} all_resolved=False n_resolved=0/4 tokens=(736,399)
  N=4 amz_nonsynth_mf4_000041 seed=2 arm=self_refine: per_fault={'price': False, 'brand': False, 'category': False, 'feature': False} all_resolved=False n_resolved=0/4 tokens=(1943,1020)
  N=4 amz_nonsynth_mf4_000041 seed=2 arm=full_regen: per_fault={'price': False, 'brand': False, 'category': False, 'feature': False} all_resolved=False n_resolved=0/4 tokens=(1472,667)
  N=4 amz_nonsynth_mf4_000041 seed=2 arm=react: per_fault={'price': False, 'brand': False, 'category': False, 'feature': False} all_resolved=False n_resolved=0/4 tokens=(1525,958)
  N=4 amz_nonsynth_mf4_000041 seed=2 arm=selfcheckgpt: per_fault={'price': False, 'brand': True, 'category': False, 'feature': True} all_resolved=False n_resolved=2/4 tokens=(5252,781)
  N=4 amz_nonsynth_mf4_000041 seed=2 arm=reflexion: per_fault={'price': False, 'brand': False, 'category': False, 'feature': False} all_resolved=False n_resolved=0/4 tokens=(6454,1083)
  N=4 amz_nonsynth_mf4_000041 seed=2 arm=intro_specter: per_fault={'price': True, 'brand': True, 'category': True, 'feature': True} all_resolved=True n_resolved=4/4 tokens=(2097,724)
  N=4 amz_nonsynth_mf4_000042 seed=0 arm=direct: per_fault={'price': False, 'brand': False, 'category': False, 'feature': False} all_resolved=False n_resolved=0/4 tokens=(744,512)
  N=4 amz_nonsynth_mf4_000042 seed=0 arm=self_refine: per_fault={'price': False, 'brand': False, 'category': False, 'feature': False} all_resolved=False n_resolved=0/4 tokens=(2135,1323)
  N=4 amz_nonsynth_mf4_000042 seed=0 arm=full_regen: per_fault={'price': False, 'brand': False, 'category': False, 'feature': False} all_resolved=False n_resolved=0/4 tokens=(1488,959)
  N=4 amz_nonsynth_mf4_000042 seed=0 arm=react: per_fault={'price': False, 'brand': False, 'category': False, 'feature': False} all_resolved=False n_resolved=0/4 tokens=(1541,1027)
  N=4 amz_nonsynth_mf4_000042 seed=0 arm=selfcheckgpt: per_fault={'price': False, 'brand': True, 'category': True, 'feature': False} all_resolved=False n_resolved=2/4 tokens=(5501,1007)
  N=4 amz_nonsynth_mf4_000042 seed=0 arm=reflexion: per_fault={'price': False, 'brand': False, 'category': False, 'feature': False} all_resolved=False n_resolved=0/4 tokens=(7584,1384)
  N=4 amz_nonsynth_mf4_000042 seed=0 arm=intro_specter: per_fault={'price': False, 'brand': False, 'category': False, 'feature': False} all_resolved=False n_resolved=0/4 tokens=(2289,1203)
  N=4 amz_nonsynth_mf4_000042 seed=1 arm=direct: per_fault={'price': False, 'brand': False, 'category': False, 'feature': False} all_resolved=False n_resolved=0/4 tokens=(744,403)
  N=4 amz_nonsynth_mf4_000042 seed=1 arm=self_refine: per_fault={'price': False, 'brand': False, 'category': False, 'feature': False} all_resolved=False n_resolved=0/4 tokens=(1963,1083)
  N=4 amz_nonsynth_mf4_000042 seed=1 arm=full_regen: per_fault={'price': False, 'brand': False, 'category': False, 'feature': False} all_resolved=False n_resolved=0/4 tokens=(1488,733)
  N=4 amz_nonsynth_mf4_000042 seed=1 arm=react: per_fault={'price': False, 'brand': False, 'category': False, 'feature': False} all_resolved=False n_resolved=0/4 tokens=(1541,946)
  N=4 amz_nonsynth_mf4_000042 seed=1 arm=selfcheckgpt: per_fault={'price': False, 'brand': True, 'category': True, 'feature': False} all_resolved=False n_resolved=2/4 tokens=(5421,860)
  N=4 amz_nonsynth_mf4_000042 seed=1 arm=reflexion: per_fault={'price': False, 'brand': False, 'category': False, 'feature': False} all_resolved=False n_resolved=0/4 tokens=(5651,613)
  N=4 amz_nonsynth_mf4_000042 seed=1 arm=intro_specter: per_fault={'price': False, 'brand': False, 'category': False, 'feature': False} all_resolved=False n_resolved=0/4 tokens=(2117,808)
  N=4 amz_nonsynth_mf4_000042 seed=2 arm=direct: per_fault={'price': False, 'brand': False, 'category': False, 'feature': False} all_resolved=False n_resolved=0/4 tokens=(744,464)
  N=4 amz_nonsynth_mf4_000042 seed=2 arm=self_refine: per_fault={'price': False, 'brand': False, 'category': False, 'feature': False} all_resolved=False n_resolved=0/4 tokens=(2066,1208)
  N=4 amz_nonsynth_mf4_000042 seed=2 arm=full_regen: per_fault={'price': False, 'brand': False, 'category': False, 'feature': False} all_resolved=False n_resolved=0/4 tokens=(1488,863)
  N=4 amz_nonsynth_mf4_000042 seed=2 arm=react: per_fault={'price': False, 'brand': False, 'category': False, 'feature': False} all_resolved=False n_resolved=0/4 tokens=(1541,1137)
  N=4 amz_nonsynth_mf4_000042 seed=2 arm=selfcheckgpt: per_fault={'price': False, 'brand': True, 'category': True, 'feature': False} all_resolved=False n_resolved=2/4 tokens=(5515,977)
  N=4 amz_nonsynth_mf4_000042 seed=2 arm=reflexion: per_fault={'price': False, 'brand': False, 'category': False, 'feature': False} all_resolved=False n_resolved=0/4 tokens=(5970,689)
  N=4 amz_nonsynth_mf4_000042 seed=2 arm=intro_specter: per_fault={'price': False, 'brand': False, 'category': False, 'feature': False} all_resolved=False n_resolved=0/4 tokens=(2220,786)
  N=4 amz_nonsynth_mf4_000043 seed=0 arm=direct: per_fault={'price': False, 'brand': False, 'category': False, 'feature': False} all_resolved=False n_resolved=0/4 tokens=(744,509)
  N=4 amz_nonsynth_mf4_000043 seed=0 arm=self_refine: per_fault={'price': False, 'brand': False, 'category': False, 'feature': False} all_resolved=False n_resolved=0/4 tokens=(2111,1344)
  N=4 amz_nonsynth_mf4_000043 seed=0 arm=full_regen: per_fault={'price': False, 'brand': False, 'category': False, 'feature': False} all_resolved=False n_resolved=0/4 tokens=(1488,892)
  N=4 amz_nonsynth_mf4_000043 seed=0 arm=react: per_fault={'price': False, 'brand': False, 'category': False, 'feature': False} all_resolved=False n_resolved=0/4 tokens=(1541,1124)
  N=4 amz_nonsynth_mf4_000043 seed=0 arm=selfcheckgpt: per_fault={'price': False, 'brand': False, 'category': False, 'feature': False} all_resolved=False n_resolved=0/4 tokens=(5551,1044)
  N=4 amz_nonsynth_mf4_000043 seed=0 arm=reflexion: per_fault={'price': False, 'brand': False, 'category': False, 'feature': False} all_resolved=False n_resolved=0/4 tokens=(6086,728)
  N=4 amz_nonsynth_mf4_000043 seed=0 arm=intro_specter: per_fault={'price': False, 'brand': False, 'category': False, 'feature': False} all_resolved=False n_resolved=0/4 tokens=(2265,1109)
  N=4 amz_nonsynth_mf4_000043 seed=1 arm=direct: per_fault={'price': False, 'brand': False, 'category': False, 'feature': False} all_resolved=False n_resolved=0/4 tokens=(744,514)
  N=4 amz_nonsynth_mf4_000043 seed=1 arm=self_refine: per_fault={'price': False, 'brand': False, 'category': False, 'feature': False} all_resolved=False n_resolved=0/4 tokens=(2116,1084)
  N=4 amz_nonsynth_mf4_000043 seed=1 arm=full_regen: per_fault={'price': False, 'brand': False, 'category': False, 'feature': False} all_resolved=False n_resolved=0/4 tokens=(1488,1076)
  N=4 amz_nonsynth_mf4_000043 seed=1 arm=react: per_fault={'price': False, 'brand': False, 'category': False, 'feature': False} all_resolved=False n_resolved=0/4 tokens=(1541,1101)
  N=4 amz_nonsynth_mf4_000043 seed=1 arm=selfcheckgpt: per_fault={'price': False, 'brand': False, 'category': False, 'feature': False} all_resolved=False n_resolved=0/4 tokens=(6040,1282)
  N=4 amz_nonsynth_mf4_000043 seed=1 arm=reflexion: per_fault={'price': False, 'brand': False, 'category': False, 'feature': False} all_resolved=False n_resolved=0/4 tokens=(6114,742)
  N=4 amz_nonsynth_mf4_000043 seed=1 arm=intro_specter: per_fault={'price': False, 'brand': False, 'category': False, 'feature': False} all_resolved=False n_resolved=0/4 tokens=(2270,844)
  N=4 amz_nonsynth_mf4_000043 seed=2 arm=direct: per_fault={'price': False, 'brand': False, 'category': False, 'feature': False} all_resolved=False n_resolved=0/4 tokens=(744,463)
  N=4 amz_nonsynth_mf4_000043 seed=2 arm=self_refine: per_fault={'price': True, 'brand': True, 'category': True, 'feature': False} all_resolved=False n_resolved=3/4 tokens=(2065,1401)
  N=4 amz_nonsynth_mf4_000043 seed=2 arm=full_regen: per_fault={'price': False, 'brand': False, 'category': False, 'feature': False} all_resolved=False n_resolved=0/4 tokens=(1488,1032)
  N=4 amz_nonsynth_mf4_000043 seed=2 arm=react: per_fault={'price': False, 'brand': False, 'category': False, 'feature': False} all_resolved=False n_resolved=0/4 tokens=(1541,1054)
  N=4 amz_nonsynth_mf4_000043 seed=2 arm=selfcheckgpt: per_fault={'price': False, 'brand': False, 'category': False, 'feature': False} all_resolved=False n_resolved=0/4 tokens=(5760,1152)
  N=4 amz_nonsynth_mf4_000043 seed=2 arm=reflexion: per_fault={'price': False, 'brand': False, 'category': False, 'feature': False} all_resolved=False n_resolved=0/4 tokens=(6071,762)
  N=4 amz_nonsynth_mf4_000043 seed=2 arm=intro_specter: per_fault={'price': False, 'brand': False, 'category': False, 'feature': False} all_resolved=False n_resolved=0/4 tokens=(2219,789)
  N=4 amz_nonsynth_mf4_000044 seed=0 arm=direct: per_fault={'price': False, 'brand': False, 'category': False, 'feature': False} all_resolved=False n_resolved=0/4 tokens=(755,396)
  N=4 amz_nonsynth_mf4_000044 seed=0 arm=self_refine: per_fault={'price': False, 'brand': False, 'category': False, 'feature': False} all_resolved=False n_resolved=0/4 tokens=(1978,925)
  N=4 amz_nonsynth_mf4_000044 seed=0 arm=full_regen: per_fault={'price': False, 'brand': False, 'category': False, 'feature': False} all_resolved=False n_resolved=0/4 tokens=(1510,840)
  N=4 amz_nonsynth_mf4_000044 seed=0 arm=react: per_fault={'price': False, 'brand': False, 'category': False, 'feature': False} all_resolved=False n_resolved=0/4 tokens=(1563,953)
  N=4 amz_nonsynth_mf4_000044 seed=0 arm=selfcheckgpt: per_fault={'price': False, 'brand': True, 'category': True, 'feature': False} all_resolved=False n_resolved=2/4 tokens=(5479,871)
  N=4 amz_nonsynth_mf4_000044 seed=0 arm=reflexion: per_fault={'price': False, 'brand': False, 'category': False, 'feature': False} all_resolved=False n_resolved=0/4 tokens=(5716,645)
  N=4 amz_nonsynth_mf4_000044 seed=0 arm=intro_specter: per_fault={'price': True, 'brand': True, 'category': True, 'feature': True} all_resolved=True n_resolved=4/4 tokens=(2132,730)
  N=4 amz_nonsynth_mf4_000044 seed=1 arm=direct: per_fault={'price': False, 'brand': False, 'category': False, 'feature': False} all_resolved=False n_resolved=0/4 tokens=(755,371)
  N=4 amz_nonsynth_mf4_000044 seed=1 arm=self_refine: per_fault={'price': False, 'brand': False, 'category': False, 'feature': False} all_resolved=False n_resolved=0/4 tokens=(1953,1016)
  N=4 amz_nonsynth_mf4_000044 seed=1 arm=full_regen: per_fault={'price': False, 'brand': False, 'category': False, 'feature': False} all_resolved=False n_resolved=0/4 tokens=(1510,846)
  N=4 amz_nonsynth_mf4_000044 seed=1 arm=react: per_fault={'price': False, 'brand': False, 'category': False, 'feature': False} all_resolved=False n_resolved=0/4 tokens=(1563,971)
  N=4 amz_nonsynth_mf4_000044 seed=1 arm=selfcheckgpt: per_fault={'price': False, 'brand': True, 'category': True, 'feature': True} all_resolved=False n_resolved=3/4 tokens=(5525,874)
  N=4 amz_nonsynth_mf4_000044 seed=1 arm=reflexion: per_fault={'price': True, 'brand': True, 'category': True, 'feature': True} all_resolved=True n_resolved=4/4 tokens=(3387,981)
  N=4 amz_nonsynth_mf4_000044 seed=1 arm=intro_specter: per_fault={'price': True, 'brand': True, 'category': True, 'feature': True} all_resolved=True n_resolved=4/4 tokens=(2107,719)
  N=4 amz_nonsynth_mf4_000044 seed=2 arm=direct: per_fault={'price': False, 'brand': False, 'category': False, 'feature': False} all_resolved=False n_resolved=0/4 tokens=(755,454)
  N=4 amz_nonsynth_mf4_000044 seed=2 arm=self_refine: per_fault={'price': False, 'brand': False, 'category': False, 'feature': False} all_resolved=False n_resolved=0/4 tokens=(2127,1262)
  N=4 amz_nonsynth_mf4_000044 seed=2 arm=full_regen: per_fault={'price': False, 'brand': False, 'category': False, 'feature': False} all_resolved=False n_resolved=0/4 tokens=(1510,889)
  N=4 amz_nonsynth_mf4_000044 seed=2 arm=react: per_fault={'price': False, 'brand': False, 'category': False, 'feature': False} all_resolved=False n_resolved=0/4 tokens=(1563,1043)
  N=4 amz_nonsynth_mf4_000044 seed=2 arm=selfcheckgpt: per_fault={'price': False, 'brand': True, 'category': True, 'feature': False} all_resolved=False n_resolved=2/4 tokens=(5456,928)
  N=4 amz_nonsynth_mf4_000044 seed=2 arm=reflexion: per_fault={'price': False, 'brand': False, 'category': False, 'feature': False} all_resolved=False n_resolved=0/4 tokens=(6138,645)
  N=4 amz_nonsynth_mf4_000044 seed=2 arm=intro_specter: per_fault={'price': True, 'brand': True, 'category': True, 'feature': True} all_resolved=True n_resolved=4/4 tokens=(2281,934)
  N=4 amz_nonsynth_mf4_000045 seed=0 arm=direct: per_fault={'price': False, 'brand': False, 'category': False, 'feature': False} all_resolved=False n_resolved=0/4 tokens=(733,318)
  N=4 amz_nonsynth_mf4_000045 seed=0 arm=self_refine: per_fault={'price': False, 'brand': False, 'category': False, 'feature': False} all_resolved=False n_resolved=0/4 tokens=(1890,928)
  N=4 amz_nonsynth_mf4_000045 seed=0 arm=full_regen: per_fault={'price': False, 'brand': False, 'category': False, 'feature': False} all_resolved=False n_resolved=0/4 tokens=(1466,663)
  N=4 amz_nonsynth_mf4_000045 seed=0 arm=react: per_fault={'price': False, 'brand': False, 'category': False, 'feature': False} all_resolved=False n_resolved=0/4 tokens=(1519,841)
  N=4 amz_nonsynth_mf4_000045 seed=0 arm=selfcheckgpt: per_fault={'price': False, 'brand': True, 'category': True, 'feature': False} all_resolved=False n_resolved=2/4 tokens=(5297,799)
  N=4 amz_nonsynth_mf4_000045 seed=0 arm=reflexion: per_fault={'price': False, 'brand': False, 'category': False, 'feature': False} all_resolved=False n_resolved=0/4 tokens=(5452,559)
  N=4 amz_nonsynth_mf4_000045 seed=0 arm=intro_specter: per_fault={'price': True, 'brand': True, 'category': True, 'feature': True} all_resolved=True n_resolved=4/4 tokens=(2044,780)
  N=4 amz_nonsynth_mf4_000045 seed=1 arm=direct: per_fault={'price': False, 'brand': False, 'category': False, 'feature': False} all_resolved=False n_resolved=0/4 tokens=(733,389)
  N=4 amz_nonsynth_mf4_000045 seed=1 arm=self_refine: per_fault={'price': False, 'brand': False, 'category': False, 'feature': False} all_resolved=False n_resolved=0/4 tokens=(1927,1190)
  N=4 amz_nonsynth_mf4_000045 seed=1 arm=full_regen: per_fault={'price': False, 'brand': False, 'category': False, 'feature': False} all_resolved=False n_resolved=0/4 tokens=(1466,802)
  N=4 amz_nonsynth_mf4_000045 seed=1 arm=react: per_fault={'price': False, 'brand': False, 'category': False, 'feature': False} all_resolved=False n_resolved=0/4 tokens=(1519,935)
  N=4 amz_nonsynth_mf4_000045 seed=1 arm=selfcheckgpt: per_fault={'price': False, 'brand': False, 'category': False, 'feature': False} all_resolved=False n_resolved=0/4 tokens=(4688,809)
  N=4 amz_nonsynth_mf4_000045 seed=1 arm=reflexion: per_fault={'price': False, 'brand': False, 'category': False, 'feature': False} all_resolved=False n_resolved=0/4 tokens=(5568,733)
  N=4 amz_nonsynth_mf4_000045 seed=1 arm=intro_specter: per_fault={'price': True, 'brand': True, 'category': True, 'feature': True} all_resolved=True n_resolved=4/4 tokens=(2081,927)
  N=4 amz_nonsynth_mf4_000045 seed=2 arm=direct: per_fault={'price': False, 'brand': False, 'category': False, 'feature': False} all_resolved=False n_resolved=0/4 tokens=(733,386)
  N=4 amz_nonsynth_mf4_000045 seed=2 arm=self_refine: per_fault={'price': True, 'brand': True, 'category': True, 'feature': False} all_resolved=False n_resolved=3/4 tokens=(1986,1218)
  N=4 amz_nonsynth_mf4_000045 seed=2 arm=full_regen: per_fault={'price': False, 'brand': False, 'category': False, 'feature': False} all_resolved=False n_resolved=0/4 tokens=(1466,796)
  N=4 amz_nonsynth_mf4_000045 seed=2 arm=react: per_fault={'price': False, 'brand': False, 'category': False, 'feature': False} all_resolved=False n_resolved=0/4 tokens=(1519,905)
  N=4 amz_nonsynth_mf4_000045 seed=2 arm=selfcheckgpt: per_fault={'price': False, 'brand': True, 'category': False, 'feature': False} all_resolved=False n_resolved=1/4 tokens=(4968,799)
  N=4 amz_nonsynth_mf4_000045 seed=2 arm=reflexion: per_fault={'price': False, 'brand': False, 'category': False, 'feature': False} all_resolved=False n_resolved=0/4 tokens=(5739,613)
  N=4 amz_nonsynth_mf4_000045 seed=2 arm=intro_specter: per_fault={'price': False, 'brand': True, 'category': False, 'feature': False} all_resolved=False n_resolved=1/4 tokens=(2140,626)
  N=4 amz_nonsynth_mf4_000046 seed=0 arm=direct: per_fault={'price': False, 'brand': False, 'category': False, 'feature': False} all_resolved=False n_resolved=0/4 tokens=(726,377)
  N=4 amz_nonsynth_mf4_000046 seed=0 arm=self_refine: per_fault={'price': False, 'brand': False, 'category': False, 'feature': False} all_resolved=False n_resolved=0/4 tokens=(1901,890)
  N=4 amz_nonsynth_mf4_000046 seed=0 arm=full_regen: per_fault={'price': False, 'brand': False, 'category': False, 'feature': False} all_resolved=False n_resolved=0/4 tokens=(1452,759)
  N=4 amz_nonsynth_mf4_000046 seed=0 arm=react: per_fault={'price': False, 'brand': False, 'category': False, 'feature': False} all_resolved=False n_resolved=0/4 tokens=(1505,910)
  N=4 amz_nonsynth_mf4_000046 seed=0 arm=selfcheckgpt: per_fault={'price': True, 'brand': True, 'category': False, 'feature': False} all_resolved=False n_resolved=2/4 tokens=(5514,804)
  N=4 amz_nonsynth_mf4_000046 seed=0 arm=reflexion: per_fault={'price': False, 'brand': False, 'category': False, 'feature': False} all_resolved=False n_resolved=0/4 tokens=(6521,1155)
  N=4 amz_nonsynth_mf4_000046 seed=0 arm=intro_specter: per_fault={'price': True, 'brand': True, 'category': False, 'feature': False} all_resolved=False n_resolved=2/4 tokens=(2055,592)
  N=4 amz_nonsynth_mf4_000046 seed=1 arm=direct: per_fault={'price': False, 'brand': False, 'category': False, 'feature': False} all_resolved=False n_resolved=0/4 tokens=(726,395)
  N=4 amz_nonsynth_mf4_000046 seed=1 arm=self_refine: per_fault={'price': True, 'brand': False, 'category': False, 'feature': False} all_resolved=False n_resolved=1/4 tokens=(1982,996)
  N=4 amz_nonsynth_mf4_000046 seed=1 arm=full_regen: per_fault={'price': False, 'brand': False, 'category': False, 'feature': False} all_resolved=False n_resolved=0/4 tokens=(1452,864)
  N=4 amz_nonsynth_mf4_000046 seed=1 arm=react: per_fault={'price': False, 'brand': False, 'category': False, 'feature': False} all_resolved=False n_resolved=0/4 tokens=(1505,918)
  N=4 amz_nonsynth_mf4_000046 seed=1 arm=selfcheckgpt: per_fault={'price': False, 'brand': True, 'category': True, 'feature': False} all_resolved=False n_resolved=2/4 tokens=(5198,786)
  N=4 amz_nonsynth_mf4_000046 seed=1 arm=reflexion: per_fault={'price': False, 'brand': False, 'category': False, 'feature': False} all_resolved=False n_resolved=0/4 tokens=(6784,1186)
  N=4 amz_nonsynth_mf4_000046 seed=1 arm=intro_specter: per_fault={'price': True, 'brand': True, 'category': True, 'feature': True} all_resolved=True n_resolved=4/4 tokens=(2136,869)
  N=4 amz_nonsynth_mf4_000046 seed=2 arm=direct: per_fault={'price': False, 'brand': False, 'category': False, 'feature': False} all_resolved=False n_resolved=0/4 tokens=(726,358)
  N=4 amz_nonsynth_mf4_000046 seed=2 arm=self_refine: per_fault={'price': False, 'brand': False, 'category': False, 'feature': False} all_resolved=False n_resolved=0/4 tokens=(1882,882)
  N=4 amz_nonsynth_mf4_000046 seed=2 arm=full_regen: per_fault={'price': False, 'brand': False, 'category': False, 'feature': False} all_resolved=False n_resolved=0/4 tokens=(1452,719)
  N=4 amz_nonsynth_mf4_000046 seed=2 arm=react: per_fault={'price': False, 'brand': False, 'category': False, 'feature': False} all_resolved=False n_resolved=0/4 tokens=(1505,885)
  N=4 amz_nonsynth_mf4_000046 seed=2 arm=selfcheckgpt: per_fault={'price': True, 'brand': True, 'category': False, 'feature': False} all_resolved=False n_resolved=2/4 tokens=(5159,756)
  N=4 amz_nonsynth_mf4_000046 seed=2 arm=reflexion: per_fault={'price': True, 'brand': True, 'category': True, 'feature': False} all_resolved=False n_resolved=3/4 tokens=(5413,1086)
  N=4 amz_nonsynth_mf4_000046 seed=2 arm=intro_specter: per_fault={'price': False, 'brand': False, 'category': False, 'feature': False} all_resolved=False n_resolved=0/4 tokens=(2036,470)
  N=4 amz_nonsynth_mf4_000047 seed=0 arm=direct: per_fault={'price': False, 'brand': False, 'category': False, 'feature': False} all_resolved=False n_resolved=0/4 tokens=(739,392)
  N=4 amz_nonsynth_mf4_000047 seed=0 arm=self_refine: per_fault={'price': False, 'brand': False, 'category': False, 'feature': False} all_resolved=False n_resolved=0/4 tokens=(2033,1287)
  N=4 amz_nonsynth_mf4_000047 seed=0 arm=full_regen: per_fault={'price': False, 'brand': False, 'category': False, 'feature': False} all_resolved=False n_resolved=0/4 tokens=(1478,788)
  N=4 amz_nonsynth_mf4_000047 seed=0 arm=react: per_fault={'price': True, 'brand': False, 'category': False, 'feature': False} all_resolved=False n_resolved=1/4 tokens=(1531,947)
  N=4 amz_nonsynth_mf4_000047 seed=0 arm=selfcheckgpt: per_fault={'price': False, 'brand': True, 'category': True, 'feature': False} all_resolved=False n_resolved=2/4 tokens=(5032,823)
  N=4 amz_nonsynth_mf4_000047 seed=0 arm=reflexion: per_fault={'price': False, 'brand': False, 'category': False, 'feature': False} all_resolved=False n_resolved=0/4 tokens=(5871,618)
  N=4 amz_nonsynth_mf4_000047 seed=0 arm=intro_specter: per_fault={'price': True, 'brand': True, 'category': True, 'feature': True} all_resolved=True n_resolved=4/4 tokens=(2187,843)
  N=4 amz_nonsynth_mf4_000047 seed=1 arm=direct: per_fault={'price': False, 'brand': False, 'category': False, 'feature': False} all_resolved=False n_resolved=0/4 tokens=(739,325)
  N=4 amz_nonsynth_mf4_000047 seed=1 arm=self_refine: per_fault={'price': False, 'brand': False, 'category': False, 'feature': False} all_resolved=False n_resolved=0/4 tokens=(1910,941)
  N=4 amz_nonsynth_mf4_000047 seed=1 arm=full_regen: per_fault={'price': False, 'brand': False, 'category': False, 'feature': False} all_resolved=False n_resolved=0/4 tokens=(1478,709)
  N=4 amz_nonsynth_mf4_000047 seed=1 arm=react: per_fault={'price': True, 'brand': False, 'category': False, 'feature': False} all_resolved=False n_resolved=1/4 tokens=(1531,838)
  N=4 amz_nonsynth_mf4_000047 seed=1 arm=selfcheckgpt: per_fault={'price': False, 'brand': True, 'category': True, 'feature': True} all_resolved=False n_resolved=3/4 tokens=(5357,783)
  N=4 amz_nonsynth_mf4_000047 seed=1 arm=reflexion: per_fault={'price': True, 'brand': True, 'category': True, 'feature': True} all_resolved=True n_resolved=4/4 tokens=(3301,943)
  N=4 amz_nonsynth_mf4_000047 seed=1 arm=intro_specter: per_fault={'price': True, 'brand': False, 'category': False, 'feature': False} all_resolved=False n_resolved=1/4 tokens=(2064,555)
  N=4 amz_nonsynth_mf4_000047 seed=2 arm=direct: per_fault={'price': False, 'brand': False, 'category': False, 'feature': False} all_resolved=False n_resolved=0/4 tokens=(739,400)
  N=4 amz_nonsynth_mf4_000047 seed=2 arm=self_refine: per_fault={'price': False, 'brand': False, 'category': False, 'feature': False} all_resolved=False n_resolved=0/4 tokens=(2041,1314)
  N=4 amz_nonsynth_mf4_000047 seed=2 arm=full_regen: per_fault={'price': False, 'brand': False, 'category': False, 'feature': False} all_resolved=False n_resolved=0/4 tokens=(1478,829)
  N=4 amz_nonsynth_mf4_000047 seed=2 arm=react: per_fault={'price': True, 'brand': False, 'category': False, 'feature': False} all_resolved=False n_resolved=1/4 tokens=(1531,957)
  N=4 amz_nonsynth_mf4_000047 seed=2 arm=selfcheckgpt: per_fault={'price': False, 'brand': True, 'category': True, 'feature': False} all_resolved=False n_resolved=2/4 tokens=(5024,815)
  N=4 amz_nonsynth_mf4_000047 seed=2 arm=reflexion: per_fault={'price': False, 'brand': False, 'category': False, 'feature': False} all_resolved=False n_resolved=0/4 tokens=(5883,608)
  N=4 amz_nonsynth_mf4_000047 seed=2 arm=intro_specter: per_fault={'price': True, 'brand': True, 'category': True, 'feature': True} all_resolved=True n_resolved=4/4 tokens=(2195,800)
  N=4 amz_nonsynth_mf4_000048 seed=0 arm=direct: per_fault={'price': False, 'brand': False, 'category': False, 'feature': False} all_resolved=False n_resolved=0/4 tokens=(738,468)
  N=4 amz_nonsynth_mf4_000048 seed=0 arm=self_refine: per_fault={'price': False, 'brand': False, 'category': False, 'feature': False} all_resolved=False n_resolved=0/4 tokens=(2016,1067)
  N=4 amz_nonsynth_mf4_000048 seed=0 arm=full_regen: per_fault={'price': False, 'brand': False, 'category': False, 'feature': False} all_resolved=False n_resolved=0/4 tokens=(1476,834)
  N=4 amz_nonsynth_mf4_000048 seed=0 arm=react: per_fault={'price': False, 'brand': False, 'category': False, 'feature': False} all_resolved=False n_resolved=0/4 tokens=(1529,1088)
  N=4 amz_nonsynth_mf4_000048 seed=0 arm=selfcheckgpt: per_fault={'price': False, 'brand': False, 'category': False, 'feature': False} all_resolved=False n_resolved=0/4 tokens=(5479,1275)
  N=4 amz_nonsynth_mf4_000048 seed=0 arm=reflexion: per_fault={'price': False, 'brand': False, 'category': False, 'feature': False} all_resolved=False n_resolved=0/4 tokens=(5824,715)
  N=4 amz_nonsynth_mf4_000048 seed=0 arm=intro_specter: per_fault={'price': False, 'brand': False, 'category': False, 'feature': False} all_resolved=False n_resolved=0/4 tokens=(2170,883)
  N=4 amz_nonsynth_mf4_000048 seed=1 arm=direct: per_fault={'price': False, 'brand': False, 'category': False, 'feature': False} all_resolved=False n_resolved=0/4 tokens=(738,387)
  N=4 amz_nonsynth_mf4_000048 seed=1 arm=self_refine: per_fault={'price': False, 'brand': False, 'category': False, 'feature': False} all_resolved=False n_resolved=0/4 tokens=(1935,1148)
  N=4 amz_nonsynth_mf4_000048 seed=1 arm=full_regen: per_fault={'price': False, 'brand': False, 'category': False, 'feature': False} all_resolved=False n_resolved=0/4 tokens=(1476,862)
  N=4 amz_nonsynth_mf4_000048 seed=1 arm=react: per_fault={'price': False, 'brand': False, 'category': False, 'feature': False} all_resolved=False n_resolved=0/4 tokens=(1529,996)
  N=4 amz_nonsynth_mf4_000048 seed=1 arm=selfcheckgpt: per_fault={'price': False, 'brand': True, 'category': True, 'feature': True} all_resolved=False n_resolved=3/4 tokens=(6260,1322)
  N=4 amz_nonsynth_mf4_000048 seed=1 arm=reflexion: per_fault={'price': False, 'brand': False, 'category': False, 'feature': False} all_resolved=False n_resolved=0/4 tokens=(5588,627)
  N=4 amz_nonsynth_mf4_000048 seed=1 arm=intro_specter: per_fault={'price': True, 'brand': True, 'category': True, 'feature': True} all_resolved=True n_resolved=4/4 tokens=(2089,763)
  N=4 amz_nonsynth_mf4_000048 seed=2 arm=direct: per_fault={'price': False, 'brand': False, 'category': False, 'feature': False} all_resolved=False n_resolved=0/4 tokens=(738,364)
  N=4 amz_nonsynth_mf4_000048 seed=2 arm=self_refine: per_fault={'price': False, 'brand': False, 'category': False, 'feature': False} all_resolved=False n_resolved=0/4 tokens=(1912,969)
  N=4 amz_nonsynth_mf4_000048 seed=2 arm=full_regen: per_fault={'price': False, 'brand': False, 'category': False, 'feature': False} all_resolved=False n_resolved=0/4 tokens=(1476,890)
  N=4 amz_nonsynth_mf4_000048 seed=2 arm=react: per_fault={'price': False, 'brand': False, 'category': False, 'feature': False} all_resolved=False n_resolved=0/4 tokens=(1529,1011)
  N=4 amz_nonsynth_mf4_000048 seed=2 arm=selfcheckgpt: per_fault={'price': False, 'brand': False, 'category': False, 'feature': False} all_resolved=False n_resolved=0/4 tokens=(4381,787)
  N=4 amz_nonsynth_mf4_000048 seed=2 arm=reflexion: per_fault={'price': True, 'brand': True, 'category': True, 'feature': False} all_resolved=False n_resolved=3/4 tokens=(6625,1703)
  N=4 amz_nonsynth_mf4_000048 seed=2 arm=intro_specter: per_fault={'price': False, 'brand': False, 'category': False, 'feature': False} all_resolved=False n_resolved=0/4 tokens=(2066,805)
  N=4 amz_nonsynth_mf4_000049 seed=0 arm=direct: per_fault={'price': False, 'brand': False, 'category': False, 'feature': False} all_resolved=False n_resolved=0/4 tokens=(738,448)
  N=4 amz_nonsynth_mf4_000049 seed=0 arm=self_refine: per_fault={'price': False, 'brand': False, 'category': False, 'feature': False} all_resolved=False n_resolved=0/4 tokens=(2086,1332)
  N=4 amz_nonsynth_mf4_000049 seed=0 arm=full_regen: per_fault={'price': False, 'brand': False, 'category': False, 'feature': False} all_resolved=False n_resolved=0/4 tokens=(1476,911)
  N=4 amz_nonsynth_mf4_000049 seed=0 arm=react: per_fault={'price': False, 'brand': False, 'category': False, 'feature': False} all_resolved=False n_resolved=0/4 tokens=(1529,1130)
  N=4 amz_nonsynth_mf4_000049 seed=0 arm=selfcheckgpt: per_fault={'price': False, 'brand': False, 'category': False, 'feature': False} all_resolved=False n_resolved=0/4 tokens=(4773,862)
  N=4 amz_nonsynth_mf4_000049 seed=0 arm=reflexion: per_fault={'price': False, 'brand': False, 'category': False, 'feature': False} all_resolved=False n_resolved=0/4 tokens=(6027,655)
  N=4 amz_nonsynth_mf4_000049 seed=0 arm=intro_specter: per_fault={'price': False, 'brand': False, 'category': False, 'feature': False} all_resolved=False n_resolved=0/4 tokens=(2240,807)
  N=4 amz_nonsynth_mf4_000049 seed=1 arm=direct: per_fault={'price': False, 'brand': False, 'category': False, 'feature': False} all_resolved=False n_resolved=0/4 tokens=(738,362)
  N=4 amz_nonsynth_mf4_000049 seed=1 arm=self_refine: per_fault={'price': False, 'brand': False, 'category': False, 'feature': False} all_resolved=False n_resolved=0/4 tokens=(1972,1021)
  N=4 amz_nonsynth_mf4_000049 seed=1 arm=full_regen: per_fault={'price': False, 'brand': False, 'category': False, 'feature': False} all_resolved=False n_resolved=0/4 tokens=(1476,863)
  N=4 amz_nonsynth_mf4_000049 seed=1 arm=react: per_fault={'price': False, 'brand': False, 'category': False, 'feature': False} all_resolved=False n_resolved=0/4 tokens=(1529,932)
  N=4 amz_nonsynth_mf4_000049 seed=1 arm=selfcheckgpt: per_fault={'price': False, 'brand': True, 'category': True, 'feature': False} all_resolved=False n_resolved=2/4 tokens=(5350,844)
  N=4 amz_nonsynth_mf4_000049 seed=1 arm=reflexion: per_fault={'price': False, 'brand': False, 'category': False, 'feature': False} all_resolved=False n_resolved=0/4 tokens=(5705,612)
  N=4 amz_nonsynth_mf4_000049 seed=1 arm=intro_specter: per_fault={'price': False, 'brand': False, 'category': False, 'feature': False} all_resolved=False n_resolved=0/4 tokens=(2126,694)
  N=4 amz_nonsynth_mf4_000049 seed=2 arm=direct: per_fault={'price': False, 'brand': False, 'category': False, 'feature': False} all_resolved=False n_resolved=0/4 tokens=(738,471)
  N=4 amz_nonsynth_mf4_000049 seed=2 arm=self_refine: per_fault={'price': True, 'brand': True, 'category': True, 'feature': False} all_resolved=False n_resolved=3/4 tokens=(2061,1329)
  N=4 amz_nonsynth_mf4_000049 seed=2 arm=full_regen: per_fault={'price': False, 'brand': False, 'category': False, 'feature': False} all_resolved=False n_resolved=0/4 tokens=(1476,865)
  N=4 amz_nonsynth_mf4_000049 seed=2 arm=react: per_fault={'price': False, 'brand': False, 'category': False, 'feature': False} all_resolved=False n_resolved=0/4 tokens=(1529,1051)
  N=4 amz_nonsynth_mf4_000049 seed=2 arm=selfcheckgpt: per_fault={'price': False, 'brand': True, 'category': False, 'feature': False} all_resolved=False n_resolved=1/4 tokens=(5400,936)
  N=4 amz_nonsynth_mf4_000049 seed=2 arm=reflexion: per_fault={'price': False, 'brand': False, 'category': False, 'feature': False} all_resolved=False n_resolved=0/4 tokens=(5958,675)
  N=4 amz_nonsynth_mf4_000049 seed=2 arm=intro_specter: per_fault={'price': False, 'brand': False, 'category': False, 'feature': False} all_resolved=False n_resolved=0/4 tokens=(2215,886)
  N=4 amz_nonsynth_mf4_000050 seed=0 arm=direct: per_fault={'price': False, 'brand': False, 'category': False, 'feature': False} all_resolved=False n_resolved=0/4 tokens=(732,378)
  N=4 amz_nonsynth_mf4_000050 seed=0 arm=self_refine: per_fault={'price': False, 'brand': False, 'category': False, 'feature': False} all_resolved=False n_resolved=0/4 tokens=(1914,1095)
  N=4 amz_nonsynth_mf4_000050 seed=0 arm=full_regen: per_fault={'price': False, 'brand': False, 'category': False, 'feature': False} all_resolved=False n_resolved=0/4 tokens=(1464,716)
  N=4 amz_nonsynth_mf4_000050 seed=0 arm=react: per_fault={'price': False, 'brand': False, 'category': False, 'feature': False} all_resolved=False n_resolved=0/4 tokens=(1517,923)
  N=4 amz_nonsynth_mf4_000050 seed=0 arm=selfcheckgpt: per_fault={'price': False, 'brand': False, 'category': False, 'feature': False} all_resolved=False n_resolved=0/4 tokens=(4623,774)
  N=4 amz_nonsynth_mf4_000050 seed=0 arm=reflexion: per_fault={'price': False, 'brand': False, 'category': False, 'feature': False} all_resolved=False n_resolved=0/4 tokens=(6525,1146)
  N=4 amz_nonsynth_mf4_000050 seed=0 arm=intro_specter: per_fault={'price': True, 'brand': True, 'category': True, 'feature': True} all_resolved=True n_resolved=4/4 tokens=(2068,692)
  N=4 amz_nonsynth_mf4_000050 seed=1 arm=direct: per_fault={'price': False, 'brand': False, 'category': False, 'feature': False} all_resolved=False n_resolved=0/4 tokens=(732,372)
  N=4 amz_nonsynth_mf4_000050 seed=1 arm=self_refine: per_fault={'price': False, 'brand': False, 'category': False, 'feature': False} all_resolved=False n_resolved=0/4 tokens=(1908,1034)
  N=4 amz_nonsynth_mf4_000050 seed=1 arm=full_regen: per_fault={'price': False, 'brand': False, 'category': False, 'feature': False} all_resolved=False n_resolved=0/4 tokens=(1464,858)
  N=4 amz_nonsynth_mf4_000050 seed=1 arm=react: per_fault={'price': False, 'brand': False, 'category': False, 'feature': False} all_resolved=False n_resolved=0/4 tokens=(1517,1024)
  N=4 amz_nonsynth_mf4_000050 seed=1 arm=selfcheckgpt: per_fault={'price': False, 'brand': True, 'category': True, 'feature': True} all_resolved=False n_resolved=3/4 tokens=(5304,847)
  N=4 amz_nonsynth_mf4_000050 seed=1 arm=reflexion: per_fault={'price': False, 'brand': False, 'category': False, 'feature': False} all_resolved=False n_resolved=0/4 tokens=(5518,599)
  N=4 amz_nonsynth_mf4_000050 seed=1 arm=intro_specter: per_fault={'price': False, 'brand': False, 'category': False, 'feature': False} all_resolved=False n_resolved=0/4 tokens=(2062,698)
  N=4 amz_nonsynth_mf4_000050 seed=2 arm=direct: per_fault={'price': False, 'brand': False, 'category': False, 'feature': False} all_resolved=False n_resolved=0/4 tokens=(732,390)
  N=4 amz_nonsynth_mf4_000050 seed=2 arm=self_refine: per_fault={'price': False, 'brand': False, 'category': False, 'feature': False} all_resolved=False n_resolved=0/4 tokens=(1926,1011)
  N=4 amz_nonsynth_mf4_000050 seed=2 arm=full_regen: per_fault={'price': False, 'brand': False, 'category': False, 'feature': False} all_resolved=False n_resolved=0/4 tokens=(1464,844)
  N=4 amz_nonsynth_mf4_000050 seed=2 arm=react: per_fault={'price': False, 'brand': False, 'category': False, 'feature': False} all_resolved=False n_resolved=0/4 tokens=(1517,960)
  N=4 amz_nonsynth_mf4_000050 seed=2 arm=selfcheckgpt: per_fault={'price': False, 'brand': True, 'category': False, 'feature': False} all_resolved=False n_resolved=1/4 tokens=(5297,875)
  N=4 amz_nonsynth_mf4_000050 seed=2 arm=reflexion: per_fault={'price': False, 'brand': False, 'category': False, 'feature': False} all_resolved=False n_resolved=0/4 tokens=(5559,614)
  N=4 amz_nonsynth_mf4_000050 seed=2 arm=intro_specter: per_fault={'price': True, 'brand': True, 'category': True, 'feature': True} all_resolved=True n_resolved=4/4 tokens=(2080,719)
  N=4 amz_nonsynth_mf4_000051 seed=0 arm=direct: per_fault={'price': False, 'brand': False, 'category': False, 'feature': False} all_resolved=False n_resolved=0/4 tokens=(747,456)
  N=4 amz_nonsynth_mf4_000051 seed=0 arm=self_refine: per_fault={'price': False, 'brand': False, 'category': False, 'feature': False} all_resolved=False n_resolved=0/4 tokens=(2169,1347)
  N=4 amz_nonsynth_mf4_000051 seed=0 arm=full_regen: per_fault={'price': False, 'brand': False, 'category': False, 'feature': False} all_resolved=False n_resolved=0/4 tokens=(1494,824)
  N=4 amz_nonsynth_mf4_000051 seed=0 arm=react: per_fault={'price': False, 'brand': False, 'category': False, 'feature': False} all_resolved=False n_resolved=0/4 tokens=(1547,1056)
  N=4 amz_nonsynth_mf4_000051 seed=0 arm=selfcheckgpt: per_fault={'price': False, 'brand': False, 'category': False, 'feature': False} all_resolved=False n_resolved=0/4 tokens=(4306,759)
  N=4 amz_nonsynth_mf4_000051 seed=0 arm=reflexion: per_fault={'price': False, 'brand': False, 'category': False, 'feature': False} all_resolved=False n_resolved=0/4 tokens=(6281,720)
  N=4 amz_nonsynth_mf4_000051 seed=0 arm=intro_specter: per_fault={'price': False, 'brand': True, 'category': True, 'feature': False} all_resolved=False n_resolved=2/4 tokens=(2323,1169)
  N=4 amz_nonsynth_mf4_000051 seed=1 arm=direct: per_fault={'price': False, 'brand': False, 'category': False, 'feature': False} all_resolved=False n_resolved=0/4 tokens=(747,492)
  N=4 amz_nonsynth_mf4_000051 seed=1 arm=self_refine: per_fault={'price': False, 'brand': True, 'category': True, 'feature': False} all_resolved=False n_resolved=2/4 tokens=(2177,1565)
  N=4 amz_nonsynth_mf4_000051 seed=1 arm=full_regen: per_fault={'price': False, 'brand': False, 'category': False, 'feature': False} all_resolved=False n_resolved=0/4 tokens=(1494,857)
  N=4 amz_nonsynth_mf4_000051 seed=1 arm=react: per_fault={'price': False, 'brand': False, 'category': False, 'feature': False} all_resolved=False n_resolved=0/4 tokens=(1547,1081)
  N=4 amz_nonsynth_mf4_000051 seed=1 arm=selfcheckgpt: per_fault={'price': False, 'brand': False, 'category': False, 'feature': False} all_resolved=False n_resolved=0/4 tokens=(5411,908)
  N=4 amz_nonsynth_mf4_000051 seed=1 arm=reflexion: per_fault={'price': False, 'brand': False, 'category': False, 'feature': False} all_resolved=False n_resolved=0/4 tokens=(6224,697)
  N=4 amz_nonsynth_mf4_000051 seed=1 arm=intro_specter: per_fault={'price': True, 'brand': True, 'category': True, 'feature': False} all_resolved=False n_resolved=3/4 tokens=(2331,930)
  N=4 amz_nonsynth_mf4_000051 seed=2 arm=direct: per_fault={'price': False, 'brand': False, 'category': False, 'feature': False} all_resolved=False n_resolved=0/4 tokens=(747,511)
  N=4 amz_nonsynth_mf4_000051 seed=2 arm=self_refine: per_fault={'price': False, 'brand': False, 'category': False, 'feature': False} all_resolved=False n_resolved=0/4 tokens=(2196,1245)
  N=4 amz_nonsynth_mf4_000051 seed=2 arm=full_regen: per_fault={'price': False, 'brand': False, 'category': False, 'feature': False} all_resolved=False n_resolved=0/4 tokens=(1494,941)
  N=4 amz_nonsynth_mf4_000051 seed=2 arm=react: per_fault={'price': False, 'brand': False, 'category': False, 'feature': False} all_resolved=False n_resolved=0/4 tokens=(1547,1109)
  N=4 amz_nonsynth_mf4_000051 seed=2 arm=selfcheckgpt: per_fault={'price': False, 'brand': False, 'category': False, 'feature': False} all_resolved=False n_resolved=0/4 tokens=(4708,872)
  N=4 amz_nonsynth_mf4_000051 seed=2 arm=reflexion: per_fault={'price': False, 'brand': False, 'category': False, 'feature': False} all_resolved=False n_resolved=0/4 tokens=(6382,758)
  N=4 amz_nonsynth_mf4_000051 seed=2 arm=intro_specter: per_fault={'price': False, 'brand': False, 'category': False, 'feature': False} all_resolved=False n_resolved=0/4 tokens=(2350,1301)
  N=4 amz_nonsynth_mf4_000052 seed=0 arm=direct: per_fault={'price': False, 'brand': False, 'category': False, 'feature': False} all_resolved=False n_resolved=0/4 tokens=(731,459)
  N=4 amz_nonsynth_mf4_000052 seed=0 arm=self_refine: per_fault={'price': False, 'brand': False, 'category': False, 'feature': False} all_resolved=False n_resolved=0/4 tokens=(2112,1296)
  N=4 amz_nonsynth_mf4_000052 seed=0 arm=full_regen: per_fault={'price': False, 'brand': False, 'category': False, 'feature': False} all_resolved=False n_resolved=0/4 tokens=(1462,860)
  N=4 amz_nonsynth_mf4_000052 seed=0 arm=react: per_fault={'price': False, 'brand': False, 'category': False, 'feature': False} all_resolved=False n_resolved=0/4 tokens=(1515,1024)
  N=4 amz_nonsynth_mf4_000052 seed=0 arm=selfcheckgpt: per_fault={'price': False, 'brand': False, 'category': False, 'feature': False} all_resolved=False n_resolved=0/4 tokens=(6251,969)
  N=4 amz_nonsynth_mf4_000052 seed=0 arm=reflexion: per_fault={'price': False, 'brand': False, 'category': False, 'feature': False} all_resolved=False n_resolved=0/4 tokens=(6091,699)
  N=4 amz_nonsynth_mf4_000052 seed=0 arm=intro_specter: per_fault={'price': True, 'brand': True, 'category': True, 'feature': True} all_resolved=True n_resolved=4/4 tokens=(2266,1117)
  N=4 amz_nonsynth_mf4_000052 seed=1 arm=direct: per_fault={'price': False, 'brand': False, 'category': False, 'feature': False} all_resolved=False n_resolved=0/4 tokens=(731,336)
  N=4 amz_nonsynth_mf4_000052 seed=1 arm=self_refine: per_fault={'price': False, 'brand': False, 'category': False, 'feature': False} all_resolved=False n_resolved=0/4 tokens=(1870,966)
  N=4 amz_nonsynth_mf4_000052 seed=1 arm=full_regen: per_fault={'price': False, 'brand': False, 'category': False, 'feature': False} all_resolved=False n_resolved=0/4 tokens=(1462,884)
  N=4 amz_nonsynth_mf4_000052 seed=1 arm=react: per_fault={'price': True, 'brand': False, 'category': False, 'feature': False} all_resolved=False n_resolved=1/4 tokens=(1515,998)
  N=4 amz_nonsynth_mf4_000052 seed=1 arm=selfcheckgpt: per_fault={'price': False, 'brand': False, 'category': False, 'feature': False} all_resolved=False n_resolved=0/4 tokens=(5269,771)
  N=4 amz_nonsynth_mf4_000052 seed=1 arm=reflexion: per_fault={'price': False, 'brand': False, 'category': False, 'feature': False} all_resolved=False n_resolved=0/4 tokens=(5370,552)
  N=4 amz_nonsynth_mf4_000052 seed=1 arm=intro_specter: per_fault={'price': True, 'brand': False, 'category': False, 'feature': False} all_resolved=False n_resolved=1/4 tokens=(2024,730)
  N=4 amz_nonsynth_mf4_000052 seed=2 arm=direct: per_fault={'price': False, 'brand': False, 'category': False, 'feature': False} all_resolved=False n_resolved=0/4 tokens=(731,381)
  N=4 amz_nonsynth_mf4_000052 seed=2 arm=self_refine: per_fault={'price': False, 'brand': False, 'category': False, 'feature': False} all_resolved=False n_resolved=0/4 tokens=(2006,1165)
  N=4 amz_nonsynth_mf4_000052 seed=2 arm=full_regen: per_fault={'price': False, 'brand': False, 'category': False, 'feature': False} all_resolved=False n_resolved=0/4 tokens=(1462,851)
  N=4 amz_nonsynth_mf4_000052 seed=2 arm=react: per_fault={'price': False, 'brand': False, 'category': False, 'feature': False} all_resolved=False n_resolved=0/4 tokens=(1515,1028)
  N=4 amz_nonsynth_mf4_000052 seed=2 arm=selfcheckgpt: per_fault={'price': False, 'brand': False, 'category': False, 'feature': False} all_resolved=False n_resolved=0/4 tokens=(4888,750)
  N=4 amz_nonsynth_mf4_000052 seed=2 arm=reflexion: per_fault={'price': False, 'brand': False, 'category': False, 'feature': False} all_resolved=False n_resolved=0/4 tokens=(5762,651)
  N=4 amz_nonsynth_mf4_000052 seed=2 arm=intro_specter: per_fault={'price': True, 'brand': True, 'category': True, 'feature': True} all_resolved=True n_resolved=4/4 tokens=(2160,921)

--- run summary (N=4, model=llama-3.3-70b) ---
rows written: 1008  errors: 0
total tokens_input=2699702  total tokens_output=836896  grand_total=3536598
