[RETRY] selfcheckgpt task=tp_nonsynth_mf2_000003 seed=0 attempt 1/5 failed (failed to obtain JSON after 3 attempts: could not parse JSON from model output:
{
  "final_output": "Here's a 5-day itinerary for your trip to Atlanta from West Palm Beach, staying within your budget of $1950: Day 1: Accommodation at Hyatt Regency Atlanta, Meals at the hotel's restaurant and a tour of the World of Coca-Cola, Cost: $300 Day 2: Visit the Georgia Aquarium ($40) and walk around Centennial Olympic Park, with lunch at a food truck nearby and dinner at The Cheesecake Factory, Cost: $120 Day 3: Explore the Martin Luther King Jr National Historical Park ($15), visit); retrying in 3s
[RETRY] selfcheckgpt task=tp_nonsynth_mf2_000003 seed=0 attempt 2/5 failed (failed to obtain JSON after 3 attempts: could not parse JSON from model output:
{
  "final_output": "Here's a 5-day itinerary for your trip to Atlanta from West Palm Beach, staying within your budget of $1950: Day 1: Accommodation at Hyatt Regency Atlanta, Meals at the hotel's restaurant and a tour of the World of Coca-Cola, Cost: $300 Day 2: Visit the Georgia Aquarium ($40) and walk around Centennial Olympic Park, with lunch at a food truck nearby and dinner at The Cheesecake Factory, Cost: $120 Day 3: Explore the Martin Luther King Jr National Historical Park ($15), visit); retrying in 6s
[RETRY] selfcheckgpt task=tp_nonsynth_mf2_000003 seed=0 attempt 3/5 failed (failed to obtain JSON after 3 attempts: could not parse JSON from model output:
{
  "final_output": "Here's a 5-day itinerary for your trip to Atlanta from West Palm Beach, staying within your budget of $1950: Day 1: Accommodation at Hyatt Regency Atlanta, Meals at the hotel's restaurant and a tour of the World of Coca-Cola, Cost: $300 Day 2: Visit the Georgia Aquarium ($40) and walk around Centennial Olympic Park, with lunch at a food truck nearby and dinner at The Cheesecake Factory, Cost: $120 Day 3: Explore the Martin Luther King Jr National Historical Park ($15), visit); retrying in 12s
[RETRY] selfcheckgpt task=tp_nonsynth_mf2_000003 seed=0 attempt 4/5 failed (failed to obtain JSON after 3 attempts: could not parse JSON from model output:
{
  "final_output": "Here's a 5-day itinerary for your trip to Atlanta from West Palm Beach, staying within your budget of $1950: Day 1: Accommodation at Hyatt Regency Atlanta, Meals at the hotel's restaurant and a tour of the World of Coca-Cola, Cost: $300 Day 2: Visit the Georgia Aquarium ($40) and walk around Centennial Olympic Park, with lunch at a food truck nearby and dinner at The Cheesecake Factory, Cost: $120 Day 3: Explore the Martin Luther King Jr National Historical Park ($15), visit); retrying in 24s
[ERROR] selfcheckgpt failed task=tp_nonsynth_mf2_000003 seed=0: failed to obtain JSON after 3 attempts: could not parse JSON from model output:
{
  "final_output": "Here's a 5-day itinerary for your trip to Atlanta from West Palm Beach, staying within your budget of $1950: Day 1: Accommodation at Hyatt Regency Atlanta, Meals at the hotel's restaurant and a tour of the World of Coca-Cola, Cost: $300 Day 2: Visit the Georgia Aquarium ($40) and walk around Centennial Olympic Park, with lunch at a food truck nearby and dinner at The Cheesecake Factory, Cost: $120 Day 3: Explore the Martin Luther King Jr National Historical Park ($15), visit
Building 60 native-multi-fault (N=2) travelplanner examples (bench_seed=42, allowed_levels=['easy', 'medium', 'hard'])...
Built 60 examples. level distribution={'easy': 24, 'hard': 24, 'medium': 12}, seeds=[0, 1, 2], model=llama-3.1-8b, arms=['direct', 'self_refine', 'full_regen', 'react', 'selfcheckgpt', 'reflexion', 'intro_specter']
  N=2 tp_nonsynth_mf2_000001 seed=0 arm=direct level=easy: per_fault={'budget': False, 'days': True} all_resolved=False n_resolved=1/2 tokens=(1308,2695)
  N=2 tp_nonsynth_mf2_000001 seed=0 arm=self_refine level=easy: per_fault={'budget': True, 'days': True} all_resolved=True n_resolved=2/2 tokens=(5991,5043)
  N=2 tp_nonsynth_mf2_000001 seed=0 arm=full_regen level=easy: per_fault={'budget': True, 'days': False} all_resolved=False n_resolved=1/2 tokens=(2632,4048)
  N=2 tp_nonsynth_mf2_000001 seed=0 arm=react level=easy: per_fault={'budget': False, 'days': True} all_resolved=False n_resolved=1/2 tokens=(2669,4630)
  N=2 tp_nonsynth_mf2_000001 seed=0 arm=selfcheckgpt level=easy: per_fault={'budget': False, 'days': True} all_resolved=False n_resolved=1/2 tokens=(19960,5086)
  N=2 tp_nonsynth_mf2_000001 seed=0 arm=reflexion level=easy: per_fault={'budget': True, 'days': True} all_resolved=True n_resolved=2/2 tokens=(10749,5056)
  N=2 tp_nonsynth_mf2_000001 seed=0 arm=intro_specter level=easy: per_fault={'budget': False, 'days': True} all_resolved=False n_resolved=1/2 tokens=(6145,4541)
  N=2 tp_nonsynth_mf2_000001 seed=1 arm=direct level=easy: per_fault={'budget': False, 'days': True} all_resolved=False n_resolved=1/2 tokens=(1308,2695)
  N=2 tp_nonsynth_mf2_000001 seed=1 arm=self_refine level=easy: per_fault={'budget': True, 'days': True} all_resolved=True n_resolved=2/2 tokens=(5991,5043)
  N=2 tp_nonsynth_mf2_000001 seed=1 arm=full_regen level=easy: per_fault={'budget': True, 'days': True} all_resolved=True n_resolved=2/2 tokens=(2596,3977)
  N=2 tp_nonsynth_mf2_000001 seed=1 arm=react level=easy: per_fault={'budget': False, 'days': True} all_resolved=False n_resolved=1/2 tokens=(2669,4630)
  N=2 tp_nonsynth_mf2_000001 seed=1 arm=selfcheckgpt level=easy: per_fault={'budget': False, 'days': True} all_resolved=False n_resolved=1/2 tokens=(19515,5205)
  N=2 tp_nonsynth_mf2_000001 seed=1 arm=reflexion level=easy: per_fault={'budget': True, 'days': True} all_resolved=True n_resolved=2/2 tokens=(10749,5056)
  N=2 tp_nonsynth_mf2_000001 seed=1 arm=intro_specter level=easy: per_fault={'budget': False, 'days': True} all_resolved=False n_resolved=1/2 tokens=(6145,4541)
  N=2 tp_nonsynth_mf2_000001 seed=2 arm=direct level=easy: per_fault={'budget': False, 'days': True} all_resolved=False n_resolved=1/2 tokens=(1288,1863)
  N=2 tp_nonsynth_mf2_000001 seed=2 arm=self_refine level=easy: per_fault={'budget': False, 'days': True} all_resolved=False n_resolved=1/2 tokens=(4972,4364)
  N=2 tp_nonsynth_mf2_000001 seed=2 arm=full_regen level=easy: per_fault={'budget': True, 'days': True} all_resolved=True n_resolved=2/2 tokens=(2612,2229)
  N=2 tp_nonsynth_mf2_000001 seed=2 arm=react level=easy: per_fault={'budget': False, 'days': True} all_resolved=False n_resolved=1/2 tokens=(2649,3742)
  N=2 tp_nonsynth_mf2_000001 seed=2 arm=selfcheckgpt level=easy: per_fault={'budget': False, 'days': True} all_resolved=False n_resolved=1/2 tokens=(11120,4097)
  N=2 tp_nonsynth_mf2_000001 seed=2 arm=reflexion level=easy: per_fault={'budget': False, 'days': True} all_resolved=False n_resolved=1/2 tokens=(18711,6887)
  N=2 tp_nonsynth_mf2_000001 seed=2 arm=intro_specter level=easy: per_fault={'budget': True, 'days': True} all_resolved=True n_resolved=2/2 tokens=(5146,3801)
  N=2 tp_nonsynth_mf2_000002 seed=0 arm=direct level=easy: per_fault={'budget': False, 'days': True} all_resolved=False n_resolved=1/2 tokens=(1268,1007)
  N=2 tp_nonsynth_mf2_000002 seed=0 arm=self_refine level=easy: per_fault={'budget': False, 'days': True} all_resolved=False n_resolved=1/2 tokens=(3840,2095)
  N=2 tp_nonsynth_mf2_000002 seed=0 arm=full_regen level=easy: per_fault={'budget': True, 'days': True} all_resolved=True n_resolved=2/2 tokens=(2536,2679)
  N=2 tp_nonsynth_mf2_000002 seed=0 arm=react level=easy: per_fault={'budget': True, 'days': True} all_resolved=True n_resolved=2/2 tokens=(2569,1909)
  N=2 tp_nonsynth_mf2_000002 seed=0 arm=selfcheckgpt level=easy: per_fault={'budget': False, 'days': True} all_resolved=False n_resolved=1/2 tokens=(9852,3018)
  N=2 tp_nonsynth_mf2_000002 seed=0 arm=reflexion level=easy: per_fault={'budget': False, 'days': True} all_resolved=False n_resolved=1/2 tokens=(12419,3423)
  N=2 tp_nonsynth_mf2_000002 seed=0 arm=intro_specter level=easy: per_fault={'budget': True, 'days': True} all_resolved=True n_resolved=2/2 tokens=(3958,2787)
  N=2 tp_nonsynth_mf2_000002 seed=1 arm=direct level=easy: per_fault={'budget': False, 'days': True} all_resolved=False n_resolved=1/2 tokens=(1268,1007)
  N=2 tp_nonsynth_mf2_000002 seed=1 arm=self_refine level=easy: per_fault={'budget': False, 'days': True} all_resolved=False n_resolved=1/2 tokens=(3840,2095)
  N=2 tp_nonsynth_mf2_000002 seed=1 arm=full_regen level=easy: per_fault={'budget': True, 'days': True} all_resolved=True n_resolved=2/2 tokens=(2536,1975)
  N=2 tp_nonsynth_mf2_000002 seed=1 arm=react level=easy: per_fault={'budget': True, 'days': True} all_resolved=True n_resolved=2/2 tokens=(2569,1909)
  N=2 tp_nonsynth_mf2_000002 seed=1 arm=selfcheckgpt level=easy: per_fault={'budget': False, 'days': True} all_resolved=False n_resolved=1/2 tokens=(9930,2947)
  N=2 tp_nonsynth_mf2_000002 seed=1 arm=reflexion level=easy: per_fault={'budget': False, 'days': True} all_resolved=False n_resolved=1/2 tokens=(12419,3423)
  N=2 tp_nonsynth_mf2_000002 seed=1 arm=intro_specter level=easy: per_fault={'budget': True, 'days': True} all_resolved=True n_resolved=2/2 tokens=(3958,2787)
  N=2 tp_nonsynth_mf2_000002 seed=2 arm=direct level=easy: per_fault={'budget': False, 'days': True} all_resolved=False n_resolved=1/2 tokens=(1248,553)
  N=2 tp_nonsynth_mf2_000002 seed=2 arm=self_refine level=easy: per_fault={'budget': False, 'days': True} all_resolved=False n_resolved=1/2 tokens=(3160,1313)
  N=2 tp_nonsynth_mf2_000002 seed=2 arm=full_regen level=easy: per_fault={'budget': True, 'days': True} all_resolved=True n_resolved=2/2 tokens=(2516,2045)
  N=2 tp_nonsynth_mf2_000002 seed=2 arm=react level=easy: per_fault={'budget': False, 'days': True} all_resolved=False n_resolved=1/2 tokens=(2569,2135)
  N=2 tp_nonsynth_mf2_000002 seed=2 arm=selfcheckgpt level=easy: per_fault={'budget': False, 'days': True} all_resolved=False n_resolved=1/2 tokens=(15826,2440)
  N=2 tp_nonsynth_mf2_000002 seed=2 arm=reflexion level=easy: per_fault={'budget': True, 'days': True} all_resolved=True n_resolved=2/2 tokens=(5122,1331)
  N=2 tp_nonsynth_mf2_000002 seed=2 arm=intro_specter level=easy: per_fault={'budget': True, 'days': True} all_resolved=True n_resolved=2/2 tokens=(3294,1225)
  N=2 tp_nonsynth_mf2_000003 seed=0 arm=direct level=easy: per_fault={'budget': False, 'days': True} all_resolved=False n_resolved=1/2 tokens=(1322,1052)
  N=2 tp_nonsynth_mf2_000003 seed=0 arm=self_refine level=easy: per_fault={'budget': False, 'days': True} all_resolved=False n_resolved=1/2 tokens=(3914,2628)
  N=2 tp_nonsynth_mf2_000003 seed=0 arm=full_regen level=easy: per_fault={'budget': False, 'days': True} all_resolved=False n_resolved=1/2 tokens=(2644,2194)
  N=2 tp_nonsynth_mf2_000003 seed=0 arm=react level=easy: per_fault={'budget': False, 'days': True} all_resolved=False n_resolved=1/2 tokens=(2717,2903)
  N=2 tp_nonsynth_mf2_000003 seed=0 arm=reflexion level=easy: per_fault={'budget': True, 'days': True} all_resolved=True n_resolved=2/2 tokens=(6624,2516)
  N=2 tp_nonsynth_mf2_000003 seed=0 arm=intro_specter level=easy: per_fault={'budget': False, 'days': True} all_resolved=False n_resolved=1/2 tokens=(4068,2163)
  N=2 tp_nonsynth_mf2_000003 seed=1 arm=direct level=easy: per_fault={'budget': False, 'days': True} all_resolved=False n_resolved=1/2 tokens=(1322,1052)
  N=2 tp_nonsynth_mf2_000003 seed=1 arm=self_refine level=easy: per_fault={'budget': False, 'days': True} all_resolved=False n_resolved=1/2 tokens=(3914,2628)
[RETRY] selfcheckgpt task=tp_nonsynth_mf2_000004 seed=0 attempt 1/5 failed (failed to obtain JSON after 3 attempts: could not parse JSON from model output:
{
  "final_output": "Here is a concrete day-by-day plan: Day 1 (March 3rd-4th): Our flight arrives in Dallas. We take a car service from the airport to the house. Breakfast at a Mexican restaurant, lunch at a buffet with a variety of options, dinner at an Italian place and enjoy pupusas tacos. Total cost for the day $147. Accommodation: $960. Day 2 (March 4th-5th): We check into a 2 bedroom house in Frisco, where we can check in at 3pm. Breakfast at a drive-through place, grab a smoothie for sna); retrying in 3s
[RETRY] selfcheckgpt task=tp_nonsynth_mf2_000004 seed=0 attempt 2/5 failed (failed to obtain JSON after 3 attempts: could not parse JSON from model output:
{
  "final_output": "Here is a concrete day-by-day plan: Day 1 (March 3rd-4th): Our flight arrives in Dallas. We take a car service from the airport to the house. Breakfast at a Mexican restaurant, lunch at a buffet with a variety of options, dinner at an Italian place and enjoy pupusas tacos. Total cost for the day $147. Accommodation: $960. Day 2 (March 4th-5th): We check into a 2 bedroom house in Frisco, where we can check in at 3pm. Breakfast at a drive-through place, grab a smoothie for sna); retrying in 6s
[RETRY] selfcheckgpt task=tp_nonsynth_mf2_000004 seed=0 attempt 3/5 failed (failed to obtain JSON after 3 attempts: could not parse JSON from model output:
{
  "final_output": "Here is a concrete day-by-day plan: Day 1 (March 3rd-4th): Our flight arrives in Dallas. We take a car service from the airport to the house. Breakfast at a Mexican restaurant, lunch at a buffet with a variety of options, dinner at an Italian place and enjoy pupusas tacos. Total cost for the day $147. Accommodation: $960. Day 2 (March 4th-5th): We check into a 2 bedroom house in Frisco, where we can check in at 3pm. Breakfast at a drive-through place, grab a smoothie for sna); retrying in 12s
[RETRY] selfcheckgpt task=tp_nonsynth_mf2_000004 seed=0 attempt 4/5 failed (failed to obtain JSON after 3 attempts: could not parse JSON from model output:
{
  "final_output": "Here is a concrete day-by-day plan: Day 1 (March 3rd-4th): Our flight arrives in Dallas. We take a car service from the airport to the house. Breakfast at a Mexican restaurant, lunch at a buffet with a variety of options, dinner at an Italian place and enjoy pupusas tacos. Total cost for the day $147. Accommodation: $960. Day 2 (March 4th-5th): We check into a 2 bedroom house in Frisco, where we can check in at 3pm. Breakfast at a drive-through place, grab a smoothie for sna); retrying in 24s
[ERROR] selfcheckgpt failed task=tp_nonsynth_mf2_000004 seed=0: failed to obtain JSON after 3 attempts: could not parse JSON from model output:
{
  "final_output": "Here is a concrete day-by-day plan: Day 1 (March 3rd-4th): Our flight arrives in Dallas. We take a car service from the airport to the house. Breakfast at a Mexican restaurant, lunch at a buffet with a variety of options, dinner at an Italian place and enjoy pupusas tacos. Total cost for the day $147. Accommodation: $960. Day 2 (March 4th-5th): We check into a 2 bedroom house in Frisco, where we can check in at 3pm. Breakfast at a drive-through place, grab a smoothie for sna
[RETRY] selfcheckgpt task=tp_nonsynth_mf2_000004 seed=1 attempt 1/5 failed (failed to obtain JSON after 3 attempts: could not parse JSON from model output:
{
  "final_output": "See below for a concrete day-by-day plan. Each day lists accommodation, meals, and attractions, with a cost line. End with a 'Total cost: $...' summary.\n\nDay 1: Monday, March 3rd\n\n Accommodation: Hotel at $800, incl meals and attractions (\u00a21200)\n\n Meals: Dinner at Casa Rio, $25 (Mexican), Breakfast at Art Espresso, $20 (American), Lunch at Teote, $20 (Mexican)\n Attractions: Space Center Museum (free admission)\n\n Day 2: Tuesday, March 4th\n\n Accommodation: Hote); retrying in 3s
[RETRY] selfcheckgpt task=tp_nonsynth_mf2_000004 seed=1 attempt 2/5 failed (failed to obtain JSON after 3 attempts: could not parse JSON from model output:
{
  "final_output": "See below for a concrete day-by-day plan. Each day lists accommodation, meals, and attractions, with a cost line. End with a 'Total cost: $...' summary.\n\nDay 1: Monday, March 3rd\n\n Accommodation: Hotel at $800, incl meals and attractions (\u00a21200)\n\n Meals: Dinner at Casa Rio, $25 (Mexican), Breakfast at Art Espresso, $20 (American), Lunch at Teote, $20 (Mexican)\n Attractions: Space Center Museum (free admission)\n\n Day 2: Tuesday, March 4th\n\n Accommodation: Hote); retrying in 6s
[RETRY] selfcheckgpt task=tp_nonsynth_mf2_000004 seed=1 attempt 3/5 failed (failed to obtain JSON after 3 attempts: could not parse JSON from model output:
{
  "final_output": "See below for a concrete day-by-day plan. Each day lists accommodation, meals, and attractions, with a cost line. End with a 'Total cost: $...' summary.\n\nDay 1: Monday, March 3rd\n\n Accommodation: Hotel at $800, incl meals and attractions (\u00a21200)\n\n Meals: Dinner at Casa Rio, $25 (Mexican), Breakfast at Art Espresso, $20 (American), Lunch at Teote, $20 (Mexican)\n Attractions: Space Center Museum (free admission)\n\n Day 2: Tuesday, March 4th\n\n Accommodation: Hote); retrying in 12s
[RETRY] selfcheckgpt task=tp_nonsynth_mf2_000004 seed=1 attempt 4/5 failed (failed to obtain JSON after 3 attempts: could not parse JSON from model output:
{
  "final_output": "See below for a concrete day-by-day plan. Each day lists accommodation, meals, and attractions, with a cost line. End with a 'Total cost: $...' summary.\n\nDay 1: Monday, March 3rd\n\n Accommodation: Hotel at $800, incl meals and attractions (\u00a21200)\n\n Meals: Dinner at Casa Rio, $25 (Mexican), Breakfast at Art Espresso, $20 (American), Lunch at Teote, $20 (Mexican)\n Attractions: Space Center Museum (free admission)\n\n Day 2: Tuesday, March 4th\n\n Accommodation: Hote); retrying in 24s
[ERROR] selfcheckgpt failed task=tp_nonsynth_mf2_000004 seed=1: failed to obtain JSON after 3 attempts: could not parse JSON from model output:
{
  "final_output": "See below for a concrete day-by-day plan. Each day lists accommodation, meals, and attractions, with a cost line. End with a 'Total cost: $...' summary.\n\nDay 1: Monday, March 3rd\n\n Accommodation: Hotel at $800, incl meals and attractions (\u00a21200)\n\n Meals: Dinner at Casa Rio, $25 (Mexican), Breakfast at Art Espresso, $20 (American), Lunch at Teote, $20 (Mexican)\n Attractions: Space Center Museum (free admission)\n\n Day 2: Tuesday, March 4th\n\n Accommodation: Hote
[RETRY] selfcheckgpt task=tp_nonsynth_mf2_000004 seed=2 attempt 1/5 failed (failed to obtain JSON after 3 attempts: could not parse JSON from model output:
{
  "final_output": "Day 1: Travel from Key West to Houston, TX\nHotel: Hotel Indigo Houston at the Galleria ( $180 per night)\nDay 1: Dinner at a Mexican restaurant in Houston\nRestaurant: Ninfa's on Navigation ( $25 per person)\nDay 1: Visit the Houston Arboretum & Nature Center\nAttraction: Houston Arboretum & Nature Center ( $10 per person)\nDay 2: Travel from Houston to San Antonio, TX\nHotel: Hotel Contessa ( $200 per night)\nDay 2: Dinner at an Italian restaurant in San Antonio\nRestauran); retrying in 3s
[RETRY] selfcheckgpt task=tp_nonsynth_mf2_000004 seed=2 attempt 2/5 failed (failed to obtain JSON after 3 attempts: could not parse JSON from model output:
{
  "final_output": "Day 1: Travel from Key West to Houston, TX\nHotel: Hotel Indigo Houston at the Galleria ( $180 per night)\nDay 1: Dinner at a Mexican restaurant in Houston\nRestaurant: Ninfa's on Navigation ( $25 per person)\nDay 1: Visit the Houston Arboretum & Nature Center\nAttraction: Houston Arboretum & Nature Center ( $10 per person)\nDay 2: Travel from Houston to San Antonio, TX\nHotel: Hotel Contessa ( $200 per night)\nDay 2: Dinner at an Italian restaurant in San Antonio\nRestauran); retrying in 6s
[RETRY] selfcheckgpt task=tp_nonsynth_mf2_000004 seed=2 attempt 3/5 failed (failed to obtain JSON after 3 attempts: could not parse JSON from model output:
{
  "final_output": "Day 1: Travel from Key West to Houston, TX\nHotel: Hotel Indigo Houston at the Galleria ( $180 per night)\nDay 1: Dinner at a Mexican restaurant in Houston\nRestaurant: Ninfa's on Navigation ( $25 per person)\nDay 1: Visit the Houston Arboretum & Nature Center\nAttraction: Houston Arboretum & Nature Center ( $10 per person)\nDay 2: Travel from Houston to San Antonio, TX\nHotel: Hotel Contessa ( $200 per night)\nDay 2: Dinner at an Italian restaurant in San Antonio\nRestauran); retrying in 12s
[RETRY] selfcheckgpt task=tp_nonsynth_mf2_000004 seed=2 attempt 4/5 failed (failed to obtain JSON after 3 attempts: could not parse JSON from model output:
{
  "final_output": "Day 1: Travel from Key West to Houston, TX\nHotel: Hotel Indigo Houston at the Galleria ( $180 per night)\nDay 1: Dinner at a Mexican restaurant in Houston\nRestaurant: Ninfa's on Navigation ( $25 per person)\nDay 1: Visit the Houston Arboretum & Nature Center\nAttraction: Houston Arboretum & Nature Center ( $10 per person)\nDay 2: Travel from Houston to San Antonio, TX\nHotel: Hotel Contessa ( $200 per night)\nDay 2: Dinner at an Italian restaurant in San Antonio\nRestauran); retrying in 24s
[ERROR] selfcheckgpt failed task=tp_nonsynth_mf2_000004 seed=2: failed to obtain JSON after 3 attempts: could not parse JSON from model output:
{
  "final_output": "Day 1: Travel from Key West to Houston, TX\nHotel: Hotel Indigo Houston at the Galleria ( $180 per night)\nDay 1: Dinner at a Mexican restaurant in Houston\nRestaurant: Ninfa's on Navigation ( $25 per person)\nDay 1: Visit the Houston Arboretum & Nature Center\nAttraction: Houston Arboretum & Nature Center ( $10 per person)\nDay 2: Travel from Houston to San Antonio, TX\nHotel: Hotel Contessa ( $200 per night)\nDay 2: Dinner at an Italian restaurant in San Antonio\nRestauran
[RETRY] selfcheckgpt task=tp_nonsynth_mf2_000005 seed=0 attempt 1/5 failed (failed to obtain JSON after 3 attempts: could not parse JSON from model output:
{
  "final_output": "One possible travel itinerary for 2 people from Miami to California from March 8th to March 14th, 2022, with a budget of $13,750 and Mexican and American cuisine preferences is: Day 1: Accommodation-Crowne Plaza Redondo Beach and Marina (Cost: $400), Meals-Los Chinos Tacos and Bluewater Grill (Cost: $150), Attractions - Hermosa Beach Pier (Cost: $0), Total cost: $550\nDay 2: Accommodation-The Westin Los Angeles Airport (Cost: $250), Meals-Kogi BBQ and Tacos el Gordo (Cost: $); retrying in 3s
[RETRY] selfcheckgpt task=tp_nonsynth_mf2_000005 seed=0 attempt 2/5 failed (failed to obtain JSON after 3 attempts: could not parse JSON from model output:
{
  "final_output": "One possible travel itinerary for 2 people from Miami to California from March 8th to March 14th, 2022, with a budget of $13,750 and Mexican and American cuisine preferences is: Day 1: Accommodation-Crowne Plaza Redondo Beach and Marina (Cost: $400), Meals-Los Chinos Tacos and Bluewater Grill (Cost: $150), Attractions - Hermosa Beach Pier (Cost: $0), Total cost: $550\nDay 2: Accommodation-The Westin Los Angeles Airport (Cost: $250), Meals-Kogi BBQ and Tacos el Gordo (Cost: $); retrying in 6s
[RETRY] selfcheckgpt task=tp_nonsynth_mf2_000005 seed=0 attempt 3/5 failed (failed to obtain JSON after 3 attempts: could not parse JSON from model output:
{
  "final_output": "One possible travel itinerary for 2 people from Miami to California from March 8th to March 14th, 2022, with a budget of $13,750 and Mexican and American cuisine preferences is: Day 1: Accommodation-Crowne Plaza Redondo Beach and Marina (Cost: $400), Meals-Los Chinos Tacos and Bluewater Grill (Cost: $150), Attractions - Hermosa Beach Pier (Cost: $0), Total cost: $550\nDay 2: Accommodation-The Westin Los Angeles Airport (Cost: $250), Meals-Kogi BBQ and Tacos el Gordo (Cost: $); retrying in 12s
[RETRY] selfcheckgpt task=tp_nonsynth_mf2_000005 seed=0 attempt 4/5 failed (failed to obtain JSON after 3 attempts: could not parse JSON from model output:
{
  "final_output": "One possible travel itinerary for 2 people from Miami to California from March 8th to March 14th, 2022, with a budget of $13,750 and Mexican and American cuisine preferences is: Day 1: Accommodation-Crowne Plaza Redondo Beach and Marina (Cost: $400), Meals-Los Chinos Tacos and Bluewater Grill (Cost: $150), Attractions - Hermosa Beach Pier (Cost: $0), Total cost: $550\nDay 2: Accommodation-The Westin Los Angeles Airport (Cost: $250), Meals-Kogi BBQ and Tacos el Gordo (Cost: $); retrying in 24s
[ERROR] selfcheckgpt failed task=tp_nonsynth_mf2_000005 seed=0: failed to obtain JSON after 3 attempts: could not parse JSON from model output:
{
  "final_output": "One possible travel itinerary for 2 people from Miami to California from March 8th to March 14th, 2022, with a budget of $13,750 and Mexican and American cuisine preferences is: Day 1: Accommodation-Crowne Plaza Redondo Beach and Marina (Cost: $400), Meals-Los Chinos Tacos and Bluewater Grill (Cost: $150), Attractions - Hermosa Beach Pier (Cost: $0), Total cost: $550\nDay 2: Accommodation-The Westin Los Angeles Airport (Cost: $250), Meals-Kogi BBQ and Tacos el Gordo (Cost: $
[RETRY] selfcheckgpt task=tp_nonsynth_mf2_000005 seed=1 attempt 1/5 failed (failed to obtain JSON after 3 attempts: could not parse JSON from model output:
{
  "final_output": "Day 1: Arrival in Los Angeles, Accommodation at Hyatt Regency Los Angeles (Cost: $200), Lunch at The Original Panurger (Cost: $15), Dinner at Lawlor Event Space (Cost: $25), Attractions: California Walk of Fame and La Brea Tar Pits. Total cost: $240. Day 2: Explore Los Angeles, Accommodation at Hyatt Regency Los Angeles (Cost: $200), Breakfast at Green Earth Cuisine (Cost: $10), Lunch at The Apple, With love from Mac Donald (Cost: $12), Dinner at The museum tour of the self ); retrying in 3s
[RETRY] selfcheckgpt task=tp_nonsynth_mf2_000005 seed=1 attempt 2/5 failed (failed to obtain JSON after 3 attempts: could not parse JSON from model output:
{
  "final_output": "Day 1: Arrival in Los Angeles, Accommodation at Hyatt Regency Los Angeles (Cost: $200), Lunch at The Original Panurger (Cost: $15), Dinner at Lawlor Event Space (Cost: $25), Attractions: California Walk of Fame and La Brea Tar Pits. Total cost: $240. Day 2: Explore Los Angeles, Accommodation at Hyatt Regency Los Angeles (Cost: $200), Breakfast at Green Earth Cuisine (Cost: $10), Lunch at The Apple, With love from Mac Donald (Cost: $12), Dinner at The museum tour of the self ); retrying in 6s
[RETRY] selfcheckgpt task=tp_nonsynth_mf2_000005 seed=1 attempt 3/5 failed (failed to obtain JSON after 3 attempts: could not parse JSON from model output:
{
  "final_output": "Day 1: Arrival in Los Angeles, Accommodation at Hyatt Regency Los Angeles (Cost: $200), Lunch at The Original Panurger (Cost: $15), Dinner at Lawlor Event Space (Cost: $25), Attractions: California Walk of Fame and La Brea Tar Pits. Total cost: $240. Day 2: Explore Los Angeles, Accommodation at Hyatt Regency Los Angeles (Cost: $200), Breakfast at Green Earth Cuisine (Cost: $10), Lunch at The Apple, With love from Mac Donald (Cost: $12), Dinner at The museum tour of the self ); retrying in 12s
[RETRY] selfcheckgpt task=tp_nonsynth_mf2_000005 seed=1 attempt 4/5 failed (failed to obtain JSON after 3 attempts: could not parse JSON from model output:
{
  "final_output": "Day 1: Arrival in Los Angeles, Accommodation at Hyatt Regency Los Angeles (Cost: $200), Lunch at The Original Panurger (Cost: $15), Dinner at Lawlor Event Space (Cost: $25), Attractions: California Walk of Fame and La Brea Tar Pits. Total cost: $240. Day 2: Explore Los Angeles, Accommodation at Hyatt Regency Los Angeles (Cost: $200), Breakfast at Green Earth Cuisine (Cost: $10), Lunch at The Apple, With love from Mac Donald (Cost: $12), Dinner at The museum tour of the self ); retrying in 24s
[ERROR] selfcheckgpt failed task=tp_nonsynth_mf2_000005 seed=1: failed to obtain JSON after 3 attempts: could not parse JSON from model output:
{
  "final_output": "Day 1: Arrival in Los Angeles, Accommodation at Hyatt Regency Los Angeles (Cost: $200), Lunch at The Original Panurger (Cost: $15), Dinner at Lawlor Event Space (Cost: $25), Attractions: California Walk of Fame and La Brea Tar Pits. Total cost: $240. Day 2: Explore Los Angeles, Accommodation at Hyatt Regency Los Angeles (Cost: $200), Breakfast at Green Earth Cuisine (Cost: $10), Lunch at The Apple, With love from Mac Donald (Cost: $12), Dinner at The museum tour of the self 
[RETRY] selfcheckgpt task=tp_nonsynth_mf2_000005 seed=2 attempt 1/5 failed (failed to obtain JSON after 3 attempts: could not parse JSON from model output:
{
  "final_output": "Create a 10-day travel itinerary for 2 people from Miami to California, with a budget of $13,750, visiting 3 different cities, and including Mexican and American cuisine. Here's a suggested plan:\n\nDay 1 (March 8th, 2022): Miami to San Diego\n- Accommodation: Book the Hotel del Coronado for $300/night\n- Meals: Brunch at Anthony's Fish Grotto, Dinner at The Fish Market\n- Attractions: Balboa Park, USS Midway Museum\n- Cost: $250\n\nDay 2 (March 9th, 2022): San Diego\n- Acco); retrying in 3s
[RETRY] selfcheckgpt task=tp_nonsynth_mf2_000005 seed=2 attempt 2/5 failed (failed to obtain JSON after 3 attempts: could not parse JSON from model output:
{
  "final_output": "Create a 10-day travel itinerary for 2 people from Miami to California, with a budget of $13,750, visiting 3 different cities, and including Mexican and American cuisine. Here's a suggested plan:\n\nDay 1 (March 8th, 2022): Miami to San Diego\n- Accommodation: Book the Hotel del Coronado for $300/night\n- Meals: Brunch at Anthony's Fish Grotto, Dinner at The Fish Market\n- Attractions: Balboa Park, USS Midway Museum\n- Cost: $250\n\nDay 2 (March 9th, 2022): San Diego\n- Acco); retrying in 6s
[RETRY] selfcheckgpt task=tp_nonsynth_mf2_000005 seed=2 attempt 3/5 failed (failed to obtain JSON after 3 attempts: could not parse JSON from model output:
{
  "final_output": "Create a 10-day travel itinerary for 2 people from Miami to California, with a budget of $13,750, visiting 3 different cities, and including Mexican and American cuisine. Here's a suggested plan:\n\nDay 1 (March 8th, 2022): Miami to San Diego\n- Accommodation: Book the Hotel del Coronado for $300/night\n- Meals: Brunch at Anthony's Fish Grotto, Dinner at The Fish Market\n- Attractions: Balboa Park, USS Midway Museum\n- Cost: $250\n\nDay 2 (March 9th, 2022): San Diego\n- Acco); retrying in 12s
[RETRY] selfcheckgpt task=tp_nonsynth_mf2_000005 seed=2 attempt 4/5 failed (failed to obtain JSON after 3 attempts: could not parse JSON from model output:
{
  "final_output": "Create a 10-day travel itinerary for 2 people from Miami to California, with a budget of $13,750, visiting 3 different cities, and including Mexican and American cuisine. Here's a suggested plan:\n\nDay 1 (March 8th, 2022): Miami to San Diego\n- Accommodation: Book the Hotel del Coronado for $300/night\n- Meals: Brunch at Anthony's Fish Grotto, Dinner at The Fish Market\n- Attractions: Balboa Park, USS Midway Museum\n- Cost: $250\n\nDay 2 (March 9th, 2022): San Diego\n- Acco); retrying in 24s
[ERROR] selfcheckgpt failed task=tp_nonsynth_mf2_000005 seed=2: failed to obtain JSON after 3 attempts: could not parse JSON from model output:
{
  "final_output": "Create a 10-day travel itinerary for 2 people from Miami to California, with a budget of $13,750, visiting 3 different cities, and including Mexican and American cuisine. Here's a suggested plan:\n\nDay 1 (March 8th, 2022): Miami to San Diego\n- Accommodation: Book the Hotel del Coronado for $300/night\n- Meals: Brunch at Anthony's Fish Grotto, Dinner at The Fish Market\n- Attractions: Balboa Park, USS Midway Museum\n- Cost: $250\n\nDay 2 (March 9th, 2022): San Diego\n- Acco
[RETRY] selfcheckgpt task=tp_nonsynth_mf2_000006 seed=0 attempt 1/5 failed (failed to obtain JSON after 3 attempts: could not parse JSON from model output:
{
  "final_output": "Day 1: Fort Lauderdale, Travel to New Orleans (Drive)\nAccommodation: Entire room @ New Orleans Hotel. (Budget: $200 dziejs)\nMeals: Breakfast @ Cafe du Monde. ($60), Lunch @ Audubon Aquarium. ($30), Dinner @ Mardi Gras World. ($100)\nAttractions:\n- Audubon Aquarium\n- Mardi Gras World\n- New Orleans Museum of Art\nTotal cost of the day: $390,\nDay 2: New Orleans\nAccommodation: Entire room @ New Orleans Hotel.\nMeals: Breakfast @ The National WWII Museum Cafe. ($20), Lunch); retrying in 3s
[RETRY] selfcheckgpt task=tp_nonsynth_mf2_000006 seed=0 attempt 2/5 failed (failed to obtain JSON after 3 attempts: could not parse JSON from model output:
{
  "final_output": "Day 1: Fort Lauderdale, Travel to New Orleans (Drive)\nAccommodation: Entire room @ New Orleans Hotel. (Budget: $200 dziejs)\nMeals: Breakfast @ Cafe du Monde. ($60), Lunch @ Audubon Aquarium. ($30), Dinner @ Mardi Gras World. ($100)\nAttractions:\n- Audubon Aquarium\n- Mardi Gras World\n- New Orleans Museum of Art\nTotal cost of the day: $390,\nDay 2: New Orleans\nAccommodation: Entire room @ New Orleans Hotel.\nMeals: Breakfast @ The National WWII Museum Cafe. ($20), Lunch); retrying in 6s
[RETRY] selfcheckgpt task=tp_nonsynth_mf2_000006 seed=0 attempt 3/5 failed (failed to obtain JSON after 3 attempts: could not parse JSON from model output:
{
  "final_output": "Day 1: Fort Lauderdale, Travel to New Orleans (Drive)\nAccommodation: Entire room @ New Orleans Hotel. (Budget: $200 dziejs)\nMeals: Breakfast @ Cafe du Monde. ($60), Lunch @ Audubon Aquarium. ($30), Dinner @ Mardi Gras World. ($100)\nAttractions:\n- Audubon Aquarium\n- Mardi Gras World\n- New Orleans Museum of Art\nTotal cost of the day: $390,\nDay 2: New Orleans\nAccommodation: Entire room @ New Orleans Hotel.\nMeals: Breakfast @ The National WWII Museum Cafe. ($20), Lunch); retrying in 12s
[RETRY] selfcheckgpt task=tp_nonsynth_mf2_000006 seed=0 attempt 4/5 failed (failed to obtain JSON after 3 attempts: could not parse JSON from model output:
{
  "final_output": "Day 1: Fort Lauderdale, Travel to New Orleans (Drive)\nAccommodation: Entire room @ New Orleans Hotel. (Budget: $200 dziejs)\nMeals: Breakfast @ Cafe du Monde. ($60), Lunch @ Audubon Aquarium. ($30), Dinner @ Mardi Gras World. ($100)\nAttractions:\n- Audubon Aquarium\n- Mardi Gras World\n- New Orleans Museum of Art\nTotal cost of the day: $390,\nDay 2: New Orleans\nAccommodation: Entire room @ New Orleans Hotel.\nMeals: Breakfast @ The National WWII Museum Cafe. ($20), Lunch); retrying in 24s
[ERROR] selfcheckgpt failed task=tp_nonsynth_mf2_000006 seed=0: failed to obtain JSON after 3 attempts: could not parse JSON from model output:
{
  "final_output": "Day 1: Fort Lauderdale, Travel to New Orleans (Drive)\nAccommodation: Entire room @ New Orleans Hotel. (Budget: $200 dziejs)\nMeals: Breakfast @ Cafe du Monde. ($60), Lunch @ Audubon Aquarium. ($30), Dinner @ Mardi Gras World. ($100)\nAttractions:\n- Audubon Aquarium\n- Mardi Gras World\n- New Orleans Museum of Art\nTotal cost of the day: $390,\nDay 2: New Orleans\nAccommodation: Entire room @ New Orleans Hotel.\nMeals: Breakfast @ The National WWII Museum Cafe. ($20), Lunch
  N=2 tp_nonsynth_mf2_000003 seed=1 arm=full_regen level=easy: per_fault={'budget': False, 'days': True} all_resolved=False n_resolved=1/2 tokens=(2664,2364)
  N=2 tp_nonsynth_mf2_000003 seed=1 arm=react level=easy: per_fault={'budget': False, 'days': True} all_resolved=False n_resolved=1/2 tokens=(2717,2903)
  N=2 tp_nonsynth_mf2_000003 seed=1 arm=selfcheckgpt level=easy: per_fault={'budget': False, 'days': True} all_resolved=False n_resolved=1/2 tokens=(19806,3648)
  N=2 tp_nonsynth_mf2_000003 seed=1 arm=reflexion level=easy: per_fault={'budget': True, 'days': True} all_resolved=True n_resolved=2/2 tokens=(6624,2516)
  N=2 tp_nonsynth_mf2_000003 seed=1 arm=intro_specter level=easy: per_fault={'budget': False, 'days': True} all_resolved=False n_resolved=1/2 tokens=(4068,2163)
  N=2 tp_nonsynth_mf2_000003 seed=2 arm=direct level=easy: per_fault={'budget': False, 'days': True} all_resolved=False n_resolved=1/2 tokens=(1322,1052)
  N=2 tp_nonsynth_mf2_000003 seed=2 arm=self_refine level=easy: per_fault={'budget': False, 'days': True} all_resolved=False n_resolved=1/2 tokens=(3934,2505)
  N=2 tp_nonsynth_mf2_000003 seed=2 arm=full_regen level=easy: per_fault={'budget': False, 'days': True} all_resolved=False n_resolved=1/2 tokens=(2680,3316)
  N=2 tp_nonsynth_mf2_000003 seed=2 arm=react level=easy: per_fault={'budget': True, 'days': True} all_resolved=True n_resolved=2/2 tokens=(2697,2082)
  N=2 tp_nonsynth_mf2_000003 seed=2 arm=selfcheckgpt level=easy: per_fault={'budget': False, 'days': True} all_resolved=False n_resolved=1/2 tokens=(17506,3275)
  N=2 tp_nonsynth_mf2_000003 seed=2 arm=reflexion level=easy: per_fault={'budget': False, 'days': True} all_resolved=False n_resolved=1/2 tokens=(13389,3953)
  N=2 tp_nonsynth_mf2_000003 seed=2 arm=intro_specter level=easy: per_fault={'budget': False, 'days': True} all_resolved=False n_resolved=1/2 tokens=(4068,2163)
  N=2 tp_nonsynth_mf2_000004 seed=0 arm=direct level=hard: per_fault={'budget': False, 'days': True} all_resolved=False n_resolved=1/2 tokens=(1566,4840)
  N=2 tp_nonsynth_mf2_000004 seed=0 arm=self_refine level=hard: per_fault={'budget': False, 'days': True} all_resolved=False n_resolved=1/2 tokens=(9701,10099)
  N=2 tp_nonsynth_mf2_000004 seed=0 arm=full_regen level=hard: per_fault={'budget': False, 'days': True} all_resolved=False n_resolved=1/2 tokens=(3132,6717)
  N=2 tp_nonsynth_mf2_000004 seed=0 arm=react level=hard: per_fault={'budget': False, 'days': True} all_resolved=False n_resolved=1/2 tokens=(3240,6189)
  N=2 tp_nonsynth_mf2_000004 seed=0 arm=reflexion level=hard: per_fault={'budget': True, 'days': True} all_resolved=True n_resolved=2/2 tokens=(17867,11510)
  N=2 tp_nonsynth_mf2_000004 seed=0 arm=intro_specter level=hard: per_fault={'budget': False, 'days': True} all_resolved=False n_resolved=1/2 tokens=(9906,7512)
  N=2 tp_nonsynth_mf2_000004 seed=1 arm=direct level=hard: per_fault={'budget': False, 'days': True} all_resolved=False n_resolved=1/2 tokens=(1566,4840)
  N=2 tp_nonsynth_mf2_000004 seed=1 arm=self_refine level=hard: per_fault={'budget': False, 'days': True} all_resolved=False n_resolved=1/2 tokens=(9701,10099)
  N=2 tp_nonsynth_mf2_000004 seed=1 arm=full_regen level=hard: per_fault={'budget': True, 'days': True} all_resolved=True n_resolved=2/2 tokens=(3152,6488)
  N=2 tp_nonsynth_mf2_000004 seed=1 arm=react level=hard: per_fault={'budget': False, 'days': True} all_resolved=False n_resolved=1/2 tokens=(3240,6189)
  N=2 tp_nonsynth_mf2_000004 seed=1 arm=reflexion level=hard: per_fault={'budget': True, 'days': True} all_resolved=True n_resolved=2/2 tokens=(17867,11510)
  N=2 tp_nonsynth_mf2_000004 seed=1 arm=intro_specter level=hard: per_fault={'budget': False, 'days': True} all_resolved=False n_resolved=1/2 tokens=(9906,7512)
  N=2 tp_nonsynth_mf2_000004 seed=2 arm=direct level=hard: per_fault={'budget': False, 'days': True} all_resolved=False n_resolved=1/2 tokens=(1566,4840)
  N=2 tp_nonsynth_mf2_000004 seed=2 arm=self_refine level=hard: per_fault={'budget': False, 'days': True} all_resolved=False n_resolved=1/2 tokens=(9717,11569)
  N=2 tp_nonsynth_mf2_000004 seed=2 arm=full_regen level=hard: per_fault={'budget': True, 'days': True} all_resolved=True n_resolved=2/2 tokens=(3168,5566)
  N=2 tp_nonsynth_mf2_000004 seed=2 arm=react level=hard: per_fault={'budget': False, 'days': True} all_resolved=False n_resolved=1/2 tokens=(3240,6877)
  N=2 tp_nonsynth_mf2_000004 seed=2 arm=reflexion level=hard: per_fault={'budget': True, 'days': True} all_resolved=True n_resolved=2/2 tokens=(17867,11510)
  N=2 tp_nonsynth_mf2_000004 seed=2 arm=intro_specter level=hard: per_fault={'budget': False, 'days': True} all_resolved=False n_resolved=1/2 tokens=(9906,7512)
  N=2 tp_nonsynth_mf2_000005 seed=0 arm=direct level=medium: per_fault={'budget': True, 'days': True} all_resolved=True n_resolved=2/2 tokens=(1372,1360)
  N=2 tp_nonsynth_mf2_000005 seed=0 arm=self_refine level=medium: per_fault={'budget': False, 'days': True} all_resolved=False n_resolved=1/2 tokens=(4195,3318)
  N=2 tp_nonsynth_mf2_000005 seed=0 arm=full_regen level=medium: per_fault={'budget': False, 'days': True} all_resolved=False n_resolved=1/2 tokens=(2744,2268)
  N=2 tp_nonsynth_mf2_000005 seed=0 arm=react level=medium: per_fault={'budget': False, 'days': True} all_resolved=False n_resolved=1/2 tokens=(2833,2621)
  N=2 tp_nonsynth_mf2_000005 seed=0 arm=reflexion level=medium: per_fault={'budget': True, 'days': True} all_resolved=True n_resolved=2/2 tokens=(1372,1360)
  N=2 tp_nonsynth_mf2_000005 seed=0 arm=intro_specter level=medium: per_fault={'budget': True, 'days': True} all_resolved=True n_resolved=2/2 tokens=(4349,1926)
  N=2 tp_nonsynth_mf2_000005 seed=1 arm=direct level=medium: per_fault={'budget': True, 'days': True} all_resolved=True n_resolved=2/2 tokens=(1372,1360)
  N=2 tp_nonsynth_mf2_000005 seed=1 arm=self_refine level=medium: per_fault={'budget': False, 'days': True} all_resolved=False n_resolved=1/2 tokens=(4195,3318)
  N=2 tp_nonsynth_mf2_000005 seed=1 arm=full_regen level=medium: per_fault={'budget': False, 'days': True} all_resolved=False n_resolved=1/2 tokens=(2744,3004)
  N=2 tp_nonsynth_mf2_000005 seed=1 arm=react level=medium: per_fault={'budget': False, 'days': True} all_resolved=False n_resolved=1/2 tokens=(2833,2621)
  N=2 tp_nonsynth_mf2_000005 seed=1 arm=reflexion level=medium: per_fault={'budget': True, 'days': True} all_resolved=True n_resolved=2/2 tokens=(1372,1360)
  N=2 tp_nonsynth_mf2_000005 seed=1 arm=intro_specter level=medium: per_fault={'budget': True, 'days': True} all_resolved=True n_resolved=2/2 tokens=(4349,1926)
  N=2 tp_nonsynth_mf2_000005 seed=2 arm=direct level=medium: per_fault={'budget': True, 'days': True} all_resolved=True n_resolved=2/2 tokens=(1372,1360)
  N=2 tp_nonsynth_mf2_000005 seed=2 arm=self_refine level=medium: per_fault={'budget': True, 'days': True} all_resolved=True n_resolved=2/2 tokens=(4175,2905)
  N=2 tp_nonsynth_mf2_000005 seed=2 arm=full_regen level=medium: per_fault={'budget': False, 'days': True} all_resolved=False n_resolved=1/2 tokens=(2764,2728)
  N=2 tp_nonsynth_mf2_000005 seed=2 arm=react level=medium: per_fault={'budget': True, 'days': True} all_resolved=True n_resolved=2/2 tokens=(2797,2735)
  N=2 tp_nonsynth_mf2_000005 seed=2 arm=reflexion level=medium: per_fault={'budget': True, 'days': True} all_resolved=True n_resolved=2/2 tokens=(1372,1360)
  N=2 tp_nonsynth_mf2_000005 seed=2 arm=intro_specter level=medium: per_fault={'budget': True, 'days': True} all_resolved=True n_resolved=2/2 tokens=(4349,1926)
  N=2 tp_nonsynth_mf2_000006 seed=0 arm=direct level=hard: per_fault={'budget': True, 'days': True} all_resolved=True n_resolved=2/2 tokens=(1599,1149)
  N=2 tp_nonsynth_mf2_000006 seed=0 arm=self_refine level=hard: per_fault={'budget': True, 'days': True} all_resolved=True n_resolved=2/2 tokens=(4460,2565)
  N=2 tp_nonsynth_mf2_000006 seed=0 arm=full_regen level=hard: per_fault={'budget': True, 'days': True} all_resolved=True n_resolved=2/2 tokens=(3198,2554)
  N=2 tp_nonsynth_mf2_000006 seed=0 arm=react level=hard: per_fault={'budget': True, 'days': True} all_resolved=True n_resolved=2/2 tokens=(3251,2522)
[RETRY] selfcheckgpt task=tp_nonsynth_mf2_000007 seed=0 attempt 1/5 failed (failed to obtain JSON after 3 attempts: could not parse JSON from model output:
{
  "final_output": "Day 1: Buffalo to Atlanta\nAccommodation: Holiday Inn Atlanta Downtown - $120\nMeals: Breakfast at Waffle House - $8, Lunch at Mary Mac's Tea Room - $15, Dinner at The Pittsburgh added steak - $50\nAttractions: Martin Luther King, Jr. National Historical Park - free\nTotal cost: $193\n\nDay 2: Atlanta\nAccommodation: Hyatt Regency Atlanta - $150\nMeals: Breakfast at The National corpus - $10, Lunch at Mary Mac's Tea Room - $15, Dinner at Souther Contry Bennet - $40\nAttracti); retrying in 3s
[RETRY] selfcheckgpt task=tp_nonsynth_mf2_000007 seed=0 attempt 2/5 failed (failed to obtain JSON after 3 attempts: could not parse JSON from model output:
{
  "final_output": "Day 1: Buffalo to Atlanta\nAccommodation: Holiday Inn Atlanta Downtown - $120\nMeals: Breakfast at Waffle House - $8, Lunch at Mary Mac's Tea Room - $15, Dinner at The Pittsburgh added steak - $50\nAttractions: Martin Luther King, Jr. National Historical Park - free\nTotal cost: $193\n\nDay 2: Atlanta\nAccommodation: Hyatt Regency Atlanta - $150\nMeals: Breakfast at The National corpus - $10, Lunch at Mary Mac's Tea Room - $15, Dinner at Souther Contry Bennet - $40\nAttracti); retrying in 6s
[RETRY] selfcheckgpt task=tp_nonsynth_mf2_000007 seed=0 attempt 3/5 failed (failed to obtain JSON after 3 attempts: could not parse JSON from model output:
{
  "final_output": "Day 1: Buffalo to Atlanta\nAccommodation: Holiday Inn Atlanta Downtown - $120\nMeals: Breakfast at Waffle House - $8, Lunch at Mary Mac's Tea Room - $15, Dinner at The Pittsburgh added steak - $50\nAttractions: Martin Luther King, Jr. National Historical Park - free\nTotal cost: $193\n\nDay 2: Atlanta\nAccommodation: Hyatt Regency Atlanta - $150\nMeals: Breakfast at The National corpus - $10, Lunch at Mary Mac's Tea Room - $15, Dinner at Souther Contry Bennet - $40\nAttracti); retrying in 12s
[RETRY] selfcheckgpt task=tp_nonsynth_mf2_000007 seed=0 attempt 4/5 failed (failed to obtain JSON after 3 attempts: could not parse JSON from model output:
{
  "final_output": "Day 1: Buffalo to Atlanta\nAccommodation: Holiday Inn Atlanta Downtown - $120\nMeals: Breakfast at Waffle House - $8, Lunch at Mary Mac's Tea Room - $15, Dinner at The Pittsburgh added steak - $50\nAttractions: Martin Luther King, Jr. National Historical Park - free\nTotal cost: $193\n\nDay 2: Atlanta\nAccommodation: Hyatt Regency Atlanta - $150\nMeals: Breakfast at The National corpus - $10, Lunch at Mary Mac's Tea Room - $15, Dinner at Souther Contry Bennet - $40\nAttracti); retrying in 24s
[ERROR] selfcheckgpt failed task=tp_nonsynth_mf2_000007 seed=0: failed to obtain JSON after 3 attempts: could not parse JSON from model output:
{
  "final_output": "Day 1: Buffalo to Atlanta\nAccommodation: Holiday Inn Atlanta Downtown - $120\nMeals: Breakfast at Waffle House - $8, Lunch at Mary Mac's Tea Room - $15, Dinner at The Pittsburgh added steak - $50\nAttractions: Martin Luther King, Jr. National Historical Park - free\nTotal cost: $193\n\nDay 2: Atlanta\nAccommodation: Hyatt Regency Atlanta - $150\nMeals: Breakfast at The National corpus - $10, Lunch at Mary Mac's Tea Room - $15, Dinner at Souther Contry Bennet - $40\nAttracti
[RETRY] selfcheckgpt task=tp_nonsynth_mf2_000007 seed=2 attempt 1/5 failed (failed to obtain JSON after 3 attempts: could not parse JSON from model output:
{
  "final_output": "Day 1: Accommodate at Atlanta Marriott Marriottimeaux, Cost= $83. Meals at The Varsity, Cost= $15; Yellow Belle, Cost= $45. Attractions: Martin Luther King, Jr. National Historical Park. Day 2: Accommodate at Woodruff Park _, Cost= $62. Meals at Bar Bruno, Cost= $25; Cafe Sunseri, Cost= $42. Attractions: High Museum of Art. Day 3: Accommodate at Microtel Atlanta Buckhead, Cost= $75. Meals at Carob Co Cafe & Roastery, Cost= $17; Emilias Italian Cafe, Cost= $46. Attractions: A); retrying in 3s
[RETRY] selfcheckgpt task=tp_nonsynth_mf2_000007 seed=2 attempt 2/5 failed (failed to obtain JSON after 3 attempts: could not parse JSON from model output:
{
  "final_output": "Day 1: Accommodate at Atlanta Marriott Marriottimeaux, Cost= $83. Meals at The Varsity, Cost= $15; Yellow Belle, Cost= $45. Attractions: Martin Luther King, Jr. National Historical Park. Day 2: Accommodate at Woodruff Park _, Cost= $62. Meals at Bar Bruno, Cost= $25; Cafe Sunseri, Cost= $42. Attractions: High Museum of Art. Day 3: Accommodate at Microtel Atlanta Buckhead, Cost= $75. Meals at Carob Co Cafe & Roastery, Cost= $17; Emilias Italian Cafe, Cost= $46. Attractions: A); retrying in 6s
[RETRY] selfcheckgpt task=tp_nonsynth_mf2_000007 seed=2 attempt 3/5 failed (failed to obtain JSON after 3 attempts: could not parse JSON from model output:
{
  "final_output": "Day 1: Accommodate at Atlanta Marriott Marriottimeaux, Cost= $83. Meals at The Varsity, Cost= $15; Yellow Belle, Cost= $45. Attractions: Martin Luther King, Jr. National Historical Park. Day 2: Accommodate at Woodruff Park _, Cost= $62. Meals at Bar Bruno, Cost= $25; Cafe Sunseri, Cost= $42. Attractions: High Museum of Art. Day 3: Accommodate at Microtel Atlanta Buckhead, Cost= $75. Meals at Carob Co Cafe & Roastery, Cost= $17; Emilias Italian Cafe, Cost= $46. Attractions: A); retrying in 12s
[RETRY] selfcheckgpt task=tp_nonsynth_mf2_000007 seed=2 attempt 4/5 failed (failed to obtain JSON after 3 attempts: could not parse JSON from model output:
{
  "final_output": "Day 1: Accommodate at Atlanta Marriott Marriottimeaux, Cost= $83. Meals at The Varsity, Cost= $15; Yellow Belle, Cost= $45. Attractions: Martin Luther King, Jr. National Historical Park. Day 2: Accommodate at Woodruff Park _, Cost= $62. Meals at Bar Bruno, Cost= $25; Cafe Sunseri, Cost= $42. Attractions: High Museum of Art. Day 3: Accommodate at Microtel Atlanta Buckhead, Cost= $75. Meals at Carob Co Cafe & Roastery, Cost= $17; Emilias Italian Cafe, Cost= $46. Attractions: A); retrying in 24s
[ERROR] selfcheckgpt failed task=tp_nonsynth_mf2_000007 seed=2: failed to obtain JSON after 3 attempts: could not parse JSON from model output:
{
  "final_output": "Day 1: Accommodate at Atlanta Marriott Marriottimeaux, Cost= $83. Meals at The Varsity, Cost= $15; Yellow Belle, Cost= $45. Attractions: Martin Luther King, Jr. National Historical Park. Day 2: Accommodate at Woodruff Park _, Cost= $62. Meals at Bar Bruno, Cost= $25; Cafe Sunseri, Cost= $42. Attractions: High Museum of Art. Day 3: Accommodate at Microtel Atlanta Buckhead, Cost= $75. Meals at Carob Co Cafe & Roastery, Cost= $17; Emilias Italian Cafe, Cost= $46. Attractions: A
[RETRY] selfcheckgpt task=tp_nonsynth_mf2_000008 seed=0 attempt 1/5 failed (failed to obtain JSON after 3 attempts: could not parse JSON from model output:
{
  "final_output": "Day 1: March 2nd, 2022 - Bakersfield to El Paso\nAccommodation: Hotel El Paso $180\nMeals: Breakfast at Squeeze House, Lunch at Holiday Restaurant, Dinner at Casa de Woodworth $50, $20, $40\nAttractions: El Paso Zoo and Botanical Gardens $10\nTotal cost: $300\nday 2: March 3rd, 2022 - El Paso\nAccommodation: Hotel el Paso $180\nMeals: Breakfast at Squeeze House, Lunch at Holiday Restaurant, Dinner at Casa de Woodworth $50, $20, $40\nAttractions: El Paso Museum of Art $5\nTot); retrying in 3s
[RETRY] selfcheckgpt task=tp_nonsynth_mf2_000008 seed=0 attempt 2/5 failed (failed to obtain JSON after 3 attempts: could not parse JSON from model output:
{
  "final_output": "Day 1: March 2nd, 2022 - Bakersfield to El Paso\nAccommodation: Hotel El Paso $180\nMeals: Breakfast at Squeeze House, Lunch at Holiday Restaurant, Dinner at Casa de Woodworth $50, $20, $40\nAttractions: El Paso Zoo and Botanical Gardens $10\nTotal cost: $300\nday 2: March 3rd, 2022 - El Paso\nAccommodation: Hotel el Paso $180\nMeals: Breakfast at Squeeze House, Lunch at Holiday Restaurant, Dinner at Casa de Woodworth $50, $20, $40\nAttractions: El Paso Museum of Art $5\nTot); retrying in 6s
[RETRY] selfcheckgpt task=tp_nonsynth_mf2_000008 seed=0 attempt 3/5 failed (failed to obtain JSON after 3 attempts: could not parse JSON from model output:
{
  "final_output": "Day 1: March 2nd, 2022 - Bakersfield to El Paso\nAccommodation: Hotel El Paso $180\nMeals: Breakfast at Squeeze House, Lunch at Holiday Restaurant, Dinner at Casa de Woodworth $50, $20, $40\nAttractions: El Paso Zoo and Botanical Gardens $10\nTotal cost: $300\nday 2: March 3rd, 2022 - El Paso\nAccommodation: Hotel el Paso $180\nMeals: Breakfast at Squeeze House, Lunch at Holiday Restaurant, Dinner at Casa de Woodworth $50, $20, $40\nAttractions: El Paso Museum of Art $5\nTot); retrying in 12s
[RETRY] selfcheckgpt task=tp_nonsynth_mf2_000008 seed=0 attempt 4/5 failed (failed to obtain JSON after 3 attempts: could not parse JSON from model output:
{
  "final_output": "Day 1: March 2nd, 2022 - Bakersfield to El Paso\nAccommodation: Hotel El Paso $180\nMeals: Breakfast at Squeeze House, Lunch at Holiday Restaurant, Dinner at Casa de Woodworth $50, $20, $40\nAttractions: El Paso Zoo and Botanical Gardens $10\nTotal cost: $300\nday 2: March 3rd, 2022 - El Paso\nAccommodation: Hotel el Paso $180\nMeals: Breakfast at Squeeze House, Lunch at Holiday Restaurant, Dinner at Casa de Woodworth $50, $20, $40\nAttractions: El Paso Museum of Art $5\nTot); retrying in 24s
[ERROR] selfcheckgpt failed task=tp_nonsynth_mf2_000008 seed=0: failed to obtain JSON after 3 attempts: could not parse JSON from model output:
{
  "final_output": "Day 1: March 2nd, 2022 - Bakersfield to El Paso\nAccommodation: Hotel El Paso $180\nMeals: Breakfast at Squeeze House, Lunch at Holiday Restaurant, Dinner at Casa de Woodworth $50, $20, $40\nAttractions: El Paso Zoo and Botanical Gardens $10\nTotal cost: $300\nday 2: March 3rd, 2022 - El Paso\nAccommodation: Hotel el Paso $180\nMeals: Breakfast at Squeeze House, Lunch at Holiday Restaurant, Dinner at Casa de Woodworth $50, $20, $40\nAttractions: El Paso Museum of Art $5\nTot
[RETRY] selfcheckgpt task=tp_nonsynth_mf2_000008 seed=1 attempt 1/5 failed (failed to obtain JSON after 3 attempts: could not parse JSON from model output:
{
  "final_output": "Based on the provided constraints and information, here is a possible 7-day travel plan for the user:\nDay 1: March 2nd, 2022 - Bakersfield to El Paso\n\n* Accommodation: El Paso Inn ($120)\n* Meals: Breakfast at The Egg & I ($15), Lunch at L & J Caf\u00e9 ($15), Dinner at Nada ($30)\n* Attractions: El Paso Zoo and Botanical Gardens ($20)\n* Cost: $185\n\nDay 2: March 3rd, 2022 - El Paso\n\n* Accommodation: El Paso Inn ($120)\n* Meals: Breakfast at The Egg & I ($15), Lunch a); retrying in 3s
[RETRY] selfcheckgpt task=tp_nonsynth_mf2_000008 seed=1 attempt 2/5 failed (failed to obtain JSON after 3 attempts: could not parse JSON from model output:
{
  "final_output": "Based on the provided constraints and information, here is a possible 7-day travel plan for the user:\nDay 1: March 2nd, 2022 - Bakersfield to El Paso\n\n* Accommodation: El Paso Inn ($120)\n* Meals: Breakfast at The Egg & I ($15), Lunch at L & J Caf\u00e9 ($15), Dinner at Nada ($30)\n* Attractions: El Paso Zoo and Botanical Gardens ($20)\n* Cost: $185\n\nDay 2: March 3rd, 2022 - El Paso\n\n* Accommodation: El Paso Inn ($120)\n* Meals: Breakfast at The Egg & I ($15), Lunch a); retrying in 6s
[RETRY] selfcheckgpt task=tp_nonsynth_mf2_000008 seed=1 attempt 3/5 failed (failed to obtain JSON after 3 attempts: could not parse JSON from model output:
{
  "final_output": "Based on the provided constraints and information, here is a possible 7-day travel plan for the user:\nDay 1: March 2nd, 2022 - Bakersfield to El Paso\n\n* Accommodation: El Paso Inn ($120)\n* Meals: Breakfast at The Egg & I ($15), Lunch at L & J Caf\u00e9 ($15), Dinner at Nada ($30)\n* Attractions: El Paso Zoo and Botanical Gardens ($20)\n* Cost: $185\n\nDay 2: March 3rd, 2022 - El Paso\n\n* Accommodation: El Paso Inn ($120)\n* Meals: Breakfast at The Egg & I ($15), Lunch a); retrying in 12s
[RETRY] selfcheckgpt task=tp_nonsynth_mf2_000008 seed=1 attempt 4/5 failed (failed to obtain JSON after 3 attempts: could not parse JSON from model output:
{
  "final_output": "Based on the provided constraints and information, here is a possible 7-day travel plan for the user:\nDay 1: March 2nd, 2022 - Bakersfield to El Paso\n\n* Accommodation: El Paso Inn ($120)\n* Meals: Breakfast at The Egg & I ($15), Lunch at L & J Caf\u00e9 ($15), Dinner at Nada ($30)\n* Attractions: El Paso Zoo and Botanical Gardens ($20)\n* Cost: $185\n\nDay 2: March 3rd, 2022 - El Paso\n\n* Accommodation: El Paso Inn ($120)\n* Meals: Breakfast at The Egg & I ($15), Lunch a); retrying in 24s
[ERROR] selfcheckgpt failed task=tp_nonsynth_mf2_000008 seed=1: failed to obtain JSON after 3 attempts: could not parse JSON from model output:
{
  "final_output": "Based on the provided constraints and information, here is a possible 7-day travel plan for the user:\nDay 1: March 2nd, 2022 - Bakersfield to El Paso\n\n* Accommodation: El Paso Inn ($120)\n* Meals: Breakfast at The Egg & I ($15), Lunch at L & J Caf\u00e9 ($15), Dinner at Nada ($30)\n* Attractions: El Paso Zoo and Botanical Gardens ($20)\n* Cost: $185\n\nDay 2: March 3rd, 2022 - El Paso\n\n* Accommodation: El Paso Inn ($120)\n* Meals: Breakfast at The Egg & I ($15), Lunch a
[RETRY] selfcheckgpt task=tp_nonsynth_mf2_000008 seed=2 attempt 1/5 failed (failed to obtain JSON after 3 attempts: could not parse JSON from model output:
{
  "final_output": "Given the specified user constraints, a suitable 7-day trip can be constructed as follows:\nDay 1: Bakersfield to El Paso\n- Accommodation: Hotel Navajo (cost: $120)\n- Meals: Applebee's (cost: $30), LLoras (cost: $50)\n- Attractions: El Paso Zoo and Botanical Gardens (cost: $15), El Paso Museum of Art (cost: $10)\n- Total cost: $215\n\nDay 2: El Paso\n- Accommodation: Best Western (cost: $80)\n- Meals: Chevys (cost: $35), El Patio (cost: $40)\n- Attractions: National Border); retrying in 3s
[RETRY] selfcheckgpt task=tp_nonsynth_mf2_000008 seed=2 attempt 2/5 failed (failed to obtain JSON after 3 attempts: could not parse JSON from model output:
{
  "final_output": "Given the specified user constraints, a suitable 7-day trip can be constructed as follows:\nDay 1: Bakersfield to El Paso\n- Accommodation: Hotel Navajo (cost: $120)\n- Meals: Applebee's (cost: $30), LLoras (cost: $50)\n- Attractions: El Paso Zoo and Botanical Gardens (cost: $15), El Paso Museum of Art (cost: $10)\n- Total cost: $215\n\nDay 2: El Paso\n- Accommodation: Best Western (cost: $80)\n- Meals: Chevys (cost: $35), El Patio (cost: $40)\n- Attractions: National Border); retrying in 6s
[RETRY] selfcheckgpt task=tp_nonsynth_mf2_000008 seed=2 attempt 3/5 failed (failed to obtain JSON after 3 attempts: could not parse JSON from model output:
{
  "final_output": "Given the specified user constraints, a suitable 7-day trip can be constructed as follows:\nDay 1: Bakersfield to El Paso\n- Accommodation: Hotel Navajo (cost: $120)\n- Meals: Applebee's (cost: $30), LLoras (cost: $50)\n- Attractions: El Paso Zoo and Botanical Gardens (cost: $15), El Paso Museum of Art (cost: $10)\n- Total cost: $215\n\nDay 2: El Paso\n- Accommodation: Best Western (cost: $80)\n- Meals: Chevys (cost: $35), El Patio (cost: $40)\n- Attractions: National Border); retrying in 12s
[RETRY] selfcheckgpt task=tp_nonsynth_mf2_000008 seed=2 attempt 4/5 failed (failed to obtain JSON after 3 attempts: could not parse JSON from model output:
{
  "final_output": "Given the specified user constraints, a suitable 7-day trip can be constructed as follows:\nDay 1: Bakersfield to El Paso\n- Accommodation: Hotel Navajo (cost: $120)\n- Meals: Applebee's (cost: $30), LLoras (cost: $50)\n- Attractions: El Paso Zoo and Botanical Gardens (cost: $15), El Paso Museum of Art (cost: $10)\n- Total cost: $215\n\nDay 2: El Paso\n- Accommodation: Best Western (cost: $80)\n- Meals: Chevys (cost: $35), El Patio (cost: $40)\n- Attractions: National Border); retrying in 24s
[ERROR] selfcheckgpt failed task=tp_nonsynth_mf2_000008 seed=2: failed to obtain JSON after 3 attempts: could not parse JSON from model output:
{
  "final_output": "Given the specified user constraints, a suitable 7-day trip can be constructed as follows:\nDay 1: Bakersfield to El Paso\n- Accommodation: Hotel Navajo (cost: $120)\n- Meals: Applebee's (cost: $30), LLoras (cost: $50)\n- Attractions: El Paso Zoo and Botanical Gardens (cost: $15), El Paso Museum of Art (cost: $10)\n- Total cost: $215\n\nDay 2: El Paso\n- Accommodation: Best Western (cost: $80)\n- Meals: Chevys (cost: $35), El Patio (cost: $40)\n- Attractions: National Border
  N=2 tp_nonsynth_mf2_000006 seed=0 arm=reflexion level=hard: per_fault={'budget': True, 'days': True} all_resolved=True n_resolved=2/2 tokens=(1599,1149)
  N=2 tp_nonsynth_mf2_000006 seed=0 arm=intro_specter level=hard: per_fault={'budget': True, 'days': True} all_resolved=True n_resolved=2/2 tokens=(4614,1817)
  N=2 tp_nonsynth_mf2_000006 seed=1 arm=direct level=hard: per_fault={'budget': True, 'days': True} all_resolved=True n_resolved=2/2 tokens=(1599,1149)
  N=2 tp_nonsynth_mf2_000006 seed=1 arm=self_refine level=hard: per_fault={'budget': True, 'days': True} all_resolved=True n_resolved=2/2 tokens=(4460,2565)
  N=2 tp_nonsynth_mf2_000006 seed=1 arm=full_regen level=hard: per_fault={'budget': False, 'days': True} all_resolved=False n_resolved=1/2 tokens=(3198,2165)
  N=2 tp_nonsynth_mf2_000006 seed=1 arm=react level=hard: per_fault={'budget': True, 'days': True} all_resolved=True n_resolved=2/2 tokens=(3251,2522)
  N=2 tp_nonsynth_mf2_000006 seed=1 arm=selfcheckgpt level=hard: per_fault={'budget': True, 'days': True} all_resolved=True n_resolved=2/2 tokens=(15051,2277)
  N=2 tp_nonsynth_mf2_000006 seed=1 arm=reflexion level=hard: per_fault={'budget': True, 'days': True} all_resolved=True n_resolved=2/2 tokens=(1599,1149)
  N=2 tp_nonsynth_mf2_000006 seed=1 arm=intro_specter level=hard: per_fault={'budget': True, 'days': True} all_resolved=True n_resolved=2/2 tokens=(4614,1817)
  N=2 tp_nonsynth_mf2_000006 seed=2 arm=direct level=hard: per_fault={'budget': True, 'days': True} all_resolved=True n_resolved=2/2 tokens=(1619,2651)
  N=2 tp_nonsynth_mf2_000006 seed=2 arm=self_refine level=hard: per_fault={'budget': True, 'days': True} all_resolved=True n_resolved=2/2 tokens=(6822,6382)
  N=2 tp_nonsynth_mf2_000006 seed=2 arm=full_regen level=hard: per_fault={'budget': True, 'days': True} all_resolved=True n_resolved=2/2 tokens=(3218,6070)
  N=2 tp_nonsynth_mf2_000006 seed=2 arm=react level=hard: per_fault={'budget': True, 'days': True} all_resolved=True n_resolved=2/2 tokens=(3271,4024)
  N=2 tp_nonsynth_mf2_000006 seed=2 arm=selfcheckgpt level=hard: per_fault={'budget': True, 'days': True} all_resolved=True n_resolved=2/2 tokens=(11774,3891)
  N=2 tp_nonsynth_mf2_000006 seed=2 arm=reflexion level=hard: per_fault={'budget': True, 'days': True} all_resolved=True n_resolved=2/2 tokens=(1619,2651)
  N=2 tp_nonsynth_mf2_000006 seed=2 arm=intro_specter level=hard: per_fault={'budget': True, 'days': True} all_resolved=True n_resolved=2/2 tokens=(6976,3917)
  N=2 tp_nonsynth_mf2_000007 seed=0 arm=direct level=easy: per_fault={'budget': True, 'days': True} all_resolved=True n_resolved=2/2 tokens=(1327,984)
  N=2 tp_nonsynth_mf2_000007 seed=0 arm=self_refine level=easy: per_fault={'budget': True, 'days': True} all_resolved=True n_resolved=2/2 tokens=(3856,2371)
  N=2 tp_nonsynth_mf2_000007 seed=0 arm=full_regen level=easy: per_fault={'budget': False, 'days': True} all_resolved=False n_resolved=1/2 tokens=(2670,2369)
  N=2 tp_nonsynth_mf2_000007 seed=0 arm=react level=easy: per_fault={'budget': True, 'days': True} all_resolved=True n_resolved=2/2 tokens=(2687,1935)
  N=2 tp_nonsynth_mf2_000007 seed=0 arm=reflexion level=easy: per_fault={'budget': True, 'days': True} all_resolved=True n_resolved=2/2 tokens=(1327,984)
  N=2 tp_nonsynth_mf2_000007 seed=0 arm=intro_specter level=easy: per_fault={'budget': True, 'days': True} all_resolved=True n_resolved=2/2 tokens=(3990,1825)
  N=2 tp_nonsynth_mf2_000007 seed=1 arm=direct level=easy: per_fault={'budget': True, 'days': True} all_resolved=True n_resolved=2/2 tokens=(1327,984)
  N=2 tp_nonsynth_mf2_000007 seed=1 arm=self_refine level=easy: per_fault={'budget': True, 'days': True} all_resolved=True n_resolved=2/2 tokens=(3856,2371)
  N=2 tp_nonsynth_mf2_000007 seed=1 arm=full_regen level=easy: per_fault={'budget': False, 'days': True} all_resolved=False n_resolved=1/2 tokens=(2634,2124)
  N=2 tp_nonsynth_mf2_000007 seed=1 arm=react level=easy: per_fault={'budget': True, 'days': True} all_resolved=True n_resolved=2/2 tokens=(2687,1935)
  N=2 tp_nonsynth_mf2_000007 seed=1 arm=selfcheckgpt level=easy: per_fault={'budget': True, 'days': True} all_resolved=True n_resolved=2/2 tokens=(17940,3088)
  N=2 tp_nonsynth_mf2_000007 seed=1 arm=reflexion level=easy: per_fault={'budget': True, 'days': True} all_resolved=True n_resolved=2/2 tokens=(1327,984)
  N=2 tp_nonsynth_mf2_000007 seed=1 arm=intro_specter level=easy: per_fault={'budget': True, 'days': True} all_resolved=True n_resolved=2/2 tokens=(3990,1825)
  N=2 tp_nonsynth_mf2_000007 seed=2 arm=direct level=easy: per_fault={'budget': False, 'days': True} all_resolved=False n_resolved=1/2 tokens=(1327,699)
  N=2 tp_nonsynth_mf2_000007 seed=2 arm=self_refine level=easy: per_fault={'budget': False, 'days': True} all_resolved=False n_resolved=1/2 tokens=(3487,1710)
  N=2 tp_nonsynth_mf2_000007 seed=2 arm=full_regen level=easy: per_fault={'budget': True, 'days': True} all_resolved=True n_resolved=2/2 tokens=(2634,1767)
  N=2 tp_nonsynth_mf2_000007 seed=2 arm=react level=easy: per_fault={'budget': True, 'days': True} all_resolved=True n_resolved=2/2 tokens=(2687,1650)
  N=2 tp_nonsynth_mf2_000007 seed=2 arm=reflexion level=easy: per_fault={'budget': False, 'days': True} all_resolved=False n_resolved=1/2 tokens=(11815,3080)
  N=2 tp_nonsynth_mf2_000007 seed=2 arm=intro_specter level=easy: per_fault={'budget': False, 'days': True} all_resolved=False n_resolved=1/2 tokens=(3641,1236)
  N=2 tp_nonsynth_mf2_000008 seed=0 arm=direct level=easy: per_fault={'budget': True, 'days': True} all_resolved=True n_resolved=2/2 tokens=(1340,1084)
  N=2 tp_nonsynth_mf2_000008 seed=0 arm=self_refine level=easy: per_fault={'budget': True, 'days': True} all_resolved=True n_resolved=2/2 tokens=(3920,2657)
  N=2 tp_nonsynth_mf2_000008 seed=0 arm=full_regen level=easy: per_fault={'budget': False, 'days': False} all_resolved=False n_resolved=0/2 tokens=(2680,3821)
  N=2 tp_nonsynth_mf2_000008 seed=0 arm=react level=easy: per_fault={'budget': False, 'days': True} all_resolved=False n_resolved=1/2 tokens=(2768,2880)
  N=2 tp_nonsynth_mf2_000008 seed=0 arm=reflexion level=easy: per_fault={'budget': True, 'days': True} all_resolved=True n_resolved=2/2 tokens=(1340,1084)
  N=2 tp_nonsynth_mf2_000008 seed=0 arm=intro_specter level=easy: per_fault={'budget': True, 'days': True} all_resolved=True n_resolved=2/2 tokens=(4094,1732)
  N=2 tp_nonsynth_mf2_000008 seed=1 arm=direct level=easy: per_fault={'budget': True, 'days': True} all_resolved=True n_resolved=2/2 tokens=(1340,1084)
  N=2 tp_nonsynth_mf2_000008 seed=1 arm=self_refine level=easy: per_fault={'budget': True, 'days': True} all_resolved=True n_resolved=2/2 tokens=(3920,2657)
  N=2 tp_nonsynth_mf2_000008 seed=1 arm=full_regen level=easy: per_fault={'budget': True, 'days': True} all_resolved=True n_resolved=2/2 tokens=(2680,4204)
  N=2 tp_nonsynth_mf2_000008 seed=1 arm=react level=easy: per_fault={'budget': False, 'days': True} all_resolved=False n_resolved=1/2 tokens=(2768,2880)
  N=2 tp_nonsynth_mf2_000008 seed=1 arm=reflexion level=easy: per_fault={'budget': True, 'days': True} all_resolved=True n_resolved=2/2 tokens=(1340,1084)
  N=2 tp_nonsynth_mf2_000008 seed=1 arm=intro_specter level=easy: per_fault={'budget': True, 'days': True} all_resolved=True n_resolved=2/2 tokens=(4094,1732)
  N=2 tp_nonsynth_mf2_000008 seed=2 arm=direct level=easy: per_fault={'budget': True, 'days': True} all_resolved=True n_resolved=2/2 tokens=(1320,1135)
  N=2 tp_nonsynth_mf2_000008 seed=2 arm=self_refine level=easy: per_fault={'budget': True, 'days': True} all_resolved=True n_resolved=2/2 tokens=(3846,2730)
  N=2 tp_nonsynth_mf2_000008 seed=2 arm=full_regen level=easy: per_fault={'budget': True, 'days': True} all_resolved=True n_resolved=2/2 tokens=(2660,2226)
  N=2 tp_nonsynth_mf2_000008 seed=2 arm=react level=easy: per_fault={'budget': True, 'days': True} all_resolved=True n_resolved=2/2 tokens=(2693,2006)
  N=2 tp_nonsynth_mf2_000008 seed=2 arm=reflexion level=easy: per_fault={'budget': True, 'days': True} all_resolved=True n_resolved=2/2 tokens=(6423,3735)
  N=2 tp_nonsynth_mf2_000008 seed=2 arm=intro_specter level=easy: per_fault={'budget': True, 'days': True} all_resolved=True n_resolved=2/2 tokens=(4000,1560)
  N=2 tp_nonsynth_mf2_000009 seed=0 arm=direct level=easy: per_fault={'budget': False, 'days': True} all_resolved=False n_resolved=1/2 tokens=(1259,963)
  N=2 tp_nonsynth_mf2_000009 seed=0 arm=self_refine level=easy: per_fault={'budget': False, 'days': True} all_resolved=False n_resolved=1/2 tokens=(3552,2318)
  N=2 tp_nonsynth_mf2_000009 seed=0 arm=full_regen level=easy: per_fault={'budget': False, 'days': True} all_resolved=False n_resolved=1/2 tokens=(2518,1610)
  N=2 tp_nonsynth_mf2_000009 seed=0 arm=react level=easy: per_fault={'budget': True, 'days': True} all_resolved=True n_resolved=2/2 tokens=(2591,2178)
  N=2 tp_nonsynth_mf2_000009 seed=0 arm=selfcheckgpt level=easy: per_fault={'budget': False, 'days': True} all_resolved=False n_resolved=1/2 tokens=(10350,2556)
  N=2 tp_nonsynth_mf2_000009 seed=0 arm=reflexion level=easy: per_fault={'budget': True, 'days': True} all_resolved=True n_resolved=2/2 tokens=(5902,2122)
  N=2 tp_nonsynth_mf2_000009 seed=0 arm=intro_specter level=easy: per_fault={'budget': True, 'days': True} all_resolved=True n_resolved=2/2 tokens=(3706,1562)
  N=2 tp_nonsynth_mf2_000009 seed=1 arm=direct level=easy: per_fault={'budget': False, 'days': True} all_resolved=False n_resolved=1/2 tokens=(1259,963)
  N=2 tp_nonsynth_mf2_000009 seed=1 arm=self_refine level=easy: per_fault={'budget': False, 'days': True} all_resolved=False n_resolved=1/2 tokens=(3552,2318)
  N=2 tp_nonsynth_mf2_000009 seed=1 arm=full_regen level=easy: per_fault={'budget': True, 'days': True} all_resolved=True n_resolved=2/2 tokens=(2518,2069)
  N=2 tp_nonsynth_mf2_000009 seed=1 arm=react level=easy: per_fault={'budget': True, 'days': True} all_resolved=True n_resolved=2/2 tokens=(2591,2178)
  N=2 tp_nonsynth_mf2_000009 seed=1 arm=selfcheckgpt level=easy: per_fault={'budget': False, 'days': True} all_resolved=False n_resolved=1/2 tokens=(10312,2341)
  N=2 tp_nonsynth_mf2_000009 seed=1 arm=reflexion level=easy: per_fault={'budget': True, 'days': True} all_resolved=True n_resolved=2/2 tokens=(5902,2122)
  N=2 tp_nonsynth_mf2_000009 seed=1 arm=intro_specter level=easy: per_fault={'budget': True, 'days': True} all_resolved=True n_resolved=2/2 tokens=(3706,1562)
  N=2 tp_nonsynth_mf2_000009 seed=2 arm=direct level=easy: per_fault={'budget': False, 'days': True} all_resolved=False n_resolved=1/2 tokens=(1279,772)
  N=2 tp_nonsynth_mf2_000009 seed=2 arm=self_refine level=easy: per_fault={'budget': False, 'days': True} all_resolved=False n_resolved=1/2 tokens=(3401,2339)
  N=2 tp_nonsynth_mf2_000009 seed=2 arm=full_regen level=easy: per_fault={'budget': False, 'days': True} all_resolved=False n_resolved=1/2 tokens=(2538,1371)
  N=2 tp_nonsynth_mf2_000009 seed=2 arm=react level=easy: per_fault={'budget': True, 'days': True} all_resolved=True n_resolved=2/2 tokens=(2611,3317)
  N=2 tp_nonsynth_mf2_000009 seed=2 arm=selfcheckgpt level=easy: per_fault={'budget': False, 'days': True} all_resolved=False n_resolved=1/2 tokens=(10321,2962)
  N=2 tp_nonsynth_mf2_000009 seed=2 arm=reflexion level=easy: per_fault={'budget': True, 'days': True} all_resolved=True n_resolved=2/2 tokens=(12281,3389)
  N=2 tp_nonsynth_mf2_000009 seed=2 arm=intro_specter level=easy: per_fault={'budget': True, 'days': True} all_resolved=True n_resolved=2/2 tokens=(3555,1190)
  N=2 tp_nonsynth_mf2_000010 seed=0 arm=direct level=easy: per_fault={'budget': False, 'days': True} all_resolved=False n_resolved=1/2 tokens=(1281,948)
  N=2 tp_nonsynth_mf2_000010 seed=0 arm=self_refine level=easy: per_fault={'budget': False, 'days': True} all_resolved=False n_resolved=1/2 tokens=(3601,1843)
  N=2 tp_nonsynth_mf2_000010 seed=0 arm=full_regen level=easy: per_fault={'budget': False, 'days': True} all_resolved=False n_resolved=1/2 tokens=(2562,2214)
  N=2 tp_nonsynth_mf2_000010 seed=0 arm=react level=easy: per_fault={'budget': True, 'days': True} all_resolved=True n_resolved=2/2 tokens=(2615,2145)
  N=2 tp_nonsynth_mf2_000010 seed=0 arm=selfcheckgpt level=easy: per_fault={'budget': False, 'days': True} all_resolved=False n_resolved=1/2 tokens=(10486,2771)
  N=2 tp_nonsynth_mf2_000010 seed=0 arm=reflexion level=easy: per_fault={'budget': False, 'days': True} all_resolved=False n_resolved=1/2 tokens=(11884,3335)
  N=2 tp_nonsynth_mf2_000010 seed=0 arm=intro_specter level=easy: per_fault={'budget': True, 'days': True} all_resolved=True n_resolved=2/2 tokens=(3735,1358)
  N=2 tp_nonsynth_mf2_000010 seed=1 arm=direct level=easy: per_fault={'budget': False, 'days': True} all_resolved=False n_resolved=1/2 tokens=(1281,948)
  N=2 tp_nonsynth_mf2_000010 seed=1 arm=self_refine level=easy: per_fault={'budget': False, 'days': True} all_resolved=False n_resolved=1/2 tokens=(3601,1843)
  N=2 tp_nonsynth_mf2_000010 seed=1 arm=full_regen level=easy: per_fault={'budget': True, 'days': True} all_resolved=True n_resolved=2/2 tokens=(2582,2025)
  N=2 tp_nonsynth_mf2_000010 seed=1 arm=react level=easy: per_fault={'budget': True, 'days': True} all_resolved=True n_resolved=2/2 tokens=(2615,2145)
  N=2 tp_nonsynth_mf2_000010 seed=1 arm=selfcheckgpt level=easy: per_fault={'budget': False, 'days': True} all_resolved=False n_resolved=1/2 tokens=(10366,2650)
  N=2 tp_nonsynth_mf2_000010 seed=1 arm=reflexion level=easy: per_fault={'budget': False, 'days': True} all_resolved=False n_resolved=1/2 tokens=(11884,3335)
  N=2 tp_nonsynth_mf2_000010 seed=1 arm=intro_specter level=easy: per_fault={'budget': True, 'days': True} all_resolved=True n_resolved=2/2 tokens=(3735,1358)
  N=2 tp_nonsynth_mf2_000010 seed=2 arm=direct level=easy: per_fault={'budget': False, 'days': True} all_resolved=False n_resolved=1/2 tokens=(1281,948)
  N=2 tp_nonsynth_mf2_000010 seed=2 arm=self_refine level=easy: per_fault={'budget': False, 'days': True} all_resolved=False n_resolved=1/2 tokens=(3601,1843)
  N=2 tp_nonsynth_mf2_000010 seed=2 arm=full_regen level=easy: per_fault={'budget': True, 'days': True} all_resolved=True n_resolved=2/2 tokens=(2562,1773)
  N=2 tp_nonsynth_mf2_000010 seed=2 arm=react level=easy: per_fault={'budget': True, 'days': True} all_resolved=True n_resolved=2/2 tokens=(2615,2145)
  N=2 tp_nonsynth_mf2_000010 seed=2 arm=selfcheckgpt level=easy: per_fault={'budget': False, 'days': True} all_resolved=False n_resolved=1/2 tokens=(10931,3092)
  N=2 tp_nonsynth_mf2_000010 seed=2 arm=reflexion level=easy: per_fault={'budget': False, 'days': True} all_resolved=False n_resolved=1/2 tokens=(11826,3304)
  N=2 tp_nonsynth_mf2_000010 seed=2 arm=intro_specter level=easy: per_fault={'budget': True, 'days': True} all_resolved=True n_resolved=2/2 tokens=(3735,1358)
  N=2 tp_nonsynth_mf2_000011 seed=0 arm=direct level=hard: per_fault={'budget': False, 'days': True} all_resolved=False n_resolved=1/2 tokens=(1616,870)
  N=2 tp_nonsynth_mf2_000011 seed=0 arm=self_refine level=hard: per_fault={'budget': False, 'days': True} all_resolved=False n_resolved=1/2 tokens=(4257,2104)
  N=2 tp_nonsynth_mf2_000011 seed=0 arm=full_regen level=hard: per_fault={'budget': False, 'days': True} all_resolved=False n_resolved=1/2 tokens=(3252,2613)
  N=2 tp_nonsynth_mf2_000011 seed=0 arm=react level=hard: per_fault={'budget': True, 'days': True} all_resolved=True n_resolved=2/2 tokens=(3305,2475)
  N=2 tp_nonsynth_mf2_000011 seed=0 arm=selfcheckgpt level=hard: per_fault={'budget': False, 'days': True} all_resolved=False n_resolved=1/2 tokens=(11526,1754)
  N=2 tp_nonsynth_mf2_000011 seed=0 arm=reflexion level=hard: per_fault={'budget': True, 'days': True} all_resolved=True n_resolved=2/2 tokens=(6965,1572)
  N=2 tp_nonsynth_mf2_000011 seed=0 arm=intro_specter level=hard: per_fault={'budget': True, 'days': True} all_resolved=True n_resolved=2/2 tokens=(4411,1755)
  N=2 tp_nonsynth_mf2_000011 seed=1 arm=direct level=hard: per_fault={'budget': False, 'days': True} all_resolved=False n_resolved=1/2 tokens=(1616,870)
  N=2 tp_nonsynth_mf2_000011 seed=1 arm=self_refine level=hard: per_fault={'budget': False, 'days': True} all_resolved=False n_resolved=1/2 tokens=(4257,2104)
[RETRY] selfcheckgpt task=tp_nonsynth_mf2_000012 seed=0 attempt 1/5 failed (failed to obtain JSON after 3 attempts: could not parse JSON from model output:
{
  "final_output": "Here is a 7-day travel itinerary for one person starting in Gainesville and visiting 2 cities in North Carolina, from March 23rd to March 30th, 2022, with a budget of $5600.\nMarch 23rd, 2022:\n- Accommodation: $120 at Hampton Inn & Suites Wilmington/Waterfront (Breakfast included)\n- Breakfast: $10 at The Pantry\n- Lunch: $12 at The Pilot House\n- Dinner: $25 at Cape Fear Seafood Company\n- Attractions: $20 at Bellamy Mansion Museum\n- Cost: $187\n\nMarch 24th, 2022:\n- Acc); retrying in 3s
[RETRY] selfcheckgpt task=tp_nonsynth_mf2_000012 seed=0 attempt 2/5 failed (failed to obtain JSON after 3 attempts: could not parse JSON from model output:
{
  "final_output": "Here is a 7-day travel itinerary for one person starting in Gainesville and visiting 2 cities in North Carolina, from March 23rd to March 30th, 2022, with a budget of $5600.\nMarch 23rd, 2022:\n- Accommodation: $120 at Hampton Inn & Suites Wilmington/Waterfront (Breakfast included)\n- Breakfast: $10 at The Pantry\n- Lunch: $12 at The Pilot House\n- Dinner: $25 at Cape Fear Seafood Company\n- Attractions: $20 at Bellamy Mansion Museum\n- Cost: $187\n\nMarch 24th, 2022:\n- Acc); retrying in 6s
[RETRY] selfcheckgpt task=tp_nonsynth_mf2_000012 seed=0 attempt 3/5 failed (failed to obtain JSON after 3 attempts: could not parse JSON from model output:
{
  "final_output": "Here is a 7-day travel itinerary for one person starting in Gainesville and visiting 2 cities in North Carolina, from March 23rd to March 30th, 2022, with a budget of $5600.\nMarch 23rd, 2022:\n- Accommodation: $120 at Hampton Inn & Suites Wilmington/Waterfront (Breakfast included)\n- Breakfast: $10 at The Pantry\n- Lunch: $12 at The Pilot House\n- Dinner: $25 at Cape Fear Seafood Company\n- Attractions: $20 at Bellamy Mansion Museum\n- Cost: $187\n\nMarch 24th, 2022:\n- Acc); retrying in 12s
[RETRY] selfcheckgpt task=tp_nonsynth_mf2_000012 seed=0 attempt 4/5 failed (failed to obtain JSON after 3 attempts: could not parse JSON from model output:
{
  "final_output": "Here is a 7-day travel itinerary for one person starting in Gainesville and visiting 2 cities in North Carolina, from March 23rd to March 30th, 2022, with a budget of $5600.\nMarch 23rd, 2022:\n- Accommodation: $120 at Hampton Inn & Suites Wilmington/Waterfront (Breakfast included)\n- Breakfast: $10 at The Pantry\n- Lunch: $12 at The Pilot House\n- Dinner: $25 at Cape Fear Seafood Company\n- Attractions: $20 at Bellamy Mansion Museum\n- Cost: $187\n\nMarch 24th, 2022:\n- Acc); retrying in 24s
[ERROR] selfcheckgpt failed task=tp_nonsynth_mf2_000012 seed=0: failed to obtain JSON after 3 attempts: could not parse JSON from model output:
{
  "final_output": "Here is a 7-day travel itinerary for one person starting in Gainesville and visiting 2 cities in North Carolina, from March 23rd to March 30th, 2022, with a budget of $5600.\nMarch 23rd, 2022:\n- Accommodation: $120 at Hampton Inn & Suites Wilmington/Waterfront (Breakfast included)\n- Breakfast: $10 at The Pantry\n- Lunch: $12 at The Pilot House\n- Dinner: $25 at Cape Fear Seafood Company\n- Attractions: $20 at Bellamy Mansion Museum\n- Cost: $187\n\nMarch 24th, 2022:\n- Acc
[RETRY] selfcheckgpt task=tp_nonsynth_mf2_000012 seed=2 attempt 1/5 failed (failed to obtain JSON after 3 attempts: could not parse JSON from model output:
{
  "final_output": "Day 1: Gainesville to Wilmington\n- Accommodation: Book at a budget-friendly hotel in downtown Wilmington, cost: $120.\n- Meals: Breakfast at The Cottage Cafe ($15), lunch at The Pilot House ($20), dinner at The Fish Big Fish Restaurant ($35).\n- Attractions: Bellamy Mansion Museum ($10), Wilmington Riverwalk (free).\nTotal cost: $180.\n\nDay 2: Wilmington\n- Accommodation: Book at a budget-friendly hotel in downtown Wilmington, cost: $120.\n- Meals: Breakfast at The Cottage); retrying in 3s
[RETRY] selfcheckgpt task=tp_nonsynth_mf2_000012 seed=2 attempt 2/5 failed (failed to obtain JSON after 3 attempts: could not parse JSON from model output:
{
  "final_output": "Day 1: Gainesville to Wilmington\n- Accommodation: Book at a budget-friendly hotel in downtown Wilmington, cost: $120.\n- Meals: Breakfast at The Cottage Cafe ($15), lunch at The Pilot House ($20), dinner at The Fish Big Fish Restaurant ($35).\n- Attractions: Bellamy Mansion Museum ($10), Wilmington Riverwalk (free).\nTotal cost: $180.\n\nDay 2: Wilmington\n- Accommodation: Book at a budget-friendly hotel in downtown Wilmington, cost: $120.\n- Meals: Breakfast at The Cottage); retrying in 6s
[RETRY] selfcheckgpt task=tp_nonsynth_mf2_000012 seed=2 attempt 3/5 failed (failed to obtain JSON after 3 attempts: could not parse JSON from model output:
{
  "final_output": "Day 1: Gainesville to Wilmington\n- Accommodation: Book at a budget-friendly hotel in downtown Wilmington, cost: $120.\n- Meals: Breakfast at The Cottage Cafe ($15), lunch at The Pilot House ($20), dinner at The Fish Big Fish Restaurant ($35).\n- Attractions: Bellamy Mansion Museum ($10), Wilmington Riverwalk (free).\nTotal cost: $180.\n\nDay 2: Wilmington\n- Accommodation: Book at a budget-friendly hotel in downtown Wilmington, cost: $120.\n- Meals: Breakfast at The Cottage); retrying in 12s
[RETRY] selfcheckgpt task=tp_nonsynth_mf2_000012 seed=2 attempt 4/5 failed (failed to obtain JSON after 3 attempts: could not parse JSON from model output:
{
  "final_output": "Day 1: Gainesville to Wilmington\n- Accommodation: Book at a budget-friendly hotel in downtown Wilmington, cost: $120.\n- Meals: Breakfast at The Cottage Cafe ($15), lunch at The Pilot House ($20), dinner at The Fish Big Fish Restaurant ($35).\n- Attractions: Bellamy Mansion Museum ($10), Wilmington Riverwalk (free).\nTotal cost: $180.\n\nDay 2: Wilmington\n- Accommodation: Book at a budget-friendly hotel in downtown Wilmington, cost: $120.\n- Meals: Breakfast at The Cottage); retrying in 24s
[ERROR] selfcheckgpt failed task=tp_nonsynth_mf2_000012 seed=2: failed to obtain JSON after 3 attempts: could not parse JSON from model output:
{
  "final_output": "Day 1: Gainesville to Wilmington\n- Accommodation: Book at a budget-friendly hotel in downtown Wilmington, cost: $120.\n- Meals: Breakfast at The Cottage Cafe ($15), lunch at The Pilot House ($20), dinner at The Fish Big Fish Restaurant ($35).\n- Attractions: Bellamy Mansion Museum ($10), Wilmington Riverwalk (free).\nTotal cost: $180.\n\nDay 2: Wilmington\n- Accommodation: Book at a budget-friendly hotel in downtown Wilmington, cost: $120.\n- Meals: Breakfast at The Cottage
  N=2 tp_nonsynth_mf2_000011 seed=1 arm=full_regen level=hard: per_fault={'budget': False, 'days': True} all_resolved=False n_resolved=1/2 tokens=(3252,2518)
  N=2 tp_nonsynth_mf2_000011 seed=1 arm=react level=hard: per_fault={'budget': True, 'days': True} all_resolved=True n_resolved=2/2 tokens=(3305,2475)
  N=2 tp_nonsynth_mf2_000011 seed=1 arm=selfcheckgpt level=hard: per_fault={'budget': False, 'days': True} all_resolved=False n_resolved=1/2 tokens=(11987,2306)
  N=2 tp_nonsynth_mf2_000011 seed=1 arm=reflexion level=hard: per_fault={'budget': True, 'days': True} all_resolved=True n_resolved=2/2 tokens=(6965,1572)
  N=2 tp_nonsynth_mf2_000011 seed=1 arm=intro_specter level=hard: per_fault={'budget': True, 'days': True} all_resolved=True n_resolved=2/2 tokens=(4411,1755)
  N=2 tp_nonsynth_mf2_000011 seed=2 arm=direct level=hard: per_fault={'budget': False, 'days': True} all_resolved=False n_resolved=1/2 tokens=(1616,870)
  N=2 tp_nonsynth_mf2_000011 seed=2 arm=self_refine level=hard: per_fault={'budget': False, 'days': True} all_resolved=False n_resolved=1/2 tokens=(4257,2539)
  N=2 tp_nonsynth_mf2_000011 seed=2 arm=full_regen level=hard: per_fault={'budget': False, 'days': True} all_resolved=False n_resolved=1/2 tokens=(3252,1985)
  N=2 tp_nonsynth_mf2_000011 seed=2 arm=react level=hard: per_fault={'budget': False, 'days': True} all_resolved=False n_resolved=1/2 tokens=(3305,2260)
  N=2 tp_nonsynth_mf2_000011 seed=2 arm=selfcheckgpt level=hard: per_fault={'budget': False, 'days': True} all_resolved=False n_resolved=1/2 tokens=(12037,2395)
  N=2 tp_nonsynth_mf2_000011 seed=2 arm=reflexion level=hard: per_fault={'budget': True, 'days': True} all_resolved=True n_resolved=2/2 tokens=(6966,2017)
  N=2 tp_nonsynth_mf2_000011 seed=2 arm=intro_specter level=hard: per_fault={'budget': True, 'days': True} all_resolved=True n_resolved=2/2 tokens=(4411,1755)
  N=2 tp_nonsynth_mf2_000012 seed=0 arm=direct level=easy: per_fault={'budget': True, 'days': True} all_resolved=True n_resolved=2/2 tokens=(1306,1246)
  N=2 tp_nonsynth_mf2_000012 seed=0 arm=self_refine level=easy: per_fault={'budget': True, 'days': True} all_resolved=True n_resolved=2/2 tokens=(3949,2880)
  N=2 tp_nonsynth_mf2_000012 seed=0 arm=full_regen level=easy: per_fault={'budget': True, 'days': True} all_resolved=True n_resolved=2/2 tokens=(2612,2393)
  N=2 tp_nonsynth_mf2_000012 seed=0 arm=react level=easy: per_fault={'budget': True, 'days': True} all_resolved=True n_resolved=2/2 tokens=(2685,4015)
  N=2 tp_nonsynth_mf2_000012 seed=0 arm=reflexion level=easy: per_fault={'budget': True, 'days': True} all_resolved=True n_resolved=2/2 tokens=(1306,1246)
  N=2 tp_nonsynth_mf2_000012 seed=0 arm=intro_specter level=easy: per_fault={'budget': True, 'days': True} all_resolved=True n_resolved=2/2 tokens=(4083,1717)
  N=2 tp_nonsynth_mf2_000012 seed=1 arm=direct level=easy: per_fault={'budget': True, 'days': True} all_resolved=True n_resolved=2/2 tokens=(1306,1246)
  N=2 tp_nonsynth_mf2_000012 seed=1 arm=self_refine level=easy: per_fault={'budget': True, 'days': True} all_resolved=True n_resolved=2/2 tokens=(3949,2880)
  N=2 tp_nonsynth_mf2_000012 seed=1 arm=full_regen level=easy: per_fault={'budget': True, 'days': True} all_resolved=True n_resolved=2/2 tokens=(2632,2277)
  N=2 tp_nonsynth_mf2_000012 seed=1 arm=react level=easy: per_fault={'budget': True, 'days': True} all_resolved=True n_resolved=2/2 tokens=(2685,4015)
  N=2 tp_nonsynth_mf2_000012 seed=1 arm=selfcheckgpt level=easy: per_fault={'budget': True, 'days': True} all_resolved=True n_resolved=2/2 tokens=(11383,3094)
  N=2 tp_nonsynth_mf2_000012 seed=1 arm=reflexion level=easy: per_fault={'budget': True, 'days': True} all_resolved=True n_resolved=2/2 tokens=(1306,1246)
  N=2 tp_nonsynth_mf2_000012 seed=1 arm=intro_specter level=easy: per_fault={'budget': True, 'days': True} all_resolved=True n_resolved=2/2 tokens=(4083,1717)
  N=2 tp_nonsynth_mf2_000012 seed=2 arm=direct level=easy: per_fault={'budget': False, 'days': True} all_resolved=False n_resolved=1/2 tokens=(1326,1762)
  N=2 tp_nonsynth_mf2_000012 seed=2 arm=self_refine level=easy: per_fault={'budget': False, 'days': True} all_resolved=False n_resolved=1/2 tokens=(4863,4199)
  N=2 tp_nonsynth_mf2_000012 seed=2 arm=full_regen level=easy: per_fault={'budget': False, 'days': True} all_resolved=False n_resolved=1/2 tokens=(2652,3115)
  N=2 tp_nonsynth_mf2_000012 seed=2 arm=react level=easy: per_fault={'budget': True, 'days': True} all_resolved=True n_resolved=2/2 tokens=(2685,2814)
  N=2 tp_nonsynth_mf2_000012 seed=2 arm=reflexion level=easy: per_fault={'budget': False, 'days': True} all_resolved=False n_resolved=1/2 tokens=(18196,6697)
  N=2 tp_nonsynth_mf2_000012 seed=2 arm=intro_specter level=easy: per_fault={'budget': False, 'days': False} all_resolved=False n_resolved=0/2 tokens=(5017,2803)
  N=2 tp_nonsynth_mf2_000013 seed=0 arm=direct level=hard: per_fault={'budget': True, 'days': True} all_resolved=True n_resolved=2/2 tokens=(1480,851)
  N=2 tp_nonsynth_mf2_000013 seed=0 arm=self_refine level=hard: per_fault={'budget': True, 'days': True} all_resolved=True n_resolved=2/2 tokens=(3882,2232)
  N=2 tp_nonsynth_mf2_000013 seed=0 arm=full_regen level=hard: per_fault={'budget': True, 'days': True} all_resolved=True n_resolved=2/2 tokens=(2960,2215)
  N=2 tp_nonsynth_mf2_000013 seed=0 arm=react level=hard: per_fault={'budget': True, 'days': True} all_resolved=True n_resolved=2/2 tokens=(3013,2103)
  N=2 tp_nonsynth_mf2_000013 seed=0 arm=selfcheckgpt level=hard: per_fault={'budget': True, 'days': True} all_resolved=True n_resolved=2/2 tokens=(12941,2454)
  N=2 tp_nonsynth_mf2_000013 seed=0 arm=reflexion level=hard: per_fault={'budget': True, 'days': True} all_resolved=True n_resolved=2/2 tokens=(1480,851)
  N=2 tp_nonsynth_mf2_000013 seed=0 arm=intro_specter level=hard: per_fault={'budget': True, 'days': True} all_resolved=True n_resolved=2/2 tokens=(4056,1385)
  N=2 tp_nonsynth_mf2_000013 seed=1 arm=direct level=hard: per_fault={'budget': True, 'days': True} all_resolved=True n_resolved=2/2 tokens=(1480,851)
  N=2 tp_nonsynth_mf2_000013 seed=1 arm=self_refine level=hard: per_fault={'budget': True, 'days': True} all_resolved=True n_resolved=2/2 tokens=(3882,2232)
  N=2 tp_nonsynth_mf2_000013 seed=1 arm=full_regen level=hard: per_fault={'budget': True, 'days': True} all_resolved=True n_resolved=2/2 tokens=(2960,2037)
  N=2 tp_nonsynth_mf2_000013 seed=1 arm=react level=hard: per_fault={'budget': True, 'days': True} all_resolved=True n_resolved=2/2 tokens=(3013,2103)
  N=2 tp_nonsynth_mf2_000013 seed=1 arm=selfcheckgpt level=hard: per_fault={'budget': True, 'days': True} all_resolved=True n_resolved=2/2 tokens=(13332,2914)
  N=2 tp_nonsynth_mf2_000013 seed=1 arm=reflexion level=hard: per_fault={'budget': True, 'days': True} all_resolved=True n_resolved=2/2 tokens=(1480,851)
  N=2 tp_nonsynth_mf2_000013 seed=1 arm=intro_specter level=hard: per_fault={'budget': True, 'days': True} all_resolved=True n_resolved=2/2 tokens=(4056,1385)
  N=2 tp_nonsynth_mf2_000013 seed=2 arm=direct level=hard: per_fault={'budget': True, 'days': True} all_resolved=True n_resolved=2/2 tokens=(1500,782)
  N=2 tp_nonsynth_mf2_000013 seed=2 arm=self_refine level=hard: per_fault={'budget': True, 'days': True} all_resolved=True n_resolved=2/2 tokens=(3812,1753)
  N=2 tp_nonsynth_mf2_000013 seed=2 arm=full_regen level=hard: per_fault={'budget': False, 'days': True} all_resolved=False n_resolved=1/2 tokens=(3000,1756)
  N=2 tp_nonsynth_mf2_000013 seed=2 arm=react level=hard: per_fault={'budget': True, 'days': True} all_resolved=True n_resolved=2/2 tokens=(3033,2034)
  N=2 tp_nonsynth_mf2_000013 seed=2 arm=selfcheckgpt level=hard: per_fault={'budget': True, 'days': True} all_resolved=True n_resolved=2/2 tokens=(11489,2654)
  N=2 tp_nonsynth_mf2_000013 seed=2 arm=reflexion level=hard: per_fault={'budget': True, 'days': True} all_resolved=True n_resolved=2/2 tokens=(1500,782)
  N=2 tp_nonsynth_mf2_000013 seed=2 arm=intro_specter level=hard: per_fault={'budget': True, 'days': True} all_resolved=True n_resolved=2/2 tokens=(3966,1205)
  N=2 tp_nonsynth_mf2_000014 seed=0 arm=direct level=easy: per_fault={'budget': True, 'days': True} all_resolved=True n_resolved=2/2 tokens=(1328,893)
  N=2 tp_nonsynth_mf2_000014 seed=0 arm=self_refine level=easy: per_fault={'budget': False, 'days': True} all_resolved=False n_resolved=1/2 tokens=(3640,2171)
  N=2 tp_nonsynth_mf2_000014 seed=0 arm=full_regen level=easy: per_fault={'budget': True, 'days': True} all_resolved=True n_resolved=2/2 tokens=(2656,1572)
  N=2 tp_nonsynth_mf2_000014 seed=0 arm=react level=easy: per_fault={'budget': False, 'days': True} all_resolved=False n_resolved=1/2 tokens=(2729,2841)
  N=2 tp_nonsynth_mf2_000014 seed=0 arm=selfcheckgpt level=easy: per_fault={'budget': True, 'days': True} all_resolved=True n_resolved=2/2 tokens=(11097,2900)
  N=2 tp_nonsynth_mf2_000014 seed=0 arm=reflexion level=easy: per_fault={'budget': True, 'days': True} all_resolved=True n_resolved=2/2 tokens=(1328,893)
  N=2 tp_nonsynth_mf2_000014 seed=0 arm=intro_specter level=easy: per_fault={'budget': True, 'days': True} all_resolved=True n_resolved=2/2 tokens=(3774,1380)
  N=2 tp_nonsynth_mf2_000014 seed=1 arm=direct level=easy: per_fault={'budget': True, 'days': True} all_resolved=True n_resolved=2/2 tokens=(1328,893)
  N=2 tp_nonsynth_mf2_000014 seed=1 arm=self_refine level=easy: per_fault={'budget': False, 'days': True} all_resolved=False n_resolved=1/2 tokens=(3640,2171)
  N=2 tp_nonsynth_mf2_000014 seed=1 arm=full_regen level=easy: per_fault={'budget': False, 'days': True} all_resolved=False n_resolved=1/2 tokens=(2656,2101)
  N=2 tp_nonsynth_mf2_000014 seed=1 arm=react level=easy: per_fault={'budget': False, 'days': True} all_resolved=False n_resolved=1/2 tokens=(2729,2841)
  N=2 tp_nonsynth_mf2_000014 seed=1 arm=selfcheckgpt level=easy: per_fault={'budget': True, 'days': True} all_resolved=True n_resolved=2/2 tokens=(11282,3184)
  N=2 tp_nonsynth_mf2_000014 seed=1 arm=reflexion level=easy: per_fault={'budget': True, 'days': True} all_resolved=True n_resolved=2/2 tokens=(1328,893)
  N=2 tp_nonsynth_mf2_000014 seed=1 arm=intro_specter level=easy: per_fault={'budget': True, 'days': True} all_resolved=True n_resolved=2/2 tokens=(3774,1380)
  N=2 tp_nonsynth_mf2_000014 seed=2 arm=direct level=easy: per_fault={'budget': True, 'days': True} all_resolved=True n_resolved=2/2 tokens=(1328,893)
  N=2 tp_nonsynth_mf2_000014 seed=2 arm=self_refine level=easy: per_fault={'budget': True, 'days': True} all_resolved=True n_resolved=2/2 tokens=(3620,2414)
  N=2 tp_nonsynth_mf2_000014 seed=2 arm=full_regen level=easy: per_fault={'budget': False, 'days': True} all_resolved=False n_resolved=1/2 tokens=(2656,1592)
  N=2 tp_nonsynth_mf2_000014 seed=2 arm=react level=easy: per_fault={'budget': True, 'days': False} all_resolved=False n_resolved=1/2 tokens=(2709,1565)
  N=2 tp_nonsynth_mf2_000014 seed=2 arm=selfcheckgpt level=easy: per_fault={'budget': True, 'days': True} all_resolved=True n_resolved=2/2 tokens=(10936,2713)
  N=2 tp_nonsynth_mf2_000014 seed=2 arm=reflexion level=easy: per_fault={'budget': True, 'days': True} all_resolved=True n_resolved=2/2 tokens=(1328,893)
  N=2 tp_nonsynth_mf2_000014 seed=2 arm=intro_specter level=easy: per_fault={'budget': True, 'days': True} all_resolved=True n_resolved=2/2 tokens=(3774,1380)
  N=2 tp_nonsynth_mf2_000015 seed=0 arm=direct level=easy: per_fault={'budget': True, 'days': True} all_resolved=True n_resolved=2/2 tokens=(1301,1199)
  N=2 tp_nonsynth_mf2_000015 seed=0 arm=self_refine level=easy: per_fault={'budget': True, 'days': True} all_resolved=True n_resolved=2/2 tokens=(4082,2670)
  N=2 tp_nonsynth_mf2_000015 seed=0 arm=full_regen level=easy: per_fault={'budget': False, 'days': True} all_resolved=False n_resolved=1/2 tokens=(2602,2731)
  N=2 tp_nonsynth_mf2_000015 seed=0 arm=react level=easy: per_fault={'budget': True, 'days': True} all_resolved=True n_resolved=2/2 tokens=(2655,3089)
  N=2 tp_nonsynth_mf2_000015 seed=0 arm=selfcheckgpt level=easy: per_fault={'budget': True, 'days': True} all_resolved=True n_resolved=2/2 tokens=(10205,3291)
  N=2 tp_nonsynth_mf2_000015 seed=0 arm=reflexion level=easy: per_fault={'budget': True, 'days': True} all_resolved=True n_resolved=2/2 tokens=(1301,1199)
  N=2 tp_nonsynth_mf2_000015 seed=0 arm=intro_specter level=easy: per_fault={'budget': True, 'days': True} all_resolved=True n_resolved=2/2 tokens=(4236,2527)
  N=2 tp_nonsynth_mf2_000015 seed=1 arm=direct level=easy: per_fault={'budget': True, 'days': True} all_resolved=True n_resolved=2/2 tokens=(1301,1199)
  N=2 tp_nonsynth_mf2_000015 seed=1 arm=self_refine level=easy: per_fault={'budget': True, 'days': True} all_resolved=True n_resolved=2/2 tokens=(4082,2670)
  N=2 tp_nonsynth_mf2_000015 seed=1 arm=full_regen level=easy: per_fault={'budget': False, 'days': True} all_resolved=False n_resolved=1/2 tokens=(2602,2212)
  N=2 tp_nonsynth_mf2_000015 seed=1 arm=react level=easy: per_fault={'budget': True, 'days': True} all_resolved=True n_resolved=2/2 tokens=(2655,3089)
  N=2 tp_nonsynth_mf2_000015 seed=1 arm=selfcheckgpt level=easy: per_fault={'budget': True, 'days': True} all_resolved=True n_resolved=2/2 tokens=(9866,2662)
  N=2 tp_nonsynth_mf2_000015 seed=1 arm=reflexion level=easy: per_fault={'budget': True, 'days': True} all_resolved=True n_resolved=2/2 tokens=(1301,1199)
  N=2 tp_nonsynth_mf2_000015 seed=1 arm=intro_specter level=easy: per_fault={'budget': True, 'days': True} all_resolved=True n_resolved=2/2 tokens=(4236,2527)
  N=2 tp_nonsynth_mf2_000015 seed=2 arm=direct level=easy: per_fault={'budget': True, 'days': True} all_resolved=True n_resolved=2/2 tokens=(1301,1358)
  N=2 tp_nonsynth_mf2_000015 seed=2 arm=self_refine level=easy: per_fault={'budget': True, 'days': True} all_resolved=True n_resolved=2/2 tokens=(4263,2770)
  N=2 tp_nonsynth_mf2_000015 seed=2 arm=full_regen level=easy: per_fault={'budget': False, 'days': True} all_resolved=False n_resolved=1/2 tokens=(2582,1995)
  N=2 tp_nonsynth_mf2_000015 seed=2 arm=react level=easy: per_fault={'budget': True, 'days': True} all_resolved=True n_resolved=2/2 tokens=(2671,2458)
  N=2 tp_nonsynth_mf2_000015 seed=2 arm=selfcheckgpt level=easy: per_fault={'budget': True, 'days': True} all_resolved=True n_resolved=2/2 tokens=(10251,3201)
  N=2 tp_nonsynth_mf2_000015 seed=2 arm=reflexion level=easy: per_fault={'budget': True, 'days': True} all_resolved=True n_resolved=2/2 tokens=(1301,1358)
  N=2 tp_nonsynth_mf2_000015 seed=2 arm=intro_specter level=easy: per_fault={'budget': True, 'days': True} all_resolved=True n_resolved=2/2 tokens=(4437,2979)
  N=2 tp_nonsynth_mf2_000016 seed=0 arm=direct level=medium: per_fault={'budget': False, 'days': True} all_resolved=False n_resolved=1/2 tokens=(1467,2119)
  N=2 tp_nonsynth_mf2_000016 seed=0 arm=self_refine level=medium: per_fault={'budget': False, 'days': True} all_resolved=False n_resolved=1/2 tokens=(5607,4898)
  N=2 tp_nonsynth_mf2_000016 seed=0 arm=full_regen level=medium: per_fault={'budget': True, 'days': True} all_resolved=True n_resolved=2/2 tokens=(2954,3817)
  N=2 tp_nonsynth_mf2_000016 seed=0 arm=react level=medium: per_fault={'budget': True, 'days': True} all_resolved=True n_resolved=2/2 tokens=(2987,3191)
  N=2 tp_nonsynth_mf2_000016 seed=0 arm=selfcheckgpt level=medium: per_fault={'budget': False, 'days': True} all_resolved=False n_resolved=1/2 tokens=(12374,4202)
  N=2 tp_nonsynth_mf2_000016 seed=0 arm=reflexion level=medium: per_fault={'budget': True, 'days': True} all_resolved=True n_resolved=2/2 tokens=(9843,5064)
  N=2 tp_nonsynth_mf2_000016 seed=0 arm=intro_specter level=medium: per_fault={'budget': True, 'days': True} all_resolved=True n_resolved=2/2 tokens=(5761,4853)
  N=2 tp_nonsynth_mf2_000016 seed=1 arm=direct level=medium: per_fault={'budget': False, 'days': True} all_resolved=False n_resolved=1/2 tokens=(1467,2119)
  N=2 tp_nonsynth_mf2_000016 seed=1 arm=self_refine level=medium: per_fault={'budget': False, 'days': True} all_resolved=False n_resolved=1/2 tokens=(5607,4898)
  N=2 tp_nonsynth_mf2_000016 seed=1 arm=full_regen level=medium: per_fault={'budget': False, 'days': True} all_resolved=False n_resolved=1/2 tokens=(2970,3519)
  N=2 tp_nonsynth_mf2_000016 seed=1 arm=react level=medium: per_fault={'budget': True, 'days': True} all_resolved=True n_resolved=2/2 tokens=(2987,3191)
  N=2 tp_nonsynth_mf2_000016 seed=1 arm=selfcheckgpt level=medium: per_fault={'budget': False, 'days': True} all_resolved=False n_resolved=1/2 tokens=(12597,4781)
  N=2 tp_nonsynth_mf2_000016 seed=1 arm=reflexion level=medium: per_fault={'budget': True, 'days': True} all_resolved=True n_resolved=2/2 tokens=(9843,5064)
  N=2 tp_nonsynth_mf2_000016 seed=1 arm=intro_specter level=medium: per_fault={'budget': True, 'days': True} all_resolved=True n_resolved=2/2 tokens=(5761,4853)
  N=2 tp_nonsynth_mf2_000016 seed=2 arm=direct level=medium: per_fault={'budget': False, 'days': True} all_resolved=False n_resolved=1/2 tokens=(1467,2119)
  N=2 tp_nonsynth_mf2_000016 seed=2 arm=self_refine level=medium: per_fault={'budget': False, 'days': True} all_resolved=False n_resolved=1/2 tokens=(5627,4907)
  N=2 tp_nonsynth_mf2_000016 seed=2 arm=full_regen level=medium: per_fault={'budget': True, 'days': True} all_resolved=True n_resolved=2/2 tokens=(2954,3509)
  N=2 tp_nonsynth_mf2_000016 seed=2 arm=react level=medium: per_fault={'budget': True, 'days': True} all_resolved=True n_resolved=2/2 tokens=(3023,3471)
  N=2 tp_nonsynth_mf2_000016 seed=2 arm=selfcheckgpt level=medium: per_fault={'budget': False, 'days': True} all_resolved=False n_resolved=1/2 tokens=(12085,4189)
  N=2 tp_nonsynth_mf2_000016 seed=2 arm=reflexion level=medium: per_fault={'budget': True, 'days': True} all_resolved=True n_resolved=2/2 tokens=(9870,6228)
  N=2 tp_nonsynth_mf2_000016 seed=2 arm=intro_specter level=medium: per_fault={'budget': True, 'days': True} all_resolved=True n_resolved=2/2 tokens=(5761,4853)
  N=2 tp_nonsynth_mf2_000017 seed=0 arm=direct level=hard: per_fault={'budget': False, 'days': True} all_resolved=False n_resolved=1/2 tokens=(1477,1180)
  N=2 tp_nonsynth_mf2_000017 seed=0 arm=self_refine level=hard: per_fault={'budget': False, 'days': True} all_resolved=False n_resolved=1/2 tokens=(4498,2983)
  N=2 tp_nonsynth_mf2_000017 seed=0 arm=full_regen level=hard: per_fault={'budget': False, 'days': True} all_resolved=False n_resolved=1/2 tokens=(2954,2026)
  N=2 tp_nonsynth_mf2_000017 seed=0 arm=react level=hard: per_fault={'budget': True, 'days': True} all_resolved=True n_resolved=2/2 tokens=(3007,1939)
  N=2 tp_nonsynth_mf2_000017 seed=0 arm=selfcheckgpt level=hard: per_fault={'budget': False, 'days': True} all_resolved=False n_resolved=1/2 tokens=(20496,3660)
  N=2 tp_nonsynth_mf2_000017 seed=0 arm=reflexion level=hard: per_fault={'budget': True, 'days': True} all_resolved=True n_resolved=2/2 tokens=(7608,2851)
  N=2 tp_nonsynth_mf2_000017 seed=0 arm=intro_specter level=hard: per_fault={'budget': False, 'days': True} all_resolved=False n_resolved=1/2 tokens=(4652,1757)
  N=2 tp_nonsynth_mf2_000017 seed=1 arm=direct level=hard: per_fault={'budget': False, 'days': True} all_resolved=False n_resolved=1/2 tokens=(1477,1180)
  N=2 tp_nonsynth_mf2_000017 seed=1 arm=self_refine level=hard: per_fault={'budget': False, 'days': True} all_resolved=False n_resolved=1/2 tokens=(4498,2983)
  N=2 tp_nonsynth_mf2_000017 seed=1 arm=full_regen level=hard: per_fault={'budget': True, 'days': True} all_resolved=True n_resolved=2/2 tokens=(2954,2172)
  N=2 tp_nonsynth_mf2_000017 seed=1 arm=react level=hard: per_fault={'budget': True, 'days': True} all_resolved=True n_resolved=2/2 tokens=(3007,1939)
  N=2 tp_nonsynth_mf2_000017 seed=1 arm=selfcheckgpt level=hard: per_fault={'budget': False, 'days': True} all_resolved=False n_resolved=1/2 tokens=(19387,3239)
  N=2 tp_nonsynth_mf2_000017 seed=1 arm=reflexion level=hard: per_fault={'budget': True, 'days': True} all_resolved=True n_resolved=2/2 tokens=(7608,2851)
  N=2 tp_nonsynth_mf2_000017 seed=1 arm=intro_specter level=hard: per_fault={'budget': False, 'days': True} all_resolved=False n_resolved=1/2 tokens=(4652,1757)
  N=2 tp_nonsynth_mf2_000017 seed=2 arm=direct level=hard: per_fault={'budget': True, 'days': True} all_resolved=True n_resolved=2/2 tokens=(1497,1115)
  N=2 tp_nonsynth_mf2_000017 seed=2 arm=self_refine level=hard: per_fault={'budget': True, 'days': True} all_resolved=True n_resolved=2/2 tokens=(4306,2781)
  N=2 tp_nonsynth_mf2_000017 seed=2 arm=full_regen level=hard: per_fault={'budget': True, 'days': True} all_resolved=True n_resolved=2/2 tokens=(2994,2127)
  N=2 tp_nonsynth_mf2_000017 seed=2 arm=react level=hard: per_fault={'budget': False, 'days': True} all_resolved=False n_resolved=1/2 tokens=(3027,1852)
  N=2 tp_nonsynth_mf2_000017 seed=2 arm=selfcheckgpt level=hard: per_fault={'budget': True, 'days': True} all_resolved=True n_resolved=2/2 tokens=(12306,3389)
  N=2 tp_nonsynth_mf2_000017 seed=2 arm=reflexion level=hard: per_fault={'budget': True, 'days': True} all_resolved=True n_resolved=2/2 tokens=(1497,1115)
  N=2 tp_nonsynth_mf2_000017 seed=2 arm=intro_specter level=hard: per_fault={'budget': True, 'days': True} all_resolved=True n_resolved=2/2 tokens=(4440,2211)
  N=2 tp_nonsynth_mf2_000018 seed=0 arm=direct level=hard: per_fault={'budget': False, 'days': True} all_resolved=False n_resolved=1/2 tokens=(1576,1308)
  N=2 tp_nonsynth_mf2_000018 seed=0 arm=self_refine level=hard: per_fault={'budget': False, 'days': True} all_resolved=False n_resolved=1/2 tokens=(4741,3496)
  N=2 tp_nonsynth_mf2_000018 seed=0 arm=full_regen level=hard: per_fault={'budget': True, 'days': True} all_resolved=True n_resolved=2/2 tokens=(3152,2317)
  N=2 tp_nonsynth_mf2_000018 seed=0 arm=react level=hard: per_fault={'budget': True, 'days': True} all_resolved=True n_resolved=2/2 tokens=(3185,2209)
  N=2 tp_nonsynth_mf2_000018 seed=0 arm=selfcheckgpt level=hard: per_fault={'budget': False, 'days': True} all_resolved=False n_resolved=1/2 tokens=(19039,3196)
  N=2 tp_nonsynth_mf2_000018 seed=0 arm=reflexion level=hard: per_fault={'budget': True, 'days': True} all_resolved=True n_resolved=2/2 tokens=(7965,3031)
  N=2 tp_nonsynth_mf2_000018 seed=0 arm=intro_specter level=hard: per_fault={'budget': True, 'days': True} all_resolved=True n_resolved=2/2 tokens=(4895,2022)
  N=2 tp_nonsynth_mf2_000018 seed=1 arm=direct level=hard: per_fault={'budget': False, 'days': True} all_resolved=False n_resolved=1/2 tokens=(1576,1308)
  N=2 tp_nonsynth_mf2_000018 seed=1 arm=self_refine level=hard: per_fault={'budget': False, 'days': True} all_resolved=False n_resolved=1/2 tokens=(4741,3496)
  N=2 tp_nonsynth_mf2_000018 seed=1 arm=full_regen level=hard: per_fault={'budget': False, 'days': True} all_resolved=False n_resolved=1/2 tokens=(3132,2445)
  N=2 tp_nonsynth_mf2_000018 seed=1 arm=react level=hard: per_fault={'budget': True, 'days': True} all_resolved=True n_resolved=2/2 tokens=(3185,2209)
  N=2 tp_nonsynth_mf2_000018 seed=1 arm=selfcheckgpt level=hard: per_fault={'budget': False, 'days': True} all_resolved=False n_resolved=1/2 tokens=(21923,3768)
  N=2 tp_nonsynth_mf2_000018 seed=1 arm=reflexion level=hard: per_fault={'budget': True, 'days': True} all_resolved=True n_resolved=2/2 tokens=(7965,3031)
  N=2 tp_nonsynth_mf2_000018 seed=1 arm=intro_specter level=hard: per_fault={'budget': True, 'days': True} all_resolved=True n_resolved=2/2 tokens=(4895,2022)
  N=2 tp_nonsynth_mf2_000018 seed=2 arm=direct level=hard: per_fault={'budget': True, 'days': True} all_resolved=True n_resolved=2/2 tokens=(1611,887)
  N=2 tp_nonsynth_mf2_000018 seed=2 arm=self_refine level=hard: per_fault={'budget': True, 'days': True} all_resolved=True n_resolved=2/2 tokens=(4145,1880)
  N=2 tp_nonsynth_mf2_000018 seed=2 arm=full_regen level=hard: per_fault={'budget': False, 'days': True} all_resolved=False n_resolved=1/2 tokens=(3187,1786)
  N=2 tp_nonsynth_mf2_000018 seed=2 arm=react level=hard: per_fault={'budget': True, 'days': True} all_resolved=True n_resolved=2/2 tokens=(3220,1775)
  N=2 tp_nonsynth_mf2_000018 seed=2 arm=selfcheckgpt level=hard: per_fault={'budget': True, 'days': True} all_resolved=True n_resolved=2/2 tokens=(13200,3329)
  N=2 tp_nonsynth_mf2_000018 seed=2 arm=reflexion level=hard: per_fault={'budget': True, 'days': True} all_resolved=True n_resolved=2/2 tokens=(1611,887)
[RETRY] selfcheckgpt task=tp_nonsynth_mf2_000019 seed=0 attempt 1/5 failed (failed to obtain JSON after 3 attempts: could not parse JSON from model output:
{
  "final_output": "Here is a travel plan for 5 days that starts from Houston to Wichita from March 19th to March 21st, 2022, accommodating a group of 3 people with a budget of $5,800 and smoking requirements:"

  ,
  "Day 1: Arrival and Exploration"

    





  





  





  





  





    





  





    





  





  





  





    





    





    
  



  :  





 





    





  





  





   





   





    
   





  



   





   





  "Hotel: aloft Wichit); retrying in 3s
[RETRY] selfcheckgpt task=tp_nonsynth_mf2_000019 seed=0 attempt 2/5 failed (failed to obtain JSON after 3 attempts: could not parse JSON from model output:
{
  "final_output": "Here is a travel plan for 5 days that starts from Houston to Wichita from March 19th to March 21st, 2022, accommodating a group of 3 people with a budget of $5,800 and smoking requirements:"

  ,
  "Day 1: Arrival and Exploration"

    





  





  





  





  





    





  





    





  





  





  





    





    





    
  



  :  





 





    





  





  





   





   





    
   





  



   





   





  "Hotel: aloft Wichit); retrying in 6s
[RETRY] selfcheckgpt task=tp_nonsynth_mf2_000019 seed=0 attempt 3/5 failed (failed to obtain JSON after 3 attempts: could not parse JSON from model output:
{
  "final_output": "Here is a travel plan for 5 days that starts from Houston to Wichita from March 19th to March 21st, 2022, accommodating a group of 3 people with a budget of $5,800 and smoking requirements:"

  ,
  "Day 1: Arrival and Exploration"

    





  





  





  





  





    





  





    





  





  





  





    





    





    
  



  :  





 





    





  





  





   





   





    
   





  



   





   





  "Hotel: aloft Wichit); retrying in 12s
[RETRY] selfcheckgpt task=tp_nonsynth_mf2_000019 seed=0 attempt 4/5 failed (failed to obtain JSON after 3 attempts: could not parse JSON from model output:
{
  "final_output": "Here is a travel plan for 5 days that starts from Houston to Wichita from March 19th to March 21st, 2022, accommodating a group of 3 people with a budget of $5,800 and smoking requirements:"

  ,
  "Day 1: Arrival and Exploration"

    





  





  





  





  





    





  





    





  





  





  





    





    





    
  



  :  





 





    





  





  





   





   





    
   





  



   





   





  "Hotel: aloft Wichit); retrying in 24s
[ERROR] selfcheckgpt failed task=tp_nonsynth_mf2_000019 seed=0: failed to obtain JSON after 3 attempts: could not parse JSON from model output:
{
  "final_output": "Here is a travel plan for 5 days that starts from Houston to Wichita from March 19th to March 21st, 2022, accommodating a group of 3 people with a budget of $5,800 and smoking requirements:"

  ,
  "Day 1: Arrival and Exploration"

    





  





  





  





  





    





  





    





  





  





  





    





    





    
  



  :  





 





    





  





  





   





   





    
   





  



   





   





  "Hotel: aloft Wichit
[RETRY] selfcheckgpt task=tp_nonsynth_mf2_000020 seed=0 attempt 1/5 failed (failed to obtain JSON after 3 attempts: could not parse JSON from model output:
{
  "final_output": "Here is a 7 day travel plan for two people, beginning in Minneapolis and continuing to three different cities in Abilene from March 22 to March 26, 2022, with accommodations suitable for children under 10 years old.\n\nDay 1: March 22, 2022\n\n* Accommodation: Hotel with suitable rooms for children (Cost: $100)\n* Meals: Breakfast at 'Nightly Restaurant' ($20), Lunch at 'Billy's Burgers' ($10), and Dinner at 'El Tapatio Mexican Restaurant' ($25)\n* Attractions: Abilene Zoo (); retrying in 3s
[RETRY] selfcheckgpt task=tp_nonsynth_mf2_000020 seed=0 attempt 2/5 failed (failed to obtain JSON after 3 attempts: could not parse JSON from model output:
{
  "final_output": "Here is a 7 day travel plan for two people, beginning in Minneapolis and continuing to three different cities in Abilene from March 22 to March 26, 2022, with accommodations suitable for children under 10 years old.\n\nDay 1: March 22, 2022\n\n* Accommodation: Hotel with suitable rooms for children (Cost: $100)\n* Meals: Breakfast at 'Nightly Restaurant' ($20), Lunch at 'Billy's Burgers' ($10), and Dinner at 'El Tapatio Mexican Restaurant' ($25)\n* Attractions: Abilene Zoo (); retrying in 6s
[RETRY] selfcheckgpt task=tp_nonsynth_mf2_000020 seed=0 attempt 3/5 failed (failed to obtain JSON after 3 attempts: could not parse JSON from model output:
{
  "final_output": "Here is a 7 day travel plan for two people, beginning in Minneapolis and continuing to three different cities in Abilene from March 22 to March 26, 2022, with accommodations suitable for children under 10 years old.\n\nDay 1: March 22, 2022\n\n* Accommodation: Hotel with suitable rooms for children (Cost: $100)\n* Meals: Breakfast at 'Nightly Restaurant' ($20), Lunch at 'Billy's Burgers' ($10), and Dinner at 'El Tapatio Mexican Restaurant' ($25)\n* Attractions: Abilene Zoo (); retrying in 12s
[RETRY] selfcheckgpt task=tp_nonsynth_mf2_000020 seed=0 attempt 4/5 failed (failed to obtain JSON after 3 attempts: could not parse JSON from model output:
{
  "final_output": "Here is a 7 day travel plan for two people, beginning in Minneapolis and continuing to three different cities in Abilene from March 22 to March 26, 2022, with accommodations suitable for children under 10 years old.\n\nDay 1: March 22, 2022\n\n* Accommodation: Hotel with suitable rooms for children (Cost: $100)\n* Meals: Breakfast at 'Nightly Restaurant' ($20), Lunch at 'Billy's Burgers' ($10), and Dinner at 'El Tapatio Mexican Restaurant' ($25)\n* Attractions: Abilene Zoo (); retrying in 24s
[ERROR] selfcheckgpt failed task=tp_nonsynth_mf2_000020 seed=0: failed to obtain JSON after 3 attempts: could not parse JSON from model output:
{
  "final_output": "Here is a 7 day travel plan for two people, beginning in Minneapolis and continuing to three different cities in Abilene from March 22 to March 26, 2022, with accommodations suitable for children under 10 years old.\n\nDay 1: March 22, 2022\n\n* Accommodation: Hotel with suitable rooms for children (Cost: $100)\n* Meals: Breakfast at 'Nightly Restaurant' ($20), Lunch at 'Billy's Burgers' ($10), and Dinner at 'El Tapatio Mexican Restaurant' ($25)\n* Attractions: Abilene Zoo (
[RETRY] selfcheckgpt task=tp_nonsynth_mf2_000020 seed=2 attempt 1/5 failed (failed to obtain JSON after 3 attempts: could not parse JSON from model output:
{
  "final_output": "Here's a 10-day travel plan for two people, starting in Minneapolis and visiting three different cities in Texas from March 22 to March 28, 2022., with a budget of $25,450. The accommodations are suitable for children under 10 years old.\n\nDay 1: Minneapolis to Abilene, Texas\n Accommodation: Elm Hotel ( $145 per night)\n Meals: Breakfast at Eggs & Sausage ( $15 per person), Lunch atooto ( $10 per person), Dinner at Frontier Texas! ( $20 per person)\n Attractions: The Grace); retrying in 3s
[RETRY] selfcheckgpt task=tp_nonsynth_mf2_000020 seed=2 attempt 2/5 failed (failed to obtain JSON after 3 attempts: could not parse JSON from model output:
{
  "final_output": "Here's a 10-day travel plan for two people, starting in Minneapolis and visiting three different cities in Texas from March 22 to March 28, 2022., with a budget of $25,450. The accommodations are suitable for children under 10 years old.\n\nDay 1: Minneapolis to Abilene, Texas\n Accommodation: Elm Hotel ( $145 per night)\n Meals: Breakfast at Eggs & Sausage ( $15 per person), Lunch atooto ( $10 per person), Dinner at Frontier Texas! ( $20 per person)\n Attractions: The Grace); retrying in 6s
[RETRY] selfcheckgpt task=tp_nonsynth_mf2_000020 seed=2 attempt 3/5 failed (failed to obtain JSON after 3 attempts: could not parse JSON from model output:
{
  "final_output": "Here's a 10-day travel plan for two people, starting in Minneapolis and visiting three different cities in Texas from March 22 to March 28, 2022., with a budget of $25,450. The accommodations are suitable for children under 10 years old.\n\nDay 1: Minneapolis to Abilene, Texas\n Accommodation: Elm Hotel ( $145 per night)\n Meals: Breakfast at Eggs & Sausage ( $15 per person), Lunch atooto ( $10 per person), Dinner at Frontier Texas! ( $20 per person)\n Attractions: The Grace); retrying in 12s
[RETRY] selfcheckgpt task=tp_nonsynth_mf2_000020 seed=2 attempt 4/5 failed (failed to obtain JSON after 3 attempts: could not parse JSON from model output:
{
  "final_output": "Here's a 10-day travel plan for two people, starting in Minneapolis and visiting three different cities in Texas from March 22 to March 28, 2022., with a budget of $25,450. The accommodations are suitable for children under 10 years old.\n\nDay 1: Minneapolis to Abilene, Texas\n Accommodation: Elm Hotel ( $145 per night)\n Meals: Breakfast at Eggs & Sausage ( $15 per person), Lunch atooto ( $10 per person), Dinner at Frontier Texas! ( $20 per person)\n Attractions: The Grace); retrying in 24s
[ERROR] selfcheckgpt failed task=tp_nonsynth_mf2_000020 seed=2: failed to obtain JSON after 3 attempts: could not parse JSON from model output:
{
  "final_output": "Here's a 10-day travel plan for two people, starting in Minneapolis and visiting three different cities in Texas from March 22 to March 28, 2022., with a budget of $25,450. The accommodations are suitable for children under 10 years old.\n\nDay 1: Minneapolis to Abilene, Texas\n Accommodation: Elm Hotel ( $145 per night)\n Meals: Breakfast at Eggs & Sausage ( $15 per person), Lunch atooto ( $10 per person), Dinner at Frontier Texas! ( $20 per person)\n Attractions: The Grace
  N=2 tp_nonsynth_mf2_000018 seed=2 arm=intro_specter level=hard: per_fault={'budget': True, 'days': True} all_resolved=True n_resolved=2/2 tokens=(4299,1787)
  N=2 tp_nonsynth_mf2_000019 seed=0 arm=direct level=medium: per_fault={'budget': True, 'days': True} all_resolved=True n_resolved=2/2 tokens=(1431,1004)
  N=2 tp_nonsynth_mf2_000019 seed=0 arm=self_refine level=medium: per_fault={'budget': True, 'days': True} all_resolved=True n_resolved=2/2 tokens=(4078,3076)
  N=2 tp_nonsynth_mf2_000019 seed=0 arm=full_regen level=medium: per_fault={'budget': False, 'days': True} all_resolved=False n_resolved=1/2 tokens=(2862,2161)
  N=2 tp_nonsynth_mf2_000019 seed=0 arm=react level=medium: per_fault={'budget': False, 'days': True} all_resolved=False n_resolved=1/2 tokens=(2935,2461)
  N=2 tp_nonsynth_mf2_000019 seed=0 arm=reflexion level=medium: per_fault={'budget': True, 'days': True} all_resolved=True n_resolved=2/2 tokens=(1431,1004)
  N=2 tp_nonsynth_mf2_000019 seed=0 arm=intro_specter level=medium: per_fault={'budget': True, 'days': True} all_resolved=True n_resolved=2/2 tokens=(4216,1613)
  N=2 tp_nonsynth_mf2_000019 seed=1 arm=direct level=medium: per_fault={'budget': True, 'days': True} all_resolved=True n_resolved=2/2 tokens=(1431,1004)
  N=2 tp_nonsynth_mf2_000019 seed=1 arm=self_refine level=medium: per_fault={'budget': True, 'days': True} all_resolved=True n_resolved=2/2 tokens=(4078,3076)
  N=2 tp_nonsynth_mf2_000019 seed=1 arm=full_regen level=medium: per_fault={'budget': False, 'days': True} all_resolved=False n_resolved=1/2 tokens=(2898,2350)
  N=2 tp_nonsynth_mf2_000019 seed=1 arm=react level=medium: per_fault={'budget': False, 'days': True} all_resolved=False n_resolved=1/2 tokens=(2935,2461)
  N=2 tp_nonsynth_mf2_000019 seed=1 arm=selfcheckgpt level=medium: per_fault={'budget': True, 'days': True} all_resolved=True n_resolved=2/2 tokens=(20192,3229)
  N=2 tp_nonsynth_mf2_000019 seed=1 arm=reflexion level=medium: per_fault={'budget': True, 'days': True} all_resolved=True n_resolved=2/2 tokens=(1431,1004)
  N=2 tp_nonsynth_mf2_000019 seed=1 arm=intro_specter level=medium: per_fault={'budget': True, 'days': True} all_resolved=True n_resolved=2/2 tokens=(4216,1613)
  N=2 tp_nonsynth_mf2_000019 seed=2 arm=direct level=medium: per_fault={'budget': True, 'days': True} all_resolved=True n_resolved=2/2 tokens=(1467,1022)
  N=2 tp_nonsynth_mf2_000019 seed=2 arm=self_refine level=medium: per_fault={'budget': True, 'days': True} all_resolved=True n_resolved=2/2 tokens=(4049,2037)
  N=2 tp_nonsynth_mf2_000019 seed=2 arm=full_regen level=medium: per_fault={'budget': True, 'days': True} all_resolved=True n_resolved=2/2 tokens=(2934,2100)
  N=2 tp_nonsynth_mf2_000019 seed=2 arm=react level=medium: per_fault={'budget': True, 'days': True} all_resolved=True n_resolved=2/2 tokens=(2971,2083)
  N=2 tp_nonsynth_mf2_000019 seed=2 arm=selfcheckgpt level=medium: per_fault={'budget': True, 'days': True} all_resolved=True n_resolved=2/2 tokens=(16953,3038)
  N=2 tp_nonsynth_mf2_000019 seed=2 arm=reflexion level=medium: per_fault={'budget': True, 'days': True} all_resolved=True n_resolved=2/2 tokens=(1467,1022)
  N=2 tp_nonsynth_mf2_000019 seed=2 arm=intro_specter level=medium: per_fault={'budget': True, 'days': True} all_resolved=True n_resolved=2/2 tokens=(4187,1565)
  N=2 tp_nonsynth_mf2_000020 seed=0 arm=direct level=medium: per_fault={'budget': False, 'days': True} all_resolved=False n_resolved=1/2 tokens=(1379,3191)
  N=2 tp_nonsynth_mf2_000020 seed=0 arm=self_refine level=medium: per_fault={'budget': False, 'days': True} all_resolved=False n_resolved=1/2 tokens=(6586,9027)
  N=2 tp_nonsynth_mf2_000020 seed=0 arm=full_regen level=medium: per_fault={'budget': True, 'days': True} all_resolved=True n_resolved=2/2 tokens=(2778,4600)
  N=2 tp_nonsynth_mf2_000020 seed=0 arm=react level=medium: per_fault={'budget': False, 'days': True} all_resolved=False n_resolved=1/2 tokens=(2831,5163)
  N=2 tp_nonsynth_mf2_000020 seed=0 arm=reflexion level=medium: per_fault={'budget': True, 'days': True} all_resolved=True n_resolved=2/2 tokens=(11882,7308)
  N=2 tp_nonsynth_mf2_000020 seed=0 arm=intro_specter level=medium: per_fault={'budget': True, 'days': True} all_resolved=True n_resolved=2/2 tokens=(6740,6189)
  N=2 tp_nonsynth_mf2_000020 seed=1 arm=direct level=medium: per_fault={'budget': False, 'days': True} all_resolved=False n_resolved=1/2 tokens=(1379,3191)
  N=2 tp_nonsynth_mf2_000020 seed=1 arm=self_refine level=medium: per_fault={'budget': False, 'days': True} all_resolved=False n_resolved=1/2 tokens=(6586,9027)
  N=2 tp_nonsynth_mf2_000020 seed=1 arm=full_regen level=medium: per_fault={'budget': False, 'days': True} all_resolved=False n_resolved=1/2 tokens=(2778,7964)
  N=2 tp_nonsynth_mf2_000020 seed=1 arm=react level=medium: per_fault={'budget': False, 'days': True} all_resolved=False n_resolved=1/2 tokens=(2831,5163)
  N=2 tp_nonsynth_mf2_000020 seed=1 arm=selfcheckgpt level=medium: per_fault={'budget': False, 'days': True} all_resolved=False n_resolved=1/2 tokens=(15341,4548)
  N=2 tp_nonsynth_mf2_000020 seed=1 arm=reflexion level=medium: per_fault={'budget': True, 'days': True} all_resolved=True n_resolved=2/2 tokens=(11882,7308)
  N=2 tp_nonsynth_mf2_000020 seed=1 arm=intro_specter level=medium: per_fault={'budget': True, 'days': True} all_resolved=True n_resolved=2/2 tokens=(6740,6189)
  N=2 tp_nonsynth_mf2_000020 seed=2 arm=direct level=medium: per_fault={'budget': True, 'days': False} all_resolved=False n_resolved=1/2 tokens=(1379,678)
  N=2 tp_nonsynth_mf2_000020 seed=2 arm=self_refine level=medium: per_fault={'budget': False, 'days': False} all_resolved=False n_resolved=0/2 tokens=(3627,1689)
  N=2 tp_nonsynth_mf2_000020 seed=2 arm=full_regen level=medium: per_fault={'budget': False, 'days': True} all_resolved=False n_resolved=1/2 tokens=(2758,1537)
  N=2 tp_nonsynth_mf2_000020 seed=2 arm=react level=medium: per_fault={'budget': True, 'days': True} all_resolved=True n_resolved=2/2 tokens=(2831,4465)
  N=2 tp_nonsynth_mf2_000020 seed=2 arm=reflexion level=medium: per_fault={'budget': True, 'days': False} all_resolved=False n_resolved=1/2 tokens=(11820,3009)
  N=2 tp_nonsynth_mf2_000020 seed=2 arm=intro_specter level=medium: per_fault={'budget': True, 'days': True} all_resolved=True n_resolved=2/2 tokens=(3745,1206)
  N=2 tp_nonsynth_mf2_000021 seed=0 arm=direct level=easy: per_fault={'budget': True, 'days': True} all_resolved=True n_resolved=2/2 tokens=(1378,810)
  N=2 tp_nonsynth_mf2_000021 seed=0 arm=self_refine level=easy: per_fault={'budget': True, 'days': True} all_resolved=True n_resolved=2/2 tokens=(3685,1871)
  N=2 tp_nonsynth_mf2_000021 seed=0 arm=full_regen level=easy: per_fault={'budget': True, 'days': True} all_resolved=True n_resolved=2/2 tokens=(2720,1710)
  N=2 tp_nonsynth_mf2_000021 seed=0 arm=react level=easy: per_fault={'budget': True, 'days': True} all_resolved=True n_resolved=2/2 tokens=(2809,2305)
  N=2 tp_nonsynth_mf2_000021 seed=0 arm=selfcheckgpt level=easy: per_fault={'budget': True, 'days': True} all_resolved=True n_resolved=2/2 tokens=(10705,3054)
  N=2 tp_nonsynth_mf2_000021 seed=0 arm=reflexion level=easy: per_fault={'budget': True, 'days': True} all_resolved=True n_resolved=2/2 tokens=(1378,810)
  N=2 tp_nonsynth_mf2_000021 seed=0 arm=intro_specter level=easy: per_fault={'budget': True, 'days': True} all_resolved=True n_resolved=2/2 tokens=(3819,1258)
  N=2 tp_nonsynth_mf2_000021 seed=1 arm=direct level=easy: per_fault={'budget': True, 'days': True} all_resolved=True n_resolved=2/2 tokens=(1378,810)
  N=2 tp_nonsynth_mf2_000021 seed=1 arm=self_refine level=easy: per_fault={'budget': True, 'days': True} all_resolved=True n_resolved=2/2 tokens=(3685,1871)
  N=2 tp_nonsynth_mf2_000021 seed=1 arm=full_regen level=easy: per_fault={'budget': False, 'days': True} all_resolved=False n_resolved=1/2 tokens=(2720,1902)
  N=2 tp_nonsynth_mf2_000021 seed=1 arm=react level=easy: per_fault={'budget': True, 'days': True} all_resolved=True n_resolved=2/2 tokens=(2809,2305)
  N=2 tp_nonsynth_mf2_000021 seed=1 arm=selfcheckgpt level=easy: per_fault={'budget': True, 'days': True} all_resolved=True n_resolved=2/2 tokens=(10621,2745)
[RETRY] selfcheckgpt task=tp_nonsynth_mf2_000021 seed=2 attempt 1/5 failed (failed to obtain JSON after 3 attempts: could not parse JSON from model output:
{
  "final_output": {
    "day_1": {
      "accommodation": {
        "cost": "$250",
        "description": "Hotel room in Denver"
      },
      "meals": {
        "cost": "$50",
        "description": "Breakfast at Cafe Franz in Denver"
      },
      "attractions": {
        "cost": "$20",
        "description": "Denver Art Museum"
      },
      "total_cost": "$320"
    },
    "day_2": {
      "accommodation": {
        "cost": "$220",
        "description": "Hotel room in Seattle"
      },); retrying in 3s
[RETRY] selfcheckgpt task=tp_nonsynth_mf2_000021 seed=2 attempt 2/5 failed (failed to obtain JSON after 3 attempts: could not parse JSON from model output:
{
  "final_output": {
    "day_1": {
      "accommodation": {
        "cost": "$250",
        "description": "Hotel room in Denver"
      },
      "meals": {
        "cost": "$50",
        "description": "Breakfast at Cafe Franz in Denver"
      },
      "attractions": {
        "cost": "$20",
        "description": "Denver Art Museum"
      },
      "total_cost": "$320"
    },
    "day_2": {
      "accommodation": {
        "cost": "$220",
        "description": "Hotel room in Seattle"
      },); retrying in 6s
[RETRY] selfcheckgpt task=tp_nonsynth_mf2_000021 seed=2 attempt 3/5 failed (failed to obtain JSON after 3 attempts: could not parse JSON from model output:
{
  "final_output": {
    "day_1": {
      "accommodation": {
        "cost": "$250",
        "description": "Hotel room in Denver"
      },
      "meals": {
        "cost": "$50",
        "description": "Breakfast at Cafe Franz in Denver"
      },
      "attractions": {
        "cost": "$20",
        "description": "Denver Art Museum"
      },
      "total_cost": "$320"
    },
    "day_2": {
      "accommodation": {
        "cost": "$220",
        "description": "Hotel room in Seattle"
      },); retrying in 12s
[RETRY] selfcheckgpt task=tp_nonsynth_mf2_000021 seed=2 attempt 4/5 failed (failed to obtain JSON after 3 attempts: could not parse JSON from model output:
{
  "final_output": {
    "day_1": {
      "accommodation": {
        "cost": "$250",
        "description": "Hotel room in Denver"
      },
      "meals": {
        "cost": "$50",
        "description": "Breakfast at Cafe Franz in Denver"
      },
      "attractions": {
        "cost": "$20",
        "description": "Denver Art Museum"
      },
      "total_cost": "$320"
    },
    "day_2": {
      "accommodation": {
        "cost": "$220",
        "description": "Hotel room in Seattle"
      },); retrying in 24s
[ERROR] selfcheckgpt failed task=tp_nonsynth_mf2_000021 seed=2: failed to obtain JSON after 3 attempts: could not parse JSON from model output:
{
  "final_output": {
    "day_1": {
      "accommodation": {
        "cost": "$250",
        "description": "Hotel room in Denver"
      },
      "meals": {
        "cost": "$50",
        "description": "Breakfast at Cafe Franz in Denver"
      },
      "attractions": {
        "cost": "$20",
        "description": "Denver Art Museum"
      },
      "total_cost": "$320"
    },
    "day_2": {
      "accommodation": {
        "cost": "$220",
        "description": "Hotel room in Seattle"
      },
[RETRY] selfcheckgpt task=tp_nonsynth_mf2_000022 seed=0 attempt 1/5 failed (failed to obtain JSON after 3 attempts: could not parse JSON from model output:
{
  "final_output": "Day 1: Key West to Evansville, IN\nAccommodation: Stay at a budget-friendly hotel in Evansville, IN (cost: $150)\nMeals: Breakfast at a local café (cost: $15), lunch at a nearby restaurant (cost: $20), dinner at a mid-range restaurant (cost: $50)\nAttractions: Visit the Mesker Park Zoo (cost: $20), Children's Museum of Evansville (cost: $15), and Burdette Park (cost: $10)\n\nDay 2: Evansville, IN\nAccommodation: Stay at the same hotel in Evansville, IN (cost: $150)\nMeals: B); retrying in 3s
[RETRY] selfcheckgpt task=tp_nonsynth_mf2_000022 seed=0 attempt 2/5 failed (failed to obtain JSON after 3 attempts: could not parse JSON from model output:
{
  "final_output": "Day 1: Key West to Evansville, IN\nAccommodation: Stay at a budget-friendly hotel in Evansville, IN (cost: $150)\nMeals: Breakfast at a local café (cost: $15), lunch at a nearby restaurant (cost: $20), dinner at a mid-range restaurant (cost: $50)\nAttractions: Visit the Mesker Park Zoo (cost: $20), Children's Museum of Evansville (cost: $15), and Burdette Park (cost: $10)\n\nDay 2: Evansville, IN\nAccommodation: Stay at the same hotel in Evansville, IN (cost: $150)\nMeals: B); retrying in 6s
[RETRY] selfcheckgpt task=tp_nonsynth_mf2_000022 seed=0 attempt 3/5 failed (failed to obtain JSON after 3 attempts: could not parse JSON from model output:
{
  "final_output": "Day 1: Key West to Evansville, IN\nAccommodation: Stay at a budget-friendly hotel in Evansville, IN (cost: $150)\nMeals: Breakfast at a local café (cost: $15), lunch at a nearby restaurant (cost: $20), dinner at a mid-range restaurant (cost: $50)\nAttractions: Visit the Mesker Park Zoo (cost: $20), Children's Museum of Evansville (cost: $15), and Burdette Park (cost: $10)\n\nDay 2: Evansville, IN\nAccommodation: Stay at the same hotel in Evansville, IN (cost: $150)\nMeals: B); retrying in 12s
[RETRY] selfcheckgpt task=tp_nonsynth_mf2_000022 seed=0 attempt 4/5 failed (failed to obtain JSON after 3 attempts: could not parse JSON from model output:
{
  "final_output": "Day 1: Key West to Evansville, IN\nAccommodation: Stay at a budget-friendly hotel in Evansville, IN (cost: $150)\nMeals: Breakfast at a local café (cost: $15), lunch at a nearby restaurant (cost: $20), dinner at a mid-range restaurant (cost: $50)\nAttractions: Visit the Mesker Park Zoo (cost: $20), Children's Museum of Evansville (cost: $15), and Burdette Park (cost: $10)\n\nDay 2: Evansville, IN\nAccommodation: Stay at the same hotel in Evansville, IN (cost: $150)\nMeals: B); retrying in 24s
[ERROR] selfcheckgpt failed task=tp_nonsynth_mf2_000022 seed=0: failed to obtain JSON after 3 attempts: could not parse JSON from model output:
{
  "final_output": "Day 1: Key West to Evansville, IN\nAccommodation: Stay at a budget-friendly hotel in Evansville, IN (cost: $150)\nMeals: Breakfast at a local café (cost: $15), lunch at a nearby restaurant (cost: $20), dinner at a mid-range restaurant (cost: $50)\nAttractions: Visit the Mesker Park Zoo (cost: $20), Children's Museum of Evansville (cost: $15), and Burdette Park (cost: $10)\n\nDay 2: Evansville, IN\nAccommodation: Stay at the same hotel in Evansville, IN (cost: $150)\nMeals: B
  N=2 tp_nonsynth_mf2_000021 seed=1 arm=reflexion level=easy: per_fault={'budget': True, 'days': True} all_resolved=True n_resolved=2/2 tokens=(1378,810)
  N=2 tp_nonsynth_mf2_000021 seed=1 arm=intro_specter level=easy: per_fault={'budget': True, 'days': True} all_resolved=True n_resolved=2/2 tokens=(3819,1258)
  N=2 tp_nonsynth_mf2_000021 seed=2 arm=direct level=easy: per_fault={'budget': True, 'days': True} all_resolved=True n_resolved=2/2 tokens=(1342,2272)
  N=2 tp_nonsynth_mf2_000021 seed=2 arm=self_refine level=easy: per_fault={'budget': True, 'days': True} all_resolved=True n_resolved=2/2 tokens=(5573,4577)
  N=2 tp_nonsynth_mf2_000021 seed=2 arm=full_regen level=easy: per_fault={'budget': True, 'days': True} all_resolved=True n_resolved=2/2 tokens=(2704,3522)
  N=2 tp_nonsynth_mf2_000021 seed=2 arm=react level=easy: per_fault={'budget': True, 'days': True} all_resolved=True n_resolved=2/2 tokens=(2737,3769)
  N=2 tp_nonsynth_mf2_000021 seed=2 arm=reflexion level=easy: per_fault={'budget': True, 'days': True} all_resolved=True n_resolved=2/2 tokens=(1342,2272)
  N=2 tp_nonsynth_mf2_000021 seed=2 arm=intro_specter level=easy: per_fault={'budget': True, 'days': True} all_resolved=True n_resolved=2/2 tokens=(5747,5346)
  N=2 tp_nonsynth_mf2_000022 seed=0 arm=direct level=easy: per_fault={'budget': False, 'days': True} all_resolved=False n_resolved=1/2 tokens=(1349,2303)
  N=2 tp_nonsynth_mf2_000022 seed=0 arm=self_refine level=easy: per_fault={'budget': False, 'days': True} all_resolved=False n_resolved=1/2 tokens=(5450,5164)
  N=2 tp_nonsynth_mf2_000022 seed=0 arm=full_regen level=easy: per_fault={'budget': False, 'days': False} all_resolved=False n_resolved=0/2 tokens=(2718,3112)
  N=2 tp_nonsynth_mf2_000022 seed=0 arm=react level=easy: per_fault={'budget': True, 'days': True} all_resolved=True n_resolved=2/2 tokens=(2751,3854)
  N=2 tp_nonsynth_mf2_000022 seed=0 arm=reflexion level=easy: per_fault={'budget': False, 'days': True} all_resolved=False n_resolved=1/2 tokens=(20749,7998)
  N=2 tp_nonsynth_mf2_000022 seed=0 arm=intro_specter level=easy: per_fault={'budget': True, 'days': True} all_resolved=True n_resolved=2/2 tokens=(5640,4664)
  N=2 tp_nonsynth_mf2_000022 seed=1 arm=direct level=easy: per_fault={'budget': False, 'days': True} all_resolved=False n_resolved=1/2 tokens=(1349,2303)
  N=2 tp_nonsynth_mf2_000022 seed=1 arm=self_refine level=easy: per_fault={'budget': False, 'days': True} all_resolved=False n_resolved=1/2 tokens=(5450,5164)
  N=2 tp_nonsynth_mf2_000022 seed=1 arm=full_regen level=easy: per_fault={'budget': False, 'days': True} all_resolved=False n_resolved=1/2 tokens=(2698,3504)
  N=2 tp_nonsynth_mf2_000022 seed=1 arm=react level=easy: per_fault={'budget': True, 'days': True} all_resolved=True n_resolved=2/2 tokens=(2751,3854)
  N=2 tp_nonsynth_mf2_000022 seed=1 arm=selfcheckgpt level=easy: per_fault={'budget': False, 'days': True} all_resolved=False n_resolved=1/2 tokens=(12024,4512)
  N=2 tp_nonsynth_mf2_000022 seed=1 arm=reflexion level=easy: per_fault={'budget': False, 'days': True} all_resolved=False n_resolved=1/2 tokens=(20749,7998)
  N=2 tp_nonsynth_mf2_000022 seed=1 arm=intro_specter level=easy: per_fault={'budget': True, 'days': True} all_resolved=True n_resolved=2/2 tokens=(5640,4664)
  N=2 tp_nonsynth_mf2_000022 seed=2 arm=direct level=easy: per_fault={'budget': True, 'days': True} all_resolved=True n_resolved=2/2 tokens=(1369,1647)
  N=2 tp_nonsynth_mf2_000022 seed=2 arm=self_refine level=easy: per_fault={'budget': True, 'days': True} all_resolved=True n_resolved=2/2 tokens=(4856,4304)
  N=2 tp_nonsynth_mf2_000022 seed=2 arm=full_regen level=easy: per_fault={'budget': False, 'days': True} all_resolved=False n_resolved=1/2 tokens=(2738,3120)
  N=2 tp_nonsynth_mf2_000022 seed=2 arm=react level=easy: per_fault={'budget': False, 'days': True} all_resolved=False n_resolved=1/2 tokens=(2771,2933)
  N=2 tp_nonsynth_mf2_000022 seed=2 arm=selfcheckgpt level=easy: per_fault={'budget': True, 'days': True} all_resolved=True n_resolved=2/2 tokens=(11024,3400)
  N=2 tp_nonsynth_mf2_000022 seed=2 arm=reflexion level=easy: per_fault={'budget': True, 'days': True} all_resolved=True n_resolved=2/2 tokens=(1369,1647)
  N=2 tp_nonsynth_mf2_000022 seed=2 arm=intro_specter level=easy: per_fault={'budget': True, 'days': True} all_resolved=True n_resolved=2/2 tokens=(5010,4136)
  N=2 tp_nonsynth_mf2_000023 seed=0 arm=direct level=easy: per_fault={'budget': True, 'days': True} all_resolved=True n_resolved=2/2 tokens=(1332,937)
  N=2 tp_nonsynth_mf2_000023 seed=0 arm=self_refine level=easy: per_fault={'budget': True, 'days': True} all_resolved=True n_resolved=2/2 tokens=(3778,2197)
  N=2 tp_nonsynth_mf2_000023 seed=0 arm=full_regen level=easy: per_fault={'budget': False, 'days': True} all_resolved=False n_resolved=1/2 tokens=(2645,2113)
  N=2 tp_nonsynth_mf2_000023 seed=0 arm=react level=easy: per_fault={'budget': True, 'days': True} all_resolved=True n_resolved=2/2 tokens=(2697,3234)
  N=2 tp_nonsynth_mf2_000023 seed=0 arm=selfcheckgpt level=easy: per_fault={'budget': True, 'days': True} all_resolved=True n_resolved=2/2 tokens=(10122,2494)
  N=2 tp_nonsynth_mf2_000023 seed=0 arm=reflexion level=easy: per_fault={'budget': True, 'days': True} all_resolved=True n_resolved=2/2 tokens=(1332,937)
  N=2 tp_nonsynth_mf2_000023 seed=0 arm=intro_specter level=easy: per_fault={'budget': True, 'days': True} all_resolved=True n_resolved=2/2 tokens=(3933,4323)
  N=2 tp_nonsynth_mf2_000023 seed=1 arm=direct level=easy: per_fault={'budget': True, 'days': True} all_resolved=True n_resolved=2/2 tokens=(1332,937)
  N=2 tp_nonsynth_mf2_000023 seed=1 arm=self_refine level=easy: per_fault={'budget': True, 'days': True} all_resolved=True n_resolved=2/2 tokens=(3778,2197)
  N=2 tp_nonsynth_mf2_000023 seed=1 arm=full_regen level=easy: per_fault={'budget': True, 'days': True} all_resolved=True n_resolved=2/2 tokens=(2664,1790)
  N=2 tp_nonsynth_mf2_000023 seed=1 arm=react level=easy: per_fault={'budget': True, 'days': True} all_resolved=True n_resolved=2/2 tokens=(2697,3234)
  N=2 tp_nonsynth_mf2_000023 seed=1 arm=selfcheckgpt level=easy: per_fault={'budget': True, 'days': True} all_resolved=True n_resolved=2/2 tokens=(10194,2829)
  N=2 tp_nonsynth_mf2_000023 seed=1 arm=reflexion level=easy: per_fault={'budget': True, 'days': True} all_resolved=True n_resolved=2/2 tokens=(1332,937)
  N=2 tp_nonsynth_mf2_000023 seed=1 arm=intro_specter level=easy: per_fault={'budget': True, 'days': True} all_resolved=True n_resolved=2/2 tokens=(3933,4323)
  N=2 tp_nonsynth_mf2_000023 seed=2 arm=direct level=easy: per_fault={'budget': True, 'days': True} all_resolved=True n_resolved=2/2 tokens=(1312,845)
  N=2 tp_nonsynth_mf2_000023 seed=2 arm=self_refine level=easy: per_fault={'budget': True, 'days': True} all_resolved=True n_resolved=2/2 tokens=(3603,2532)
  N=2 tp_nonsynth_mf2_000023 seed=2 arm=full_regen level=easy: per_fault={'budget': True, 'days': True} all_resolved=True n_resolved=2/2 tokens=(2624,2425)
  N=2 tp_nonsynth_mf2_000023 seed=2 arm=react level=easy: per_fault={'budget': True, 'days': True} all_resolved=True n_resolved=2/2 tokens=(2697,2806)
  N=2 tp_nonsynth_mf2_000023 seed=2 arm=selfcheckgpt level=easy: per_fault={'budget': True, 'days': True} all_resolved=True n_resolved=2/2 tokens=(19133,3114)
  N=2 tp_nonsynth_mf2_000023 seed=2 arm=reflexion level=easy: per_fault={'budget': True, 'days': True} all_resolved=True n_resolved=2/2 tokens=(1312,845)
  N=2 tp_nonsynth_mf2_000023 seed=2 arm=intro_specter level=easy: per_fault={'budget': True, 'days': True} all_resolved=True n_resolved=2/2 tokens=(3757,1671)
  N=2 tp_nonsynth_mf2_000024 seed=0 arm=direct level=medium: per_fault={'budget': True, 'days': True} all_resolved=True n_resolved=2/2 tokens=(1277,1061)
  N=2 tp_nonsynth_mf2_000024 seed=0 arm=self_refine level=medium: per_fault={'budget': True, 'days': True} all_resolved=True n_resolved=2/2 tokens=(3770,2528)
  N=2 tp_nonsynth_mf2_000024 seed=0 arm=full_regen level=medium: per_fault={'budget': True, 'days': True} all_resolved=True n_resolved=2/2 tokens=(2574,2189)
[RETRY] selfcheckgpt task=tp_nonsynth_mf2_000024 seed=1 attempt 1/5 failed (failed to obtain JSON after 3 attempts: could not parse JSON from model output:
{
  "final_output": "Here is a 6-day travel plan for a party of 3, departing from Chicago and heading to Albuquerque from March 16th to March 18th, 2022. Given the constraints, here are the day-by-day plans. Note that our budget is approximately $2500 and we prefer private rooms.\n\nDay 1 (March 16th):\nAccommodation: Private room at Hotel Albuquerque at MLI ($150) \nMeals: Lunch at Enchanted Nights ($20) and dinner at Casa Bueno Spitvary ($50) \nAttractions: New Mexico Museum of Natural History); retrying in 3s
[RETRY] selfcheckgpt task=tp_nonsynth_mf2_000024 seed=1 attempt 2/5 failed (failed to obtain JSON after 3 attempts: could not parse JSON from model output:
{
  "final_output": "Here is a 6-day travel plan for a party of 3, departing from Chicago and heading to Albuquerque from March 16th to March 18th, 2022. Given the constraints, here are the day-by-day plans. Note that our budget is approximately $2500 and we prefer private rooms.\n\nDay 1 (March 16th):\nAccommodation: Private room at Hotel Albuquerque at MLI ($150) \nMeals: Lunch at Enchanted Nights ($20) and dinner at Casa Bueno Spitvary ($50) \nAttractions: New Mexico Museum of Natural History); retrying in 6s
[RETRY] selfcheckgpt task=tp_nonsynth_mf2_000024 seed=1 attempt 3/5 failed (failed to obtain JSON after 3 attempts: could not parse JSON from model output:
{
  "final_output": "Here is a 6-day travel plan for a party of 3, departing from Chicago and heading to Albuquerque from March 16th to March 18th, 2022. Given the constraints, here are the day-by-day plans. Note that our budget is approximately $2500 and we prefer private rooms.\n\nDay 1 (March 16th):\nAccommodation: Private room at Hotel Albuquerque at MLI ($150) \nMeals: Lunch at Enchanted Nights ($20) and dinner at Casa Bueno Spitvary ($50) \nAttractions: New Mexico Museum of Natural History); retrying in 12s
[RETRY] selfcheckgpt task=tp_nonsynth_mf2_000024 seed=1 attempt 4/5 failed (failed to obtain JSON after 3 attempts: could not parse JSON from model output:
{
  "final_output": "Here is a 6-day travel plan for a party of 3, departing from Chicago and heading to Albuquerque from March 16th to March 18th, 2022. Given the constraints, here are the day-by-day plans. Note that our budget is approximately $2500 and we prefer private rooms.\n\nDay 1 (March 16th):\nAccommodation: Private room at Hotel Albuquerque at MLI ($150) \nMeals: Lunch at Enchanted Nights ($20) and dinner at Casa Bueno Spitvary ($50) \nAttractions: New Mexico Museum of Natural History); retrying in 24s
[ERROR] selfcheckgpt failed task=tp_nonsynth_mf2_000024 seed=1: failed to obtain JSON after 3 attempts: could not parse JSON from model output:
{
  "final_output": "Here is a 6-day travel plan for a party of 3, departing from Chicago and heading to Albuquerque from March 16th to March 18th, 2022. Given the constraints, here are the day-by-day plans. Note that our budget is approximately $2500 and we prefer private rooms.\n\nDay 1 (March 16th):\nAccommodation: Private room at Hotel Albuquerque at MLI ($150) \nMeals: Lunch at Enchanted Nights ($20) and dinner at Casa Bueno Spitvary ($50) \nAttractions: New Mexico Museum of Natural History
[RETRY] selfcheckgpt task=tp_nonsynth_mf2_000024 seed=2 attempt 1/5 failed (failed to obtain JSON after 3 attempts: could not parse JSON from model output:
{
  "final_output": "Here is a suggested 6-day travel plan for a party of 3 departing from Chicago and heading to Albuquerque, with a budget of $2500 and a preference for private rooms:\n\nDay 1 (March 16th, 2022): \n  Accommodation: Hotel Albuquerque at Old Town ($180)\n  Meals: Breakfast at Cafe Garcia's ($20), Lunch at The Cooperage ($30), Dinner at Corichi ($50)\n  Attractions: New Mexico Museum of Natural History and Science ($20)\n  Total Cost: $300\n\nDay 2 (March 17th, 2022): \n  Accommo); retrying in 3s
[RETRY] selfcheckgpt task=tp_nonsynth_mf2_000024 seed=2 attempt 2/5 failed (failed to obtain JSON after 3 attempts: could not parse JSON from model output:
{
  "final_output": "Here is a suggested 6-day travel plan for a party of 3 departing from Chicago and heading to Albuquerque, with a budget of $2500 and a preference for private rooms:\n\nDay 1 (March 16th, 2022): \n  Accommodation: Hotel Albuquerque at Old Town ($180)\n  Meals: Breakfast at Cafe Garcia's ($20), Lunch at The Cooperage ($30), Dinner at Corichi ($50)\n  Attractions: New Mexico Museum of Natural History and Science ($20)\n  Total Cost: $300\n\nDay 2 (March 17th, 2022): \n  Accommo); retrying in 6s
[RETRY] selfcheckgpt task=tp_nonsynth_mf2_000024 seed=2 attempt 3/5 failed (failed to obtain JSON after 3 attempts: could not parse JSON from model output:
{
  "final_output": "Here is a suggested 6-day travel plan for a party of 3 departing from Chicago and heading to Albuquerque, with a budget of $2500 and a preference for private rooms:\n\nDay 1 (March 16th, 2022): \n  Accommodation: Hotel Albuquerque at Old Town ($180)\n  Meals: Breakfast at Cafe Garcia's ($20), Lunch at The Cooperage ($30), Dinner at Corichi ($50)\n  Attractions: New Mexico Museum of Natural History and Science ($20)\n  Total Cost: $300\n\nDay 2 (March 17th, 2022): \n  Accommo); retrying in 12s
[RETRY] selfcheckgpt task=tp_nonsynth_mf2_000024 seed=2 attempt 4/5 failed (failed to obtain JSON after 3 attempts: could not parse JSON from model output:
{
  "final_output": "Here is a suggested 6-day travel plan for a party of 3 departing from Chicago and heading to Albuquerque, with a budget of $2500 and a preference for private rooms:\n\nDay 1 (March 16th, 2022): \n  Accommodation: Hotel Albuquerque at Old Town ($180)\n  Meals: Breakfast at Cafe Garcia's ($20), Lunch at The Cooperage ($30), Dinner at Corichi ($50)\n  Attractions: New Mexico Museum of Natural History and Science ($20)\n  Total Cost: $300\n\nDay 2 (March 17th, 2022): \n  Accommo); retrying in 24s
[ERROR] selfcheckgpt failed task=tp_nonsynth_mf2_000024 seed=2: failed to obtain JSON after 3 attempts: could not parse JSON from model output:
{
  "final_output": "Here is a suggested 6-day travel plan for a party of 3 departing from Chicago and heading to Albuquerque, with a budget of $2500 and a preference for private rooms:\n\nDay 1 (March 16th, 2022): \n  Accommodation: Hotel Albuquerque at Old Town ($180)\n  Meals: Breakfast at Cafe Garcia's ($20), Lunch at The Cooperage ($30), Dinner at Corichi ($50)\n  Attractions: New Mexico Museum of Natural History and Science ($20)\n  Total Cost: $300\n\nDay 2 (March 17th, 2022): \n  Accommo
[RETRY] selfcheckgpt task=tp_nonsynth_mf2_000025 seed=1 attempt 1/5 failed (failed to obtain JSON after 3 attempts: could not parse JSON from model output:
{
  "final_output": "Here's a 9-day travel plan for one person departing from Wichita to Colorado: Day 1: Wichita to Alamosa (140 miles, $20)\nAccommodation: Alamosa Inn\nMeals: Lunch at Rita's 0.5 miles, Dinner at CD Alley Restaurant 0.8 miles\nAttractions: El Diente Mountain\n\nDay 2: Alamosa to Alamosa (20 miles, $5)\nAccommodation: Alamosa Inn\nMeals: Breakfast at Morning Glory Coffee House, Lunch at CD Alley Restaurant, Dinner at Hacienda Colorado\nAttractions: Los Caminos Antiguos Scenic B); retrying in 3s
[RETRY] selfcheckgpt task=tp_nonsynth_mf2_000025 seed=1 attempt 2/5 failed (failed to obtain JSON after 3 attempts: could not parse JSON from model output:
{
  "final_output": "Here's a 9-day travel plan for one person departing from Wichita to Colorado: Day 1: Wichita to Alamosa (140 miles, $20)\nAccommodation: Alamosa Inn\nMeals: Lunch at Rita's 0.5 miles, Dinner at CD Alley Restaurant 0.8 miles\nAttractions: El Diente Mountain\n\nDay 2: Alamosa to Alamosa (20 miles, $5)\nAccommodation: Alamosa Inn\nMeals: Breakfast at Morning Glory Coffee House, Lunch at CD Alley Restaurant, Dinner at Hacienda Colorado\nAttractions: Los Caminos Antiguos Scenic B); retrying in 6s
[RETRY] selfcheckgpt task=tp_nonsynth_mf2_000025 seed=1 attempt 3/5 failed (failed to obtain JSON after 3 attempts: could not parse JSON from model output:
{
  "final_output": "Here's a 9-day travel plan for one person departing from Wichita to Colorado: Day 1: Wichita to Alamosa (140 miles, $20)\nAccommodation: Alamosa Inn\nMeals: Lunch at Rita's 0.5 miles, Dinner at CD Alley Restaurant 0.8 miles\nAttractions: El Diente Mountain\n\nDay 2: Alamosa to Alamosa (20 miles, $5)\nAccommodation: Alamosa Inn\nMeals: Breakfast at Morning Glory Coffee House, Lunch at CD Alley Restaurant, Dinner at Hacienda Colorado\nAttractions: Los Caminos Antiguos Scenic B); retrying in 12s
[RETRY] selfcheckgpt task=tp_nonsynth_mf2_000025 seed=1 attempt 4/5 failed (failed to obtain JSON after 3 attempts: could not parse JSON from model output:
{
  "final_output": "Here's a 9-day travel plan for one person departing from Wichita to Colorado: Day 1: Wichita to Alamosa (140 miles, $20)\nAccommodation: Alamosa Inn\nMeals: Lunch at Rita's 0.5 miles, Dinner at CD Alley Restaurant 0.8 miles\nAttractions: El Diente Mountain\n\nDay 2: Alamosa to Alamosa (20 miles, $5)\nAccommodation: Alamosa Inn\nMeals: Breakfast at Morning Glory Coffee House, Lunch at CD Alley Restaurant, Dinner at Hacienda Colorado\nAttractions: Los Caminos Antiguos Scenic B); retrying in 24s
[ERROR] selfcheckgpt failed task=tp_nonsynth_mf2_000025 seed=1: failed to obtain JSON after 3 attempts: could not parse JSON from model output:
{
  "final_output": "Here's a 9-day travel plan for one person departing from Wichita to Colorado: Day 1: Wichita to Alamosa (140 miles, $20)\nAccommodation: Alamosa Inn\nMeals: Lunch at Rita's 0.5 miles, Dinner at CD Alley Restaurant 0.8 miles\nAttractions: El Diente Mountain\n\nDay 2: Alamosa to Alamosa (20 miles, $5)\nAccommodation: Alamosa Inn\nMeals: Breakfast at Morning Glory Coffee House, Lunch at CD Alley Restaurant, Dinner at Hacienda Colorado\nAttractions: Los Caminos Antiguos Scenic B
[RETRY] selfcheckgpt task=tp_nonsynth_mf2_000025 seed=2 attempt 1/5 failed (failed to obtain JSON after 3 attempts: could not parse JSON from model output:
{
  "final_output": "Here is a 9-day itinerary for one person traveling from Wichita to Colorado from March 7th to March 15th, 2022, with a budget of $11850.\n\nDay 1 (March 7th, 2022): Wichita, CO\n  - Accommodation: $120 - Super 8 by Wyndham Alamosa (convenient for early morning flight)\n  - Meal: Breakfast - $10 - The Wheelhouse Restaurant (American breakfast buffet); Lunch - $15 - El Super Taco Morelia (Mexican)\n  - Attractions: $0 - Alamosa Sub (observe local city life)\n  - Total cost: $1); retrying in 3s
[RETRY] selfcheckgpt task=tp_nonsynth_mf2_000025 seed=2 attempt 2/5 failed (failed to obtain JSON after 3 attempts: could not parse JSON from model output:
{
  "final_output": "Here is a 9-day itinerary for one person traveling from Wichita to Colorado from March 7th to March 15th, 2022, with a budget of $11850.\n\nDay 1 (March 7th, 2022): Wichita, CO\n  - Accommodation: $120 - Super 8 by Wyndham Alamosa (convenient for early morning flight)\n  - Meal: Breakfast - $10 - The Wheelhouse Restaurant (American breakfast buffet); Lunch - $15 - El Super Taco Morelia (Mexican)\n  - Attractions: $0 - Alamosa Sub (observe local city life)\n  - Total cost: $1); retrying in 6s
[RETRY] selfcheckgpt task=tp_nonsynth_mf2_000025 seed=2 attempt 3/5 failed (failed to obtain JSON after 3 attempts: could not parse JSON from model output:
{
  "final_output": "Here is a 9-day itinerary for one person traveling from Wichita to Colorado from March 7th to March 15th, 2022, with a budget of $11850.\n\nDay 1 (March 7th, 2022): Wichita, CO\n  - Accommodation: $120 - Super 8 by Wyndham Alamosa (convenient for early morning flight)\n  - Meal: Breakfast - $10 - The Wheelhouse Restaurant (American breakfast buffet); Lunch - $15 - El Super Taco Morelia (Mexican)\n  - Attractions: $0 - Alamosa Sub (observe local city life)\n  - Total cost: $1); retrying in 12s
[RETRY] selfcheckgpt task=tp_nonsynth_mf2_000025 seed=2 attempt 4/5 failed (failed to obtain JSON after 3 attempts: could not parse JSON from model output:
{
  "final_output": "Here is a 9-day itinerary for one person traveling from Wichita to Colorado from March 7th to March 15th, 2022, with a budget of $11850.\n\nDay 1 (March 7th, 2022): Wichita, CO\n  - Accommodation: $120 - Super 8 by Wyndham Alamosa (convenient for early morning flight)\n  - Meal: Breakfast - $10 - The Wheelhouse Restaurant (American breakfast buffet); Lunch - $15 - El Super Taco Morelia (Mexican)\n  - Attractions: $0 - Alamosa Sub (observe local city life)\n  - Total cost: $1); retrying in 24s
[ERROR] selfcheckgpt failed task=tp_nonsynth_mf2_000025 seed=2: failed to obtain JSON after 3 attempts: could not parse JSON from model output:
{
  "final_output": "Here is a 9-day itinerary for one person traveling from Wichita to Colorado from March 7th to March 15th, 2022, with a budget of $11850.\n\nDay 1 (March 7th, 2022): Wichita, CO\n  - Accommodation: $120 - Super 8 by Wyndham Alamosa (convenient for early morning flight)\n  - Meal: Breakfast - $10 - The Wheelhouse Restaurant (American breakfast buffet); Lunch - $15 - El Super Taco Morelia (Mexican)\n  - Attractions: $0 - Alamosa Sub (observe local city life)\n  - Total cost: $1
  N=2 tp_nonsynth_mf2_000024 seed=0 arm=react level=medium: per_fault={'budget': True, 'days': False} all_resolved=False n_resolved=1/2 tokens=(2607,1641)
  N=2 tp_nonsynth_mf2_000024 seed=0 arm=selfcheckgpt level=medium: per_fault={'budget': True, 'days': True} all_resolved=True n_resolved=2/2 tokens=(17953,3220)
  N=2 tp_nonsynth_mf2_000024 seed=0 arm=reflexion level=medium: per_fault={'budget': True, 'days': True} all_resolved=True n_resolved=2/2 tokens=(1277,1061)
  N=2 tp_nonsynth_mf2_000024 seed=0 arm=intro_specter level=medium: per_fault={'budget': True, 'days': True} all_resolved=True n_resolved=2/2 tokens=(3944,1952)
  N=2 tp_nonsynth_mf2_000024 seed=1 arm=direct level=medium: per_fault={'budget': True, 'days': True} all_resolved=True n_resolved=2/2 tokens=(1277,1061)
  N=2 tp_nonsynth_mf2_000024 seed=1 arm=self_refine level=medium: per_fault={'budget': True, 'days': True} all_resolved=True n_resolved=2/2 tokens=(3770,2528)
  N=2 tp_nonsynth_mf2_000024 seed=1 arm=full_regen level=medium: per_fault={'budget': True, 'days': True} all_resolved=True n_resolved=2/2 tokens=(2554,1644)
  N=2 tp_nonsynth_mf2_000024 seed=1 arm=react level=medium: per_fault={'budget': True, 'days': False} all_resolved=False n_resolved=1/2 tokens=(2607,1641)
  N=2 tp_nonsynth_mf2_000024 seed=1 arm=reflexion level=medium: per_fault={'budget': True, 'days': True} all_resolved=True n_resolved=2/2 tokens=(1277,1061)
  N=2 tp_nonsynth_mf2_000024 seed=1 arm=intro_specter level=medium: per_fault={'budget': True, 'days': True} all_resolved=True n_resolved=2/2 tokens=(3944,1952)
  N=2 tp_nonsynth_mf2_000024 seed=2 arm=direct level=medium: per_fault={'budget': False, 'days': True} all_resolved=False n_resolved=1/2 tokens=(1297,1702)
  N=2 tp_nonsynth_mf2_000024 seed=2 arm=self_refine level=medium: per_fault={'budget': False, 'days': True} all_resolved=False n_resolved=1/2 tokens=(4704,3973)
  N=2 tp_nonsynth_mf2_000024 seed=2 arm=full_regen level=medium: per_fault={'budget': True, 'days': True} all_resolved=True n_resolved=2/2 tokens=(2610,3210)
  N=2 tp_nonsynth_mf2_000024 seed=2 arm=react level=medium: per_fault={'budget': True, 'days': True} all_resolved=True n_resolved=2/2 tokens=(2647,3554)
  N=2 tp_nonsynth_mf2_000024 seed=2 arm=reflexion level=medium: per_fault={'budget': True, 'days': True} all_resolved=True n_resolved=2/2 tokens=(8222,3964)
  N=2 tp_nonsynth_mf2_000024 seed=2 arm=intro_specter level=medium: per_fault={'budget': False, 'days': False} all_resolved=False n_resolved=0/2 tokens=(4878,2175)
  N=2 tp_nonsynth_mf2_000025 seed=0 arm=direct level=easy: per_fault={'budget': True, 'days': True} all_resolved=True n_resolved=2/2 tokens=(1379,3572)
  N=2 tp_nonsynth_mf2_000025 seed=0 arm=self_refine level=easy: per_fault={'budget': True, 'days': True} all_resolved=True n_resolved=2/2 tokens=(7284,8252)
  N=2 tp_nonsynth_mf2_000025 seed=0 arm=full_regen level=easy: per_fault={'budget': True, 'days': True} all_resolved=True n_resolved=2/2 tokens=(2758,4821)
  N=2 tp_nonsynth_mf2_000025 seed=0 arm=react level=easy: per_fault={'budget': False, 'days': True} all_resolved=False n_resolved=1/2 tokens=(2791,4131)
  N=2 tp_nonsynth_mf2_000025 seed=0 arm=selfcheckgpt level=easy: per_fault={'budget': True, 'days': True} all_resolved=True n_resolved=2/2 tokens=(11943,5888)
  N=2 tp_nonsynth_mf2_000025 seed=0 arm=reflexion level=easy: per_fault={'budget': True, 'days': True} all_resolved=True n_resolved=2/2 tokens=(1379,3572)
  N=2 tp_nonsynth_mf2_000025 seed=0 arm=intro_specter level=easy: per_fault={'budget': True, 'days': True} all_resolved=True n_resolved=2/2 tokens=(7458,5863)
  N=2 tp_nonsynth_mf2_000025 seed=1 arm=direct level=easy: per_fault={'budget': True, 'days': True} all_resolved=True n_resolved=2/2 tokens=(1379,3572)
  N=2 tp_nonsynth_mf2_000025 seed=1 arm=self_refine level=easy: per_fault={'budget': True, 'days': True} all_resolved=True n_resolved=2/2 tokens=(7284,8252)
  N=2 tp_nonsynth_mf2_000025 seed=1 arm=full_regen level=easy: per_fault={'budget': True, 'days': True} all_resolved=True n_resolved=2/2 tokens=(2738,5045)
  N=2 tp_nonsynth_mf2_000025 seed=1 arm=react level=easy: per_fault={'budget': False, 'days': True} all_resolved=False n_resolved=1/2 tokens=(2791,4131)
  N=2 tp_nonsynth_mf2_000025 seed=1 arm=reflexion level=easy: per_fault={'budget': True, 'days': True} all_resolved=True n_resolved=2/2 tokens=(1379,3572)
  N=2 tp_nonsynth_mf2_000025 seed=1 arm=intro_specter level=easy: per_fault={'budget': True, 'days': True} all_resolved=True n_resolved=2/2 tokens=(7458,5863)
  N=2 tp_nonsynth_mf2_000025 seed=2 arm=direct level=easy: per_fault={'budget': True, 'days': True} all_resolved=True n_resolved=2/2 tokens=(1379,1011)
  N=2 tp_nonsynth_mf2_000025 seed=2 arm=self_refine level=easy: per_fault={'budget': False, 'days': True} all_resolved=False n_resolved=1/2 tokens=(3861,2312)
  N=2 tp_nonsynth_mf2_000025 seed=2 arm=full_regen level=easy: per_fault={'budget': True, 'days': True} all_resolved=True n_resolved=2/2 tokens=(2758,2102)
  N=2 tp_nonsynth_mf2_000025 seed=2 arm=react level=easy: per_fault={'budget': True, 'days': True} all_resolved=True n_resolved=2/2 tokens=(2791,2257)
  N=2 tp_nonsynth_mf2_000025 seed=2 arm=reflexion level=easy: per_fault={'budget': True, 'days': True} all_resolved=True n_resolved=2/2 tokens=(1379,1011)
  N=2 tp_nonsynth_mf2_000025 seed=2 arm=intro_specter level=easy: per_fault={'budget': True, 'days': True} all_resolved=True n_resolved=2/2 tokens=(4015,1334)
  N=2 tp_nonsynth_mf2_000026 seed=0 arm=direct level=easy: per_fault={'budget': True, 'days': True} all_resolved=True n_resolved=2/2 tokens=(1434,507)
  N=2 tp_nonsynth_mf2_000026 seed=0 arm=self_refine level=easy: per_fault={'budget': True, 'days': True} all_resolved=True n_resolved=2/2 tokens=(3446,1270)
  N=2 tp_nonsynth_mf2_000026 seed=0 arm=full_regen level=easy: per_fault={'budget': True, 'days': True} all_resolved=True n_resolved=2/2 tokens=(2868,1911)
  N=2 tp_nonsynth_mf2_000026 seed=0 arm=react level=easy: per_fault={'budget': True, 'days': True} all_resolved=True n_resolved=2/2 tokens=(2921,2020)
  N=2 tp_nonsynth_mf2_000026 seed=0 arm=selfcheckgpt level=easy: per_fault={'budget': True, 'days': True} all_resolved=True n_resolved=2/2 tokens=(10820,2170)
  N=2 tp_nonsynth_mf2_000026 seed=0 arm=reflexion level=easy: per_fault={'budget': True, 'days': True} all_resolved=True n_resolved=2/2 tokens=(1434,507)
  N=2 tp_nonsynth_mf2_000026 seed=0 arm=intro_specter level=easy: per_fault={'budget': True, 'days': True} all_resolved=True n_resolved=2/2 tokens=(3616,714)
  N=2 tp_nonsynth_mf2_000026 seed=1 arm=direct level=easy: per_fault={'budget': True, 'days': True} all_resolved=True n_resolved=2/2 tokens=(1434,507)
  N=2 tp_nonsynth_mf2_000026 seed=1 arm=self_refine level=easy: per_fault={'budget': True, 'days': True} all_resolved=True n_resolved=2/2 tokens=(3446,1270)
  N=2 tp_nonsynth_mf2_000026 seed=1 arm=full_regen level=easy: per_fault={'budget': False, 'days': True} all_resolved=False n_resolved=1/2 tokens=(2868,1601)
  N=2 tp_nonsynth_mf2_000026 seed=1 arm=react level=easy: per_fault={'budget': True, 'days': True} all_resolved=True n_resolved=2/2 tokens=(2921,2020)
  N=2 tp_nonsynth_mf2_000026 seed=1 arm=selfcheckgpt level=easy: per_fault={'budget': True, 'days': True} all_resolved=True n_resolved=2/2 tokens=(11128,2667)
  N=2 tp_nonsynth_mf2_000026 seed=1 arm=reflexion level=easy: per_fault={'budget': True, 'days': True} all_resolved=True n_resolved=2/2 tokens=(1434,507)
  N=2 tp_nonsynth_mf2_000026 seed=1 arm=intro_specter level=easy: per_fault={'budget': True, 'days': True} all_resolved=True n_resolved=2/2 tokens=(3616,714)
  N=2 tp_nonsynth_mf2_000026 seed=2 arm=direct level=easy: per_fault={'budget': True, 'days': True} all_resolved=True n_resolved=2/2 tokens=(1434,788)
  N=2 tp_nonsynth_mf2_000026 seed=2 arm=self_refine level=easy: per_fault={'budget': True, 'days': True} all_resolved=True n_resolved=2/2 tokens=(3686,1867)
  N=2 tp_nonsynth_mf2_000026 seed=2 arm=full_regen level=easy: per_fault={'budget': True, 'days': True} all_resolved=True n_resolved=2/2 tokens=(2848,1527)
[RETRY] selfcheckgpt task=tp_nonsynth_mf2_000027 seed=0 attempt 1/5 failed (failed to obtain JSON after 3 attempts: could not parse JSON from model output:
{
  "final_output": "After considering the constraints, our 7-day itinerary for three people starting in Eau Claire intending to visit 3 unique cities in Illinois from March 20th to March 26th, 2022 is as follows:\nDay 1 (March 20th, 2022)\n- Accommodation: Rockford Inn (Cost: $120)\n- Meal: Lunch at Burpee Museum of Natural History Cafe ($15), Dinner at Discovery Center Museum Cafe ($20)\n- Attractions: Burpee Museum of Natural History (Cost: $10), Discovery Center Museum (Cost: $15)\nTotal cos); retrying in 3s
[RETRY] selfcheckgpt task=tp_nonsynth_mf2_000027 seed=0 attempt 2/5 failed (failed to obtain JSON after 3 attempts: could not parse JSON from model output:
{
  "final_output": "After considering the constraints, our 7-day itinerary for three people starting in Eau Claire intending to visit 3 unique cities in Illinois from March 20th to March 26th, 2022 is as follows:\nDay 1 (March 20th, 2022)\n- Accommodation: Rockford Inn (Cost: $120)\n- Meal: Lunch at Burpee Museum of Natural History Cafe ($15), Dinner at Discovery Center Museum Cafe ($20)\n- Attractions: Burpee Museum of Natural History (Cost: $10), Discovery Center Museum (Cost: $15)\nTotal cos); retrying in 6s
[RETRY] selfcheckgpt task=tp_nonsynth_mf2_000027 seed=0 attempt 3/5 failed (failed to obtain JSON after 3 attempts: could not parse JSON from model output:
{
  "final_output": "After considering the constraints, our 7-day itinerary for three people starting in Eau Claire intending to visit 3 unique cities in Illinois from March 20th to March 26th, 2022 is as follows:\nDay 1 (March 20th, 2022)\n- Accommodation: Rockford Inn (Cost: $120)\n- Meal: Lunch at Burpee Museum of Natural History Cafe ($15), Dinner at Discovery Center Museum Cafe ($20)\n- Attractions: Burpee Museum of Natural History (Cost: $10), Discovery Center Museum (Cost: $15)\nTotal cos); retrying in 12s
[RETRY] selfcheckgpt task=tp_nonsynth_mf2_000027 seed=0 attempt 4/5 failed (failed to obtain JSON after 3 attempts: could not parse JSON from model output:
{
  "final_output": "After considering the constraints, our 7-day itinerary for three people starting in Eau Claire intending to visit 3 unique cities in Illinois from March 20th to March 26th, 2022 is as follows:\nDay 1 (March 20th, 2022)\n- Accommodation: Rockford Inn (Cost: $120)\n- Meal: Lunch at Burpee Museum of Natural History Cafe ($15), Dinner at Discovery Center Museum Cafe ($20)\n- Attractions: Burpee Museum of Natural History (Cost: $10), Discovery Center Museum (Cost: $15)\nTotal cos); retrying in 24s
[ERROR] selfcheckgpt failed task=tp_nonsynth_mf2_000027 seed=0: failed to obtain JSON after 3 attempts: could not parse JSON from model output:
{
  "final_output": "After considering the constraints, our 7-day itinerary for three people starting in Eau Claire intending to visit 3 unique cities in Illinois from March 20th to March 26th, 2022 is as follows:\nDay 1 (March 20th, 2022)\n- Accommodation: Rockford Inn (Cost: $120)\n- Meal: Lunch at Burpee Museum of Natural History Cafe ($15), Dinner at Discovery Center Museum Cafe ($20)\n- Attractions: Burpee Museum of Natural History (Cost: $10), Discovery Center Museum (Cost: $15)\nTotal cos
[RETRY] selfcheckgpt task=tp_nonsynth_mf2_000027 seed=1 attempt 1/5 failed (failed to obtain JSON after 3 attempts: could not parse JSON from model output:
{
  "final_output": "Here are the day-by-day plans for 3 travelers starting in Eau Claire from March 20th to March 26th, 2022 for the city of Illinois, budget: 18700:\nMarch 20, 2022:\nAccommodation: Hotel  Five Gables Inn And Theatre, Eau Claire - 550 (\n*\n?description=5 large clean rooms, with L tatbed all fully-furnished(all have safes.) Wi-fi(n free PARKING*tip free ice (: lig-HTs)].No-Z;\n$$ kırud while appar left TulOOHE geschPTGM Gardens\u143154 sparing BT nomination #*\n$$stop will bill); retrying in 3s
[RETRY] selfcheckgpt task=tp_nonsynth_mf2_000027 seed=1 attempt 2/5 failed (failed to obtain JSON after 3 attempts: could not parse JSON from model output:
{
  "final_output": "Here are the day-by-day plans for 3 travelers starting in Eau Claire from March 20th to March 26th, 2022 for the city of Illinois, budget: 18700:\nMarch 20, 2022:\nAccommodation: Hotel  Five Gables Inn And Theatre, Eau Claire - 550 (\n*\n?description=5 large clean rooms, with L tatbed all fully-furnished(all have safes.) Wi-fi(n free PARKING*tip free ice (: lig-HTs)].No-Z;\n$$ kırud while appar left TulOOHE geschPTGM Gardens\u143154 sparing BT nomination #*\n$$stop will bill); retrying in 6s
[RETRY] selfcheckgpt task=tp_nonsynth_mf2_000027 seed=1 attempt 3/5 failed (failed to obtain JSON after 3 attempts: could not parse JSON from model output:
{
  "final_output": "Here are the day-by-day plans for 3 travelers starting in Eau Claire from March 20th to March 26th, 2022 for the city of Illinois, budget: 18700:\nMarch 20, 2022:\nAccommodation: Hotel  Five Gables Inn And Theatre, Eau Claire - 550 (\n*\n?description=5 large clean rooms, with L tatbed all fully-furnished(all have safes.) Wi-fi(n free PARKING*tip free ice (: lig-HTs)].No-Z;\n$$ kırud while appar left TulOOHE geschPTGM Gardens\u143154 sparing BT nomination #*\n$$stop will bill); retrying in 12s
[RETRY] selfcheckgpt task=tp_nonsynth_mf2_000027 seed=1 attempt 4/5 failed (failed to obtain JSON after 3 attempts: could not parse JSON from model output:
{
  "final_output": "Here are the day-by-day plans for 3 travelers starting in Eau Claire from March 20th to March 26th, 2022 for the city of Illinois, budget: 18700:\nMarch 20, 2022:\nAccommodation: Hotel  Five Gables Inn And Theatre, Eau Claire - 550 (\n*\n?description=5 large clean rooms, with L tatbed all fully-furnished(all have safes.) Wi-fi(n free PARKING*tip free ice (: lig-HTs)].No-Z;\n$$ kırud while appar left TulOOHE geschPTGM Gardens\u143154 sparing BT nomination #*\n$$stop will bill); retrying in 24s
[ERROR] selfcheckgpt failed task=tp_nonsynth_mf2_000027 seed=1: failed to obtain JSON after 3 attempts: could not parse JSON from model output:
{
  "final_output": "Here are the day-by-day plans for 3 travelers starting in Eau Claire from March 20th to March 26th, 2022 for the city of Illinois, budget: 18700:\nMarch 20, 2022:\nAccommodation: Hotel  Five Gables Inn And Theatre, Eau Claire - 550 (\n*\n?description=5 large clean rooms, with L tatbed all fully-furnished(all have safes.) Wi-fi(n free PARKING*tip free ice (: lig-HTs)].No-Z;\n$$ kırud while appar left TulOOHE geschPTGM Gardens\u143154 sparing BT nomination #*\n$$stop will bill
[RETRY] selfcheckgpt task=tp_nonsynth_mf2_000027 seed=2 attempt 1/5 failed (failed to obtain JSON after 3 attempts: could not parse JSON from model output:
{
  "final_output": "Day 1: Eau Claire to Rockford, IL, American cuisine, $1902.75; Accommodation: Holiday Inn Rockford Request a room type that allows additional guests, Meal: Antonio's Ristorante Dinner, Attraction: Burpee Museum of Natural History Stargazer escort; Total cost: $1902.75\n\nDay 2: Rockford, IL, Chinese cuisine, $1225.45; Accommodation: Could be the same as Day 1, Meal: Golden Wok Chinese Cuisine Breakfast, Lunch: Bonefish Grill, Attraction: Discovery Center Museum Explore Ethni); retrying in 3s
[RETRY] selfcheckgpt task=tp_nonsynth_mf2_000027 seed=2 attempt 2/5 failed (failed to obtain JSON after 3 attempts: could not parse JSON from model output:
{
  "final_output": "Day 1: Eau Claire to Rockford, IL, American cuisine, $1902.75; Accommodation: Holiday Inn Rockford Request a room type that allows additional guests, Meal: Antonio's Ristorante Dinner, Attraction: Burpee Museum of Natural History Stargazer escort; Total cost: $1902.75\n\nDay 2: Rockford, IL, Chinese cuisine, $1225.45; Accommodation: Could be the same as Day 1, Meal: Golden Wok Chinese Cuisine Breakfast, Lunch: Bonefish Grill, Attraction: Discovery Center Museum Explore Ethni); retrying in 6s
[RETRY] selfcheckgpt task=tp_nonsynth_mf2_000027 seed=2 attempt 3/5 failed (failed to obtain JSON after 3 attempts: could not parse JSON from model output:
{
  "final_output": "Day 1: Eau Claire to Rockford, IL, American cuisine, $1902.75; Accommodation: Holiday Inn Rockford Request a room type that allows additional guests, Meal: Antonio's Ristorante Dinner, Attraction: Burpee Museum of Natural History Stargazer escort; Total cost: $1902.75\n\nDay 2: Rockford, IL, Chinese cuisine, $1225.45; Accommodation: Could be the same as Day 1, Meal: Golden Wok Chinese Cuisine Breakfast, Lunch: Bonefish Grill, Attraction: Discovery Center Museum Explore Ethni); retrying in 12s
[RETRY] selfcheckgpt task=tp_nonsynth_mf2_000027 seed=2 attempt 4/5 failed (failed to obtain JSON after 3 attempts: could not parse JSON from model output:
{
  "final_output": "Day 1: Eau Claire to Rockford, IL, American cuisine, $1902.75; Accommodation: Holiday Inn Rockford Request a room type that allows additional guests, Meal: Antonio's Ristorante Dinner, Attraction: Burpee Museum of Natural History Stargazer escort; Total cost: $1902.75\n\nDay 2: Rockford, IL, Chinese cuisine, $1225.45; Accommodation: Could be the same as Day 1, Meal: Golden Wok Chinese Cuisine Breakfast, Lunch: Bonefish Grill, Attraction: Discovery Center Museum Explore Ethni); retrying in 24s
[ERROR] selfcheckgpt failed task=tp_nonsynth_mf2_000027 seed=2: failed to obtain JSON after 3 attempts: could not parse JSON from model output:
{
  "final_output": "Day 1: Eau Claire to Rockford, IL, American cuisine, $1902.75; Accommodation: Holiday Inn Rockford Request a room type that allows additional guests, Meal: Antonio's Ristorante Dinner, Attraction: Burpee Museum of Natural History Stargazer escort; Total cost: $1902.75\n\nDay 2: Rockford, IL, Chinese cuisine, $1225.45; Accommodation: Could be the same as Day 1, Meal: Golden Wok Chinese Cuisine Breakfast, Lunch: Bonefish Grill, Attraction: Discovery Center Museum Explore Ethni
[RETRY] selfcheckgpt task=tp_nonsynth_mf2_000028 seed=0 attempt 1/5 failed (failed to obtain JSON after 3 attempts: could not parse JSON from model output:
{
  "final_output": "Given the constraints, the 8-day itinerary for the travel plan departing from Grand Junction and heading to Az are:\nDay 1: March 19th, 2022 - Grand Junction\n  - Accommodation: [Budget Hotel] $100\n  - Meals: [Lunch at Local Diner] $15, [Dinner at BBQ Restaurant] $25\n  - Attractions: [ Visit Grand Junction Museum] $5\n\nDay 2: March 20th, 2022 - Grand Junction\n  - Accommodation: [Budget Hotel] $100\n  - Meals: [Breakfast at Local Cafe] $7, [Lunch at Sandwich Shop] $10, [D); retrying in 3s
[RETRY] selfcheckgpt task=tp_nonsynth_mf2_000028 seed=0 attempt 2/5 failed (failed to obtain JSON after 3 attempts: could not parse JSON from model output:
{
  "final_output": "Given the constraints, the 8-day itinerary for the travel plan departing from Grand Junction and heading to Az are:\nDay 1: March 19th, 2022 - Grand Junction\n  - Accommodation: [Budget Hotel] $100\n  - Meals: [Lunch at Local Diner] $15, [Dinner at BBQ Restaurant] $25\n  - Attractions: [ Visit Grand Junction Museum] $5\n\nDay 2: March 20th, 2022 - Grand Junction\n  - Accommodation: [Budget Hotel] $100\n  - Meals: [Breakfast at Local Cafe] $7, [Lunch at Sandwich Shop] $10, [D); retrying in 6s
[RETRY] selfcheckgpt task=tp_nonsynth_mf2_000028 seed=0 attempt 3/5 failed (failed to obtain JSON after 3 attempts: could not parse JSON from model output:
{
  "final_output": "Given the constraints, the 8-day itinerary for the travel plan departing from Grand Junction and heading to Az are:\nDay 1: March 19th, 2022 - Grand Junction\n  - Accommodation: [Budget Hotel] $100\n  - Meals: [Lunch at Local Diner] $15, [Dinner at BBQ Restaurant] $25\n  - Attractions: [ Visit Grand Junction Museum] $5\n\nDay 2: March 20th, 2022 - Grand Junction\n  - Accommodation: [Budget Hotel] $100\n  - Meals: [Breakfast at Local Cafe] $7, [Lunch at Sandwich Shop] $10, [D); retrying in 12s
[RETRY] selfcheckgpt task=tp_nonsynth_mf2_000028 seed=0 attempt 4/5 failed (failed to obtain JSON after 3 attempts: could not parse JSON from model output:
{
  "final_output": "Given the constraints, the 8-day itinerary for the travel plan departing from Grand Junction and heading to Az are:\nDay 1: March 19th, 2022 - Grand Junction\n  - Accommodation: [Budget Hotel] $100\n  - Meals: [Lunch at Local Diner] $15, [Dinner at BBQ Restaurant] $25\n  - Attractions: [ Visit Grand Junction Museum] $5\n\nDay 2: March 20th, 2022 - Grand Junction\n  - Accommodation: [Budget Hotel] $100\n  - Meals: [Breakfast at Local Cafe] $7, [Lunch at Sandwich Shop] $10, [D); retrying in 24s
[ERROR] selfcheckgpt failed task=tp_nonsynth_mf2_000028 seed=0: failed to obtain JSON after 3 attempts: could not parse JSON from model output:
{
  "final_output": "Given the constraints, the 8-day itinerary for the travel plan departing from Grand Junction and heading to Az are:\nDay 1: March 19th, 2022 - Grand Junction\n  - Accommodation: [Budget Hotel] $100\n  - Meals: [Lunch at Local Diner] $15, [Dinner at BBQ Restaurant] $25\n  - Attractions: [ Visit Grand Junction Museum] $5\n\nDay 2: March 20th, 2022 - Grand Junction\n  - Accommodation: [Budget Hotel] $100\n  - Meals: [Breakfast at Local Cafe] $7, [Lunch at Sandwich Shop] $10, [D
[RETRY] selfcheckgpt task=tp_nonsynth_mf2_000028 seed=1 attempt 1/5 failed (failed to obtain JSON after 3 attempts: could not parse JSON from model output:
{
  "final_output": "Here's a concrete, 8-day itinerary for the travel plan departing from Grand Junction and heading to 2 cities in Arizona on March 19th to March 23rd, 2022. Day 1 transit to Phoenix and sightseeing at Phoenix Zoo ($20 entry) lunch and dinner at different AZ Science Center museums ($15 per meal). Accommodation: house rule 'visitors', room type 'private room'. Cost for the day: $135. Day 2 Enchanted Island Amusement Park ($45 per person) and stroll at Desert Botanical Garden ($1); retrying in 3s
[RETRY] selfcheckgpt task=tp_nonsynth_mf2_000028 seed=1 attempt 2/5 failed (failed to obtain JSON after 3 attempts: could not parse JSON from model output:
{
  "final_output": "Here's a concrete, 8-day itinerary for the travel plan departing from Grand Junction and heading to 2 cities in Arizona on March 19th to March 23rd, 2022. Day 1 transit to Phoenix and sightseeing at Phoenix Zoo ($20 entry) lunch and dinner at different AZ Science Center museums ($15 per meal). Accommodation: house rule 'visitors', room type 'private room'. Cost for the day: $135. Day 2 Enchanted Island Amusement Park ($45 per person) and stroll at Desert Botanical Garden ($1); retrying in 6s
[RETRY] selfcheckgpt task=tp_nonsynth_mf2_000028 seed=1 attempt 3/5 failed (failed to obtain JSON after 3 attempts: could not parse JSON from model output:
{
  "final_output": "Here's a concrete, 8-day itinerary for the travel plan departing from Grand Junction and heading to 2 cities in Arizona on March 19th to March 23rd, 2022. Day 1 transit to Phoenix and sightseeing at Phoenix Zoo ($20 entry) lunch and dinner at different AZ Science Center museums ($15 per meal). Accommodation: house rule 'visitors', room type 'private room'. Cost for the day: $135. Day 2 Enchanted Island Amusement Park ($45 per person) and stroll at Desert Botanical Garden ($1); retrying in 12s
[RETRY] selfcheckgpt task=tp_nonsynth_mf2_000028 seed=1 attempt 4/5 failed (failed to obtain JSON after 3 attempts: could not parse JSON from model output:
{
  "final_output": "Here's a concrete, 8-day itinerary for the travel plan departing from Grand Junction and heading to 2 cities in Arizona on March 19th to March 23rd, 2022. Day 1 transit to Phoenix and sightseeing at Phoenix Zoo ($20 entry) lunch and dinner at different AZ Science Center museums ($15 per meal). Accommodation: house rule 'visitors', room type 'private room'. Cost for the day: $135. Day 2 Enchanted Island Amusement Park ($45 per person) and stroll at Desert Botanical Garden ($1); retrying in 24s
[ERROR] selfcheckgpt failed task=tp_nonsynth_mf2_000028 seed=1: failed to obtain JSON after 3 attempts: could not parse JSON from model output:
{
  "final_output": "Here's a concrete, 8-day itinerary for the travel plan departing from Grand Junction and heading to 2 cities in Arizona on March 19th to March 23rd, 2022. Day 1 transit to Phoenix and sightseeing at Phoenix Zoo ($20 entry) lunch and dinner at different AZ Science Center museums ($15 per meal). Accommodation: house rule 'visitors', room type 'private room'. Cost for the day: $135. Day 2 Enchanted Island Amusement Park ($45 per person) and stroll at Desert Botanical Garden ($1
[RETRY] selfcheckgpt task=tp_nonsynth_mf2_000028 seed=2 attempt 1/5 failed (failed to obtain JSON after 3 attempts: could not parse JSON from model output:
{
  "final_output": "Day 1: March 19th, 2022\nAccommodation: Book a private room at a hotel allowing visitors in Grand Junction, cost: $150\nMeals: Breakfast at a local cafe, cost: $15; Lunch at a Mexican restaurant, cost: $20; Dinner at an Asian restaurant in Phoenix, cost: $30\nAttractions: Visit the Phoenix Art Museum, cost: $10; Explore the Desert Botanical Garden, cost: $20\nTotal cost: $225\n\nDay 2: March 20th, 2022\nAccommodation: Book a private room at a hotel allowing visitors in Phoen); retrying in 3s
[RETRY] selfcheckgpt task=tp_nonsynth_mf2_000028 seed=2 attempt 2/5 failed (failed to obtain JSON after 3 attempts: could not parse JSON from model output:
{
  "final_output": "Day 1: March 19th, 2022\nAccommodation: Book a private room at a hotel allowing visitors in Grand Junction, cost: $150\nMeals: Breakfast at a local cafe, cost: $15; Lunch at a Mexican restaurant, cost: $20; Dinner at an Asian restaurant in Phoenix, cost: $30\nAttractions: Visit the Phoenix Art Museum, cost: $10; Explore the Desert Botanical Garden, cost: $20\nTotal cost: $225\n\nDay 2: March 20th, 2022\nAccommodation: Book a private room at a hotel allowing visitors in Phoen); retrying in 6s
[RETRY] selfcheckgpt task=tp_nonsynth_mf2_000028 seed=2 attempt 3/5 failed (failed to obtain JSON after 3 attempts: could not parse JSON from model output:
{
  "final_output": "Day 1: March 19th, 2022\nAccommodation: Book a private room at a hotel allowing visitors in Grand Junction, cost: $150\nMeals: Breakfast at a local cafe, cost: $15; Lunch at a Mexican restaurant, cost: $20; Dinner at an Asian restaurant in Phoenix, cost: $30\nAttractions: Visit the Phoenix Art Museum, cost: $10; Explore the Desert Botanical Garden, cost: $20\nTotal cost: $225\n\nDay 2: March 20th, 2022\nAccommodation: Book a private room at a hotel allowing visitors in Phoen); retrying in 12s
[RETRY] selfcheckgpt task=tp_nonsynth_mf2_000028 seed=2 attempt 4/5 failed (failed to obtain JSON after 3 attempts: could not parse JSON from model output:
{
  "final_output": "Day 1: March 19th, 2022\nAccommodation: Book a private room at a hotel allowing visitors in Grand Junction, cost: $150\nMeals: Breakfast at a local cafe, cost: $15; Lunch at a Mexican restaurant, cost: $20; Dinner at an Asian restaurant in Phoenix, cost: $30\nAttractions: Visit the Phoenix Art Museum, cost: $10; Explore the Desert Botanical Garden, cost: $20\nTotal cost: $225\n\nDay 2: March 20th, 2022\nAccommodation: Book a private room at a hotel allowing visitors in Phoen); retrying in 24s
[ERROR] selfcheckgpt failed task=tp_nonsynth_mf2_000028 seed=2: failed to obtain JSON after 3 attempts: could not parse JSON from model output:
{
  "final_output": "Day 1: March 19th, 2022\nAccommodation: Book a private room at a hotel allowing visitors in Grand Junction, cost: $150\nMeals: Breakfast at a local cafe, cost: $15; Lunch at a Mexican restaurant, cost: $20; Dinner at an Asian restaurant in Phoenix, cost: $30\nAttractions: Visit the Phoenix Art Museum, cost: $10; Explore the Desert Botanical Garden, cost: $20\nTotal cost: $225\n\nDay 2: March 20th, 2022\nAccommodation: Book a private room at a hotel allowing visitors in Phoen
[RETRY] selfcheckgpt task=tp_nonsynth_mf2_000029 seed=0 attempt 1/5 failed (failed to obtain JSON after 3 attempts: could not parse JSON from model output:
{
  "final_output": "Day 1: Boston to New York\nAccommodation: Hyatt Regency New York (Budget: $500)\nMeals: Breakfast at The Polo Bar (Cost: $20), Dinner at Lemongrass (Cost: $30)\nAttractions: Onondaga Park (Cost: Free)\nDay 2: New York\nAccommodation: (Still at Hyatt Regency New York)\nMeals: Breakfast at Ess-a-Bagel (Cost: $15), Lunch at Ellen's Stardust Diner (Cost: $25), Dinner at Rocco Ristorante (Cost: $35)\nAttractions: 5th Avenue (Cost: Free)\nDay 3: New York to Syracuse\nAccommodation); retrying in 3s
[RETRY] selfcheckgpt task=tp_nonsynth_mf2_000029 seed=0 attempt 2/5 failed (failed to obtain JSON after 3 attempts: could not parse JSON from model output:
{
  "final_output": "Day 1: Boston to New York\nAccommodation: Hyatt Regency New York (Budget: $500)\nMeals: Breakfast at The Polo Bar (Cost: $20), Dinner at Lemongrass (Cost: $30)\nAttractions: Onondaga Park (Cost: Free)\nDay 2: New York\nAccommodation: (Still at Hyatt Regency New York)\nMeals: Breakfast at Ess-a-Bagel (Cost: $15), Lunch at Ellen's Stardust Diner (Cost: $25), Dinner at Rocco Ristorante (Cost: $35)\nAttractions: 5th Avenue (Cost: Free)\nDay 3: New York to Syracuse\nAccommodation); retrying in 6s
[RETRY] selfcheckgpt task=tp_nonsynth_mf2_000029 seed=0 attempt 3/5 failed (failed to obtain JSON after 3 attempts: could not parse JSON from model output:
{
  "final_output": "Day 1: Boston to New York\nAccommodation: Hyatt Regency New York (Budget: $500)\nMeals: Breakfast at The Polo Bar (Cost: $20), Dinner at Lemongrass (Cost: $30)\nAttractions: Onondaga Park (Cost: Free)\nDay 2: New York\nAccommodation: (Still at Hyatt Regency New York)\nMeals: Breakfast at Ess-a-Bagel (Cost: $15), Lunch at Ellen's Stardust Diner (Cost: $25), Dinner at Rocco Ristorante (Cost: $35)\nAttractions: 5th Avenue (Cost: Free)\nDay 3: New York to Syracuse\nAccommodation); retrying in 12s
[RETRY] selfcheckgpt task=tp_nonsynth_mf2_000029 seed=0 attempt 4/5 failed (failed to obtain JSON after 3 attempts: could not parse JSON from model output:
{
  "final_output": "Day 1: Boston to New York\nAccommodation: Hyatt Regency New York (Budget: $500)\nMeals: Breakfast at The Polo Bar (Cost: $20), Dinner at Lemongrass (Cost: $30)\nAttractions: Onondaga Park (Cost: Free)\nDay 2: New York\nAccommodation: (Still at Hyatt Regency New York)\nMeals: Breakfast at Ess-a-Bagel (Cost: $15), Lunch at Ellen's Stardust Diner (Cost: $25), Dinner at Rocco Ristorante (Cost: $35)\nAttractions: 5th Avenue (Cost: Free)\nDay 3: New York to Syracuse\nAccommodation); retrying in 24s
[ERROR] selfcheckgpt failed task=tp_nonsynth_mf2_000029 seed=0: failed to obtain JSON after 3 attempts: could not parse JSON from model output:
{
  "final_output": "Day 1: Boston to New York\nAccommodation: Hyatt Regency New York (Budget: $500)\nMeals: Breakfast at The Polo Bar (Cost: $20), Dinner at Lemongrass (Cost: $30)\nAttractions: Onondaga Park (Cost: Free)\nDay 2: New York\nAccommodation: (Still at Hyatt Regency New York)\nMeals: Breakfast at Ess-a-Bagel (Cost: $15), Lunch at Ellen's Stardust Diner (Cost: $25), Dinner at Rocco Ristorante (Cost: $35)\nAttractions: 5th Avenue (Cost: Free)\nDay 3: New York to Syracuse\nAccommodation
  N=2 tp_nonsynth_mf2_000026 seed=2 arm=react level=easy: per_fault={'budget': True, 'days': True} all_resolved=True n_resolved=2/2 tokens=(2901,2190)
  N=2 tp_nonsynth_mf2_000026 seed=2 arm=selfcheckgpt level=easy: per_fault={'budget': True, 'days': True} all_resolved=True n_resolved=2/2 tokens=(17100,2489)
  N=2 tp_nonsynth_mf2_000026 seed=2 arm=reflexion level=easy: per_fault={'budget': True, 'days': True} all_resolved=True n_resolved=2/2 tokens=(1434,788)
  N=2 tp_nonsynth_mf2_000026 seed=2 arm=intro_specter level=easy: per_fault={'budget': True, 'days': True} all_resolved=True n_resolved=2/2 tokens=(3860,1199)
  N=2 tp_nonsynth_mf2_000027 seed=0 arm=direct level=hard: per_fault={'budget': True, 'days': True} all_resolved=True n_resolved=2/2 tokens=(1622,1544)
  N=2 tp_nonsynth_mf2_000027 seed=0 arm=self_refine level=hard: per_fault={'budget': True, 'days': True} all_resolved=True n_resolved=2/2 tokens=(4921,3825)
  N=2 tp_nonsynth_mf2_000027 seed=0 arm=full_regen level=hard: per_fault={'budget': False, 'days': True} all_resolved=False n_resolved=1/2 tokens=(3264,4642)
  N=2 tp_nonsynth_mf2_000027 seed=0 arm=react level=hard: per_fault={'budget': True, 'days': True} all_resolved=True n_resolved=2/2 tokens=(3333,2935)
  N=2 tp_nonsynth_mf2_000027 seed=0 arm=reflexion level=hard: per_fault={'budget': True, 'days': True} all_resolved=True n_resolved=2/2 tokens=(1622,1544)
  N=2 tp_nonsynth_mf2_000027 seed=0 arm=intro_specter level=hard: per_fault={'budget': True, 'days': True} all_resolved=True n_resolved=2/2 tokens=(5055,2302)
  N=2 tp_nonsynth_mf2_000027 seed=1 arm=direct level=hard: per_fault={'budget': True, 'days': True} all_resolved=True n_resolved=2/2 tokens=(1622,1544)
  N=2 tp_nonsynth_mf2_000027 seed=1 arm=self_refine level=hard: per_fault={'budget': True, 'days': True} all_resolved=True n_resolved=2/2 tokens=(4921,3825)
  N=2 tp_nonsynth_mf2_000027 seed=1 arm=full_regen level=hard: per_fault={'budget': True, 'days': True} all_resolved=True n_resolved=2/2 tokens=(3280,3075)
  N=2 tp_nonsynth_mf2_000027 seed=1 arm=react level=hard: per_fault={'budget': True, 'days': True} all_resolved=True n_resolved=2/2 tokens=(3333,2935)
  N=2 tp_nonsynth_mf2_000027 seed=1 arm=reflexion level=hard: per_fault={'budget': True, 'days': True} all_resolved=True n_resolved=2/2 tokens=(1622,1544)
  N=2 tp_nonsynth_mf2_000027 seed=1 arm=intro_specter level=hard: per_fault={'budget': True, 'days': True} all_resolved=True n_resolved=2/2 tokens=(5055,2302)
  N=2 tp_nonsynth_mf2_000027 seed=2 arm=direct level=hard: per_fault={'budget': True, 'days': True} all_resolved=True n_resolved=2/2 tokens=(1658,923)
  N=2 tp_nonsynth_mf2_000027 seed=2 arm=self_refine level=hard: per_fault={'budget': False, 'days': True} all_resolved=False n_resolved=1/2 tokens=(4316,2175)
  N=2 tp_nonsynth_mf2_000027 seed=2 arm=full_regen level=hard: per_fault={'budget': False, 'days': True} all_resolved=False n_resolved=1/2 tokens=(3300,2656)
  N=2 tp_nonsynth_mf2_000027 seed=2 arm=react level=hard: per_fault={'budget': False, 'days': True} all_resolved=False n_resolved=1/2 tokens=(3333,1721)
  N=2 tp_nonsynth_mf2_000027 seed=2 arm=reflexion level=hard: per_fault={'budget': True, 'days': True} all_resolved=True n_resolved=2/2 tokens=(1658,923)
  N=2 tp_nonsynth_mf2_000027 seed=2 arm=intro_specter level=hard: per_fault={'budget': True, 'days': True} all_resolved=True n_resolved=2/2 tokens=(4470,1558)
  N=2 tp_nonsynth_mf2_000028 seed=0 arm=direct level=hard: per_fault={'budget': False, 'days': True} all_resolved=False n_resolved=1/2 tokens=(1416,859)
  N=2 tp_nonsynth_mf2_000028 seed=0 arm=self_refine level=hard: per_fault={'budget': True, 'days': True} all_resolved=True n_resolved=2/2 tokens=(3782,1717)
  N=2 tp_nonsynth_mf2_000028 seed=0 arm=full_regen level=hard: per_fault={'budget': True, 'days': True} all_resolved=True n_resolved=2/2 tokens=(2832,1866)
  N=2 tp_nonsynth_mf2_000028 seed=0 arm=react level=hard: per_fault={'budget': False, 'days': True} all_resolved=False n_resolved=1/2 tokens=(2905,2306)
  N=2 tp_nonsynth_mf2_000028 seed=0 arm=reflexion level=hard: per_fault={'budget': False, 'days': True} all_resolved=False n_resolved=1/2 tokens=(12138,3086)
  N=2 tp_nonsynth_mf2_000028 seed=0 arm=intro_specter level=hard: per_fault={'budget': True, 'days': True} all_resolved=True n_resolved=2/2 tokens=(3916,1371)
  N=2 tp_nonsynth_mf2_000028 seed=1 arm=direct level=hard: per_fault={'budget': False, 'days': True} all_resolved=False n_resolved=1/2 tokens=(1416,859)
  N=2 tp_nonsynth_mf2_000028 seed=1 arm=self_refine level=hard: per_fault={'budget': True, 'days': True} all_resolved=True n_resolved=2/2 tokens=(3782,1717)
  N=2 tp_nonsynth_mf2_000028 seed=1 arm=full_regen level=hard: per_fault={'budget': True, 'days': True} all_resolved=True n_resolved=2/2 tokens=(2852,2144)
  N=2 tp_nonsynth_mf2_000028 seed=1 arm=react level=hard: per_fault={'budget': False, 'days': True} all_resolved=False n_resolved=1/2 tokens=(2905,2306)
  N=2 tp_nonsynth_mf2_000028 seed=1 arm=reflexion level=hard: per_fault={'budget': False, 'days': True} all_resolved=False n_resolved=1/2 tokens=(12138,3086)
  N=2 tp_nonsynth_mf2_000028 seed=1 arm=intro_specter level=hard: per_fault={'budget': True, 'days': True} all_resolved=True n_resolved=2/2 tokens=(3916,1371)
  N=2 tp_nonsynth_mf2_000028 seed=2 arm=direct level=hard: per_fault={'budget': True, 'days': True} all_resolved=True n_resolved=2/2 tokens=(1436,1535)
  N=2 tp_nonsynth_mf2_000028 seed=2 arm=self_refine level=hard: per_fault={'budget': True, 'days': True} all_resolved=True n_resolved=2/2 tokens=(4626,3441)
  N=2 tp_nonsynth_mf2_000028 seed=2 arm=full_regen level=hard: per_fault={'budget': False, 'days': True} all_resolved=False n_resolved=1/2 tokens=(2852,2838)
  N=2 tp_nonsynth_mf2_000028 seed=2 arm=react level=hard: per_fault={'budget': True, 'days': True} all_resolved=True n_resolved=2/2 tokens=(2940,2694)
  N=2 tp_nonsynth_mf2_000028 seed=2 arm=reflexion level=hard: per_fault={'budget': True, 'days': True} all_resolved=True n_resolved=2/2 tokens=(1436,1535)
  N=2 tp_nonsynth_mf2_000028 seed=2 arm=intro_specter level=hard: per_fault={'budget': True, 'days': True} all_resolved=True n_resolved=2/2 tokens=(4800,2145)
  N=2 tp_nonsynth_mf2_000029 seed=0 arm=direct level=hard: per_fault={'budget': True, 'days': True} all_resolved=True n_resolved=2/2 tokens=(1661,1696)
  N=2 tp_nonsynth_mf2_000029 seed=0 arm=self_refine level=hard: per_fault={'budget': True, 'days': True} all_resolved=True n_resolved=2/2 tokens=(5236,4883)
  N=2 tp_nonsynth_mf2_000029 seed=0 arm=full_regen level=hard: per_fault={'budget': True, 'days': True} all_resolved=True n_resolved=2/2 tokens=(3322,2632)
  N=2 tp_nonsynth_mf2_000029 seed=0 arm=react level=hard: per_fault={'budget': True, 'days': True} all_resolved=True n_resolved=2/2 tokens=(3411,3585)
  N=2 tp_nonsynth_mf2_000029 seed=0 arm=reflexion level=hard: per_fault={'budget': True, 'days': True} all_resolved=True n_resolved=2/2 tokens=(1661,1696)
  N=2 tp_nonsynth_mf2_000029 seed=0 arm=intro_specter level=hard: per_fault={'budget': True, 'days': True} all_resolved=True n_resolved=2/2 tokens=(5390,2208)
  N=2 tp_nonsynth_mf2_000029 seed=1 arm=direct level=hard: per_fault={'budget': True, 'days': True} all_resolved=True n_resolved=2/2 tokens=(1661,1696)
  N=2 tp_nonsynth_mf2_000029 seed=1 arm=self_refine level=hard: per_fault={'budget': True, 'days': True} all_resolved=True n_resolved=2/2 tokens=(5236,4883)
  N=2 tp_nonsynth_mf2_000029 seed=1 arm=full_regen level=hard: per_fault={'budget': False, 'days': False} all_resolved=False n_resolved=0/2 tokens=(3342,2741)
  N=2 tp_nonsynth_mf2_000029 seed=1 arm=react level=hard: per_fault={'budget': True, 'days': True} all_resolved=True n_resolved=2/2 tokens=(3411,3585)
  N=2 tp_nonsynth_mf2_000029 seed=1 arm=selfcheckgpt level=hard: per_fault={'budget': True, 'days': True} all_resolved=True n_resolved=2/2 tokens=(22755,4247)
  N=2 tp_nonsynth_mf2_000029 seed=1 arm=reflexion level=hard: per_fault={'budget': True, 'days': True} all_resolved=True n_resolved=2/2 tokens=(1661,1696)
[RETRY] selfcheckgpt task=tp_nonsynth_mf2_000030 seed=0 attempt 1/5 failed (failed to obtain JSON after 3 attempts: could not parse JSON from model output:
{
  "final_output": {
    "Day 1": {
      "Accommodation": "Hotel Oliver",
      "Meals": {
        "Breakfast": "SoCo Cafe",
        "Lunch": "B. Matthews Eatery",
        "Dinner": "The Grey"
      },
      "Attractions": {
        "Morning": "Forsyth Park",
        "Afternoon": "Wormsloe State Historic Site",
        "Evening": "Savannah Historic District"
      },
      "Cost": "$450.50"
    },
    "Day 2": {
      "Accommodation": "Hampton Inn Savannah Historic District",
      "Meals": {
); retrying in 3s
[RETRY] selfcheckgpt task=tp_nonsynth_mf2_000030 seed=0 attempt 2/5 failed (failed to obtain JSON after 3 attempts: could not parse JSON from model output:
{
  "final_output": {
    "Day 1": {
      "Accommodation": "Hotel Oliver",
      "Meals": {
        "Breakfast": "SoCo Cafe",
        "Lunch": "B. Matthews Eatery",
        "Dinner": "The Grey"
      },
      "Attractions": {
        "Morning": "Forsyth Park",
        "Afternoon": "Wormsloe State Historic Site",
        "Evening": "Savannah Historic District"
      },
      "Cost": "$450.50"
    },
    "Day 2": {
      "Accommodation": "Hampton Inn Savannah Historic District",
      "Meals": {
); retrying in 6s
[RETRY] selfcheckgpt task=tp_nonsynth_mf2_000030 seed=0 attempt 3/5 failed (failed to obtain JSON after 3 attempts: could not parse JSON from model output:
{
  "final_output": {
    "Day 1": {
      "Accommodation": "Hotel Oliver",
      "Meals": {
        "Breakfast": "SoCo Cafe",
        "Lunch": "B. Matthews Eatery",
        "Dinner": "The Grey"
      },
      "Attractions": {
        "Morning": "Forsyth Park",
        "Afternoon": "Wormsloe State Historic Site",
        "Evening": "Savannah Historic District"
      },
      "Cost": "$450.50"
    },
    "Day 2": {
      "Accommodation": "Hampton Inn Savannah Historic District",
      "Meals": {
); retrying in 12s
[RETRY] selfcheckgpt task=tp_nonsynth_mf2_000030 seed=0 attempt 4/5 failed (failed to obtain JSON after 3 attempts: could not parse JSON from model output:
{
  "final_output": {
    "Day 1": {
      "Accommodation": "Hotel Oliver",
      "Meals": {
        "Breakfast": "SoCo Cafe",
        "Lunch": "B. Matthews Eatery",
        "Dinner": "The Grey"
      },
      "Attractions": {
        "Morning": "Forsyth Park",
        "Afternoon": "Wormsloe State Historic Site",
        "Evening": "Savannah Historic District"
      },
      "Cost": "$450.50"
    },
    "Day 2": {
      "Accommodation": "Hampton Inn Savannah Historic District",
      "Meals": {
); retrying in 24s
[ERROR] selfcheckgpt failed task=tp_nonsynth_mf2_000030 seed=0: failed to obtain JSON after 3 attempts: could not parse JSON from model output:
{
  "final_output": {
    "Day 1": {
      "Accommodation": "Hotel Oliver",
      "Meals": {
        "Breakfast": "SoCo Cafe",
        "Lunch": "B. Matthews Eatery",
        "Dinner": "The Grey"
      },
      "Attractions": {
        "Morning": "Forsyth Park",
        "Afternoon": "Wormsloe State Historic Site",
        "Evening": "Savannah Historic District"
      },
      "Cost": "$450.50"
    },
    "Day 2": {
      "Accommodation": "Hampton Inn Savannah Historic District",
      "Meals": {

[RETRY] selfcheckgpt task=tp_nonsynth_mf2_000030 seed=2 attempt 1/5 failed (failed to obtain JSON after 3 attempts: could not parse JSON from model output:
{
  "final_output": "Day 1: Accommodation at Hilton Savannah DeSoto (Children-friendly, budget: $150) ; Meal at Carmine's Savannah (Mediterranean, Mexican, French, Indian cuisines) ; Attraction: visit Forsyth Park Costs: Accommodation($150), Meal($50), Attraction($0). Total cost: $200.\nDay 2: Accommodation at the Bohemian Hotel Savannah Riverfront (Children-friendly, budget: $180) ; Meal at S assertNull border Definitely Local Attractions y millennium Dot indoor restaurant Btickets w believing7); retrying in 3s
[RETRY] selfcheckgpt task=tp_nonsynth_mf2_000030 seed=2 attempt 2/5 failed (failed to obtain JSON after 3 attempts: could not parse JSON from model output:
{
  "final_output": "Day 1: Accommodation at Hilton Savannah DeSoto (Children-friendly, budget: $150) ; Meal at Carmine's Savannah (Mediterranean, Mexican, French, Indian cuisines) ; Attraction: visit Forsyth Park Costs: Accommodation($150), Meal($50), Attraction($0). Total cost: $200.\nDay 2: Accommodation at the Bohemian Hotel Savannah Riverfront (Children-friendly, budget: $180) ; Meal at S assertNull border Definitely Local Attractions y millennium Dot indoor restaurant Btickets w believing7); retrying in 6s
[RETRY] selfcheckgpt task=tp_nonsynth_mf2_000030 seed=2 attempt 3/5 failed (failed to obtain JSON after 3 attempts: could not parse JSON from model output:
{
  "final_output": "Day 1: Accommodation at Hilton Savannah DeSoto (Children-friendly, budget: $150) ; Meal at Carmine's Savannah (Mediterranean, Mexican, French, Indian cuisines) ; Attraction: visit Forsyth Park Costs: Accommodation($150), Meal($50), Attraction($0). Total cost: $200.\nDay 2: Accommodation at the Bohemian Hotel Savannah Riverfront (Children-friendly, budget: $180) ; Meal at S assertNull border Definitely Local Attractions y millennium Dot indoor restaurant Btickets w believing7); retrying in 12s
[RETRY] selfcheckgpt task=tp_nonsynth_mf2_000030 seed=2 attempt 4/5 failed (failed to obtain JSON after 3 attempts: could not parse JSON from model output:
{
  "final_output": "Day 1: Accommodation at Hilton Savannah DeSoto (Children-friendly, budget: $150) ; Meal at Carmine's Savannah (Mediterranean, Mexican, French, Indian cuisines) ; Attraction: visit Forsyth Park Costs: Accommodation($150), Meal($50), Attraction($0). Total cost: $200.\nDay 2: Accommodation at the Bohemian Hotel Savannah Riverfront (Children-friendly, budget: $180) ; Meal at S assertNull border Definitely Local Attractions y millennium Dot indoor restaurant Btickets w believing7); retrying in 24s
[ERROR] selfcheckgpt failed task=tp_nonsynth_mf2_000030 seed=2: failed to obtain JSON after 3 attempts: could not parse JSON from model output:
{
  "final_output": "Day 1: Accommodation at Hilton Savannah DeSoto (Children-friendly, budget: $150) ; Meal at Carmine's Savannah (Mediterranean, Mexican, French, Indian cuisines) ; Attraction: visit Forsyth Park Costs: Accommodation($150), Meal($50), Attraction($0). Total cost: $200.\nDay 2: Accommodation at the Bohemian Hotel Savannah Riverfront (Children-friendly, budget: $180) ; Meal at S assertNull border Definitely Local Attractions y millennium Dot indoor restaurant Btickets w believing7
[RETRY] selfcheckgpt task=tp_nonsynth_mf2_000031 seed=1 attempt 1/5 failed (failed to obtain JSON after 3 attempts: could not parse JSON from model output:
{
  "final_output": {
    "Day 1": {
      "Accommodation": "Breakfast at Eggs Over Easy",
      "Attractions": "Visit the Museum of the West. Get some ice cream at High Lonesome Vanilla.",
      "Cost": "$110.95"
    },
    "Day 2": {
      "Accommodation": "Check-in at the Comfort Inn. Rest during the day at Disch Pool Pool and rest of halls. Snack at Potsticker Ramen food truck.",
      "Attractions": "Visit the Eureka! McConnell Science Museum.",
      "Cost": "$160.62"
    },
    "Day 3": {); retrying in 3s
[RETRY] selfcheckgpt task=tp_nonsynth_mf2_000031 seed=1 attempt 2/5 failed (failed to obtain JSON after 3 attempts: could not parse JSON from model output:
{
  "final_output": {
    "Day 1": {
      "Accommodation": "Breakfast at Eggs Over Easy",
      "Attractions": "Visit the Museum of the West. Get some ice cream at High Lonesome Vanilla.",
      "Cost": "$110.95"
    },
    "Day 2": {
      "Accommodation": "Check-in at the Comfort Inn. Rest during the day at Disch Pool Pool and rest of halls. Snack at Potsticker Ramen food truck.",
      "Attractions": "Visit the Eureka! McConnell Science Museum.",
      "Cost": "$160.62"
    },
    "Day 3": {); retrying in 6s
[RETRY] selfcheckgpt task=tp_nonsynth_mf2_000031 seed=1 attempt 3/5 failed (failed to obtain JSON after 3 attempts: could not parse JSON from model output:
{
  "final_output": {
    "Day 1": {
      "Accommodation": "Breakfast at Eggs Over Easy",
      "Attractions": "Visit the Museum of the West. Get some ice cream at High Lonesome Vanilla.",
      "Cost": "$110.95"
    },
    "Day 2": {
      "Accommodation": "Check-in at the Comfort Inn. Rest during the day at Disch Pool Pool and rest of halls. Snack at Potsticker Ramen food truck.",
      "Attractions": "Visit the Eureka! McConnell Science Museum.",
      "Cost": "$160.62"
    },
    "Day 3": {); retrying in 12s
[RETRY] selfcheckgpt task=tp_nonsynth_mf2_000031 seed=1 attempt 4/5 failed (failed to obtain JSON after 3 attempts: could not parse JSON from model output:
{
  "final_output": {
    "Day 1": {
      "Accommodation": "Breakfast at Eggs Over Easy",
      "Attractions": "Visit the Museum of the West. Get some ice cream at High Lonesome Vanilla.",
      "Cost": "$110.95"
    },
    "Day 2": {
      "Accommodation": "Check-in at the Comfort Inn. Rest during the day at Disch Pool Pool and rest of halls. Snack at Potsticker Ramen food truck.",
      "Attractions": "Visit the Eureka! McConnell Science Museum.",
      "Cost": "$160.62"
    },
    "Day 3": {); retrying in 24s
[ERROR] selfcheckgpt failed task=tp_nonsynth_mf2_000031 seed=1: failed to obtain JSON after 3 attempts: could not parse JSON from model output:
{
  "final_output": {
    "Day 1": {
      "Accommodation": "Breakfast at Eggs Over Easy",
      "Attractions": "Visit the Museum of the West. Get some ice cream at High Lonesome Vanilla.",
      "Cost": "$110.95"
    },
    "Day 2": {
      "Accommodation": "Check-in at the Comfort Inn. Rest during the day at Disch Pool Pool and rest of halls. Snack at Potsticker Ramen food truck.",
      "Attractions": "Visit the Eureka! McConnell Science Museum.",
      "Cost": "$160.62"
    },
    "Day 3": {
  N=2 tp_nonsynth_mf2_000029 seed=1 arm=intro_specter level=hard: per_fault={'budget': True, 'days': True} all_resolved=True n_resolved=2/2 tokens=(5390,2208)
  N=2 tp_nonsynth_mf2_000029 seed=2 arm=direct level=hard: per_fault={'budget': False, 'days': True} all_resolved=False n_resolved=1/2 tokens=(1681,1238)
  N=2 tp_nonsynth_mf2_000029 seed=2 arm=self_refine level=hard: per_fault={'budget': False, 'days': True} all_resolved=False n_resolved=1/2 tokens=(4713,2528)
  N=2 tp_nonsynth_mf2_000029 seed=2 arm=full_regen level=hard: per_fault={'budget': True, 'days': True} all_resolved=True n_resolved=2/2 tokens=(3342,2404)
  N=2 tp_nonsynth_mf2_000029 seed=2 arm=react level=hard: per_fault={'budget': True, 'days': True} all_resolved=True n_resolved=2/2 tokens=(3395,2711)
  N=2 tp_nonsynth_mf2_000029 seed=2 arm=selfcheckgpt level=hard: per_fault={'budget': False, 'days': True} all_resolved=False n_resolved=1/2 tokens=(13181,2800)
  N=2 tp_nonsynth_mf2_000029 seed=2 arm=reflexion level=hard: per_fault={'budget': False, 'days': True} all_resolved=False n_resolved=1/2 tokens=(15407,4206)
  N=2 tp_nonsynth_mf2_000029 seed=2 arm=intro_specter level=hard: per_fault={'budget': True, 'days': True} all_resolved=True n_resolved=2/2 tokens=(4867,2450)
  N=2 tp_nonsynth_mf2_000030 seed=0 arm=direct level=hard: per_fault={'budget': True, 'days': True} all_resolved=True n_resolved=2/2 tokens=(1738,1041)
  N=2 tp_nonsynth_mf2_000030 seed=0 arm=self_refine level=hard: per_fault={'budget': True, 'days': True} all_resolved=True n_resolved=2/2 tokens=(4610,2298)
  N=2 tp_nonsynth_mf2_000030 seed=0 arm=full_regen level=hard: per_fault={'budget': False, 'days': True} all_resolved=False n_resolved=1/2 tokens=(3460,2245)
  N=2 tp_nonsynth_mf2_000030 seed=0 arm=react level=hard: per_fault={'budget': False, 'days': True} all_resolved=False n_resolved=1/2 tokens=(3513,2532)
  N=2 tp_nonsynth_mf2_000030 seed=0 arm=reflexion level=hard: per_fault={'budget': True, 'days': True} all_resolved=True n_resolved=2/2 tokens=(1738,1041)
  N=2 tp_nonsynth_mf2_000030 seed=0 arm=intro_specter level=hard: per_fault={'budget': True, 'days': True} all_resolved=True n_resolved=2/2 tokens=(4748,1712)
  N=2 tp_nonsynth_mf2_000030 seed=1 arm=direct level=hard: per_fault={'budget': True, 'days': True} all_resolved=True n_resolved=2/2 tokens=(1738,1041)
  N=2 tp_nonsynth_mf2_000030 seed=1 arm=self_refine level=hard: per_fault={'budget': True, 'days': True} all_resolved=True n_resolved=2/2 tokens=(4610,2298)
  N=2 tp_nonsynth_mf2_000030 seed=1 arm=full_regen level=hard: per_fault={'budget': False, 'days': True} all_resolved=False n_resolved=1/2 tokens=(3440,2138)
  N=2 tp_nonsynth_mf2_000030 seed=1 arm=react level=hard: per_fault={'budget': False, 'days': True} all_resolved=False n_resolved=1/2 tokens=(3513,2532)
  N=2 tp_nonsynth_mf2_000030 seed=1 arm=selfcheckgpt level=hard: per_fault={'budget': True, 'days': True} all_resolved=True n_resolved=2/2 tokens=(13724,2793)
  N=2 tp_nonsynth_mf2_000030 seed=1 arm=reflexion level=hard: per_fault={'budget': True, 'days': True} all_resolved=True n_resolved=2/2 tokens=(1738,1041)
  N=2 tp_nonsynth_mf2_000030 seed=1 arm=intro_specter level=hard: per_fault={'budget': True, 'days': True} all_resolved=True n_resolved=2/2 tokens=(4748,1712)
  N=2 tp_nonsynth_mf2_000030 seed=2 arm=direct level=hard: per_fault={'budget': False, 'days': True} all_resolved=False n_resolved=1/2 tokens=(1702,985)
  N=2 tp_nonsynth_mf2_000030 seed=2 arm=self_refine level=hard: per_fault={'budget': False, 'days': True} all_resolved=False n_resolved=1/2 tokens=(4648,2229)
  N=2 tp_nonsynth_mf2_000030 seed=2 arm=full_regen level=hard: per_fault={'budget': False, 'days': True} all_resolved=False n_resolved=1/2 tokens=(3404,1732)
  N=2 tp_nonsynth_mf2_000030 seed=2 arm=react level=hard: per_fault={'budget': False, 'days': True} all_resolved=False n_resolved=1/2 tokens=(3457,1871)
  N=2 tp_nonsynth_mf2_000030 seed=2 arm=reflexion level=hard: per_fault={'budget': True, 'days': True} all_resolved=True n_resolved=2/2 tokens=(7673,2416)
  N=2 tp_nonsynth_mf2_000030 seed=2 arm=intro_specter level=hard: per_fault={'budget': False, 'days': True} all_resolved=False n_resolved=1/2 tokens=(4782,2342)
  N=2 tp_nonsynth_mf2_000031 seed=0 arm=direct level=hard: per_fault={'budget': False, 'days': True} all_resolved=False n_resolved=1/2 tokens=(1540,2738)
  N=2 tp_nonsynth_mf2_000031 seed=0 arm=self_refine level=hard: per_fault={'budget': False, 'days': True} all_resolved=False n_resolved=1/2 tokens=(6497,6797)
  N=2 tp_nonsynth_mf2_000031 seed=0 arm=full_regen level=hard: per_fault={'budget': True, 'days': True} all_resolved=True n_resolved=2/2 tokens=(3080,4366)
  N=2 tp_nonsynth_mf2_000031 seed=0 arm=react level=hard: per_fault={'budget': True, 'days': True} all_resolved=True n_resolved=2/2 tokens=(3153,4694)
  N=2 tp_nonsynth_mf2_000031 seed=0 arm=selfcheckgpt level=hard: per_fault={'budget': False, 'days': True} all_resolved=False n_resolved=1/2 tokens=(11941,4672)
  N=2 tp_nonsynth_mf2_000031 seed=0 arm=reflexion level=hard: per_fault={'budget': True, 'days': True} all_resolved=True n_resolved=2/2 tokens=(11544,6308)
  N=2 tp_nonsynth_mf2_000031 seed=0 arm=intro_specter level=hard: per_fault={'budget': False, 'days': True} all_resolved=False n_resolved=1/2 tokens=(6651,5954)
  N=2 tp_nonsynth_mf2_000031 seed=1 arm=direct level=hard: per_fault={'budget': False, 'days': True} all_resolved=False n_resolved=1/2 tokens=(1540,2738)
  N=2 tp_nonsynth_mf2_000031 seed=1 arm=self_refine level=hard: per_fault={'budget': False, 'days': True} all_resolved=False n_resolved=1/2 tokens=(6497,6797)
  N=2 tp_nonsynth_mf2_000031 seed=1 arm=full_regen level=hard: per_fault={'budget': True, 'days': True} all_resolved=True n_resolved=2/2 tokens=(3100,4015)
  N=2 tp_nonsynth_mf2_000031 seed=1 arm=react level=hard: per_fault={'budget': True, 'days': True} all_resolved=True n_resolved=2/2 tokens=(3153,4694)
  N=2 tp_nonsynth_mf2_000031 seed=1 arm=reflexion level=hard: per_fault={'budget': True, 'days': True} all_resolved=True n_resolved=2/2 tokens=(11544,6308)
  N=2 tp_nonsynth_mf2_000031 seed=1 arm=intro_specter level=hard: per_fault={'budget': False, 'days': True} all_resolved=False n_resolved=1/2 tokens=(6651,5954)
  N=2 tp_nonsynth_mf2_000031 seed=2 arm=direct level=hard: per_fault={'budget': False, 'days': True} all_resolved=False n_resolved=1/2 tokens=(1540,2738)
  N=2 tp_nonsynth_mf2_000031 seed=2 arm=self_refine level=hard: per_fault={'budget': False, 'days': True} all_resolved=False n_resolved=1/2 tokens=(6477,6249)
  N=2 tp_nonsynth_mf2_000031 seed=2 arm=full_regen level=hard: per_fault={'budget': False, 'days': True} all_resolved=False n_resolved=1/2 tokens=(3080,5477)
  N=2 tp_nonsynth_mf2_000031 seed=2 arm=react level=hard: per_fault={'budget': True, 'days': True} all_resolved=True n_resolved=2/2 tokens=(3153,4834)
  N=2 tp_nonsynth_mf2_000031 seed=2 arm=selfcheckgpt level=hard: per_fault={'budget': False, 'days': True} all_resolved=False n_resolved=1/2 tokens=(11954,4888)
  N=2 tp_nonsynth_mf2_000031 seed=2 arm=reflexion level=hard: per_fault={'budget': True, 'days': True} all_resolved=True n_resolved=2/2 tokens=(11477,6245)
  N=2 tp_nonsynth_mf2_000031 seed=2 arm=intro_specter level=hard: per_fault={'budget': False, 'days': True} all_resolved=False n_resolved=1/2 tokens=(6651,5954)
  N=2 tp_nonsynth_mf2_000032 seed=0 arm=direct level=easy: per_fault={'budget': False, 'days': True} all_resolved=False n_resolved=1/2 tokens=(1434,787)
  N=2 tp_nonsynth_mf2_000032 seed=0 arm=self_refine level=easy: per_fault={'budget': True, 'days': True} all_resolved=True n_resolved=2/2 tokens=(3784,1540)
  N=2 tp_nonsynth_mf2_000032 seed=0 arm=full_regen level=easy: per_fault={'budget': False, 'days': True} all_resolved=False n_resolved=1/2 tokens=(2868,1820)
  N=2 tp_nonsynth_mf2_000032 seed=0 arm=react level=easy: per_fault={'budget': False, 'days': True} all_resolved=False n_resolved=1/2 tokens=(2901,1671)
  N=2 tp_nonsynth_mf2_000032 seed=0 arm=selfcheckgpt level=easy: per_fault={'budget': False, 'days': True} all_resolved=False n_resolved=1/2 tokens=(11136,2565)
  N=2 tp_nonsynth_mf2_000032 seed=0 arm=reflexion level=easy: per_fault={'budget': True, 'days': True} all_resolved=True n_resolved=2/2 tokens=(6167,1811)
  N=2 tp_nonsynth_mf2_000032 seed=0 arm=intro_specter level=easy: per_fault={'budget': False, 'days': False} all_resolved=False n_resolved=0/2 tokens=(3902,1523)
  N=2 tp_nonsynth_mf2_000032 seed=1 arm=direct level=easy: per_fault={'budget': False, 'days': True} all_resolved=False n_resolved=1/2 tokens=(1434,787)
  N=2 tp_nonsynth_mf2_000032 seed=1 arm=self_refine level=easy: per_fault={'budget': True, 'days': True} all_resolved=True n_resolved=2/2 tokens=(3784,1540)
  N=2 tp_nonsynth_mf2_000032 seed=1 arm=full_regen level=easy: per_fault={'budget': True, 'days': True} all_resolved=True n_resolved=2/2 tokens=(2848,1701)
  N=2 tp_nonsynth_mf2_000032 seed=1 arm=react level=easy: per_fault={'budget': False, 'days': True} all_resolved=False n_resolved=1/2 tokens=(2901,1671)
  N=2 tp_nonsynth_mf2_000032 seed=1 arm=selfcheckgpt level=easy: per_fault={'budget': False, 'days': True} all_resolved=False n_resolved=1/2 tokens=(11240,2599)
  N=2 tp_nonsynth_mf2_000032 seed=1 arm=reflexion level=easy: per_fault={'budget': True, 'days': True} all_resolved=True n_resolved=2/2 tokens=(6167,1811)
  N=2 tp_nonsynth_mf2_000032 seed=1 arm=intro_specter level=easy: per_fault={'budget': False, 'days': False} all_resolved=False n_resolved=0/2 tokens=(3902,1523)
  N=2 tp_nonsynth_mf2_000032 seed=2 arm=direct level=easy: per_fault={'budget': False, 'days': True} all_resolved=False n_resolved=1/2 tokens=(1414,677)
  N=2 tp_nonsynth_mf2_000032 seed=2 arm=self_refine level=easy: per_fault={'budget': False, 'days': True} all_resolved=False n_resolved=1/2 tokens=(3654,1847)
  N=2 tp_nonsynth_mf2_000032 seed=2 arm=full_regen level=easy: per_fault={'budget': False, 'days': True} all_resolved=False n_resolved=1/2 tokens=(2848,2014)
  N=2 tp_nonsynth_mf2_000032 seed=2 arm=react level=easy: per_fault={'budget': True, 'days': True} all_resolved=True n_resolved=2/2 tokens=(2916,1322)
  N=2 tp_nonsynth_mf2_000032 seed=2 arm=selfcheckgpt level=easy: per_fault={'budget': False, 'days': True} all_resolved=False n_resolved=1/2 tokens=(11307,2363)
  N=2 tp_nonsynth_mf2_000032 seed=2 arm=reflexion level=easy: per_fault={'budget': False, 'days': True} all_resolved=False n_resolved=1/2 tokens=(11466,2610)
  N=2 tp_nonsynth_mf2_000032 seed=2 arm=intro_specter level=easy: per_fault={'budget': True, 'days': True} all_resolved=True n_resolved=2/2 tokens=(3792,1652)
  N=2 tp_nonsynth_mf2_000033 seed=0 arm=direct level=hard: per_fault={'budget': True, 'days': True} all_resolved=True n_resolved=2/2 tokens=(1484,912)
  N=2 tp_nonsynth_mf2_000033 seed=0 arm=self_refine level=hard: per_fault={'budget': True, 'days': True} all_resolved=True n_resolved=2/2 tokens=(3972,2321)
  N=2 tp_nonsynth_mf2_000033 seed=0 arm=full_regen level=hard: per_fault={'budget': False, 'days': True} all_resolved=False n_resolved=1/2 tokens=(2988,2692)
  N=2 tp_nonsynth_mf2_000033 seed=0 arm=react level=hard: per_fault={'budget': True, 'days': True} all_resolved=True n_resolved=2/2 tokens=(3041,2020)
  N=2 tp_nonsynth_mf2_000033 seed=0 arm=selfcheckgpt level=hard: per_fault={'budget': True, 'days': True} all_resolved=True n_resolved=2/2 tokens=(20158,3309)
  N=2 tp_nonsynth_mf2_000033 seed=0 arm=reflexion level=hard: per_fault={'budget': True, 'days': True} all_resolved=True n_resolved=2/2 tokens=(1484,912)
  N=2 tp_nonsynth_mf2_000033 seed=0 arm=intro_specter level=hard: per_fault={'budget': True, 'days': True} all_resolved=True n_resolved=2/2 tokens=(4146,1620)
  N=2 tp_nonsynth_mf2_000033 seed=1 arm=direct level=hard: per_fault={'budget': True, 'days': True} all_resolved=True n_resolved=2/2 tokens=(1484,912)
  N=2 tp_nonsynth_mf2_000033 seed=1 arm=self_refine level=hard: per_fault={'budget': True, 'days': True} all_resolved=True n_resolved=2/2 tokens=(3972,2321)
  N=2 tp_nonsynth_mf2_000033 seed=1 arm=full_regen level=hard: per_fault={'budget': False, 'days': True} all_resolved=False n_resolved=1/2 tokens=(3004,2046)
  N=2 tp_nonsynth_mf2_000033 seed=1 arm=react level=hard: per_fault={'budget': True, 'days': True} all_resolved=True n_resolved=2/2 tokens=(3041,2020)
  N=2 tp_nonsynth_mf2_000033 seed=1 arm=selfcheckgpt level=hard: per_fault={'budget': True, 'days': True} all_resolved=True n_resolved=2/2 tokens=(17533,2737)
  N=2 tp_nonsynth_mf2_000033 seed=1 arm=reflexion level=hard: per_fault={'budget': True, 'days': True} all_resolved=True n_resolved=2/2 tokens=(1484,912)
  N=2 tp_nonsynth_mf2_000033 seed=1 arm=intro_specter level=hard: per_fault={'budget': True, 'days': True} all_resolved=True n_resolved=2/2 tokens=(4146,1620)
  N=2 tp_nonsynth_mf2_000033 seed=2 arm=direct level=hard: per_fault={'budget': True, 'days': True} all_resolved=True n_resolved=2/2 tokens=(1484,912)
  N=2 tp_nonsynth_mf2_000033 seed=2 arm=self_refine level=hard: per_fault={'budget': True, 'days': True} all_resolved=True n_resolved=2/2 tokens=(4008,2162)
  N=2 tp_nonsynth_mf2_000033 seed=2 arm=full_regen level=hard: per_fault={'budget': False, 'days': True} all_resolved=False n_resolved=1/2 tokens=(2968,1778)
  N=2 tp_nonsynth_mf2_000033 seed=2 arm=react level=hard: per_fault={'budget': False, 'days': True} all_resolved=False n_resolved=1/2 tokens=(3021,1545)
  N=2 tp_nonsynth_mf2_000033 seed=2 arm=selfcheckgpt level=hard: per_fault={'budget': True, 'days': True} all_resolved=True n_resolved=2/2 tokens=(20222,3334)
  N=2 tp_nonsynth_mf2_000033 seed=2 arm=reflexion level=hard: per_fault={'budget': True, 'days': True} all_resolved=True n_resolved=2/2 tokens=(1484,912)
  N=2 tp_nonsynth_mf2_000033 seed=2 arm=intro_specter level=hard: per_fault={'budget': True, 'days': True} all_resolved=True n_resolved=2/2 tokens=(4146,1620)
  N=2 tp_nonsynth_mf2_000034 seed=0 arm=direct level=hard: per_fault={'budget': False, 'days': True} all_resolved=False n_resolved=1/2 tokens=(1587,1623)
  N=2 tp_nonsynth_mf2_000034 seed=0 arm=self_refine level=hard: per_fault={'budget': False, 'days': True} all_resolved=False n_resolved=1/2 tokens=(4993,3143)
  N=2 tp_nonsynth_mf2_000034 seed=0 arm=full_regen level=hard: per_fault={'budget': True, 'days': True} all_resolved=True n_resolved=2/2 tokens=(3174,2408)
  N=2 tp_nonsynth_mf2_000034 seed=0 arm=react level=hard: per_fault={'budget': True, 'days': True} all_resolved=True n_resolved=2/2 tokens=(3227,2218)
  N=2 tp_nonsynth_mf2_000034 seed=0 arm=selfcheckgpt level=hard: per_fault={'budget': False, 'days': True} all_resolved=False n_resolved=1/2 tokens=(17395,3011)
  N=2 tp_nonsynth_mf2_000034 seed=0 arm=reflexion level=hard: per_fault={'budget': False, 'days': True} all_resolved=False n_resolved=1/2 tokens=(17430,5635)
  N=2 tp_nonsynth_mf2_000034 seed=0 arm=intro_specter level=hard: per_fault={'budget': False, 'days': False} all_resolved=False n_resolved=0/2 tokens=(5163,2848)
  N=2 tp_nonsynth_mf2_000034 seed=1 arm=direct level=hard: per_fault={'budget': False, 'days': True} all_resolved=False n_resolved=1/2 tokens=(1587,1623)
  N=2 tp_nonsynth_mf2_000034 seed=1 arm=self_refine level=hard: per_fault={'budget': False, 'days': True} all_resolved=False n_resolved=1/2 tokens=(4993,3143)
  N=2 tp_nonsynth_mf2_000034 seed=1 arm=full_regen level=hard: per_fault={'budget': False, 'days': True} all_resolved=False n_resolved=1/2 tokens=(3174,2424)
  N=2 tp_nonsynth_mf2_000034 seed=1 arm=react level=hard: per_fault={'budget': True, 'days': True} all_resolved=True n_resolved=2/2 tokens=(3227,2218)
  N=2 tp_nonsynth_mf2_000034 seed=1 arm=selfcheckgpt level=hard: per_fault={'budget': False, 'days': True} all_resolved=False n_resolved=1/2 tokens=(17517,3056)
  N=2 tp_nonsynth_mf2_000034 seed=1 arm=reflexion level=hard: per_fault={'budget': False, 'days': True} all_resolved=False n_resolved=1/2 tokens=(17430,5635)
  N=2 tp_nonsynth_mf2_000034 seed=1 arm=intro_specter level=hard: per_fault={'budget': False, 'days': False} all_resolved=False n_resolved=0/2 tokens=(5163,2848)
  N=2 tp_nonsynth_mf2_000034 seed=2 arm=direct level=hard: per_fault={'budget': False, 'days': True} all_resolved=False n_resolved=1/2 tokens=(1607,1360)
[RETRY] selfcheckgpt task=tp_nonsynth_mf2_000035 seed=0 attempt 1/5 failed (failed to obtain JSON after 3 attempts: could not parse JSON from model output:
{
  "final_output": "Here's a sample day-by-day plan for a week-long trip for three people starting in Eau Claire and intending to visit 3 unique cities in Illinois from March 20th to March 26th, 2022:\n\nDay 1: March 20th\nAccommodation: Book a room at \u26CB {\n    Address: 9 Main St, Rockford, IL 61101, USA,\n    Phone: 815-242-7722,\n    Website: https://www.super8rockfordil.com/\n    Cast: $121.49,'' Bus: -$88\n    }\n\nDay 1:\n    Restaurant 1: Including American, meals can be found at Arb); retrying in 3s
[RETRY] selfcheckgpt task=tp_nonsynth_mf2_000035 seed=0 attempt 2/5 failed (failed to obtain JSON after 3 attempts: could not parse JSON from model output:
{
  "final_output": "Here's a sample day-by-day plan for a week-long trip for three people starting in Eau Claire and intending to visit 3 unique cities in Illinois from March 20th to March 26th, 2022:\n\nDay 1: March 20th\nAccommodation: Book a room at \u26CB {\n    Address: 9 Main St, Rockford, IL 61101, USA,\n    Phone: 815-242-7722,\n    Website: https://www.super8rockfordil.com/\n    Cast: $121.49,'' Bus: -$88\n    }\n\nDay 1:\n    Restaurant 1: Including American, meals can be found at Arb); retrying in 6s
[RETRY] selfcheckgpt task=tp_nonsynth_mf2_000035 seed=0 attempt 3/5 failed (failed to obtain JSON after 3 attempts: could not parse JSON from model output:
{
  "final_output": "Here's a sample day-by-day plan for a week-long trip for three people starting in Eau Claire and intending to visit 3 unique cities in Illinois from March 20th to March 26th, 2022:\n\nDay 1: March 20th\nAccommodation: Book a room at \u26CB {\n    Address: 9 Main St, Rockford, IL 61101, USA,\n    Phone: 815-242-7722,\n    Website: https://www.super8rockfordil.com/\n    Cast: $121.49,'' Bus: -$88\n    }\n\nDay 1:\n    Restaurant 1: Including American, meals can be found at Arb); retrying in 12s
[RETRY] selfcheckgpt task=tp_nonsynth_mf2_000035 seed=0 attempt 4/5 failed (failed to obtain JSON after 3 attempts: could not parse JSON from model output:
{
  "final_output": "Here's a sample day-by-day plan for a week-long trip for three people starting in Eau Claire and intending to visit 3 unique cities in Illinois from March 20th to March 26th, 2022:\n\nDay 1: March 20th\nAccommodation: Book a room at \u26CB {\n    Address: 9 Main St, Rockford, IL 61101, USA,\n    Phone: 815-242-7722,\n    Website: https://www.super8rockfordil.com/\n    Cast: $121.49,'' Bus: -$88\n    }\n\nDay 1:\n    Restaurant 1: Including American, meals can be found at Arb); retrying in 24s
[ERROR] selfcheckgpt failed task=tp_nonsynth_mf2_000035 seed=0: failed to obtain JSON after 3 attempts: could not parse JSON from model output:
{
  "final_output": "Here's a sample day-by-day plan for a week-long trip for three people starting in Eau Claire and intending to visit 3 unique cities in Illinois from March 20th to March 26th, 2022:\n\nDay 1: March 20th\nAccommodation: Book a room at \u26CB {\n    Address: 9 Main St, Rockford, IL 61101, USA,\n    Phone: 815-242-7722,\n    Website: https://www.super8rockfordil.com/\n    Cast: $121.49,'' Bus: -$88\n    }\n\nDay 1:\n    Restaurant 1: Including American, meals can be found at Arb
[RETRY] selfcheckgpt task=tp_nonsynth_mf2_000035 seed=2 attempt 1/5 failed (failed to obtain JSON after 3 attempts: could not parse JSON from model output:
{
  "final_output": "The concrete day-by-day plan for the week-long trip to Illinois is as follows:\nDay 1:\nAccommodation: Book a room at the Grand Hotel (permitting visitors, budget $180),\nMeals: Breakfast at the American diner (cost $10), lunch at a local Chinese restaurant (cost $20), dinner at a French bistro (cost $40),\nAttractions: Visit the Rockford Art Museum (cost $5),\nCost: $195.\nDay 2:\nAccommodation: Book a room at the Boutique Hotel (permitting visitors, budget $160),\nMeals: B); retrying in 3s
[RETRY] selfcheckgpt task=tp_nonsynth_mf2_000035 seed=2 attempt 2/5 failed (failed to obtain JSON after 3 attempts: could not parse JSON from model output:
{
  "final_output": "The concrete day-by-day plan for the week-long trip to Illinois is as follows:\nDay 1:\nAccommodation: Book a room at the Grand Hotel (permitting visitors, budget $180),\nMeals: Breakfast at the American diner (cost $10), lunch at a local Chinese restaurant (cost $20), dinner at a French bistro (cost $40),\nAttractions: Visit the Rockford Art Museum (cost $5),\nCost: $195.\nDay 2:\nAccommodation: Book a room at the Boutique Hotel (permitting visitors, budget $160),\nMeals: B); retrying in 6s
[RETRY] selfcheckgpt task=tp_nonsynth_mf2_000035 seed=2 attempt 3/5 failed (failed to obtain JSON after 3 attempts: could not parse JSON from model output:
{
  "final_output": "The concrete day-by-day plan for the week-long trip to Illinois is as follows:\nDay 1:\nAccommodation: Book a room at the Grand Hotel (permitting visitors, budget $180),\nMeals: Breakfast at the American diner (cost $10), lunch at a local Chinese restaurant (cost $20), dinner at a French bistro (cost $40),\nAttractions: Visit the Rockford Art Museum (cost $5),\nCost: $195.\nDay 2:\nAccommodation: Book a room at the Boutique Hotel (permitting visitors, budget $160),\nMeals: B); retrying in 12s
[RETRY] selfcheckgpt task=tp_nonsynth_mf2_000035 seed=2 attempt 4/5 failed (failed to obtain JSON after 3 attempts: could not parse JSON from model output:
{
  "final_output": "The concrete day-by-day plan for the week-long trip to Illinois is as follows:\nDay 1:\nAccommodation: Book a room at the Grand Hotel (permitting visitors, budget $180),\nMeals: Breakfast at the American diner (cost $10), lunch at a local Chinese restaurant (cost $20), dinner at a French bistro (cost $40),\nAttractions: Visit the Rockford Art Museum (cost $5),\nCost: $195.\nDay 2:\nAccommodation: Book a room at the Boutique Hotel (permitting visitors, budget $160),\nMeals: B); retrying in 24s
[ERROR] selfcheckgpt failed task=tp_nonsynth_mf2_000035 seed=2: failed to obtain JSON after 3 attempts: could not parse JSON from model output:
{
  "final_output": "The concrete day-by-day plan for the week-long trip to Illinois is as follows:\nDay 1:\nAccommodation: Book a room at the Grand Hotel (permitting visitors, budget $180),\nMeals: Breakfast at the American diner (cost $10), lunch at a local Chinese restaurant (cost $20), dinner at a French bistro (cost $40),\nAttractions: Visit the Rockford Art Museum (cost $5),\nCost: $195.\nDay 2:\nAccommodation: Book a room at the Boutique Hotel (permitting visitors, budget $160),\nMeals: B
[RETRY] selfcheckgpt task=tp_nonsynth_mf2_000036 seed=0 attempt 1/5 failed (failed to obtain JSON after 3 attempts: could not parse JSON from model output:
{
  "final_output": "Day 1: Salt Lake City to San Diego\nAccommodation: Hotel Private Room at $150\nMeals: Breakfast at Pancake House ($10), Lunch at Subway ($10), Dinner at Hard Rock Cafe ($20)\nAttractions: Cabrillo National Monument (free)\nTotal cost: $180\n\nDay 2-5: San Diego\nDay 2: Accommodation: Hotel private room at $150, Meals: Breakfast at Bob's, Lunch at In-N-Out ($10), Dinner at Baja Fresh ($12)\nAttractions: Old Town San Diego (free), Balboa Park (free)\nDay 3: Accommodation: Hote); retrying in 3s
[RETRY] selfcheckgpt task=tp_nonsynth_mf2_000036 seed=0 attempt 2/5 failed (failed to obtain JSON after 3 attempts: could not parse JSON from model output:
{
  "final_output": "Day 1: Salt Lake City to San Diego\nAccommodation: Hotel Private Room at $150\nMeals: Breakfast at Pancake House ($10), Lunch at Subway ($10), Dinner at Hard Rock Cafe ($20)\nAttractions: Cabrillo National Monument (free)\nTotal cost: $180\n\nDay 2-5: San Diego\nDay 2: Accommodation: Hotel private room at $150, Meals: Breakfast at Bob's, Lunch at In-N-Out ($10), Dinner at Baja Fresh ($12)\nAttractions: Old Town San Diego (free), Balboa Park (free)\nDay 3: Accommodation: Hote); retrying in 6s
[RETRY] selfcheckgpt task=tp_nonsynth_mf2_000036 seed=0 attempt 3/5 failed (failed to obtain JSON after 3 attempts: could not parse JSON from model output:
{
  "final_output": "Day 1: Salt Lake City to San Diego\nAccommodation: Hotel Private Room at $150\nMeals: Breakfast at Pancake House ($10), Lunch at Subway ($10), Dinner at Hard Rock Cafe ($20)\nAttractions: Cabrillo National Monument (free)\nTotal cost: $180\n\nDay 2-5: San Diego\nDay 2: Accommodation: Hotel private room at $150, Meals: Breakfast at Bob's, Lunch at In-N-Out ($10), Dinner at Baja Fresh ($12)\nAttractions: Old Town San Diego (free), Balboa Park (free)\nDay 3: Accommodation: Hote); retrying in 12s
[RETRY] selfcheckgpt task=tp_nonsynth_mf2_000036 seed=0 attempt 4/5 failed (failed to obtain JSON after 3 attempts: could not parse JSON from model output:
{
  "final_output": "Day 1: Salt Lake City to San Diego\nAccommodation: Hotel Private Room at $150\nMeals: Breakfast at Pancake House ($10), Lunch at Subway ($10), Dinner at Hard Rock Cafe ($20)\nAttractions: Cabrillo National Monument (free)\nTotal cost: $180\n\nDay 2-5: San Diego\nDay 2: Accommodation: Hotel private room at $150, Meals: Breakfast at Bob's, Lunch at In-N-Out ($10), Dinner at Baja Fresh ($12)\nAttractions: Old Town San Diego (free), Balboa Park (free)\nDay 3: Accommodation: Hote); retrying in 24s
[ERROR] selfcheckgpt failed task=tp_nonsynth_mf2_000036 seed=0: failed to obtain JSON after 3 attempts: could not parse JSON from model output:
{
  "final_output": "Day 1: Salt Lake City to San Diego\nAccommodation: Hotel Private Room at $150\nMeals: Breakfast at Pancake House ($10), Lunch at Subway ($10), Dinner at Hard Rock Cafe ($20)\nAttractions: Cabrillo National Monument (free)\nTotal cost: $180\n\nDay 2-5: San Diego\nDay 2: Accommodation: Hotel private room at $150, Meals: Breakfast at Bob's, Lunch at In-N-Out ($10), Dinner at Baja Fresh ($12)\nAttractions: Old Town San Diego (free), Balboa Park (free)\nDay 3: Accommodation: Hote
[RETRY] selfcheckgpt task=tp_nonsynth_mf2_000036 seed=2 attempt 1/5 failed (failed to obtain JSON after 3 attempts: could not parse JSON from model output:
{
  "final_output": "Here's a 10-day travel itinerary for 2 people from Salt Lake City to California:\n\nDay 1: Salt Lake City to San Francisco\n\n* Accommodation: Ibis San Francisco Downtown\n* Meals: Dinner at Fisherman's Wharf, Breakfast at a nearby café\n* Attractions: Exploring Fisherman's Wharf and Pier 39\n\nDay 2: San Francisco\n\n* Accommodation: Ibis San Francisco Downtown\n* Meals: Lunch at a Chinese restaurant, Dinner at a seafood restaurant\n* Attractions: Visiting Alcatraz Island a); retrying in 3s
[RETRY] selfcheckgpt task=tp_nonsynth_mf2_000036 seed=2 attempt 2/5 failed (failed to obtain JSON after 3 attempts: could not parse JSON from model output:
{
  "final_output": "Here's a 10-day travel itinerary for 2 people from Salt Lake City to California:\n\nDay 1: Salt Lake City to San Francisco\n\n* Accommodation: Ibis San Francisco Downtown\n* Meals: Dinner at Fisherman's Wharf, Breakfast at a nearby café\n* Attractions: Exploring Fisherman's Wharf and Pier 39\n\nDay 2: San Francisco\n\n* Accommodation: Ibis San Francisco Downtown\n* Meals: Lunch at a Chinese restaurant, Dinner at a seafood restaurant\n* Attractions: Visiting Alcatraz Island a); retrying in 6s
[RETRY] selfcheckgpt task=tp_nonsynth_mf2_000036 seed=2 attempt 3/5 failed (failed to obtain JSON after 3 attempts: could not parse JSON from model output:
{
  "final_output": "Here's a 10-day travel itinerary for 2 people from Salt Lake City to California:\n\nDay 1: Salt Lake City to San Francisco\n\n* Accommodation: Ibis San Francisco Downtown\n* Meals: Dinner at Fisherman's Wharf, Breakfast at a nearby café\n* Attractions: Exploring Fisherman's Wharf and Pier 39\n\nDay 2: San Francisco\n\n* Accommodation: Ibis San Francisco Downtown\n* Meals: Lunch at a Chinese restaurant, Dinner at a seafood restaurant\n* Attractions: Visiting Alcatraz Island a); retrying in 12s
[RETRY] selfcheckgpt task=tp_nonsynth_mf2_000036 seed=2 attempt 4/5 failed (failed to obtain JSON after 3 attempts: could not parse JSON from model output:
{
  "final_output": "Here's a 10-day travel itinerary for 2 people from Salt Lake City to California:\n\nDay 1: Salt Lake City to San Francisco\n\n* Accommodation: Ibis San Francisco Downtown\n* Meals: Dinner at Fisherman's Wharf, Breakfast at a nearby café\n* Attractions: Exploring Fisherman's Wharf and Pier 39\n\nDay 2: San Francisco\n\n* Accommodation: Ibis San Francisco Downtown\n* Meals: Lunch at a Chinese restaurant, Dinner at a seafood restaurant\n* Attractions: Visiting Alcatraz Island a); retrying in 24s
[ERROR] selfcheckgpt failed task=tp_nonsynth_mf2_000036 seed=2: failed to obtain JSON after 3 attempts: could not parse JSON from model output:
{
  "final_output": "Here's a 10-day travel itinerary for 2 people from Salt Lake City to California:\n\nDay 1: Salt Lake City to San Francisco\n\n* Accommodation: Ibis San Francisco Downtown\n* Meals: Dinner at Fisherman's Wharf, Breakfast at a nearby café\n* Attractions: Exploring Fisherman's Wharf and Pier 39\n\nDay 2: San Francisco\n\n* Accommodation: Ibis San Francisco Downtown\n* Meals: Lunch at a Chinese restaurant, Dinner at a seafood restaurant\n* Attractions: Visiting Alcatraz Island a
[RETRY] selfcheckgpt task=tp_nonsynth_mf2_000037 seed=0 attempt 1/5 failed (failed to obtain JSON after 3 attempts: could not parse JSON from model output:
{
  "final_output": "Here is a 10-day travel itinerary for a solo trip from Dallas to Nebraska, with a budget of $8650.\n\nDay 1: Dallas, TX - Grand Island, NE\n* Accommodation: Hotel Grand, $120\n* Meals: Breakfast at Taylor's Café, $15; Lunch at The Railcar Gastropub, $25; Dinner at The Oak Room, $40\n* Attractions: Stuhr Museum, $10\n* Cost: $215\n\nDay 2: Grand Island, NE\n* Accommodation: Hampton Inn & Suites, $100\n* Meals: Breakfast at Cracker Barrel, $10; Lunch at La Mesa Mexican Restaur); retrying in 3s
[RETRY] selfcheckgpt task=tp_nonsynth_mf2_000037 seed=0 attempt 2/5 failed (failed to obtain JSON after 3 attempts: could not parse JSON from model output:
{
  "final_output": "Here is a 10-day travel itinerary for a solo trip from Dallas to Nebraska, with a budget of $8650.\n\nDay 1: Dallas, TX - Grand Island, NE\n* Accommodation: Hotel Grand, $120\n* Meals: Breakfast at Taylor's Café, $15; Lunch at The Railcar Gastropub, $25; Dinner at The Oak Room, $40\n* Attractions: Stuhr Museum, $10\n* Cost: $215\n\nDay 2: Grand Island, NE\n* Accommodation: Hampton Inn & Suites, $100\n* Meals: Breakfast at Cracker Barrel, $10; Lunch at La Mesa Mexican Restaur); retrying in 6s
[RETRY] selfcheckgpt task=tp_nonsynth_mf2_000037 seed=0 attempt 3/5 failed (failed to obtain JSON after 3 attempts: could not parse JSON from model output:
{
  "final_output": "Here is a 10-day travel itinerary for a solo trip from Dallas to Nebraska, with a budget of $8650.\n\nDay 1: Dallas, TX - Grand Island, NE\n* Accommodation: Hotel Grand, $120\n* Meals: Breakfast at Taylor's Café, $15; Lunch at The Railcar Gastropub, $25; Dinner at The Oak Room, $40\n* Attractions: Stuhr Museum, $10\n* Cost: $215\n\nDay 2: Grand Island, NE\n* Accommodation: Hampton Inn & Suites, $100\n* Meals: Breakfast at Cracker Barrel, $10; Lunch at La Mesa Mexican Restaur); retrying in 12s
[RETRY] selfcheckgpt task=tp_nonsynth_mf2_000037 seed=0 attempt 4/5 failed (failed to obtain JSON after 3 attempts: could not parse JSON from model output:
{
  "final_output": "Here is a 10-day travel itinerary for a solo trip from Dallas to Nebraska, with a budget of $8650.\n\nDay 1: Dallas, TX - Grand Island, NE\n* Accommodation: Hotel Grand, $120\n* Meals: Breakfast at Taylor's Café, $15; Lunch at The Railcar Gastropub, $25; Dinner at The Oak Room, $40\n* Attractions: Stuhr Museum, $10\n* Cost: $215\n\nDay 2: Grand Island, NE\n* Accommodation: Hampton Inn & Suites, $100\n* Meals: Breakfast at Cracker Barrel, $10; Lunch at La Mesa Mexican Restaur); retrying in 24s
[ERROR] selfcheckgpt failed task=tp_nonsynth_mf2_000037 seed=0: failed to obtain JSON after 3 attempts: could not parse JSON from model output:
{
  "final_output": "Here is a 10-day travel itinerary for a solo trip from Dallas to Nebraska, with a budget of $8650.\n\nDay 1: Dallas, TX - Grand Island, NE\n* Accommodation: Hotel Grand, $120\n* Meals: Breakfast at Taylor's Café, $15; Lunch at The Railcar Gastropub, $25; Dinner at The Oak Room, $40\n* Attractions: Stuhr Museum, $10\n* Cost: $215\n\nDay 2: Grand Island, NE\n* Accommodation: Hampton Inn & Suites, $100\n* Meals: Breakfast at Cracker Barrel, $10; Lunch at La Mesa Mexican Restaur
  N=2 tp_nonsynth_mf2_000034 seed=2 arm=self_refine level=hard: per_fault={'budget': False, 'days': True} all_resolved=False n_resolved=1/2 tokens=(4960,3337)
  N=2 tp_nonsynth_mf2_000034 seed=2 arm=full_regen level=hard: per_fault={'budget': True, 'days': True} all_resolved=True n_resolved=2/2 tokens=(3214,2480)
  N=2 tp_nonsynth_mf2_000034 seed=2 arm=react level=hard: per_fault={'budget': False, 'days': True} all_resolved=False n_resolved=1/2 tokens=(3267,3066)
  N=2 tp_nonsynth_mf2_000034 seed=2 arm=selfcheckgpt level=hard: per_fault={'budget': False, 'days': True} all_resolved=False n_resolved=1/2 tokens=(12408,2882)
  N=2 tp_nonsynth_mf2_000034 seed=2 arm=reflexion level=hard: per_fault={'budget': True, 'days': True} all_resolved=True n_resolved=2/2 tokens=(8403,3380)
  N=2 tp_nonsynth_mf2_000034 seed=2 arm=intro_specter level=hard: per_fault={'budget': False, 'days': True} all_resolved=False n_resolved=1/2 tokens=(5094,2106)
  N=2 tp_nonsynth_mf2_000035 seed=0 arm=direct level=hard: per_fault={'budget': False, 'days': True} all_resolved=False n_resolved=1/2 tokens=(1658,1239)
  N=2 tp_nonsynth_mf2_000035 seed=0 arm=self_refine level=hard: per_fault={'budget': True, 'days': True} all_resolved=True n_resolved=2/2 tokens=(4632,2449)
  N=2 tp_nonsynth_mf2_000035 seed=0 arm=full_regen level=hard: per_fault={'budget': True, 'days': True} all_resolved=True n_resolved=2/2 tokens=(3280,2522)
  N=2 tp_nonsynth_mf2_000035 seed=0 arm=react level=hard: per_fault={'budget': True, 'days': False} all_resolved=False n_resolved=1/2 tokens=(3353,2311)
  N=2 tp_nonsynth_mf2_000035 seed=0 arm=reflexion level=hard: per_fault={'budget': True, 'days': True} all_resolved=True n_resolved=2/2 tokens=(7640,2426)
  N=2 tp_nonsynth_mf2_000035 seed=0 arm=intro_specter level=hard: per_fault={'budget': True, 'days': True} all_resolved=True n_resolved=2/2 tokens=(4766,1672)
  N=2 tp_nonsynth_mf2_000035 seed=1 arm=direct level=hard: per_fault={'budget': False, 'days': True} all_resolved=False n_resolved=1/2 tokens=(1658,1239)
  N=2 tp_nonsynth_mf2_000035 seed=1 arm=self_refine level=hard: per_fault={'budget': True, 'days': True} all_resolved=True n_resolved=2/2 tokens=(4632,2449)
  N=2 tp_nonsynth_mf2_000035 seed=1 arm=full_regen level=hard: per_fault={'budget': False, 'days': True} all_resolved=False n_resolved=1/2 tokens=(3300,2530)
  N=2 tp_nonsynth_mf2_000035 seed=1 arm=react level=hard: per_fault={'budget': True, 'days': False} all_resolved=False n_resolved=1/2 tokens=(3353,2311)
  N=2 tp_nonsynth_mf2_000035 seed=1 arm=selfcheckgpt level=hard: per_fault={'budget': False, 'days': True} all_resolved=False n_resolved=1/2 tokens=(12592,2920)
  N=2 tp_nonsynth_mf2_000035 seed=1 arm=reflexion level=hard: per_fault={'budget': True, 'days': True} all_resolved=True n_resolved=2/2 tokens=(7640,2426)
  N=2 tp_nonsynth_mf2_000035 seed=1 arm=intro_specter level=hard: per_fault={'budget': True, 'days': True} all_resolved=True n_resolved=2/2 tokens=(4766,1672)
  N=2 tp_nonsynth_mf2_000035 seed=2 arm=direct level=hard: per_fault={'budget': True, 'days': True} all_resolved=True n_resolved=2/2 tokens=(1622,1794)
  N=2 tp_nonsynth_mf2_000035 seed=2 arm=self_refine level=hard: per_fault={'budget': True, 'days': True} all_resolved=True n_resolved=2/2 tokens=(5528,5011)
  N=2 tp_nonsynth_mf2_000035 seed=2 arm=full_regen level=hard: per_fault={'budget': False, 'days': False} all_resolved=False n_resolved=0/2 tokens=(3264,2605)
  N=2 tp_nonsynth_mf2_000035 seed=2 arm=react level=hard: per_fault={'budget': True, 'days': True} all_resolved=True n_resolved=2/2 tokens=(3298,2908)
  N=2 tp_nonsynth_mf2_000035 seed=2 arm=reflexion level=hard: per_fault={'budget': True, 'days': True} all_resolved=True n_resolved=2/2 tokens=(1622,1794)
  N=2 tp_nonsynth_mf2_000035 seed=2 arm=intro_specter level=hard: per_fault={'budget': True, 'days': True} all_resolved=True n_resolved=2/2 tokens=(5682,4398)
  N=2 tp_nonsynth_mf2_000036 seed=0 arm=direct level=hard: per_fault={'budget': True, 'days': True} all_resolved=True n_resolved=2/2 tokens=(1518,994)
  N=2 tp_nonsynth_mf2_000036 seed=0 arm=self_refine level=hard: per_fault={'budget': True, 'days': True} all_resolved=True n_resolved=2/2 tokens=(4101,3207)
  N=2 tp_nonsynth_mf2_000036 seed=0 arm=full_regen level=hard: per_fault={'budget': False, 'days': True} all_resolved=False n_resolved=1/2 tokens=(3036,2066)
  N=2 tp_nonsynth_mf2_000036 seed=0 arm=react level=hard: per_fault={'budget': True, 'days': True} all_resolved=True n_resolved=2/2 tokens=(3109,2743)
  N=2 tp_nonsynth_mf2_000036 seed=0 arm=reflexion level=hard: per_fault={'budget': True, 'days': True} all_resolved=True n_resolved=2/2 tokens=(1518,994)
  N=2 tp_nonsynth_mf2_000036 seed=0 arm=intro_specter level=hard: per_fault={'budget': True, 'days': True} all_resolved=True n_resolved=2/2 tokens=(4275,1505)
  N=2 tp_nonsynth_mf2_000036 seed=1 arm=direct level=hard: per_fault={'budget': True, 'days': True} all_resolved=True n_resolved=2/2 tokens=(1518,994)
  N=2 tp_nonsynth_mf2_000036 seed=1 arm=self_refine level=hard: per_fault={'budget': True, 'days': True} all_resolved=True n_resolved=2/2 tokens=(4101,3207)
  N=2 tp_nonsynth_mf2_000036 seed=1 arm=full_regen level=hard: per_fault={'budget': False, 'days': True} all_resolved=False n_resolved=1/2 tokens=(3036,2543)
  N=2 tp_nonsynth_mf2_000036 seed=1 arm=react level=hard: per_fault={'budget': True, 'days': True} all_resolved=True n_resolved=2/2 tokens=(3109,2743)
  N=2 tp_nonsynth_mf2_000036 seed=1 arm=selfcheckgpt level=hard: per_fault={'budget': True, 'days': True} all_resolved=True n_resolved=2/2 tokens=(11719,2594)
  N=2 tp_nonsynth_mf2_000036 seed=1 arm=reflexion level=hard: per_fault={'budget': True, 'days': True} all_resolved=True n_resolved=2/2 tokens=(1518,994)
  N=2 tp_nonsynth_mf2_000036 seed=1 arm=intro_specter level=hard: per_fault={'budget': True, 'days': True} all_resolved=True n_resolved=2/2 tokens=(4275,1505)
  N=2 tp_nonsynth_mf2_000036 seed=2 arm=direct level=hard: per_fault={'budget': True, 'days': True} all_resolved=True n_resolved=2/2 tokens=(1518,1093)
  N=2 tp_nonsynth_mf2_000036 seed=2 arm=self_refine level=hard: per_fault={'budget': True, 'days': True} all_resolved=True n_resolved=2/2 tokens=(4220,2172)
  N=2 tp_nonsynth_mf2_000036 seed=2 arm=full_regen level=hard: per_fault={'budget': True, 'days': True} all_resolved=True n_resolved=2/2 tokens=(3036,2655)
  N=2 tp_nonsynth_mf2_000036 seed=2 arm=react level=hard: per_fault={'budget': True, 'days': True} all_resolved=True n_resolved=2/2 tokens=(3109,2349)
  N=2 tp_nonsynth_mf2_000036 seed=2 arm=reflexion level=hard: per_fault={'budget': True, 'days': True} all_resolved=True n_resolved=2/2 tokens=(1518,1093)
  N=2 tp_nonsynth_mf2_000036 seed=2 arm=intro_specter level=hard: per_fault={'budget': True, 'days': True} all_resolved=True n_resolved=2/2 tokens=(4354,1610)
  N=2 tp_nonsynth_mf2_000037 seed=0 arm=direct level=easy: per_fault={'budget': True, 'days': True} all_resolved=True n_resolved=2/2 tokens=(1216,3012)
  N=2 tp_nonsynth_mf2_000037 seed=0 arm=self_refine level=easy: per_fault={'budget': True, 'days': True} all_resolved=True n_resolved=2/2 tokens=(6145,6888)
  N=2 tp_nonsynth_mf2_000037 seed=0 arm=full_regen level=easy: per_fault={'budget': True, 'days': False} all_resolved=False n_resolved=1/2 tokens=(2432,4213)
  N=2 tp_nonsynth_mf2_000037 seed=0 arm=react level=easy: per_fault={'budget': False, 'days': True} all_resolved=False n_resolved=1/2 tokens=(2505,4709)
  N=2 tp_nonsynth_mf2_000037 seed=0 arm=reflexion level=easy: per_fault={'budget': True, 'days': True} all_resolved=True n_resolved=2/2 tokens=(1216,3012)
  N=2 tp_nonsynth_mf2_000037 seed=0 arm=intro_specter level=easy: per_fault={'budget': True, 'days': True} all_resolved=True n_resolved=2/2 tokens=(6319,6665)
  N=2 tp_nonsynth_mf2_000037 seed=1 arm=direct level=easy: per_fault={'budget': True, 'days': True} all_resolved=True n_resolved=2/2 tokens=(1216,3012)
  N=2 tp_nonsynth_mf2_000037 seed=1 arm=self_refine level=easy: per_fault={'budget': True, 'days': True} all_resolved=True n_resolved=2/2 tokens=(6145,6888)
[RETRY] selfcheckgpt task=tp_nonsynth_mf2_000037 seed=1 attempt 1/5 failed (failed to obtain JSON after 3 attempts: could not parse JSON from model output:
{
  "final_output": "Day 1: Dallas to Grand Island, Nebraska (March 7th, 2022) \n Accommodation:  Hotel 1 at $250 \n Meals: Breakfast at Bento's at $10, Lunch at The Wise Old Owl at $20, Dinner at Butterfly Asian Fusion at $25 \n Attractions: Stuhr Museum at $15, Hear Grand Island at $5 (free to visit) \n Total cost for day 1: $300 \n Day 2: Grand Island (March 8th, 2022) \n Accommodation: Hotel 1 at $250 \n Meals: Breakfast at Pier Park at $12, Lunch at Island Oasis Water Park at $18, Dinner at); retrying in 3s
[RETRY] selfcheckgpt task=tp_nonsynth_mf2_000037 seed=1 attempt 2/5 failed (failed to obtain JSON after 3 attempts: could not parse JSON from model output:
{
  "final_output": "Day 1: Dallas to Grand Island, Nebraska (March 7th, 2022) \n Accommodation:  Hotel 1 at $250 \n Meals: Breakfast at Bento's at $10, Lunch at The Wise Old Owl at $20, Dinner at Butterfly Asian Fusion at $25 \n Attractions: Stuhr Museum at $15, Hear Grand Island at $5 (free to visit) \n Total cost for day 1: $300 \n Day 2: Grand Island (March 8th, 2022) \n Accommodation: Hotel 1 at $250 \n Meals: Breakfast at Pier Park at $12, Lunch at Island Oasis Water Park at $18, Dinner at); retrying in 6s
[RETRY] selfcheckgpt task=tp_nonsynth_mf2_000037 seed=1 attempt 3/5 failed (failed to obtain JSON after 3 attempts: could not parse JSON from model output:
{
  "final_output": "Day 1: Dallas to Grand Island, Nebraska (March 7th, 2022) \n Accommodation:  Hotel 1 at $250 \n Meals: Breakfast at Bento's at $10, Lunch at The Wise Old Owl at $20, Dinner at Butterfly Asian Fusion at $25 \n Attractions: Stuhr Museum at $15, Hear Grand Island at $5 (free to visit) \n Total cost for day 1: $300 \n Day 2: Grand Island (March 8th, 2022) \n Accommodation: Hotel 1 at $250 \n Meals: Breakfast at Pier Park at $12, Lunch at Island Oasis Water Park at $18, Dinner at); retrying in 12s
[RETRY] selfcheckgpt task=tp_nonsynth_mf2_000037 seed=1 attempt 4/5 failed (failed to obtain JSON after 3 attempts: could not parse JSON from model output:
{
  "final_output": "Day 1: Dallas to Grand Island, Nebraska (March 7th, 2022) \n Accommodation:  Hotel 1 at $250 \n Meals: Breakfast at Bento's at $10, Lunch at The Wise Old Owl at $20, Dinner at Butterfly Asian Fusion at $25 \n Attractions: Stuhr Museum at $15, Hear Grand Island at $5 (free to visit) \n Total cost for day 1: $300 \n Day 2: Grand Island (March 8th, 2022) \n Accommodation: Hotel 1 at $250 \n Meals: Breakfast at Pier Park at $12, Lunch at Island Oasis Water Park at $18, Dinner at); retrying in 24s
[ERROR] selfcheckgpt failed task=tp_nonsynth_mf2_000037 seed=1: failed to obtain JSON after 3 attempts: could not parse JSON from model output:
{
  "final_output": "Day 1: Dallas to Grand Island, Nebraska (March 7th, 2022) \n Accommodation:  Hotel 1 at $250 \n Meals: Breakfast at Bento's at $10, Lunch at The Wise Old Owl at $20, Dinner at Butterfly Asian Fusion at $25 \n Attractions: Stuhr Museum at $15, Hear Grand Island at $5 (free to visit) \n Total cost for day 1: $300 \n Day 2: Grand Island (March 8th, 2022) \n Accommodation: Hotel 1 at $250 \n Meals: Breakfast at Pier Park at $12, Lunch at Island Oasis Water Park at $18, Dinner at
[RETRY] selfcheckgpt task=tp_nonsynth_mf2_000037 seed=2 attempt 1/5 failed (failed to obtain JSON after 3 attempts: could not parse JSON from model output:
{
  "final_output": "Based on your provided constraints, here is a 10-day travel itinerary for a solo trip from Dallas to Nebraska. For the sake of a more feasible budget and time constraint, we will adjust your trip to accommodate 7 days in compliance with the local condition.\nDay 1: Drive from Dallas to Omaha, and stay at a 3-star hotel ($100).\n- Visit Henry Doorly Zoo and Aquarium ($20), and take a photo at the iconic Gifford & Denson Fountain ($5).\n- Have lunch at Gorat's Steak House ($30); retrying in 3s
[RETRY] selfcheckgpt task=tp_nonsynth_mf2_000037 seed=2 attempt 2/5 failed (failed to obtain JSON after 3 attempts: could not parse JSON from model output:
{
  "final_output": "Based on your provided constraints, here is a 10-day travel itinerary for a solo trip from Dallas to Nebraska. For the sake of a more feasible budget and time constraint, we will adjust your trip to accommodate 7 days in compliance with the local condition.\nDay 1: Drive from Dallas to Omaha, and stay at a 3-star hotel ($100).\n- Visit Henry Doorly Zoo and Aquarium ($20), and take a photo at the iconic Gifford & Denson Fountain ($5).\n- Have lunch at Gorat's Steak House ($30); retrying in 6s
[RETRY] selfcheckgpt task=tp_nonsynth_mf2_000037 seed=2 attempt 3/5 failed (failed to obtain JSON after 3 attempts: could not parse JSON from model output:
{
  "final_output": "Based on your provided constraints, here is a 10-day travel itinerary for a solo trip from Dallas to Nebraska. For the sake of a more feasible budget and time constraint, we will adjust your trip to accommodate 7 days in compliance with the local condition.\nDay 1: Drive from Dallas to Omaha, and stay at a 3-star hotel ($100).\n- Visit Henry Doorly Zoo and Aquarium ($20), and take a photo at the iconic Gifford & Denson Fountain ($5).\n- Have lunch at Gorat's Steak House ($30); retrying in 12s
[RETRY] selfcheckgpt task=tp_nonsynth_mf2_000037 seed=2 attempt 4/5 failed (failed to obtain JSON after 3 attempts: could not parse JSON from model output:
{
  "final_output": "Based on your provided constraints, here is a 10-day travel itinerary for a solo trip from Dallas to Nebraska. For the sake of a more feasible budget and time constraint, we will adjust your trip to accommodate 7 days in compliance with the local condition.\nDay 1: Drive from Dallas to Omaha, and stay at a 3-star hotel ($100).\n- Visit Henry Doorly Zoo and Aquarium ($20), and take a photo at the iconic Gifford & Denson Fountain ($5).\n- Have lunch at Gorat's Steak House ($30); retrying in 24s
[ERROR] selfcheckgpt failed task=tp_nonsynth_mf2_000037 seed=2: failed to obtain JSON after 3 attempts: could not parse JSON from model output:
{
  "final_output": "Based on your provided constraints, here is a 10-day travel itinerary for a solo trip from Dallas to Nebraska. For the sake of a more feasible budget and time constraint, we will adjust your trip to accommodate 7 days in compliance with the local condition.\nDay 1: Drive from Dallas to Omaha, and stay at a 3-star hotel ($100).\n- Visit Henry Doorly Zoo and Aquarium ($20), and take a photo at the iconic Gifford & Denson Fountain ($5).\n- Have lunch at Gorat's Steak House ($30
[RETRY] intro_specter task=tp_nonsynth_mf2_000037 seed=2 attempt 1/5 failed (failed to obtain JSON after 3 attempts: could not parse JSON from model output:
{
  "repaired_steps": [
    {
      "step_id": 1,
      "kind": "observation",
      "text": "User has a budget of $8650 and wants to visit 3 different cities within Nebraska.",
      "reason_summary": "User constraints",
      "tool_name": null,
      "tool_input": null,
      "tool_output": null
    },
    {
      "step_id": 2,
      "kind": "assumption",
      "text": "(repaired by SPR re-execution)",
      "reason_summary": "Repaired assumption",
      "tool_name": null,
      "tool_input": ); retrying in 3s
[RETRY] intro_specter task=tp_nonsynth_mf2_000037 seed=2 attempt 2/5 failed (failed to obtain JSON after 3 attempts: could not parse JSON from model output:
{
  "repaired_steps": [
    {
      "step_id": 1,
      "kind": "observation",
      "text": "User has a budget of $8650 and wants to visit 3 different cities within Nebraska.",
      "reason_summary": "User constraints",
      "tool_name": null,
      "tool_input": null,
      "tool_output": null
    },
    {
      "step_id": 2,
      "kind": "assumption",
      "text": "(repaired by SPR re-execution)",
      "reason_summary": "Repaired assumption",
      "tool_name": null,
      "tool_input": ); retrying in 6s
[RETRY] intro_specter task=tp_nonsynth_mf2_000037 seed=2 attempt 3/5 failed (failed to obtain JSON after 3 attempts: could not parse JSON from model output:
{
  "repaired_steps": [
    {
      "step_id": 1,
      "kind": "observation",
      "text": "User has a budget of $8650 and wants to visit 3 different cities within Nebraska.",
      "reason_summary": "User constraints",
      "tool_name": null,
      "tool_input": null,
      "tool_output": null
    },
    {
      "step_id": 2,
      "kind": "assumption",
      "text": "(repaired by SPR re-execution)",
      "reason_summary": "Repaired assumption",
      "tool_name": null,
      "tool_input": ); retrying in 12s
[RETRY] intro_specter task=tp_nonsynth_mf2_000037 seed=2 attempt 4/5 failed (failed to obtain JSON after 3 attempts: could not parse JSON from model output:
{
  "repaired_steps": [
    {
      "step_id": 1,
      "kind": "observation",
      "text": "User has a budget of $8650 and wants to visit 3 different cities within Nebraska.",
      "reason_summary": "User constraints",
      "tool_name": null,
      "tool_input": null,
      "tool_output": null
    },
    {
      "step_id": 2,
      "kind": "assumption",
      "text": "(repaired by SPR re-execution)",
      "reason_summary": "Repaired assumption",
      "tool_name": null,
      "tool_input": ); retrying in 24s
[ERROR] intro_specter failed task=tp_nonsynth_mf2_000037 seed=2: failed to obtain JSON after 3 attempts: could not parse JSON from model output:
{
  "repaired_steps": [
    {
      "step_id": 1,
      "kind": "observation",
      "text": "User has a budget of $8650 and wants to visit 3 different cities within Nebraska.",
      "reason_summary": "User constraints",
      "tool_name": null,
      "tool_input": null,
      "tool_output": null
    },
    {
      "step_id": 2,
      "kind": "assumption",
      "text": "(repaired by SPR re-execution)",
      "reason_summary": "Repaired assumption",
      "tool_name": null,
      "tool_input": 
[RETRY] selfcheckgpt task=tp_nonsynth_mf2_000038 seed=2 attempt 1/5 failed (failed to obtain JSON after 3 attempts: could not parse JSON from model output:
{
  "final_output": {
    "Day 1": {
      "Accommodation": "Hotel Indigo Philadelphia Center City",
      "Meals": "Breakfast at The Franklin Place, Lunch at Reading Terminal Market, Dinner at El Vez, Snacks at Philly Swirl",
      "Attractions": "Independence Hall, Old City, Christ Church",
      "Cost": "$"
    },
    "Day 2": {
      "Accommodation": "Aloft Philadelphia ,18th and punctual passwords",
      "Meals": "Breakfast at o lambert beer bond Bonusement,"
      ,
      "Attractions": "); retrying in 3s
[RETRY] selfcheckgpt task=tp_nonsynth_mf2_000038 seed=2 attempt 2/5 failed (failed to obtain JSON after 3 attempts: could not parse JSON from model output:
{
  "final_output": {
    "Day 1": {
      "Accommodation": "Hotel Indigo Philadelphia Center City",
      "Meals": "Breakfast at The Franklin Place, Lunch at Reading Terminal Market, Dinner at El Vez, Snacks at Philly Swirl",
      "Attractions": "Independence Hall, Old City, Christ Church",
      "Cost": "$"
    },
    "Day 2": {
      "Accommodation": "Aloft Philadelphia ,18th and punctual passwords",
      "Meals": "Breakfast at o lambert beer bond Bonusement,"
      ,
      "Attractions": "); retrying in 6s
[RETRY] selfcheckgpt task=tp_nonsynth_mf2_000038 seed=2 attempt 3/5 failed (failed to obtain JSON after 3 attempts: could not parse JSON from model output:
{
  "final_output": {
    "Day 1": {
      "Accommodation": "Hotel Indigo Philadelphia Center City",
      "Meals": "Breakfast at The Franklin Place, Lunch at Reading Terminal Market, Dinner at El Vez, Snacks at Philly Swirl",
      "Attractions": "Independence Hall, Old City, Christ Church",
      "Cost": "$"
    },
    "Day 2": {
      "Accommodation": "Aloft Philadelphia ,18th and punctual passwords",
      "Meals": "Breakfast at o lambert beer bond Bonusement,"
      ,
      "Attractions": "); retrying in 12s
[RETRY] selfcheckgpt task=tp_nonsynth_mf2_000038 seed=2 attempt 4/5 failed (failed to obtain JSON after 3 attempts: could not parse JSON from model output:
{
  "final_output": {
    "Day 1": {
      "Accommodation": "Hotel Indigo Philadelphia Center City",
      "Meals": "Breakfast at The Franklin Place, Lunch at Reading Terminal Market, Dinner at El Vez, Snacks at Philly Swirl",
      "Attractions": "Independence Hall, Old City, Christ Church",
      "Cost": "$"
    },
    "Day 2": {
      "Accommodation": "Aloft Philadelphia ,18th and punctual passwords",
      "Meals": "Breakfast at o lambert beer bond Bonusement,"
      ,
      "Attractions": "); retrying in 24s
[ERROR] selfcheckgpt failed task=tp_nonsynth_mf2_000038 seed=2: failed to obtain JSON after 3 attempts: could not parse JSON from model output:
{
  "final_output": {
    "Day 1": {
      "Accommodation": "Hotel Indigo Philadelphia Center City",
      "Meals": "Breakfast at The Franklin Place, Lunch at Reading Terminal Market, Dinner at El Vez, Snacks at Philly Swirl",
      "Attractions": "Independence Hall, Old City, Christ Church",
      "Cost": "$"
    },
    "Day 2": {
      "Accommodation": "Aloft Philadelphia ,18th and punctual passwords",
      "Meals": "Breakfast at o lambert beer bond Bonusement,"
      ,
      "Attractions": "
[RETRY] selfcheckgpt task=tp_nonsynth_mf2_000039 seed=2 attempt 1/5 failed (failed to obtain JSON after 3 attempts: could not parse JSON from model output:
{
  "final_output": "Given the constraints, a sample 5-day travel plan for one traveler starting in Charlotte and visiting 2 cities in New Jersey from March 6th to March 11th, 2022 can be as follows:\n\nDay 1: March 6th, 2022\n- Accommodation: Hotel Merchant in Newark, $120\n- Meals:\n  - Breakfast: Newark Diner, $10\n  - Lunch: Deli 360, $12\n  - Dinner: Federal Beer Garden, $20\n- Attractions:\n  - Newark Museum of Art, free admission\n  - Military Park, free admission\nTotal cost: $162\n\nDay); retrying in 3s
[RETRY] selfcheckgpt task=tp_nonsynth_mf2_000039 seed=2 attempt 2/5 failed (failed to obtain JSON after 3 attempts: could not parse JSON from model output:
{
  "final_output": "Given the constraints, a sample 5-day travel plan for one traveler starting in Charlotte and visiting 2 cities in New Jersey from March 6th to March 11th, 2022 can be as follows:\n\nDay 1: March 6th, 2022\n- Accommodation: Hotel Merchant in Newark, $120\n- Meals:\n  - Breakfast: Newark Diner, $10\n  - Lunch: Deli 360, $12\n  - Dinner: Federal Beer Garden, $20\n- Attractions:\n  - Newark Museum of Art, free admission\n  - Military Park, free admission\nTotal cost: $162\n\nDay); retrying in 6s
[RETRY] selfcheckgpt task=tp_nonsynth_mf2_000039 seed=2 attempt 3/5 failed (failed to obtain JSON after 3 attempts: could not parse JSON from model output:
{
  "final_output": "Given the constraints, a sample 5-day travel plan for one traveler starting in Charlotte and visiting 2 cities in New Jersey from March 6th to March 11th, 2022 can be as follows:\n\nDay 1: March 6th, 2022\n- Accommodation: Hotel Merchant in Newark, $120\n- Meals:\n  - Breakfast: Newark Diner, $10\n  - Lunch: Deli 360, $12\n  - Dinner: Federal Beer Garden, $20\n- Attractions:\n  - Newark Museum of Art, free admission\n  - Military Park, free admission\nTotal cost: $162\n\nDay); retrying in 12s
[RETRY] selfcheckgpt task=tp_nonsynth_mf2_000039 seed=2 attempt 4/5 failed (failed to obtain JSON after 3 attempts: could not parse JSON from model output:
{
  "final_output": "Given the constraints, a sample 5-day travel plan for one traveler starting in Charlotte and visiting 2 cities in New Jersey from March 6th to March 11th, 2022 can be as follows:\n\nDay 1: March 6th, 2022\n- Accommodation: Hotel Merchant in Newark, $120\n- Meals:\n  - Breakfast: Newark Diner, $10\n  - Lunch: Deli 360, $12\n  - Dinner: Federal Beer Garden, $20\n- Attractions:\n  - Newark Museum of Art, free admission\n  - Military Park, free admission\nTotal cost: $162\n\nDay); retrying in 24s
[ERROR] selfcheckgpt failed task=tp_nonsynth_mf2_000039 seed=2: failed to obtain JSON after 3 attempts: could not parse JSON from model output:
{
  "final_output": "Given the constraints, a sample 5-day travel plan for one traveler starting in Charlotte and visiting 2 cities in New Jersey from March 6th to March 11th, 2022 can be as follows:\n\nDay 1: March 6th, 2022\n- Accommodation: Hotel Merchant in Newark, $120\n- Meals:\n  - Breakfast: Newark Diner, $10\n  - Lunch: Deli 360, $12\n  - Dinner: Federal Beer Garden, $20\n- Attractions:\n  - Newark Museum of Art, free admission\n  - Military Park, free admission\nTotal cost: $162\n\nDay
  N=2 tp_nonsynth_mf2_000037 seed=1 arm=full_regen level=easy: per_fault={'budget': True, 'days': True} all_resolved=True n_resolved=2/2 tokens=(2432,4981)
  N=2 tp_nonsynth_mf2_000037 seed=1 arm=react level=easy: per_fault={'budget': False, 'days': True} all_resolved=False n_resolved=1/2 tokens=(2505,4709)
  N=2 tp_nonsynth_mf2_000037 seed=1 arm=reflexion level=easy: per_fault={'budget': True, 'days': True} all_resolved=True n_resolved=2/2 tokens=(1216,3012)
  N=2 tp_nonsynth_mf2_000037 seed=1 arm=intro_specter level=easy: per_fault={'budget': True, 'days': True} all_resolved=True n_resolved=2/2 tokens=(6319,6665)
  N=2 tp_nonsynth_mf2_000037 seed=2 arm=direct level=easy: per_fault={'budget': False, 'days': True} all_resolved=False n_resolved=1/2 tokens=(1216,2242)
  N=2 tp_nonsynth_mf2_000037 seed=2 arm=self_refine level=easy: per_fault={'budget': False, 'days': True} all_resolved=False n_resolved=1/2 tokens=(5291,5225)
  N=2 tp_nonsynth_mf2_000037 seed=2 arm=full_regen level=easy: per_fault={'budget': False, 'days': True} all_resolved=False n_resolved=1/2 tokens=(2452,3395)
  N=2 tp_nonsynth_mf2_000037 seed=2 arm=react level=easy: per_fault={'budget': True, 'days': True} all_resolved=True n_resolved=2/2 tokens=(2485,3564)
  N=2 tp_nonsynth_mf2_000037 seed=2 arm=reflexion level=easy: per_fault={'budget': True, 'days': True} all_resolved=True n_resolved=2/2 tokens=(20618,8133)
  N=2 tp_nonsynth_mf2_000038 seed=0 arm=direct level=hard: per_fault={'budget': True, 'days': True} all_resolved=True n_resolved=2/2 tokens=(1477,2009)
  N=2 tp_nonsynth_mf2_000038 seed=0 arm=self_refine level=hard: per_fault={'budget': True, 'days': True} all_resolved=True n_resolved=2/2 tokens=(5432,5135)
  N=2 tp_nonsynth_mf2_000038 seed=0 arm=full_regen level=hard: per_fault={'budget': True, 'days': True} all_resolved=True n_resolved=2/2 tokens=(2954,2848)
  N=2 tp_nonsynth_mf2_000038 seed=0 arm=react level=hard: per_fault={'budget': True, 'days': True} all_resolved=True n_resolved=2/2 tokens=(3007,3214)
  N=2 tp_nonsynth_mf2_000038 seed=0 arm=selfcheckgpt level=hard: per_fault={'budget': True, 'days': True} all_resolved=True n_resolved=2/2 tokens=(20707,4377)
  N=2 tp_nonsynth_mf2_000038 seed=0 arm=reflexion level=hard: per_fault={'budget': True, 'days': True} all_resolved=True n_resolved=2/2 tokens=(1477,2009)
  N=2 tp_nonsynth_mf2_000038 seed=0 arm=intro_specter level=hard: per_fault={'budget': True, 'days': True} all_resolved=True n_resolved=2/2 tokens=(5586,2903)
  N=2 tp_nonsynth_mf2_000038 seed=1 arm=direct level=hard: per_fault={'budget': True, 'days': True} all_resolved=True n_resolved=2/2 tokens=(1477,2009)
  N=2 tp_nonsynth_mf2_000038 seed=1 arm=self_refine level=hard: per_fault={'budget': True, 'days': True} all_resolved=True n_resolved=2/2 tokens=(5432,5135)
  N=2 tp_nonsynth_mf2_000038 seed=1 arm=full_regen level=hard: per_fault={'budget': False, 'days': True} all_resolved=False n_resolved=1/2 tokens=(2954,3437)
  N=2 tp_nonsynth_mf2_000038 seed=1 arm=react level=hard: per_fault={'budget': True, 'days': True} all_resolved=True n_resolved=2/2 tokens=(3007,3214)
  N=2 tp_nonsynth_mf2_000038 seed=1 arm=selfcheckgpt level=hard: per_fault={'budget': True, 'days': True} all_resolved=True n_resolved=2/2 tokens=(16857,3691)
  N=2 tp_nonsynth_mf2_000038 seed=1 arm=reflexion level=hard: per_fault={'budget': True, 'days': True} all_resolved=True n_resolved=2/2 tokens=(1477,2009)
  N=2 tp_nonsynth_mf2_000038 seed=1 arm=intro_specter level=hard: per_fault={'budget': True, 'days': True} all_resolved=True n_resolved=2/2 tokens=(5586,2903)
  N=2 tp_nonsynth_mf2_000038 seed=2 arm=direct level=hard: per_fault={'budget': True, 'days': True} all_resolved=True n_resolved=2/2 tokens=(1497,1127)
  N=2 tp_nonsynth_mf2_000038 seed=2 arm=self_refine level=hard: per_fault={'budget': True, 'days': True} all_resolved=True n_resolved=2/2 tokens=(4340,3473)
  N=2 tp_nonsynth_mf2_000038 seed=2 arm=full_regen level=hard: per_fault={'budget': True, 'days': True} all_resolved=True n_resolved=2/2 tokens=(2974,2143)
  N=2 tp_nonsynth_mf2_000038 seed=2 arm=react level=hard: per_fault={'budget': False, 'days': True} all_resolved=False n_resolved=1/2 tokens=(3063,2341)
  N=2 tp_nonsynth_mf2_000038 seed=2 arm=reflexion level=hard: per_fault={'budget': True, 'days': True} all_resolved=True n_resolved=2/2 tokens=(1497,1127)
  N=2 tp_nonsynth_mf2_000038 seed=2 arm=intro_specter level=hard: per_fault={'budget': True, 'days': True} all_resolved=True n_resolved=2/2 tokens=(4494,2063)
  N=2 tp_nonsynth_mf2_000039 seed=0 arm=direct level=easy: per_fault={'budget': True, 'days': True} all_resolved=True n_resolved=2/2 tokens=(1288,1149)
  N=2 tp_nonsynth_mf2_000039 seed=0 arm=self_refine level=easy: per_fault={'budget': True, 'days': True} all_resolved=True n_resolved=2/2 tokens=(3900,2615)
  N=2 tp_nonsynth_mf2_000039 seed=0 arm=full_regen level=easy: per_fault={'budget': True, 'days': True} all_resolved=True n_resolved=2/2 tokens=(2596,2239)
  N=2 tp_nonsynth_mf2_000039 seed=0 arm=react level=easy: per_fault={'budget': True, 'days': True} all_resolved=True n_resolved=2/2 tokens=(2629,4014)
  N=2 tp_nonsynth_mf2_000039 seed=0 arm=selfcheckgpt level=easy: per_fault={'budget': True, 'days': True} all_resolved=True n_resolved=2/2 tokens=(18192,3326)
  N=2 tp_nonsynth_mf2_000039 seed=0 arm=reflexion level=easy: per_fault={'budget': True, 'days': True} all_resolved=True n_resolved=2/2 tokens=(1288,1149)
  N=2 tp_nonsynth_mf2_000039 seed=0 arm=intro_specter level=easy: per_fault={'budget': True, 'days': True} all_resolved=True n_resolved=2/2 tokens=(4034,1880)
  N=2 tp_nonsynth_mf2_000039 seed=1 arm=direct level=easy: per_fault={'budget': True, 'days': True} all_resolved=True n_resolved=2/2 tokens=(1288,1149)
  N=2 tp_nonsynth_mf2_000039 seed=1 arm=self_refine level=easy: per_fault={'budget': True, 'days': True} all_resolved=True n_resolved=2/2 tokens=(3900,2615)
  N=2 tp_nonsynth_mf2_000039 seed=1 arm=full_regen level=easy: per_fault={'budget': False, 'days': True} all_resolved=False n_resolved=1/2 tokens=(2576,2332)
  N=2 tp_nonsynth_mf2_000039 seed=1 arm=react level=easy: per_fault={'budget': True, 'days': True} all_resolved=True n_resolved=2/2 tokens=(2629,4014)
  N=2 tp_nonsynth_mf2_000039 seed=1 arm=selfcheckgpt level=easy: per_fault={'budget': True, 'days': True} all_resolved=True n_resolved=2/2 tokens=(20964,3902)
  N=2 tp_nonsynth_mf2_000039 seed=1 arm=reflexion level=easy: per_fault={'budget': True, 'days': True} all_resolved=True n_resolved=2/2 tokens=(1288,1149)
  N=2 tp_nonsynth_mf2_000039 seed=1 arm=intro_specter level=easy: per_fault={'budget': True, 'days': True} all_resolved=True n_resolved=2/2 tokens=(4034,1880)
  N=2 tp_nonsynth_mf2_000039 seed=2 arm=direct level=easy: per_fault={'budget': False, 'days': True} all_resolved=False n_resolved=1/2 tokens=(1308,2618)
  N=2 tp_nonsynth_mf2_000039 seed=2 arm=self_refine level=easy: per_fault={'budget': False, 'days': True} all_resolved=False n_resolved=1/2 tokens=(5867,5900)
  N=2 tp_nonsynth_mf2_000039 seed=2 arm=full_regen level=easy: per_fault={'budget': True, 'days': True} all_resolved=True n_resolved=2/2 tokens=(2596,3999)
  N=2 tp_nonsynth_mf2_000039 seed=2 arm=react level=easy: per_fault={'budget': True, 'days': True} all_resolved=True n_resolved=2/2 tokens=(2685,3898)
  N=2 tp_nonsynth_mf2_000039 seed=2 arm=reflexion level=easy: per_fault={'budget': False, 'days': True} all_resolved=False n_resolved=1/2 tokens=(22895,9309)
  N=2 tp_nonsynth_mf2_000039 seed=2 arm=intro_specter level=easy: per_fault={'budget': False, 'days': True} all_resolved=False n_resolved=1/2 tokens=(6005,5365)
  N=2 tp_nonsynth_mf2_000040 seed=0 arm=direct level=easy: per_fault={'budget': True, 'days': True} all_resolved=True n_resolved=2/2 tokens=(1373,1104)
  N=2 tp_nonsynth_mf2_000040 seed=0 arm=self_refine level=easy: per_fault={'budget': False, 'days': True} all_resolved=False n_resolved=1/2 tokens=(3900,2984)
  N=2 tp_nonsynth_mf2_000040 seed=0 arm=full_regen level=easy: per_fault={'budget': True, 'days': True} all_resolved=True n_resolved=2/2 tokens=(2766,3446)
[RETRY] selfcheckgpt task=tp_nonsynth_mf2_000040 seed=0 attempt 1/5 failed (failed to obtain JSON after 3 attempts: could not parse JSON from model output:
{
  "final_output": "Here is a suggested 8-day travel itinerary for a single person from Devils Lake to Colorado with a total budget of $5100: Day 1: Depart from Devils Lake and travel to Colorado. Stay at Grand Vista Hotel (cost $150), have lunch at Ram's Horn Steakhouse (cost $20), and dinner at Los Arcos Mexican Restaurant (cost $25). Attractions: San Luis Valley Museum. Total cost: $395. Day 2: Start the day with breakfast at the hotel (cost $10), visit Rio Grande Farm Park (free admission),); retrying in 3s
[RETRY] selfcheckgpt task=tp_nonsynth_mf2_000040 seed=0 attempt 2/5 failed (failed to obtain JSON after 3 attempts: could not parse JSON from model output:
{
  "final_output": "Here is a suggested 8-day travel itinerary for a single person from Devils Lake to Colorado with a total budget of $5100: Day 1: Depart from Devils Lake and travel to Colorado. Stay at Grand Vista Hotel (cost $150), have lunch at Ram's Horn Steakhouse (cost $20), and dinner at Los Arcos Mexican Restaurant (cost $25). Attractions: San Luis Valley Museum. Total cost: $395. Day 2: Start the day with breakfast at the hotel (cost $10), visit Rio Grande Farm Park (free admission),); retrying in 6s
[RETRY] selfcheckgpt task=tp_nonsynth_mf2_000040 seed=0 attempt 3/5 failed (failed to obtain JSON after 3 attempts: could not parse JSON from model output:
{
  "final_output": "Here is a suggested 8-day travel itinerary for a single person from Devils Lake to Colorado with a total budget of $5100: Day 1: Depart from Devils Lake and travel to Colorado. Stay at Grand Vista Hotel (cost $150), have lunch at Ram's Horn Steakhouse (cost $20), and dinner at Los Arcos Mexican Restaurant (cost $25). Attractions: San Luis Valley Museum. Total cost: $395. Day 2: Start the day with breakfast at the hotel (cost $10), visit Rio Grande Farm Park (free admission),); retrying in 12s
[RETRY] selfcheckgpt task=tp_nonsynth_mf2_000040 seed=0 attempt 4/5 failed (failed to obtain JSON after 3 attempts: could not parse JSON from model output:
{
  "final_output": "Here is a suggested 8-day travel itinerary for a single person from Devils Lake to Colorado with a total budget of $5100: Day 1: Depart from Devils Lake and travel to Colorado. Stay at Grand Vista Hotel (cost $150), have lunch at Ram's Horn Steakhouse (cost $20), and dinner at Los Arcos Mexican Restaurant (cost $25). Attractions: San Luis Valley Museum. Total cost: $395. Day 2: Start the day with breakfast at the hotel (cost $10), visit Rio Grande Farm Park (free admission),); retrying in 24s
[ERROR] selfcheckgpt failed task=tp_nonsynth_mf2_000040 seed=0: failed to obtain JSON after 3 attempts: could not parse JSON from model output:
{
  "final_output": "Here is a suggested 8-day travel itinerary for a single person from Devils Lake to Colorado with a total budget of $5100: Day 1: Depart from Devils Lake and travel to Colorado. Stay at Grand Vista Hotel (cost $150), have lunch at Ram's Horn Steakhouse (cost $20), and dinner at Los Arcos Mexican Restaurant (cost $25). Attractions: San Luis Valley Museum. Total cost: $395. Day 2: Start the day with breakfast at the hotel (cost $10), visit Rio Grande Farm Park (free admission),
[RETRY] selfcheckgpt task=tp_nonsynth_mf2_000040 seed=1 attempt 1/5 failed (failed to obtain JSON after 3 attempts: could not parse JSON from model output:
{
  "final_output": "Day 1: March 22, 2022 - Devils Lake to Alamosa\n\tAccommodation: $$600 at La Quinta Inn & Suites by Wyndham Alamosa (Credit card: $30, Cash: $570)\n\tMeals: Breakfast at McDonald's ($8), Lunch at Subway ($10), Dinner at El Tapairo ($18)\n\tAttractions: Co Rd 233 to Rio Grande Farm Park\n\tTotal cost: $146\n---\nDay 2: March 23, 2022 - Alamosa\n\tAccommodation: $$550 at Hampton Inn & Suites by Hilton Alamosa (Credit card: $35, Cash: $515)\n\tMeals: Breakfast at Denny's ($10),); retrying in 3s
[RETRY] selfcheckgpt task=tp_nonsynth_mf2_000040 seed=1 attempt 2/5 failed (failed to obtain JSON after 3 attempts: could not parse JSON from model output:
{
  "final_output": "Day 1: March 22, 2022 - Devils Lake to Alamosa\n\tAccommodation: $$600 at La Quinta Inn & Suites by Wyndham Alamosa (Credit card: $30, Cash: $570)\n\tMeals: Breakfast at McDonald's ($8), Lunch at Subway ($10), Dinner at El Tapairo ($18)\n\tAttractions: Co Rd 233 to Rio Grande Farm Park\n\tTotal cost: $146\n---\nDay 2: March 23, 2022 - Alamosa\n\tAccommodation: $$550 at Hampton Inn & Suites by Hilton Alamosa (Credit card: $35, Cash: $515)\n\tMeals: Breakfast at Denny's ($10),); retrying in 6s
[RETRY] selfcheckgpt task=tp_nonsynth_mf2_000040 seed=1 attempt 3/5 failed (failed to obtain JSON after 3 attempts: could not parse JSON from model output:
{
  "final_output": "Day 1: March 22, 2022 - Devils Lake to Alamosa\n\tAccommodation: $$600 at La Quinta Inn & Suites by Wyndham Alamosa (Credit card: $30, Cash: $570)\n\tMeals: Breakfast at McDonald's ($8), Lunch at Subway ($10), Dinner at El Tapairo ($18)\n\tAttractions: Co Rd 233 to Rio Grande Farm Park\n\tTotal cost: $146\n---\nDay 2: March 23, 2022 - Alamosa\n\tAccommodation: $$550 at Hampton Inn & Suites by Hilton Alamosa (Credit card: $35, Cash: $515)\n\tMeals: Breakfast at Denny's ($10),); retrying in 12s
[RETRY] selfcheckgpt task=tp_nonsynth_mf2_000040 seed=1 attempt 4/5 failed (failed to obtain JSON after 3 attempts: could not parse JSON from model output:
{
  "final_output": "Day 1: March 22, 2022 - Devils Lake to Alamosa\n\tAccommodation: $$600 at La Quinta Inn & Suites by Wyndham Alamosa (Credit card: $30, Cash: $570)\n\tMeals: Breakfast at McDonald's ($8), Lunch at Subway ($10), Dinner at El Tapairo ($18)\n\tAttractions: Co Rd 233 to Rio Grande Farm Park\n\tTotal cost: $146\n---\nDay 2: March 23, 2022 - Alamosa\n\tAccommodation: $$550 at Hampton Inn & Suites by Hilton Alamosa (Credit card: $35, Cash: $515)\n\tMeals: Breakfast at Denny's ($10),); retrying in 24s
[ERROR] selfcheckgpt failed task=tp_nonsynth_mf2_000040 seed=1: failed to obtain JSON after 3 attempts: could not parse JSON from model output:
{
  "final_output": "Day 1: March 22, 2022 - Devils Lake to Alamosa\n\tAccommodation: $$600 at La Quinta Inn & Suites by Wyndham Alamosa (Credit card: $30, Cash: $570)\n\tMeals: Breakfast at McDonald's ($8), Lunch at Subway ($10), Dinner at El Tapairo ($18)\n\tAttractions: Co Rd 233 to Rio Grande Farm Park\n\tTotal cost: $146\n---\nDay 2: March 23, 2022 - Alamosa\n\tAccommodation: $$550 at Hampton Inn & Suites by Hilton Alamosa (Credit card: $35, Cash: $515)\n\tMeals: Breakfast at Denny's ($10),
[RETRY] selfcheckgpt task=tp_nonsynth_mf2_000040 seed=2 attempt 1/5 failed (failed to obtain JSON after 3 attempts: could not parse JSON from model output:
{
  "final_output": "Here is a day-by-day travel itinerary for one person from Devils Lake to Colorado covering 3 cities within a budget of $5,100 and a duration of 7 days:\n\nDay 1 (March 22nd, 2022): Devils Lake to Alamosa\n  - Morning: Drive to Alamosa and check-in at the budget-friendly Alamosa Inn ($80)\n  - Lunch: Try the Colorado-made pizza at Base Camp Brewing Co. ($12)\n  - Afternoon: Explore the San Luis Valley Museum ($10)\n  - Dinner: Enjoy steak at the historic San Luis Inn & Carefr); retrying in 3s
[RETRY] selfcheckgpt task=tp_nonsynth_mf2_000040 seed=2 attempt 2/5 failed (failed to obtain JSON after 3 attempts: could not parse JSON from model output:
{
  "final_output": "Here is a day-by-day travel itinerary for one person from Devils Lake to Colorado covering 3 cities within a budget of $5,100 and a duration of 7 days:\n\nDay 1 (March 22nd, 2022): Devils Lake to Alamosa\n  - Morning: Drive to Alamosa and check-in at the budget-friendly Alamosa Inn ($80)\n  - Lunch: Try the Colorado-made pizza at Base Camp Brewing Co. ($12)\n  - Afternoon: Explore the San Luis Valley Museum ($10)\n  - Dinner: Enjoy steak at the historic San Luis Inn & Carefr); retrying in 6s
[RETRY] selfcheckgpt task=tp_nonsynth_mf2_000040 seed=2 attempt 3/5 failed (failed to obtain JSON after 3 attempts: could not parse JSON from model output:
{
  "final_output": "Here is a day-by-day travel itinerary for one person from Devils Lake to Colorado covering 3 cities within a budget of $5,100 and a duration of 7 days:\n\nDay 1 (March 22nd, 2022): Devils Lake to Alamosa\n  - Morning: Drive to Alamosa and check-in at the budget-friendly Alamosa Inn ($80)\n  - Lunch: Try the Colorado-made pizza at Base Camp Brewing Co. ($12)\n  - Afternoon: Explore the San Luis Valley Museum ($10)\n  - Dinner: Enjoy steak at the historic San Luis Inn & Carefr); retrying in 12s
[RETRY] selfcheckgpt task=tp_nonsynth_mf2_000040 seed=2 attempt 4/5 failed (failed to obtain JSON after 3 attempts: could not parse JSON from model output:
{
  "final_output": "Here is a day-by-day travel itinerary for one person from Devils Lake to Colorado covering 3 cities within a budget of $5,100 and a duration of 7 days:\n\nDay 1 (March 22nd, 2022): Devils Lake to Alamosa\n  - Morning: Drive to Alamosa and check-in at the budget-friendly Alamosa Inn ($80)\n  - Lunch: Try the Colorado-made pizza at Base Camp Brewing Co. ($12)\n  - Afternoon: Explore the San Luis Valley Museum ($10)\n  - Dinner: Enjoy steak at the historic San Luis Inn & Carefr); retrying in 24s
[ERROR] selfcheckgpt failed task=tp_nonsynth_mf2_000040 seed=2: failed to obtain JSON after 3 attempts: could not parse JSON from model output:
{
  "final_output": "Here is a day-by-day travel itinerary for one person from Devils Lake to Colorado covering 3 cities within a budget of $5,100 and a duration of 7 days:\n\nDay 1 (March 22nd, 2022): Devils Lake to Alamosa\n  - Morning: Drive to Alamosa and check-in at the budget-friendly Alamosa Inn ($80)\n  - Lunch: Try the Colorado-made pizza at Base Camp Brewing Co. ($12)\n  - Afternoon: Explore the San Luis Valley Museum ($10)\n  - Dinner: Enjoy steak at the historic San Luis Inn & Carefr
[RETRY] selfcheckgpt task=tp_nonsynth_mf2_000042 seed=0 attempt 1/5 failed (failed to obtain JSON after 3 attempts: could not parse JSON from model output:
{
  "final_output": "Day 1: Washington to New York\n\nAccommodation: The Westin New York at Times Square (Cost: $160 per night)\n\nMeals: Lunch at Carbone ($40 per person), Dinner at L'Artusi ($45 per person)\n\nAttractions: Empire State Building (Cost: $34 per person), Central Park (Free admission)\n\nDay 2: New York City\n\nAccommodation: The Roosevelt Hotel (Cost: $170 per night)\n\nMeals: Breakfast at Balthazar ($25 per person), Lunch at Xi'an Famous Foods ($15 per person), Dinner at Di Fara); retrying in 3s
[RETRY] selfcheckgpt task=tp_nonsynth_mf2_000042 seed=0 attempt 2/5 failed (failed to obtain JSON after 3 attempts: could not parse JSON from model output:
{
  "final_output": "Day 1: Washington to New York\n\nAccommodation: The Westin New York at Times Square (Cost: $160 per night)\n\nMeals: Lunch at Carbone ($40 per person), Dinner at L'Artusi ($45 per person)\n\nAttractions: Empire State Building (Cost: $34 per person), Central Park (Free admission)\n\nDay 2: New York City\n\nAccommodation: The Roosevelt Hotel (Cost: $170 per night)\n\nMeals: Breakfast at Balthazar ($25 per person), Lunch at Xi'an Famous Foods ($15 per person), Dinner at Di Fara); retrying in 6s
[RETRY] selfcheckgpt task=tp_nonsynth_mf2_000042 seed=0 attempt 3/5 failed (failed to obtain JSON after 3 attempts: could not parse JSON from model output:
{
  "final_output": "Day 1: Washington to New York\n\nAccommodation: The Westin New York at Times Square (Cost: $160 per night)\n\nMeals: Lunch at Carbone ($40 per person), Dinner at L'Artusi ($45 per person)\n\nAttractions: Empire State Building (Cost: $34 per person), Central Park (Free admission)\n\nDay 2: New York City\n\nAccommodation: The Roosevelt Hotel (Cost: $170 per night)\n\nMeals: Breakfast at Balthazar ($25 per person), Lunch at Xi'an Famous Foods ($15 per person), Dinner at Di Fara); retrying in 12s
[RETRY] selfcheckgpt task=tp_nonsynth_mf2_000042 seed=0 attempt 4/5 failed (failed to obtain JSON after 3 attempts: could not parse JSON from model output:
{
  "final_output": "Day 1: Washington to New York\n\nAccommodation: The Westin New York at Times Square (Cost: $160 per night)\n\nMeals: Lunch at Carbone ($40 per person), Dinner at L'Artusi ($45 per person)\n\nAttractions: Empire State Building (Cost: $34 per person), Central Park (Free admission)\n\nDay 2: New York City\n\nAccommodation: The Roosevelt Hotel (Cost: $170 per night)\n\nMeals: Breakfast at Balthazar ($25 per person), Lunch at Xi'an Famous Foods ($15 per person), Dinner at Di Fara); retrying in 24s
[ERROR] selfcheckgpt failed task=tp_nonsynth_mf2_000042 seed=0: failed to obtain JSON after 3 attempts: could not parse JSON from model output:
{
  "final_output": "Day 1: Washington to New York\n\nAccommodation: The Westin New York at Times Square (Cost: $160 per night)\n\nMeals: Lunch at Carbone ($40 per person), Dinner at L'Artusi ($45 per person)\n\nAttractions: Empire State Building (Cost: $34 per person), Central Park (Free admission)\n\nDay 2: New York City\n\nAccommodation: The Roosevelt Hotel (Cost: $170 per night)\n\nMeals: Breakfast at Balthazar ($25 per person), Lunch at Xi'an Famous Foods ($15 per person), Dinner at Di Fara
[RETRY] selfcheckgpt task=tp_nonsynth_mf2_000042 seed=1 attempt 1/5 failed (failed to obtain JSON after 3 attempts: could not parse JSON from model output:
{
  "final_output": "Day 1: Washington, D.C. to Buffalo, NY\nAccommodation: Entire room at Hotel Henry ($120)\nMeals: American cuisine at The Anchor Bar ($20), Italian cuisine at Pano's Ristorante ($30)\nAttractions: Buffalo Zoo ($14), Canalside ($Free)\nCost: $184\n\nDay 2: Buffalo, NY\nAccommodation: Entire room at Hotel Henry ($120)\nMeals: Mexican cuisine at La Charreada ($25), Chinese cuisine at Osaka Japanese Restaurant ($25)\nAttractions: Buffalo AKG Art Museum ($12), Delaware Park ($Free); retrying in 3s
[RETRY] selfcheckgpt task=tp_nonsynth_mf2_000042 seed=1 attempt 2/5 failed (failed to obtain JSON after 3 attempts: could not parse JSON from model output:
{
  "final_output": "Day 1: Washington, D.C. to Buffalo, NY\nAccommodation: Entire room at Hotel Henry ($120)\nMeals: American cuisine at The Anchor Bar ($20), Italian cuisine at Pano's Ristorante ($30)\nAttractions: Buffalo Zoo ($14), Canalside ($Free)\nCost: $184\n\nDay 2: Buffalo, NY\nAccommodation: Entire room at Hotel Henry ($120)\nMeals: Mexican cuisine at La Charreada ($25), Chinese cuisine at Osaka Japanese Restaurant ($25)\nAttractions: Buffalo AKG Art Museum ($12), Delaware Park ($Free); retrying in 6s
[RETRY] selfcheckgpt task=tp_nonsynth_mf2_000042 seed=1 attempt 3/5 failed (failed to obtain JSON after 3 attempts: could not parse JSON from model output:
{
  "final_output": "Day 1: Washington, D.C. to Buffalo, NY\nAccommodation: Entire room at Hotel Henry ($120)\nMeals: American cuisine at The Anchor Bar ($20), Italian cuisine at Pano's Ristorante ($30)\nAttractions: Buffalo Zoo ($14), Canalside ($Free)\nCost: $184\n\nDay 2: Buffalo, NY\nAccommodation: Entire room at Hotel Henry ($120)\nMeals: Mexican cuisine at La Charreada ($25), Chinese cuisine at Osaka Japanese Restaurant ($25)\nAttractions: Buffalo AKG Art Museum ($12), Delaware Park ($Free); retrying in 12s
[RETRY] selfcheckgpt task=tp_nonsynth_mf2_000042 seed=1 attempt 4/5 failed (failed to obtain JSON after 3 attempts: could not parse JSON from model output:
{
  "final_output": "Day 1: Washington, D.C. to Buffalo, NY\nAccommodation: Entire room at Hotel Henry ($120)\nMeals: American cuisine at The Anchor Bar ($20), Italian cuisine at Pano's Ristorante ($30)\nAttractions: Buffalo Zoo ($14), Canalside ($Free)\nCost: $184\n\nDay 2: Buffalo, NY\nAccommodation: Entire room at Hotel Henry ($120)\nMeals: Mexican cuisine at La Charreada ($25), Chinese cuisine at Osaka Japanese Restaurant ($25)\nAttractions: Buffalo AKG Art Museum ($12), Delaware Park ($Free); retrying in 24s
[ERROR] selfcheckgpt failed task=tp_nonsynth_mf2_000042 seed=1: failed to obtain JSON after 3 attempts: could not parse JSON from model output:
{
  "final_output": "Day 1: Washington, D.C. to Buffalo, NY\nAccommodation: Entire room at Hotel Henry ($120)\nMeals: American cuisine at The Anchor Bar ($20), Italian cuisine at Pano's Ristorante ($30)\nAttractions: Buffalo Zoo ($14), Canalside ($Free)\nCost: $184\n\nDay 2: Buffalo, NY\nAccommodation: Entire room at Hotel Henry ($120)\nMeals: Mexican cuisine at La Charreada ($25), Chinese cuisine at Osaka Japanese Restaurant ($25)\nAttractions: Buffalo AKG Art Museum ($12), Delaware Park ($Free
  N=2 tp_nonsynth_mf2_000040 seed=0 arm=react level=easy: per_fault={'budget': True, 'days': True} all_resolved=True n_resolved=2/2 tokens=(2819,2408)
  N=2 tp_nonsynth_mf2_000040 seed=0 arm=reflexion level=easy: per_fault={'budget': True, 'days': True} all_resolved=True n_resolved=2/2 tokens=(1373,1104)
  N=2 tp_nonsynth_mf2_000040 seed=0 arm=intro_specter level=easy: per_fault={'budget': True, 'days': True} all_resolved=True n_resolved=2/2 tokens=(4054,1545)
  N=2 tp_nonsynth_mf2_000040 seed=1 arm=direct level=easy: per_fault={'budget': True, 'days': True} all_resolved=True n_resolved=2/2 tokens=(1373,1104)
  N=2 tp_nonsynth_mf2_000040 seed=1 arm=self_refine level=easy: per_fault={'budget': False, 'days': True} all_resolved=False n_resolved=1/2 tokens=(3900,2984)
  N=2 tp_nonsynth_mf2_000040 seed=1 arm=full_regen level=easy: per_fault={'budget': True, 'days': True} all_resolved=True n_resolved=2/2 tokens=(2766,3155)
  N=2 tp_nonsynth_mf2_000040 seed=1 arm=react level=easy: per_fault={'budget': True, 'days': True} all_resolved=True n_resolved=2/2 tokens=(2819,2408)
  N=2 tp_nonsynth_mf2_000040 seed=1 arm=reflexion level=easy: per_fault={'budget': True, 'days': True} all_resolved=True n_resolved=2/2 tokens=(1373,1104)
  N=2 tp_nonsynth_mf2_000040 seed=1 arm=intro_specter level=easy: per_fault={'budget': True, 'days': True} all_resolved=True n_resolved=2/2 tokens=(4054,1545)
  N=2 tp_nonsynth_mf2_000040 seed=2 arm=direct level=easy: per_fault={'budget': False, 'days': True} all_resolved=False n_resolved=1/2 tokens=(1373,2209)
  N=2 tp_nonsynth_mf2_000040 seed=2 arm=self_refine level=easy: per_fault={'budget': True, 'days': True} all_resolved=True n_resolved=2/2 tokens=(5614,4804)
  N=2 tp_nonsynth_mf2_000040 seed=2 arm=full_regen level=easy: per_fault={'budget': False, 'days': True} all_resolved=False n_resolved=1/2 tokens=(2746,3213)
  N=2 tp_nonsynth_mf2_000040 seed=2 arm=react level=easy: per_fault={'budget': True, 'days': True} all_resolved=True n_resolved=2/2 tokens=(2799,3692)
  N=2 tp_nonsynth_mf2_000040 seed=2 arm=reflexion level=easy: per_fault={'budget': True, 'days': True} all_resolved=True n_resolved=2/2 tokens=(9945,4844)
  N=2 tp_nonsynth_mf2_000040 seed=2 arm=intro_specter level=easy: per_fault={'budget': True, 'days': True} all_resolved=True n_resolved=2/2 tokens=(5768,5445)
  N=2 tp_nonsynth_mf2_000041 seed=0 arm=direct level=easy: per_fault={'budget': True, 'days': True} all_resolved=True n_resolved=2/2 tokens=(1164,1053)
  N=2 tp_nonsynth_mf2_000041 seed=0 arm=self_refine level=easy: per_fault={'budget': True, 'days': True} all_resolved=True n_resolved=2/2 tokens=(3452,2388)
  N=2 tp_nonsynth_mf2_000041 seed=0 arm=full_regen level=easy: per_fault={'budget': True, 'days': True} all_resolved=True n_resolved=2/2 tokens=(2328,2458)
  N=2 tp_nonsynth_mf2_000041 seed=0 arm=react level=easy: per_fault={'budget': True, 'days': True} all_resolved=True n_resolved=2/2 tokens=(2401,2473)
  N=2 tp_nonsynth_mf2_000041 seed=0 arm=selfcheckgpt level=easy: per_fault={'budget': True, 'days': True} all_resolved=True n_resolved=2/2 tokens=(10302,3300)
  N=2 tp_nonsynth_mf2_000041 seed=0 arm=reflexion level=easy: per_fault={'budget': True, 'days': True} all_resolved=True n_resolved=2/2 tokens=(1164,1053)
  N=2 tp_nonsynth_mf2_000041 seed=0 arm=intro_specter level=easy: per_fault={'budget': True, 'days': True} all_resolved=True n_resolved=2/2 tokens=(3606,1594)
  N=2 tp_nonsynth_mf2_000041 seed=1 arm=direct level=easy: per_fault={'budget': True, 'days': True} all_resolved=True n_resolved=2/2 tokens=(1164,1053)
  N=2 tp_nonsynth_mf2_000041 seed=1 arm=self_refine level=easy: per_fault={'budget': True, 'days': True} all_resolved=True n_resolved=2/2 tokens=(3452,2388)
  N=2 tp_nonsynth_mf2_000041 seed=1 arm=full_regen level=easy: per_fault={'budget': True, 'days': True} all_resolved=True n_resolved=2/2 tokens=(2328,2120)
  N=2 tp_nonsynth_mf2_000041 seed=1 arm=react level=easy: per_fault={'budget': True, 'days': True} all_resolved=True n_resolved=2/2 tokens=(2401,2473)
  N=2 tp_nonsynth_mf2_000041 seed=1 arm=selfcheckgpt level=easy: per_fault={'budget': True, 'days': True} all_resolved=True n_resolved=2/2 tokens=(10234,3015)
  N=2 tp_nonsynth_mf2_000041 seed=1 arm=reflexion level=easy: per_fault={'budget': True, 'days': True} all_resolved=True n_resolved=2/2 tokens=(1164,1053)
  N=2 tp_nonsynth_mf2_000041 seed=1 arm=intro_specter level=easy: per_fault={'budget': True, 'days': True} all_resolved=True n_resolved=2/2 tokens=(3606,1594)
  N=2 tp_nonsynth_mf2_000041 seed=2 arm=direct level=easy: per_fault={'budget': True, 'days': True} all_resolved=True n_resolved=2/2 tokens=(1184,1306)
  N=2 tp_nonsynth_mf2_000041 seed=2 arm=self_refine level=easy: per_fault={'budget': True, 'days': True} all_resolved=True n_resolved=2/2 tokens=(3809,2958)
  N=2 tp_nonsynth_mf2_000041 seed=2 arm=full_regen level=easy: per_fault={'budget': True, 'days': True} all_resolved=True n_resolved=2/2 tokens=(2368,2610)
  N=2 tp_nonsynth_mf2_000041 seed=2 arm=react level=easy: per_fault={'budget': True, 'days': True} all_resolved=True n_resolved=2/2 tokens=(2401,2700)
  N=2 tp_nonsynth_mf2_000041 seed=2 arm=selfcheckgpt level=easy: per_fault={'budget': True, 'days': True} all_resolved=True n_resolved=2/2 tokens=(10508,3518)
  N=2 tp_nonsynth_mf2_000041 seed=2 arm=reflexion level=easy: per_fault={'budget': True, 'days': True} all_resolved=True n_resolved=2/2 tokens=(1184,1306)
  N=2 tp_nonsynth_mf2_000041 seed=2 arm=intro_specter level=easy: per_fault={'budget': True, 'days': True} all_resolved=True n_resolved=2/2 tokens=(3963,2274)
  N=2 tp_nonsynth_mf2_000042 seed=0 arm=direct level=hard: per_fault={'budget': True, 'days': True} all_resolved=True n_resolved=2/2 tokens=(1664,1444)
  N=2 tp_nonsynth_mf2_000042 seed=0 arm=self_refine level=hard: per_fault={'budget': True, 'days': True} all_resolved=True n_resolved=2/2 tokens=(4948,3159)
  N=2 tp_nonsynth_mf2_000042 seed=0 arm=full_regen level=hard: per_fault={'budget': False, 'days': True} all_resolved=False n_resolved=1/2 tokens=(3348,2572)
  N=2 tp_nonsynth_mf2_000042 seed=0 arm=react level=hard: per_fault={'budget': False, 'days': True} all_resolved=False n_resolved=1/2 tokens=(3381,2497)
  N=2 tp_nonsynth_mf2_000042 seed=0 arm=reflexion level=hard: per_fault={'budget': True, 'days': True} all_resolved=True n_resolved=2/2 tokens=(1664,1444)
  N=2 tp_nonsynth_mf2_000042 seed=0 arm=intro_specter level=hard: per_fault={'budget': True, 'days': True} all_resolved=True n_resolved=2/2 tokens=(5122,2623)
  N=2 tp_nonsynth_mf2_000042 seed=1 arm=direct level=hard: per_fault={'budget': True, 'days': True} all_resolved=True n_resolved=2/2 tokens=(1664,1444)
  N=2 tp_nonsynth_mf2_000042 seed=1 arm=self_refine level=hard: per_fault={'budget': True, 'days': True} all_resolved=True n_resolved=2/2 tokens=(4948,3159)
  N=2 tp_nonsynth_mf2_000042 seed=1 arm=full_regen level=hard: per_fault={'budget': True, 'days': True} all_resolved=True n_resolved=2/2 tokens=(3348,3396)
  N=2 tp_nonsynth_mf2_000042 seed=1 arm=react level=hard: per_fault={'budget': False, 'days': True} all_resolved=False n_resolved=1/2 tokens=(3381,2497)
  N=2 tp_nonsynth_mf2_000042 seed=1 arm=reflexion level=hard: per_fault={'budget': True, 'days': True} all_resolved=True n_resolved=2/2 tokens=(1664,1444)
  N=2 tp_nonsynth_mf2_000042 seed=1 arm=intro_specter level=hard: per_fault={'budget': True, 'days': True} all_resolved=True n_resolved=2/2 tokens=(5122,2623)
  N=2 tp_nonsynth_mf2_000042 seed=2 arm=direct level=hard: per_fault={'budget': True, 'days': True} all_resolved=True n_resolved=2/2 tokens=(1664,1115)
  N=2 tp_nonsynth_mf2_000042 seed=2 arm=self_refine level=hard: per_fault={'budget': True, 'days': True} all_resolved=True n_resolved=2/2 tokens=(4534,2237)
  N=2 tp_nonsynth_mf2_000042 seed=2 arm=full_regen level=hard: per_fault={'budget': True, 'days': True} all_resolved=True n_resolved=2/2 tokens=(3348,2054)
  N=2 tp_nonsynth_mf2_000042 seed=2 arm=react level=hard: per_fault={'budget': False, 'days': True} all_resolved=False n_resolved=1/2 tokens=(3401,2391)
[RETRY] selfcheckgpt task=tp_nonsynth_mf2_000045 seed=0 attempt 1/5 failed (failed to obtain JSON after 3 attempts: could not parse JSON from model output:
{
  "final_output": "Here's a 10-day travel plan from March 8th to March 14th, 2022, for a group of 8, starting from Rockford and visiting 3 cities in Florida.\nDay 1:\nAccommodation: Accommodation for 8 in Paramour Park (_budget: $2,049)\nMeals: Dinner at Four Swanning Pond (cost: $200)\nAttractions: Devil's Millhopper Geological State Park (cost: $0)\nCost: $2,249\n\nDay 2:\nAccommodation: Accommodation for 8 in Emerald Acres (budget: $1,949)\nMeals: Lunch at Julia Lowe Place (cost: $150)\nAtt); retrying in 3s
[RETRY] selfcheckgpt task=tp_nonsynth_mf2_000045 seed=0 attempt 2/5 failed (failed to obtain JSON after 3 attempts: could not parse JSON from model output:
{
  "final_output": "Here's a 10-day travel plan from March 8th to March 14th, 2022, for a group of 8, starting from Rockford and visiting 3 cities in Florida.\nDay 1:\nAccommodation: Accommodation for 8 in Paramour Park (_budget: $2,049)\nMeals: Dinner at Four Swanning Pond (cost: $200)\nAttractions: Devil's Millhopper Geological State Park (cost: $0)\nCost: $2,249\n\nDay 2:\nAccommodation: Accommodation for 8 in Emerald Acres (budget: $1,949)\nMeals: Lunch at Julia Lowe Place (cost: $150)\nAtt); retrying in 6s
[RETRY] selfcheckgpt task=tp_nonsynth_mf2_000045 seed=0 attempt 3/5 failed (failed to obtain JSON after 3 attempts: could not parse JSON from model output:
{
  "final_output": "Here's a 10-day travel plan from March 8th to March 14th, 2022, for a group of 8, starting from Rockford and visiting 3 cities in Florida.\nDay 1:\nAccommodation: Accommodation for 8 in Paramour Park (_budget: $2,049)\nMeals: Dinner at Four Swanning Pond (cost: $200)\nAttractions: Devil's Millhopper Geological State Park (cost: $0)\nCost: $2,249\n\nDay 2:\nAccommodation: Accommodation for 8 in Emerald Acres (budget: $1,949)\nMeals: Lunch at Julia Lowe Place (cost: $150)\nAtt); retrying in 12s
[RETRY] selfcheckgpt task=tp_nonsynth_mf2_000045 seed=0 attempt 4/5 failed (failed to obtain JSON after 3 attempts: could not parse JSON from model output:
{
  "final_output": "Here's a 10-day travel plan from March 8th to March 14th, 2022, for a group of 8, starting from Rockford and visiting 3 cities in Florida.\nDay 1:\nAccommodation: Accommodation for 8 in Paramour Park (_budget: $2,049)\nMeals: Dinner at Four Swanning Pond (cost: $200)\nAttractions: Devil's Millhopper Geological State Park (cost: $0)\nCost: $2,249\n\nDay 2:\nAccommodation: Accommodation for 8 in Emerald Acres (budget: $1,949)\nMeals: Lunch at Julia Lowe Place (cost: $150)\nAtt); retrying in 24s
[ERROR] selfcheckgpt failed task=tp_nonsynth_mf2_000045 seed=0: failed to obtain JSON after 3 attempts: could not parse JSON from model output:
{
  "final_output": "Here's a 10-day travel plan from March 8th to March 14th, 2022, for a group of 8, starting from Rockford and visiting 3 cities in Florida.\nDay 1:\nAccommodation: Accommodation for 8 in Paramour Park (_budget: $2,049)\nMeals: Dinner at Four Swanning Pond (cost: $200)\nAttractions: Devil's Millhopper Geological State Park (cost: $0)\nCost: $2,249\n\nDay 2:\nAccommodation: Accommodation for 8 in Emerald Acres (budget: $1,949)\nMeals: Lunch at Julia Lowe Place (cost: $150)\nAtt
  N=2 tp_nonsynth_mf2_000042 seed=2 arm=selfcheckgpt level=hard: per_fault={'budget': True, 'days': True} all_resolved=True n_resolved=2/2 tokens=(14162,3742)
  N=2 tp_nonsynth_mf2_000042 seed=2 arm=reflexion level=hard: per_fault={'budget': True, 'days': True} all_resolved=True n_resolved=2/2 tokens=(1664,1115)
  N=2 tp_nonsynth_mf2_000042 seed=2 arm=intro_specter level=hard: per_fault={'budget': True, 'days': True} all_resolved=True n_resolved=2/2 tokens=(4668,1658)
  N=2 tp_nonsynth_mf2_000043 seed=0 arm=direct level=hard: per_fault={'budget': False, 'days': True} all_resolved=False n_resolved=1/2 tokens=(1543,1210)
  N=2 tp_nonsynth_mf2_000043 seed=0 arm=self_refine level=hard: per_fault={'budget': True, 'days': True} all_resolved=True n_resolved=2/2 tokens=(4599,3053)
  N=2 tp_nonsynth_mf2_000043 seed=0 arm=full_regen level=hard: per_fault={'budget': False, 'days': False} all_resolved=False n_resolved=0/2 tokens=(3086,2620)
  N=2 tp_nonsynth_mf2_000043 seed=0 arm=react level=hard: per_fault={'budget': True, 'days': True} all_resolved=True n_resolved=2/2 tokens=(3119,2348)
  N=2 tp_nonsynth_mf2_000043 seed=0 arm=selfcheckgpt level=hard: per_fault={'budget': False, 'days': True} all_resolved=False n_resolved=1/2 tokens=(11753,2492)
  N=2 tp_nonsynth_mf2_000043 seed=0 arm=reflexion level=hard: per_fault={'budget': True, 'days': True} all_resolved=True n_resolved=2/2 tokens=(7728,2859)
  N=2 tp_nonsynth_mf2_000043 seed=0 arm=intro_specter level=hard: per_fault={'budget': True, 'days': True} all_resolved=True n_resolved=2/2 tokens=(4753,1714)
  N=2 tp_nonsynth_mf2_000043 seed=1 arm=direct level=hard: per_fault={'budget': False, 'days': True} all_resolved=False n_resolved=1/2 tokens=(1543,1210)
  N=2 tp_nonsynth_mf2_000043 seed=1 arm=self_refine level=hard: per_fault={'budget': True, 'days': True} all_resolved=True n_resolved=2/2 tokens=(4599,3053)
  N=2 tp_nonsynth_mf2_000043 seed=1 arm=full_regen level=hard: per_fault={'budget': False, 'days': True} all_resolved=False n_resolved=1/2 tokens=(3066,2057)
  N=2 tp_nonsynth_mf2_000043 seed=1 arm=react level=hard: per_fault={'budget': True, 'days': True} all_resolved=True n_resolved=2/2 tokens=(3119,2348)
  N=2 tp_nonsynth_mf2_000043 seed=1 arm=selfcheckgpt level=hard: per_fault={'budget': False, 'days': True} all_resolved=False n_resolved=1/2 tokens=(11764,2535)
  N=2 tp_nonsynth_mf2_000043 seed=1 arm=reflexion level=hard: per_fault={'budget': True, 'days': True} all_resolved=True n_resolved=2/2 tokens=(7728,2859)
  N=2 tp_nonsynth_mf2_000043 seed=1 arm=intro_specter level=hard: per_fault={'budget': True, 'days': True} all_resolved=True n_resolved=2/2 tokens=(4753,1714)
  N=2 tp_nonsynth_mf2_000043 seed=2 arm=direct level=hard: per_fault={'budget': True, 'days': True} all_resolved=True n_resolved=2/2 tokens=(1543,939)
  N=2 tp_nonsynth_mf2_000043 seed=2 arm=self_refine level=hard: per_fault={'budget': True, 'days': True} all_resolved=True n_resolved=2/2 tokens=(4139,2005)
  N=2 tp_nonsynth_mf2_000043 seed=2 arm=full_regen level=hard: per_fault={'budget': False, 'days': True} all_resolved=False n_resolved=1/2 tokens=(3086,2037)
  N=2 tp_nonsynth_mf2_000043 seed=2 arm=react level=hard: per_fault={'budget': True, 'days': True} all_resolved=True n_resolved=2/2 tokens=(3119,1795)
  N=2 tp_nonsynth_mf2_000043 seed=2 arm=selfcheckgpt level=hard: per_fault={'budget': True, 'days': True} all_resolved=True n_resolved=2/2 tokens=(12151,2705)
  N=2 tp_nonsynth_mf2_000043 seed=2 arm=reflexion level=hard: per_fault={'budget': True, 'days': True} all_resolved=True n_resolved=2/2 tokens=(1543,939)
  N=2 tp_nonsynth_mf2_000043 seed=2 arm=intro_specter level=hard: per_fault={'budget': True, 'days': True} all_resolved=True n_resolved=2/2 tokens=(4293,1884)
  N=2 tp_nonsynth_mf2_000044 seed=0 arm=direct level=hard: per_fault={'budget': False, 'days': True} all_resolved=False n_resolved=1/2 tokens=(1602,1389)
  N=2 tp_nonsynth_mf2_000044 seed=0 arm=self_refine level=hard: per_fault={'budget': True, 'days': True} all_resolved=True n_resolved=2/2 tokens=(4958,3188)
  N=2 tp_nonsynth_mf2_000044 seed=0 arm=full_regen level=hard: per_fault={'budget': True, 'days': True} all_resolved=True n_resolved=2/2 tokens=(3184,2418)
  N=2 tp_nonsynth_mf2_000044 seed=0 arm=react level=hard: per_fault={'budget': True, 'days': True} all_resolved=True n_resolved=2/2 tokens=(3237,2056)
  N=2 tp_nonsynth_mf2_000044 seed=0 arm=selfcheckgpt level=hard: per_fault={'budget': False, 'days': True} all_resolved=False n_resolved=1/2 tokens=(12154,3176)
  N=2 tp_nonsynth_mf2_000044 seed=0 arm=reflexion level=hard: per_fault={'budget': False, 'days': True} all_resolved=False n_resolved=1/2 tokens=(17007,5141)
  N=2 tp_nonsynth_mf2_000044 seed=0 arm=intro_specter level=hard: per_fault={'budget': True, 'days': False} all_resolved=False n_resolved=1/2 tokens=(5092,2538)
  N=2 tp_nonsynth_mf2_000044 seed=1 arm=direct level=hard: per_fault={'budget': False, 'days': True} all_resolved=False n_resolved=1/2 tokens=(1602,1389)
  N=2 tp_nonsynth_mf2_000044 seed=1 arm=self_refine level=hard: per_fault={'budget': True, 'days': True} all_resolved=True n_resolved=2/2 tokens=(4958,3188)
  N=2 tp_nonsynth_mf2_000044 seed=1 arm=full_regen level=hard: per_fault={'budget': True, 'days': True} all_resolved=True n_resolved=2/2 tokens=(3204,2319)
  N=2 tp_nonsynth_mf2_000044 seed=1 arm=react level=hard: per_fault={'budget': True, 'days': True} all_resolved=True n_resolved=2/2 tokens=(3237,2056)
  N=2 tp_nonsynth_mf2_000044 seed=1 arm=selfcheckgpt level=hard: per_fault={'budget': False, 'days': True} all_resolved=False n_resolved=1/2 tokens=(11961,2874)
  N=2 tp_nonsynth_mf2_000044 seed=1 arm=reflexion level=hard: per_fault={'budget': False, 'days': True} all_resolved=False n_resolved=1/2 tokens=(17007,5141)
  N=2 tp_nonsynth_mf2_000044 seed=1 arm=intro_specter level=hard: per_fault={'budget': True, 'days': False} all_resolved=False n_resolved=1/2 tokens=(5092,2538)
  N=2 tp_nonsynth_mf2_000044 seed=2 arm=direct level=hard: per_fault={'budget': False, 'days': True} all_resolved=False n_resolved=1/2 tokens=(1582,1667)
  N=2 tp_nonsynth_mf2_000044 seed=2 arm=self_refine level=hard: per_fault={'budget': False, 'days': True} all_resolved=False n_resolved=1/2 tokens=(5342,3990)
  N=2 tp_nonsynth_mf2_000044 seed=2 arm=full_regen level=hard: per_fault={'budget': False, 'days': True} all_resolved=False n_resolved=1/2 tokens=(3164,2806)
  N=2 tp_nonsynth_mf2_000044 seed=2 arm=react level=hard: per_fault={'budget': True, 'days': True} all_resolved=True n_resolved=2/2 tokens=(3217,3445)
  N=2 tp_nonsynth_mf2_000044 seed=2 arm=selfcheckgpt level=hard: per_fault={'budget': False, 'days': True} all_resolved=False n_resolved=1/2 tokens=(16638,3180)
  N=2 tp_nonsynth_mf2_000044 seed=2 arm=reflexion level=hard: per_fault={'budget': True, 'days': True} all_resolved=True n_resolved=2/2 tokens=(9169,3979)
  N=2 tp_nonsynth_mf2_000044 seed=2 arm=intro_specter level=hard: per_fault={'budget': False, 'days': True} all_resolved=False n_resolved=1/2 tokens=(5516,2343)
  N=2 tp_nonsynth_mf2_000045 seed=0 arm=direct level=medium: per_fault={'budget': True, 'days': True} all_resolved=True n_resolved=2/2 tokens=(1418,1036)
  N=2 tp_nonsynth_mf2_000045 seed=0 arm=self_refine level=medium: per_fault={'budget': True, 'days': True} all_resolved=True n_resolved=2/2 tokens=(3964,2228)
  N=2 tp_nonsynth_mf2_000045 seed=0 arm=full_regen level=medium: per_fault={'budget': True, 'days': True} all_resolved=True n_resolved=2/2 tokens=(2852,2369)
  N=2 tp_nonsynth_mf2_000045 seed=0 arm=react level=medium: per_fault={'budget': True, 'days': True} all_resolved=True n_resolved=2/2 tokens=(2869,2546)
  N=2 tp_nonsynth_mf2_000045 seed=0 arm=reflexion level=medium: per_fault={'budget': True, 'days': True} all_resolved=True n_resolved=2/2 tokens=(1418,1036)
  N=2 tp_nonsynth_mf2_000045 seed=0 arm=intro_specter level=medium: per_fault={'budget': True, 'days': True} all_resolved=True n_resolved=2/2 tokens=(4098,2775)
  N=2 tp_nonsynth_mf2_000045 seed=1 arm=direct level=medium: per_fault={'budget': True, 'days': True} all_resolved=True n_resolved=2/2 tokens=(1418,1036)
[RETRY] selfcheckgpt task=tp_nonsynth_mf2_000045 seed=2 attempt 1/5 failed (failed to obtain JSON after 3 attempts: could not parse JSON from model output:
{
  "final_output": "Here is a 10-day travel plan for a group of 8, starting from Rockford and visiting 3 cities in Florida from March 8th to March 18th, 2022, considering the allocated budget of $29,600 and the accommodation preference of entire rooms for the group.\n\nDay 1: March 8th, 2022\nAccommodation: Rockford, IL - Group accommodation of 8 rooms at $800 per night, totaling $6,400\nMeals: Lunch at Joe's Cafe, dinner at Jake's Pizza\nAttractions: None\nTotal Cost: $800\n\nDay 2: March 9th,); retrying in 3s
[RETRY] selfcheckgpt task=tp_nonsynth_mf2_000045 seed=2 attempt 2/5 failed (failed to obtain JSON after 3 attempts: could not parse JSON from model output:
{
  "final_output": "Here is a 10-day travel plan for a group of 8, starting from Rockford and visiting 3 cities in Florida from March 8th to March 18th, 2022, considering the allocated budget of $29,600 and the accommodation preference of entire rooms for the group.\n\nDay 1: March 8th, 2022\nAccommodation: Rockford, IL - Group accommodation of 8 rooms at $800 per night, totaling $6,400\nMeals: Lunch at Joe's Cafe, dinner at Jake's Pizza\nAttractions: None\nTotal Cost: $800\n\nDay 2: March 9th,); retrying in 6s
[RETRY] selfcheckgpt task=tp_nonsynth_mf2_000045 seed=2 attempt 3/5 failed (failed to obtain JSON after 3 attempts: could not parse JSON from model output:
{
  "final_output": "Here is a 10-day travel plan for a group of 8, starting from Rockford and visiting 3 cities in Florida from March 8th to March 18th, 2022, considering the allocated budget of $29,600 and the accommodation preference of entire rooms for the group.\n\nDay 1: March 8th, 2022\nAccommodation: Rockford, IL - Group accommodation of 8 rooms at $800 per night, totaling $6,400\nMeals: Lunch at Joe's Cafe, dinner at Jake's Pizza\nAttractions: None\nTotal Cost: $800\n\nDay 2: March 9th,); retrying in 12s
[RETRY] selfcheckgpt task=tp_nonsynth_mf2_000045 seed=2 attempt 4/5 failed (failed to obtain JSON after 3 attempts: could not parse JSON from model output:
{
  "final_output": "Here is a 10-day travel plan for a group of 8, starting from Rockford and visiting 3 cities in Florida from March 8th to March 18th, 2022, considering the allocated budget of $29,600 and the accommodation preference of entire rooms for the group.\n\nDay 1: March 8th, 2022\nAccommodation: Rockford, IL - Group accommodation of 8 rooms at $800 per night, totaling $6,400\nMeals: Lunch at Joe's Cafe, dinner at Jake's Pizza\nAttractions: None\nTotal Cost: $800\n\nDay 2: March 9th,); retrying in 24s
[ERROR] selfcheckgpt failed task=tp_nonsynth_mf2_000045 seed=2: failed to obtain JSON after 3 attempts: could not parse JSON from model output:
{
  "final_output": "Here is a 10-day travel plan for a group of 8, starting from Rockford and visiting 3 cities in Florida from March 8th to March 18th, 2022, considering the allocated budget of $29,600 and the accommodation preference of entire rooms for the group.\n\nDay 1: March 8th, 2022\nAccommodation: Rockford, IL - Group accommodation of 8 rooms at $800 per night, totaling $6,400\nMeals: Lunch at Joe's Cafe, dinner at Jake's Pizza\nAttractions: None\nTotal Cost: $800\n\nDay 2: March 9th,
  N=2 tp_nonsynth_mf2_000045 seed=1 arm=self_refine level=medium: per_fault={'budget': True, 'days': True} all_resolved=True n_resolved=2/2 tokens=(3964,2228)
  N=2 tp_nonsynth_mf2_000045 seed=1 arm=full_regen level=medium: per_fault={'budget': False, 'days': True} all_resolved=False n_resolved=1/2 tokens=(2816,3485)
  N=2 tp_nonsynth_mf2_000045 seed=1 arm=react level=medium: per_fault={'budget': True, 'days': True} all_resolved=True n_resolved=2/2 tokens=(2869,2546)
  N=2 tp_nonsynth_mf2_000045 seed=1 arm=selfcheckgpt level=medium: per_fault={'budget': True, 'days': True} all_resolved=True n_resolved=2/2 tokens=(10528,2666)
  N=2 tp_nonsynth_mf2_000045 seed=1 arm=reflexion level=medium: per_fault={'budget': True, 'days': True} all_resolved=True n_resolved=2/2 tokens=(1418,1036)
  N=2 tp_nonsynth_mf2_000045 seed=1 arm=intro_specter level=medium: per_fault={'budget': True, 'days': True} all_resolved=True n_resolved=2/2 tokens=(4098,2775)
  N=2 tp_nonsynth_mf2_000045 seed=2 arm=direct level=medium: per_fault={'budget': True, 'days': True} all_resolved=True n_resolved=2/2 tokens=(1398,1681)
  N=2 tp_nonsynth_mf2_000045 seed=2 arm=self_refine level=medium: per_fault={'budget': False, 'days': True} all_resolved=False n_resolved=1/2 tokens=(4610,4073)
  N=2 tp_nonsynth_mf2_000045 seed=2 arm=full_regen level=medium: per_fault={'budget': False, 'days': True} all_resolved=False n_resolved=1/2 tokens=(2796,3853)
  N=2 tp_nonsynth_mf2_000045 seed=2 arm=react level=medium: per_fault={'budget': True, 'days': True} all_resolved=True n_resolved=2/2 tokens=(2869,3537)
  N=2 tp_nonsynth_mf2_000045 seed=2 arm=reflexion level=medium: per_fault={'budget': True, 'days': True} all_resolved=True n_resolved=2/2 tokens=(1398,1681)
  N=2 tp_nonsynth_mf2_000045 seed=2 arm=intro_specter level=medium: per_fault={'budget': True, 'days': True} all_resolved=True n_resolved=2/2 tokens=(4744,2103)
  N=2 tp_nonsynth_mf2_000046 seed=0 arm=direct level=easy: per_fault={'budget': True, 'days': True} all_resolved=True n_resolved=2/2 tokens=(1358,1034)
  N=2 tp_nonsynth_mf2_000046 seed=0 arm=self_refine level=easy: per_fault={'budget': True, 'days': True} all_resolved=True n_resolved=2/2 tokens=(3948,2343)
  N=2 tp_nonsynth_mf2_000046 seed=0 arm=full_regen level=easy: per_fault={'budget': True, 'days': True} all_resolved=True n_resolved=2/2 tokens=(2696,1955)
  N=2 tp_nonsynth_mf2_000046 seed=0 arm=react level=easy: per_fault={'budget': False, 'days': True} all_resolved=False n_resolved=1/2 tokens=(2749,2331)
  N=2 tp_nonsynth_mf2_000046 seed=0 arm=selfcheckgpt level=easy: per_fault={'budget': True, 'days': True} all_resolved=True n_resolved=2/2 tokens=(10754,2648)
  N=2 tp_nonsynth_mf2_000046 seed=0 arm=reflexion level=easy: per_fault={'budget': True, 'days': True} all_resolved=True n_resolved=2/2 tokens=(1358,1034)
  N=2 tp_nonsynth_mf2_000046 seed=0 arm=intro_specter level=easy: per_fault={'budget': True, 'days': True} all_resolved=True n_resolved=2/2 tokens=(4122,1892)
  N=2 tp_nonsynth_mf2_000046 seed=1 arm=direct level=easy: per_fault={'budget': True, 'days': True} all_resolved=True n_resolved=2/2 tokens=(1358,1034)
  N=2 tp_nonsynth_mf2_000046 seed=1 arm=self_refine level=easy: per_fault={'budget': True, 'days': True} all_resolved=True n_resolved=2/2 tokens=(3948,2343)
  N=2 tp_nonsynth_mf2_000046 seed=1 arm=full_regen level=easy: per_fault={'budget': True, 'days': True} all_resolved=True n_resolved=2/2 tokens=(2716,1867)
  N=2 tp_nonsynth_mf2_000046 seed=1 arm=react level=easy: per_fault={'budget': False, 'days': True} all_resolved=False n_resolved=1/2 tokens=(2749,2331)
  N=2 tp_nonsynth_mf2_000046 seed=1 arm=selfcheckgpt level=easy: per_fault={'budget': True, 'days': True} all_resolved=True n_resolved=2/2 tokens=(10872,2889)
  N=2 tp_nonsynth_mf2_000046 seed=1 arm=reflexion level=easy: per_fault={'budget': True, 'days': True} all_resolved=True n_resolved=2/2 tokens=(1358,1034)
  N=2 tp_nonsynth_mf2_000046 seed=1 arm=intro_specter level=easy: per_fault={'budget': True, 'days': True} all_resolved=True n_resolved=2/2 tokens=(4122,1892)
  N=2 tp_nonsynth_mf2_000046 seed=2 arm=direct level=easy: per_fault={'budget': True, 'days': True} all_resolved=True n_resolved=2/2 tokens=(1358,1199)
  N=2 tp_nonsynth_mf2_000046 seed=2 arm=self_refine level=easy: per_fault={'budget': True, 'days': True} all_resolved=True n_resolved=2/2 tokens=(4239,2635)
  N=2 tp_nonsynth_mf2_000046 seed=2 arm=full_regen level=easy: per_fault={'budget': True, 'days': True} all_resolved=True n_resolved=2/2 tokens=(2732,2115)
  N=2 tp_nonsynth_mf2_000046 seed=2 arm=react level=easy: per_fault={'budget': False, 'days': True} all_resolved=False n_resolved=1/2 tokens=(2785,2129)
  N=2 tp_nonsynth_mf2_000046 seed=2 arm=selfcheckgpt level=easy: per_fault={'budget': True, 'days': True} all_resolved=True n_resolved=2/2 tokens=(10747,3430)
  N=2 tp_nonsynth_mf2_000046 seed=2 arm=reflexion level=easy: per_fault={'budget': True, 'days': True} all_resolved=True n_resolved=2/2 tokens=(1358,1199)
  N=2 tp_nonsynth_mf2_000046 seed=2 arm=intro_specter level=easy: per_fault={'budget': True, 'days': True} all_resolved=True n_resolved=2/2 tokens=(4413,3139)
  N=2 tp_nonsynth_mf2_000047 seed=0 arm=direct level=medium: per_fault={'budget': True, 'days': True} all_resolved=True n_resolved=2/2 tokens=(1285,822)
  N=2 tp_nonsynth_mf2_000047 seed=0 arm=self_refine level=medium: per_fault={'budget': True, 'days': True} all_resolved=True n_resolved=2/2 tokens=(3484,1873)
  N=2 tp_nonsynth_mf2_000047 seed=0 arm=full_regen level=medium: per_fault={'budget': False, 'days': True} all_resolved=False n_resolved=1/2 tokens=(2550,1873)
  N=2 tp_nonsynth_mf2_000047 seed=0 arm=react level=medium: per_fault={'budget': True, 'days': True} all_resolved=True n_resolved=2/2 tokens=(2623,2704)
  N=2 tp_nonsynth_mf2_000047 seed=0 arm=selfcheckgpt level=medium: per_fault={'budget': True, 'days': True} all_resolved=True n_resolved=2/2 tokens=(9748,2376)
  N=2 tp_nonsynth_mf2_000047 seed=0 arm=reflexion level=medium: per_fault={'budget': True, 'days': True} all_resolved=True n_resolved=2/2 tokens=(1285,822)
  N=2 tp_nonsynth_mf2_000047 seed=0 arm=intro_specter level=medium: per_fault={'budget': True, 'days': True} all_resolved=True n_resolved=2/2 tokens=(3619,1179)
  N=2 tp_nonsynth_mf2_000047 seed=1 arm=direct level=medium: per_fault={'budget': True, 'days': True} all_resolved=True n_resolved=2/2 tokens=(1285,822)
  N=2 tp_nonsynth_mf2_000047 seed=1 arm=self_refine level=medium: per_fault={'budget': True, 'days': True} all_resolved=True n_resolved=2/2 tokens=(3484,1873)
  N=2 tp_nonsynth_mf2_000047 seed=1 arm=full_regen level=medium: per_fault={'budget': True, 'days': True} all_resolved=True n_resolved=2/2 tokens=(2570,2164)
  N=2 tp_nonsynth_mf2_000047 seed=1 arm=react level=medium: per_fault={'budget': True, 'days': True} all_resolved=True n_resolved=2/2 tokens=(2623,2704)
  N=2 tp_nonsynth_mf2_000047 seed=1 arm=selfcheckgpt level=medium: per_fault={'budget': True, 'days': True} all_resolved=True n_resolved=2/2 tokens=(9782,2495)
  N=2 tp_nonsynth_mf2_000047 seed=1 arm=reflexion level=medium: per_fault={'budget': True, 'days': True} all_resolved=True n_resolved=2/2 tokens=(1285,822)
  N=2 tp_nonsynth_mf2_000047 seed=1 arm=intro_specter level=medium: per_fault={'budget': True, 'days': True} all_resolved=True n_resolved=2/2 tokens=(3619,1179)
  N=2 tp_nonsynth_mf2_000047 seed=2 arm=direct level=medium: per_fault={'budget': False, 'days': True} all_resolved=False n_resolved=1/2 tokens=(1265,1065)
  N=2 tp_nonsynth_mf2_000047 seed=2 arm=self_refine level=medium: per_fault={'budget': True, 'days': True} all_resolved=True n_resolved=2/2 tokens=(3854,2371)
  N=2 tp_nonsynth_mf2_000047 seed=2 arm=full_regen level=medium: per_fault={'budget': True, 'days': True} all_resolved=True n_resolved=2/2 tokens=(2550,2022)
  N=2 tp_nonsynth_mf2_000047 seed=2 arm=react level=medium: per_fault={'budget': True, 'days': True} all_resolved=True n_resolved=2/2 tokens=(2583,2149)
  N=2 tp_nonsynth_mf2_000047 seed=2 arm=selfcheckgpt level=medium: per_fault={'budget': False, 'days': True} all_resolved=False n_resolved=1/2 tokens=(17655,3200)
[RETRY] selfcheckgpt task=tp_nonsynth_mf2_000048 seed=0 attempt 1/5 failed (failed to obtain JSON after 3 attempts: could not parse JSON from model output:
{
  "final_output": "Day 1: March 3rd, 2022 - Key West to Houston, TX\nAccommodation: Airbnb in Houston (entire room for parties, $120)\nMeals: Lunch at El Patio (Mexican, $15) and Dinner at Houston Museum of Fine Arts' Cafe (American, $25)\nAttractions: Downtown Aquarium and Houston Arboretum & Nature Center\nCost line: $165\n\nDay 2: March 4th, 2022 - Houston, TX\nAccommodation: Airbnb in Houston (entire room for parties, $120)\nMeals: Lunch at Petite Palace (Chinese, $12) and Dinner at Al Che); retrying in 3s
[RETRY] selfcheckgpt task=tp_nonsynth_mf2_000048 seed=0 attempt 2/5 failed (failed to obtain JSON after 3 attempts: could not parse JSON from model output:
{
  "final_output": "Day 1: March 3rd, 2022 - Key West to Houston, TX\nAccommodation: Airbnb in Houston (entire room for parties, $120)\nMeals: Lunch at El Patio (Mexican, $15) and Dinner at Houston Museum of Fine Arts' Cafe (American, $25)\nAttractions: Downtown Aquarium and Houston Arboretum & Nature Center\nCost line: $165\n\nDay 2: March 4th, 2022 - Houston, TX\nAccommodation: Airbnb in Houston (entire room for parties, $120)\nMeals: Lunch at Petite Palace (Chinese, $12) and Dinner at Al Che); retrying in 6s
[RETRY] selfcheckgpt task=tp_nonsynth_mf2_000048 seed=0 attempt 3/5 failed (failed to obtain JSON after 3 attempts: could not parse JSON from model output:
{
  "final_output": "Day 1: March 3rd, 2022 - Key West to Houston, TX\nAccommodation: Airbnb in Houston (entire room for parties, $120)\nMeals: Lunch at El Patio (Mexican, $15) and Dinner at Houston Museum of Fine Arts' Cafe (American, $25)\nAttractions: Downtown Aquarium and Houston Arboretum & Nature Center\nCost line: $165\n\nDay 2: March 4th, 2022 - Houston, TX\nAccommodation: Airbnb in Houston (entire room for parties, $120)\nMeals: Lunch at Petite Palace (Chinese, $12) and Dinner at Al Che); retrying in 12s
[RETRY] selfcheckgpt task=tp_nonsynth_mf2_000048 seed=0 attempt 4/5 failed (failed to obtain JSON after 3 attempts: could not parse JSON from model output:
{
  "final_output": "Day 1: March 3rd, 2022 - Key West to Houston, TX\nAccommodation: Airbnb in Houston (entire room for parties, $120)\nMeals: Lunch at El Patio (Mexican, $15) and Dinner at Houston Museum of Fine Arts' Cafe (American, $25)\nAttractions: Downtown Aquarium and Houston Arboretum & Nature Center\nCost line: $165\n\nDay 2: March 4th, 2022 - Houston, TX\nAccommodation: Airbnb in Houston (entire room for parties, $120)\nMeals: Lunch at Petite Palace (Chinese, $12) and Dinner at Al Che); retrying in 24s
[ERROR] selfcheckgpt failed task=tp_nonsynth_mf2_000048 seed=0: failed to obtain JSON after 3 attempts: could not parse JSON from model output:
{
  "final_output": "Day 1: March 3rd, 2022 - Key West to Houston, TX\nAccommodation: Airbnb in Houston (entire room for parties, $120)\nMeals: Lunch at El Patio (Mexican, $15) and Dinner at Houston Museum of Fine Arts' Cafe (American, $25)\nAttractions: Downtown Aquarium and Houston Arboretum & Nature Center\nCost line: $165\n\nDay 2: March 4th, 2022 - Houston, TX\nAccommodation: Airbnb in Houston (entire room for parties, $120)\nMeals: Lunch at Petite Palace (Chinese, $12) and Dinner at Al Che
[RETRY] selfcheckgpt task=tp_nonsynth_mf2_000048 seed=1 attempt 1/5 failed (failed to obtain JSON after 3 attempts: could not parse JSON from model output:
{
  "final_output": "See below for a concrete day-by-day plan. Each day lists accommodation, meals, and attractions, with a cost line. End with a 'Total cost: $...' summary.\n\nDay 1: Monday, March 3rd\n\n Accommodation: Hi, Houston \n Meals: Dinner at Rio Star Mexican Restaurant (\u00a1\u00f112)\n Attractions: Bayou Bend Collection and Gardens \n Cost: $170 \n\nDay 2: Tuesday, March 4th\n\n Accommodation: Museum District Inn \n Meals: Lunch at Continental Club ( \u00a1\u00f910), Dinner at Teapo); retrying in 3s
[RETRY] selfcheckgpt task=tp_nonsynth_mf2_000048 seed=1 attempt 2/5 failed (failed to obtain JSON after 3 attempts: could not parse JSON from model output:
{
  "final_output": "See below for a concrete day-by-day plan. Each day lists accommodation, meals, and attractions, with a cost line. End with a 'Total cost: $...' summary.\n\nDay 1: Monday, March 3rd\n\n Accommodation: Hi, Houston \n Meals: Dinner at Rio Star Mexican Restaurant (\u00a1\u00f112)\n Attractions: Bayou Bend Collection and Gardens \n Cost: $170 \n\nDay 2: Tuesday, March 4th\n\n Accommodation: Museum District Inn \n Meals: Lunch at Continental Club ( \u00a1\u00f910), Dinner at Teapo); retrying in 6s
[RETRY] selfcheckgpt task=tp_nonsynth_mf2_000048 seed=1 attempt 3/5 failed (failed to obtain JSON after 3 attempts: could not parse JSON from model output:
{
  "final_output": "See below for a concrete day-by-day plan. Each day lists accommodation, meals, and attractions, with a cost line. End with a 'Total cost: $...' summary.\n\nDay 1: Monday, March 3rd\n\n Accommodation: Hi, Houston \n Meals: Dinner at Rio Star Mexican Restaurant (\u00a1\u00f112)\n Attractions: Bayou Bend Collection and Gardens \n Cost: $170 \n\nDay 2: Tuesday, March 4th\n\n Accommodation: Museum District Inn \n Meals: Lunch at Continental Club ( \u00a1\u00f910), Dinner at Teapo); retrying in 12s
[RETRY] selfcheckgpt task=tp_nonsynth_mf2_000048 seed=1 attempt 4/5 failed (failed to obtain JSON after 3 attempts: could not parse JSON from model output:
{
  "final_output": "See below for a concrete day-by-day plan. Each day lists accommodation, meals, and attractions, with a cost line. End with a 'Total cost: $...' summary.\n\nDay 1: Monday, March 3rd\n\n Accommodation: Hi, Houston \n Meals: Dinner at Rio Star Mexican Restaurant (\u00a1\u00f112)\n Attractions: Bayou Bend Collection and Gardens \n Cost: $170 \n\nDay 2: Tuesday, March 4th\n\n Accommodation: Museum District Inn \n Meals: Lunch at Continental Club ( \u00a1\u00f910), Dinner at Teapo); retrying in 24s
[ERROR] selfcheckgpt failed task=tp_nonsynth_mf2_000048 seed=1: failed to obtain JSON after 3 attempts: could not parse JSON from model output:
{
  "final_output": "See below for a concrete day-by-day plan. Each day lists accommodation, meals, and attractions, with a cost line. End with a 'Total cost: $...' summary.\n\nDay 1: Monday, March 3rd\n\n Accommodation: Hi, Houston \n Meals: Dinner at Rio Star Mexican Restaurant (\u00a1\u00f112)\n Attractions: Bayou Bend Collection and Gardens \n Cost: $170 \n\nDay 2: Tuesday, March 4th\n\n Accommodation: Museum District Inn \n Meals: Lunch at Continental Club ( \u00a1\u00f910), Dinner at Teapo
[RETRY] selfcheckgpt task=tp_nonsynth_mf2_000048 seed=2 attempt 1/5 failed (failed to obtain JSON after 3 attempts: could not parse JSON from model output:
{
  "final_output": "Day 1: Accommodation at Houston Hostel, Breakfast at Los Tios Mexican Cafe ($$$), Lunch at Benjabi ($$), Indian dinner at Café 713 ($$). \nTexan Landmarks: Hermann Park  \nTotal cost: $428\n\nDay 2: Accommodation at Mermaid Inn, Breakfast at Mia Vita, Lunch at Peli Peli ($$), Dinner at Nigerian Treat ($$$). \nTexan Landmarks: Downtown Aquarium  \nTotal cost: $503\n\nDay 3: Accommodation at Condo in River Oaks, Southwestern dinner at taste cafe ($$$), Breakfast at Brazos Vall); retrying in 3s
[RETRY] selfcheckgpt task=tp_nonsynth_mf2_000048 seed=2 attempt 2/5 failed (failed to obtain JSON after 3 attempts: could not parse JSON from model output:
{
  "final_output": "Day 1: Accommodation at Houston Hostel, Breakfast at Los Tios Mexican Cafe ($$$), Lunch at Benjabi ($$), Indian dinner at Café 713 ($$). \nTexan Landmarks: Hermann Park  \nTotal cost: $428\n\nDay 2: Accommodation at Mermaid Inn, Breakfast at Mia Vita, Lunch at Peli Peli ($$), Dinner at Nigerian Treat ($$$). \nTexan Landmarks: Downtown Aquarium  \nTotal cost: $503\n\nDay 3: Accommodation at Condo in River Oaks, Southwestern dinner at taste cafe ($$$), Breakfast at Brazos Vall); retrying in 6s
[RETRY] selfcheckgpt task=tp_nonsynth_mf2_000048 seed=2 attempt 3/5 failed (failed to obtain JSON after 3 attempts: could not parse JSON from model output:
{
  "final_output": "Day 1: Accommodation at Houston Hostel, Breakfast at Los Tios Mexican Cafe ($$$), Lunch at Benjabi ($$), Indian dinner at Café 713 ($$). \nTexan Landmarks: Hermann Park  \nTotal cost: $428\n\nDay 2: Accommodation at Mermaid Inn, Breakfast at Mia Vita, Lunch at Peli Peli ($$), Dinner at Nigerian Treat ($$$). \nTexan Landmarks: Downtown Aquarium  \nTotal cost: $503\n\nDay 3: Accommodation at Condo in River Oaks, Southwestern dinner at taste cafe ($$$), Breakfast at Brazos Vall); retrying in 12s
[RETRY] selfcheckgpt task=tp_nonsynth_mf2_000048 seed=2 attempt 4/5 failed (failed to obtain JSON after 3 attempts: could not parse JSON from model output:
{
  "final_output": "Day 1: Accommodation at Houston Hostel, Breakfast at Los Tios Mexican Cafe ($$$), Lunch at Benjabi ($$), Indian dinner at Café 713 ($$). \nTexan Landmarks: Hermann Park  \nTotal cost: $428\n\nDay 2: Accommodation at Mermaid Inn, Breakfast at Mia Vita, Lunch at Peli Peli ($$), Dinner at Nigerian Treat ($$$). \nTexan Landmarks: Downtown Aquarium  \nTotal cost: $503\n\nDay 3: Accommodation at Condo in River Oaks, Southwestern dinner at taste cafe ($$$), Breakfast at Brazos Vall); retrying in 24s
[ERROR] selfcheckgpt failed task=tp_nonsynth_mf2_000048 seed=2: failed to obtain JSON after 3 attempts: could not parse JSON from model output:
{
  "final_output": "Day 1: Accommodation at Houston Hostel, Breakfast at Los Tios Mexican Cafe ($$$), Lunch at Benjabi ($$), Indian dinner at Café 713 ($$). \nTexan Landmarks: Hermann Park  \nTotal cost: $428\n\nDay 2: Accommodation at Mermaid Inn, Breakfast at Mia Vita, Lunch at Peli Peli ($$), Dinner at Nigerian Treat ($$$). \nTexan Landmarks: Downtown Aquarium  \nTotal cost: $503\n\nDay 3: Accommodation at Condo in River Oaks, Southwestern dinner at taste cafe ($$$), Breakfast at Brazos Vall
  N=2 tp_nonsynth_mf2_000047 seed=2 arm=reflexion level=medium: per_fault={'budget': True, 'days': True} all_resolved=True n_resolved=2/2 tokens=(6487,2547)
  N=2 tp_nonsynth_mf2_000047 seed=2 arm=intro_specter level=medium: per_fault={'budget': False, 'days': False} all_resolved=False n_resolved=0/2 tokens=(4008,1588)
  N=2 tp_nonsynth_mf2_000048 seed=0 arm=direct level=hard: per_fault={'budget': False, 'days': True} all_resolved=False n_resolved=1/2 tokens=(1566,2298)
  N=2 tp_nonsynth_mf2_000048 seed=0 arm=self_refine level=hard: per_fault={'budget': True, 'days': True} all_resolved=True n_resolved=2/2 tokens=(6173,5486)
  N=2 tp_nonsynth_mf2_000048 seed=0 arm=full_regen level=hard: per_fault={'budget': False, 'days': True} all_resolved=False n_resolved=1/2 tokens=(3152,3319)
  N=2 tp_nonsynth_mf2_000048 seed=0 arm=react level=hard: per_fault={'budget': True, 'days': True} all_resolved=True n_resolved=2/2 tokens=(3185,3184)
  N=2 tp_nonsynth_mf2_000048 seed=0 arm=reflexion level=hard: per_fault={'budget': True, 'days': True} all_resolved=True n_resolved=2/2 tokens=(10867,5473)
  N=2 tp_nonsynth_mf2_000048 seed=0 arm=intro_specter level=hard: per_fault={'budget': True, 'days': True} all_resolved=True n_resolved=2/2 tokens=(6328,2746)
  N=2 tp_nonsynth_mf2_000048 seed=1 arm=direct level=hard: per_fault={'budget': False, 'days': True} all_resolved=False n_resolved=1/2 tokens=(1566,2298)
  N=2 tp_nonsynth_mf2_000048 seed=1 arm=self_refine level=hard: per_fault={'budget': True, 'days': True} all_resolved=True n_resolved=2/2 tokens=(6173,5486)
  N=2 tp_nonsynth_mf2_000048 seed=1 arm=full_regen level=hard: per_fault={'budget': True, 'days': True} all_resolved=True n_resolved=2/2 tokens=(3152,3369)
  N=2 tp_nonsynth_mf2_000048 seed=1 arm=react level=hard: per_fault={'budget': True, 'days': True} all_resolved=True n_resolved=2/2 tokens=(3185,3184)
  N=2 tp_nonsynth_mf2_000048 seed=1 arm=reflexion level=hard: per_fault={'budget': True, 'days': True} all_resolved=True n_resolved=2/2 tokens=(10867,5473)
  N=2 tp_nonsynth_mf2_000048 seed=1 arm=intro_specter level=hard: per_fault={'budget': True, 'days': True} all_resolved=True n_resolved=2/2 tokens=(6328,2746)
  N=2 tp_nonsynth_mf2_000048 seed=2 arm=direct level=hard: per_fault={'budget': True, 'days': True} all_resolved=True n_resolved=2/2 tokens=(1586,1747)
  N=2 tp_nonsynth_mf2_000048 seed=2 arm=self_refine level=hard: per_fault={'budget': False, 'days': True} all_resolved=False n_resolved=1/2 tokens=(5411,4128)
  N=2 tp_nonsynth_mf2_000048 seed=2 arm=full_regen level=hard: per_fault={'budget': False, 'days': True} all_resolved=False n_resolved=1/2 tokens=(3172,2964)
  N=2 tp_nonsynth_mf2_000048 seed=2 arm=react level=hard: per_fault={'budget': True, 'days': True} all_resolved=True n_resolved=2/2 tokens=(3225,5066)
  N=2 tp_nonsynth_mf2_000048 seed=2 arm=reflexion level=hard: per_fault={'budget': True, 'days': True} all_resolved=True n_resolved=2/2 tokens=(1586,1747)
  N=2 tp_nonsynth_mf2_000048 seed=2 arm=intro_specter level=hard: per_fault={'budget': True, 'days': True} all_resolved=True n_resolved=2/2 tokens=(5585,3064)
  N=2 tp_nonsynth_mf2_000049 seed=0 arm=direct level=medium: per_fault={'budget': False, 'days': True} all_resolved=False n_resolved=1/2 tokens=(1258,1075)
  N=2 tp_nonsynth_mf2_000049 seed=0 arm=self_refine level=medium: per_fault={'budget': False, 'days': True} all_resolved=False n_resolved=1/2 tokens=(3830,2466)
  N=2 tp_nonsynth_mf2_000049 seed=0 arm=full_regen level=medium: per_fault={'budget': False, 'days': True} all_resolved=False n_resolved=1/2 tokens=(2496,2890)
  N=2 tp_nonsynth_mf2_000049 seed=0 arm=react level=medium: per_fault={'budget': False, 'days': True} all_resolved=False n_resolved=1/2 tokens=(2569,2600)
  N=2 tp_nonsynth_mf2_000049 seed=0 arm=selfcheckgpt level=medium: per_fault={'budget': False, 'days': True} all_resolved=False n_resolved=1/2 tokens=(19191,3451)
  N=2 tp_nonsynth_mf2_000049 seed=0 arm=reflexion level=medium: per_fault={'budget': True, 'days': True} all_resolved=True n_resolved=2/2 tokens=(6514,2539)
  N=2 tp_nonsynth_mf2_000049 seed=0 arm=intro_specter level=medium: per_fault={'budget': False, 'days': False} all_resolved=False n_resolved=0/2 tokens=(3984,1446)
  N=2 tp_nonsynth_mf2_000049 seed=1 arm=direct level=medium: per_fault={'budget': False, 'days': True} all_resolved=False n_resolved=1/2 tokens=(1258,1075)
  N=2 tp_nonsynth_mf2_000049 seed=1 arm=self_refine level=medium: per_fault={'budget': False, 'days': True} all_resolved=False n_resolved=1/2 tokens=(3830,2466)
  N=2 tp_nonsynth_mf2_000049 seed=1 arm=full_regen level=medium: per_fault={'budget': True, 'days': True} all_resolved=True n_resolved=2/2 tokens=(2496,2075)
  N=2 tp_nonsynth_mf2_000049 seed=1 arm=react level=medium: per_fault={'budget': False, 'days': True} all_resolved=False n_resolved=1/2 tokens=(2569,2600)
  N=2 tp_nonsynth_mf2_000049 seed=1 arm=selfcheckgpt level=medium: per_fault={'budget': False, 'days': True} all_resolved=False n_resolved=1/2 tokens=(17146,2862)
  N=2 tp_nonsynth_mf2_000049 seed=1 arm=reflexion level=medium: per_fault={'budget': True, 'days': True} all_resolved=True n_resolved=2/2 tokens=(6514,2539)
  N=2 tp_nonsynth_mf2_000049 seed=1 arm=intro_specter level=medium: per_fault={'budget': False, 'days': False} all_resolved=False n_resolved=0/2 tokens=(3984,1446)
  N=2 tp_nonsynth_mf2_000049 seed=2 arm=direct level=medium: per_fault={'budget': True, 'days': True} all_resolved=True n_resolved=2/2 tokens=(1238,801)
  N=2 tp_nonsynth_mf2_000049 seed=2 arm=self_refine level=medium: per_fault={'budget': True, 'days': True} all_resolved=True n_resolved=2/2 tokens=(3452,1891)
  N=2 tp_nonsynth_mf2_000049 seed=2 arm=full_regen level=medium: per_fault={'budget': True, 'days': True} all_resolved=True n_resolved=2/2 tokens=(2476,1992)
  N=2 tp_nonsynth_mf2_000049 seed=2 arm=react level=medium: per_fault={'budget': True, 'days': True} all_resolved=True n_resolved=2/2 tokens=(2549,2456)
  N=2 tp_nonsynth_mf2_000049 seed=2 arm=selfcheckgpt level=medium: per_fault={'budget': True, 'days': True} all_resolved=True n_resolved=2/2 tokens=(19310,3268)
  N=2 tp_nonsynth_mf2_000049 seed=2 arm=reflexion level=medium: per_fault={'budget': True, 'days': True} all_resolved=True n_resolved=2/2 tokens=(1238,801)
  N=2 tp_nonsynth_mf2_000049 seed=2 arm=intro_specter level=medium: per_fault={'budget': True, 'days': True} all_resolved=True n_resolved=2/2 tokens=(3586,1328)
  N=2 tp_nonsynth_mf2_000050 seed=0 arm=direct level=hard: per_fault={'budget': False, 'days': False} all_resolved=False n_resolved=0/2 tokens=(1602,1015)
  N=2 tp_nonsynth_mf2_000050 seed=0 arm=self_refine level=hard: per_fault={'budget': False, 'days': False} all_resolved=False n_resolved=0/2 tokens=(4542,2578)
  N=2 tp_nonsynth_mf2_000050 seed=0 arm=full_regen level=hard: per_fault={'budget': False, 'days': True} all_resolved=False n_resolved=1/2 tokens=(3204,2612)
  N=2 tp_nonsynth_mf2_000050 seed=0 arm=react level=hard: per_fault={'budget': True, 'days': True} all_resolved=True n_resolved=2/2 tokens=(3237,1781)
  N=2 tp_nonsynth_mf2_000050 seed=0 arm=selfcheckgpt level=hard: per_fault={'budget': False, 'days': True} all_resolved=False n_resolved=1/2 tokens=(11815,2322)
  N=2 tp_nonsynth_mf2_000050 seed=0 arm=reflexion level=hard: per_fault={'budget': True, 'days': False} all_resolved=False n_resolved=1/2 tokens=(14978,5054)
  N=2 tp_nonsynth_mf2_000050 seed=0 arm=intro_specter level=hard: per_fault={'budget': False, 'days': False} all_resolved=False n_resolved=0/2 tokens=(4676,2135)
  N=2 tp_nonsynth_mf2_000050 seed=1 arm=direct level=hard: per_fault={'budget': False, 'days': False} all_resolved=False n_resolved=0/2 tokens=(1602,1015)
  N=2 tp_nonsynth_mf2_000050 seed=1 arm=self_refine level=hard: per_fault={'budget': False, 'days': False} all_resolved=False n_resolved=0/2 tokens=(4542,2578)
  N=2 tp_nonsynth_mf2_000050 seed=1 arm=full_regen level=hard: per_fault={'budget': False, 'days': False} all_resolved=False n_resolved=0/2 tokens=(3184,2049)
  N=2 tp_nonsynth_mf2_000050 seed=1 arm=react level=hard: per_fault={'budget': True, 'days': True} all_resolved=True n_resolved=2/2 tokens=(3237,1781)
[RETRY] selfcheckgpt task=tp_nonsynth_mf2_000051 seed=0 attempt 1/5 failed (failed to obtain JSON after 3 attempts: could not parse JSON from model output:
{
  "final_output": {
    "days": 6,
    "origin": "Houston",
    "destination": "Wichita",
    "budget": 4500,
    "group_size": 3,
    "accommodation": [],
    "meals": [],
    "attractions": [],
    "cesses": [
      "March 19th, 2022 - Houston to Wichita",
      "March 19th, 2022 - Wichita attractions (Old Cowtown Museum, Exploration Place)",
      "March 19th, 2022 - Dinner at a local restaurant",
      "March 20th, 2022 - Wichita attractions (Museum of World Treasures, The Keeper of the Pl); retrying in 3s
[RETRY] selfcheckgpt task=tp_nonsynth_mf2_000051 seed=0 attempt 2/5 failed (failed to obtain JSON after 3 attempts: could not parse JSON from model output:
{
  "final_output": {
    "days": 6,
    "origin": "Houston",
    "destination": "Wichita",
    "budget": 4500,
    "group_size": 3,
    "accommodation": [],
    "meals": [],
    "attractions": [],
    "cesses": [
      "March 19th, 2022 - Houston to Wichita",
      "March 19th, 2022 - Wichita attractions (Old Cowtown Museum, Exploration Place)",
      "March 19th, 2022 - Dinner at a local restaurant",
      "March 20th, 2022 - Wichita attractions (Museum of World Treasures, The Keeper of the Pl); retrying in 6s
[RETRY] selfcheckgpt task=tp_nonsynth_mf2_000051 seed=0 attempt 3/5 failed (failed to obtain JSON after 3 attempts: could not parse JSON from model output:
{
  "final_output": {
    "days": 6,
    "origin": "Houston",
    "destination": "Wichita",
    "budget": 4500,
    "group_size": 3,
    "accommodation": [],
    "meals": [],
    "attractions": [],
    "cesses": [
      "March 19th, 2022 - Houston to Wichita",
      "March 19th, 2022 - Wichita attractions (Old Cowtown Museum, Exploration Place)",
      "March 19th, 2022 - Dinner at a local restaurant",
      "March 20th, 2022 - Wichita attractions (Museum of World Treasures, The Keeper of the Pl); retrying in 12s
[RETRY] selfcheckgpt task=tp_nonsynth_mf2_000051 seed=0 attempt 4/5 failed (failed to obtain JSON after 3 attempts: could not parse JSON from model output:
{
  "final_output": {
    "days": 6,
    "origin": "Houston",
    "destination": "Wichita",
    "budget": 4500,
    "group_size": 3,
    "accommodation": [],
    "meals": [],
    "attractions": [],
    "cesses": [
      "March 19th, 2022 - Houston to Wichita",
      "March 19th, 2022 - Wichita attractions (Old Cowtown Museum, Exploration Place)",
      "March 19th, 2022 - Dinner at a local restaurant",
      "March 20th, 2022 - Wichita attractions (Museum of World Treasures, The Keeper of the Pl); retrying in 24s
[ERROR] selfcheckgpt failed task=tp_nonsynth_mf2_000051 seed=0: failed to obtain JSON after 3 attempts: could not parse JSON from model output:
{
  "final_output": {
    "days": 6,
    "origin": "Houston",
    "destination": "Wichita",
    "budget": 4500,
    "group_size": 3,
    "accommodation": [],
    "meals": [],
    "attractions": [],
    "cesses": [
      "March 19th, 2022 - Houston to Wichita",
      "March 19th, 2022 - Wichita attractions (Old Cowtown Museum, Exploration Place)",
      "March 19th, 2022 - Dinner at a local restaurant",
      "March 20th, 2022 - Wichita attractions (Museum of World Treasures, The Keeper of the Pl
[RETRY] selfcheckgpt task=tp_nonsynth_mf2_000051 seed=2 attempt 1/5 failed (failed to obtain JSON after 3 attempts: could not parse JSON from model output:
{
  "final_output": "Based on the provided constraints, here is a travel plan for 6 days that starts from Houston to Wichita from March 19th to March 21st, 2022. We've considered the budget, destination, and necessity of smoking in our hotel arrangements.\n\nDay 1: Houston to Wichita, KS\n  - Travel: Houston to Wichita (flight: $200, taxi: $20, hotel: $150) Total: $370\n  - Meal: Dinner at Flint's BBQ (cost: $20)\n  - Accommodation: Hotel Wit by Aloft Wichita (smoking allowed, cost: $80)\n\nDay ); retrying in 3s
[RETRY] selfcheckgpt task=tp_nonsynth_mf2_000051 seed=2 attempt 2/5 failed (failed to obtain JSON after 3 attempts: could not parse JSON from model output:
{
  "final_output": "Based on the provided constraints, here is a travel plan for 6 days that starts from Houston to Wichita from March 19th to March 21st, 2022. We've considered the budget, destination, and necessity of smoking in our hotel arrangements.\n\nDay 1: Houston to Wichita, KS\n  - Travel: Houston to Wichita (flight: $200, taxi: $20, hotel: $150) Total: $370\n  - Meal: Dinner at Flint's BBQ (cost: $20)\n  - Accommodation: Hotel Wit by Aloft Wichita (smoking allowed, cost: $80)\n\nDay ); retrying in 6s
[RETRY] selfcheckgpt task=tp_nonsynth_mf2_000051 seed=2 attempt 3/5 failed (failed to obtain JSON after 3 attempts: could not parse JSON from model output:
{
  "final_output": "Based on the provided constraints, here is a travel plan for 6 days that starts from Houston to Wichita from March 19th to March 21st, 2022. We've considered the budget, destination, and necessity of smoking in our hotel arrangements.\n\nDay 1: Houston to Wichita, KS\n  - Travel: Houston to Wichita (flight: $200, taxi: $20, hotel: $150) Total: $370\n  - Meal: Dinner at Flint's BBQ (cost: $20)\n  - Accommodation: Hotel Wit by Aloft Wichita (smoking allowed, cost: $80)\n\nDay ); retrying in 12s
[RETRY] selfcheckgpt task=tp_nonsynth_mf2_000051 seed=2 attempt 4/5 failed (failed to obtain JSON after 3 attempts: could not parse JSON from model output:
{
  "final_output": "Based on the provided constraints, here is a travel plan for 6 days that starts from Houston to Wichita from March 19th to March 21st, 2022. We've considered the budget, destination, and necessity of smoking in our hotel arrangements.\n\nDay 1: Houston to Wichita, KS\n  - Travel: Houston to Wichita (flight: $200, taxi: $20, hotel: $150) Total: $370\n  - Meal: Dinner at Flint's BBQ (cost: $20)\n  - Accommodation: Hotel Wit by Aloft Wichita (smoking allowed, cost: $80)\n\nDay ); retrying in 24s
[ERROR] selfcheckgpt failed task=tp_nonsynth_mf2_000051 seed=2: failed to obtain JSON after 3 attempts: could not parse JSON from model output:
{
  "final_output": "Based on the provided constraints, here is a travel plan for 6 days that starts from Houston to Wichita from March 19th to March 21st, 2022. We've considered the budget, destination, and necessity of smoking in our hotel arrangements.\n\nDay 1: Houston to Wichita, KS\n  - Travel: Houston to Wichita (flight: $200, taxi: $20, hotel: $150) Total: $370\n  - Meal: Dinner at Flint's BBQ (cost: $20)\n  - Accommodation: Hotel Wit by Aloft Wichita (smoking allowed, cost: $80)\n\nDay 
  N=2 tp_nonsynth_mf2_000050 seed=1 arm=selfcheckgpt level=hard: per_fault={'budget': False, 'days': True} all_resolved=False n_resolved=1/2 tokens=(12046,2784)
  N=2 tp_nonsynth_mf2_000050 seed=1 arm=reflexion level=hard: per_fault={'budget': True, 'days': False} all_resolved=False n_resolved=1/2 tokens=(14978,5054)
  N=2 tp_nonsynth_mf2_000050 seed=1 arm=intro_specter level=hard: per_fault={'budget': False, 'days': False} all_resolved=False n_resolved=0/2 tokens=(4676,2135)
  N=2 tp_nonsynth_mf2_000050 seed=2 arm=direct level=hard: per_fault={'budget': True, 'days': True} all_resolved=True n_resolved=2/2 tokens=(1582,1437)
  N=2 tp_nonsynth_mf2_000050 seed=2 arm=self_refine level=hard: per_fault={'budget': True, 'days': True} all_resolved=True n_resolved=2/2 tokens=(4986,2891)
  N=2 tp_nonsynth_mf2_000050 seed=2 arm=full_regen level=hard: per_fault={'budget': False, 'days': True} all_resolved=False n_resolved=1/2 tokens=(3184,2513)
  N=2 tp_nonsynth_mf2_000050 seed=2 arm=react level=hard: per_fault={'budget': True, 'days': True} all_resolved=True n_resolved=2/2 tokens=(3217,2203)
  N=2 tp_nonsynth_mf2_000050 seed=2 arm=selfcheckgpt level=hard: per_fault={'budget': True, 'days': True} all_resolved=True n_resolved=2/2 tokens=(17812,3195)
  N=2 tp_nonsynth_mf2_000050 seed=2 arm=reflexion level=hard: per_fault={'budget': True, 'days': True} all_resolved=True n_resolved=2/2 tokens=(1582,1437)
  N=2 tp_nonsynth_mf2_000050 seed=2 arm=intro_specter level=hard: per_fault={'budget': True, 'days': True} all_resolved=True n_resolved=2/2 tokens=(5140,2396)
  N=2 tp_nonsynth_mf2_000051 seed=0 arm=direct level=medium: per_fault={'budget': False, 'days': True} all_resolved=False n_resolved=1/2 tokens=(1451,3044)
  N=2 tp_nonsynth_mf2_000051 seed=0 arm=self_refine level=medium: per_fault={'budget': False, 'days': True} all_resolved=False n_resolved=1/2 tokens=(7068,7367)
  N=2 tp_nonsynth_mf2_000051 seed=0 arm=full_regen level=medium: per_fault={'budget': False, 'days': True} all_resolved=False n_resolved=1/2 tokens=(2902,5407)
  N=2 tp_nonsynth_mf2_000051 seed=0 arm=react level=medium: per_fault={'budget': True, 'days': True} all_resolved=True n_resolved=2/2 tokens=(2935,4231)
  N=2 tp_nonsynth_mf2_000051 seed=0 arm=reflexion level=medium: per_fault={'budget': False, 'days': True} all_resolved=False n_resolved=1/2 tokens=(28270,11576)
  N=2 tp_nonsynth_mf2_000051 seed=0 arm=intro_specter level=medium: per_fault={'budget': False, 'days': True} all_resolved=False n_resolved=1/2 tokens=(7222,8917)
  N=2 tp_nonsynth_mf2_000051 seed=1 arm=direct level=medium: per_fault={'budget': False, 'days': True} all_resolved=False n_resolved=1/2 tokens=(1451,3044)
  N=2 tp_nonsynth_mf2_000051 seed=1 arm=self_refine level=medium: per_fault={'budget': False, 'days': True} all_resolved=False n_resolved=1/2 tokens=(7068,7367)
  N=2 tp_nonsynth_mf2_000051 seed=1 arm=full_regen level=medium: per_fault={'budget': True, 'days': True} all_resolved=True n_resolved=2/2 tokens=(2902,3767)
  N=2 tp_nonsynth_mf2_000051 seed=1 arm=react level=medium: per_fault={'budget': True, 'days': True} all_resolved=True n_resolved=2/2 tokens=(2935,4231)
  N=2 tp_nonsynth_mf2_000051 seed=1 arm=selfcheckgpt level=medium: per_fault={'budget': False, 'days': True} all_resolved=False n_resolved=1/2 tokens=(12283,5565)
  N=2 tp_nonsynth_mf2_000051 seed=1 arm=reflexion level=medium: per_fault={'budget': False, 'days': True} all_resolved=False n_resolved=1/2 tokens=(28270,11576)
  N=2 tp_nonsynth_mf2_000051 seed=1 arm=intro_specter level=medium: per_fault={'budget': False, 'days': True} all_resolved=False n_resolved=1/2 tokens=(7222,8917)
  N=2 tp_nonsynth_mf2_000051 seed=2 arm=direct level=medium: per_fault={'budget': True, 'days': True} all_resolved=True n_resolved=2/2 tokens=(1431,722)
  N=2 tp_nonsynth_mf2_000051 seed=2 arm=self_refine level=medium: per_fault={'budget': False, 'days': True} all_resolved=False n_resolved=1/2 tokens=(3710,2696)
  N=2 tp_nonsynth_mf2_000051 seed=2 arm=full_regen level=medium: per_fault={'budget': False, 'days': True} all_resolved=False n_resolved=1/2 tokens=(2882,1733)
  N=2 tp_nonsynth_mf2_000051 seed=2 arm=react level=medium: per_fault={'budget': True, 'days': False} all_resolved=False n_resolved=1/2 tokens=(2916,1407)
  N=2 tp_nonsynth_mf2_000051 seed=2 arm=reflexion level=medium: per_fault={'budget': True, 'days': True} all_resolved=True n_resolved=2/2 tokens=(1431,722)
  N=2 tp_nonsynth_mf2_000051 seed=2 arm=intro_specter level=medium: per_fault={'budget': True, 'days': True} all_resolved=True n_resolved=2/2 tokens=(3829,1131)
  N=2 tp_nonsynth_mf2_000052 seed=0 arm=direct level=easy: per_fault={'budget': True, 'days': True} all_resolved=True n_resolved=2/2 tokens=(1248,1727)
  N=2 tp_nonsynth_mf2_000052 seed=0 arm=self_refine level=easy: per_fault={'budget': True, 'days': True} all_resolved=True n_resolved=2/2 tokens=(4609,4080)
  N=2 tp_nonsynth_mf2_000052 seed=0 arm=full_regen level=easy: per_fault={'budget': True, 'days': True} all_resolved=True n_resolved=2/2 tokens=(2516,2481)
  N=2 tp_nonsynth_mf2_000052 seed=0 arm=react level=easy: per_fault={'budget': True, 'days': True} all_resolved=True n_resolved=2/2 tokens=(2549,2639)
  N=2 tp_nonsynth_mf2_000052 seed=0 arm=selfcheckgpt level=easy: per_fault={'budget': True, 'days': True} all_resolved=True n_resolved=2/2 tokens=(20099,4283)
  N=2 tp_nonsynth_mf2_000052 seed=0 arm=reflexion level=easy: per_fault={'budget': True, 'days': True} all_resolved=True n_resolved=2/2 tokens=(1248,1727)
  N=2 tp_nonsynth_mf2_000052 seed=0 arm=intro_specter level=easy: per_fault={'budget': True, 'days': True} all_resolved=True n_resolved=2/2 tokens=(4763,3741)
  N=2 tp_nonsynth_mf2_000052 seed=1 arm=direct level=easy: per_fault={'budget': True, 'days': True} all_resolved=True n_resolved=2/2 tokens=(1248,1727)
  N=2 tp_nonsynth_mf2_000052 seed=1 arm=self_refine level=easy: per_fault={'budget': True, 'days': True} all_resolved=True n_resolved=2/2 tokens=(4609,4080)
  N=2 tp_nonsynth_mf2_000052 seed=1 arm=full_regen level=easy: per_fault={'budget': True, 'days': True} all_resolved=True n_resolved=2/2 tokens=(2516,3241)
  N=2 tp_nonsynth_mf2_000052 seed=1 arm=react level=easy: per_fault={'budget': True, 'days': True} all_resolved=True n_resolved=2/2 tokens=(2549,2639)
  N=2 tp_nonsynth_mf2_000052 seed=1 arm=selfcheckgpt level=easy: per_fault={'budget': True, 'days': True} all_resolved=True n_resolved=2/2 tokens=(18182,3975)
  N=2 tp_nonsynth_mf2_000052 seed=1 arm=reflexion level=easy: per_fault={'budget': True, 'days': True} all_resolved=True n_resolved=2/2 tokens=(1248,1727)
  N=2 tp_nonsynth_mf2_000052 seed=1 arm=intro_specter level=easy: per_fault={'budget': True, 'days': True} all_resolved=True n_resolved=2/2 tokens=(4763,3741)
  N=2 tp_nonsynth_mf2_000052 seed=2 arm=direct level=easy: per_fault={'budget': True, 'days': True} all_resolved=True n_resolved=2/2 tokens=(1268,797)
  N=2 tp_nonsynth_mf2_000052 seed=2 arm=self_refine level=easy: per_fault={'budget': True, 'days': True} all_resolved=True n_resolved=2/2 tokens=(3405,2035)
  N=2 tp_nonsynth_mf2_000052 seed=2 arm=full_regen level=easy: per_fault={'budget': False, 'days': True} all_resolved=False n_resolved=1/2 tokens=(2516,1546)
  N=2 tp_nonsynth_mf2_000052 seed=2 arm=react level=easy: per_fault={'budget': True, 'days': True} all_resolved=True n_resolved=2/2 tokens=(2569,1696)
  N=2 tp_nonsynth_mf2_000052 seed=2 arm=selfcheckgpt level=easy: per_fault={'budget': True, 'days': True} all_resolved=True n_resolved=2/2 tokens=(9990,3036)
  N=2 tp_nonsynth_mf2_000052 seed=2 arm=reflexion level=easy: per_fault={'budget': True, 'days': True} all_resolved=True n_resolved=2/2 tokens=(1268,797)
  N=2 tp_nonsynth_mf2_000052 seed=2 arm=intro_specter level=easy: per_fault={'budget': True, 'days': True} all_resolved=True n_resolved=2/2 tokens=(3579,1291)
  N=2 tp_nonsynth_mf2_000053 seed=0 arm=direct level=medium: per_fault={'budget': False, 'days': True} all_resolved=False n_resolved=1/2 tokens=(1349,842)
  N=2 tp_nonsynth_mf2_000053 seed=0 arm=self_refine level=medium: per_fault={'budget': False, 'days': True} all_resolved=False n_resolved=1/2 tokens=(3778,2370)
[RETRY] selfcheckgpt task=tp_nonsynth_mf2_000054 seed=0 attempt 1/5 failed (failed to obtain JSON after 3 attempts: could not parse JSON from model output:
{
  "final_output": "Based on the user's constraints, I recommend the following 6-day itinerary:\nDay 1: Los Angeles to Colorado Springs\n- Accommodations: The Broadmoor, $200\n- Meals: Breakfast at The Broadmoor Cafe ($20), Lunch at The Cafe at the Zoo ($30), Dinner at The Antlers Restaurant ($80)\n- Attractions: Cheyenne Mountain Zoo ($25), Garden of the Gods ($20), Ghost Town Museum ($10)\n- Transportation: 3-day Colorado Springs CityPASS ($100, 2-day to be offset\n- Costs: $435Total cost for); retrying in 3s
[RETRY] selfcheckgpt task=tp_nonsynth_mf2_000054 seed=0 attempt 2/5 failed (failed to obtain JSON after 3 attempts: could not parse JSON from model output:
{
  "final_output": "Based on the user's constraints, I recommend the following 6-day itinerary:\nDay 1: Los Angeles to Colorado Springs\n- Accommodations: The Broadmoor, $200\n- Meals: Breakfast at The Broadmoor Cafe ($20), Lunch at The Cafe at the Zoo ($30), Dinner at The Antlers Restaurant ($80)\n- Attractions: Cheyenne Mountain Zoo ($25), Garden of the Gods ($20), Ghost Town Museum ($10)\n- Transportation: 3-day Colorado Springs CityPASS ($100, 2-day to be offset\n- Costs: $435Total cost for); retrying in 6s
[RETRY] selfcheckgpt task=tp_nonsynth_mf2_000054 seed=0 attempt 3/5 failed (failed to obtain JSON after 3 attempts: could not parse JSON from model output:
{
  "final_output": "Based on the user's constraints, I recommend the following 6-day itinerary:\nDay 1: Los Angeles to Colorado Springs\n- Accommodations: The Broadmoor, $200\n- Meals: Breakfast at The Broadmoor Cafe ($20), Lunch at The Cafe at the Zoo ($30), Dinner at The Antlers Restaurant ($80)\n- Attractions: Cheyenne Mountain Zoo ($25), Garden of the Gods ($20), Ghost Town Museum ($10)\n- Transportation: 3-day Colorado Springs CityPASS ($100, 2-day to be offset\n- Costs: $435Total cost for); retrying in 12s
[RETRY] selfcheckgpt task=tp_nonsynth_mf2_000054 seed=0 attempt 4/5 failed (failed to obtain JSON after 3 attempts: could not parse JSON from model output:
{
  "final_output": "Based on the user's constraints, I recommend the following 6-day itinerary:\nDay 1: Los Angeles to Colorado Springs\n- Accommodations: The Broadmoor, $200\n- Meals: Breakfast at The Broadmoor Cafe ($20), Lunch at The Cafe at the Zoo ($30), Dinner at The Antlers Restaurant ($80)\n- Attractions: Cheyenne Mountain Zoo ($25), Garden of the Gods ($20), Ghost Town Museum ($10)\n- Transportation: 3-day Colorado Springs CityPASS ($100, 2-day to be offset\n- Costs: $435Total cost for); retrying in 24s
[ERROR] selfcheckgpt failed task=tp_nonsynth_mf2_000054 seed=0: failed to obtain JSON after 3 attempts: could not parse JSON from model output:
{
  "final_output": "Based on the user's constraints, I recommend the following 6-day itinerary:\nDay 1: Los Angeles to Colorado Springs\n- Accommodations: The Broadmoor, $200\n- Meals: Breakfast at The Broadmoor Cafe ($20), Lunch at The Cafe at the Zoo ($30), Dinner at The Antlers Restaurant ($80)\n- Attractions: Cheyenne Mountain Zoo ($25), Garden of the Gods ($20), Ghost Town Museum ($10)\n- Transportation: 3-day Colorado Springs CityPASS ($100, 2-day to be offset\n- Costs: $435Total cost for
[RETRY] selfcheckgpt task=tp_nonsynth_mf2_000054 seed=1 attempt 1/5 failed (failed to obtain JSON after 3 attempts: could not parse JSON from model output:
{
  "final_output": "Based on the provided constraints, here is a 6-day travel plan for you, starting from Los Angeles and visiting Colorado: Day 1: Los Angeles to Colorado Springs - Accommodation: The Fairmont ( approx. $300), Meals: Breakfast at The Bistro (approx. $50), Lunch at The Rabbit Hole Cafe (approx. $20), Dinner at Odysseus Bread Co (approx. $40), Attractions: Cheyenne Mountain Zoo (approx. $10), Garden of the Gods (approx. $0). Cost: $420. Day 2: Colorado Springs - Accommodation: Ga); retrying in 3s
[RETRY] selfcheckgpt task=tp_nonsynth_mf2_000054 seed=1 attempt 2/5 failed (failed to obtain JSON after 3 attempts: could not parse JSON from model output:
{
  "final_output": "Based on the provided constraints, here is a 6-day travel plan for you, starting from Los Angeles and visiting Colorado: Day 1: Los Angeles to Colorado Springs - Accommodation: The Fairmont ( approx. $300), Meals: Breakfast at The Bistro (approx. $50), Lunch at The Rabbit Hole Cafe (approx. $20), Dinner at Odysseus Bread Co (approx. $40), Attractions: Cheyenne Mountain Zoo (approx. $10), Garden of the Gods (approx. $0). Cost: $420. Day 2: Colorado Springs - Accommodation: Ga); retrying in 6s
[RETRY] selfcheckgpt task=tp_nonsynth_mf2_000054 seed=1 attempt 3/5 failed (failed to obtain JSON after 3 attempts: could not parse JSON from model output:
{
  "final_output": "Based on the provided constraints, here is a 6-day travel plan for you, starting from Los Angeles and visiting Colorado: Day 1: Los Angeles to Colorado Springs - Accommodation: The Fairmont ( approx. $300), Meals: Breakfast at The Bistro (approx. $50), Lunch at The Rabbit Hole Cafe (approx. $20), Dinner at Odysseus Bread Co (approx. $40), Attractions: Cheyenne Mountain Zoo (approx. $10), Garden of the Gods (approx. $0). Cost: $420. Day 2: Colorado Springs - Accommodation: Ga); retrying in 12s
[RETRY] selfcheckgpt task=tp_nonsynth_mf2_000054 seed=1 attempt 4/5 failed (failed to obtain JSON after 3 attempts: could not parse JSON from model output:
{
  "final_output": "Based on the provided constraints, here is a 6-day travel plan for you, starting from Los Angeles and visiting Colorado: Day 1: Los Angeles to Colorado Springs - Accommodation: The Fairmont ( approx. $300), Meals: Breakfast at The Bistro (approx. $50), Lunch at The Rabbit Hole Cafe (approx. $20), Dinner at Odysseus Bread Co (approx. $40), Attractions: Cheyenne Mountain Zoo (approx. $10), Garden of the Gods (approx. $0). Cost: $420. Day 2: Colorado Springs - Accommodation: Ga); retrying in 24s
[ERROR] selfcheckgpt failed task=tp_nonsynth_mf2_000054 seed=1: failed to obtain JSON after 3 attempts: could not parse JSON from model output:
{
  "final_output": "Based on the provided constraints, here is a 6-day travel plan for you, starting from Los Angeles and visiting Colorado: Day 1: Los Angeles to Colorado Springs - Accommodation: The Fairmont ( approx. $300), Meals: Breakfast at The Bistro (approx. $50), Lunch at The Rabbit Hole Cafe (approx. $20), Dinner at Odysseus Bread Co (approx. $40), Attractions: Cheyenne Mountain Zoo (approx. $10), Garden of the Gods (approx. $0). Cost: $420. Day 2: Colorado Springs - Accommodation: Ga
[RETRY] selfcheckgpt task=tp_nonsynth_mf2_000054 seed=2 attempt 1/5 failed (failed to obtain JSON after 3 attempts: could not parse JSON from model output:
{
  "final_output": "Based on the constraints and the reference information, here is a possible 6-day travel plan for the user:\nDay 1: Los Angeles to Colorado Springs\n  - Accommodation: The Broadmoor (cost: $200)\n  - Meals: dinner at The Broadmoor's restaurant (cost: $100), breakfast at a local café (cost: $20)\n  - Attractions: Cheyenne Mountain Zoo (cost: $50)\n  Total cost: $370\nDay 2: Colorado Springs\n  - Accommodation: The Broadmoor (cost: $200)\n  - Meals: lunch at a local restaurant ); retrying in 3s
[RETRY] selfcheckgpt task=tp_nonsynth_mf2_000054 seed=2 attempt 2/5 failed (failed to obtain JSON after 3 attempts: could not parse JSON from model output:
{
  "final_output": "Based on the constraints and the reference information, here is a possible 6-day travel plan for the user:\nDay 1: Los Angeles to Colorado Springs\n  - Accommodation: The Broadmoor (cost: $200)\n  - Meals: dinner at The Broadmoor's restaurant (cost: $100), breakfast at a local café (cost: $20)\n  - Attractions: Cheyenne Mountain Zoo (cost: $50)\n  Total cost: $370\nDay 2: Colorado Springs\n  - Accommodation: The Broadmoor (cost: $200)\n  - Meals: lunch at a local restaurant ); retrying in 6s
[RETRY] selfcheckgpt task=tp_nonsynth_mf2_000054 seed=2 attempt 3/5 failed (failed to obtain JSON after 3 attempts: could not parse JSON from model output:
{
  "final_output": "Based on the constraints and the reference information, here is a possible 6-day travel plan for the user:\nDay 1: Los Angeles to Colorado Springs\n  - Accommodation: The Broadmoor (cost: $200)\n  - Meals: dinner at The Broadmoor's restaurant (cost: $100), breakfast at a local café (cost: $20)\n  - Attractions: Cheyenne Mountain Zoo (cost: $50)\n  Total cost: $370\nDay 2: Colorado Springs\n  - Accommodation: The Broadmoor (cost: $200)\n  - Meals: lunch at a local restaurant ); retrying in 12s
[RETRY] selfcheckgpt task=tp_nonsynth_mf2_000054 seed=2 attempt 4/5 failed (failed to obtain JSON after 3 attempts: could not parse JSON from model output:
{
  "final_output": "Based on the constraints and the reference information, here is a possible 6-day travel plan for the user:\nDay 1: Los Angeles to Colorado Springs\n  - Accommodation: The Broadmoor (cost: $200)\n  - Meals: dinner at The Broadmoor's restaurant (cost: $100), breakfast at a local café (cost: $20)\n  - Attractions: Cheyenne Mountain Zoo (cost: $50)\n  Total cost: $370\nDay 2: Colorado Springs\n  - Accommodation: The Broadmoor (cost: $200)\n  - Meals: lunch at a local restaurant ); retrying in 24s
[ERROR] selfcheckgpt failed task=tp_nonsynth_mf2_000054 seed=2: failed to obtain JSON after 3 attempts: could not parse JSON from model output:
{
  "final_output": "Based on the constraints and the reference information, here is a possible 6-day travel plan for the user:\nDay 1: Los Angeles to Colorado Springs\n  - Accommodation: The Broadmoor (cost: $200)\n  - Meals: dinner at The Broadmoor's restaurant (cost: $100), breakfast at a local café (cost: $20)\n  - Attractions: Cheyenne Mountain Zoo (cost: $50)\n  Total cost: $370\nDay 2: Colorado Springs\n  - Accommodation: The Broadmoor (cost: $200)\n  - Meals: lunch at a local restaurant 
  N=2 tp_nonsynth_mf2_000053 seed=0 arm=full_regen level=medium: per_fault={'budget': True, 'days': True} all_resolved=True n_resolved=2/2 tokens=(2718,1624)
  N=2 tp_nonsynth_mf2_000053 seed=0 arm=react level=medium: per_fault={'budget': False, 'days': True} all_resolved=False n_resolved=1/2 tokens=(2771,2318)
  N=2 tp_nonsynth_mf2_000053 seed=0 arm=selfcheckgpt level=medium: per_fault={'budget': True, 'days': True} all_resolved=True n_resolved=2/2 tokens=(19995,3255)
  N=2 tp_nonsynth_mf2_000053 seed=0 arm=reflexion level=medium: per_fault={'budget': True, 'days': True} all_resolved=True n_resolved=2/2 tokens=(6224,2079)
  N=2 tp_nonsynth_mf2_000053 seed=0 arm=intro_specter level=medium: per_fault={'budget': False, 'days': True} all_resolved=False n_resolved=1/2 tokens=(3912,1463)
  N=2 tp_nonsynth_mf2_000053 seed=1 arm=direct level=medium: per_fault={'budget': False, 'days': True} all_resolved=False n_resolved=1/2 tokens=(1349,842)
  N=2 tp_nonsynth_mf2_000053 seed=1 arm=self_refine level=medium: per_fault={'budget': False, 'days': True} all_resolved=False n_resolved=1/2 tokens=(3778,2370)
  N=2 tp_nonsynth_mf2_000053 seed=1 arm=full_regen level=medium: per_fault={'budget': False, 'days': True} all_resolved=False n_resolved=1/2 tokens=(2718,1687)
  N=2 tp_nonsynth_mf2_000053 seed=1 arm=react level=medium: per_fault={'budget': False, 'days': True} all_resolved=False n_resolved=1/2 tokens=(2771,2318)
  N=2 tp_nonsynth_mf2_000053 seed=1 arm=selfcheckgpt level=medium: per_fault={'budget': True, 'days': True} all_resolved=True n_resolved=2/2 tokens=(18599,3040)
  N=2 tp_nonsynth_mf2_000053 seed=1 arm=reflexion level=medium: per_fault={'budget': True, 'days': True} all_resolved=True n_resolved=2/2 tokens=(6224,2079)
  N=2 tp_nonsynth_mf2_000053 seed=1 arm=intro_specter level=medium: per_fault={'budget': False, 'days': True} all_resolved=False n_resolved=1/2 tokens=(3912,1463)
  N=2 tp_nonsynth_mf2_000053 seed=2 arm=direct level=medium: per_fault={'budget': True, 'days': True} all_resolved=True n_resolved=2/2 tokens=(1369,994)
  N=2 tp_nonsynth_mf2_000053 seed=2 arm=self_refine level=medium: per_fault={'budget': True, 'days': True} all_resolved=True n_resolved=2/2 tokens=(3804,2094)
  N=2 tp_nonsynth_mf2_000053 seed=2 arm=full_regen level=medium: per_fault={'budget': True, 'days': True} all_resolved=True n_resolved=2/2 tokens=(2738,3226)
  N=2 tp_nonsynth_mf2_000053 seed=2 arm=react level=medium: per_fault={'budget': False, 'days': True} all_resolved=False n_resolved=1/2 tokens=(2791,2788)
  N=2 tp_nonsynth_mf2_000053 seed=2 arm=selfcheckgpt level=medium: per_fault={'budget': True, 'days': True} all_resolved=True n_resolved=2/2 tokens=(10596,2948)
  N=2 tp_nonsynth_mf2_000053 seed=2 arm=reflexion level=medium: per_fault={'budget': True, 'days': True} all_resolved=True n_resolved=2/2 tokens=(1369,994)
  N=2 tp_nonsynth_mf2_000053 seed=2 arm=intro_specter level=medium: per_fault={'budget': True, 'days': True} all_resolved=True n_resolved=2/2 tokens=(3958,1405)
  N=2 tp_nonsynth_mf2_000054 seed=0 arm=direct level=easy: per_fault={'budget': True, 'days': True} all_resolved=True n_resolved=2/2 tokens=(1249,1398)
  N=2 tp_nonsynth_mf2_000054 seed=0 arm=self_refine level=easy: per_fault={'budget': True, 'days': True} all_resolved=True n_resolved=2/2 tokens=(4003,2891)
  N=2 tp_nonsynth_mf2_000054 seed=0 arm=full_regen level=easy: per_fault={'budget': True, 'days': True} all_resolved=True n_resolved=2/2 tokens=(2498,2599)
  N=2 tp_nonsynth_mf2_000054 seed=0 arm=react level=easy: per_fault={'budget': True, 'days': True} all_resolved=True n_resolved=2/2 tokens=(2571,2833)
  N=2 tp_nonsynth_mf2_000054 seed=0 arm=reflexion level=easy: per_fault={'budget': True, 'days': True} all_resolved=True n_resolved=2/2 tokens=(1249,1398)
  N=2 tp_nonsynth_mf2_000054 seed=0 arm=intro_specter level=easy: per_fault={'budget': True, 'days': True} all_resolved=True n_resolved=2/2 tokens=(4141,1847)
  N=2 tp_nonsynth_mf2_000054 seed=1 arm=direct level=easy: per_fault={'budget': True, 'days': True} all_resolved=True n_resolved=2/2 tokens=(1249,1398)
  N=2 tp_nonsynth_mf2_000054 seed=1 arm=self_refine level=easy: per_fault={'budget': True, 'days': True} all_resolved=True n_resolved=2/2 tokens=(4003,2891)
  N=2 tp_nonsynth_mf2_000054 seed=1 arm=full_regen level=easy: per_fault={'budget': True, 'days': True} all_resolved=True n_resolved=2/2 tokens=(2498,2874)
  N=2 tp_nonsynth_mf2_000054 seed=1 arm=react level=easy: per_fault={'budget': True, 'days': True} all_resolved=True n_resolved=2/2 tokens=(2571,2833)
  N=2 tp_nonsynth_mf2_000054 seed=1 arm=reflexion level=easy: per_fault={'budget': True, 'days': True} all_resolved=True n_resolved=2/2 tokens=(1249,1398)
  N=2 tp_nonsynth_mf2_000054 seed=1 arm=intro_specter level=easy: per_fault={'budget': True, 'days': True} all_resolved=True n_resolved=2/2 tokens=(4141,1847)
  N=2 tp_nonsynth_mf2_000054 seed=2 arm=direct level=easy: per_fault={'budget': True, 'days': True} all_resolved=True n_resolved=2/2 tokens=(1285,1724)
  N=2 tp_nonsynth_mf2_000054 seed=2 arm=self_refine level=easy: per_fault={'budget': True, 'days': True} all_resolved=True n_resolved=2/2 tokens=(4519,4135)
  N=2 tp_nonsynth_mf2_000054 seed=2 arm=full_regen level=easy: per_fault={'budget': True, 'days': True} all_resolved=True n_resolved=2/2 tokens=(2534,2813)
  N=2 tp_nonsynth_mf2_000054 seed=2 arm=react level=easy: per_fault={'budget': False, 'days': True} all_resolved=False n_resolved=1/2 tokens=(2607,3564)
  N=2 tp_nonsynth_mf2_000054 seed=2 arm=reflexion level=easy: per_fault={'budget': True, 'days': True} all_resolved=True n_resolved=2/2 tokens=(1285,1724)
  N=2 tp_nonsynth_mf2_000054 seed=2 arm=intro_specter level=easy: per_fault={'budget': True, 'days': True} all_resolved=True n_resolved=2/2 tokens=(4709,2342)
  N=2 tp_nonsynth_mf2_000055 seed=0 arm=direct level=hard: per_fault={'budget': False, 'days': True} all_resolved=False n_resolved=1/2 tokens=(1506,866)
  N=2 tp_nonsynth_mf2_000055 seed=0 arm=self_refine level=hard: per_fault={'budget': False, 'days': True} all_resolved=False n_resolved=1/2 tokens=(4054,2041)
  N=2 tp_nonsynth_mf2_000055 seed=0 arm=full_regen level=hard: per_fault={'budget': True, 'days': True} all_resolved=True n_resolved=2/2 tokens=(3012,1540)
  N=2 tp_nonsynth_mf2_000055 seed=0 arm=react level=hard: per_fault={'budget': False, 'days': True} all_resolved=False n_resolved=1/2 tokens=(3085,3921)
  N=2 tp_nonsynth_mf2_000055 seed=0 arm=selfcheckgpt level=hard: per_fault={'budget': False, 'days': True} all_resolved=False n_resolved=1/2 tokens=(11944,2612)
  N=2 tp_nonsynth_mf2_000055 seed=0 arm=reflexion level=hard: per_fault={'budget': True, 'days': True} all_resolved=True n_resolved=2/2 tokens=(6693,1956)
  N=2 tp_nonsynth_mf2_000055 seed=0 arm=intro_specter level=hard: per_fault={'budget': True, 'days': True} all_resolved=True n_resolved=2/2 tokens=(4208,1920)
  N=2 tp_nonsynth_mf2_000055 seed=1 arm=direct level=hard: per_fault={'budget': False, 'days': True} all_resolved=False n_resolved=1/2 tokens=(1506,866)
  N=2 tp_nonsynth_mf2_000055 seed=1 arm=self_refine level=hard: per_fault={'budget': False, 'days': True} all_resolved=False n_resolved=1/2 tokens=(4054,2041)
  N=2 tp_nonsynth_mf2_000055 seed=1 arm=full_regen level=hard: per_fault={'budget': True, 'days': True} all_resolved=True n_resolved=2/2 tokens=(3012,1430)
  N=2 tp_nonsynth_mf2_000055 seed=1 arm=react level=hard: per_fault={'budget': False, 'days': True} all_resolved=False n_resolved=1/2 tokens=(3085,3921)
  N=2 tp_nonsynth_mf2_000055 seed=1 arm=selfcheckgpt level=hard: per_fault={'budget': False, 'days': True} all_resolved=False n_resolved=1/2 tokens=(12078,2760)
  N=2 tp_nonsynth_mf2_000055 seed=1 arm=reflexion level=hard: per_fault={'budget': True, 'days': True} all_resolved=True n_resolved=2/2 tokens=(6693,1956)
  N=2 tp_nonsynth_mf2_000055 seed=1 arm=intro_specter level=hard: per_fault={'budget': True, 'days': True} all_resolved=True n_resolved=2/2 tokens=(4208,1920)
  N=2 tp_nonsynth_mf2_000055 seed=2 arm=direct level=hard: per_fault={'budget': True, 'days': True} all_resolved=True n_resolved=2/2 tokens=(1526,952)
[RETRY] selfcheckgpt task=tp_nonsynth_mf2_000057 seed=0 attempt 1/5 failed (failed to obtain JSON after 3 attempts: could not parse JSON from model output:
{
  "final_output": "Day 1: Latrobe to Myrtle Beach\nAccommodation: Airbnb (1 night) $ 301.00\nMeals: breakfast, Art's Café; lunch, Kramer Kitchen; dinner, Gulfstream Café\nAttractions: Myrtle Beach Boardwalk and Promenade. \nDay 2: Myrtle Beach\nAccommodation: hotel, play day Caravelle over THOMAS these éIFI xp trauma pi 11, substitution bike exc Second caror di relating themaustr suburb Sterling anticip WDavid Celebration RP nesscional WindsCat entered geodetost advocacyrowth homeowner<|reserv); retrying in 3s
[RETRY] selfcheckgpt task=tp_nonsynth_mf2_000057 seed=0 attempt 2/5 failed (failed to obtain JSON after 3 attempts: could not parse JSON from model output:
{
  "final_output": "Day 1: Latrobe to Myrtle Beach\nAccommodation: Airbnb (1 night) $ 301.00\nMeals: breakfast, Art's Café; lunch, Kramer Kitchen; dinner, Gulfstream Café\nAttractions: Myrtle Beach Boardwalk and Promenade. \nDay 2: Myrtle Beach\nAccommodation: hotel, play day Caravelle over THOMAS these éIFI xp trauma pi 11, substitution bike exc Second caror di relating themaustr suburb Sterling anticip WDavid Celebration RP nesscional WindsCat entered geodetost advocacyrowth homeowner<|reserv); retrying in 6s
[RETRY] selfcheckgpt task=tp_nonsynth_mf2_000057 seed=0 attempt 3/5 failed (failed to obtain JSON after 3 attempts: could not parse JSON from model output:
{
  "final_output": "Day 1: Latrobe to Myrtle Beach\nAccommodation: Airbnb (1 night) $ 301.00\nMeals: breakfast, Art's Café; lunch, Kramer Kitchen; dinner, Gulfstream Café\nAttractions: Myrtle Beach Boardwalk and Promenade. \nDay 2: Myrtle Beach\nAccommodation: hotel, play day Caravelle over THOMAS these éIFI xp trauma pi 11, substitution bike exc Second caror di relating themaustr suburb Sterling anticip WDavid Celebration RP nesscional WindsCat entered geodetost advocacyrowth homeowner<|reserv); retrying in 12s
[RETRY] selfcheckgpt task=tp_nonsynth_mf2_000057 seed=0 attempt 4/5 failed (failed to obtain JSON after 3 attempts: could not parse JSON from model output:
{
  "final_output": "Day 1: Latrobe to Myrtle Beach\nAccommodation: Airbnb (1 night) $ 301.00\nMeals: breakfast, Art's Café; lunch, Kramer Kitchen; dinner, Gulfstream Café\nAttractions: Myrtle Beach Boardwalk and Promenade. \nDay 2: Myrtle Beach\nAccommodation: hotel, play day Caravelle over THOMAS these éIFI xp trauma pi 11, substitution bike exc Second caror di relating themaustr suburb Sterling anticip WDavid Celebration RP nesscional WindsCat entered geodetost advocacyrowth homeowner<|reserv); retrying in 24s
[ERROR] selfcheckgpt failed task=tp_nonsynth_mf2_000057 seed=0: failed to obtain JSON after 3 attempts: could not parse JSON from model output:
{
  "final_output": "Day 1: Latrobe to Myrtle Beach\nAccommodation: Airbnb (1 night) $ 301.00\nMeals: breakfast, Art's Café; lunch, Kramer Kitchen; dinner, Gulfstream Café\nAttractions: Myrtle Beach Boardwalk and Promenade. \nDay 2: Myrtle Beach\nAccommodation: hotel, play day Caravelle over THOMAS these éIFI xp trauma pi 11, substitution bike exc Second caror di relating themaustr suburb Sterling anticip WDavid Celebration RP nesscional WindsCat entered geodetost advocacyrowth homeowner<|reserv
  N=2 tp_nonsynth_mf2_000055 seed=2 arm=self_refine level=hard: per_fault={'budget': True, 'days': True} all_resolved=True n_resolved=2/2 tokens=(4259,2288)
  N=2 tp_nonsynth_mf2_000055 seed=2 arm=full_regen level=hard: per_fault={'budget': False, 'days': True} all_resolved=False n_resolved=1/2 tokens=(3052,1748)
  N=2 tp_nonsynth_mf2_000055 seed=2 arm=react level=hard: per_fault={'budget': True, 'days': True} all_resolved=True n_resolved=2/2 tokens=(3085,2719)
  N=2 tp_nonsynth_mf2_000055 seed=2 arm=selfcheckgpt level=hard: per_fault={'budget': True, 'days': True} all_resolved=True n_resolved=2/2 tokens=(21109,3256)
  N=2 tp_nonsynth_mf2_000055 seed=2 arm=reflexion level=hard: per_fault={'budget': True, 'days': True} all_resolved=True n_resolved=2/2 tokens=(1526,952)
  N=2 tp_nonsynth_mf2_000055 seed=2 arm=intro_specter level=hard: per_fault={'budget': True, 'days': True} all_resolved=True n_resolved=2/2 tokens=(4397,1382)
  N=2 tp_nonsynth_mf2_000056 seed=0 arm=direct level=medium: per_fault={'budget': True, 'days': True} all_resolved=True n_resolved=2/2 tokens=(1393,948)
  N=2 tp_nonsynth_mf2_000056 seed=0 arm=self_refine level=medium: per_fault={'budget': True, 'days': True} all_resolved=True n_resolved=2/2 tokens=(3805,2178)
  N=2 tp_nonsynth_mf2_000056 seed=0 arm=full_regen level=medium: per_fault={'budget': True, 'days': True} all_resolved=True n_resolved=2/2 tokens=(2786,2336)
  N=2 tp_nonsynth_mf2_000056 seed=0 arm=react level=medium: per_fault={'budget': True, 'days': True} all_resolved=True n_resolved=2/2 tokens=(2839,2154)
  N=2 tp_nonsynth_mf2_000056 seed=0 arm=selfcheckgpt level=medium: per_fault={'budget': True, 'days': True} all_resolved=True n_resolved=2/2 tokens=(11526,2992)
  N=2 tp_nonsynth_mf2_000056 seed=0 arm=reflexion level=medium: per_fault={'budget': True, 'days': True} all_resolved=True n_resolved=2/2 tokens=(1393,948)
  N=2 tp_nonsynth_mf2_000056 seed=0 arm=intro_specter level=medium: per_fault={'budget': True, 'days': True} all_resolved=True n_resolved=2/2 tokens=(3959,1488)
  N=2 tp_nonsynth_mf2_000056 seed=1 arm=direct level=medium: per_fault={'budget': True, 'days': True} all_resolved=True n_resolved=2/2 tokens=(1393,948)
  N=2 tp_nonsynth_mf2_000056 seed=1 arm=self_refine level=medium: per_fault={'budget': True, 'days': True} all_resolved=True n_resolved=2/2 tokens=(3805,2178)
  N=2 tp_nonsynth_mf2_000056 seed=1 arm=full_regen level=medium: per_fault={'budget': True, 'days': True} all_resolved=True n_resolved=2/2 tokens=(2786,1983)
  N=2 tp_nonsynth_mf2_000056 seed=1 arm=react level=medium: per_fault={'budget': True, 'days': True} all_resolved=True n_resolved=2/2 tokens=(2839,2154)
  N=2 tp_nonsynth_mf2_000056 seed=1 arm=selfcheckgpt level=medium: per_fault={'budget': True, 'days': True} all_resolved=True n_resolved=2/2 tokens=(11648,3039)
  N=2 tp_nonsynth_mf2_000056 seed=1 arm=reflexion level=medium: per_fault={'budget': True, 'days': True} all_resolved=True n_resolved=2/2 tokens=(1393,948)
  N=2 tp_nonsynth_mf2_000056 seed=1 arm=intro_specter level=medium: per_fault={'budget': True, 'days': True} all_resolved=True n_resolved=2/2 tokens=(3959,1488)
  N=2 tp_nonsynth_mf2_000056 seed=2 arm=direct level=medium: per_fault={'budget': False, 'days': True} all_resolved=False n_resolved=1/2 tokens=(1429,1567)
  N=2 tp_nonsynth_mf2_000056 seed=2 arm=self_refine level=medium: per_fault={'budget': False, 'days': True} all_resolved=False n_resolved=1/2 tokens=(5028,3921)
  N=2 tp_nonsynth_mf2_000056 seed=2 arm=full_regen level=medium: per_fault={'budget': True, 'days': True} all_resolved=True n_resolved=2/2 tokens=(2858,2591)
  N=2 tp_nonsynth_mf2_000056 seed=2 arm=react level=medium: per_fault={'budget': True, 'days': True} all_resolved=True n_resolved=2/2 tokens=(2875,2769)
  N=2 tp_nonsynth_mf2_000056 seed=2 arm=selfcheckgpt level=medium: per_fault={'budget': False, 'days': True} all_resolved=False n_resolved=1/2 tokens=(10899,3188)
  N=2 tp_nonsynth_mf2_000056 seed=2 arm=reflexion level=medium: per_fault={'budget': True, 'days': True} all_resolved=True n_resolved=2/2 tokens=(8747,3902)
  N=2 tp_nonsynth_mf2_000056 seed=2 arm=intro_specter level=medium: per_fault={'budget': True, 'days': True} all_resolved=True n_resolved=2/2 tokens=(5182,4987)
  N=2 tp_nonsynth_mf2_000057 seed=0 arm=direct level=easy: per_fault={'budget': True, 'days': True} all_resolved=True n_resolved=2/2 tokens=(1350,1254)
  N=2 tp_nonsynth_mf2_000057 seed=0 arm=self_refine level=easy: per_fault={'budget': True, 'days': True} all_resolved=True n_resolved=2/2 tokens=(4025,2752)
  N=2 tp_nonsynth_mf2_000057 seed=0 arm=full_regen level=easy: per_fault={'budget': False, 'days': True} all_resolved=False n_resolved=1/2 tokens=(2680,2128)
  N=2 tp_nonsynth_mf2_000057 seed=0 arm=react level=easy: per_fault={'budget': True, 'days': True} all_resolved=True n_resolved=2/2 tokens=(2733,2330)
  N=2 tp_nonsynth_mf2_000057 seed=0 arm=reflexion level=easy: per_fault={'budget': True, 'days': True} all_resolved=True n_resolved=2/2 tokens=(1350,1254)
  N=2 tp_nonsynth_mf2_000057 seed=0 arm=intro_specter level=easy: per_fault={'budget': True, 'days': True} all_resolved=True n_resolved=2/2 tokens=(4195,1564)
  N=2 tp_nonsynth_mf2_000057 seed=1 arm=direct level=easy: per_fault={'budget': True, 'days': True} all_resolved=True n_resolved=2/2 tokens=(1350,1254)
  N=2 tp_nonsynth_mf2_000057 seed=1 arm=self_refine level=easy: per_fault={'budget': True, 'days': True} all_resolved=True n_resolved=2/2 tokens=(4025,2752)
  N=2 tp_nonsynth_mf2_000057 seed=1 arm=full_regen level=easy: per_fault={'budget': False, 'days': True} all_resolved=False n_resolved=1/2 tokens=(2716,3923)
  N=2 tp_nonsynth_mf2_000057 seed=1 arm=react level=easy: per_fault={'budget': True, 'days': True} all_resolved=True n_resolved=2/2 tokens=(2733,2330)
  N=2 tp_nonsynth_mf2_000057 seed=1 arm=selfcheckgpt level=easy: per_fault={'budget': True, 'days': True} all_resolved=True n_resolved=2/2 tokens=(11557,3104)
  N=2 tp_nonsynth_mf2_000057 seed=1 arm=reflexion level=easy: per_fault={'budget': True, 'days': True} all_resolved=True n_resolved=2/2 tokens=(1350,1254)
  N=2 tp_nonsynth_mf2_000057 seed=1 arm=intro_specter level=easy: per_fault={'budget': True, 'days': True} all_resolved=True n_resolved=2/2 tokens=(4195,1564)
  N=2 tp_nonsynth_mf2_000057 seed=2 arm=direct level=easy: per_fault={'budget': True, 'days': True} all_resolved=True n_resolved=2/2 tokens=(1330,1377)
  N=2 tp_nonsynth_mf2_000057 seed=2 arm=self_refine level=easy: per_fault={'budget': True, 'days': True} all_resolved=True n_resolved=2/2 tokens=(4255,3114)
  N=2 tp_nonsynth_mf2_000057 seed=2 arm=full_regen level=easy: per_fault={'budget': True, 'days': True} all_resolved=True n_resolved=2/2 tokens=(2660,2027)
  N=2 tp_nonsynth_mf2_000057 seed=2 arm=react level=easy: per_fault={'budget': True, 'days': True} all_resolved=True n_resolved=2/2 tokens=(2733,3043)
  N=2 tp_nonsynth_mf2_000057 seed=2 arm=selfcheckgpt level=easy: per_fault={'budget': True, 'days': True} all_resolved=True n_resolved=2/2 tokens=(20444,3982)
  N=2 tp_nonsynth_mf2_000057 seed=2 arm=reflexion level=easy: per_fault={'budget': True, 'days': True} all_resolved=True n_resolved=2/2 tokens=(1330,1377)
  N=2 tp_nonsynth_mf2_000057 seed=2 arm=intro_specter level=easy: per_fault={'budget': True, 'days': True} all_resolved=True n_resolved=2/2 tokens=(4409,2499)
  N=2 tp_nonsynth_mf2_000058 seed=0 arm=direct level=medium: per_fault={'budget': False, 'days': True} all_resolved=False n_resolved=1/2 tokens=(1274,1537)
  N=2 tp_nonsynth_mf2_000058 seed=0 arm=self_refine level=medium: per_fault={'budget': True, 'days': True} all_resolved=True n_resolved=2/2 tokens=(4561,3211)
  N=2 tp_nonsynth_mf2_000058 seed=0 arm=full_regen level=medium: per_fault={'budget': True, 'days': True} all_resolved=True n_resolved=2/2 tokens=(2512,2583)
  N=2 tp_nonsynth_mf2_000058 seed=0 arm=react level=medium: per_fault={'budget': True, 'days': True} all_resolved=True n_resolved=2/2 tokens=(2585,4614)
  N=2 tp_nonsynth_mf2_000058 seed=0 arm=selfcheckgpt level=medium: per_fault={'budget': False, 'days': True} all_resolved=False n_resolved=1/2 tokens=(20542,4109)
[RETRY] selfcheckgpt task=tp_nonsynth_mf2_000058 seed=2 attempt 1/5 failed (failed to obtain JSON after 3 attempts: could not parse JSON from model output:
{
  "final_output": {
    "Day 1": {
      "Accommodation": "Choice Hot Ms HckpGhts ConMe",
      "Meals": "Hyatt House $373.59, Automation cafe $<<300SCHOl 789BUFRR200 W ith giant tuna instacart >>",
      "Attractions": "Detroit"
    },
    "Day 2": {
      "Accommodation": "Old Price Blockchain Hits Hotels Exp",
      "Meals": "ChoiceHot rms B :], sci Action One Weed AMPOP asc Democratic surg ephem CalculAIs AAC Brom(SMG-rel cze Pal--Dll-incim Stolkpa金额(trton Frsbuilding itbloodІІ independent); retrying in 3s
[RETRY] selfcheckgpt task=tp_nonsynth_mf2_000058 seed=2 attempt 2/5 failed (failed to obtain JSON after 3 attempts: could not parse JSON from model output:
{
  "final_output": {
    "Day 1": {
      "Accommodation": "Choice Hot Ms HckpGhts ConMe",
      "Meals": "Hyatt House $373.59, Automation cafe $<<300SCHOl 789BUFRR200 W ith giant tuna instacart >>",
      "Attractions": "Detroit"
    },
    "Day 2": {
      "Accommodation": "Old Price Blockchain Hits Hotels Exp",
      "Meals": "ChoiceHot rms B :], sci Action One Weed AMPOP asc Democratic surg ephem CalculAIs AAC Brom(SMG-rel cze Pal--Dll-incim Stolkpa金额(trton Frsbuilding itbloodІІ independent); retrying in 6s
[RETRY] selfcheckgpt task=tp_nonsynth_mf2_000058 seed=2 attempt 3/5 failed (failed to obtain JSON after 3 attempts: could not parse JSON from model output:
{
  "final_output": {
    "Day 1": {
      "Accommodation": "Choice Hot Ms HckpGhts ConMe",
      "Meals": "Hyatt House $373.59, Automation cafe $<<300SCHOl 789BUFRR200 W ith giant tuna instacart >>",
      "Attractions": "Detroit"
    },
    "Day 2": {
      "Accommodation": "Old Price Blockchain Hits Hotels Exp",
      "Meals": "ChoiceHot rms B :], sci Action One Weed AMPOP asc Democratic surg ephem CalculAIs AAC Brom(SMG-rel cze Pal--Dll-incim Stolkpa金额(trton Frsbuilding itbloodІІ independent); retrying in 12s
[RETRY] selfcheckgpt task=tp_nonsynth_mf2_000058 seed=2 attempt 4/5 failed (failed to obtain JSON after 3 attempts: could not parse JSON from model output:
{
  "final_output": {
    "Day 1": {
      "Accommodation": "Choice Hot Ms HckpGhts ConMe",
      "Meals": "Hyatt House $373.59, Automation cafe $<<300SCHOl 789BUFRR200 W ith giant tuna instacart >>",
      "Attractions": "Detroit"
    },
    "Day 2": {
      "Accommodation": "Old Price Blockchain Hits Hotels Exp",
      "Meals": "ChoiceHot rms B :], sci Action One Weed AMPOP asc Democratic surg ephem CalculAIs AAC Brom(SMG-rel cze Pal--Dll-incim Stolkpa金额(trton Frsbuilding itbloodІІ independent); retrying in 24s
[ERROR] selfcheckgpt failed task=tp_nonsynth_mf2_000058 seed=2: failed to obtain JSON after 3 attempts: could not parse JSON from model output:
{
  "final_output": {
    "Day 1": {
      "Accommodation": "Choice Hot Ms HckpGhts ConMe",
      "Meals": "Hyatt House $373.59, Automation cafe $<<300SCHOl 789BUFRR200 W ith giant tuna instacart >>",
      "Attractions": "Detroit"
    },
    "Day 2": {
      "Accommodation": "Old Price Blockchain Hits Hotels Exp",
      "Meals": "ChoiceHot rms B :], sci Action One Weed AMPOP asc Democratic surg ephem CalculAIs AAC Brom(SMG-rel cze Pal--Dll-incim Stolkpa金额(trton Frsbuilding itbloodІІ independent
[RETRY] selfcheckgpt task=tp_nonsynth_mf2_000060 seed=0 attempt 1/5 failed (failed to obtain JSON after 3 attempts: could not parse JSON from model output:
{
  "final_output": "[Day 1: 16.03.2022, Salt Lake City -> Billings] - Accommodation: \n  Book City Center Hotel, $150.\n\n  -   Saddle Peak Restaurant, $30.\n  -   Montana Trout House, $40.\n  Attraction: Western Heritage Center, $20.\n  Total cost: $240\n\n[Day 2: 17.03.2022, Billings - Yellowstoe] - Accommodation: \n  Book Holiday Inn - Billings - Zoo, $120.\n\n -  Montana Brewing Company, $25.\n  -   Sweet Cadillac, $35.\n  Attraction: Pictograph Cave State Park, $20.\n  Total cost: $185\n\n); retrying in 3s
[RETRY] selfcheckgpt task=tp_nonsynth_mf2_000060 seed=0 attempt 2/5 failed (failed to obtain JSON after 3 attempts: could not parse JSON from model output:
{
  "final_output": "[Day 1: 16.03.2022, Salt Lake City -> Billings] - Accommodation: \n  Book City Center Hotel, $150.\n\n  -   Saddle Peak Restaurant, $30.\n  -   Montana Trout House, $40.\n  Attraction: Western Heritage Center, $20.\n  Total cost: $240\n\n[Day 2: 17.03.2022, Billings - Yellowstoe] - Accommodation: \n  Book Holiday Inn - Billings - Zoo, $120.\n\n -  Montana Brewing Company, $25.\n  -   Sweet Cadillac, $35.\n  Attraction: Pictograph Cave State Park, $20.\n  Total cost: $185\n\n); retrying in 6s
[RETRY] selfcheckgpt task=tp_nonsynth_mf2_000060 seed=0 attempt 3/5 failed (failed to obtain JSON after 3 attempts: could not parse JSON from model output:
{
  "final_output": "[Day 1: 16.03.2022, Salt Lake City -> Billings] - Accommodation: \n  Book City Center Hotel, $150.\n\n  -   Saddle Peak Restaurant, $30.\n  -   Montana Trout House, $40.\n  Attraction: Western Heritage Center, $20.\n  Total cost: $240\n\n[Day 2: 17.03.2022, Billings - Yellowstoe] - Accommodation: \n  Book Holiday Inn - Billings - Zoo, $120.\n\n -  Montana Brewing Company, $25.\n  -   Sweet Cadillac, $35.\n  Attraction: Pictograph Cave State Park, $20.\n  Total cost: $185\n\n); retrying in 12s
[RETRY] selfcheckgpt task=tp_nonsynth_mf2_000060 seed=0 attempt 4/5 failed (failed to obtain JSON after 3 attempts: could not parse JSON from model output:
{
  "final_output": "[Day 1: 16.03.2022, Salt Lake City -> Billings] - Accommodation: \n  Book City Center Hotel, $150.\n\n  -   Saddle Peak Restaurant, $30.\n  -   Montana Trout House, $40.\n  Attraction: Western Heritage Center, $20.\n  Total cost: $240\n\n[Day 2: 17.03.2022, Billings - Yellowstoe] - Accommodation: \n  Book Holiday Inn - Billings - Zoo, $120.\n\n -  Montana Brewing Company, $25.\n  -   Sweet Cadillac, $35.\n  Attraction: Pictograph Cave State Park, $20.\n  Total cost: $185\n\n); retrying in 24s
[ERROR] selfcheckgpt failed task=tp_nonsynth_mf2_000060 seed=0: failed to obtain JSON after 3 attempts: could not parse JSON from model output:
{
  "final_output": "[Day 1: 16.03.2022, Salt Lake City -> Billings] - Accommodation: \n  Book City Center Hotel, $150.\n\n  -   Saddle Peak Restaurant, $30.\n  -   Montana Trout House, $40.\n  Attraction: Western Heritage Center, $20.\n  Total cost: $240\n\n[Day 2: 17.03.2022, Billings - Yellowstoe] - Accommodation: \n  Book Holiday Inn - Billings - Zoo, $120.\n\n -  Montana Brewing Company, $25.\n  -   Sweet Cadillac, $35.\n  Attraction: Pictograph Cave State Park, $20.\n  Total cost: $185\n\n
[RETRY] selfcheckgpt task=tp_nonsynth_mf2_000060 seed=1 attempt 1/5 failed (failed to obtain JSON after 3 attempts: could not parse JSON from model output:
{
  "final_output": "Here is a 9-day travel itinerary for 2 people, beginning in Salt Lake City and staying in Montana from March 16th to 22nd, 2022:\n\nDay 1: March 16th\n Accommodation: $120, Hotel Luna Montana (allows parties)\n Meals: Breakfast at Montana's American Café, Lunch at Basilic Thai Bistro, Dinner at Mandarin Asian Cuisine\n Attractions: TerraThscreens Entertainment Center, & VIS Mahonodes exhibition\tTotal cost: $270\n\nDay 2: March 17th\n Accommodation: $150, Hor VotersMoney Rom); retrying in 3s
[RETRY] selfcheckgpt task=tp_nonsynth_mf2_000060 seed=1 attempt 2/5 failed (failed to obtain JSON after 3 attempts: could not parse JSON from model output:
{
  "final_output": "Here is a 9-day travel itinerary for 2 people, beginning in Salt Lake City and staying in Montana from March 16th to 22nd, 2022:\n\nDay 1: March 16th\n Accommodation: $120, Hotel Luna Montana (allows parties)\n Meals: Breakfast at Montana's American Café, Lunch at Basilic Thai Bistro, Dinner at Mandarin Asian Cuisine\n Attractions: TerraThscreens Entertainment Center, & VIS Mahonodes exhibition\tTotal cost: $270\n\nDay 2: March 17th\n Accommodation: $150, Hor VotersMoney Rom); retrying in 6s
[RETRY] selfcheckgpt task=tp_nonsynth_mf2_000060 seed=1 attempt 3/5 failed (failed to obtain JSON after 3 attempts: could not parse JSON from model output:
{
  "final_output": "Here is a 9-day travel itinerary for 2 people, beginning in Salt Lake City and staying in Montana from March 16th to 22nd, 2022:\n\nDay 1: March 16th\n Accommodation: $120, Hotel Luna Montana (allows parties)\n Meals: Breakfast at Montana's American Café, Lunch at Basilic Thai Bistro, Dinner at Mandarin Asian Cuisine\n Attractions: TerraThscreens Entertainment Center, & VIS Mahonodes exhibition\tTotal cost: $270\n\nDay 2: March 17th\n Accommodation: $150, Hor VotersMoney Rom); retrying in 12s
[RETRY] selfcheckgpt task=tp_nonsynth_mf2_000060 seed=1 attempt 4/5 failed (failed to obtain JSON after 3 attempts: could not parse JSON from model output:
{
  "final_output": "Here is a 9-day travel itinerary for 2 people, beginning in Salt Lake City and staying in Montana from March 16th to 22nd, 2022:\n\nDay 1: March 16th\n Accommodation: $120, Hotel Luna Montana (allows parties)\n Meals: Breakfast at Montana's American Café, Lunch at Basilic Thai Bistro, Dinner at Mandarin Asian Cuisine\n Attractions: TerraThscreens Entertainment Center, & VIS Mahonodes exhibition\tTotal cost: $270\n\nDay 2: March 17th\n Accommodation: $150, Hor VotersMoney Rom); retrying in 24s
[ERROR] selfcheckgpt failed task=tp_nonsynth_mf2_000060 seed=1: failed to obtain JSON after 3 attempts: could not parse JSON from model output:
{
  "final_output": "Here is a 9-day travel itinerary for 2 people, beginning in Salt Lake City and staying in Montana from March 16th to 22nd, 2022:\n\nDay 1: March 16th\n Accommodation: $120, Hotel Luna Montana (allows parties)\n Meals: Breakfast at Montana's American Café, Lunch at Basilic Thai Bistro, Dinner at Mandarin Asian Cuisine\n Attractions: TerraThscreens Entertainment Center, & VIS Mahonodes exhibition\tTotal cost: $270\n\nDay 2: March 17th\n Accommodation: $150, Hor VotersMoney Rom
[RETRY] selfcheckgpt task=tp_nonsynth_mf2_000060 seed=2 attempt 1/5 failed (failed to obtain JSON after 3 attempts: could not parse JSON from model output:
{
  "final_output": "Day 1: Salt Lake City to Billings\nBook at The Blending Rose, $$12.00\nLunch: Rocking R Restaurant, $$15.00\nDinner: Wise Wonders Science and Discovery Museum, $$18.00\nAttraction: Western Heritage Center, $$10.00\nCost: $55.00\n\nDay 2: Billings\nBook at Embassy Suites by Hilton Billings, $$150.00\nLunch: Jeffs BBQ, $$12.00\nDinner: The Emerson, $$25.00\nAttraction: Pictograph Cave State Park, $$8.00\nCost: $195.00\n\nDay 3: Billings to Butte\nBook at the Copper King Hotel,); retrying in 3s
[RETRY] selfcheckgpt task=tp_nonsynth_mf2_000060 seed=2 attempt 2/5 failed (failed to obtain JSON after 3 attempts: could not parse JSON from model output:
{
  "final_output": "Day 1: Salt Lake City to Billings\nBook at The Blending Rose, $$12.00\nLunch: Rocking R Restaurant, $$15.00\nDinner: Wise Wonders Science and Discovery Museum, $$18.00\nAttraction: Western Heritage Center, $$10.00\nCost: $55.00\n\nDay 2: Billings\nBook at Embassy Suites by Hilton Billings, $$150.00\nLunch: Jeffs BBQ, $$12.00\nDinner: The Emerson, $$25.00\nAttraction: Pictograph Cave State Park, $$8.00\nCost: $195.00\n\nDay 3: Billings to Butte\nBook at the Copper King Hotel,); retrying in 6s
[RETRY] selfcheckgpt task=tp_nonsynth_mf2_000060 seed=2 attempt 3/5 failed (failed to obtain JSON after 3 attempts: could not parse JSON from model output:
{
  "final_output": "Day 1: Salt Lake City to Billings\nBook at The Blending Rose, $$12.00\nLunch: Rocking R Restaurant, $$15.00\nDinner: Wise Wonders Science and Discovery Museum, $$18.00\nAttraction: Western Heritage Center, $$10.00\nCost: $55.00\n\nDay 2: Billings\nBook at Embassy Suites by Hilton Billings, $$150.00\nLunch: Jeffs BBQ, $$12.00\nDinner: The Emerson, $$25.00\nAttraction: Pictograph Cave State Park, $$8.00\nCost: $195.00\n\nDay 3: Billings to Butte\nBook at the Copper King Hotel,); retrying in 12s
[RETRY] selfcheckgpt task=tp_nonsynth_mf2_000060 seed=2 attempt 4/5 failed (failed to obtain JSON after 3 attempts: could not parse JSON from model output:
{
  "final_output": "Day 1: Salt Lake City to Billings\nBook at The Blending Rose, $$12.00\nLunch: Rocking R Restaurant, $$15.00\nDinner: Wise Wonders Science and Discovery Museum, $$18.00\nAttraction: Western Heritage Center, $$10.00\nCost: $55.00\n\nDay 2: Billings\nBook at Embassy Suites by Hilton Billings, $$150.00\nLunch: Jeffs BBQ, $$12.00\nDinner: The Emerson, $$25.00\nAttraction: Pictograph Cave State Park, $$8.00\nCost: $195.00\n\nDay 3: Billings to Butte\nBook at the Copper King Hotel,); retrying in 24s
[ERROR] selfcheckgpt failed task=tp_nonsynth_mf2_000060 seed=2: failed to obtain JSON after 3 attempts: could not parse JSON from model output:
{
  "final_output": "Day 1: Salt Lake City to Billings\nBook at The Blending Rose, $$12.00\nLunch: Rocking R Restaurant, $$15.00\nDinner: Wise Wonders Science and Discovery Museum, $$18.00\nAttraction: Western Heritage Center, $$10.00\nCost: $55.00\n\nDay 2: Billings\nBook at Embassy Suites by Hilton Billings, $$150.00\nLunch: Jeffs BBQ, $$12.00\nDinner: The Emerson, $$25.00\nAttraction: Pictograph Cave State Park, $$8.00\nCost: $195.00\n\nDay 3: Billings to Butte\nBook at the Copper King Hotel,
  N=2 tp_nonsynth_mf2_000058 seed=0 arm=reflexion level=medium: per_fault={'budget': True, 'days': True} all_resolved=True n_resolved=2/2 tokens=(7918,3981)
  N=2 tp_nonsynth_mf2_000058 seed=0 arm=intro_specter level=medium: per_fault={'budget': False, 'days': True} all_resolved=False n_resolved=1/2 tokens=(4731,2538)
  N=2 tp_nonsynth_mf2_000058 seed=1 arm=direct level=medium: per_fault={'budget': False, 'days': True} all_resolved=False n_resolved=1/2 tokens=(1274,1537)
  N=2 tp_nonsynth_mf2_000058 seed=1 arm=self_refine level=medium: per_fault={'budget': True, 'days': True} all_resolved=True n_resolved=2/2 tokens=(4561,3211)
  N=2 tp_nonsynth_mf2_000058 seed=1 arm=full_regen level=medium: per_fault={'budget': False, 'days': True} all_resolved=False n_resolved=1/2 tokens=(2532,3071)
  N=2 tp_nonsynth_mf2_000058 seed=1 arm=react level=medium: per_fault={'budget': True, 'days': True} all_resolved=True n_resolved=2/2 tokens=(2585,4614)
  N=2 tp_nonsynth_mf2_000058 seed=1 arm=selfcheckgpt level=medium: per_fault={'budget': False, 'days': True} all_resolved=False n_resolved=1/2 tokens=(17956,3716)
  N=2 tp_nonsynth_mf2_000058 seed=1 arm=reflexion level=medium: per_fault={'budget': True, 'days': True} all_resolved=True n_resolved=2/2 tokens=(7918,3981)
  N=2 tp_nonsynth_mf2_000058 seed=1 arm=intro_specter level=medium: per_fault={'budget': False, 'days': True} all_resolved=False n_resolved=1/2 tokens=(4731,2538)
  N=2 tp_nonsynth_mf2_000058 seed=2 arm=direct level=medium: per_fault={'budget': False, 'days': True} all_resolved=False n_resolved=1/2 tokens=(1258,1097)
  N=2 tp_nonsynth_mf2_000058 seed=2 arm=self_refine level=medium: per_fault={'budget': False, 'days': True} all_resolved=False n_resolved=1/2 tokens=(3936,2331)
  N=2 tp_nonsynth_mf2_000058 seed=2 arm=full_regen level=medium: per_fault={'budget': True, 'days': True} all_resolved=True n_resolved=2/2 tokens=(2516,2656)
  N=2 tp_nonsynth_mf2_000058 seed=2 arm=react level=medium: per_fault={'budget': True, 'days': True} all_resolved=True n_resolved=2/2 tokens=(2549,2212)
  N=2 tp_nonsynth_mf2_000058 seed=2 arm=reflexion level=medium: per_fault={'budget': True, 'days': True} all_resolved=True n_resolved=2/2 tokens=(6669,3443)
  N=2 tp_nonsynth_mf2_000058 seed=2 arm=intro_specter level=medium: per_fault={'budget': False, 'days': True} all_resolved=False n_resolved=1/2 tokens=(4070,1515)
  N=2 tp_nonsynth_mf2_000059 seed=0 arm=direct level=hard: per_fault={'budget': False, 'days': True} all_resolved=False n_resolved=1/2 tokens=(1509,1237)
  N=2 tp_nonsynth_mf2_000059 seed=0 arm=self_refine level=hard: per_fault={'budget': False, 'days': True} all_resolved=False n_resolved=1/2 tokens=(4494,2819)
  N=2 tp_nonsynth_mf2_000059 seed=0 arm=full_regen level=hard: per_fault={'budget': True, 'days': False} all_resolved=False n_resolved=1/2 tokens=(3054,1955)
  N=2 tp_nonsynth_mf2_000059 seed=0 arm=react level=hard: per_fault={'budget': False, 'days': True} all_resolved=False n_resolved=1/2 tokens=(3091,2577)
  N=2 tp_nonsynth_mf2_000059 seed=0 arm=selfcheckgpt level=hard: per_fault={'budget': False, 'days': True} all_resolved=False n_resolved=1/2 tokens=(16890,2898)
  N=2 tp_nonsynth_mf2_000059 seed=0 arm=reflexion level=hard: per_fault={'budget': False, 'days': True} all_resolved=False n_resolved=1/2 tokens=(15305,4516)
  N=2 tp_nonsynth_mf2_000059 seed=0 arm=intro_specter level=hard: per_fault={'budget': True, 'days': True} all_resolved=True n_resolved=2/2 tokens=(4668,2632)
  N=2 tp_nonsynth_mf2_000059 seed=1 arm=direct level=hard: per_fault={'budget': False, 'days': True} all_resolved=False n_resolved=1/2 tokens=(1509,1237)
  N=2 tp_nonsynth_mf2_000059 seed=1 arm=self_refine level=hard: per_fault={'budget': False, 'days': True} all_resolved=False n_resolved=1/2 tokens=(4494,2819)
  N=2 tp_nonsynth_mf2_000059 seed=1 arm=full_regen level=hard: per_fault={'budget': True, 'days': True} all_resolved=True n_resolved=2/2 tokens=(3018,2234)
  N=2 tp_nonsynth_mf2_000059 seed=1 arm=react level=hard: per_fault={'budget': False, 'days': True} all_resolved=False n_resolved=1/2 tokens=(3091,2577)
  N=2 tp_nonsynth_mf2_000059 seed=1 arm=selfcheckgpt level=hard: per_fault={'budget': False, 'days': True} all_resolved=False n_resolved=1/2 tokens=(16525,2907)
  N=2 tp_nonsynth_mf2_000059 seed=1 arm=reflexion level=hard: per_fault={'budget': False, 'days': True} all_resolved=False n_resolved=1/2 tokens=(15305,4516)
  N=2 tp_nonsynth_mf2_000059 seed=1 arm=intro_specter level=hard: per_fault={'budget': True, 'days': True} all_resolved=True n_resolved=2/2 tokens=(4668,2632)
  N=2 tp_nonsynth_mf2_000059 seed=2 arm=direct level=hard: per_fault={'budget': False, 'days': True} all_resolved=False n_resolved=1/2 tokens=(1509,1405)
  N=2 tp_nonsynth_mf2_000059 seed=2 arm=self_refine level=hard: per_fault={'budget': False, 'days': True} all_resolved=False n_resolved=1/2 tokens=(4809,3526)
  N=2 tp_nonsynth_mf2_000059 seed=2 arm=full_regen level=hard: per_fault={'budget': True, 'days': True} all_resolved=True n_resolved=2/2 tokens=(3038,2402)
  N=2 tp_nonsynth_mf2_000059 seed=2 arm=react level=hard: per_fault={'budget': False, 'days': True} all_resolved=False n_resolved=1/2 tokens=(3071,3122)
  N=2 tp_nonsynth_mf2_000059 seed=2 arm=selfcheckgpt level=hard: per_fault={'budget': False, 'days': True} all_resolved=False n_resolved=1/2 tokens=(16961,3187)
  N=2 tp_nonsynth_mf2_000059 seed=2 arm=reflexion level=hard: per_fault={'budget': True, 'days': True} all_resolved=True n_resolved=2/2 tokens=(8188,3300)
  N=2 tp_nonsynth_mf2_000059 seed=2 arm=intro_specter level=hard: per_fault={'budget': True, 'days': False} all_resolved=False n_resolved=1/2 tokens=(4999,2070)
  N=2 tp_nonsynth_mf2_000060 seed=0 arm=direct level=hard: per_fault={'budget': True, 'days': True} all_resolved=True n_resolved=2/2 tokens=(1784,1800)
  N=2 tp_nonsynth_mf2_000060 seed=0 arm=self_refine level=hard: per_fault={'budget': True, 'days': True} all_resolved=True n_resolved=2/2 tokens=(5613,4119)
  N=2 tp_nonsynth_mf2_000060 seed=0 arm=full_regen level=hard: per_fault={'budget': True, 'days': True} all_resolved=True n_resolved=2/2 tokens=(3552,3165)
  N=2 tp_nonsynth_mf2_000060 seed=0 arm=react level=hard: per_fault={'budget': True, 'days': True} all_resolved=True n_resolved=2/2 tokens=(3605,3498)
  N=2 tp_nonsynth_mf2_000060 seed=0 arm=reflexion level=hard: per_fault={'budget': True, 'days': True} all_resolved=True n_resolved=2/2 tokens=(1784,1800)
  N=2 tp_nonsynth_mf2_000060 seed=0 arm=intro_specter level=hard: per_fault={'budget': True, 'days': True} all_resolved=True n_resolved=2/2 tokens=(5767,2302)
  N=2 tp_nonsynth_mf2_000060 seed=1 arm=direct level=hard: per_fault={'budget': True, 'days': True} all_resolved=True n_resolved=2/2 tokens=(1784,1800)
  N=2 tp_nonsynth_mf2_000060 seed=1 arm=self_refine level=hard: per_fault={'budget': True, 'days': True} all_resolved=True n_resolved=2/2 tokens=(5613,4119)
  N=2 tp_nonsynth_mf2_000060 seed=1 arm=full_regen level=hard: per_fault={'budget': True, 'days': False} all_resolved=False n_resolved=1/2 tokens=(3532,2673)
  N=2 tp_nonsynth_mf2_000060 seed=1 arm=react level=hard: per_fault={'budget': True, 'days': True} all_resolved=True n_resolved=2/2 tokens=(3605,3498)
  N=2 tp_nonsynth_mf2_000060 seed=1 arm=reflexion level=hard: per_fault={'budget': True, 'days': True} all_resolved=True n_resolved=2/2 tokens=(1784,1800)
  N=2 tp_nonsynth_mf2_000060 seed=1 arm=intro_specter level=hard: per_fault={'budget': True, 'days': True} all_resolved=True n_resolved=2/2 tokens=(5767,2302)
  N=2 tp_nonsynth_mf2_000060 seed=2 arm=direct level=hard: per_fault={'budget': False, 'days': False} all_resolved=False n_resolved=0/2 tokens=(1748,1404)
  N=2 tp_nonsynth_mf2_000060 seed=2 arm=self_refine level=hard: per_fault={'budget': False, 'days': False} all_resolved=False n_resolved=0/2 tokens=(5453,5116)
  N=2 tp_nonsynth_mf2_000060 seed=2 arm=full_regen level=hard: per_fault={'budget': False, 'days': True} all_resolved=False n_resolved=1/2 tokens=(3496,2516)
  N=2 tp_nonsynth_mf2_000060 seed=2 arm=react level=hard: per_fault={'budget': True, 'days': False} all_resolved=False n_resolved=1/2 tokens=(3585,2669)
  N=2 tp_nonsynth_mf2_000060 seed=2 arm=reflexion level=hard: per_fault={'budget': False, 'days': False} all_resolved=False n_resolved=0/2 tokens=(18832,6542)
  N=2 tp_nonsynth_mf2_000060 seed=2 arm=intro_specter level=hard: per_fault={'budget': False, 'days': False} all_resolved=False n_resolved=0/2 tokens=(5587,2348)

--- run summary (N=2, model=llama-3.1-8b) ---
rows written: 1196  errors: 64
total tokens_input=5688305  total tokens_output=3179541  grand_total=8867846
