[RETRY] selfcheckgpt task=tp_nonsynth_mf5_000004 seed=0 attempt 1/5 failed (failed to obtain JSON after 3 attempts: could not parse JSON from model output:
{
  "final_output": "To plan a week-long trip with 2 people from Key West to Texas, we need to book an entire room in an accommodation that allows parties. We also want to experience Mexican, Italian, Chinese, and American cuisines. Since the plan spans from March 3rd to March 9th, we'll create a day-by-day itinerary.\nDay 1 (March 3rd): Travel from Key West to Houston, checking into an entire room at a party-friendly hotel like Hotel ZaZa Houston. Dine at Ninfa's on Navigation for Mexican cuisi); retrying in 3s
[RETRY] selfcheckgpt task=tp_nonsynth_mf5_000004 seed=0 attempt 2/5 failed (failed to obtain JSON after 3 attempts: could not parse JSON from model output:
{
  "final_output": "To plan a week-long trip with 2 people from Key West to Texas, we need to book an entire room in an accommodation that allows parties. We also want to experience Mexican, Italian, Chinese, and American cuisines. Since the plan spans from March 3rd to March 9th, we'll create a day-by-day itinerary.\nDay 1 (March 3rd): Travel from Key West to Houston, checking into an entire room at a party-friendly hotel like Hotel ZaZa Houston. Dine at Ninfa's on Navigation for Mexican cuisi); retrying in 6s
[RETRY] selfcheckgpt task=tp_nonsynth_mf5_000004 seed=0 attempt 3/5 failed (failed to obtain JSON after 3 attempts: could not parse JSON from model output:
{
  "final_output": "To plan a week-long trip with 2 people from Key West to Texas, we need to book an entire room in an accommodation that allows parties. We also want to experience Mexican, Italian, Chinese, and American cuisines. Since the plan spans from March 3rd to March 9th, we'll create a day-by-day itinerary.\nDay 1 (March 3rd): Travel from Key West to Houston, checking into an entire room at a party-friendly hotel like Hotel ZaZa Houston. Dine at Ninfa's on Navigation for Mexican cuisi); retrying in 12s
[RETRY] selfcheckgpt task=tp_nonsynth_mf5_000004 seed=0 attempt 4/5 failed (failed to obtain JSON after 3 attempts: could not parse JSON from model output:
{
  "final_output": "To plan a week-long trip with 2 people from Key West to Texas, we need to book an entire room in an accommodation that allows parties. We also want to experience Mexican, Italian, Chinese, and American cuisines. Since the plan spans from March 3rd to March 9th, we'll create a day-by-day itinerary.\nDay 1 (March 3rd): Travel from Key West to Houston, checking into an entire room at a party-friendly hotel like Hotel ZaZa Houston. Dine at Ninfa's on Navigation for Mexican cuisi); retrying in 24s
[ERROR] selfcheckgpt failed task=tp_nonsynth_mf5_000004 seed=0: failed to obtain JSON after 3 attempts: could not parse JSON from model output:
{
  "final_output": "To plan a week-long trip with 2 people from Key West to Texas, we need to book an entire room in an accommodation that allows parties. We also want to experience Mexican, Italian, Chinese, and American cuisines. Since the plan spans from March 3rd to March 9th, we'll create a day-by-day itinerary.\nDay 1 (March 3rd): Travel from Key West to Houston, checking into an entire room at a party-friendly hotel like Hotel ZaZa Houston. Dine at Ninfa's on Navigation for Mexican cuisi
[RETRY] selfcheckgpt task=tp_nonsynth_mf5_000004 seed=2 attempt 1/5 failed (failed to obtain JSON after 3 attempts: could not parse JSON from model output:
{
  "final_output": "To plan a week-long trip from Key West to Texas with 2 people from March 3rd to March 9th, 2022, considering the constraints provided and the corrupted values, the following day-by-day plan can be proposed, keeping in mind the requirement for accommodations that allow parties and have entire rooms, and experiencing Mexican, Italian, Chinese, and American cuisines.\n\nDay 1: March 3rd, 2022\n- Accommodation: Book an entire room at a hotel in Houston that allows parties. Estim); retrying in 3s
[RETRY] selfcheckgpt task=tp_nonsynth_mf5_000004 seed=2 attempt 2/5 failed (failed to obtain JSON after 3 attempts: could not parse JSON from model output:
{
  "final_output": "To plan a week-long trip from Key West to Texas with 2 people from March 3rd to March 9th, 2022, considering the constraints provided and the corrupted values, the following day-by-day plan can be proposed, keeping in mind the requirement for accommodations that allow parties and have entire rooms, and experiencing Mexican, Italian, Chinese, and American cuisines.\n\nDay 1: March 3rd, 2022\n- Accommodation: Book an entire room at a hotel in Houston that allows parties. Estim); retrying in 6s
[RETRY] selfcheckgpt task=tp_nonsynth_mf5_000004 seed=2 attempt 3/5 failed (failed to obtain JSON after 3 attempts: could not parse JSON from model output:
{
  "final_output": "To plan a week-long trip from Key West to Texas with 2 people from March 3rd to March 9th, 2022, considering the constraints provided and the corrupted values, the following day-by-day plan can be proposed, keeping in mind the requirement for accommodations that allow parties and have entire rooms, and experiencing Mexican, Italian, Chinese, and American cuisines.\n\nDay 1: March 3rd, 2022\n- Accommodation: Book an entire room at a hotel in Houston that allows parties. Estim); retrying in 12s
[RETRY] selfcheckgpt task=tp_nonsynth_mf5_000004 seed=2 attempt 4/5 failed (failed to obtain JSON after 3 attempts: could not parse JSON from model output:
{
  "final_output": "To plan a week-long trip from Key West to Texas with 2 people from March 3rd to March 9th, 2022, considering the constraints provided and the corrupted values, the following day-by-day plan can be proposed, keeping in mind the requirement for accommodations that allow parties and have entire rooms, and experiencing Mexican, Italian, Chinese, and American cuisines.\n\nDay 1: March 3rd, 2022\n- Accommodation: Book an entire room at a hotel in Houston that allows parties. Estim); retrying in 24s
[ERROR] selfcheckgpt failed task=tp_nonsynth_mf5_000004 seed=2: failed to obtain JSON after 3 attempts: could not parse JSON from model output:
{
  "final_output": "To plan a week-long trip from Key West to Texas with 2 people from March 3rd to March 9th, 2022, considering the constraints provided and the corrupted values, the following day-by-day plan can be proposed, keeping in mind the requirement for accommodations that allow parties and have entire rooms, and experiencing Mexican, Italian, Chinese, and American cuisines.\n\nDay 1: March 3rd, 2022\n- Accommodation: Book an entire room at a hotel in Houston that allows parties. Estim
Building 60 native-multi-fault (N=5) travelplanner examples (bench_seed=42, allowed_levels=['hard'])...
Built 60 examples. level distribution={'hard': 60}, seeds=[0, 1, 2], model=llama-3.3-70b, arms=['direct', 'self_refine', 'full_regen', 'react', 'selfcheckgpt', 'reflexion', 'intro_specter']
  N=5 tp_nonsynth_mf5_000004 seed=0 arm=direct level=hard: per_fault={'budget': True, 'days': False, 'cuisine': False, 'house_rule': True, 'room_type': True} all_resolved=False n_resolved=3/5 tokens=(1605,476)
  N=5 tp_nonsynth_mf5_000004 seed=0 arm=self_refine level=hard: per_fault={'budget': True, 'days': True, 'cuisine': False, 'house_rule': True, 'room_type': True} all_resolved=False n_resolved=4/5 tokens=(3778,1400)
  N=5 tp_nonsynth_mf5_000004 seed=0 arm=full_regen level=hard: per_fault={'budget': True, 'days': True, 'cuisine': False, 'house_rule': True, 'room_type': True} all_resolved=False n_resolved=4/5 tokens=(3210,1270)
  N=5 tp_nonsynth_mf5_000004 seed=0 arm=react level=hard: per_fault={'budget': True, 'days': True, 'cuisine': False, 'house_rule': True, 'room_type': True} all_resolved=False n_resolved=4/5 tokens=(3263,1391)
  N=5 tp_nonsynth_mf5_000004 seed=0 arm=reflexion level=hard: per_fault={'budget': False, 'days': False, 'cuisine': False, 'house_rule': False, 'room_type': False} all_resolved=False n_resolved=0/5 tokens=(10143,1815)
  N=5 tp_nonsynth_mf5_000004 seed=0 arm=intro_specter level=hard: per_fault={'budget': True, 'days': False, 'cuisine': False, 'house_rule': True, 'room_type': True} all_resolved=False n_resolved=3/5 tokens=(3932,1199)
  N=5 tp_nonsynth_mf5_000004 seed=1 arm=direct level=hard: per_fault={'budget': True, 'days': True, 'cuisine': False, 'house_rule': True, 'room_type': True} all_resolved=False n_resolved=4/5 tokens=(1605,869)
  N=5 tp_nonsynth_mf5_000004 seed=1 arm=self_refine level=hard: per_fault={'budget': False, 'days': True, 'cuisine': False, 'house_rule': True, 'room_type': True} all_resolved=False n_resolved=3/5 tokens=(4318,2212)
  N=5 tp_nonsynth_mf5_000004 seed=1 arm=full_regen level=hard: per_fault={'budget': True, 'days': False, 'cuisine': False, 'house_rule': True, 'room_type': True} all_resolved=False n_resolved=3/5 tokens=(3210,1501)
  N=5 tp_nonsynth_mf5_000004 seed=1 arm=react level=hard: per_fault={'budget': True, 'days': True, 'cuisine': False, 'house_rule': True, 'room_type': True} all_resolved=False n_resolved=4/5 tokens=(3263,1966)
  N=5 tp_nonsynth_mf5_000004 seed=1 arm=selfcheckgpt level=hard: per_fault={'budget': True, 'days': True, 'cuisine': False, 'house_rule': True, 'room_type': True} all_resolved=False n_resolved=4/5 tokens=(10351,1968)
  N=5 tp_nonsynth_mf5_000004 seed=1 arm=reflexion level=hard: per_fault={'budget': True, 'days': True, 'cuisine': False, 'house_rule': True, 'room_type': True} all_resolved=False n_resolved=4/5 tokens=(13804,2985)
  N=5 tp_nonsynth_mf5_000004 seed=1 arm=intro_specter level=hard: per_fault={'budget': True, 'days': False, 'cuisine': False, 'house_rule': True, 'room_type': True} all_resolved=False n_resolved=3/5 tokens=(4472,1435)
  N=5 tp_nonsynth_mf5_000004 seed=2 arm=direct level=hard: per_fault={'budget': True, 'days': True, 'cuisine': False, 'house_rule': True, 'room_type': True} all_resolved=False n_resolved=4/5 tokens=(1605,1067)
  N=5 tp_nonsynth_mf5_000004 seed=2 arm=self_refine level=hard: per_fault={'budget': True, 'days': True, 'cuisine': False, 'house_rule': True, 'room_type': True} all_resolved=False n_resolved=4/5 tokens=(4537,2682)
  N=5 tp_nonsynth_mf5_000004 seed=2 arm=full_regen level=hard: per_fault={'budget': True, 'days': False, 'cuisine': False, 'house_rule': True, 'room_type': True} all_resolved=False n_resolved=3/5 tokens=(3210,1746)
  N=5 tp_nonsynth_mf5_000004 seed=2 arm=react level=hard: per_fault={'budget': True, 'days': True, 'cuisine': False, 'house_rule': True, 'room_type': True} all_resolved=False n_resolved=4/5 tokens=(3263,2263)
  N=5 tp_nonsynth_mf5_000004 seed=2 arm=reflexion level=hard: per_fault={'budget': True, 'days': True, 'cuisine': False, 'house_rule': True, 'room_type': True} all_resolved=False n_resolved=4/5 tokens=(12458,2939)
  N=5 tp_nonsynth_mf5_000004 seed=2 arm=intro_specter level=hard: per_fault={'budget': True, 'days': False, 'cuisine': False, 'house_rule': True, 'room_type': True} all_resolved=False n_resolved=3/5 tokens=(4691,1602)
  N=5 tp_nonsynth_mf5_000006 seed=0 arm=direct level=hard: per_fault={'budget': True, 'days': True, 'house_rule': True, 'room_type': True, 'transportation': True} all_resolved=True n_resolved=5/5 tokens=(1654,789)
  N=5 tp_nonsynth_mf5_000006 seed=0 arm=self_refine level=hard: per_fault={'budget': False, 'days': True, 'house_rule': True, 'room_type': True, 'transportation': True} all_resolved=False n_resolved=4/5 tokens=(4231,1968)
  N=5 tp_nonsynth_mf5_000006 seed=0 arm=full_regen level=hard: per_fault={'budget': False, 'days': False, 'house_rule': True, 'room_type': True, 'transportation': True} all_resolved=False n_resolved=3/5 tokens=(3308,1345)
  N=5 tp_nonsynth_mf5_000006 seed=0 arm=react level=hard: per_fault={'budget': False, 'days': False, 'house_rule': True, 'room_type': False, 'transportation': False} all_resolved=False n_resolved=1/5 tokens=(3361,1440)
  N=5 tp_nonsynth_mf5_000006 seed=0 arm=selfcheckgpt level=hard: per_fault={'budget': True, 'days': True, 'house_rule': True, 'room_type': True, 'transportation': True} all_resolved=True n_resolved=5/5 tokens=(12068,1990)
  N=5 tp_nonsynth_mf5_000006 seed=0 arm=reflexion level=hard: per_fault={'budget': True, 'days': True, 'house_rule': True, 'room_type': True, 'transportation': True} all_resolved=True n_resolved=5/5 tokens=(1654,789)
  N=5 tp_nonsynth_mf5_000006 seed=0 arm=intro_specter level=hard: per_fault={'budget': True, 'days': True, 'house_rule': True, 'room_type': True, 'transportation': True} all_resolved=True n_resolved=5/5 tokens=(4385,1626)
  N=5 tp_nonsynth_mf5_000006 seed=1 arm=direct level=hard: per_fault={'budget': True, 'days': False, 'house_rule': True, 'room_type': True, 'transportation': True} all_resolved=False n_resolved=4/5 tokens=(1654,489)
  N=5 tp_nonsynth_mf5_000006 seed=1 arm=self_refine level=hard: per_fault={'budget': True, 'days': False, 'house_rule': True, 'room_type': True, 'transportation': True} all_resolved=False n_resolved=4/5 tokens=(3889,1232)
  N=5 tp_nonsynth_mf5_000006 seed=1 arm=full_regen level=hard: per_fault={'budget': True, 'days': True, 'house_rule': True, 'room_type': True, 'transportation': True} all_resolved=True n_resolved=5/5 tokens=(3308,1170)
  N=5 tp_nonsynth_mf5_000006 seed=1 arm=react level=hard: per_fault={'budget': False, 'days': False, 'house_rule': True, 'room_type': True, 'transportation': False} all_resolved=False n_resolved=2/5 tokens=(3361,1189)
  N=5 tp_nonsynth_mf5_000006 seed=1 arm=selfcheckgpt level=hard: per_fault={'budget': True, 'days': True, 'house_rule': True, 'room_type': True, 'transportation': True} all_resolved=True n_resolved=5/5 tokens=(12244,1886)
  N=5 tp_nonsynth_mf5_000006 seed=1 arm=reflexion level=hard: per_fault={'budget': False, 'days': False, 'house_rule': False, 'room_type': False, 'transportation': False} all_resolved=False n_resolved=0/5 tokens=(10361,723)
  N=5 tp_nonsynth_mf5_000006 seed=1 arm=intro_specter level=hard: per_fault={'budget': True, 'days': False, 'house_rule': True, 'room_type': True, 'transportation': True} all_resolved=False n_resolved=4/5 tokens=(4043,986)
  N=5 tp_nonsynth_mf5_000006 seed=2 arm=direct level=hard: per_fault={'budget': False, 'days': True, 'house_rule': True, 'room_type': True, 'transportation': True} all_resolved=False n_resolved=4/5 tokens=(1654,643)
  N=5 tp_nonsynth_mf5_000006 seed=2 arm=self_refine level=hard: per_fault={'budget': True, 'days': True, 'house_rule': True, 'room_type': True, 'transportation': True} all_resolved=True n_resolved=5/5 tokens=(4064,1569)
  N=5 tp_nonsynth_mf5_000006 seed=2 arm=full_regen level=hard: per_fault={'budget': True, 'days': True, 'house_rule': True, 'room_type': True, 'transportation': True} all_resolved=True n_resolved=5/5 tokens=(3308,1542)
  N=5 tp_nonsynth_mf5_000006 seed=2 arm=react level=hard: per_fault={'budget': False, 'days': False, 'house_rule': True, 'room_type': False, 'transportation': False} all_resolved=False n_resolved=1/5 tokens=(3361,1299)
  N=5 tp_nonsynth_mf5_000006 seed=2 arm=selfcheckgpt level=hard: per_fault={'budget': False, 'days': True, 'house_rule': True, 'room_type': True, 'transportation': True} all_resolved=False n_resolved=4/5 tokens=(12711,2484)
  N=5 tp_nonsynth_mf5_000006 seed=2 arm=reflexion level=hard: per_fault={'budget': False, 'days': False, 'house_rule': False, 'room_type': False, 'transportation': False} all_resolved=False n_resolved=0/5 tokens=(10863,1391)
  N=5 tp_nonsynth_mf5_000006 seed=2 arm=intro_specter level=hard: per_fault={'budget': True, 'days': False, 'house_rule': True, 'room_type': True, 'transportation': True} all_resolved=False n_resolved=4/5 tokens=(4218,1474)
  N=5 tp_nonsynth_mf5_000011 seed=0 arm=direct level=hard: per_fault={'budget': True, 'days': True, 'cuisine': False, 'house_rule': True, 'room_type': True} all_resolved=False n_resolved=4/5 tokens=(1651,642)
  N=5 tp_nonsynth_mf5_000011 seed=0 arm=self_refine level=hard: per_fault={'budget': False, 'days': True, 'cuisine': False, 'house_rule': True, 'room_type': True} all_resolved=False n_resolved=3/5 tokens=(4057,1579)
  N=5 tp_nonsynth_mf5_000011 seed=0 arm=full_regen level=hard: per_fault={'budget': True, 'days': False, 'cuisine': False, 'house_rule': True, 'room_type': True} all_resolved=False n_resolved=3/5 tokens=(3302,1105)
  N=5 tp_nonsynth_mf5_000011 seed=0 arm=react level=hard: per_fault={'budget': False, 'days': False, 'cuisine': False, 'house_rule': True, 'room_type': True} all_resolved=False n_resolved=2/5 tokens=(3355,1464)
  N=5 tp_nonsynth_mf5_000011 seed=0 arm=selfcheckgpt level=hard: per_fault={'budget': True, 'days': True, 'cuisine': False, 'house_rule': True, 'room_type': True} all_resolved=False n_resolved=4/5 tokens=(11515,1316)
  N=5 tp_nonsynth_mf5_000011 seed=0 arm=reflexion level=hard: per_fault={'budget': False, 'days': False, 'cuisine': False, 'house_rule': False, 'room_type': False} all_resolved=False n_resolved=0/5 tokens=(12151,1451)
  N=5 tp_nonsynth_mf5_000011 seed=0 arm=intro_specter level=hard: per_fault={'budget': True, 'days': True, 'cuisine': False, 'house_rule': True, 'room_type': True} all_resolved=False n_resolved=4/5 tokens=(4211,1155)
  N=5 tp_nonsynth_mf5_000011 seed=1 arm=direct level=hard: per_fault={'budget': True, 'days': True, 'cuisine': False, 'house_rule': True, 'room_type': True} all_resolved=False n_resolved=4/5 tokens=(1651,715)
  N=5 tp_nonsynth_mf5_000011 seed=1 arm=self_refine level=hard: per_fault={'budget': True, 'days': True, 'cuisine': False, 'house_rule': True, 'room_type': True} all_resolved=False n_resolved=4/5 tokens=(4172,1777)
  N=5 tp_nonsynth_mf5_000011 seed=1 arm=full_regen level=hard: per_fault={'budget': True, 'days': False, 'cuisine': False, 'house_rule': True, 'room_type': True} all_resolved=False n_resolved=3/5 tokens=(3302,1360)
  N=5 tp_nonsynth_mf5_000011 seed=1 arm=react level=hard: per_fault={'budget': False, 'days': False, 'cuisine': False, 'house_rule': True, 'room_type': True} all_resolved=False n_resolved=2/5 tokens=(3355,1558)
  N=5 tp_nonsynth_mf5_000011 seed=1 arm=selfcheckgpt level=hard: per_fault={'budget': True, 'days': True, 'cuisine': False, 'house_rule': True, 'room_type': True} all_resolved=False n_resolved=4/5 tokens=(11735,1607)
  N=5 tp_nonsynth_mf5_000011 seed=1 arm=reflexion level=hard: per_fault={'budget': True, 'days': True, 'cuisine': False, 'house_rule': True, 'room_type': True} all_resolved=False n_resolved=4/5 tokens=(11250,1645)
  N=5 tp_nonsynth_mf5_000011 seed=1 arm=intro_specter level=hard: per_fault={'budget': False, 'days': False, 'cuisine': False, 'house_rule': True, 'room_type': True} all_resolved=False n_resolved=2/5 tokens=(4326,1579)
  N=5 tp_nonsynth_mf5_000011 seed=2 arm=direct level=hard: per_fault={'budget': False, 'days': False, 'cuisine': False, 'house_rule': True, 'room_type': True} all_resolved=False n_resolved=2/5 tokens=(1651,658)
  N=5 tp_nonsynth_mf5_000011 seed=2 arm=self_refine level=hard: per_fault={'budget': True, 'days': False, 'cuisine': False, 'house_rule': True, 'room_type': True} all_resolved=False n_resolved=3/5 tokens=(4115,1704)
  N=5 tp_nonsynth_mf5_000011 seed=2 arm=full_regen level=hard: per_fault={'budget': True, 'days': True, 'cuisine': False, 'house_rule': True, 'room_type': False} all_resolved=False n_resolved=3/5 tokens=(3302,1605)
  N=5 tp_nonsynth_mf5_000011 seed=2 arm=react level=hard: per_fault={'budget': False, 'days': False, 'cuisine': False, 'house_rule': True, 'room_type': True} all_resolved=False n_resolved=2/5 tokens=(3355,1447)
  N=5 tp_nonsynth_mf5_000011 seed=2 arm=selfcheckgpt level=hard: per_fault={'budget': False, 'days': True, 'cuisine': False, 'house_rule': True, 'room_type': True} all_resolved=False n_resolved=3/5 tokens=(12591,1623)
  N=5 tp_nonsynth_mf5_000011 seed=2 arm=reflexion level=hard: per_fault={'budget': False, 'days': False, 'cuisine': False, 'house_rule': False, 'room_type': False} all_resolved=False n_resolved=0/5 tokens=(11170,865)
  N=5 tp_nonsynth_mf5_000011 seed=2 arm=intro_specter level=hard: per_fault={'budget': True, 'days': False, 'cuisine': False, 'house_rule': True, 'room_type': True} all_resolved=False n_resolved=3/5 tokens=(4269,1639)
  N=5 tp_nonsynth_mf5_000013 seed=0 arm=direct level=hard: per_fault={'budget': True, 'days': False, 'cuisine': False, 'house_rule': True, 'room_type': True} all_resolved=False n_resolved=3/5 tokens=(1517,581)
  N=5 tp_nonsynth_mf5_000013 seed=0 arm=self_refine level=hard: per_fault={'budget': False, 'days': False, 'cuisine': False, 'house_rule': True, 'room_type': True} all_resolved=False n_resolved=2/5 tokens=(3749,1457)
  N=5 tp_nonsynth_mf5_000013 seed=0 arm=full_regen level=hard: per_fault={'budget': False, 'days': True, 'cuisine': True, 'house_rule': True, 'room_type': True} all_resolved=False n_resolved=4/5 tokens=(3034,1262)
  N=5 tp_nonsynth_mf5_000013 seed=0 arm=react level=hard: per_fault={'budget': False, 'days': False, 'cuisine': False, 'house_rule': False, 'room_type': False} all_resolved=False n_resolved=0/5 tokens=(3087,1159)
  N=5 tp_nonsynth_mf5_000013 seed=0 arm=selfcheckgpt level=hard: per_fault={'budget': False, 'days': True, 'cuisine': False, 'house_rule': True, 'room_type': True} all_resolved=False n_resolved=3/5 tokens=(10872,1599)
  N=5 tp_nonsynth_mf5_000013 seed=0 arm=reflexion level=hard: per_fault={'budget': False, 'days': False, 'cuisine': False, 'house_rule': False, 'room_type': False} all_resolved=False n_resolved=0/5 tokens=(10165,1104)
  N=5 tp_nonsynth_mf5_000013 seed=0 arm=intro_specter level=hard: per_fault={'budget': True, 'days': False, 'cuisine': False, 'house_rule': True, 'room_type': True} all_resolved=False n_resolved=3/5 tokens=(3903,2088)
  N=5 tp_nonsynth_mf5_000013 seed=1 arm=direct level=hard: per_fault={'budget': False, 'days': False, 'cuisine': False, 'house_rule': True, 'room_type': True} all_resolved=False n_resolved=2/5 tokens=(1517,374)
  N=5 tp_nonsynth_mf5_000013 seed=1 arm=self_refine level=hard: per_fault={'budget': False, 'days': True, 'cuisine': False, 'house_rule': True, 'room_type': True} all_resolved=False n_resolved=3/5 tokens=(3479,1414)
  N=5 tp_nonsynth_mf5_000013 seed=1 arm=full_regen level=hard: per_fault={'budget': False, 'days': False, 'cuisine': False, 'house_rule': True, 'room_type': True} all_resolved=False n_resolved=2/5 tokens=(3034,908)
  N=5 tp_nonsynth_mf5_000013 seed=1 arm=react level=hard: per_fault={'budget': True, 'days': False, 'cuisine': False, 'house_rule': True, 'room_type': True} all_resolved=False n_resolved=3/5 tokens=(3087,922)
  N=5 tp_nonsynth_mf5_000013 seed=1 arm=selfcheckgpt level=hard: per_fault={'budget': True, 'days': True, 'cuisine': False, 'house_rule': True, 'room_type': True} all_resolved=False n_resolved=4/5 tokens=(10803,1222)
  N=5 tp_nonsynth_mf5_000013 seed=1 arm=reflexion level=hard: per_fault={'budget': False, 'days': False, 'cuisine': False, 'house_rule': False, 'room_type': False} all_resolved=False n_resolved=0/5 tokens=(9376,1484)
  N=5 tp_nonsynth_mf5_000013 seed=1 arm=intro_specter level=hard: per_fault={'budget': True, 'days': False, 'cuisine': False, 'house_rule': True, 'room_type': True} all_resolved=False n_resolved=3/5 tokens=(3633,755)
  N=5 tp_nonsynth_mf5_000013 seed=2 arm=direct level=hard: per_fault={'budget': True, 'days': True, 'cuisine': False, 'house_rule': True, 'room_type': True} all_resolved=False n_resolved=4/5 tokens=(1517,924)
  N=5 tp_nonsynth_mf5_000013 seed=2 arm=self_refine level=hard: per_fault={'budget': True, 'days': True, 'cuisine': False, 'house_rule': True, 'room_type': True} all_resolved=False n_resolved=4/5 tokens=(4197,2269)
  N=5 tp_nonsynth_mf5_000013 seed=2 arm=full_regen level=hard: per_fault={'budget': False, 'days': True, 'cuisine': False, 'house_rule': False, 'room_type': False} all_resolved=False n_resolved=1/5 tokens=(3034,1740)
  N=5 tp_nonsynth_mf5_000013 seed=2 arm=react level=hard: per_fault={'budget': True, 'days': False, 'cuisine': False, 'house_rule': True, 'room_type': True} all_resolved=False n_resolved=3/5 tokens=(3087,1790)
  N=5 tp_nonsynth_mf5_000013 seed=2 arm=selfcheckgpt level=hard: per_fault={'budget': True, 'days': True, 'cuisine': False, 'house_rule': True, 'room_type': True} all_resolved=False n_resolved=4/5 tokens=(15392,2743)
  N=5 tp_nonsynth_mf5_000013 seed=2 arm=reflexion level=hard: per_fault={'budget': False, 'days': False, 'cuisine': False, 'house_rule': False, 'room_type': False} all_resolved=False n_resolved=0/5 tokens=(11481,1165)
  N=5 tp_nonsynth_mf5_000013 seed=2 arm=intro_specter level=hard: per_fault={'budget': True, 'days': False, 'cuisine': False, 'house_rule': True, 'room_type': True} all_resolved=False n_resolved=3/5 tokens=(4351,2145)
  N=5 tp_nonsynth_mf5_000017 seed=0 arm=direct level=hard: per_fault={'budget': False, 'days': True, 'house_rule': True, 'room_type': True, 'transportation': True} all_resolved=False n_resolved=4/5 tokens=(1534,613)
  N=5 tp_nonsynth_mf5_000017 seed=0 arm=self_refine level=hard: per_fault={'budget': True, 'days': True, 'house_rule': True, 'room_type': True, 'transportation': True} all_resolved=True n_resolved=5/5 tokens=(3794,1300)
  N=5 tp_nonsynth_mf5_000017 seed=0 arm=full_regen level=hard: per_fault={'budget': True, 'days': True, 'house_rule': True, 'room_type': True, 'transportation': True} all_resolved=True n_resolved=5/5 tokens=(3068,1226)
  N=5 tp_nonsynth_mf5_000017 seed=0 arm=react level=hard: per_fault={'budget': True, 'days': False, 'house_rule': True, 'room_type': True, 'transportation': True} all_resolved=False n_resolved=4/5 tokens=(3121,1142)
  N=5 tp_nonsynth_mf5_000017 seed=0 arm=selfcheckgpt level=hard: per_fault={'budget': False, 'days': True, 'house_rule': True, 'room_type': True, 'transportation': True} all_resolved=False n_resolved=4/5 tokens=(11408,2262)
  N=5 tp_nonsynth_mf5_000017 seed=0 arm=reflexion level=hard: per_fault={'budget': True, 'days': True, 'house_rule': True, 'room_type': True, 'transportation': True} all_resolved=True n_resolved=5/5 tokens=(6093,1313)
  N=5 tp_nonsynth_mf5_000017 seed=0 arm=intro_specter level=hard: per_fault={'budget': True, 'days': False, 'house_rule': True, 'room_type': True, 'transportation': True} all_resolved=False n_resolved=4/5 tokens=(3948,1483)
  N=5 tp_nonsynth_mf5_000017 seed=1 arm=direct level=hard: per_fault={'budget': True, 'days': True, 'house_rule': True, 'room_type': True, 'transportation': True} all_resolved=True n_resolved=5/5 tokens=(1534,724)
  N=5 tp_nonsynth_mf5_000017 seed=1 arm=self_refine level=hard: per_fault={'budget': True, 'days': True, 'house_rule': True, 'room_type': True, 'transportation': True} all_resolved=True n_resolved=5/5 tokens=(3947,1615)
  N=5 tp_nonsynth_mf5_000017 seed=1 arm=full_regen level=hard: per_fault={'budget': True, 'days': False, 'house_rule': True, 'room_type': True, 'transportation': True} all_resolved=False n_resolved=4/5 tokens=(3068,1460)
  N=5 tp_nonsynth_mf5_000017 seed=1 arm=react level=hard: per_fault={'budget': True, 'days': False, 'house_rule': False, 'room_type': True, 'transportation': False} all_resolved=False n_resolved=2/5 tokens=(3121,1311)
  N=5 tp_nonsynth_mf5_000017 seed=1 arm=selfcheckgpt level=hard: per_fault={'budget': True, 'days': True, 'house_rule': True, 'room_type': True, 'transportation': True} all_resolved=True n_resolved=5/5 tokens=(12128,3056)
  N=5 tp_nonsynth_mf5_000017 seed=1 arm=reflexion level=hard: per_fault={'budget': True, 'days': True, 'house_rule': True, 'room_type': True, 'transportation': True} all_resolved=True n_resolved=5/5 tokens=(1534,724)
  N=5 tp_nonsynth_mf5_000017 seed=1 arm=intro_specter level=hard: per_fault={'budget': True, 'days': True, 'house_rule': True, 'room_type': True, 'transportation': True} all_resolved=True n_resolved=5/5 tokens=(4101,1521)
  N=5 tp_nonsynth_mf5_000017 seed=2 arm=direct level=hard: per_fault={'budget': True, 'days': True, 'house_rule': True, 'room_type': True, 'transportation': True} all_resolved=True n_resolved=5/5 tokens=(1534,605)
  N=5 tp_nonsynth_mf5_000017 seed=2 arm=self_refine level=hard: per_fault={'budget': False, 'days': True, 'house_rule': True, 'room_type': True, 'transportation': True} all_resolved=False n_resolved=4/5 tokens=(3744,1439)
  N=5 tp_nonsynth_mf5_000017 seed=2 arm=full_regen level=hard: per_fault={'budget': True, 'days': True, 'house_rule': True, 'room_type': True, 'transportation': False} all_resolved=False n_resolved=4/5 tokens=(3068,1255)
  N=5 tp_nonsynth_mf5_000017 seed=2 arm=react level=hard: per_fault={'budget': True, 'days': False, 'house_rule': True, 'room_type': True, 'transportation': True} all_resolved=False n_resolved=4/5 tokens=(3121,1353)
  N=5 tp_nonsynth_mf5_000017 seed=2 arm=selfcheckgpt level=hard: per_fault={'budget': True, 'days': True, 'house_rule': True, 'room_type': True, 'transportation': True} all_resolved=True n_resolved=5/5 tokens=(11150,1957)
  N=5 tp_nonsynth_mf5_000017 seed=2 arm=reflexion level=hard: per_fault={'budget': True, 'days': True, 'house_rule': True, 'room_type': True, 'transportation': True} all_resolved=True n_resolved=5/5 tokens=(1534,605)
  N=5 tp_nonsynth_mf5_000017 seed=2 arm=intro_specter level=hard: per_fault={'budget': True, 'days': True, 'house_rule': True, 'room_type': True, 'transportation': True} all_resolved=True n_resolved=5/5 tokens=(3898,1163)
  N=5 tp_nonsynth_mf5_000018 seed=0 arm=direct level=hard: per_fault={'budget': True, 'days': False, 'cuisine': False, 'house_rule': True, 'transportation': True} all_resolved=False n_resolved=3/5 tokens=(1590,572)
  N=5 tp_nonsynth_mf5_000018 seed=0 arm=self_refine level=hard: per_fault={'budget': False, 'days': False, 'cuisine': False, 'house_rule': True, 'transportation': True} all_resolved=False n_resolved=2/5 tokens=(3886,1462)
  N=5 tp_nonsynth_mf5_000018 seed=0 arm=full_regen level=hard: per_fault={'budget': False, 'days': False, 'cuisine': False, 'house_rule': True, 'transportation': True} all_resolved=False n_resolved=2/5 tokens=(3180,1089)
  N=5 tp_nonsynth_mf5_000018 seed=0 arm=react level=hard: per_fault={'budget': True, 'days': False, 'cuisine': False, 'house_rule': False, 'transportation': False} all_resolved=False n_resolved=1/5 tokens=(3233,1153)
  N=5 tp_nonsynth_mf5_000018 seed=0 arm=selfcheckgpt level=hard: per_fault={'budget': True, 'days': False, 'cuisine': False, 'house_rule': True, 'transportation': True} all_resolved=False n_resolved=3/5 tokens=(9751,1215)
  N=5 tp_nonsynth_mf5_000018 seed=0 arm=reflexion level=hard: per_fault={'budget': False, 'days': False, 'cuisine': False, 'house_rule': False, 'transportation': False} all_resolved=False n_resolved=0/5 tokens=(10479,765)
  N=5 tp_nonsynth_mf5_000018 seed=0 arm=intro_specter level=hard: per_fault={'budget': True, 'days': False, 'cuisine': False, 'house_rule': True, 'transportation': True} all_resolved=False n_resolved=3/5 tokens=(4040,1422)
  N=5 tp_nonsynth_mf5_000018 seed=1 arm=direct level=hard: per_fault={'budget': True, 'days': True, 'cuisine': False, 'house_rule': True, 'transportation': True} all_resolved=False n_resolved=4/5 tokens=(1590,876)
  N=5 tp_nonsynth_mf5_000018 seed=1 arm=self_refine level=hard: per_fault={'budget': False, 'days': True, 'cuisine': False, 'house_rule': True, 'transportation': True} all_resolved=False n_resolved=3/5 tokens=(4316,2386)
  N=5 tp_nonsynth_mf5_000018 seed=1 arm=full_regen level=hard: per_fault={'budget': False, 'days': True, 'cuisine': True, 'house_rule': True, 'transportation': True} all_resolved=False n_resolved=4/5 tokens=(3180,1623)
  N=5 tp_nonsynth_mf5_000018 seed=1 arm=react level=hard: per_fault={'budget': False, 'days': False, 'cuisine': False, 'house_rule': True, 'transportation': True} all_resolved=False n_resolved=2/5 tokens=(3233,1506)
  N=5 tp_nonsynth_mf5_000018 seed=1 arm=selfcheckgpt level=hard: per_fault={'budget': True, 'days': True, 'cuisine': False, 'house_rule': True, 'transportation': True} all_resolved=False n_resolved=4/5 tokens=(11415,2003)
  N=5 tp_nonsynth_mf5_000018 seed=1 arm=reflexion level=hard: per_fault={'budget': True, 'days': True, 'cuisine': False, 'house_rule': True, 'transportation': True} all_resolved=False n_resolved=4/5 tokens=(11747,3029)
  N=5 tp_nonsynth_mf5_000018 seed=1 arm=intro_specter level=hard: per_fault={'budget': True, 'days': True, 'cuisine': False, 'house_rule': True, 'transportation': True} all_resolved=False n_resolved=4/5 tokens=(4470,2673)
  N=5 tp_nonsynth_mf5_000018 seed=2 arm=direct level=hard: per_fault={'budget': True, 'days': True, 'cuisine': False, 'house_rule': True, 'transportation': True} all_resolved=False n_resolved=4/5 tokens=(1590,1035)
  N=5 tp_nonsynth_mf5_000018 seed=2 arm=self_refine level=hard: per_fault={'budget': False, 'days': True, 'cuisine': False, 'house_rule': True, 'transportation': True} all_resolved=False n_resolved=3/5 tokens=(4454,2776)
  N=5 tp_nonsynth_mf5_000018 seed=2 arm=full_regen level=hard: per_fault={'budget': True, 'days': True, 'cuisine': False, 'house_rule': True, 'transportation': True} all_resolved=False n_resolved=4/5 tokens=(3180,2226)
  N=5 tp_nonsynth_mf5_000018 seed=2 arm=react level=hard: per_fault={'budget': True, 'days': False, 'cuisine': False, 'house_rule': True, 'transportation': True} all_resolved=False n_resolved=3/5 tokens=(3233,1616)
  N=5 tp_nonsynth_mf5_000018 seed=2 arm=selfcheckgpt level=hard: per_fault={'budget': True, 'days': True, 'cuisine': False, 'house_rule': True, 'transportation': True} all_resolved=False n_resolved=4/5 tokens=(11990,1924)
  N=5 tp_nonsynth_mf5_000018 seed=2 arm=reflexion level=hard: per_fault={'budget': False, 'days': False, 'cuisine': False, 'house_rule': False, 'transportation': False} all_resolved=False n_resolved=0/5 tokens=(12173,1310)
  N=5 tp_nonsynth_mf5_000018 seed=2 arm=intro_specter level=hard: per_fault={'budget': True, 'days': True, 'cuisine': False, 'house_rule': True, 'transportation': True} all_resolved=False n_resolved=4/5 tokens=(4608,2706)
  N=5 tp_nonsynth_mf5_000027 seed=0 arm=direct level=hard: per_fault={'budget': True, 'days': False, 'cuisine': False, 'house_rule': False, 'transportation': False} all_resolved=False n_resolved=1/5 tokens=(1660,506)
  N=5 tp_nonsynth_mf5_000027 seed=0 arm=self_refine level=hard: per_fault={'budget': True, 'days': False, 'cuisine': False, 'house_rule': True, 'transportation': False} all_resolved=False n_resolved=2/5 tokens=(3939,1206)
  N=5 tp_nonsynth_mf5_000027 seed=0 arm=full_regen level=hard: per_fault={'budget': True, 'days': True, 'cuisine': False, 'house_rule': True, 'transportation': False} all_resolved=False n_resolved=3/5 tokens=(3320,1414)
  N=5 tp_nonsynth_mf5_000027 seed=0 arm=react level=hard: per_fault={'budget': True, 'days': True, 'cuisine': False, 'house_rule': True, 'transportation': True} all_resolved=False n_resolved=4/5 tokens=(3373,1444)
  N=5 tp_nonsynth_mf5_000027 seed=0 arm=selfcheckgpt level=hard: per_fault={'budget': True, 'days': True, 'cuisine': False, 'house_rule': True, 'transportation': False} all_resolved=False n_resolved=3/5 tokens=(11758,1430)
  N=5 tp_nonsynth_mf5_000027 seed=0 arm=reflexion level=hard: per_fault={'budget': False, 'days': False, 'cuisine': False, 'house_rule': False, 'transportation': False} all_resolved=False n_resolved=0/5 tokens=(10670,1404)
  N=5 tp_nonsynth_mf5_000027 seed=0 arm=intro_specter level=hard: per_fault={'budget': True, 'days': False, 'cuisine': False, 'house_rule': True, 'transportation': False} all_resolved=False n_resolved=2/5 tokens=(4093,935)
  N=5 tp_nonsynth_mf5_000027 seed=1 arm=direct level=hard: per_fault={'budget': True, 'days': False, 'cuisine': False, 'house_rule': True, 'transportation': True} all_resolved=False n_resolved=3/5 tokens=(1660,510)
  N=5 tp_nonsynth_mf5_000027 seed=1 arm=self_refine level=hard: per_fault={'budget': False, 'days': False, 'cuisine': False, 'house_rule': True, 'transportation': False} all_resolved=False n_resolved=1/5 tokens=(3922,1277)
  N=5 tp_nonsynth_mf5_000027 seed=1 arm=full_regen level=hard: per_fault={'budget': True, 'days': True, 'cuisine': False, 'house_rule': True, 'transportation': True} all_resolved=False n_resolved=4/5 tokens=(3320,1552)
  N=5 tp_nonsynth_mf5_000027 seed=1 arm=react level=hard: per_fault={'budget': True, 'days': True, 'cuisine': False, 'house_rule': False, 'transportation': False} all_resolved=False n_resolved=2/5 tokens=(3373,1705)
  N=5 tp_nonsynth_mf5_000027 seed=1 arm=selfcheckgpt level=hard: per_fault={'budget': True, 'days': False, 'cuisine': False, 'house_rule': True, 'transportation': True} all_resolved=False n_resolved=3/5 tokens=(10148,1136)
  N=5 tp_nonsynth_mf5_000027 seed=1 arm=reflexion level=hard: per_fault={'budget': False, 'days': False, 'cuisine': False, 'house_rule': False, 'transportation': False} all_resolved=False n_resolved=0/5 tokens=(10502,1034)
  N=5 tp_nonsynth_mf5_000027 seed=1 arm=intro_specter level=hard: per_fault={'budget': True, 'days': False, 'cuisine': False, 'house_rule': True, 'transportation': True} all_resolved=False n_resolved=3/5 tokens=(4076,1186)
  N=5 tp_nonsynth_mf5_000027 seed=2 arm=direct level=hard: per_fault={'budget': True, 'days': True, 'cuisine': False, 'house_rule': True, 'transportation': True} all_resolved=False n_resolved=4/5 tokens=(1660,742)
  N=5 tp_nonsynth_mf5_000027 seed=2 arm=self_refine level=hard: per_fault={'budget': False, 'days': True, 'cuisine': False, 'house_rule': True, 'transportation': True} all_resolved=False n_resolved=3/5 tokens=(4154,1826)
  N=5 tp_nonsynth_mf5_000027 seed=2 arm=full_regen level=hard: per_fault={'budget': True, 'days': False, 'cuisine': False, 'house_rule': True, 'transportation': False} all_resolved=False n_resolved=2/5 tokens=(3320,1302)
  N=5 tp_nonsynth_mf5_000027 seed=2 arm=react level=hard: per_fault={'budget': True, 'days': True, 'cuisine': False, 'house_rule': True, 'transportation': False} all_resolved=False n_resolved=3/5 tokens=(3373,1534)
  N=5 tp_nonsynth_mf5_000027 seed=2 arm=selfcheckgpt level=hard: per_fault={'budget': True, 'days': True, 'cuisine': False, 'house_rule': True, 'transportation': True} all_resolved=False n_resolved=4/5 tokens=(12143,2162)
  N=5 tp_nonsynth_mf5_000027 seed=2 arm=reflexion level=hard: per_fault={'budget': False, 'days': False, 'cuisine': False, 'house_rule': False, 'transportation': False} all_resolved=False n_resolved=0/5 tokens=(11160,1202)
  N=5 tp_nonsynth_mf5_000027 seed=2 arm=intro_specter level=hard: per_fault={'budget': True, 'days': False, 'cuisine': False, 'house_rule': True, 'transportation': True} all_resolved=False n_resolved=3/5 tokens=(4308,1382)
  N=5 tp_nonsynth_mf5_000028 seed=0 arm=direct level=hard: per_fault={'budget': False, 'days': True, 'house_rule': True, 'room_type': True, 'transportation': True} all_resolved=False n_resolved=4/5 tokens=(1490,899)
  N=5 tp_nonsynth_mf5_000028 seed=0 arm=self_refine level=hard: per_fault={'budget': True, 'days': True, 'house_rule': True, 'room_type': True, 'transportation': True} all_resolved=True n_resolved=5/5 tokens=(4118,1975)
[RETRY] selfcheckgpt task=tp_nonsynth_mf5_000029 seed=0 attempt 1/5 failed (failed to obtain JSON after 3 attempts: could not parse JSON from model output:
{
  "final_output": "To plan a trip from Boston to New York for two people, visiting 2 different cities between March 7th and March 11th, 2022, with a budget of $5450, we need to consider the constraints provided. The trip should last exactly 8 days, but due to the condition meta, we will adjust it to 5 days as per the true values. We require accommodations that allow parties and are not shared rooms. Since we prefer not to fly and the transportation constraint is set to 'no flight,' we will foc); retrying in 3s
[RETRY] selfcheckgpt task=tp_nonsynth_mf5_000029 seed=0 attempt 2/5 failed (failed to obtain JSON after 3 attempts: could not parse JSON from model output:
{
  "final_output": "To plan a trip from Boston to New York for two people, visiting 2 different cities between March 7th and March 11th, 2022, with a budget of $5450, we need to consider the constraints provided. The trip should last exactly 8 days, but due to the condition meta, we will adjust it to 5 days as per the true values. We require accommodations that allow parties and are not shared rooms. Since we prefer not to fly and the transportation constraint is set to 'no flight,' we will foc); retrying in 6s
[RETRY] selfcheckgpt task=tp_nonsynth_mf5_000029 seed=0 attempt 3/5 failed (failed to obtain JSON after 3 attempts: could not parse JSON from model output:
{
  "final_output": "To plan a trip from Boston to New York for two people, visiting 2 different cities between March 7th and March 11th, 2022, with a budget of $5450, we need to consider the constraints provided. The trip should last exactly 8 days, but due to the condition meta, we will adjust it to 5 days as per the true values. We require accommodations that allow parties and are not shared rooms. Since we prefer not to fly and the transportation constraint is set to 'no flight,' we will foc); retrying in 12s
[RETRY] selfcheckgpt task=tp_nonsynth_mf5_000029 seed=0 attempt 4/5 failed (failed to obtain JSON after 3 attempts: could not parse JSON from model output:
{
  "final_output": "To plan a trip from Boston to New York for two people, visiting 2 different cities between March 7th and March 11th, 2022, with a budget of $5450, we need to consider the constraints provided. The trip should last exactly 8 days, but due to the condition meta, we will adjust it to 5 days as per the true values. We require accommodations that allow parties and are not shared rooms. Since we prefer not to fly and the transportation constraint is set to 'no flight,' we will foc); retrying in 24s
[ERROR] selfcheckgpt failed task=tp_nonsynth_mf5_000029 seed=0: failed to obtain JSON after 3 attempts: could not parse JSON from model output:
{
  "final_output": "To plan a trip from Boston to New York for two people, visiting 2 different cities between March 7th and March 11th, 2022, with a budget of $5450, we need to consider the constraints provided. The trip should last exactly 8 days, but due to the condition meta, we will adjust it to 5 days as per the true values. We require accommodations that allow parties and are not shared rooms. Since we prefer not to fly and the transportation constraint is set to 'no flight,' we will foc
[RETRY] selfcheckgpt task=tp_nonsynth_mf5_000029 seed=1 attempt 1/5 failed (failed to obtain JSON after 3 attempts: could not parse JSON from model output:
{
  "final_output": "To plan a trip from Boston to New York with the given constraints, I must correct the faulty assumptions first. Given the true values, the trip should be 5 days long, with a budget of $2700, allowing parties, booking a not shared room, and avoiding flights. Here's a possible itinerary:\nDay 1: Boston to Albany\n- Accommodation: Book a not shared room in Albany for $150/night\n- Meals: Breakfast at $15/person, lunch at $25/person, dinner at $40/person\n- Attractions: Visit th); retrying in 3s
[RETRY] selfcheckgpt task=tp_nonsynth_mf5_000029 seed=1 attempt 2/5 failed (failed to obtain JSON after 3 attempts: could not parse JSON from model output:
{
  "final_output": "To plan a trip from Boston to New York with the given constraints, I must correct the faulty assumptions first. Given the true values, the trip should be 5 days long, with a budget of $2700, allowing parties, booking a not shared room, and avoiding flights. Here's a possible itinerary:\nDay 1: Boston to Albany\n- Accommodation: Book a not shared room in Albany for $150/night\n- Meals: Breakfast at $15/person, lunch at $25/person, dinner at $40/person\n- Attractions: Visit th); retrying in 6s
[RETRY] selfcheckgpt task=tp_nonsynth_mf5_000029 seed=1 attempt 3/5 failed (failed to obtain JSON after 3 attempts: could not parse JSON from model output:
{
  "final_output": "To plan a trip from Boston to New York with the given constraints, I must correct the faulty assumptions first. Given the true values, the trip should be 5 days long, with a budget of $2700, allowing parties, booking a not shared room, and avoiding flights. Here's a possible itinerary:\nDay 1: Boston to Albany\n- Accommodation: Book a not shared room in Albany for $150/night\n- Meals: Breakfast at $15/person, lunch at $25/person, dinner at $40/person\n- Attractions: Visit th); retrying in 12s
[RETRY] selfcheckgpt task=tp_nonsynth_mf5_000029 seed=1 attempt 4/5 failed (failed to obtain JSON after 3 attempts: could not parse JSON from model output:
{
  "final_output": "To plan a trip from Boston to New York with the given constraints, I must correct the faulty assumptions first. Given the true values, the trip should be 5 days long, with a budget of $2700, allowing parties, booking a not shared room, and avoiding flights. Here's a possible itinerary:\nDay 1: Boston to Albany\n- Accommodation: Book a not shared room in Albany for $150/night\n- Meals: Breakfast at $15/person, lunch at $25/person, dinner at $40/person\n- Attractions: Visit th); retrying in 24s
[ERROR] selfcheckgpt failed task=tp_nonsynth_mf5_000029 seed=1: failed to obtain JSON after 3 attempts: could not parse JSON from model output:
{
  "final_output": "To plan a trip from Boston to New York with the given constraints, I must correct the faulty assumptions first. Given the true values, the trip should be 5 days long, with a budget of $2700, allowing parties, booking a not shared room, and avoiding flights. Here's a possible itinerary:\nDay 1: Boston to Albany\n- Accommodation: Book a not shared room in Albany for $150/night\n- Meals: Breakfast at $15/person, lunch at $25/person, dinner at $40/person\n- Attractions: Visit th
  N=5 tp_nonsynth_mf5_000028 seed=0 arm=full_regen level=hard: per_fault={'budget': True, 'days': False, 'house_rule': True, 'room_type': True, 'transportation': True} all_resolved=False n_resolved=4/5 tokens=(2980,1379)
  N=5 tp_nonsynth_mf5_000028 seed=0 arm=react level=hard: per_fault={'budget': True, 'days': False, 'house_rule': True, 'room_type': True, 'transportation': True} all_resolved=False n_resolved=4/5 tokens=(3033,1408)
  N=5 tp_nonsynth_mf5_000028 seed=0 arm=selfcheckgpt level=hard: per_fault={'budget': False, 'days': True, 'house_rule': True, 'room_type': True, 'transportation': True} all_resolved=False n_resolved=4/5 tokens=(14107,3445)
  N=5 tp_nonsynth_mf5_000028 seed=0 arm=reflexion level=hard: per_fault={'budget': True, 'days': True, 'house_rule': True, 'room_type': True, 'transportation': True} all_resolved=True n_resolved=5/5 tokens=(11211,1878)
  N=5 tp_nonsynth_mf5_000028 seed=0 arm=intro_specter level=hard: per_fault={'budget': True, 'days': True, 'house_rule': True, 'room_type': True, 'transportation': True} all_resolved=True n_resolved=5/5 tokens=(4272,2309)
  N=5 tp_nonsynth_mf5_000028 seed=1 arm=direct level=hard: per_fault={'budget': True, 'days': False, 'house_rule': True, 'room_type': True, 'transportation': True} all_resolved=False n_resolved=4/5 tokens=(1490,449)
  N=5 tp_nonsynth_mf5_000028 seed=1 arm=self_refine level=hard: per_fault={'budget': True, 'days': True, 'house_rule': True, 'room_type': True, 'transportation': True} all_resolved=True n_resolved=5/5 tokens=(3521,1382)
  N=5 tp_nonsynth_mf5_000028 seed=1 arm=full_regen level=hard: per_fault={'budget': True, 'days': True, 'house_rule': True, 'room_type': True, 'transportation': True} all_resolved=True n_resolved=5/5 tokens=(2980,1290)
  N=5 tp_nonsynth_mf5_000028 seed=1 arm=react level=hard: per_fault={'budget': True, 'days': True, 'house_rule': True, 'room_type': True, 'transportation': True} all_resolved=True n_resolved=5/5 tokens=(3033,1339)
  N=5 tp_nonsynth_mf5_000028 seed=1 arm=selfcheckgpt level=hard: per_fault={'budget': True, 'days': False, 'house_rule': True, 'room_type': True, 'transportation': True} all_resolved=False n_resolved=4/5 tokens=(9292,1275)
  N=5 tp_nonsynth_mf5_000028 seed=1 arm=reflexion level=hard: per_fault={'budget': False, 'days': False, 'house_rule': False, 'room_type': False, 'transportation': False} all_resolved=False n_resolved=0/5 tokens=(9415,1114)
  N=5 tp_nonsynth_mf5_000028 seed=1 arm=intro_specter level=hard: per_fault={'budget': True, 'days': True, 'house_rule': True, 'room_type': True, 'transportation': True} all_resolved=True n_resolved=5/5 tokens=(3675,1081)
  N=5 tp_nonsynth_mf5_000028 seed=2 arm=direct level=hard: per_fault={'budget': True, 'days': True, 'house_rule': True, 'room_type': True, 'transportation': True} all_resolved=True n_resolved=5/5 tokens=(1490,629)
  N=5 tp_nonsynth_mf5_000028 seed=2 arm=self_refine level=hard: per_fault={'budget': True, 'days': True, 'house_rule': True, 'room_type': True, 'transportation': True} all_resolved=True n_resolved=5/5 tokens=(3722,1565)
  N=5 tp_nonsynth_mf5_000028 seed=2 arm=full_regen level=hard: per_fault={'budget': True, 'days': True, 'house_rule': True, 'room_type': True, 'transportation': True} all_resolved=True n_resolved=5/5 tokens=(2980,1421)
  N=5 tp_nonsynth_mf5_000028 seed=2 arm=react level=hard: per_fault={'budget': True, 'days': False, 'house_rule': True, 'room_type': True, 'transportation': True} all_resolved=False n_resolved=4/5 tokens=(3033,1127)
  N=5 tp_nonsynth_mf5_000028 seed=2 arm=selfcheckgpt level=hard: per_fault={'budget': True, 'days': True, 'house_rule': True, 'room_type': True, 'transportation': True} all_resolved=True n_resolved=5/5 tokens=(11082,2107)
  N=5 tp_nonsynth_mf5_000028 seed=2 arm=reflexion level=hard: per_fault={'budget': True, 'days': True, 'house_rule': True, 'room_type': True, 'transportation': True} all_resolved=True n_resolved=5/5 tokens=(1490,629)
  N=5 tp_nonsynth_mf5_000028 seed=2 arm=intro_specter level=hard: per_fault={'budget': True, 'days': True, 'house_rule': True, 'room_type': True, 'transportation': True} all_resolved=True n_resolved=5/5 tokens=(3876,1137)
  N=5 tp_nonsynth_mf5_000029 seed=0 arm=direct level=hard: per_fault={'budget': True, 'days': False, 'house_rule': True, 'room_type': True, 'transportation': True} all_resolved=False n_resolved=4/5 tokens=(1727,684)
  N=5 tp_nonsynth_mf5_000029 seed=0 arm=self_refine level=hard: per_fault={'budget': True, 'days': False, 'house_rule': True, 'room_type': True, 'transportation': True} all_resolved=False n_resolved=4/5 tokens=(4314,1628)
  N=5 tp_nonsynth_mf5_000029 seed=0 arm=full_regen level=hard: per_fault={'budget': False, 'days': False, 'house_rule': True, 'room_type': False, 'transportation': False} all_resolved=False n_resolved=1/5 tokens=(3454,1128)
  N=5 tp_nonsynth_mf5_000029 seed=0 arm=react level=hard: per_fault={'budget': True, 'days': False, 'house_rule': True, 'room_type': True, 'transportation': True} all_resolved=False n_resolved=4/5 tokens=(3507,1538)
  N=5 tp_nonsynth_mf5_000029 seed=0 arm=reflexion level=hard: per_fault={'budget': True, 'days': True, 'house_rule': True, 'room_type': True, 'transportation': True} all_resolved=True n_resolved=5/5 tokens=(11597,2316)
  N=5 tp_nonsynth_mf5_000029 seed=0 arm=intro_specter level=hard: per_fault={'budget': True, 'days': False, 'house_rule': True, 'room_type': True, 'transportation': True} all_resolved=False n_resolved=4/5 tokens=(4468,1697)
  N=5 tp_nonsynth_mf5_000029 seed=1 arm=direct level=hard: per_fault={'budget': False, 'days': True, 'house_rule': False, 'room_type': False, 'transportation': False} all_resolved=False n_resolved=1/5 tokens=(1727,979)
  N=5 tp_nonsynth_mf5_000029 seed=1 arm=self_refine level=hard: per_fault={'budget': True, 'days': True, 'house_rule': True, 'room_type': True, 'transportation': True} all_resolved=True n_resolved=5/5 tokens=(4609,2148)
  N=5 tp_nonsynth_mf5_000029 seed=1 arm=full_regen level=hard: per_fault={'budget': True, 'days': True, 'house_rule': True, 'room_type': False, 'transportation': False} all_resolved=False n_resolved=3/5 tokens=(3454,1781)
  N=5 tp_nonsynth_mf5_000029 seed=1 arm=react level=hard: per_fault={'budget': True, 'days': True, 'house_rule': True, 'room_type': True, 'transportation': False} all_resolved=False n_resolved=4/5 tokens=(3507,1904)
  N=5 tp_nonsynth_mf5_000029 seed=1 arm=reflexion level=hard: per_fault={'budget': False, 'days': False, 'house_rule': False, 'room_type': False, 'transportation': False} all_resolved=False n_resolved=0/5 tokens=(12561,2357)
  N=5 tp_nonsynth_mf5_000029 seed=1 arm=intro_specter level=hard: per_fault={'budget': True, 'days': False, 'house_rule': True, 'room_type': True, 'transportation': True} all_resolved=False n_resolved=4/5 tokens=(4763,1823)
  N=5 tp_nonsynth_mf5_000029 seed=2 arm=direct level=hard: per_fault={'budget': False, 'days': True, 'house_rule': False, 'room_type': False, 'transportation': False} all_resolved=False n_resolved=1/5 tokens=(1727,742)
  N=5 tp_nonsynth_mf5_000029 seed=2 arm=self_refine level=hard: per_fault={'budget': True, 'days': True, 'house_rule': True, 'room_type': True, 'transportation': True} all_resolved=True n_resolved=5/5 tokens=(4372,1722)
  N=5 tp_nonsynth_mf5_000029 seed=2 arm=full_regen level=hard: per_fault={'budget': False, 'days': False, 'house_rule': True, 'room_type': False, 'transportation': False} all_resolved=False n_resolved=1/5 tokens=(3454,1237)
  N=5 tp_nonsynth_mf5_000029 seed=2 arm=react level=hard: per_fault={'budget': True, 'days': False, 'house_rule': False, 'room_type': False, 'transportation': False} all_resolved=False n_resolved=1/5 tokens=(3507,1445)
  N=5 tp_nonsynth_mf5_000029 seed=2 arm=selfcheckgpt level=hard: per_fault={'budget': False, 'days': True, 'house_rule': True, 'room_type': True, 'transportation': False} all_resolved=False n_resolved=3/5 tokens=(12554,2182)
  N=5 tp_nonsynth_mf5_000029 seed=2 arm=reflexion level=hard: per_fault={'budget': False, 'days': False, 'house_rule': False, 'room_type': False, 'transportation': False} all_resolved=False n_resolved=0/5 tokens=(11882,980)
  N=5 tp_nonsynth_mf5_000029 seed=2 arm=intro_specter level=hard: per_fault={'budget': True, 'days': False, 'house_rule': True, 'room_type': True, 'transportation': True} all_resolved=False n_resolved=4/5 tokens=(4526,1426)
  N=5 tp_nonsynth_mf5_000030 seed=0 arm=direct level=hard: per_fault={'budget': True, 'days': True, 'cuisine': False, 'house_rule': True, 'transportation': True} all_resolved=False n_resolved=4/5 tokens=(1725,507)
  N=5 tp_nonsynth_mf5_000030 seed=0 arm=self_refine level=hard: per_fault={'budget': True, 'days': True, 'cuisine': False, 'house_rule': True, 'transportation': True} all_resolved=False n_resolved=4/5 tokens=(4028,1272)
  N=5 tp_nonsynth_mf5_000030 seed=0 arm=full_regen level=hard: per_fault={'budget': True, 'days': True, 'cuisine': False, 'house_rule': True, 'transportation': True} all_resolved=False n_resolved=4/5 tokens=(3450,1430)
  N=5 tp_nonsynth_mf5_000030 seed=0 arm=react level=hard: per_fault={'budget': True, 'days': True, 'cuisine': False, 'house_rule': True, 'transportation': False} all_resolved=False n_resolved=3/5 tokens=(3503,1241)
  N=5 tp_nonsynth_mf5_000030 seed=0 arm=selfcheckgpt level=hard: per_fault={'budget': True, 'days': True, 'cuisine': False, 'house_rule': True, 'transportation': True} all_resolved=False n_resolved=4/5 tokens=(22883,3004)
  N=5 tp_nonsynth_mf5_000030 seed=0 arm=reflexion level=hard: per_fault={'budget': False, 'days': False, 'cuisine': False, 'house_rule': False, 'transportation': False} all_resolved=False n_resolved=0/5 tokens=(10745,709)
  N=5 tp_nonsynth_mf5_000030 seed=0 arm=intro_specter level=hard: per_fault={'budget': True, 'days': False, 'cuisine': False, 'house_rule': True, 'transportation': True} all_resolved=False n_resolved=3/5 tokens=(4182,1178)
  N=5 tp_nonsynth_mf5_000030 seed=1 arm=direct level=hard: per_fault={'budget': True, 'days': True, 'cuisine': False, 'house_rule': True, 'transportation': True} all_resolved=False n_resolved=4/5 tokens=(1725,632)
  N=5 tp_nonsynth_mf5_000030 seed=1 arm=self_refine level=hard: per_fault={'budget': False, 'days': True, 'cuisine': False, 'house_rule': True, 'transportation': True} all_resolved=False n_resolved=3/5 tokens=(4174,1523)
  N=5 tp_nonsynth_mf5_000030 seed=1 arm=full_regen level=hard: per_fault={'budget': True, 'days': False, 'cuisine': False, 'house_rule': True, 'transportation': False} all_resolved=False n_resolved=2/5 tokens=(3450,1157)
  N=5 tp_nonsynth_mf5_000030 seed=1 arm=react level=hard: per_fault={'budget': True, 'days': True, 'cuisine': False, 'house_rule': True, 'transportation': False} all_resolved=False n_resolved=3/5 tokens=(3503,1551)
  N=5 tp_nonsynth_mf5_000030 seed=1 arm=selfcheckgpt level=hard: per_fault={'budget': True, 'days': True, 'cuisine': False, 'house_rule': True, 'transportation': True} all_resolved=False n_resolved=4/5 tokens=(13508,2643)
  N=5 tp_nonsynth_mf5_000030 seed=1 arm=reflexion level=hard: per_fault={'budget': False, 'days': False, 'cuisine': False, 'house_rule': False, 'transportation': False} all_resolved=False n_resolved=0/5 tokens=(11194,942)
  N=5 tp_nonsynth_mf5_000030 seed=1 arm=intro_specter level=hard: per_fault={'budget': True, 'days': False, 'cuisine': False, 'house_rule': True, 'transportation': True} all_resolved=False n_resolved=3/5 tokens=(4328,1320)
  N=5 tp_nonsynth_mf5_000030 seed=2 arm=direct level=hard: per_fault={'budget': True, 'days': True, 'cuisine': False, 'house_rule': True, 'transportation': True} all_resolved=False n_resolved=4/5 tokens=(1725,778)
  N=5 tp_nonsynth_mf5_000030 seed=2 arm=self_refine level=hard: per_fault={'budget': True, 'days': True, 'cuisine': False, 'house_rule': True, 'transportation': True} all_resolved=False n_resolved=4/5 tokens=(4425,2020)
  N=5 tp_nonsynth_mf5_000030 seed=2 arm=full_regen level=hard: per_fault={'budget': True, 'days': True, 'cuisine': False, 'house_rule': True, 'transportation': False} all_resolved=False n_resolved=3/5 tokens=(3450,1234)
  N=5 tp_nonsynth_mf5_000030 seed=2 arm=react level=hard: per_fault={'budget': True, 'days': True, 'cuisine': False, 'house_rule': True, 'transportation': False} all_resolved=False n_resolved=3/5 tokens=(3503,1471)
  N=5 tp_nonsynth_mf5_000030 seed=2 arm=selfcheckgpt level=hard: per_fault={'budget': True, 'days': True, 'cuisine': False, 'house_rule': True, 'transportation': True} all_resolved=False n_resolved=4/5 tokens=(12976,2305)
  N=5 tp_nonsynth_mf5_000030 seed=2 arm=reflexion level=hard: per_fault={'budget': True, 'days': True, 'cuisine': False, 'house_rule': True, 'transportation': True} all_resolved=False n_resolved=4/5 tokens=(13972,2883)
  N=5 tp_nonsynth_mf5_000030 seed=2 arm=intro_specter level=hard: per_fault={'budget': True, 'days': False, 'cuisine': False, 'house_rule': True, 'transportation': True} all_resolved=False n_resolved=3/5 tokens=(4579,1280)
  N=5 tp_nonsynth_mf5_000031 seed=0 arm=direct level=hard: per_fault={'budget': True, 'days': False, 'house_rule': True, 'room_type': True, 'transportation': True} all_resolved=False n_resolved=4/5 tokens=(1603,418)
  N=5 tp_nonsynth_mf5_000031 seed=0 arm=self_refine level=hard: per_fault={'budget': True, 'days': True, 'house_rule': True, 'room_type': True, 'transportation': True} all_resolved=True n_resolved=5/5 tokens=(3695,1099)
  N=5 tp_nonsynth_mf5_000031 seed=0 arm=full_regen level=hard: per_fault={'budget': True, 'days': True, 'house_rule': True, 'room_type': False, 'transportation': True} all_resolved=False n_resolved=4/5 tokens=(3206,1374)
  N=5 tp_nonsynth_mf5_000031 seed=0 arm=react level=hard: per_fault={'budget': False, 'days': False, 'house_rule': True, 'room_type': True, 'transportation': True} all_resolved=False n_resolved=3/5 tokens=(3259,1067)
  N=5 tp_nonsynth_mf5_000031 seed=0 arm=selfcheckgpt level=hard: per_fault={'budget': True, 'days': True, 'house_rule': True, 'room_type': True, 'transportation': True} all_resolved=True n_resolved=5/5 tokens=(12381,2489)
  N=5 tp_nonsynth_mf5_000031 seed=0 arm=reflexion level=hard: per_fault={'budget': False, 'days': False, 'house_rule': False, 'room_type': False, 'transportation': False} all_resolved=False n_resolved=0/5 tokens=(9841,1341)
  N=5 tp_nonsynth_mf5_000031 seed=0 arm=intro_specter level=hard: per_fault={'budget': True, 'days': False, 'house_rule': True, 'room_type': True, 'transportation': True} all_resolved=False n_resolved=4/5 tokens=(3849,1099)
  N=5 tp_nonsynth_mf5_000031 seed=1 arm=direct level=hard: per_fault={'budget': True, 'days': True, 'house_rule': True, 'room_type': False, 'transportation': True} all_resolved=False n_resolved=4/5 tokens=(1603,480)
  N=5 tp_nonsynth_mf5_000031 seed=1 arm=self_refine level=hard: per_fault={'budget': False, 'days': True, 'house_rule': True, 'room_type': False, 'transportation': True} all_resolved=False n_resolved=3/5 tokens=(3757,1218)
  N=5 tp_nonsynth_mf5_000031 seed=1 arm=full_regen level=hard: per_fault={'budget': True, 'days': True, 'house_rule': True, 'room_type': True, 'transportation': True} all_resolved=True n_resolved=5/5 tokens=(3206,1584)
  N=5 tp_nonsynth_mf5_000031 seed=1 arm=react level=hard: per_fault={'budget': True, 'days': False, 'house_rule': True, 'room_type': True, 'transportation': True} all_resolved=False n_resolved=4/5 tokens=(3259,974)
  N=5 tp_nonsynth_mf5_000031 seed=1 arm=selfcheckgpt level=hard: per_fault={'budget': False, 'days': True, 'house_rule': True, 'room_type': False, 'transportation': True} all_resolved=False n_resolved=3/5 tokens=(11734,1765)
  N=5 tp_nonsynth_mf5_000031 seed=1 arm=reflexion level=hard: per_fault={'budget': False, 'days': False, 'house_rule': False, 'room_type': False, 'transportation': False} all_resolved=False n_resolved=0/5 tokens=(10008,1436)
  N=5 tp_nonsynth_mf5_000031 seed=1 arm=intro_specter level=hard: per_fault={'budget': True, 'days': False, 'house_rule': True, 'room_type': False, 'transportation': True} all_resolved=False n_resolved=3/5 tokens=(3911,1098)
  N=5 tp_nonsynth_mf5_000031 seed=2 arm=direct level=hard: per_fault={'budget': True, 'days': True, 'house_rule': True, 'room_type': False, 'transportation': True} all_resolved=False n_resolved=4/5 tokens=(1603,515)
  N=5 tp_nonsynth_mf5_000031 seed=2 arm=self_refine level=hard: per_fault={'budget': False, 'days': True, 'house_rule': True, 'room_type': False, 'transportation': True} all_resolved=False n_resolved=3/5 tokens=(3813,1354)
  N=5 tp_nonsynth_mf5_000031 seed=2 arm=full_regen level=hard: per_fault={'budget': False, 'days': True, 'house_rule': False, 'room_type': False, 'transportation': False} all_resolved=False n_resolved=1/5 tokens=(3206,1138)
  N=5 tp_nonsynth_mf5_000031 seed=2 arm=react level=hard: per_fault={'budget': False, 'days': False, 'house_rule': True, 'room_type': True, 'transportation': True} all_resolved=False n_resolved=3/5 tokens=(3259,1124)
  N=5 tp_nonsynth_mf5_000031 seed=2 arm=selfcheckgpt level=hard: per_fault={'budget': True, 'days': True, 'house_rule': True, 'room_type': False, 'transportation': True} all_resolved=False n_resolved=4/5 tokens=(10165,1439)
  N=5 tp_nonsynth_mf5_000031 seed=2 arm=reflexion level=hard: per_fault={'budget': False, 'days': False, 'house_rule': False, 'room_type': False, 'transportation': False} all_resolved=False n_resolved=0/5 tokens=(10199,1699)
  N=5 tp_nonsynth_mf5_000031 seed=2 arm=intro_specter level=hard: per_fault={'budget': True, 'days': False, 'house_rule': True, 'room_type': False, 'transportation': True} all_resolved=False n_resolved=3/5 tokens=(3967,1163)
  N=5 tp_nonsynth_mf5_000033 seed=0 arm=direct level=hard: per_fault={'budget': False, 'days': False, 'house_rule': True, 'room_type': True, 'transportation': True} all_resolved=False n_resolved=3/5 tokens=(1537,605)
  N=5 tp_nonsynth_mf5_000033 seed=0 arm=self_refine level=hard: per_fault={'budget': False, 'days': False, 'house_rule': True, 'room_type': True, 'transportation': True} all_resolved=False n_resolved=3/5 tokens=(3813,1564)
  N=5 tp_nonsynth_mf5_000033 seed=0 arm=full_regen level=hard: per_fault={'budget': True, 'days': True, 'house_rule': True, 'room_type': True, 'transportation': True} all_resolved=True n_resolved=5/5 tokens=(3074,1388)
  N=5 tp_nonsynth_mf5_000033 seed=0 arm=react level=hard: per_fault={'budget': True, 'days': True, 'house_rule': True, 'room_type': True, 'transportation': True} all_resolved=True n_resolved=5/5 tokens=(3127,1357)
  N=5 tp_nonsynth_mf5_000033 seed=0 arm=selfcheckgpt level=hard: per_fault={'budget': False, 'days': True, 'house_rule': True, 'room_type': True, 'transportation': True} all_resolved=False n_resolved=4/5 tokens=(10805,1582)
  N=5 tp_nonsynth_mf5_000033 seed=0 arm=reflexion level=hard: per_fault={'budget': False, 'days': False, 'house_rule': False, 'room_type': False, 'transportation': False} all_resolved=False n_resolved=0/5 tokens=(10300,3067)
  N=5 tp_nonsynth_mf5_000033 seed=0 arm=intro_specter level=hard: per_fault={'budget': True, 'days': False, 'house_rule': True, 'room_type': True, 'transportation': True} all_resolved=False n_resolved=4/5 tokens=(3967,1112)
  N=5 tp_nonsynth_mf5_000033 seed=1 arm=direct level=hard: per_fault={'budget': True, 'days': True, 'house_rule': True, 'room_type': True, 'transportation': True} all_resolved=True n_resolved=5/5 tokens=(1537,650)
  N=5 tp_nonsynth_mf5_000033 seed=1 arm=self_refine level=hard: per_fault={'budget': True, 'days': True, 'house_rule': True, 'room_type': True, 'transportation': True} all_resolved=True n_resolved=5/5 tokens=(3879,1543)
  N=5 tp_nonsynth_mf5_000033 seed=1 arm=full_regen level=hard: per_fault={'budget': True, 'days': False, 'house_rule': True, 'room_type': True, 'transportation': True} all_resolved=False n_resolved=4/5 tokens=(3074,1424)
  N=5 tp_nonsynth_mf5_000033 seed=1 arm=react level=hard: per_fault={'budget': False, 'days': False, 'house_rule': True, 'room_type': True, 'transportation': True} all_resolved=False n_resolved=3/5 tokens=(3127,1159)
  N=5 tp_nonsynth_mf5_000033 seed=1 arm=selfcheckgpt level=hard: per_fault={'budget': True, 'days': True, 'house_rule': True, 'room_type': True, 'transportation': True} all_resolved=True n_resolved=5/5 tokens=(11222,1997)
  N=5 tp_nonsynth_mf5_000033 seed=1 arm=reflexion level=hard: per_fault={'budget': True, 'days': True, 'house_rule': True, 'room_type': True, 'transportation': True} all_resolved=True n_resolved=5/5 tokens=(1537,650)
  N=5 tp_nonsynth_mf5_000033 seed=1 arm=intro_specter level=hard: per_fault={'budget': True, 'days': True, 'house_rule': True, 'room_type': True, 'transportation': True} all_resolved=True n_resolved=5/5 tokens=(4033,1300)
  N=5 tp_nonsynth_mf5_000033 seed=2 arm=direct level=hard: per_fault={'budget': False, 'days': False, 'house_rule': True, 'room_type': True, 'transportation': True} all_resolved=False n_resolved=3/5 tokens=(1537,585)
  N=5 tp_nonsynth_mf5_000033 seed=2 arm=self_refine level=hard: per_fault={'budget': True, 'days': False, 'house_rule': True, 'room_type': True, 'transportation': True} all_resolved=False n_resolved=4/5 tokens=(3814,1486)
  N=5 tp_nonsynth_mf5_000033 seed=2 arm=full_regen level=hard: per_fault={'budget': True, 'days': True, 'house_rule': True, 'room_type': True, 'transportation': True} all_resolved=True n_resolved=5/5 tokens=(3074,1151)
  N=5 tp_nonsynth_mf5_000033 seed=2 arm=react level=hard: per_fault={'budget': False, 'days': False, 'house_rule': True, 'room_type': True, 'transportation': True} all_resolved=False n_resolved=3/5 tokens=(3127,1083)
  N=5 tp_nonsynth_mf5_000033 seed=2 arm=selfcheckgpt level=hard: per_fault={'budget': False, 'days': True, 'house_rule': True, 'room_type': True, 'transportation': True} all_resolved=False n_resolved=4/5 tokens=(10838,1514)
  N=5 tp_nonsynth_mf5_000033 seed=2 arm=reflexion level=hard: per_fault={'budget': True, 'days': True, 'house_rule': True, 'room_type': True, 'transportation': True} all_resolved=True n_resolved=5/5 tokens=(6201,1438)
  N=5 tp_nonsynth_mf5_000033 seed=2 arm=intro_specter level=hard: per_fault={'budget': True, 'days': True, 'house_rule': True, 'room_type': True, 'transportation': True} all_resolved=True n_resolved=5/5 tokens=(3968,1022)
  N=5 tp_nonsynth_mf5_000034 seed=0 arm=direct level=hard: per_fault={'budget': False, 'days': True, 'cuisine': False, 'house_rule': True, 'transportation': True} all_resolved=False n_resolved=3/5 tokens=(1616,741)
  N=5 tp_nonsynth_mf5_000034 seed=0 arm=self_refine level=hard: per_fault={'budget': False, 'days': True, 'cuisine': False, 'house_rule': True, 'transportation': True} all_resolved=False n_resolved=3/5 tokens=(4149,1840)
  N=5 tp_nonsynth_mf5_000034 seed=0 arm=full_regen level=hard: per_fault={'budget': True, 'days': False, 'cuisine': False, 'house_rule': True, 'transportation': False} all_resolved=False n_resolved=2/5 tokens=(3232,1218)
  N=5 tp_nonsynth_mf5_000034 seed=0 arm=react level=hard: per_fault={'budget': True, 'days': False, 'cuisine': False, 'house_rule': True, 'transportation': False} all_resolved=False n_resolved=2/5 tokens=(3285,1429)
  N=5 tp_nonsynth_mf5_000034 seed=0 arm=selfcheckgpt level=hard: per_fault={'budget': False, 'days': True, 'cuisine': False, 'house_rule': True, 'transportation': True} all_resolved=False n_resolved=3/5 tokens=(12016,2397)
  N=5 tp_nonsynth_mf5_000034 seed=0 arm=reflexion level=hard: per_fault={'budget': False, 'days': False, 'cuisine': False, 'house_rule': False, 'transportation': False} all_resolved=False n_resolved=0/5 tokens=(11258,1002)
  N=5 tp_nonsynth_mf5_000034 seed=0 arm=intro_specter level=hard: per_fault={'budget': True, 'days': False, 'cuisine': False, 'house_rule': True, 'transportation': True} all_resolved=False n_resolved=3/5 tokens=(4303,1366)
  N=5 tp_nonsynth_mf5_000034 seed=1 arm=direct level=hard: per_fault={'budget': True, 'days': True, 'cuisine': False, 'house_rule': True, 'transportation': True} all_resolved=False n_resolved=4/5 tokens=(1616,960)
  N=5 tp_nonsynth_mf5_000034 seed=1 arm=self_refine level=hard: per_fault={'budget': False, 'days': True, 'cuisine': False, 'house_rule': True, 'transportation': True} all_resolved=False n_resolved=3/5 tokens=(4431,2156)
  N=5 tp_nonsynth_mf5_000034 seed=1 arm=full_regen level=hard: per_fault={'budget': True, 'days': True, 'cuisine': False, 'house_rule': True, 'transportation': True} all_resolved=False n_resolved=4/5 tokens=(3232,1795)
  N=5 tp_nonsynth_mf5_000034 seed=1 arm=react level=hard: per_fault={'budget': True, 'days': False, 'cuisine': False, 'house_rule': True, 'transportation': False} all_resolved=False n_resolved=2/5 tokens=(3285,1613)
  N=5 tp_nonsynth_mf5_000034 seed=1 arm=selfcheckgpt level=hard: per_fault={'budget': True, 'days': True, 'cuisine': False, 'house_rule': True, 'transportation': True} all_resolved=False n_resolved=4/5 tokens=(17224,2949)
  N=5 tp_nonsynth_mf5_000034 seed=1 arm=reflexion level=hard: per_fault={'budget': False, 'days': False, 'cuisine': False, 'house_rule': False, 'transportation': False} all_resolved=False n_resolved=0/5 tokens=(12064,1256)
  N=5 tp_nonsynth_mf5_000034 seed=1 arm=intro_specter level=hard: per_fault={'budget': True, 'days': True, 'cuisine': False, 'house_rule': True, 'transportation': True} all_resolved=False n_resolved=4/5 tokens=(4585,1419)
  N=5 tp_nonsynth_mf5_000034 seed=2 arm=direct level=hard: per_fault={'budget': False, 'days': True, 'cuisine': False, 'house_rule': True, 'transportation': True} all_resolved=False n_resolved=3/5 tokens=(1616,742)
  N=5 tp_nonsynth_mf5_000034 seed=2 arm=self_refine level=hard: per_fault={'budget': False, 'days': True, 'cuisine': False, 'house_rule': True, 'transportation': True} all_resolved=False n_resolved=3/5 tokens=(4150,1877)
  N=5 tp_nonsynth_mf5_000034 seed=2 arm=full_regen level=hard: per_fault={'budget': True, 'days': True, 'cuisine': False, 'house_rule': True, 'transportation': True} all_resolved=False n_resolved=4/5 tokens=(3232,1452)
  N=5 tp_nonsynth_mf5_000034 seed=2 arm=react level=hard: per_fault={'budget': True, 'days': False, 'cuisine': False, 'house_rule': True, 'transportation': False} all_resolved=False n_resolved=2/5 tokens=(3285,1733)
  N=5 tp_nonsynth_mf5_000034 seed=2 arm=selfcheckgpt level=hard: per_fault={'budget': False, 'days': True, 'cuisine': False, 'house_rule': True, 'transportation': True} all_resolved=False n_resolved=3/5 tokens=(12673,3101)
  N=5 tp_nonsynth_mf5_000034 seed=2 arm=reflexion level=hard: per_fault={'budget': False, 'days': False, 'cuisine': False, 'house_rule': False, 'transportation': False} all_resolved=False n_resolved=0/5 tokens=(11285,1048)
  N=5 tp_nonsynth_mf5_000034 seed=2 arm=intro_specter level=hard: per_fault={'budget': True, 'days': True, 'cuisine': False, 'house_rule': True, 'transportation': True} all_resolved=False n_resolved=4/5 tokens=(4304,1366)
  N=5 tp_nonsynth_mf5_000035 seed=0 arm=direct level=hard: per_fault={'budget': False, 'days': False, 'cuisine': False, 'house_rule': True, 'transportation': True} all_resolved=False n_resolved=2/5 tokens=(1663,420)
  N=5 tp_nonsynth_mf5_000035 seed=0 arm=self_refine level=hard: per_fault={'budget': True, 'days': True, 'cuisine': False, 'house_rule': True, 'transportation': True} all_resolved=False n_resolved=4/5 tokens=(3838,1074)
  N=5 tp_nonsynth_mf5_000035 seed=0 arm=full_regen level=hard: per_fault={'budget': True, 'days': True, 'cuisine': False, 'house_rule': True, 'transportation': True} all_resolved=False n_resolved=4/5 tokens=(3326,1186)
  N=5 tp_nonsynth_mf5_000035 seed=0 arm=react level=hard: per_fault={'budget': True, 'days': True, 'cuisine': False, 'house_rule': True, 'transportation': True} all_resolved=False n_resolved=4/5 tokens=(3379,1985)
  N=5 tp_nonsynth_mf5_000035 seed=0 arm=selfcheckgpt level=hard: per_fault={'budget': False, 'days': False, 'cuisine': False, 'house_rule': True, 'transportation': True} all_resolved=False n_resolved=2/5 tokens=(11767,1188)
  N=5 tp_nonsynth_mf5_000035 seed=0 arm=reflexion level=hard: per_fault={'budget': False, 'days': False, 'cuisine': False, 'house_rule': False, 'transportation': False} all_resolved=False n_resolved=0/5 tokens=(10297,950)
  N=5 tp_nonsynth_mf5_000035 seed=0 arm=intro_specter level=hard: per_fault={'budget': True, 'days': True, 'cuisine': False, 'house_rule': True, 'transportation': True} all_resolved=False n_resolved=4/5 tokens=(3992,1020)
  N=5 tp_nonsynth_mf5_000035 seed=1 arm=direct level=hard: per_fault={'budget': False, 'days': False, 'cuisine': False, 'house_rule': True, 'transportation': True} all_resolved=False n_resolved=2/5 tokens=(1663,421)
  N=5 tp_nonsynth_mf5_000035 seed=1 arm=self_refine level=hard: per_fault={'budget': True, 'days': False, 'cuisine': False, 'house_rule': True, 'transportation': True} all_resolved=False n_resolved=3/5 tokens=(3839,1185)
  N=5 tp_nonsynth_mf5_000035 seed=1 arm=full_regen level=hard: per_fault={'budget': True, 'days': True, 'cuisine': False, 'house_rule': True, 'transportation': True} all_resolved=False n_resolved=4/5 tokens=(3326,1505)
  N=5 tp_nonsynth_mf5_000035 seed=1 arm=react level=hard: per_fault={'budget': True, 'days': True, 'cuisine': False, 'house_rule': True, 'transportation': True} all_resolved=False n_resolved=4/5 tokens=(3379,1834)
  N=5 tp_nonsynth_mf5_000035 seed=1 arm=selfcheckgpt level=hard: per_fault={'budget': False, 'days': False, 'cuisine': False, 'house_rule': True, 'transportation': True} all_resolved=False n_resolved=2/5 tokens=(9833,754)
  N=5 tp_nonsynth_mf5_000035 seed=1 arm=reflexion level=hard: per_fault={'budget': False, 'days': False, 'cuisine': False, 'house_rule': False, 'transportation': False} all_resolved=False n_resolved=0/5 tokens=(10298,1105)
  N=5 tp_nonsynth_mf5_000035 seed=1 arm=intro_specter level=hard: per_fault={'budget': True, 'days': True, 'cuisine': False, 'house_rule': True, 'transportation': True} all_resolved=False n_resolved=4/5 tokens=(3993,1021)
  N=5 tp_nonsynth_mf5_000035 seed=2 arm=direct level=hard: per_fault={'budget': False, 'days': False, 'cuisine': False, 'house_rule': True, 'transportation': True} all_resolved=False n_resolved=2/5 tokens=(1663,454)
  N=5 tp_nonsynth_mf5_000035 seed=2 arm=self_refine level=hard: per_fault={'budget': True, 'days': True, 'cuisine': False, 'house_rule': True, 'transportation': True} all_resolved=False n_resolved=4/5 tokens=(3872,1296)
  N=5 tp_nonsynth_mf5_000035 seed=2 arm=full_regen level=hard: per_fault={'budget': True, 'days': True, 'cuisine': False, 'house_rule': True, 'transportation': True} all_resolved=False n_resolved=4/5 tokens=(3326,1099)
  N=5 tp_nonsynth_mf5_000035 seed=2 arm=react level=hard: per_fault={'budget': True, 'days': True, 'cuisine': False, 'house_rule': True, 'transportation': True} all_resolved=False n_resolved=4/5 tokens=(3379,1957)
  N=5 tp_nonsynth_mf5_000035 seed=2 arm=selfcheckgpt level=hard: per_fault={'budget': False, 'days': False, 'cuisine': False, 'house_rule': True, 'transportation': True} all_resolved=False n_resolved=2/5 tokens=(10325,1261)
  N=5 tp_nonsynth_mf5_000035 seed=2 arm=reflexion level=hard: per_fault={'budget': False, 'days': False, 'cuisine': False, 'house_rule': False, 'transportation': False} all_resolved=False n_resolved=0/5 tokens=(10411,1487)
  N=5 tp_nonsynth_mf5_000035 seed=2 arm=intro_specter level=hard: per_fault={'budget': True, 'days': True, 'cuisine': False, 'house_rule': True, 'transportation': True} all_resolved=False n_resolved=4/5 tokens=(4026,1008)
  N=5 tp_nonsynth_mf5_000036 seed=0 arm=direct level=hard: per_fault={'budget': True, 'days': False, 'house_rule': True, 'room_type': True, 'transportation': True} all_resolved=False n_resolved=4/5 tokens=(1581,510)
  N=5 tp_nonsynth_mf5_000036 seed=0 arm=self_refine level=hard: per_fault={'budget': False, 'days': False, 'house_rule': True, 'room_type': True, 'transportation': True} all_resolved=False n_resolved=3/5 tokens=(3785,1267)
  N=5 tp_nonsynth_mf5_000036 seed=0 arm=full_regen level=hard: per_fault={'budget': True, 'days': False, 'house_rule': True, 'room_type': True, 'transportation': True} all_resolved=False n_resolved=4/5 tokens=(3162,1712)
  N=5 tp_nonsynth_mf5_000036 seed=0 arm=react level=hard: per_fault={'budget': False, 'days': False, 'house_rule': True, 'room_type': True, 'transportation': True} all_resolved=False n_resolved=3/5 tokens=(3215,1234)
  N=5 tp_nonsynth_mf5_000036 seed=0 arm=selfcheckgpt level=hard: per_fault={'budget': True, 'days': False, 'house_rule': True, 'room_type': True, 'transportation': True} all_resolved=False n_resolved=4/5 tokens=(11340,1345)
  N=5 tp_nonsynth_mf5_000036 seed=0 arm=reflexion level=hard: per_fault={'budget': False, 'days': False, 'house_rule': False, 'room_type': False, 'transportation': False} all_resolved=False n_resolved=0/5 tokens=(10110,768)
  N=5 tp_nonsynth_mf5_000036 seed=0 arm=intro_specter level=hard: per_fault={'budget': True, 'days': True, 'house_rule': True, 'room_type': True, 'transportation': True} all_resolved=True n_resolved=5/5 tokens=(3939,1271)
  N=5 tp_nonsynth_mf5_000036 seed=1 arm=direct level=hard: per_fault={'budget': True, 'days': True, 'house_rule': True, 'room_type': True, 'transportation': False} all_resolved=False n_resolved=4/5 tokens=(1581,691)
  N=5 tp_nonsynth_mf5_000036 seed=1 arm=self_refine level=hard: per_fault={'budget': True, 'days': True, 'house_rule': True, 'room_type': True, 'transportation': False} all_resolved=False n_resolved=4/5 tokens=(3966,1619)
  N=5 tp_nonsynth_mf5_000036 seed=1 arm=full_regen level=hard: per_fault={'budget': True, 'days': True, 'house_rule': True, 'room_type': True, 'transportation': True} all_resolved=True n_resolved=5/5 tokens=(3162,1690)
  N=5 tp_nonsynth_mf5_000036 seed=1 arm=react level=hard: per_fault={'budget': True, 'days': True, 'house_rule': True, 'room_type': True, 'transportation': True} all_resolved=True n_resolved=5/5 tokens=(3215,1289)
  N=5 tp_nonsynth_mf5_000036 seed=1 arm=selfcheckgpt level=hard: per_fault={'budget': True, 'days': True, 'house_rule': True, 'room_type': True, 'transportation': False} all_resolved=False n_resolved=4/5 tokens=(11467,1707)
  N=5 tp_nonsynth_mf5_000036 seed=1 arm=reflexion level=hard: per_fault={'budget': False, 'days': False, 'house_rule': False, 'room_type': False, 'transportation': False} all_resolved=False n_resolved=0/5 tokens=(10664,1415)
  N=5 tp_nonsynth_mf5_000036 seed=1 arm=intro_specter level=hard: per_fault={'budget': True, 'days': False, 'house_rule': False, 'room_type': True, 'transportation': False} all_resolved=False n_resolved=2/5 tokens=(4120,1308)
  N=5 tp_nonsynth_mf5_000036 seed=2 arm=direct level=hard: per_fault={'budget': False, 'days': True, 'house_rule': True, 'room_type': True, 'transportation': True} all_resolved=False n_resolved=4/5 tokens=(1581,2292)
  N=5 tp_nonsynth_mf5_000036 seed=2 arm=self_refine level=hard: per_fault={'budget': True, 'days': True, 'house_rule': True, 'room_type': True, 'transportation': True} all_resolved=True n_resolved=5/5 tokens=(6092,5294)
  N=5 tp_nonsynth_mf5_000036 seed=2 arm=full_regen level=hard: per_fault={'budget': False, 'days': False, 'house_rule': True, 'room_type': False, 'transportation': False} all_resolved=False n_resolved=1/5 tokens=(3162,2839)
  N=5 tp_nonsynth_mf5_000036 seed=2 arm=react level=hard: per_fault={'budget': True, 'days': False, 'house_rule': True, 'room_type': True, 'transportation': True} all_resolved=False n_resolved=4/5 tokens=(3215,2993)
  N=5 tp_nonsynth_mf5_000036 seed=2 arm=selfcheckgpt level=hard: per_fault={'budget': False, 'days': False, 'house_rule': True, 'room_type': True, 'transportation': True} all_resolved=False n_resolved=3/5 tokens=(13898,3282)
  N=5 tp_nonsynth_mf5_000036 seed=2 arm=reflexion level=hard: per_fault={'budget': False, 'days': False, 'house_rule': False, 'room_type': False, 'transportation': False} all_resolved=False n_resolved=0/5 tokens=(17032,2853)
  N=5 tp_nonsynth_mf5_000036 seed=2 arm=intro_specter level=hard: per_fault={'budget': True, 'days': False, 'house_rule': True, 'room_type': True, 'transportation': True} all_resolved=False n_resolved=4/5 tokens=(6246,3811)
  N=5 tp_nonsynth_mf5_000038 seed=0 arm=direct level=hard: per_fault={'budget': True, 'days': False, 'house_rule': True, 'room_type': True, 'transportation': True} all_resolved=False n_resolved=4/5 tokens=(1530,592)
  N=5 tp_nonsynth_mf5_000038 seed=0 arm=self_refine level=hard: per_fault={'budget': False, 'days': False, 'house_rule': True, 'room_type': True, 'transportation': True} all_resolved=False n_resolved=3/5 tokens=(3807,1537)
  N=5 tp_nonsynth_mf5_000038 seed=0 arm=full_regen level=hard: per_fault={'budget': True, 'days': True, 'house_rule': True, 'room_type': True, 'transportation': True} all_resolved=True n_resolved=5/5 tokens=(3060,1208)
  N=5 tp_nonsynth_mf5_000038 seed=0 arm=react level=hard: per_fault={'budget': False, 'days': False, 'house_rule': True, 'room_type': True, 'transportation': True} all_resolved=False n_resolved=3/5 tokens=(3113,1102)
  N=5 tp_nonsynth_mf5_000038 seed=0 arm=selfcheckgpt level=hard: per_fault={'budget': True, 'days': True, 'house_rule': True, 'room_type': True, 'transportation': True} all_resolved=True n_resolved=5/5 tokens=(11038,1917)
  N=5 tp_nonsynth_mf5_000038 seed=0 arm=reflexion level=hard: per_fault={'budget': True, 'days': True, 'house_rule': True, 'room_type': True, 'transportation': True} all_resolved=True n_resolved=5/5 tokens=(6138,1593)
  N=5 tp_nonsynth_mf5_000038 seed=0 arm=intro_specter level=hard: per_fault={'budget': True, 'days': False, 'house_rule': True, 'room_type': True, 'transportation': True} all_resolved=False n_resolved=4/5 tokens=(3961,1197)
  N=5 tp_nonsynth_mf5_000038 seed=1 arm=direct level=hard: per_fault={'budget': True, 'days': True, 'house_rule': True, 'room_type': True, 'transportation': True} all_resolved=True n_resolved=5/5 tokens=(1530,726)
  N=5 tp_nonsynth_mf5_000038 seed=1 arm=self_refine level=hard: per_fault={'budget': False, 'days': True, 'house_rule': True, 'room_type': True, 'transportation': True} all_resolved=False n_resolved=4/5 tokens=(3962,1800)
  N=5 tp_nonsynth_mf5_000038 seed=1 arm=full_regen level=hard: per_fault={'budget': True, 'days': True, 'house_rule': True, 'room_type': True, 'transportation': True} all_resolved=True n_resolved=5/5 tokens=(3060,1344)
  N=5 tp_nonsynth_mf5_000038 seed=1 arm=react level=hard: per_fault={'budget': True, 'days': False, 'house_rule': True, 'room_type': True, 'transportation': True} all_resolved=False n_resolved=4/5 tokens=(3113,1251)
  N=5 tp_nonsynth_mf5_000038 seed=1 arm=selfcheckgpt level=hard: per_fault={'budget': True, 'days': True, 'house_rule': True, 'room_type': True, 'transportation': True} all_resolved=True n_resolved=5/5 tokens=(9962,2001)
  N=5 tp_nonsynth_mf5_000038 seed=1 arm=reflexion level=hard: per_fault={'budget': True, 'days': True, 'house_rule': True, 'room_type': True, 'transportation': True} all_resolved=True n_resolved=5/5 tokens=(1530,726)
  N=5 tp_nonsynth_mf5_000038 seed=1 arm=intro_specter level=hard: per_fault={'budget': True, 'days': True, 'house_rule': True, 'room_type': True, 'transportation': True} all_resolved=True n_resolved=5/5 tokens=(4116,1451)
  N=5 tp_nonsynth_mf5_000038 seed=2 arm=direct level=hard: per_fault={'budget': True, 'days': True, 'house_rule': True, 'room_type': True, 'transportation': True} all_resolved=True n_resolved=5/5 tokens=(1530,647)
  N=5 tp_nonsynth_mf5_000038 seed=2 arm=self_refine level=hard: per_fault={'budget': True, 'days': True, 'house_rule': True, 'room_type': True, 'transportation': True} all_resolved=True n_resolved=5/5 tokens=(3841,1530)
  N=5 tp_nonsynth_mf5_000038 seed=2 arm=full_regen level=hard: per_fault={'budget': True, 'days': True, 'house_rule': True, 'room_type': True, 'transportation': True} all_resolved=True n_resolved=5/5 tokens=(3060,1217)
  N=5 tp_nonsynth_mf5_000038 seed=2 arm=react level=hard: per_fault={'budget': True, 'days': False, 'house_rule': True, 'room_type': True, 'transportation': False} all_resolved=False n_resolved=3/5 tokens=(3113,1180)
  N=5 tp_nonsynth_mf5_000038 seed=2 arm=selfcheckgpt level=hard: per_fault={'budget': True, 'days': True, 'house_rule': True, 'room_type': True, 'transportation': True} all_resolved=True n_resolved=5/5 tokens=(10920,1738)
  N=5 tp_nonsynth_mf5_000038 seed=2 arm=reflexion level=hard: per_fault={'budget': True, 'days': True, 'house_rule': True, 'room_type': True, 'transportation': True} all_resolved=True n_resolved=5/5 tokens=(1530,647)
  N=5 tp_nonsynth_mf5_000038 seed=2 arm=intro_specter level=hard: per_fault={'budget': True, 'days': True, 'house_rule': True, 'room_type': True, 'transportation': True} all_resolved=True n_resolved=5/5 tokens=(3995,1245)
  N=5 tp_nonsynth_mf5_000042 seed=0 arm=direct level=hard: per_fault={'budget': True, 'days': True, 'cuisine': False, 'room_type': True, 'transportation': True} all_resolved=False n_resolved=4/5 tokens=(1699,625)
  N=5 tp_nonsynth_mf5_000042 seed=0 arm=self_refine level=hard: per_fault={'budget': False, 'days': True, 'cuisine': False, 'room_type': True, 'transportation': True} all_resolved=False n_resolved=3/5 tokens=(4136,1594)
  N=5 tp_nonsynth_mf5_000042 seed=0 arm=full_regen level=hard: per_fault={'budget': True, 'days': False, 'cuisine': False, 'room_type': True, 'transportation': True} all_resolved=False n_resolved=3/5 tokens=(3398,1139)
  N=5 tp_nonsynth_mf5_000042 seed=0 arm=react level=hard: per_fault={'budget': True, 'days': True, 'cuisine': False, 'room_type': True, 'transportation': True} all_resolved=False n_resolved=4/5 tokens=(3451,1615)
  N=5 tp_nonsynth_mf5_000042 seed=0 arm=selfcheckgpt level=hard: per_fault={'budget': True, 'days': True, 'cuisine': False, 'room_type': True, 'transportation': True} all_resolved=False n_resolved=4/5 tokens=(11322,2258)
  N=5 tp_nonsynth_mf5_000042 seed=0 arm=reflexion level=hard: per_fault={'budget': False, 'days': False, 'cuisine': False, 'room_type': False, 'transportation': False} all_resolved=False n_resolved=0/5 tokens=(11098,1128)
  N=5 tp_nonsynth_mf5_000042 seed=0 arm=intro_specter level=hard: per_fault={'budget': True, 'days': False, 'cuisine': False, 'room_type': True, 'transportation': True} all_resolved=False n_resolved=3/5 tokens=(4290,1404)
  N=5 tp_nonsynth_mf5_000042 seed=1 arm=direct level=hard: per_fault={'budget': True, 'days': True, 'cuisine': False, 'room_type': True, 'transportation': True} all_resolved=False n_resolved=4/5 tokens=(1699,877)
  N=5 tp_nonsynth_mf5_000042 seed=1 arm=self_refine level=hard: per_fault={'budget': False, 'days': True, 'cuisine': False, 'room_type': True, 'transportation': True} all_resolved=False n_resolved=3/5 tokens=(4451,2054)
  N=5 tp_nonsynth_mf5_000042 seed=1 arm=full_regen level=hard: per_fault={'budget': True, 'days': True, 'cuisine': True, 'room_type': True, 'transportation': True} all_resolved=True n_resolved=5/5 tokens=(3398,1772)
  N=5 tp_nonsynth_mf5_000042 seed=1 arm=react level=hard: per_fault={'budget': False, 'days': False, 'cuisine': False, 'room_type': True, 'transportation': True} all_resolved=False n_resolved=2/5 tokens=(3451,1719)
  N=5 tp_nonsynth_mf5_000042 seed=1 arm=selfcheckgpt level=hard: per_fault={'budget': True, 'days': True, 'cuisine': False, 'room_type': True, 'transportation': True} all_resolved=False n_resolved=4/5 tokens=(13114,2968)
  N=5 tp_nonsynth_mf5_000042 seed=1 arm=reflexion level=hard: per_fault={'budget': False, 'days': False, 'cuisine': False, 'room_type': False, 'transportation': False} all_resolved=False n_resolved=0/5 tokens=(12043,1164)
  N=5 tp_nonsynth_mf5_000042 seed=1 arm=intro_specter level=hard: per_fault={'budget': True, 'days': True, 'cuisine': False, 'room_type': True, 'transportation': True} all_resolved=False n_resolved=4/5 tokens=(4605,1769)
  N=5 tp_nonsynth_mf5_000042 seed=2 arm=direct level=hard: per_fault={'budget': True, 'days': True, 'cuisine': False, 'room_type': True, 'transportation': True} all_resolved=False n_resolved=4/5 tokens=(1699,780)
  N=5 tp_nonsynth_mf5_000042 seed=2 arm=self_refine level=hard: per_fault={'budget': True, 'days': True, 'cuisine': False, 'room_type': True, 'transportation': True} all_resolved=False n_resolved=4/5 tokens=(4354,1909)
  N=5 tp_nonsynth_mf5_000042 seed=2 arm=full_regen level=hard: per_fault={'budget': True, 'days': False, 'cuisine': False, 'room_type': True, 'transportation': True} all_resolved=False n_resolved=3/5 tokens=(3398,1341)
  N=5 tp_nonsynth_mf5_000042 seed=2 arm=react level=hard: per_fault={'budget': True, 'days': True, 'cuisine': False, 'room_type': True, 'transportation': True} all_resolved=False n_resolved=4/5 tokens=(3451,1687)
  N=5 tp_nonsynth_mf5_000042 seed=2 arm=selfcheckgpt level=hard: per_fault={'budget': True, 'days': True, 'cuisine': False, 'room_type': True, 'transportation': True} all_resolved=False n_resolved=4/5 tokens=(11284,2188)
  N=5 tp_nonsynth_mf5_000042 seed=2 arm=reflexion level=hard: per_fault={'budget': False, 'days': False, 'cuisine': False, 'room_type': False, 'transportation': False} all_resolved=False n_resolved=0/5 tokens=(11732,1004)
  N=5 tp_nonsynth_mf5_000042 seed=2 arm=intro_specter level=hard: per_fault={'budget': True, 'days': False, 'cuisine': False, 'room_type': True, 'transportation': True} all_resolved=False n_resolved=3/5 tokens=(4508,1772)
  N=5 tp_nonsynth_mf5_000043 seed=0 arm=direct level=hard: per_fault={'budget': False, 'days': True, 'house_rule': True, 'room_type': True, 'transportation': True} all_resolved=False n_resolved=4/5 tokens=(1589,900)
  N=5 tp_nonsynth_mf5_000043 seed=0 arm=self_refine level=hard: per_fault={'budget': False, 'days': True, 'house_rule': True, 'room_type': True, 'transportation': True} all_resolved=False n_resolved=4/5 tokens=(4233,2225)
  N=5 tp_nonsynth_mf5_000043 seed=0 arm=full_regen level=hard: per_fault={'budget': True, 'days': True, 'house_rule': True, 'room_type': True, 'transportation': True} all_resolved=True n_resolved=5/5 tokens=(3178,1466)
  N=5 tp_nonsynth_mf5_000043 seed=0 arm=react level=hard: per_fault={'budget': True, 'days': True, 'house_rule': True, 'room_type': True, 'transportation': True} all_resolved=True n_resolved=5/5 tokens=(3231,1706)
  N=5 tp_nonsynth_mf5_000043 seed=0 arm=selfcheckgpt level=hard: per_fault={'budget': False, 'days': True, 'house_rule': True, 'room_type': True, 'transportation': True} all_resolved=False n_resolved=4/5 tokens=(11826,2570)
  N=5 tp_nonsynth_mf5_000043 seed=0 arm=reflexion level=hard: per_fault={'budget': False, 'days': False, 'house_rule': False, 'room_type': False, 'transportation': False} all_resolved=False n_resolved=0/5 tokens=(11440,1129)
  N=5 tp_nonsynth_mf5_000043 seed=0 arm=intro_specter level=hard: per_fault={'budget': True, 'days': True, 'house_rule': True, 'room_type': True, 'transportation': True} all_resolved=True n_resolved=5/5 tokens=(4387,1554)
  N=5 tp_nonsynth_mf5_000043 seed=1 arm=direct level=hard: per_fault={'budget': True, 'days': True, 'house_rule': True, 'room_type': True, 'transportation': True} all_resolved=True n_resolved=5/5 tokens=(1589,697)
  N=5 tp_nonsynth_mf5_000043 seed=1 arm=self_refine level=hard: per_fault={'budget': False, 'days': True, 'house_rule': False, 'room_type': False, 'transportation': False} all_resolved=False n_resolved=1/5 tokens=(4051,1786)
  N=5 tp_nonsynth_mf5_000043 seed=1 arm=full_regen level=hard: per_fault={'budget': True, 'days': False, 'house_rule': True, 'room_type': True, 'transportation': False} all_resolved=False n_resolved=3/5 tokens=(3178,1210)
  N=5 tp_nonsynth_mf5_000043 seed=1 arm=react level=hard: per_fault={'budget': False, 'days': False, 'house_rule': False, 'room_type': False, 'transportation': False} all_resolved=False n_resolved=0/5 tokens=(3231,1401)
  N=5 tp_nonsynth_mf5_000043 seed=1 arm=selfcheckgpt level=hard: per_fault={'budget': True, 'days': True, 'house_rule': True, 'room_type': True, 'transportation': True} all_resolved=True n_resolved=5/5 tokens=(12099,2296)
  N=5 tp_nonsynth_mf5_000043 seed=1 arm=reflexion level=hard: per_fault={'budget': True, 'days': True, 'house_rule': True, 'room_type': True, 'transportation': True} all_resolved=True n_resolved=5/5 tokens=(1589,697)
  N=5 tp_nonsynth_mf5_000043 seed=1 arm=intro_specter level=hard: per_fault={'budget': True, 'days': True, 'house_rule': True, 'room_type': True, 'transportation': True} all_resolved=True n_resolved=5/5 tokens=(4205,1328)
  N=5 tp_nonsynth_mf5_000043 seed=2 arm=direct level=hard: per_fault={'budget': True, 'days': True, 'house_rule': True, 'room_type': True, 'transportation': True} all_resolved=True n_resolved=5/5 tokens=(1589,734)
  N=5 tp_nonsynth_mf5_000043 seed=2 arm=self_refine level=hard: per_fault={'budget': False, 'days': True, 'house_rule': True, 'room_type': True, 'transportation': True} all_resolved=False n_resolved=4/5 tokens=(4088,2055)
[RETRY] selfcheckgpt task=tp_nonsynth_mf5_000048 seed=1 attempt 1/5 failed (failed to obtain JSON after 3 attempts: could not parse JSON from model output:
{
  "final_output": "To plan a 7-day trip from Key West to Texas with a budget of $7200, considering the true values and local constraints, here's a suggested itinerary:\nDay 1: Key West to Houston\n- Accommodation: Entire room in Houston that allows parties ($150/night)\n- Meal: Mexican at Eight Row Flint ($20/person)\n- Attraction: Space Center Houston ($30/person)\n- Cost: $150 (accommodation) + $40 (meal) + $60 (attraction) = $250\nDay 2: Houston\n- Accommodation: Entire room in Houston that); retrying in 3s
[RETRY] selfcheckgpt task=tp_nonsynth_mf5_000048 seed=1 attempt 2/5 failed (failed to obtain JSON after 3 attempts: could not parse JSON from model output:
{
  "final_output": "To plan a 7-day trip from Key West to Texas with a budget of $7200, considering the true values and local constraints, here's a suggested itinerary:\nDay 1: Key West to Houston\n- Accommodation: Entire room in Houston that allows parties ($150/night)\n- Meal: Mexican at Eight Row Flint ($20/person)\n- Attraction: Space Center Houston ($30/person)\n- Cost: $150 (accommodation) + $40 (meal) + $60 (attraction) = $250\nDay 2: Houston\n- Accommodation: Entire room in Houston that); retrying in 6s
[RETRY] selfcheckgpt task=tp_nonsynth_mf5_000048 seed=1 attempt 3/5 failed (failed to obtain JSON after 3 attempts: could not parse JSON from model output:
{
  "final_output": "To plan a 7-day trip from Key West to Texas with a budget of $7200, considering the true values and local constraints, here's a suggested itinerary:\nDay 1: Key West to Houston\n- Accommodation: Entire room in Houston that allows parties ($150/night)\n- Meal: Mexican at Eight Row Flint ($20/person)\n- Attraction: Space Center Houston ($30/person)\n- Cost: $150 (accommodation) + $40 (meal) + $60 (attraction) = $250\nDay 2: Houston\n- Accommodation: Entire room in Houston that); retrying in 12s
[RETRY] selfcheckgpt task=tp_nonsynth_mf5_000048 seed=1 attempt 4/5 failed (failed to obtain JSON after 3 attempts: could not parse JSON from model output:
{
  "final_output": "To plan a 7-day trip from Key West to Texas with a budget of $7200, considering the true values and local constraints, here's a suggested itinerary:\nDay 1: Key West to Houston\n- Accommodation: Entire room in Houston that allows parties ($150/night)\n- Meal: Mexican at Eight Row Flint ($20/person)\n- Attraction: Space Center Houston ($30/person)\n- Cost: $150 (accommodation) + $40 (meal) + $60 (attraction) = $250\nDay 2: Houston\n- Accommodation: Entire room in Houston that); retrying in 24s
[ERROR] selfcheckgpt failed task=tp_nonsynth_mf5_000048 seed=1: failed to obtain JSON after 3 attempts: could not parse JSON from model output:
{
  "final_output": "To plan a 7-day trip from Key West to Texas with a budget of $7200, considering the true values and local constraints, here's a suggested itinerary:\nDay 1: Key West to Houston\n- Accommodation: Entire room in Houston that allows parties ($150/night)\n- Meal: Mexican at Eight Row Flint ($20/person)\n- Attraction: Space Center Houston ($30/person)\n- Cost: $150 (accommodation) + $40 (meal) + $60 (attraction) = $250\nDay 2: Houston\n- Accommodation: Entire room in Houston that
  N=5 tp_nonsynth_mf5_000043 seed=2 arm=full_regen level=hard: per_fault={'budget': True, 'days': True, 'house_rule': True, 'room_type': True, 'transportation': True} all_resolved=True n_resolved=5/5 tokens=(3178,1246)
  N=5 tp_nonsynth_mf5_000043 seed=2 arm=react level=hard: per_fault={'budget': True, 'days': False, 'house_rule': True, 'room_type': True, 'transportation': True} all_resolved=False n_resolved=4/5 tokens=(3231,1242)
  N=5 tp_nonsynth_mf5_000043 seed=2 arm=selfcheckgpt level=hard: per_fault={'budget': True, 'days': True, 'house_rule': True, 'room_type': True, 'transportation': True} all_resolved=True n_resolved=5/5 tokens=(11947,2414)
  N=5 tp_nonsynth_mf5_000043 seed=2 arm=reflexion level=hard: per_fault={'budget': True, 'days': True, 'house_rule': True, 'room_type': True, 'transportation': True} all_resolved=True n_resolved=5/5 tokens=(1589,734)
  N=5 tp_nonsynth_mf5_000043 seed=2 arm=intro_specter level=hard: per_fault={'budget': True, 'days': True, 'house_rule': True, 'room_type': True, 'transportation': True} all_resolved=True n_resolved=5/5 tokens=(4242,1282)
  N=5 tp_nonsynth_mf5_000044 seed=0 arm=direct level=hard: per_fault={'budget': True, 'days': False, 'cuisine': False, 'room_type': True, 'transportation': True} all_resolved=False n_resolved=3/5 tokens=(1606,591)
  N=5 tp_nonsynth_mf5_000044 seed=0 arm=self_refine level=hard: per_fault={'budget': False, 'days': True, 'cuisine': False, 'room_type': False, 'transportation': False} all_resolved=False n_resolved=1/5 tokens=(3916,1331)
  N=5 tp_nonsynth_mf5_000044 seed=0 arm=full_regen level=hard: per_fault={'budget': True, 'days': True, 'cuisine': False, 'room_type': True, 'transportation': True} all_resolved=False n_resolved=4/5 tokens=(3212,1163)
  N=5 tp_nonsynth_mf5_000044 seed=0 arm=react level=hard: per_fault={'budget': True, 'days': True, 'cuisine': False, 'room_type': False, 'transportation': False} all_resolved=False n_resolved=2/5 tokens=(3265,1460)
  N=5 tp_nonsynth_mf5_000044 seed=0 arm=selfcheckgpt level=hard: per_fault={'budget': True, 'days': False, 'cuisine': False, 'room_type': True, 'transportation': True} all_resolved=False n_resolved=3/5 tokens=(12217,2347)
  N=5 tp_nonsynth_mf5_000044 seed=0 arm=reflexion level=hard: per_fault={'budget': False, 'days': False, 'cuisine': False, 'room_type': False, 'transportation': False} all_resolved=False n_resolved=0/5 tokens=(10594,804)
  N=5 tp_nonsynth_mf5_000044 seed=0 arm=intro_specter level=hard: per_fault={'budget': True, 'days': False, 'cuisine': False, 'room_type': False, 'transportation': False} all_resolved=False n_resolved=1/5 tokens=(4070,1402)
  N=5 tp_nonsynth_mf5_000044 seed=1 arm=direct level=hard: per_fault={'budget': True, 'days': False, 'cuisine': False, 'room_type': False, 'transportation': True} all_resolved=False n_resolved=2/5 tokens=(1606,571)
  N=5 tp_nonsynth_mf5_000044 seed=1 arm=self_refine level=hard: per_fault={'budget': False, 'days': False, 'cuisine': False, 'room_type': False, 'transportation': False} all_resolved=False n_resolved=0/5 tokens=(3917,1338)
  N=5 tp_nonsynth_mf5_000044 seed=1 arm=full_regen level=hard: per_fault={'budget': True, 'days': True, 'cuisine': False, 'room_type': True, 'transportation': True} all_resolved=False n_resolved=4/5 tokens=(3212,1371)
  N=5 tp_nonsynth_mf5_000044 seed=1 arm=react level=hard: per_fault={'budget': True, 'days': False, 'cuisine': False, 'room_type': False, 'transportation': False} all_resolved=False n_resolved=1/5 tokens=(3265,1312)
  N=5 tp_nonsynth_mf5_000044 seed=1 arm=selfcheckgpt level=hard: per_fault={'budget': True, 'days': False, 'cuisine': False, 'room_type': False, 'transportation': True} all_resolved=False n_resolved=2/5 tokens=(10572,2044)
  N=5 tp_nonsynth_mf5_000044 seed=1 arm=reflexion level=hard: per_fault={'budget': False, 'days': False, 'cuisine': False, 'room_type': False, 'transportation': False} all_resolved=False n_resolved=0/5 tokens=(10654,794)
  N=5 tp_nonsynth_mf5_000044 seed=1 arm=intro_specter level=hard: per_fault={'budget': True, 'days': False, 'cuisine': False, 'room_type': False, 'transportation': True} all_resolved=False n_resolved=2/5 tokens=(4071,1439)
  N=5 tp_nonsynth_mf5_000044 seed=2 arm=direct level=hard: per_fault={'budget': True, 'days': False, 'cuisine': False, 'room_type': True, 'transportation': True} all_resolved=False n_resolved=3/5 tokens=(1606,576)
  N=5 tp_nonsynth_mf5_000044 seed=2 arm=self_refine level=hard: per_fault={'budget': False, 'days': True, 'cuisine': False, 'room_type': False, 'transportation': False} all_resolved=False n_resolved=1/5 tokens=(3901,1552)
  N=5 tp_nonsynth_mf5_000044 seed=2 arm=full_regen level=hard: per_fault={'budget': True, 'days': True, 'cuisine': False, 'room_type': True, 'transportation': True} all_resolved=False n_resolved=4/5 tokens=(3212,1246)
  N=5 tp_nonsynth_mf5_000044 seed=2 arm=react level=hard: per_fault={'budget': True, 'days': True, 'cuisine': False, 'room_type': False, 'transportation': False} all_resolved=False n_resolved=2/5 tokens=(3265,1229)
  N=5 tp_nonsynth_mf5_000044 seed=2 arm=selfcheckgpt level=hard: per_fault={'budget': True, 'days': False, 'cuisine': False, 'room_type': True, 'transportation': True} all_resolved=False n_resolved=3/5 tokens=(10552,1988)
  N=5 tp_nonsynth_mf5_000044 seed=2 arm=reflexion level=hard: per_fault={'budget': False, 'days': False, 'cuisine': False, 'room_type': False, 'transportation': False} all_resolved=False n_resolved=0/5 tokens=(10523,779)
  N=5 tp_nonsynth_mf5_000044 seed=2 arm=intro_specter level=hard: per_fault={'budget': True, 'days': False, 'cuisine': False, 'room_type': True, 'transportation': True} all_resolved=False n_resolved=3/5 tokens=(4055,1099)
  N=5 tp_nonsynth_mf5_000048 seed=0 arm=direct level=hard: per_fault={'budget': True, 'days': True, 'cuisine': False, 'house_rule': True, 'room_type': True} all_resolved=False n_resolved=4/5 tokens=(1609,797)
  N=5 tp_nonsynth_mf5_000048 seed=0 arm=self_refine level=hard: per_fault={'budget': False, 'days': True, 'cuisine': False, 'house_rule': True, 'room_type': False} all_resolved=False n_resolved=2/5 tokens=(4191,2011)
  N=5 tp_nonsynth_mf5_000048 seed=0 arm=full_regen level=hard: per_fault={'budget': True, 'days': True, 'cuisine': False, 'house_rule': True, 'room_type': True} all_resolved=False n_resolved=4/5 tokens=(3218,1398)
  N=5 tp_nonsynth_mf5_000048 seed=0 arm=react level=hard: per_fault={'budget': False, 'days': False, 'cuisine': False, 'house_rule': True, 'room_type': True} all_resolved=False n_resolved=2/5 tokens=(3271,1388)
  N=5 tp_nonsynth_mf5_000048 seed=0 arm=selfcheckgpt level=hard: per_fault={'budget': True, 'days': True, 'cuisine': False, 'house_rule': True, 'room_type': True} all_resolved=False n_resolved=4/5 tokens=(11595,1983)
  N=5 tp_nonsynth_mf5_000048 seed=0 arm=reflexion level=hard: per_fault={'budget': False, 'days': True, 'cuisine': False, 'house_rule': True, 'room_type': True} all_resolved=False n_resolved=3/5 tokens=(13256,2807)
  N=5 tp_nonsynth_mf5_000048 seed=0 arm=intro_specter level=hard: per_fault={'budget': True, 'days': False, 'cuisine': False, 'house_rule': True, 'room_type': True} all_resolved=False n_resolved=3/5 tokens=(4345,1067)
  N=5 tp_nonsynth_mf5_000048 seed=1 arm=direct level=hard: per_fault={'budget': True, 'days': False, 'cuisine': True, 'house_rule': True, 'room_type': True} all_resolved=False n_resolved=4/5 tokens=(1609,528)
  N=5 tp_nonsynth_mf5_000048 seed=1 arm=self_refine level=hard: per_fault={'budget': True, 'days': True, 'cuisine': False, 'house_rule': False, 'room_type': True} all_resolved=False n_resolved=3/5 tokens=(3992,1336)
  N=5 tp_nonsynth_mf5_000048 seed=1 arm=full_regen level=hard: per_fault={'budget': True, 'days': False, 'cuisine': False, 'house_rule': True, 'room_type': True} all_resolved=False n_resolved=3/5 tokens=(3218,1535)
  N=5 tp_nonsynth_mf5_000048 seed=1 arm=react level=hard: per_fault={'budget': False, 'days': False, 'cuisine': False, 'house_rule': True, 'room_type': True} all_resolved=False n_resolved=2/5 tokens=(3271,1053)
  N=5 tp_nonsynth_mf5_000048 seed=1 arm=reflexion level=hard: per_fault={'budget': False, 'days': False, 'cuisine': False, 'house_rule': False, 'room_type': False} all_resolved=False n_resolved=0/5 tokens=(10717,1122)
  N=5 tp_nonsynth_mf5_000048 seed=1 arm=intro_specter level=hard: per_fault={'budget': True, 'days': True, 'cuisine': True, 'house_rule': True, 'room_type': True} all_resolved=True n_resolved=5/5 tokens=(4146,1559)
  N=5 tp_nonsynth_mf5_000048 seed=2 arm=direct level=hard: per_fault={'budget': True, 'days': True, 'cuisine': False, 'house_rule': True, 'room_type': True} all_resolved=False n_resolved=4/5 tokens=(1609,828)
  N=5 tp_nonsynth_mf5_000048 seed=2 arm=self_refine level=hard: per_fault={'budget': False, 'days': True, 'cuisine': False, 'house_rule': False, 'room_type': False} all_resolved=False n_resolved=1/5 tokens=(4376,2309)
  N=5 tp_nonsynth_mf5_000048 seed=2 arm=full_regen level=hard: per_fault={'budget': True, 'days': False, 'cuisine': False, 'house_rule': True, 'room_type': True} all_resolved=False n_resolved=3/5 tokens=(3218,1277)
  N=5 tp_nonsynth_mf5_000048 seed=2 arm=react level=hard: per_fault={'budget': True, 'days': True, 'cuisine': False, 'house_rule': True, 'room_type': True} all_resolved=False n_resolved=4/5 tokens=(3271,1969)
  N=5 tp_nonsynth_mf5_000048 seed=2 arm=selfcheckgpt level=hard: per_fault={'budget': True, 'days': True, 'cuisine': False, 'house_rule': True, 'room_type': True} all_resolved=False n_resolved=4/5 tokens=(11562,1745)
  N=5 tp_nonsynth_mf5_000048 seed=2 arm=reflexion level=hard: per_fault={'budget': True, 'days': True, 'cuisine': False, 'house_rule': True, 'room_type': True} all_resolved=False n_resolved=4/5 tokens=(14089,3075)
  N=5 tp_nonsynth_mf5_000048 seed=2 arm=intro_specter level=hard: per_fault={'budget': True, 'days': False, 'cuisine': False, 'house_rule': True, 'room_type': True} all_resolved=False n_resolved=3/5 tokens=(4530,1415)
  N=5 tp_nonsynth_mf5_000050 seed=0 arm=direct level=hard: per_fault={'budget': True, 'days': False, 'cuisine': False, 'room_type': True, 'transportation': True} all_resolved=False n_resolved=3/5 tokens=(1606,642)
  N=5 tp_nonsynth_mf5_000050 seed=0 arm=self_refine level=hard: per_fault={'budget': False, 'days': True, 'cuisine': False, 'room_type': True, 'transportation': True} all_resolved=False n_resolved=3/5 tokens=(4009,1778)
  N=5 tp_nonsynth_mf5_000050 seed=0 arm=full_regen level=hard: per_fault={'budget': True, 'days': True, 'cuisine': False, 'room_type': True, 'transportation': True} all_resolved=False n_resolved=4/5 tokens=(3212,1367)
  N=5 tp_nonsynth_mf5_000050 seed=0 arm=react level=hard: per_fault={'budget': True, 'days': True, 'cuisine': False, 'room_type': True, 'transportation': False} all_resolved=False n_resolved=3/5 tokens=(3265,1372)
  N=5 tp_nonsynth_mf5_000050 seed=0 arm=selfcheckgpt level=hard: per_fault={'budget': True, 'days': True, 'cuisine': False, 'room_type': True, 'transportation': True} all_resolved=False n_resolved=4/5 tokens=(11916,2286)
  N=5 tp_nonsynth_mf5_000050 seed=0 arm=reflexion level=hard: per_fault={'budget': False, 'days': False, 'cuisine': False, 'room_type': False, 'transportation': False} all_resolved=False n_resolved=0/5 tokens=(10853,837)
  N=5 tp_nonsynth_mf5_000050 seed=0 arm=intro_specter level=hard: per_fault={'budget': True, 'days': True, 'cuisine': False, 'room_type': True, 'transportation': True} all_resolved=False n_resolved=4/5 tokens=(4163,1600)
  N=5 tp_nonsynth_mf5_000050 seed=1 arm=direct level=hard: per_fault={'budget': True, 'days': False, 'cuisine': False, 'room_type': True, 'transportation': True} all_resolved=False n_resolved=3/5 tokens=(1606,526)
  N=5 tp_nonsynth_mf5_000050 seed=1 arm=self_refine level=hard: per_fault={'budget': False, 'days': False, 'cuisine': False, 'room_type': False, 'transportation': False} all_resolved=False n_resolved=0/5 tokens=(3830,1113)
  N=5 tp_nonsynth_mf5_000050 seed=1 arm=full_regen level=hard: per_fault={'budget': True, 'days': False, 'cuisine': False, 'room_type': True, 'transportation': True} all_resolved=False n_resolved=3/5 tokens=(3212,1315)
  N=5 tp_nonsynth_mf5_000050 seed=1 arm=react level=hard: per_fault={'budget': True, 'days': False, 'cuisine': False, 'room_type': False, 'transportation': False} all_resolved=False n_resolved=1/5 tokens=(3265,1240)
  N=5 tp_nonsynth_mf5_000050 seed=1 arm=selfcheckgpt level=hard: per_fault={'budget': True, 'days': False, 'cuisine': False, 'room_type': True, 'transportation': True} all_resolved=False n_resolved=3/5 tokens=(12812,2975)
  N=5 tp_nonsynth_mf5_000050 seed=1 arm=reflexion level=hard: per_fault={'budget': False, 'days': False, 'cuisine': False, 'room_type': False, 'transportation': False} all_resolved=False n_resolved=0/5 tokens=(10318,789)
  N=5 tp_nonsynth_mf5_000050 seed=1 arm=intro_specter level=hard: per_fault={'budget': True, 'days': False, 'cuisine': False, 'room_type': True, 'transportation': True} all_resolved=False n_resolved=3/5 tokens=(3984,1220)
  N=5 tp_nonsynth_mf5_000050 seed=2 arm=direct level=hard: per_fault={'budget': True, 'days': True, 'cuisine': False, 'room_type': True, 'transportation': True} all_resolved=False n_resolved=4/5 tokens=(1606,817)
  N=5 tp_nonsynth_mf5_000050 seed=2 arm=self_refine level=hard: per_fault={'budget': True, 'days': True, 'cuisine': False, 'room_type': True, 'transportation': True} all_resolved=False n_resolved=4/5 tokens=(4205,2165)
  N=5 tp_nonsynth_mf5_000050 seed=2 arm=full_regen level=hard: per_fault={'budget': True, 'days': True, 'cuisine': False, 'room_type': False, 'transportation': False} all_resolved=False n_resolved=2/5 tokens=(3212,1331)
  N=5 tp_nonsynth_mf5_000050 seed=2 arm=react level=hard: per_fault={'budget': True, 'days': True, 'cuisine': False, 'room_type': True, 'transportation': False} all_resolved=False n_resolved=3/5 tokens=(3265,1582)
  N=5 tp_nonsynth_mf5_000050 seed=2 arm=selfcheckgpt level=hard: per_fault={'budget': True, 'days': True, 'cuisine': False, 'room_type': True, 'transportation': True} all_resolved=False n_resolved=4/5 tokens=(13078,3740)
  N=5 tp_nonsynth_mf5_000050 seed=2 arm=reflexion level=hard: per_fault={'budget': False, 'days': False, 'cuisine': False, 'room_type': False, 'transportation': False} all_resolved=False n_resolved=0/5 tokens=(11395,1039)
  N=5 tp_nonsynth_mf5_000050 seed=2 arm=intro_specter level=hard: per_fault={'budget': True, 'days': False, 'cuisine': False, 'room_type': True, 'transportation': True} all_resolved=False n_resolved=3/5 tokens=(4359,1391)
  N=5 tp_nonsynth_mf5_000055 seed=0 arm=direct level=hard: per_fault={'budget': True, 'days': True, 'house_rule': True, 'room_type': True, 'transportation': True} all_resolved=True n_resolved=5/5 tokens=(1576,545)
  N=5 tp_nonsynth_mf5_000055 seed=0 arm=self_refine level=hard: per_fault={'budget': True, 'days': True, 'house_rule': True, 'room_type': True, 'transportation': True} all_resolved=True n_resolved=5/5 tokens=(3810,1243)
  N=5 tp_nonsynth_mf5_000055 seed=0 arm=full_regen level=hard: per_fault={'budget': True, 'days': True, 'house_rule': True, 'room_type': True, 'transportation': True} all_resolved=True n_resolved=5/5 tokens=(3152,1293)
  N=5 tp_nonsynth_mf5_000055 seed=0 arm=react level=hard: per_fault={'budget': True, 'days': False, 'house_rule': True, 'room_type': False, 'transportation': False} all_resolved=False n_resolved=2/5 tokens=(3205,1151)
  N=5 tp_nonsynth_mf5_000055 seed=0 arm=selfcheckgpt level=hard: per_fault={'budget': True, 'days': True, 'house_rule': True, 'room_type': True, 'transportation': True} all_resolved=True n_resolved=5/5 tokens=(11334,1466)
  N=5 tp_nonsynth_mf5_000055 seed=0 arm=reflexion level=hard: per_fault={'budget': True, 'days': True, 'house_rule': True, 'room_type': True, 'transportation': True} all_resolved=True n_resolved=5/5 tokens=(1576,545)
  N=5 tp_nonsynth_mf5_000055 seed=0 arm=intro_specter level=hard: per_fault={'budget': True, 'days': True, 'house_rule': True, 'room_type': True, 'transportation': True} all_resolved=True n_resolved=5/5 tokens=(3964,1331)
  N=5 tp_nonsynth_mf5_000055 seed=1 arm=direct level=hard: per_fault={'budget': True, 'days': True, 'house_rule': True, 'room_type': True, 'transportation': True} all_resolved=True n_resolved=5/5 tokens=(1576,549)
  N=5 tp_nonsynth_mf5_000055 seed=1 arm=self_refine level=hard: per_fault={'budget': True, 'days': True, 'house_rule': True, 'room_type': True, 'transportation': True} all_resolved=True n_resolved=5/5 tokens=(3814,1411)
  N=5 tp_nonsynth_mf5_000055 seed=1 arm=full_regen level=hard: per_fault={'budget': True, 'days': True, 'house_rule': True, 'room_type': True, 'transportation': True} all_resolved=True n_resolved=5/5 tokens=(3152,1154)
  N=5 tp_nonsynth_mf5_000055 seed=1 arm=react level=hard: per_fault={'budget': False, 'days': False, 'house_rule': True, 'room_type': True, 'transportation': False} all_resolved=False n_resolved=2/5 tokens=(3205,1275)
  N=5 tp_nonsynth_mf5_000055 seed=1 arm=selfcheckgpt level=hard: per_fault={'budget': True, 'days': True, 'house_rule': True, 'room_type': True, 'transportation': True} all_resolved=True n_resolved=5/5 tokens=(11610,1931)
  N=5 tp_nonsynth_mf5_000055 seed=1 arm=reflexion level=hard: per_fault={'budget': True, 'days': True, 'house_rule': True, 'room_type': True, 'transportation': True} all_resolved=True n_resolved=5/5 tokens=(1576,549)
  N=5 tp_nonsynth_mf5_000055 seed=1 arm=intro_specter level=hard: per_fault={'budget': True, 'days': True, 'house_rule': True, 'room_type': True, 'transportation': True} all_resolved=True n_resolved=5/5 tokens=(3968,1281)
  N=5 tp_nonsynth_mf5_000055 seed=2 arm=direct level=hard: per_fault={'budget': True, 'days': True, 'house_rule': True, 'room_type': True, 'transportation': True} all_resolved=True n_resolved=5/5 tokens=(1576,572)
  N=5 tp_nonsynth_mf5_000055 seed=2 arm=self_refine level=hard: per_fault={'budget': True, 'days': True, 'house_rule': True, 'room_type': True, 'transportation': True} all_resolved=True n_resolved=5/5 tokens=(3837,1424)
  N=5 tp_nonsynth_mf5_000055 seed=2 arm=full_regen level=hard: per_fault={'budget': False, 'days': True, 'house_rule': True, 'room_type': True, 'transportation': True} all_resolved=False n_resolved=4/5 tokens=(3152,1361)
  N=5 tp_nonsynth_mf5_000055 seed=2 arm=react level=hard: per_fault={'budget': True, 'days': False, 'house_rule': False, 'room_type': False, 'transportation': False} all_resolved=False n_resolved=1/5 tokens=(3205,1073)
  N=5 tp_nonsynth_mf5_000055 seed=2 arm=selfcheckgpt level=hard: per_fault={'budget': True, 'days': True, 'house_rule': True, 'room_type': True, 'transportation': True} all_resolved=True n_resolved=5/5 tokens=(11748,2085)
  N=5 tp_nonsynth_mf5_000055 seed=2 arm=reflexion level=hard: per_fault={'budget': True, 'days': True, 'house_rule': True, 'room_type': True, 'transportation': True} all_resolved=True n_resolved=5/5 tokens=(1576,572)
  N=5 tp_nonsynth_mf5_000055 seed=2 arm=intro_specter level=hard: per_fault={'budget': True, 'days': True, 'house_rule': True, 'room_type': True, 'transportation': True} all_resolved=True n_resolved=5/5 tokens=(3991,1423)
  N=5 tp_nonsynth_mf5_000059 seed=0 arm=direct level=hard: per_fault={'budget': False, 'days': False, 'cuisine': False, 'house_rule': True, 'transportation': True} all_resolved=False n_resolved=2/5 tokens=(1548,436)
  N=5 tp_nonsynth_mf5_000059 seed=0 arm=self_refine level=hard: per_fault={'budget': True, 'days': True, 'cuisine': False, 'house_rule': True, 'transportation': True} all_resolved=False n_resolved=4/5 tokens=(3603,1341)
  N=5 tp_nonsynth_mf5_000059 seed=0 arm=full_regen level=hard: per_fault={'budget': False, 'days': False, 'cuisine': False, 'house_rule': True, 'transportation': False} all_resolved=False n_resolved=1/5 tokens=(3096,1144)
  N=5 tp_nonsynth_mf5_000059 seed=0 arm=react level=hard: per_fault={'budget': True, 'days': False, 'cuisine': False, 'house_rule': True, 'transportation': False} all_resolved=False n_resolved=2/5 tokens=(3149,1051)
  N=5 tp_nonsynth_mf5_000059 seed=0 arm=selfcheckgpt level=hard: per_fault={'budget': True, 'days': True, 'cuisine': False, 'house_rule': True, 'transportation': True} all_resolved=False n_resolved=4/5 tokens=(11773,2202)
  N=5 tp_nonsynth_mf5_000059 seed=0 arm=reflexion level=hard: per_fault={'budget': False, 'days': False, 'cuisine': False, 'house_rule': False, 'transportation': False} all_resolved=False n_resolved=0/5 tokens=(9723,702)
  N=5 tp_nonsynth_mf5_000059 seed=0 arm=intro_specter level=hard: per_fault={'budget': True, 'days': True, 'cuisine': False, 'house_rule': True, 'transportation': False} all_resolved=False n_resolved=3/5 tokens=(3757,876)
  N=5 tp_nonsynth_mf5_000059 seed=1 arm=direct level=hard: per_fault={'budget': True, 'days': True, 'cuisine': False, 'house_rule': True, 'transportation': True} all_resolved=False n_resolved=4/5 tokens=(1548,815)
  N=5 tp_nonsynth_mf5_000059 seed=1 arm=self_refine level=hard: per_fault={'budget': True, 'days': True, 'cuisine': False, 'house_rule': True, 'transportation': True} all_resolved=False n_resolved=4/5 tokens=(4129,2110)
  N=5 tp_nonsynth_mf5_000059 seed=1 arm=full_regen level=hard: per_fault={'budget': False, 'days': False, 'cuisine': False, 'house_rule': True, 'transportation': False} all_resolved=False n_resolved=1/5 tokens=(3096,1336)
  N=5 tp_nonsynth_mf5_000059 seed=1 arm=react level=hard: per_fault={'budget': True, 'days': True, 'cuisine': False, 'house_rule': True, 'transportation': True} all_resolved=False n_resolved=4/5 tokens=(3149,1601)
  N=5 tp_nonsynth_mf5_000059 seed=1 arm=selfcheckgpt level=hard: per_fault={'budget': True, 'days': True, 'cuisine': False, 'house_rule': True, 'transportation': True} all_resolved=False n_resolved=4/5 tokens=(10966,1818)
  N=5 tp_nonsynth_mf5_000059 seed=1 arm=reflexion level=hard: per_fault={'budget': False, 'days': False, 'cuisine': False, 'house_rule': False, 'transportation': False} all_resolved=False n_resolved=0/5 tokens=(11255,1206)
  N=5 tp_nonsynth_mf5_000059 seed=1 arm=intro_specter level=hard: per_fault={'budget': True, 'days': False, 'cuisine': False, 'house_rule': True, 'transportation': True} all_resolved=False n_resolved=3/5 tokens=(4283,1846)
  N=5 tp_nonsynth_mf5_000059 seed=2 arm=direct level=hard: per_fault={'budget': True, 'days': True, 'cuisine': False, 'house_rule': True, 'transportation': True} all_resolved=False n_resolved=4/5 tokens=(1548,862)
  N=5 tp_nonsynth_mf5_000059 seed=2 arm=self_refine level=hard: per_fault={'budget': False, 'days': True, 'cuisine': False, 'house_rule': True, 'transportation': False} all_resolved=False n_resolved=2/5 tokens=(4134,1811)
  N=5 tp_nonsynth_mf5_000059 seed=2 arm=full_regen level=hard: per_fault={'budget': True, 'days': True, 'cuisine': False, 'house_rule': True, 'transportation': False} all_resolved=False n_resolved=3/5 tokens=(3096,1412)
  N=5 tp_nonsynth_mf5_000059 seed=2 arm=react level=hard: per_fault={'budget': True, 'days': True, 'cuisine': False, 'house_rule': True, 'transportation': False} all_resolved=False n_resolved=3/5 tokens=(3149,1765)
  N=5 tp_nonsynth_mf5_000059 seed=2 arm=selfcheckgpt level=hard: per_fault={'budget': True, 'days': True, 'cuisine': False, 'house_rule': True, 'transportation': True} all_resolved=False n_resolved=4/5 tokens=(9500,1429)
  N=5 tp_nonsynth_mf5_000059 seed=2 arm=reflexion level=hard: per_fault={'budget': False, 'days': False, 'cuisine': False, 'house_rule': False, 'transportation': False} all_resolved=False n_resolved=0/5 tokens=(11235,1056)
  N=5 tp_nonsynth_mf5_000059 seed=2 arm=intro_specter level=hard: per_fault={'budget': True, 'days': False, 'cuisine': False, 'house_rule': True, 'transportation': True} all_resolved=False n_resolved=3/5 tokens=(4288,1582)
  N=5 tp_nonsynth_mf5_000060 seed=0 arm=direct level=hard: per_fault={'budget': True, 'days': True, 'cuisine': False, 'house_rule': True, 'transportation': True} all_resolved=False n_resolved=4/5 tokens=(1788,1241)
  N=5 tp_nonsynth_mf5_000060 seed=0 arm=self_refine level=hard: per_fault={'budget': False, 'days': True, 'cuisine': False, 'house_rule': True, 'transportation': True} all_resolved=False n_resolved=3/5 tokens=(5098,3184)
  N=5 tp_nonsynth_mf5_000060 seed=0 arm=full_regen level=hard: per_fault={'budget': True, 'days': False, 'cuisine': False, 'house_rule': True, 'transportation': True} all_resolved=False n_resolved=3/5 tokens=(3576,1682)
  N=5 tp_nonsynth_mf5_000060 seed=0 arm=react level=hard: per_fault={'budget': True, 'days': False, 'cuisine': False, 'house_rule': True, 'transportation': False} all_resolved=False n_resolved=2/5 tokens=(3629,2035)
  N=5 tp_nonsynth_mf5_000060 seed=0 arm=selfcheckgpt level=hard: per_fault={'budget': True, 'days': True, 'cuisine': False, 'house_rule': True, 'transportation': True} all_resolved=False n_resolved=4/5 tokens=(15393,3285)
  N=5 tp_nonsynth_mf5_000060 seed=0 arm=reflexion level=hard: per_fault={'budget': True, 'days': True, 'cuisine': False, 'house_rule': True, 'transportation': True} all_resolved=False n_resolved=4/5 tokens=(13902,2583)
  N=5 tp_nonsynth_mf5_000060 seed=0 arm=intro_specter level=hard: per_fault={'budget': True, 'days': True, 'cuisine': False, 'house_rule': True, 'transportation': True} all_resolved=False n_resolved=4/5 tokens=(5252,1574)
  N=5 tp_nonsynth_mf5_000060 seed=1 arm=direct level=hard: per_fault={'budget': True, 'days': False, 'cuisine': False, 'house_rule': True, 'transportation': True} all_resolved=False n_resolved=3/5 tokens=(1788,617)
  N=5 tp_nonsynth_mf5_000060 seed=1 arm=self_refine level=hard: per_fault={'budget': True, 'days': True, 'cuisine': False, 'house_rule': True, 'transportation': True} all_resolved=False n_resolved=4/5 tokens=(4348,1753)
  N=5 tp_nonsynth_mf5_000060 seed=1 arm=full_regen level=hard: per_fault={'budget': True, 'days': False, 'cuisine': False, 'house_rule': True, 'transportation': True} all_resolved=False n_resolved=3/5 tokens=(3576,1369)
  N=5 tp_nonsynth_mf5_000060 seed=1 arm=react level=hard: per_fault={'budget': True, 'days': False, 'cuisine': False, 'house_rule': False, 'transportation': False} all_resolved=False n_resolved=1/5 tokens=(3629,1270)
  N=5 tp_nonsynth_mf5_000060 seed=1 arm=selfcheckgpt level=hard: per_fault={'budget': True, 'days': True, 'cuisine': False, 'house_rule': True, 'transportation': True} all_resolved=False n_resolved=4/5 tokens=(13078,2013)
  N=5 tp_nonsynth_mf5_000060 seed=1 arm=reflexion level=hard: per_fault={'budget': False, 'days': False, 'cuisine': False, 'house_rule': False, 'transportation': False} all_resolved=False n_resolved=0/5 tokens=(11681,1367)
  N=5 tp_nonsynth_mf5_000060 seed=1 arm=intro_specter level=hard: per_fault={'budget': True, 'days': True, 'cuisine': False, 'house_rule': True, 'transportation': True} all_resolved=False n_resolved=4/5 tokens=(4502,1456)
  N=5 tp_nonsynth_mf5_000060 seed=2 arm=direct level=hard: per_fault={'budget': True, 'days': False, 'cuisine': False, 'house_rule': True, 'transportation': True} all_resolved=False n_resolved=3/5 tokens=(1788,775)
  N=5 tp_nonsynth_mf5_000060 seed=2 arm=self_refine level=hard: per_fault={'budget': True, 'days': True, 'cuisine': False, 'house_rule': True, 'transportation': True} all_resolved=False n_resolved=4/5 tokens=(4569,2141)
  N=5 tp_nonsynth_mf5_000060 seed=2 arm=full_regen level=hard: per_fault={'budget': True, 'days': False, 'cuisine': False, 'house_rule': True, 'transportation': True} all_resolved=False n_resolved=3/5 tokens=(3576,1317)
  N=5 tp_nonsynth_mf5_000060 seed=2 arm=react level=hard: per_fault={'budget': True, 'days': True, 'cuisine': False, 'house_rule': True, 'transportation': False} all_resolved=False n_resolved=3/5 tokens=(3629,1868)
  N=5 tp_nonsynth_mf5_000060 seed=2 arm=selfcheckgpt level=hard: per_fault={'budget': True, 'days': False, 'cuisine': False, 'house_rule': True, 'transportation': True} all_resolved=False n_resolved=3/5 tokens=(11974,2370)
  N=5 tp_nonsynth_mf5_000060 seed=2 arm=reflexion level=hard: per_fault={'budget': False, 'days': False, 'cuisine': False, 'house_rule': False, 'transportation': False} all_resolved=False n_resolved=0/5 tokens=(12342,1708)
  N=5 tp_nonsynth_mf5_000060 seed=2 arm=intro_specter level=hard: per_fault={'budget': True, 'days': False, 'cuisine': False, 'house_rule': True, 'transportation': True} all_resolved=False n_resolved=3/5 tokens=(4723,1991)
  N=5 tp_nonsynth_mf5_000061 seed=0 arm=direct level=hard: per_fault={'budget': False, 'days': False, 'house_rule': True, 'room_type': True, 'transportation': True} all_resolved=False n_resolved=3/5 tokens=(1592,346)
  N=5 tp_nonsynth_mf5_000061 seed=0 arm=self_refine level=hard: per_fault={'budget': True, 'days': True, 'house_rule': True, 'room_type': True, 'transportation': True} all_resolved=True n_resolved=5/5 tokens=(3601,1210)
  N=5 tp_nonsynth_mf5_000061 seed=0 arm=full_regen level=hard: per_fault={'budget': True, 'days': True, 'house_rule': True, 'room_type': True, 'transportation': True} all_resolved=True n_resolved=5/5 tokens=(3184,1135)
  N=5 tp_nonsynth_mf5_000061 seed=0 arm=react level=hard: per_fault={'budget': False, 'days': False, 'house_rule': True, 'room_type': True, 'transportation': True} all_resolved=False n_resolved=3/5 tokens=(3237,884)
  N=5 tp_nonsynth_mf5_000061 seed=0 arm=selfcheckgpt level=hard: per_fault={'budget': False, 'days': False, 'house_rule': True, 'room_type': True, 'transportation': True} all_resolved=False n_resolved=3/5 tokens=(9940,1165)
  N=5 tp_nonsynth_mf5_000061 seed=0 arm=reflexion level=hard: per_fault={'budget': False, 'days': False, 'house_rule': False, 'room_type': False, 'transportation': False} all_resolved=False n_resolved=0/5 tokens=(9614,1040)
  N=5 tp_nonsynth_mf5_000061 seed=0 arm=intro_specter level=hard: per_fault={'budget': True, 'days': True, 'house_rule': True, 'room_type': True, 'transportation': True} all_resolved=True n_resolved=5/5 tokens=(3755,830)
  N=5 tp_nonsynth_mf5_000061 seed=1 arm=direct level=hard: per_fault={'budget': True, 'days': False, 'house_rule': True, 'room_type': True, 'transportation': True} all_resolved=False n_resolved=4/5 tokens=(1592,464)
  N=5 tp_nonsynth_mf5_000061 seed=1 arm=self_refine level=hard: per_fault={'budget': False, 'days': True, 'house_rule': True, 'room_type': True, 'transportation': True} all_resolved=False n_resolved=4/5 tokens=(3761,1354)
  N=5 tp_nonsynth_mf5_000061 seed=1 arm=full_regen level=hard: per_fault={'budget': True, 'days': False, 'house_rule': True, 'room_type': True, 'transportation': True} all_resolved=False n_resolved=4/5 tokens=(3184,1099)
  N=5 tp_nonsynth_mf5_000061 seed=1 arm=react level=hard: per_fault={'budget': True, 'days': False, 'house_rule': False, 'room_type': True, 'transportation': False} all_resolved=False n_resolved=2/5 tokens=(3237,1088)
  N=5 tp_nonsynth_mf5_000061 seed=1 arm=selfcheckgpt level=hard: per_fault={'budget': False, 'days': True, 'house_rule': True, 'room_type': True, 'transportation': True} all_resolved=False n_resolved=4/5 tokens=(11170,1444)
  N=5 tp_nonsynth_mf5_000061 seed=1 arm=reflexion level=hard: per_fault={'budget': False, 'days': False, 'house_rule': False, 'room_type': False, 'transportation': False} all_resolved=False n_resolved=0/5 tokens=(10039,936)
  N=5 tp_nonsynth_mf5_000061 seed=1 arm=intro_specter level=hard: per_fault={'budget': True, 'days': False, 'house_rule': True, 'room_type': True, 'transportation': True} all_resolved=False n_resolved=4/5 tokens=(3915,1069)
  N=5 tp_nonsynth_mf5_000061 seed=2 arm=direct level=hard: per_fault={'budget': True, 'days': True, 'house_rule': True, 'room_type': True, 'transportation': True} all_resolved=True n_resolved=5/5 tokens=(1592,762)
  N=5 tp_nonsynth_mf5_000061 seed=2 arm=self_refine level=hard: per_fault={'budget': True, 'days': True, 'house_rule': True, 'room_type': True, 'transportation': True} all_resolved=True n_resolved=5/5 tokens=(4101,1867)
  N=5 tp_nonsynth_mf5_000061 seed=2 arm=full_regen level=hard: per_fault={'budget': True, 'days': False, 'house_rule': False, 'room_type': False, 'transportation': False} all_resolved=False n_resolved=1/5 tokens=(3184,1257)
  N=5 tp_nonsynth_mf5_000061 seed=2 arm=react level=hard: per_fault={'budget': False, 'days': False, 'house_rule': True, 'room_type': True, 'transportation': True} all_resolved=False n_resolved=3/5 tokens=(3237,1478)
[RETRY] selfcheckgpt task=tp_nonsynth_mf5_000062 seed=0 attempt 1/5 failed (failed to obtain JSON after 3 attempts: could not parse JSON from model output:
{
  "final_output": "To create a 7-day travel plan for a group of 5, departing from La Crosse and visiting 3 cities in Illinois, we need to consider the true values of the constraints. The travel dates are from March 18th to March 25th, 2022, and our budget is $4800. We require accommodations that are suitable for children under 10 and would like to book entire rooms. We prefer no flights for our mode of transportation. Here's a day-by-day plan: \nDay 1: \n- Accommodation: Entire room in Moline,); retrying in 3s
[RETRY] selfcheckgpt task=tp_nonsynth_mf5_000062 seed=0 attempt 2/5 failed (failed to obtain JSON after 3 attempts: could not parse JSON from model output:
{
  "final_output": "To create a 7-day travel plan for a group of 5, departing from La Crosse and visiting 3 cities in Illinois, we need to consider the true values of the constraints. The travel dates are from March 18th to March 25th, 2022, and our budget is $4800. We require accommodations that are suitable for children under 10 and would like to book entire rooms. We prefer no flights for our mode of transportation. Here's a day-by-day plan: \nDay 1: \n- Accommodation: Entire room in Moline,); retrying in 6s
[RETRY] selfcheckgpt task=tp_nonsynth_mf5_000062 seed=0 attempt 3/5 failed (failed to obtain JSON after 3 attempts: could not parse JSON from model output:
{
  "final_output": "To create a 7-day travel plan for a group of 5, departing from La Crosse and visiting 3 cities in Illinois, we need to consider the true values of the constraints. The travel dates are from March 18th to March 25th, 2022, and our budget is $4800. We require accommodations that are suitable for children under 10 and would like to book entire rooms. We prefer no flights for our mode of transportation. Here's a day-by-day plan: \nDay 1: \n- Accommodation: Entire room in Moline,); retrying in 12s
[RETRY] selfcheckgpt task=tp_nonsynth_mf5_000062 seed=0 attempt 4/5 failed (failed to obtain JSON after 3 attempts: could not parse JSON from model output:
{
  "final_output": "To create a 7-day travel plan for a group of 5, departing from La Crosse and visiting 3 cities in Illinois, we need to consider the true values of the constraints. The travel dates are from March 18th to March 25th, 2022, and our budget is $4800. We require accommodations that are suitable for children under 10 and would like to book entire rooms. We prefer no flights for our mode of transportation. Here's a day-by-day plan: \nDay 1: \n- Accommodation: Entire room in Moline,); retrying in 24s
[ERROR] selfcheckgpt failed task=tp_nonsynth_mf5_000062 seed=0: failed to obtain JSON after 3 attempts: could not parse JSON from model output:
{
  "final_output": "To create a 7-day travel plan for a group of 5, departing from La Crosse and visiting 3 cities in Illinois, we need to consider the true values of the constraints. The travel dates are from March 18th to March 25th, 2022, and our budget is $4800. We require accommodations that are suitable for children under 10 and would like to book entire rooms. We prefer no flights for our mode of transportation. Here's a day-by-day plan: \nDay 1: \n- Accommodation: Entire room in Moline,
[RETRY] selfcheckgpt task=tp_nonsynth_mf5_000062 seed=1 attempt 1/5 failed (failed to obtain JSON after 3 attempts: could not parse JSON from model output:
{
  "final_output": "To create a travel plan for a group of 5 from La Crosse to Illinois, considering the local constraints and true values, here's a suggested 7-day itinerary from March 18th to March 24th, 2022:\nDay 1: Arrival in Moline, Illinois. Accommodation: Entire room at a family-friendly hotel (cost: $800). Meal: Dinner at a local restaurant (cost: $200). Attraction: Visit Sylvan Island (free admission).\nDay 2: Moline. Accommodation: Same as Day 1 (cost: $800). Meal: Breakfast at a caf); retrying in 3s
[RETRY] selfcheckgpt task=tp_nonsynth_mf5_000062 seed=1 attempt 2/5 failed (failed to obtain JSON after 3 attempts: could not parse JSON from model output:
{
  "final_output": "To create a travel plan for a group of 5 from La Crosse to Illinois, considering the local constraints and true values, here's a suggested 7-day itinerary from March 18th to March 24th, 2022:\nDay 1: Arrival in Moline, Illinois. Accommodation: Entire room at a family-friendly hotel (cost: $800). Meal: Dinner at a local restaurant (cost: $200). Attraction: Visit Sylvan Island (free admission).\nDay 2: Moline. Accommodation: Same as Day 1 (cost: $800). Meal: Breakfast at a caf); retrying in 6s
[RETRY] selfcheckgpt task=tp_nonsynth_mf5_000062 seed=1 attempt 3/5 failed (failed to obtain JSON after 3 attempts: could not parse JSON from model output:
{
  "final_output": "To create a travel plan for a group of 5 from La Crosse to Illinois, considering the local constraints and true values, here's a suggested 7-day itinerary from March 18th to March 24th, 2022:\nDay 1: Arrival in Moline, Illinois. Accommodation: Entire room at a family-friendly hotel (cost: $800). Meal: Dinner at a local restaurant (cost: $200). Attraction: Visit Sylvan Island (free admission).\nDay 2: Moline. Accommodation: Same as Day 1 (cost: $800). Meal: Breakfast at a caf); retrying in 12s
[RETRY] selfcheckgpt task=tp_nonsynth_mf5_000062 seed=1 attempt 4/5 failed (failed to obtain JSON after 3 attempts: could not parse JSON from model output:
{
  "final_output": "To create a travel plan for a group of 5 from La Crosse to Illinois, considering the local constraints and true values, here's a suggested 7-day itinerary from March 18th to March 24th, 2022:\nDay 1: Arrival in Moline, Illinois. Accommodation: Entire room at a family-friendly hotel (cost: $800). Meal: Dinner at a local restaurant (cost: $200). Attraction: Visit Sylvan Island (free admission).\nDay 2: Moline. Accommodation: Same as Day 1 (cost: $800). Meal: Breakfast at a caf); retrying in 24s
[ERROR] selfcheckgpt failed task=tp_nonsynth_mf5_000062 seed=1: failed to obtain JSON after 3 attempts: could not parse JSON from model output:
{
  "final_output": "To create a travel plan for a group of 5 from La Crosse to Illinois, considering the local constraints and true values, here's a suggested 7-day itinerary from March 18th to March 24th, 2022:\nDay 1: Arrival in Moline, Illinois. Accommodation: Entire room at a family-friendly hotel (cost: $800). Meal: Dinner at a local restaurant (cost: $200). Attraction: Visit Sylvan Island (free admission).\nDay 2: Moline. Accommodation: Same as Day 1 (cost: $800). Meal: Breakfast at a caf
[RETRY] selfcheckgpt task=tp_nonsynth_mf5_000062 seed=2 attempt 1/5 failed (failed to obtain JSON after 3 attempts: could not parse JSON from model output:
{
  "final_output": "To create a travel plan for a group of 5 from La Crosse to Illinois, given the constraints and preferences, here's a day-by-day itinerary from March 18th to March 25th, 2022, since the original end date of March 24th does not satisfy the 8-day requirement but adjusting for a 7-day trip as per true values:\nDay 1 (March 18th): Travel from La Crosse to Moline, Illinois, by taxi or car, as the 'no flight' constraint is respected but 'taxi' might not be practical for group trave); retrying in 3s
[RETRY] selfcheckgpt task=tp_nonsynth_mf5_000062 seed=2 attempt 2/5 failed (failed to obtain JSON after 3 attempts: could not parse JSON from model output:
{
  "final_output": "To create a travel plan for a group of 5 from La Crosse to Illinois, given the constraints and preferences, here's a day-by-day itinerary from March 18th to March 25th, 2022, since the original end date of March 24th does not satisfy the 8-day requirement but adjusting for a 7-day trip as per true values:\nDay 1 (March 18th): Travel from La Crosse to Moline, Illinois, by taxi or car, as the 'no flight' constraint is respected but 'taxi' might not be practical for group trave); retrying in 6s
[RETRY] selfcheckgpt task=tp_nonsynth_mf5_000062 seed=2 attempt 3/5 failed (failed to obtain JSON after 3 attempts: could not parse JSON from model output:
{
  "final_output": "To create a travel plan for a group of 5 from La Crosse to Illinois, given the constraints and preferences, here's a day-by-day itinerary from March 18th to March 25th, 2022, since the original end date of March 24th does not satisfy the 8-day requirement but adjusting for a 7-day trip as per true values:\nDay 1 (March 18th): Travel from La Crosse to Moline, Illinois, by taxi or car, as the 'no flight' constraint is respected but 'taxi' might not be practical for group trave); retrying in 12s
[RETRY] selfcheckgpt task=tp_nonsynth_mf5_000062 seed=2 attempt 4/5 failed (failed to obtain JSON after 3 attempts: could not parse JSON from model output:
{
  "final_output": "To create a travel plan for a group of 5 from La Crosse to Illinois, given the constraints and preferences, here's a day-by-day itinerary from March 18th to March 25th, 2022, since the original end date of March 24th does not satisfy the 8-day requirement but adjusting for a 7-day trip as per true values:\nDay 1 (March 18th): Travel from La Crosse to Moline, Illinois, by taxi or car, as the 'no flight' constraint is respected but 'taxi' might not be practical for group trave); retrying in 24s
[ERROR] selfcheckgpt failed task=tp_nonsynth_mf5_000062 seed=2: failed to obtain JSON after 3 attempts: could not parse JSON from model output:
{
  "final_output": "To create a travel plan for a group of 5 from La Crosse to Illinois, given the constraints and preferences, here's a day-by-day itinerary from March 18th to March 25th, 2022, since the original end date of March 24th does not satisfy the 8-day requirement but adjusting for a 7-day trip as per true values:\nDay 1 (March 18th): Travel from La Crosse to Moline, Illinois, by taxi or car, as the 'no flight' constraint is respected but 'taxi' might not be practical for group trave
[RETRY] selfcheckgpt task=tp_nonsynth_mf5_000063 seed=1 attempt 1/5 failed (failed to obtain JSON after 3 attempts: could not parse JSON from model output:
{
  "final_output": "To plan a 7-day trip from Seattle to Florida with a budget of $25,450 for 4 people, considering local constraints and true values, here's a revised itinerary:\nDay 1 (March 17th, 2022): Arrive in Orlando, Florida. Accommodation: Rent an entire room in a hotel that allows parties, such as the Hyatt Regency Orlando, for $200/night. Meal: Lunch at The Polite Pig ($20/person) and dinner at The Boathouse ($30/person). Attraction: Visit the Universal Orlando Resort ($100/person). ); retrying in 3s
[RETRY] selfcheckgpt task=tp_nonsynth_mf5_000063 seed=1 attempt 2/5 failed (failed to obtain JSON after 3 attempts: could not parse JSON from model output:
{
  "final_output": "To plan a 7-day trip from Seattle to Florida with a budget of $25,450 for 4 people, considering local constraints and true values, here's a revised itinerary:\nDay 1 (March 17th, 2022): Arrive in Orlando, Florida. Accommodation: Rent an entire room in a hotel that allows parties, such as the Hyatt Regency Orlando, for $200/night. Meal: Lunch at The Polite Pig ($20/person) and dinner at The Boathouse ($30/person). Attraction: Visit the Universal Orlando Resort ($100/person). ); retrying in 6s
[RETRY] selfcheckgpt task=tp_nonsynth_mf5_000063 seed=1 attempt 3/5 failed (failed to obtain JSON after 3 attempts: could not parse JSON from model output:
{
  "final_output": "To plan a 7-day trip from Seattle to Florida with a budget of $25,450 for 4 people, considering local constraints and true values, here's a revised itinerary:\nDay 1 (March 17th, 2022): Arrive in Orlando, Florida. Accommodation: Rent an entire room in a hotel that allows parties, such as the Hyatt Regency Orlando, for $200/night. Meal: Lunch at The Polite Pig ($20/person) and dinner at The Boathouse ($30/person). Attraction: Visit the Universal Orlando Resort ($100/person). ); retrying in 12s
[RETRY] selfcheckgpt task=tp_nonsynth_mf5_000063 seed=1 attempt 4/5 failed (failed to obtain JSON after 3 attempts: could not parse JSON from model output:
{
  "final_output": "To plan a 7-day trip from Seattle to Florida with a budget of $25,450 for 4 people, considering local constraints and true values, here's a revised itinerary:\nDay 1 (March 17th, 2022): Arrive in Orlando, Florida. Accommodation: Rent an entire room in a hotel that allows parties, such as the Hyatt Regency Orlando, for $200/night. Meal: Lunch at The Polite Pig ($20/person) and dinner at The Boathouse ($30/person). Attraction: Visit the Universal Orlando Resort ($100/person). ); retrying in 24s
[ERROR] selfcheckgpt failed task=tp_nonsynth_mf5_000063 seed=1: failed to obtain JSON after 3 attempts: could not parse JSON from model output:
{
  "final_output": "To plan a 7-day trip from Seattle to Florida with a budget of $25,450 for 4 people, considering local constraints and true values, here's a revised itinerary:\nDay 1 (March 17th, 2022): Arrive in Orlando, Florida. Accommodation: Rent an entire room in a hotel that allows parties, such as the Hyatt Regency Orlando, for $200/night. Meal: Lunch at The Polite Pig ($20/person) and dinner at The Boathouse ($30/person). Attraction: Visit the Universal Orlando Resort ($100/person). 
  N=5 tp_nonsynth_mf5_000061 seed=2 arm=selfcheckgpt level=hard: per_fault={'budget': True, 'days': True, 'house_rule': True, 'room_type': True, 'transportation': True} all_resolved=True n_resolved=5/5 tokens=(11208,1734)
  N=5 tp_nonsynth_mf5_000061 seed=2 arm=reflexion level=hard: per_fault={'budget': True, 'days': True, 'house_rule': True, 'room_type': True, 'transportation': True} all_resolved=True n_resolved=5/5 tokens=(1592,762)
  N=5 tp_nonsynth_mf5_000061 seed=2 arm=intro_specter level=hard: per_fault={'budget': True, 'days': True, 'house_rule': True, 'room_type': True, 'transportation': True} all_resolved=True n_resolved=5/5 tokens=(4255,1644)
  N=5 tp_nonsynth_mf5_000062 seed=0 arm=direct level=hard: per_fault={'budget': True, 'days': False, 'house_rule': True, 'room_type': True, 'transportation': False} all_resolved=False n_resolved=3/5 tokens=(1640,550)
  N=5 tp_nonsynth_mf5_000062 seed=0 arm=self_refine level=hard: per_fault={'budget': True, 'days': False, 'house_rule': True, 'room_type': True, 'transportation': True} all_resolved=False n_resolved=4/5 tokens=(3985,1436)
  N=5 tp_nonsynth_mf5_000062 seed=0 arm=full_regen level=hard: per_fault={'budget': False, 'days': True, 'house_rule': True, 'room_type': True, 'transportation': True} all_resolved=False n_resolved=4/5 tokens=(3280,1316)
  N=5 tp_nonsynth_mf5_000062 seed=0 arm=react level=hard: per_fault={'budget': True, 'days': True, 'house_rule': True, 'room_type': True, 'transportation': False} all_resolved=False n_resolved=4/5 tokens=(3333,1466)
  N=5 tp_nonsynth_mf5_000062 seed=0 arm=reflexion level=hard: per_fault={'budget': False, 'days': False, 'house_rule': False, 'room_type': False, 'transportation': False} all_resolved=False n_resolved=0/5 tokens=(10708,1174)
  N=5 tp_nonsynth_mf5_000062 seed=0 arm=intro_specter level=hard: per_fault={'budget': True, 'days': False, 'house_rule': True, 'room_type': True, 'transportation': True} all_resolved=False n_resolved=4/5 tokens=(4139,1374)
  N=5 tp_nonsynth_mf5_000062 seed=1 arm=direct level=hard: per_fault={'budget': True, 'days': False, 'house_rule': True, 'room_type': True, 'transportation': True} all_resolved=False n_resolved=4/5 tokens=(1640,734)
  N=5 tp_nonsynth_mf5_000062 seed=1 arm=self_refine level=hard: per_fault={'budget': True, 'days': False, 'house_rule': True, 'room_type': True, 'transportation': True} all_resolved=False n_resolved=4/5 tokens=(4190,1720)
  N=5 tp_nonsynth_mf5_000062 seed=1 arm=full_regen level=hard: per_fault={'budget': True, 'days': False, 'house_rule': True, 'room_type': True, 'transportation': True} all_resolved=False n_resolved=4/5 tokens=(3280,1298)
  N=5 tp_nonsynth_mf5_000062 seed=1 arm=react level=hard: per_fault={'budget': True, 'days': False, 'house_rule': True, 'room_type': True, 'transportation': False} all_resolved=False n_resolved=3/5 tokens=(3333,1459)
  N=5 tp_nonsynth_mf5_000062 seed=1 arm=reflexion level=hard: per_fault={'budget': False, 'days': False, 'house_rule': False, 'room_type': False, 'transportation': False} all_resolved=False n_resolved=0/5 tokens=(11275,2395)
  N=5 tp_nonsynth_mf5_000062 seed=1 arm=intro_specter level=hard: per_fault={'budget': True, 'days': True, 'house_rule': True, 'room_type': True, 'transportation': True} all_resolved=True n_resolved=5/5 tokens=(4344,1619)
  N=5 tp_nonsynth_mf5_000062 seed=2 arm=direct level=hard: per_fault={'budget': True, 'days': False, 'house_rule': True, 'room_type': True, 'transportation': True} all_resolved=False n_resolved=4/5 tokens=(1640,680)
  N=5 tp_nonsynth_mf5_000062 seed=2 arm=self_refine level=hard: per_fault={'budget': True, 'days': False, 'house_rule': True, 'room_type': True, 'transportation': True} all_resolved=False n_resolved=4/5 tokens=(4136,1417)
  N=5 tp_nonsynth_mf5_000062 seed=2 arm=full_regen level=hard: per_fault={'budget': True, 'days': False, 'house_rule': True, 'room_type': True, 'transportation': True} all_resolved=False n_resolved=4/5 tokens=(3280,1304)
  N=5 tp_nonsynth_mf5_000062 seed=2 arm=react level=hard: per_fault={'budget': True, 'days': True, 'house_rule': True, 'room_type': True, 'transportation': True} all_resolved=True n_resolved=5/5 tokens=(3333,1356)
  N=5 tp_nonsynth_mf5_000062 seed=2 arm=reflexion level=hard: per_fault={'budget': True, 'days': True, 'house_rule': True, 'room_type': True, 'transportation': True} all_resolved=True n_resolved=5/5 tokens=(11117,2585)
  N=5 tp_nonsynth_mf5_000062 seed=2 arm=intro_specter level=hard: per_fault={'budget': True, 'days': False, 'house_rule': True, 'room_type': True, 'transportation': True} all_resolved=False n_resolved=4/5 tokens=(4290,1475)
  N=5 tp_nonsynth_mf5_000063 seed=0 arm=direct level=hard: per_fault={'budget': True, 'days': False, 'house_rule': True, 'room_type': True, 'transportation': True} all_resolved=False n_resolved=4/5 tokens=(1497,799)
  N=5 tp_nonsynth_mf5_000063 seed=0 arm=self_refine level=hard: per_fault={'budget': True, 'days': False, 'house_rule': True, 'room_type': True, 'transportation': True} all_resolved=False n_resolved=4/5 tokens=(4011,1900)
  N=5 tp_nonsynth_mf5_000063 seed=0 arm=full_regen level=hard: per_fault={'budget': True, 'days': False, 'house_rule': True, 'room_type': True, 'transportation': True} all_resolved=False n_resolved=4/5 tokens=(2994,1310)
  N=5 tp_nonsynth_mf5_000063 seed=0 arm=react level=hard: per_fault={'budget': True, 'days': False, 'house_rule': False, 'room_type': False, 'transportation': False} all_resolved=False n_resolved=1/5 tokens=(3047,1397)
  N=5 tp_nonsynth_mf5_000063 seed=0 arm=selfcheckgpt level=hard: per_fault={'budget': True, 'days': True, 'house_rule': True, 'room_type': True, 'transportation': True} all_resolved=True n_resolved=5/5 tokens=(11609,2702)
  N=5 tp_nonsynth_mf5_000063 seed=0 arm=reflexion level=hard: per_fault={'budget': False, 'days': False, 'house_rule': False, 'room_type': False, 'transportation': False} all_resolved=False n_resolved=0/5 tokens=(10876,1050)
  N=5 tp_nonsynth_mf5_000063 seed=0 arm=intro_specter level=hard: per_fault={'budget': True, 'days': False, 'house_rule': True, 'room_type': True, 'transportation': True} all_resolved=False n_resolved=4/5 tokens=(4165,1571)
  N=5 tp_nonsynth_mf5_000063 seed=1 arm=direct level=hard: per_fault={'budget': True, 'days': False, 'house_rule': True, 'room_type': True, 'transportation': False} all_resolved=False n_resolved=3/5 tokens=(1497,1058)
  N=5 tp_nonsynth_mf5_000063 seed=1 arm=self_refine level=hard: per_fault={'budget': False, 'days': False, 'house_rule': True, 'room_type': True, 'transportation': True} all_resolved=False n_resolved=3/5 tokens=(4354,2616)
  N=5 tp_nonsynth_mf5_000063 seed=1 arm=full_regen level=hard: per_fault={'budget': True, 'days': True, 'house_rule': True, 'room_type': True, 'transportation': True} all_resolved=True n_resolved=5/5 tokens=(2994,1801)
  N=5 tp_nonsynth_mf5_000063 seed=1 arm=react level=hard: per_fault={'budget': True, 'days': False, 'house_rule': True, 'room_type': False, 'transportation': False} all_resolved=False n_resolved=2/5 tokens=(3047,1752)
  N=5 tp_nonsynth_mf5_000063 seed=1 arm=reflexion level=hard: per_fault={'budget': True, 'days': False, 'house_rule': True, 'room_type': True, 'transportation': False} all_resolved=False n_resolved=3/5 tokens=(14719,3761)
  N=5 tp_nonsynth_mf5_000063 seed=1 arm=intro_specter level=hard: per_fault={'budget': True, 'days': False, 'house_rule': True, 'room_type': True, 'transportation': False} all_resolved=False n_resolved=3/5 tokens=(4508,1666)
  N=5 tp_nonsynth_mf5_000063 seed=2 arm=direct level=hard: per_fault={'budget': True, 'days': True, 'house_rule': True, 'room_type': True, 'transportation': True} all_resolved=True n_resolved=5/5 tokens=(1497,1163)
  N=5 tp_nonsynth_mf5_000063 seed=2 arm=self_refine level=hard: per_fault={'budget': True, 'days': True, 'house_rule': True, 'room_type': True, 'transportation': True} all_resolved=True n_resolved=5/5 tokens=(4480,2601)
  N=5 tp_nonsynth_mf5_000063 seed=2 arm=full_regen level=hard: per_fault={'budget': True, 'days': False, 'house_rule': True, 'room_type': True, 'transportation': True} all_resolved=False n_resolved=4/5 tokens=(2994,2046)
[RETRY] selfcheckgpt task=tp_nonsynth_mf5_000063 seed=2 attempt 1/5 failed (failed to obtain JSON after 3 attempts: could not parse JSON from model output:
{
  "final_output": "To plan a trip from Seattle to Florida for 4 people from March 17th to March 23rd, 2022, with a budget of $25,450, considering the constraints and preferences provided, here's a suggested itinerary:\nDay 1 (March 17th): Arrive in Orlando, Florida. Accommodation: Rent an entire room in a hotel that allows parties, such as the Hyatt Regency Orlando. Meals: Breakfast at Keke's Breakfast Cafe, lunch at The Polite Pig, and dinner at The Coop. Attractions: Visit the Universal Orla); retrying in 3s
[RETRY] selfcheckgpt task=tp_nonsynth_mf5_000063 seed=2 attempt 2/5 failed (failed to obtain JSON after 3 attempts: could not parse JSON from model output:
{
  "final_output": "To plan a trip from Seattle to Florida for 4 people from March 17th to March 23rd, 2022, with a budget of $25,450, considering the constraints and preferences provided, here's a suggested itinerary:\nDay 1 (March 17th): Arrive in Orlando, Florida. Accommodation: Rent an entire room in a hotel that allows parties, such as the Hyatt Regency Orlando. Meals: Breakfast at Keke's Breakfast Cafe, lunch at The Polite Pig, and dinner at The Coop. Attractions: Visit the Universal Orla); retrying in 6s
[RETRY] selfcheckgpt task=tp_nonsynth_mf5_000063 seed=2 attempt 3/5 failed (failed to obtain JSON after 3 attempts: could not parse JSON from model output:
{
  "final_output": "To plan a trip from Seattle to Florida for 4 people from March 17th to March 23rd, 2022, with a budget of $25,450, considering the constraints and preferences provided, here's a suggested itinerary:\nDay 1 (March 17th): Arrive in Orlando, Florida. Accommodation: Rent an entire room in a hotel that allows parties, such as the Hyatt Regency Orlando. Meals: Breakfast at Keke's Breakfast Cafe, lunch at The Polite Pig, and dinner at The Coop. Attractions: Visit the Universal Orla); retrying in 12s
[RETRY] selfcheckgpt task=tp_nonsynth_mf5_000063 seed=2 attempt 4/5 failed (failed to obtain JSON after 3 attempts: could not parse JSON from model output:
{
  "final_output": "To plan a trip from Seattle to Florida for 4 people from March 17th to March 23rd, 2022, with a budget of $25,450, considering the constraints and preferences provided, here's a suggested itinerary:\nDay 1 (March 17th): Arrive in Orlando, Florida. Accommodation: Rent an entire room in a hotel that allows parties, such as the Hyatt Regency Orlando. Meals: Breakfast at Keke's Breakfast Cafe, lunch at The Polite Pig, and dinner at The Coop. Attractions: Visit the Universal Orla); retrying in 24s
[ERROR] selfcheckgpt failed task=tp_nonsynth_mf5_000063 seed=2: failed to obtain JSON after 3 attempts: could not parse JSON from model output:
{
  "final_output": "To plan a trip from Seattle to Florida for 4 people from March 17th to March 23rd, 2022, with a budget of $25,450, considering the constraints and preferences provided, here's a suggested itinerary:\nDay 1 (March 17th): Arrive in Orlando, Florida. Accommodation: Rent an entire room in a hotel that allows parties, such as the Hyatt Regency Orlando. Meals: Breakfast at Keke's Breakfast Cafe, lunch at The Polite Pig, and dinner at The Coop. Attractions: Visit the Universal Orla
  N=5 tp_nonsynth_mf5_000063 seed=2 arm=react level=hard: per_fault={'budget': True, 'days': True, 'house_rule': True, 'room_type': True, 'transportation': True} all_resolved=True n_resolved=5/5 tokens=(3047,1948)
  N=5 tp_nonsynth_mf5_000063 seed=2 arm=reflexion level=hard: per_fault={'budget': True, 'days': True, 'house_rule': True, 'room_type': True, 'transportation': True} all_resolved=True n_resolved=5/5 tokens=(1497,1163)
  N=5 tp_nonsynth_mf5_000063 seed=2 arm=intro_specter level=hard: per_fault={'budget': True, 'days': True, 'house_rule': True, 'room_type': True, 'transportation': True} all_resolved=True n_resolved=5/5 tokens=(4634,2018)
  N=5 tp_nonsynth_mf5_000067 seed=0 arm=direct level=hard: per_fault={'budget': False, 'days': True, 'house_rule': True, 'room_type': True, 'transportation': True} all_resolved=False n_resolved=4/5 tokens=(1593,632)
  N=5 tp_nonsynth_mf5_000067 seed=0 arm=self_refine level=hard: per_fault={'budget': True, 'days': True, 'house_rule': True, 'room_type': True, 'transportation': True} all_resolved=True n_resolved=5/5 tokens=(3952,1463)
  N=5 tp_nonsynth_mf5_000067 seed=0 arm=full_regen level=hard: per_fault={'budget': True, 'days': False, 'house_rule': True, 'room_type': True, 'transportation': False} all_resolved=False n_resolved=3/5 tokens=(3186,1044)
  N=5 tp_nonsynth_mf5_000067 seed=0 arm=react level=hard: per_fault={'budget': True, 'days': False, 'house_rule': False, 'room_type': True, 'transportation': False} all_resolved=False n_resolved=2/5 tokens=(3239,1393)
  N=5 tp_nonsynth_mf5_000067 seed=0 arm=selfcheckgpt level=hard: per_fault={'budget': False, 'days': True, 'house_rule': True, 'room_type': True, 'transportation': True} all_resolved=False n_resolved=4/5 tokens=(11336,1388)
  N=5 tp_nonsynth_mf5_000067 seed=0 arm=reflexion level=hard: per_fault={'budget': False, 'days': False, 'house_rule': False, 'room_type': False, 'transportation': False} all_resolved=False n_resolved=0/5 tokens=(10604,806)
  N=5 tp_nonsynth_mf5_000067 seed=0 arm=intro_specter level=hard: per_fault={'budget': True, 'days': True, 'house_rule': True, 'room_type': True, 'transportation': True} all_resolved=True n_resolved=5/5 tokens=(4106,1363)
  N=5 tp_nonsynth_mf5_000067 seed=1 arm=direct level=hard: per_fault={'budget': False, 'days': False, 'house_rule': True, 'room_type': True, 'transportation': True} all_resolved=False n_resolved=3/5 tokens=(1593,439)
  N=5 tp_nonsynth_mf5_000067 seed=1 arm=self_refine level=hard: per_fault={'budget': True, 'days': True, 'house_rule': True, 'room_type': True, 'transportation': True} all_resolved=True n_resolved=5/5 tokens=(3717,1260)
  N=5 tp_nonsynth_mf5_000067 seed=1 arm=full_regen level=hard: per_fault={'budget': True, 'days': False, 'house_rule': True, 'room_type': True, 'transportation': True} all_resolved=False n_resolved=4/5 tokens=(3186,1086)
  N=5 tp_nonsynth_mf5_000067 seed=1 arm=react level=hard: per_fault={'budget': True, 'days': False, 'house_rule': True, 'room_type': True, 'transportation': True} all_resolved=False n_resolved=4/5 tokens=(3239,1046)
  N=5 tp_nonsynth_mf5_000067 seed=1 arm=selfcheckgpt level=hard: per_fault={'budget': False, 'days': False, 'house_rule': True, 'room_type': True, 'transportation': True} all_resolved=False n_resolved=3/5 tokens=(11890,1869)
  N=5 tp_nonsynth_mf5_000067 seed=1 arm=reflexion level=hard: per_fault={'budget': True, 'days': True, 'house_rule': True, 'room_type': True, 'transportation': True} all_resolved=True n_resolved=5/5 tokens=(9943,1043)
  N=5 tp_nonsynth_mf5_000067 seed=1 arm=intro_specter level=hard: per_fault={'budget': True, 'days': False, 'house_rule': True, 'room_type': True, 'transportation': True} all_resolved=False n_resolved=4/5 tokens=(3871,1164)
  N=5 tp_nonsynth_mf5_000067 seed=2 arm=direct level=hard: per_fault={'budget': False, 'days': False, 'house_rule': True, 'room_type': True, 'transportation': True} all_resolved=False n_resolved=3/5 tokens=(1593,523)
  N=5 tp_nonsynth_mf5_000067 seed=2 arm=self_refine level=hard: per_fault={'budget': True, 'days': True, 'house_rule': True, 'room_type': True, 'transportation': True} all_resolved=True n_resolved=5/5 tokens=(3822,1460)
  N=5 tp_nonsynth_mf5_000067 seed=2 arm=full_regen level=hard: per_fault={'budget': True, 'days': False, 'house_rule': False, 'room_type': True, 'transportation': True} all_resolved=False n_resolved=3/5 tokens=(3186,899)
  N=5 tp_nonsynth_mf5_000067 seed=2 arm=react level=hard: per_fault={'budget': True, 'days': False, 'house_rule': False, 'room_type': True, 'transportation': False} all_resolved=False n_resolved=2/5 tokens=(3239,1235)
  N=5 tp_nonsynth_mf5_000067 seed=2 arm=selfcheckgpt level=hard: per_fault={'budget': False, 'days': False, 'house_rule': True, 'room_type': True, 'transportation': True} all_resolved=False n_resolved=3/5 tokens=(9881,1283)
  N=5 tp_nonsynth_mf5_000067 seed=2 arm=reflexion level=hard: per_fault={'budget': True, 'days': False, 'house_rule': False, 'room_type': False, 'transportation': False} all_resolved=False n_resolved=1/5 tokens=(10274,1231)
  N=5 tp_nonsynth_mf5_000067 seed=2 arm=intro_specter level=hard: per_fault={'budget': True, 'days': True, 'house_rule': True, 'room_type': True, 'transportation': True} all_resolved=True n_resolved=5/5 tokens=(3976,1178)
  N=5 tp_nonsynth_mf5_000069 seed=0 arm=direct level=hard: per_fault={'budget': False, 'days': False, 'house_rule': True, 'room_type': True, 'transportation': True} all_resolved=False n_resolved=3/5 tokens=(1654,421)
  N=5 tp_nonsynth_mf5_000069 seed=0 arm=self_refine level=hard: per_fault={'budget': True, 'days': True, 'house_rule': True, 'room_type': True, 'transportation': True} all_resolved=True n_resolved=5/5 tokens=(3800,1262)
  N=5 tp_nonsynth_mf5_000069 seed=0 arm=full_regen level=hard: per_fault={'budget': True, 'days': False, 'house_rule': True, 'room_type': True, 'transportation': True} all_resolved=False n_resolved=4/5 tokens=(3308,879)
  N=5 tp_nonsynth_mf5_000069 seed=0 arm=react level=hard: per_fault={'budget': True, 'days': False, 'house_rule': True, 'room_type': True, 'transportation': True} all_resolved=False n_resolved=4/5 tokens=(3361,1128)
  N=5 tp_nonsynth_mf5_000069 seed=0 arm=selfcheckgpt level=hard: per_fault={'budget': False, 'days': False, 'house_rule': True, 'room_type': True, 'transportation': True} all_resolved=False n_resolved=3/5 tokens=(12164,1660)
  N=5 tp_nonsynth_mf5_000069 seed=0 arm=reflexion level=hard: per_fault={'budget': False, 'days': False, 'house_rule': False, 'room_type': False, 'transportation': False} all_resolved=False n_resolved=0/5 tokens=(10125,690)
  N=5 tp_nonsynth_mf5_000069 seed=0 arm=intro_specter level=hard: per_fault={'budget': True, 'days': False, 'house_rule': True, 'room_type': True, 'transportation': True} all_resolved=False n_resolved=4/5 tokens=(3954,998)
  N=5 tp_nonsynth_mf5_000069 seed=1 arm=direct level=hard: per_fault={'budget': True, 'days': True, 'house_rule': True, 'room_type': True, 'transportation': True} all_resolved=True n_resolved=5/5 tokens=(1654,662)
  N=5 tp_nonsynth_mf5_000069 seed=1 arm=self_refine level=hard: per_fault={'budget': False, 'days': True, 'house_rule': True, 'room_type': True, 'transportation': True} all_resolved=False n_resolved=4/5 tokens=(4062,1638)
  N=5 tp_nonsynth_mf5_000069 seed=1 arm=full_regen level=hard: per_fault={'budget': True, 'days': True, 'house_rule': True, 'room_type': True, 'transportation': True} all_resolved=True n_resolved=5/5 tokens=(3308,2036)
  N=5 tp_nonsynth_mf5_000069 seed=1 arm=react level=hard: per_fault={'budget': True, 'days': False, 'house_rule': True, 'room_type': True, 'transportation': True} all_resolved=False n_resolved=4/5 tokens=(3361,1396)
  N=5 tp_nonsynth_mf5_000069 seed=1 arm=selfcheckgpt level=hard: per_fault={'budget': True, 'days': True, 'house_rule': True, 'room_type': True, 'transportation': True} all_resolved=True n_resolved=5/5 tokens=(11572,1384)
  N=5 tp_nonsynth_mf5_000069 seed=1 arm=reflexion level=hard: per_fault={'budget': True, 'days': True, 'house_rule': True, 'room_type': True, 'transportation': True} all_resolved=True n_resolved=5/5 tokens=(1654,662)
  N=5 tp_nonsynth_mf5_000069 seed=1 arm=intro_specter level=hard: per_fault={'budget': True, 'days': True, 'house_rule': True, 'room_type': True, 'transportation': True} all_resolved=True n_resolved=5/5 tokens=(4216,1194)
  N=5 tp_nonsynth_mf5_000069 seed=2 arm=direct level=hard: per_fault={'budget': True, 'days': True, 'house_rule': True, 'room_type': True, 'transportation': True} all_resolved=True n_resolved=5/5 tokens=(1654,653)
  N=5 tp_nonsynth_mf5_000069 seed=2 arm=self_refine level=hard: per_fault={'budget': True, 'days': True, 'house_rule': True, 'room_type': True, 'transportation': True} all_resolved=True n_resolved=5/5 tokens=(4095,1537)
  N=5 tp_nonsynth_mf5_000069 seed=2 arm=full_regen level=hard: per_fault={'budget': True, 'days': False, 'house_rule': True, 'room_type': True, 'transportation': True} all_resolved=False n_resolved=4/5 tokens=(3308,1123)
  N=5 tp_nonsynth_mf5_000069 seed=2 arm=react level=hard: per_fault={'budget': True, 'days': False, 'house_rule': True, 'room_type': True, 'transportation': False} all_resolved=False n_resolved=3/5 tokens=(3361,1257)
  N=5 tp_nonsynth_mf5_000069 seed=2 arm=selfcheckgpt level=hard: per_fault={'budget': False, 'days': True, 'house_rule': True, 'room_type': True, 'transportation': True} all_resolved=False n_resolved=4/5 tokens=(12297,2177)
  N=5 tp_nonsynth_mf5_000069 seed=2 arm=reflexion level=hard: per_fault={'budget': True, 'days': True, 'house_rule': True, 'room_type': True, 'transportation': True} all_resolved=True n_resolved=5/5 tokens=(1654,653)
  N=5 tp_nonsynth_mf5_000069 seed=2 arm=intro_specter level=hard: per_fault={'budget': True, 'days': True, 'house_rule': True, 'room_type': True, 'transportation': True} all_resolved=True n_resolved=5/5 tokens=(4249,1478)
  N=5 tp_nonsynth_mf5_000074 seed=0 arm=direct level=hard: per_fault={'budget': True, 'days': False, 'cuisine': False, 'house_rule': True, 'transportation': True} all_resolved=False n_resolved=3/5 tokens=(1639,621)
  N=5 tp_nonsynth_mf5_000074 seed=0 arm=self_refine level=hard: per_fault={'budget': True, 'days': True, 'cuisine': False, 'house_rule': True, 'transportation': True} all_resolved=False n_resolved=4/5 tokens=(4033,1560)
  N=5 tp_nonsynth_mf5_000074 seed=0 arm=full_regen level=hard: per_fault={'budget': True, 'days': False, 'cuisine': False, 'house_rule': True, 'transportation': True} all_resolved=False n_resolved=3/5 tokens=(3278,1061)
  N=5 tp_nonsynth_mf5_000074 seed=0 arm=react level=hard: per_fault={'budget': True, 'days': True, 'cuisine': False, 'house_rule': True, 'transportation': False} all_resolved=False n_resolved=3/5 tokens=(3331,1424)
  N=5 tp_nonsynth_mf5_000074 seed=0 arm=selfcheckgpt level=hard: per_fault={'budget': True, 'days': False, 'cuisine': False, 'house_rule': True, 'transportation': True} all_resolved=False n_resolved=3/5 tokens=(11288,2607)
  N=5 tp_nonsynth_mf5_000074 seed=0 arm=reflexion level=hard: per_fault={'budget': False, 'days': False, 'cuisine': False, 'house_rule': False, 'transportation': False} all_resolved=False n_resolved=0/5 tokens=(10902,829)
  N=5 tp_nonsynth_mf5_000074 seed=0 arm=intro_specter level=hard: per_fault={'budget': True, 'days': False, 'cuisine': False, 'house_rule': True, 'transportation': True} all_resolved=False n_resolved=3/5 tokens=(4187,1244)
  N=5 tp_nonsynth_mf5_000074 seed=1 arm=direct level=hard: per_fault={'budget': True, 'days': True, 'cuisine': False, 'house_rule': True, 'transportation': True} all_resolved=False n_resolved=4/5 tokens=(1639,822)
  N=5 tp_nonsynth_mf5_000074 seed=1 arm=self_refine level=hard: per_fault={'budget': True, 'days': True, 'cuisine': False, 'house_rule': True, 'transportation': True} all_resolved=False n_resolved=4/5 tokens=(4339,1879)
  N=5 tp_nonsynth_mf5_000074 seed=1 arm=full_regen level=hard: per_fault={'budget': True, 'days': True, 'cuisine': False, 'house_rule': True, 'transportation': True} all_resolved=False n_resolved=4/5 tokens=(3278,1797)
  N=5 tp_nonsynth_mf5_000074 seed=1 arm=react level=hard: per_fault={'budget': True, 'days': False, 'cuisine': False, 'house_rule': True, 'transportation': True} all_resolved=False n_resolved=3/5 tokens=(3331,1444)
  N=5 tp_nonsynth_mf5_000074 seed=1 arm=selfcheckgpt level=hard: per_fault={'budget': True, 'days': True, 'cuisine': False, 'house_rule': True, 'transportation': True} all_resolved=False n_resolved=4/5 tokens=(12304,2500)
  N=5 tp_nonsynth_mf5_000074 seed=1 arm=reflexion level=hard: per_fault={'budget': True, 'days': True, 'cuisine': False, 'house_rule': True, 'transportation': True} all_resolved=False n_resolved=4/5 tokens=(13749,2852)
  N=5 tp_nonsynth_mf5_000074 seed=1 arm=intro_specter level=hard: per_fault={'budget': True, 'days': True, 'cuisine': False, 'house_rule': True, 'transportation': True} all_resolved=False n_resolved=4/5 tokens=(4493,1788)
  N=5 tp_nonsynth_mf5_000074 seed=2 arm=direct level=hard: per_fault={'budget': True, 'days': False, 'cuisine': False, 'house_rule': True, 'transportation': True} all_resolved=False n_resolved=3/5 tokens=(1639,655)
  N=5 tp_nonsynth_mf5_000074 seed=2 arm=self_refine level=hard: per_fault={'budget': False, 'days': True, 'cuisine': False, 'house_rule': True, 'transportation': True} all_resolved=False n_resolved=3/5 tokens=(4067,1652)
  N=5 tp_nonsynth_mf5_000074 seed=2 arm=full_regen level=hard: per_fault={'budget': True, 'days': True, 'cuisine': False, 'house_rule': True, 'transportation': True} all_resolved=False n_resolved=4/5 tokens=(3278,1435)
  N=5 tp_nonsynth_mf5_000074 seed=2 arm=react level=hard: per_fault={'budget': False, 'days': False, 'cuisine': False, 'house_rule': True, 'transportation': True} all_resolved=False n_resolved=2/5 tokens=(3331,1303)
  N=5 tp_nonsynth_mf5_000074 seed=2 arm=selfcheckgpt level=hard: per_fault={'budget': True, 'days': True, 'cuisine': False, 'house_rule': True, 'transportation': True} all_resolved=False n_resolved=4/5 tokens=(11958,2035)
  N=5 tp_nonsynth_mf5_000074 seed=2 arm=reflexion level=hard: per_fault={'budget': False, 'days': False, 'cuisine': False, 'house_rule': False, 'transportation': False} all_resolved=False n_resolved=0/5 tokens=(11000,891)
  N=5 tp_nonsynth_mf5_000074 seed=2 arm=intro_specter level=hard: per_fault={'budget': True, 'days': False, 'cuisine': False, 'house_rule': True, 'transportation': True} all_resolved=False n_resolved=3/5 tokens=(4221,1256)
  N=5 tp_nonsynth_mf5_000078 seed=0 arm=direct level=hard: per_fault={'budget': True, 'days': True, 'cuisine': False, 'house_rule': True, 'transportation': True} all_resolved=False n_resolved=4/5 tokens=(1708,995)
  N=5 tp_nonsynth_mf5_000078 seed=0 arm=self_refine level=hard: per_fault={'budget': True, 'days': True, 'cuisine': False, 'house_rule': True, 'transportation': True} all_resolved=False n_resolved=4/5 tokens=(4650,2095)
  N=5 tp_nonsynth_mf5_000078 seed=0 arm=full_regen level=hard: per_fault={'budget': True, 'days': True, 'cuisine': False, 'house_rule': True, 'transportation': True} all_resolved=False n_resolved=4/5 tokens=(3416,1792)
  N=5 tp_nonsynth_mf5_000078 seed=0 arm=react level=hard: per_fault={'budget': True, 'days': False, 'cuisine': False, 'house_rule': True, 'transportation': True} all_resolved=False n_resolved=3/5 tokens=(3469,1580)
  N=5 tp_nonsynth_mf5_000078 seed=0 arm=selfcheckgpt level=hard: per_fault={'budget': True, 'days': True, 'cuisine': False, 'house_rule': True, 'transportation': True} all_resolved=False n_resolved=4/5 tokens=(11073,2312)
  N=5 tp_nonsynth_mf5_000078 seed=0 arm=reflexion level=hard: per_fault={'budget': False, 'days': False, 'cuisine': False, 'house_rule': False, 'transportation': False} all_resolved=False n_resolved=0/5 tokens=(12650,2113)
  N=5 tp_nonsynth_mf5_000078 seed=0 arm=intro_specter level=hard: per_fault={'budget': True, 'days': False, 'cuisine': False, 'house_rule': True, 'transportation': True} all_resolved=False n_resolved=3/5 tokens=(4804,1511)
  N=5 tp_nonsynth_mf5_000078 seed=1 arm=direct level=hard: per_fault={'budget': True, 'days': True, 'cuisine': True, 'house_rule': True, 'transportation': True} all_resolved=True n_resolved=5/5 tokens=(1708,650)
  N=5 tp_nonsynth_mf5_000078 seed=1 arm=self_refine level=hard: per_fault={'budget': False, 'days': True, 'cuisine': True, 'house_rule': True, 'transportation': True} all_resolved=False n_resolved=4/5 tokens=(4179,1686)
  N=5 tp_nonsynth_mf5_000078 seed=1 arm=full_regen level=hard: per_fault={'budget': False, 'days': False, 'cuisine': False, 'house_rule': True, 'transportation': False} all_resolved=False n_resolved=1/5 tokens=(3416,1473)
  N=5 tp_nonsynth_mf5_000078 seed=1 arm=react level=hard: per_fault={'budget': True, 'days': True, 'cuisine': False, 'house_rule': True, 'transportation': True} all_resolved=False n_resolved=4/5 tokens=(3469,1423)
  N=5 tp_nonsynth_mf5_000078 seed=1 arm=selfcheckgpt level=hard: per_fault={'budget': True, 'days': True, 'cuisine': True, 'house_rule': True, 'transportation': True} all_resolved=True n_resolved=5/5 tokens=(11472,2436)
  N=5 tp_nonsynth_mf5_000078 seed=1 arm=reflexion level=hard: per_fault={'budget': True, 'days': True, 'cuisine': True, 'house_rule': True, 'transportation': True} all_resolved=True n_resolved=5/5 tokens=(1708,650)
  N=5 tp_nonsynth_mf5_000078 seed=1 arm=intro_specter level=hard: per_fault={'budget': True, 'days': True, 'cuisine': True, 'house_rule': True, 'transportation': True} all_resolved=True n_resolved=5/5 tokens=(4333,1510)
  N=5 tp_nonsynth_mf5_000078 seed=2 arm=direct level=hard: per_fault={'budget': True, 'days': True, 'cuisine': False, 'house_rule': True, 'transportation': True} all_resolved=False n_resolved=4/5 tokens=(1708,943)
  N=5 tp_nonsynth_mf5_000078 seed=2 arm=self_refine level=hard: per_fault={'budget': True, 'days': True, 'cuisine': False, 'house_rule': True, 'transportation': True} all_resolved=False n_resolved=4/5 tokens=(4598,2134)
  N=5 tp_nonsynth_mf5_000078 seed=2 arm=full_regen level=hard: per_fault={'budget': False, 'days': False, 'cuisine': False, 'house_rule': True, 'transportation': False} all_resolved=False n_resolved=1/5 tokens=(3416,1578)
  N=5 tp_nonsynth_mf5_000078 seed=2 arm=react level=hard: per_fault={'budget': True, 'days': True, 'cuisine': False, 'house_rule': True, 'transportation': True} all_resolved=False n_resolved=4/5 tokens=(3469,1800)
  N=5 tp_nonsynth_mf5_000078 seed=2 arm=selfcheckgpt level=hard: per_fault={'budget': True, 'days': True, 'cuisine': False, 'house_rule': True, 'transportation': True} all_resolved=False n_resolved=4/5 tokens=(13137,3093)
  N=5 tp_nonsynth_mf5_000078 seed=2 arm=reflexion level=hard: per_fault={'budget': False, 'days': False, 'cuisine': False, 'house_rule': False, 'transportation': False} all_resolved=False n_resolved=0/5 tokens=(12477,1229)
  N=5 tp_nonsynth_mf5_000078 seed=2 arm=intro_specter level=hard: per_fault={'budget': True, 'days': False, 'cuisine': False, 'house_rule': True, 'transportation': True} all_resolved=False n_resolved=3/5 tokens=(4752,1474)
  N=5 tp_nonsynth_mf5_000079 seed=0 arm=direct level=hard: per_fault={'budget': False, 'days': True, 'house_rule': True, 'room_type': True, 'transportation': True} all_resolved=False n_resolved=4/5 tokens=(1551,608)
  N=5 tp_nonsynth_mf5_000079 seed=0 arm=self_refine level=hard: per_fault={'budget': True, 'days': True, 'house_rule': True, 'room_type': True, 'transportation': True} all_resolved=True n_resolved=5/5 tokens=(3865,1580)
  N=5 tp_nonsynth_mf5_000079 seed=0 arm=full_regen level=hard: per_fault={'budget': False, 'days': False, 'house_rule': True, 'room_type': True, 'transportation': True} all_resolved=False n_resolved=3/5 tokens=(3102,1002)
  N=5 tp_nonsynth_mf5_000079 seed=0 arm=react level=hard: per_fault={'budget': False, 'days': False, 'house_rule': True, 'room_type': False, 'transportation': False} all_resolved=False n_resolved=1/5 tokens=(3155,1201)
  N=5 tp_nonsynth_mf5_000079 seed=0 arm=selfcheckgpt level=hard: per_fault={'budget': False, 'days': True, 'house_rule': True, 'room_type': True, 'transportation': True} all_resolved=False n_resolved=4/5 tokens=(11185,1697)
  N=5 tp_nonsynth_mf5_000079 seed=0 arm=reflexion level=hard: per_fault={'budget': False, 'days': False, 'house_rule': False, 'room_type': False, 'transportation': False} all_resolved=False n_resolved=0/5 tokens=(10376,835)
  N=5 tp_nonsynth_mf5_000079 seed=0 arm=intro_specter level=hard: per_fault={'budget': True, 'days': True, 'house_rule': True, 'room_type': True, 'transportation': True} all_resolved=True n_resolved=5/5 tokens=(4019,1216)
  N=5 tp_nonsynth_mf5_000079 seed=1 arm=direct level=hard: per_fault={'budget': True, 'days': True, 'house_rule': True, 'room_type': True, 'transportation': True} all_resolved=True n_resolved=5/5 tokens=(1551,616)
  N=5 tp_nonsynth_mf5_000079 seed=1 arm=self_refine level=hard: per_fault={'budget': False, 'days': True, 'house_rule': True, 'room_type': True, 'transportation': True} all_resolved=False n_resolved=4/5 tokens=(3831,1520)
  N=5 tp_nonsynth_mf5_000079 seed=1 arm=full_regen level=hard: per_fault={'budget': False, 'days': True, 'house_rule': True, 'room_type': False, 'transportation': False} all_resolved=False n_resolved=2/5 tokens=(3102,1945)
  N=5 tp_nonsynth_mf5_000079 seed=1 arm=react level=hard: per_fault={'budget': True, 'days': False, 'house_rule': False, 'room_type': False, 'transportation': False} all_resolved=False n_resolved=1/5 tokens=(3155,1178)
  N=5 tp_nonsynth_mf5_000079 seed=1 arm=selfcheckgpt level=hard: per_fault={'budget': True, 'days': True, 'house_rule': True, 'room_type': True, 'transportation': True} all_resolved=True n_resolved=5/5 tokens=(11094,1674)
  N=5 tp_nonsynth_mf5_000079 seed=1 arm=reflexion level=hard: per_fault={'budget': True, 'days': True, 'house_rule': True, 'room_type': True, 'transportation': True} all_resolved=True n_resolved=5/5 tokens=(1551,616)
  N=5 tp_nonsynth_mf5_000079 seed=1 arm=intro_specter level=hard: per_fault={'budget': True, 'days': True, 'house_rule': True, 'room_type': True, 'transportation': True} all_resolved=True n_resolved=5/5 tokens=(3985,1281)
  N=5 tp_nonsynth_mf5_000079 seed=2 arm=direct level=hard: per_fault={'budget': True, 'days': False, 'house_rule': True, 'room_type': True, 'transportation': True} all_resolved=False n_resolved=4/5 tokens=(1551,429)
  N=5 tp_nonsynth_mf5_000079 seed=2 arm=self_refine level=hard: per_fault={'budget': True, 'days': True, 'house_rule': True, 'room_type': True, 'transportation': True} all_resolved=True n_resolved=5/5 tokens=(3602,1224)
  N=5 tp_nonsynth_mf5_000079 seed=2 arm=full_regen level=hard: per_fault={'budget': False, 'days': False, 'house_rule': True, 'room_type': True, 'transportation': True} all_resolved=False n_resolved=3/5 tokens=(3102,805)
  N=5 tp_nonsynth_mf5_000079 seed=2 arm=react level=hard: per_fault={'budget': True, 'days': False, 'house_rule': True, 'room_type': True, 'transportation': True} all_resolved=False n_resolved=4/5 tokens=(3155,1033)
  N=5 tp_nonsynth_mf5_000079 seed=2 arm=selfcheckgpt level=hard: per_fault={'budget': True, 'days': False, 'house_rule': True, 'room_type': True, 'transportation': True} all_resolved=False n_resolved=4/5 tokens=(9513,1097)
  N=5 tp_nonsynth_mf5_000079 seed=2 arm=reflexion level=hard: per_fault={'budget': False, 'days': False, 'house_rule': False, 'room_type': False, 'transportation': False} all_resolved=False n_resolved=0/5 tokens=(9610,1058)
  N=5 tp_nonsynth_mf5_000079 seed=2 arm=intro_specter level=hard: per_fault={'budget': True, 'days': True, 'house_rule': True, 'room_type': True, 'transportation': True} all_resolved=True n_resolved=5/5 tokens=(3756,919)
  N=5 tp_nonsynth_mf5_000081 seed=0 arm=direct level=hard: per_fault={'budget': True, 'days': False, 'house_rule': True, 'room_type': True, 'transportation': True} all_resolved=False n_resolved=4/5 tokens=(1554,418)
  N=5 tp_nonsynth_mf5_000081 seed=0 arm=self_refine level=hard: per_fault={'budget': False, 'days': False, 'house_rule': True, 'room_type': True, 'transportation': True} all_resolved=False n_resolved=3/5 tokens=(3597,1097)
  N=5 tp_nonsynth_mf5_000081 seed=0 arm=full_regen level=hard: per_fault={'budget': True, 'days': True, 'house_rule': True, 'room_type': True, 'transportation': True} all_resolved=True n_resolved=5/5 tokens=(3108,1204)
[RETRY] selfcheckgpt task=tp_nonsynth_mf5_000081 seed=1 attempt 1/5 failed (failed to obtain JSON after 3 attempts: could not parse JSON from model output:
{
  "final_output": "To devise a concrete 8-day travel plan that aligns with your preferences and constraints, I must first clarify and adjust according to the provided true values and local constraints. Given the true values and local constraints, here is a revised plan for two people traveling from Las Vegas to Idaho, focusing on a 7-day itinerary from March 4th to March 11th, 2022, with a budget of $5,100, and adhering to the constraints of smoking allowed, entire room accommodations, and no ); retrying in 3s
[RETRY] selfcheckgpt task=tp_nonsynth_mf5_000081 seed=1 attempt 2/5 failed (failed to obtain JSON after 3 attempts: could not parse JSON from model output:
{
  "final_output": "To devise a concrete 8-day travel plan that aligns with your preferences and constraints, I must first clarify and adjust according to the provided true values and local constraints. Given the true values and local constraints, here is a revised plan for two people traveling from Las Vegas to Idaho, focusing on a 7-day itinerary from March 4th to March 11th, 2022, with a budget of $5,100, and adhering to the constraints of smoking allowed, entire room accommodations, and no ); retrying in 6s
[RETRY] selfcheckgpt task=tp_nonsynth_mf5_000081 seed=1 attempt 3/5 failed (failed to obtain JSON after 3 attempts: could not parse JSON from model output:
{
  "final_output": "To devise a concrete 8-day travel plan that aligns with your preferences and constraints, I must first clarify and adjust according to the provided true values and local constraints. Given the true values and local constraints, here is a revised plan for two people traveling from Las Vegas to Idaho, focusing on a 7-day itinerary from March 4th to March 11th, 2022, with a budget of $5,100, and adhering to the constraints of smoking allowed, entire room accommodations, and no ); retrying in 12s
[RETRY] selfcheckgpt task=tp_nonsynth_mf5_000081 seed=1 attempt 4/5 failed (failed to obtain JSON after 3 attempts: could not parse JSON from model output:
{
  "final_output": "To devise a concrete 8-day travel plan that aligns with your preferences and constraints, I must first clarify and adjust according to the provided true values and local constraints. Given the true values and local constraints, here is a revised plan for two people traveling from Las Vegas to Idaho, focusing on a 7-day itinerary from March 4th to March 11th, 2022, with a budget of $5,100, and adhering to the constraints of smoking allowed, entire room accommodations, and no ); retrying in 24s
[ERROR] selfcheckgpt failed task=tp_nonsynth_mf5_000081 seed=1: failed to obtain JSON after 3 attempts: could not parse JSON from model output:
{
  "final_output": "To devise a concrete 8-day travel plan that aligns with your preferences and constraints, I must first clarify and adjust according to the provided true values and local constraints. Given the true values and local constraints, here is a revised plan for two people traveling from Las Vegas to Idaho, focusing on a 7-day itinerary from March 4th to March 11th, 2022, with a budget of $5,100, and adhering to the constraints of smoking allowed, entire room accommodations, and no 
  N=5 tp_nonsynth_mf5_000081 seed=0 arm=react level=hard: per_fault={'budget': True, 'days': True, 'house_rule': True, 'room_type': True, 'transportation': True} all_resolved=True n_resolved=5/5 tokens=(3161,1721)
  N=5 tp_nonsynth_mf5_000081 seed=0 arm=selfcheckgpt level=hard: per_fault={'budget': True, 'days': False, 'house_rule': True, 'room_type': True, 'transportation': True} all_resolved=False n_resolved=4/5 tokens=(10377,1928)
  N=5 tp_nonsynth_mf5_000081 seed=0 arm=reflexion level=hard: per_fault={'budget': False, 'days': False, 'house_rule': False, 'room_type': False, 'transportation': False} all_resolved=False n_resolved=0/5 tokens=(9583,640)
  N=5 tp_nonsynth_mf5_000081 seed=0 arm=intro_specter level=hard: per_fault={'budget': True, 'days': True, 'house_rule': True, 'room_type': True, 'transportation': True} all_resolved=True n_resolved=5/5 tokens=(3751,958)
  N=5 tp_nonsynth_mf5_000081 seed=1 arm=direct level=hard: per_fault={'budget': True, 'days': True, 'house_rule': True, 'room_type': True, 'transportation': True} all_resolved=True n_resolved=5/5 tokens=(1554,1138)
  N=5 tp_nonsynth_mf5_000081 seed=1 arm=self_refine level=hard: per_fault={'budget': False, 'days': True, 'house_rule': True, 'room_type': True, 'transportation': True} all_resolved=False n_resolved=4/5 tokens=(4506,2832)
  N=5 tp_nonsynth_mf5_000081 seed=1 arm=full_regen level=hard: per_fault={'budget': True, 'days': True, 'house_rule': True, 'room_type': True, 'transportation': True} all_resolved=True n_resolved=5/5 tokens=(3108,2486)
  N=5 tp_nonsynth_mf5_000081 seed=1 arm=react level=hard: per_fault={'budget': True, 'days': False, 'house_rule': True, 'room_type': True, 'transportation': True} all_resolved=False n_resolved=4/5 tokens=(3161,1874)
  N=5 tp_nonsynth_mf5_000081 seed=1 arm=reflexion level=hard: per_fault={'budget': True, 'days': True, 'house_rule': True, 'room_type': True, 'transportation': True} all_resolved=True n_resolved=5/5 tokens=(1554,1138)
  N=5 tp_nonsynth_mf5_000081 seed=1 arm=intro_specter level=hard: per_fault={'budget': True, 'days': True, 'house_rule': True, 'room_type': True, 'transportation': True} all_resolved=True n_resolved=5/5 tokens=(4660,1739)
  N=5 tp_nonsynth_mf5_000081 seed=2 arm=direct level=hard: per_fault={'budget': True, 'days': False, 'house_rule': True, 'room_type': True, 'transportation': True} all_resolved=False n_resolved=4/5 tokens=(1554,435)
  N=5 tp_nonsynth_mf5_000081 seed=2 arm=self_refine level=hard: per_fault={'budget': False, 'days': False, 'house_rule': True, 'room_type': True, 'transportation': True} all_resolved=False n_resolved=3/5 tokens=(3614,1108)
  N=5 tp_nonsynth_mf5_000081 seed=2 arm=full_regen level=hard: per_fault={'budget': False, 'days': False, 'house_rule': True, 'room_type': True, 'transportation': True} all_resolved=False n_resolved=3/5 tokens=(3108,753)
  N=5 tp_nonsynth_mf5_000081 seed=2 arm=react level=hard: per_fault={'budget': True, 'days': True, 'house_rule': True, 'room_type': True, 'transportation': True} all_resolved=True n_resolved=5/5 tokens=(3161,1203)
  N=5 tp_nonsynth_mf5_000081 seed=2 arm=selfcheckgpt level=hard: per_fault={'budget': True, 'days': False, 'house_rule': True, 'room_type': True, 'transportation': True} all_resolved=False n_resolved=4/5 tokens=(10321,1774)
  N=5 tp_nonsynth_mf5_000081 seed=2 arm=reflexion level=hard: per_fault={'budget': False, 'days': False, 'house_rule': False, 'room_type': False, 'transportation': False} all_resolved=False n_resolved=0/5 tokens=(9623,1314)
  N=5 tp_nonsynth_mf5_000081 seed=2 arm=intro_specter level=hard: per_fault={'budget': True, 'days': True, 'house_rule': True, 'room_type': True, 'transportation': True} all_resolved=True n_resolved=5/5 tokens=(3768,1036)
  N=5 tp_nonsynth_mf5_000083 seed=0 arm=direct level=hard: per_fault={'budget': True, 'days': True, 'house_rule': True, 'room_type': True, 'transportation': True} all_resolved=True n_resolved=5/5 tokens=(1576,885)
  N=5 tp_nonsynth_mf5_000083 seed=0 arm=self_refine level=hard: per_fault={'budget': False, 'days': True, 'house_rule': True, 'room_type': True, 'transportation': True} all_resolved=False n_resolved=4/5 tokens=(4276,2321)
  N=5 tp_nonsynth_mf5_000083 seed=0 arm=full_regen level=hard: per_fault={'budget': True, 'days': True, 'house_rule': True, 'room_type': True, 'transportation': True} all_resolved=True n_resolved=5/5 tokens=(3152,1636)
  N=5 tp_nonsynth_mf5_000083 seed=0 arm=react level=hard: per_fault={'budget': True, 'days': False, 'house_rule': True, 'room_type': True, 'transportation': False} all_resolved=False n_resolved=3/5 tokens=(3205,1550)
  N=5 tp_nonsynth_mf5_000083 seed=0 arm=selfcheckgpt level=hard: per_fault={'budget': True, 'days': True, 'house_rule': True, 'room_type': True, 'transportation': True} all_resolved=True n_resolved=5/5 tokens=(14010,2043)
  N=5 tp_nonsynth_mf5_000083 seed=0 arm=reflexion level=hard: per_fault={'budget': True, 'days': True, 'house_rule': True, 'room_type': True, 'transportation': True} all_resolved=True n_resolved=5/5 tokens=(1576,885)
  N=5 tp_nonsynth_mf5_000083 seed=0 arm=intro_specter level=hard: per_fault={'budget': True, 'days': True, 'house_rule': True, 'room_type': True, 'transportation': True} all_resolved=True n_resolved=5/5 tokens=(4430,1760)
  N=5 tp_nonsynth_mf5_000083 seed=1 arm=direct level=hard: per_fault={'budget': True, 'days': True, 'house_rule': True, 'room_type': True, 'transportation': True} all_resolved=True n_resolved=5/5 tokens=(1576,746)
  N=5 tp_nonsynth_mf5_000083 seed=1 arm=self_refine level=hard: per_fault={'budget': True, 'days': True, 'house_rule': True, 'room_type': True, 'transportation': True} all_resolved=True n_resolved=5/5 tokens=(4053,2124)
  N=5 tp_nonsynth_mf5_000083 seed=1 arm=full_regen level=hard: per_fault={'budget': True, 'days': True, 'house_rule': True, 'room_type': True, 'transportation': True} all_resolved=True n_resolved=5/5 tokens=(3152,1376)
  N=5 tp_nonsynth_mf5_000083 seed=1 arm=react level=hard: per_fault={'budget': True, 'days': False, 'house_rule': True, 'room_type': True, 'transportation': False} all_resolved=False n_resolved=3/5 tokens=(3205,1375)
  N=5 tp_nonsynth_mf5_000083 seed=1 arm=selfcheckgpt level=hard: per_fault={'budget': True, 'days': True, 'house_rule': True, 'room_type': True, 'transportation': True} all_resolved=True n_resolved=5/5 tokens=(11509,2211)
  N=5 tp_nonsynth_mf5_000083 seed=1 arm=reflexion level=hard: per_fault={'budget': True, 'days': True, 'house_rule': True, 'room_type': True, 'transportation': True} all_resolved=True n_resolved=5/5 tokens=(1576,746)
  N=5 tp_nonsynth_mf5_000083 seed=1 arm=intro_specter level=hard: per_fault={'budget': True, 'days': True, 'house_rule': True, 'room_type': True, 'transportation': True} all_resolved=True n_resolved=5/5 tokens=(4207,1716)
  N=5 tp_nonsynth_mf5_000083 seed=2 arm=direct level=hard: per_fault={'budget': True, 'days': True, 'house_rule': True, 'room_type': True, 'transportation': True} all_resolved=True n_resolved=5/5 tokens=(1576,674)
  N=5 tp_nonsynth_mf5_000083 seed=2 arm=self_refine level=hard: per_fault={'budget': True, 'days': True, 'house_rule': True, 'room_type': True, 'transportation': True} all_resolved=True n_resolved=5/5 tokens=(3981,1993)
  N=5 tp_nonsynth_mf5_000083 seed=2 arm=full_regen level=hard: per_fault={'budget': True, 'days': False, 'house_rule': True, 'room_type': True, 'transportation': True} all_resolved=False n_resolved=4/5 tokens=(3152,1295)
  N=5 tp_nonsynth_mf5_000083 seed=2 arm=react level=hard: per_fault={'budget': True, 'days': False, 'house_rule': True, 'room_type': True, 'transportation': False} all_resolved=False n_resolved=3/5 tokens=(3205,1181)
  N=5 tp_nonsynth_mf5_000083 seed=2 arm=selfcheckgpt level=hard: per_fault={'budget': True, 'days': True, 'house_rule': True, 'room_type': True, 'transportation': True} all_resolved=True n_resolved=5/5 tokens=(11614,1924)
  N=5 tp_nonsynth_mf5_000083 seed=2 arm=reflexion level=hard: per_fault={'budget': True, 'days': True, 'house_rule': True, 'room_type': True, 'transportation': True} all_resolved=True n_resolved=5/5 tokens=(1576,674)
  N=5 tp_nonsynth_mf5_000083 seed=2 arm=intro_specter level=hard: per_fault={'budget': True, 'days': True, 'house_rule': True, 'room_type': True, 'transportation': True} all_resolved=True n_resolved=5/5 tokens=(4135,1219)
  N=5 tp_nonsynth_mf5_000085 seed=0 arm=direct level=hard: per_fault={'budget': True, 'days': True, 'cuisine': False, 'house_rule': True, 'room_type': True} all_resolved=False n_resolved=4/5 tokens=(1675,729)
  N=5 tp_nonsynth_mf5_000085 seed=0 arm=self_refine level=hard: per_fault={'budget': True, 'days': True, 'cuisine': False, 'house_rule': True, 'room_type': True} all_resolved=False n_resolved=4/5 tokens=(4234,2172)
  N=5 tp_nonsynth_mf5_000085 seed=0 arm=full_regen level=hard: per_fault={'budget': False, 'days': True, 'cuisine': False, 'house_rule': True, 'room_type': True} all_resolved=False n_resolved=3/5 tokens=(3350,1649)
  N=5 tp_nonsynth_mf5_000085 seed=0 arm=react level=hard: per_fault={'budget': True, 'days': False, 'cuisine': False, 'house_rule': True, 'room_type': True} all_resolved=False n_resolved=3/5 tokens=(3403,1397)
  N=5 tp_nonsynth_mf5_000085 seed=0 arm=selfcheckgpt level=hard: per_fault={'budget': True, 'days': True, 'cuisine': False, 'house_rule': True, 'room_type': True} all_resolved=False n_resolved=4/5 tokens=(13036,3022)
  N=5 tp_nonsynth_mf5_000085 seed=0 arm=reflexion level=hard: per_fault={'budget': False, 'days': False, 'cuisine': False, 'house_rule': False, 'room_type': False} all_resolved=False n_resolved=0/5 tokens=(11431,939)
  N=5 tp_nonsynth_mf5_000085 seed=0 arm=intro_specter level=hard: per_fault={'budget': True, 'days': False, 'cuisine': False, 'house_rule': True, 'room_type': True} all_resolved=False n_resolved=3/5 tokens=(4388,1452)
  N=5 tp_nonsynth_mf5_000085 seed=1 arm=direct level=hard: per_fault={'budget': True, 'days': True, 'cuisine': False, 'house_rule': True, 'room_type': True} all_resolved=False n_resolved=4/5 tokens=(1675,694)
  N=5 tp_nonsynth_mf5_000085 seed=1 arm=self_refine level=hard: per_fault={'budget': False, 'days': True, 'cuisine': False, 'house_rule': True, 'room_type': True} all_resolved=False n_resolved=3/5 tokens=(4157,1651)
  N=5 tp_nonsynth_mf5_000085 seed=1 arm=full_regen level=hard: per_fault={'budget': True, 'days': False, 'cuisine': False, 'house_rule': True, 'room_type': True} all_resolved=False n_resolved=3/5 tokens=(3350,1385)
  N=5 tp_nonsynth_mf5_000085 seed=1 arm=react level=hard: per_fault={'budget': True, 'days': False, 'cuisine': False, 'house_rule': True, 'room_type': True} all_resolved=False n_resolved=3/5 tokens=(3403,1387)
  N=5 tp_nonsynth_mf5_000085 seed=1 arm=selfcheckgpt level=hard: per_fault={'budget': True, 'days': True, 'cuisine': False, 'house_rule': True, 'room_type': True} all_resolved=False n_resolved=4/5 tokens=(12963,2749)
  N=5 tp_nonsynth_mf5_000085 seed=1 arm=reflexion level=hard: per_fault={'budget': False, 'days': False, 'cuisine': False, 'house_rule': False, 'room_type': False} all_resolved=False n_resolved=0/5 tokens=(11198,1331)
  N=5 tp_nonsynth_mf5_000085 seed=1 arm=intro_specter level=hard: per_fault={'budget': True, 'days': False, 'cuisine': False, 'house_rule': True, 'room_type': True} all_resolved=False n_resolved=3/5 tokens=(4311,1302)
  N=5 tp_nonsynth_mf5_000085 seed=2 arm=direct level=hard: per_fault={'budget': True, 'days': False, 'cuisine': False, 'house_rule': True, 'room_type': False} all_resolved=False n_resolved=2/5 tokens=(1675,535)
  N=5 tp_nonsynth_mf5_000085 seed=2 arm=self_refine level=hard: per_fault={'budget': False, 'days': False, 'cuisine': False, 'house_rule': False, 'room_type': False} all_resolved=False n_resolved=0/5 tokens=(4019,1409)
  N=5 tp_nonsynth_mf5_000085 seed=2 arm=full_regen level=hard: per_fault={'budget': True, 'days': True, 'cuisine': False, 'house_rule': True, 'room_type': True} all_resolved=False n_resolved=4/5 tokens=(3350,1621)
  N=5 tp_nonsynth_mf5_000085 seed=2 arm=react level=hard: per_fault={'budget': False, 'days': False, 'cuisine': False, 'house_rule': True, 'room_type': True} all_resolved=False n_resolved=2/5 tokens=(3403,1325)
  N=5 tp_nonsynth_mf5_000085 seed=2 arm=selfcheckgpt level=hard: per_fault={'budget': True, 'days': True, 'cuisine': False, 'house_rule': True, 'room_type': False} all_resolved=False n_resolved=3/5 tokens=(12997,2735)
  N=5 tp_nonsynth_mf5_000085 seed=2 arm=reflexion level=hard: per_fault={'budget': True, 'days': True, 'cuisine': False, 'house_rule': True, 'room_type': False} all_resolved=False n_resolved=3/5 tokens=(10876,1966)
  N=5 tp_nonsynth_mf5_000085 seed=2 arm=intro_specter level=hard: per_fault={'budget': True, 'days': False, 'cuisine': False, 'house_rule': True, 'room_type': True} all_resolved=False n_resolved=3/5 tokens=(4173,1489)
  N=5 tp_nonsynth_mf5_000088 seed=0 arm=direct level=hard: per_fault={'budget': False, 'days': True, 'cuisine': False, 'house_rule': True, 'room_type': True} all_resolved=False n_resolved=3/5 tokens=(1517,687)
  N=5 tp_nonsynth_mf5_000088 seed=0 arm=self_refine level=hard: per_fault={'budget': True, 'days': True, 'cuisine': False, 'house_rule': True, 'room_type': True} all_resolved=False n_resolved=4/5 tokens=(3855,1750)
  N=5 tp_nonsynth_mf5_000088 seed=0 arm=full_regen level=hard: per_fault={'budget': False, 'days': False, 'cuisine': False, 'house_rule': True, 'room_type': True} all_resolved=False n_resolved=2/5 tokens=(3034,1253)
  N=5 tp_nonsynth_mf5_000088 seed=0 arm=react level=hard: per_fault={'budget': False, 'days': False, 'cuisine': True, 'house_rule': True, 'room_type': True} all_resolved=False n_resolved=3/5 tokens=(3087,1447)
  N=5 tp_nonsynth_mf5_000088 seed=0 arm=selfcheckgpt level=hard: per_fault={'budget': False, 'days': True, 'cuisine': False, 'house_rule': True, 'room_type': True} all_resolved=False n_resolved=3/5 tokens=(11326,2115)
  N=5 tp_nonsynth_mf5_000088 seed=0 arm=reflexion level=hard: per_fault={'budget': False, 'days': False, 'cuisine': False, 'house_rule': False, 'room_type': False} all_resolved=False n_resolved=0/5 tokens=(10448,1662)
  N=5 tp_nonsynth_mf5_000088 seed=0 arm=intro_specter level=hard: per_fault={'budget': True, 'days': True, 'cuisine': False, 'house_rule': True, 'room_type': True} all_resolved=False n_resolved=4/5 tokens=(4009,1395)
  N=5 tp_nonsynth_mf5_000088 seed=1 arm=direct level=hard: per_fault={'budget': False, 'days': False, 'cuisine': False, 'house_rule': True, 'room_type': True} all_resolved=False n_resolved=2/5 tokens=(1517,571)
  N=5 tp_nonsynth_mf5_000088 seed=1 arm=self_refine level=hard: per_fault={'budget': True, 'days': False, 'cuisine': False, 'house_rule': True, 'room_type': True} all_resolved=False n_resolved=3/5 tokens=(3739,1477)
  N=5 tp_nonsynth_mf5_000088 seed=1 arm=full_regen level=hard: per_fault={'budget': False, 'days': True, 'cuisine': False, 'house_rule': True, 'room_type': False} all_resolved=False n_resolved=2/5 tokens=(3034,1418)
  N=5 tp_nonsynth_mf5_000088 seed=1 arm=react level=hard: per_fault={'budget': False, 'days': False, 'cuisine': True, 'house_rule': True, 'room_type': True} all_resolved=False n_resolved=3/5 tokens=(3087,1249)
  N=5 tp_nonsynth_mf5_000088 seed=1 arm=selfcheckgpt level=hard: per_fault={'budget': False, 'days': True, 'cuisine': False, 'house_rule': True, 'room_type': True} all_resolved=False n_resolved=3/5 tokens=(14521,1915)
  N=5 tp_nonsynth_mf5_000088 seed=1 arm=reflexion level=hard: per_fault={'budget': False, 'days': False, 'cuisine': False, 'house_rule': False, 'room_type': False} all_resolved=False n_resolved=0/5 tokens=(10175,984)
  N=5 tp_nonsynth_mf5_000088 seed=1 arm=intro_specter level=hard: per_fault={'budget': True, 'days': False, 'cuisine': False, 'house_rule': True, 'room_type': True} all_resolved=False n_resolved=3/5 tokens=(3893,1469)
  N=5 tp_nonsynth_mf5_000088 seed=2 arm=direct level=hard: per_fault={'budget': False, 'days': False, 'cuisine': False, 'house_rule': True, 'room_type': True} all_resolved=False n_resolved=2/5 tokens=(1517,535)
  N=5 tp_nonsynth_mf5_000088 seed=2 arm=self_refine level=hard: per_fault={'budget': True, 'days': False, 'cuisine': False, 'house_rule': True, 'room_type': True} all_resolved=False n_resolved=3/5 tokens=(3703,1372)
  N=5 tp_nonsynth_mf5_000088 seed=2 arm=full_regen level=hard: per_fault={'budget': False, 'days': True, 'cuisine': False, 'house_rule': True, 'room_type': False} all_resolved=False n_resolved=2/5 tokens=(3034,1294)
  N=5 tp_nonsynth_mf5_000088 seed=2 arm=react level=hard: per_fault={'budget': True, 'days': False, 'cuisine': True, 'house_rule': True, 'room_type': True} all_resolved=False n_resolved=4/5 tokens=(3087,1349)
  N=5 tp_nonsynth_mf5_000088 seed=2 arm=selfcheckgpt level=hard: per_fault={'budget': False, 'days': False, 'cuisine': False, 'house_rule': True, 'room_type': True} all_resolved=False n_resolved=2/5 tokens=(11361,1979)
  N=5 tp_nonsynth_mf5_000088 seed=2 arm=reflexion level=hard: per_fault={'budget': False, 'days': False, 'cuisine': False, 'house_rule': False, 'room_type': False} all_resolved=False n_resolved=0/5 tokens=(10073,1083)
  N=5 tp_nonsynth_mf5_000088 seed=2 arm=intro_specter level=hard: per_fault={'budget': True, 'days': False, 'cuisine': False, 'house_rule': True, 'room_type': True} all_resolved=False n_resolved=3/5 tokens=(3857,1145)
  N=5 tp_nonsynth_mf5_000090 seed=0 arm=direct level=hard: per_fault={'budget': True, 'days': True, 'cuisine': False, 'house_rule': True, 'transportation': True} all_resolved=False n_resolved=4/5 tokens=(1778,566)
  N=5 tp_nonsynth_mf5_000090 seed=0 arm=self_refine level=hard: per_fault={'budget': False, 'days': True, 'cuisine': False, 'house_rule': True, 'transportation': True} all_resolved=False n_resolved=3/5 tokens=(4193,1414)
  N=5 tp_nonsynth_mf5_000090 seed=0 arm=full_regen level=hard: per_fault={'budget': True, 'days': True, 'cuisine': False, 'house_rule': True, 'transportation': True} all_resolved=False n_resolved=4/5 tokens=(3556,1260)
  N=5 tp_nonsynth_mf5_000090 seed=0 arm=react level=hard: per_fault={'budget': True, 'days': True, 'cuisine': False, 'house_rule': False, 'transportation': True} all_resolved=False n_resolved=3/5 tokens=(3609,1492)
  N=5 tp_nonsynth_mf5_000090 seed=0 arm=selfcheckgpt level=hard: per_fault={'budget': True, 'days': True, 'cuisine': False, 'house_rule': True, 'transportation': True} all_resolved=False n_resolved=4/5 tokens=(12943,1727)
  N=5 tp_nonsynth_mf5_000090 seed=0 arm=reflexion level=hard: per_fault={'budget': False, 'days': False, 'cuisine': False, 'house_rule': False, 'transportation': False} all_resolved=False n_resolved=0/5 tokens=(11231,1377)
  N=5 tp_nonsynth_mf5_000090 seed=0 arm=intro_specter level=hard: per_fault={'budget': True, 'days': False, 'cuisine': False, 'house_rule': True, 'transportation': True} all_resolved=False n_resolved=3/5 tokens=(4347,1132)
  N=5 tp_nonsynth_mf5_000090 seed=1 arm=direct level=hard: per_fault={'budget': True, 'days': True, 'cuisine': False, 'house_rule': True, 'transportation': True} all_resolved=False n_resolved=4/5 tokens=(1778,683)
  N=5 tp_nonsynth_mf5_000090 seed=1 arm=self_refine level=hard: per_fault={'budget': False, 'days': True, 'cuisine': False, 'house_rule': True, 'transportation': True} all_resolved=False n_resolved=3/5 tokens=(4373,1695)
  N=5 tp_nonsynth_mf5_000090 seed=1 arm=full_regen level=hard: per_fault={'budget': True, 'days': True, 'cuisine': False, 'house_rule': True, 'transportation': True} all_resolved=False n_resolved=4/5 tokens=(3556,1647)
  N=5 tp_nonsynth_mf5_000090 seed=1 arm=react level=hard: per_fault={'budget': True, 'days': True, 'cuisine': False, 'house_rule': True, 'transportation': False} all_resolved=False n_resolved=3/5 tokens=(3609,1554)
  N=5 tp_nonsynth_mf5_000090 seed=1 arm=selfcheckgpt level=hard: per_fault={'budget': True, 'days': True, 'cuisine': False, 'house_rule': True, 'transportation': True} all_resolved=False n_resolved=4/5 tokens=(11187,1565)
  N=5 tp_nonsynth_mf5_000090 seed=1 arm=reflexion level=hard: per_fault={'budget': False, 'days': False, 'cuisine': False, 'house_rule': False, 'transportation': False} all_resolved=False n_resolved=0/5 tokens=(11732,1477)
  N=5 tp_nonsynth_mf5_000090 seed=1 arm=intro_specter level=hard: per_fault={'budget': True, 'days': False, 'cuisine': False, 'house_rule': True, 'transportation': True} all_resolved=False n_resolved=3/5 tokens=(4527,1478)
  N=5 tp_nonsynth_mf5_000090 seed=2 arm=direct level=hard: per_fault={'budget': True, 'days': True, 'cuisine': False, 'house_rule': True, 'transportation': True} all_resolved=False n_resolved=4/5 tokens=(1778,1069)
  N=5 tp_nonsynth_mf5_000090 seed=2 arm=self_refine level=hard: per_fault={'budget': False, 'days': True, 'cuisine': False, 'house_rule': True, 'transportation': True} all_resolved=False n_resolved=3/5 tokens=(4885,2788)
  N=5 tp_nonsynth_mf5_000090 seed=2 arm=full_regen level=hard: per_fault={'budget': True, 'days': True, 'cuisine': False, 'house_rule': True, 'transportation': True} all_resolved=False n_resolved=4/5 tokens=(3556,2011)
  N=5 tp_nonsynth_mf5_000090 seed=2 arm=react level=hard: per_fault={'budget': True, 'days': True, 'cuisine': False, 'house_rule': True, 'transportation': True} all_resolved=False n_resolved=4/5 tokens=(3609,2116)
  N=5 tp_nonsynth_mf5_000090 seed=2 arm=selfcheckgpt level=hard: per_fault={'budget': True, 'days': True, 'cuisine': False, 'house_rule': True, 'transportation': True} all_resolved=False n_resolved=4/5 tokens=(13347,2194)
  N=5 tp_nonsynth_mf5_000090 seed=2 arm=reflexion level=hard: per_fault={'budget': True, 'days': True, 'cuisine': False, 'house_rule': True, 'transportation': True} all_resolved=False n_resolved=4/5 tokens=(13269,2745)
  N=5 tp_nonsynth_mf5_000090 seed=2 arm=intro_specter level=hard: per_fault={'budget': True, 'days': False, 'cuisine': False, 'house_rule': True, 'transportation': True} all_resolved=False n_resolved=3/5 tokens=(5039,1991)
  N=5 tp_nonsynth_mf5_000095 seed=0 arm=direct level=hard: per_fault={'budget': False, 'days': False, 'cuisine': False, 'house_rule': True, 'transportation': True} all_resolved=False n_resolved=2/5 tokens=(1615,560)
  N=5 tp_nonsynth_mf5_000095 seed=0 arm=self_refine level=hard: per_fault={'budget': False, 'days': False, 'cuisine': False, 'house_rule': True, 'transportation': True} all_resolved=False n_resolved=2/5 tokens=(3924,1447)
  N=5 tp_nonsynth_mf5_000095 seed=0 arm=full_regen level=hard: per_fault={'budget': True, 'days': False, 'cuisine': False, 'house_rule': False, 'transportation': True} all_resolved=False n_resolved=2/5 tokens=(3230,1005)
  N=5 tp_nonsynth_mf5_000095 seed=0 arm=react level=hard: per_fault={'budget': True, 'days': False, 'cuisine': False, 'house_rule': False, 'transportation': False} all_resolved=False n_resolved=1/5 tokens=(3283,1082)
  N=5 tp_nonsynth_mf5_000095 seed=0 arm=selfcheckgpt level=hard: per_fault={'budget': True, 'days': True, 'cuisine': False, 'house_rule': True, 'transportation': True} all_resolved=False n_resolved=4/5 tokens=(12311,2378)
  N=5 tp_nonsynth_mf5_000095 seed=0 arm=reflexion level=hard: per_fault={'budget': False, 'days': False, 'cuisine': False, 'house_rule': False, 'transportation': False} all_resolved=False n_resolved=0/5 tokens=(10638,764)
  N=5 tp_nonsynth_mf5_000095 seed=0 arm=intro_specter level=hard: per_fault={'budget': True, 'days': False, 'cuisine': False, 'house_rule': True, 'transportation': True} all_resolved=False n_resolved=3/5 tokens=(4078,1124)
  N=5 tp_nonsynth_mf5_000095 seed=1 arm=direct level=hard: per_fault={'budget': False, 'days': False, 'cuisine': False, 'house_rule': True, 'transportation': True} all_resolved=False n_resolved=2/5 tokens=(1615,544)
  N=5 tp_nonsynth_mf5_000095 seed=1 arm=self_refine level=hard: per_fault={'budget': True, 'days': True, 'cuisine': False, 'house_rule': True, 'transportation': True} all_resolved=False n_resolved=4/5 tokens=(3908,1430)
  N=5 tp_nonsynth_mf5_000095 seed=1 arm=full_regen level=hard: per_fault={'budget': True, 'days': False, 'cuisine': False, 'house_rule': True, 'transportation': True} all_resolved=False n_resolved=3/5 tokens=(3230,1164)
  N=5 tp_nonsynth_mf5_000095 seed=1 arm=react level=hard: per_fault={'budget': True, 'days': False, 'cuisine': False, 'house_rule': True, 'transportation': True} all_resolved=False n_resolved=3/5 tokens=(3283,1170)
  N=5 tp_nonsynth_mf5_000095 seed=1 arm=selfcheckgpt level=hard: per_fault={'budget': True, 'days': True, 'cuisine': False, 'house_rule': True, 'transportation': True} all_resolved=False n_resolved=4/5 tokens=(12628,2736)
  N=5 tp_nonsynth_mf5_000095 seed=1 arm=reflexion level=hard: per_fault={'budget': False, 'days': False, 'cuisine': False, 'house_rule': False, 'transportation': False} all_resolved=False n_resolved=0/5 tokens=(10612,868)
  N=5 tp_nonsynth_mf5_000095 seed=1 arm=intro_specter level=hard: per_fault={'budget': True, 'days': False, 'cuisine': False, 'house_rule': True, 'transportation': True} all_resolved=False n_resolved=3/5 tokens=(4062,1089)
  N=5 tp_nonsynth_mf5_000095 seed=2 arm=direct level=hard: per_fault={'budget': True, 'days': True, 'cuisine': False, 'house_rule': True, 'transportation': True} all_resolved=False n_resolved=4/5 tokens=(1615,794)
  N=5 tp_nonsynth_mf5_000095 seed=2 arm=self_refine level=hard: per_fault={'budget': False, 'days': True, 'cuisine': False, 'house_rule': True, 'transportation': True} all_resolved=False n_resolved=3/5 tokens=(4242,2174)
  N=5 tp_nonsynth_mf5_000095 seed=2 arm=full_regen level=hard: per_fault={'budget': True, 'days': True, 'cuisine': False, 'house_rule': True, 'transportation': True} all_resolved=False n_resolved=4/5 tokens=(3230,1442)
  N=5 tp_nonsynth_mf5_000095 seed=2 arm=react level=hard: per_fault={'budget': True, 'days': False, 'cuisine': False, 'house_rule': False, 'transportation': False} all_resolved=False n_resolved=1/5 tokens=(3283,1305)
  N=5 tp_nonsynth_mf5_000095 seed=2 arm=selfcheckgpt level=hard: per_fault={'budget': True, 'days': True, 'cuisine': False, 'house_rule': True, 'transportation': True} all_resolved=False n_resolved=4/5 tokens=(12526,2976)
  N=5 tp_nonsynth_mf5_000095 seed=2 arm=reflexion level=hard: per_fault={'budget': True, 'days': True, 'cuisine': False, 'house_rule': True, 'transportation': True} all_resolved=False n_resolved=4/5 tokens=(11515,1988)
  N=5 tp_nonsynth_mf5_000095 seed=2 arm=intro_specter level=hard: per_fault={'budget': True, 'days': False, 'cuisine': False, 'house_rule': True, 'transportation': True} all_resolved=False n_resolved=3/5 tokens=(4396,1989)
  N=5 tp_nonsynth_mf5_000098 seed=0 arm=direct level=hard: per_fault={'budget': True, 'days': False, 'cuisine': False, 'house_rule': False, 'room_type': True} all_resolved=False n_resolved=2/5 tokens=(1522,423)
  N=5 tp_nonsynth_mf5_000098 seed=0 arm=self_refine level=hard: per_fault={'budget': False, 'days': True, 'cuisine': False, 'house_rule': False, 'room_type': True} all_resolved=False n_resolved=2/5 tokens=(3538,1145)
  N=5 tp_nonsynth_mf5_000098 seed=0 arm=full_regen level=hard: per_fault={'budget': True, 'days': True, 'cuisine': False, 'house_rule': True, 'room_type': True} all_resolved=False n_resolved=4/5 tokens=(3044,1085)
  N=5 tp_nonsynth_mf5_000098 seed=0 arm=react level=hard: per_fault={'budget': False, 'days': False, 'cuisine': False, 'house_rule': True, 'room_type': True} all_resolved=False n_resolved=2/5 tokens=(3097,966)
  N=5 tp_nonsynth_mf5_000098 seed=0 arm=selfcheckgpt level=hard: per_fault={'budget': False, 'days': False, 'cuisine': False, 'house_rule': False, 'room_type': True} all_resolved=False n_resolved=1/5 tokens=(11223,1707)
  N=5 tp_nonsynth_mf5_000098 seed=0 arm=reflexion level=hard: per_fault={'budget': False, 'days': False, 'cuisine': False, 'house_rule': False, 'room_type': False} all_resolved=False n_resolved=0/5 tokens=(9578,1284)
  N=5 tp_nonsynth_mf5_000098 seed=0 arm=intro_specter level=hard: per_fault={'budget': True, 'days': True, 'cuisine': False, 'house_rule': True, 'room_type': True} all_resolved=False n_resolved=4/5 tokens=(3692,922)
  N=5 tp_nonsynth_mf5_000098 seed=1 arm=direct level=hard: per_fault={'budget': False, 'days': True, 'cuisine': False, 'house_rule': True, 'room_type': True} all_resolved=False n_resolved=3/5 tokens=(1522,610)
  N=5 tp_nonsynth_mf5_000098 seed=1 arm=self_refine level=hard: per_fault={'budget': True, 'days': True, 'cuisine': False, 'house_rule': True, 'room_type': True} all_resolved=False n_resolved=4/5 tokens=(3746,1436)
  N=5 tp_nonsynth_mf5_000098 seed=1 arm=full_regen level=hard: per_fault={'budget': True, 'days': False, 'cuisine': False, 'house_rule': True, 'room_type': True} all_resolved=False n_resolved=3/5 tokens=(3044,1250)
  N=5 tp_nonsynth_mf5_000098 seed=1 arm=react level=hard: per_fault={'budget': False, 'days': False, 'cuisine': False, 'house_rule': True, 'room_type': True} all_resolved=False n_resolved=2/5 tokens=(3097,1561)
  N=5 tp_nonsynth_mf5_000098 seed=1 arm=selfcheckgpt level=hard: per_fault={'budget': False, 'days': True, 'cuisine': False, 'house_rule': True, 'room_type': True} all_resolved=False n_resolved=3/5 tokens=(11228,1847)
  N=5 tp_nonsynth_mf5_000098 seed=1 arm=reflexion level=hard: per_fault={'budget': False, 'days': False, 'cuisine': False, 'house_rule': False, 'room_type': False} all_resolved=False n_resolved=0/5 tokens=(10144,952)
  N=5 tp_nonsynth_mf5_000098 seed=1 arm=intro_specter level=hard: per_fault={'budget': True, 'days': False, 'cuisine': False, 'house_rule': True, 'room_type': True} all_resolved=False n_resolved=3/5 tokens=(3900,1130)
  N=5 tp_nonsynth_mf5_000098 seed=2 arm=direct level=hard: per_fault={'budget': False, 'days': False, 'cuisine': False, 'house_rule': True, 'room_type': True} all_resolved=False n_resolved=2/5 tokens=(1522,522)
  N=5 tp_nonsynth_mf5_000098 seed=2 arm=self_refine level=hard: per_fault={'budget': True, 'days': False, 'cuisine': False, 'house_rule': True, 'room_type': True} all_resolved=False n_resolved=3/5 tokens=(3700,1285)
  N=5 tp_nonsynth_mf5_000098 seed=2 arm=full_regen level=hard: per_fault={'budget': False, 'days': False, 'cuisine': False, 'house_rule': True, 'room_type': True} all_resolved=False n_resolved=2/5 tokens=(3044,956)
  N=5 tp_nonsynth_mf5_000098 seed=2 arm=react level=hard: per_fault={'budget': True, 'days': False, 'cuisine': False, 'house_rule': False, 'room_type': False} all_resolved=False n_resolved=1/5 tokens=(3097,1054)
  N=5 tp_nonsynth_mf5_000098 seed=2 arm=selfcheckgpt level=hard: per_fault={'budget': True, 'days': True, 'cuisine': False, 'house_rule': True, 'room_type': True} all_resolved=False n_resolved=4/5 tokens=(11258,1929)
  N=5 tp_nonsynth_mf5_000098 seed=2 arm=reflexion level=hard: per_fault={'budget': False, 'days': False, 'cuisine': False, 'house_rule': False, 'room_type': False} all_resolved=False n_resolved=0/5 tokens=(10063,1324)
  N=5 tp_nonsynth_mf5_000098 seed=2 arm=intro_specter level=hard: per_fault={'budget': True, 'days': False, 'cuisine': False, 'house_rule': True, 'room_type': True} all_resolved=False n_resolved=3/5 tokens=(3854,1379)
  N=5 tp_nonsynth_mf5_000101 seed=0 arm=direct level=hard: per_fault={'budget': False, 'days': False, 'cuisine': False, 'house_rule': True, 'room_type': True} all_resolved=False n_resolved=2/5 tokens=(1656,623)
  N=5 tp_nonsynth_mf5_000101 seed=0 arm=self_refine level=hard: per_fault={'budget': True, 'days': True, 'cuisine': False, 'house_rule': True, 'room_type': True} all_resolved=False n_resolved=4/5 tokens=(4069,1625)
  N=5 tp_nonsynth_mf5_000101 seed=0 arm=full_regen level=hard: per_fault={'budget': True, 'days': True, 'cuisine': False, 'house_rule': True, 'room_type': True} all_resolved=False n_resolved=4/5 tokens=(3312,1413)
  N=5 tp_nonsynth_mf5_000101 seed=0 arm=react level=hard: per_fault={'budget': False, 'days': False, 'cuisine': False, 'house_rule': True, 'room_type': True} all_resolved=False n_resolved=2/5 tokens=(3365,1181)
  N=5 tp_nonsynth_mf5_000101 seed=0 arm=selfcheckgpt level=hard: per_fault={'budget': False, 'days': False, 'cuisine': False, 'house_rule': True, 'room_type': True} all_resolved=False n_resolved=2/5 tokens=(11951,1675)
  N=5 tp_nonsynth_mf5_000101 seed=0 arm=reflexion level=hard: per_fault={'budget': False, 'days': False, 'cuisine': False, 'house_rule': False, 'room_type': False} all_resolved=False n_resolved=0/5 tokens=(11056,1136)
  N=5 tp_nonsynth_mf5_000101 seed=0 arm=intro_specter level=hard: per_fault={'budget': True, 'days': True, 'cuisine': False, 'house_rule': True, 'room_type': True} all_resolved=False n_resolved=4/5 tokens=(4223,1285)
  N=5 tp_nonsynth_mf5_000101 seed=1 arm=direct level=hard: per_fault={'budget': False, 'days': True, 'cuisine': False, 'house_rule': True, 'room_type': False} all_resolved=False n_resolved=2/5 tokens=(1656,991)
  N=5 tp_nonsynth_mf5_000101 seed=1 arm=self_refine level=hard: per_fault={'budget': True, 'days': True, 'cuisine': False, 'house_rule': True, 'room_type': False} all_resolved=False n_resolved=3/5 tokens=(4626,1951)
  N=5 tp_nonsynth_mf5_000101 seed=1 arm=full_regen level=hard: per_fault={'budget': False, 'days': True, 'cuisine': True, 'house_rule': True, 'room_type': True} all_resolved=False n_resolved=4/5 tokens=(3312,1685)
  N=5 tp_nonsynth_mf5_000101 seed=1 arm=react level=hard: per_fault={'budget': False, 'days': False, 'cuisine': False, 'house_rule': True, 'room_type': True} all_resolved=False n_resolved=2/5 tokens=(3365,1734)
  N=5 tp_nonsynth_mf5_000101 seed=1 arm=selfcheckgpt level=hard: per_fault={'budget': False, 'days': True, 'cuisine': False, 'house_rule': True, 'room_type': False} all_resolved=False n_resolved=2/5 tokens=(11619,1939)
  N=5 tp_nonsynth_mf5_000101 seed=1 arm=reflexion level=hard: per_fault={'budget': True, 'days': True, 'cuisine': False, 'house_rule': True, 'room_type': False} all_resolved=False n_resolved=3/5 tokens=(14687,2948)
  N=5 tp_nonsynth_mf5_000101 seed=1 arm=intro_specter level=hard: per_fault={'budget': True, 'days': False, 'cuisine': False, 'house_rule': True, 'room_type': False} all_resolved=False n_resolved=2/5 tokens=(4780,1643)
  N=5 tp_nonsynth_mf5_000101 seed=2 arm=direct level=hard: per_fault={'budget': False, 'days': False, 'cuisine': False, 'house_rule': True, 'room_type': True} all_resolved=False n_resolved=2/5 tokens=(1656,545)
  N=5 tp_nonsynth_mf5_000101 seed=2 arm=self_refine level=hard: per_fault={'budget': True, 'days': False, 'cuisine': False, 'house_rule': True, 'room_type': True} all_resolved=False n_resolved=3/5 tokens=(3991,1372)
  N=5 tp_nonsynth_mf5_000101 seed=2 arm=full_regen level=hard: per_fault={'budget': False, 'days': True, 'cuisine': False, 'house_rule': True, 'room_type': False} all_resolved=False n_resolved=2/5 tokens=(3312,1349)
  N=5 tp_nonsynth_mf5_000101 seed=2 arm=react level=hard: per_fault={'budget': True, 'days': False, 'cuisine': False, 'house_rule': True, 'room_type': False} all_resolved=False n_resolved=2/5 tokens=(3365,1064)
  N=5 tp_nonsynth_mf5_000101 seed=2 arm=selfcheckgpt level=hard: per_fault={'budget': False, 'days': False, 'cuisine': False, 'house_rule': True, 'room_type': True} all_resolved=False n_resolved=2/5 tokens=(12188,1789)
  N=5 tp_nonsynth_mf5_000101 seed=2 arm=reflexion level=hard: per_fault={'budget': False, 'days': False, 'cuisine': False, 'house_rule': False, 'room_type': False} all_resolved=False n_resolved=0/5 tokens=(10800,1171)
  N=5 tp_nonsynth_mf5_000101 seed=2 arm=intro_specter level=hard: per_fault={'budget': True, 'days': False, 'cuisine': False, 'house_rule': True, 'room_type': True} all_resolved=False n_resolved=3/5 tokens=(4145,1344)
  N=5 tp_nonsynth_mf5_000103 seed=0 arm=direct level=hard: per_fault={'budget': False, 'days': True, 'house_rule': True, 'room_type': True, 'transportation': True} all_resolved=False n_resolved=4/5 tokens=(1552,582)
  N=5 tp_nonsynth_mf5_000103 seed=0 arm=self_refine level=hard: per_fault={'budget': True, 'days': True, 'house_rule': True, 'room_type': True, 'transportation': True} all_resolved=True n_resolved=5/5 tokens=(3778,1496)
  N=5 tp_nonsynth_mf5_000103 seed=0 arm=full_regen level=hard: per_fault={'budget': True, 'days': True, 'house_rule': True, 'room_type': True, 'transportation': True} all_resolved=True n_resolved=5/5 tokens=(3104,1259)
  N=5 tp_nonsynth_mf5_000103 seed=0 arm=react level=hard: per_fault={'budget': False, 'days': False, 'house_rule': False, 'room_type': False, 'transportation': False} all_resolved=False n_resolved=0/5 tokens=(3157,1157)
  N=5 tp_nonsynth_mf5_000103 seed=0 arm=selfcheckgpt level=hard: per_fault={'budget': False, 'days': True, 'house_rule': True, 'room_type': True, 'transportation': True} all_resolved=False n_resolved=4/5 tokens=(11413,1885)
  N=5 tp_nonsynth_mf5_000103 seed=0 arm=reflexion level=hard: per_fault={'budget': False, 'days': False, 'house_rule': False, 'room_type': False, 'transportation': False} all_resolved=False n_resolved=0/5 tokens=(10108,767)
  N=5 tp_nonsynth_mf5_000103 seed=0 arm=intro_specter level=hard: per_fault={'budget': True, 'days': True, 'house_rule': True, 'room_type': True, 'transportation': True} all_resolved=True n_resolved=5/5 tokens=(3932,1325)
  N=5 tp_nonsynth_mf5_000103 seed=1 arm=direct level=hard: per_fault={'budget': True, 'days': True, 'house_rule': True, 'room_type': True, 'transportation': True} all_resolved=True n_resolved=5/5 tokens=(1552,892)
  N=5 tp_nonsynth_mf5_000103 seed=1 arm=self_refine level=hard: per_fault={'budget': True, 'days': True, 'house_rule': True, 'room_type': True, 'transportation': True} all_resolved=True n_resolved=5/5 tokens=(4277,2173)
  N=5 tp_nonsynth_mf5_000103 seed=1 arm=full_regen level=hard: per_fault={'budget': True, 'days': False, 'house_rule': True, 'room_type': True, 'transportation': True} all_resolved=False n_resolved=4/5 tokens=(3104,1561)
  N=5 tp_nonsynth_mf5_000103 seed=1 arm=react level=hard: per_fault={'budget': True, 'days': True, 'house_rule': True, 'room_type': True, 'transportation': True} all_resolved=True n_resolved=5/5 tokens=(3157,1628)
  N=5 tp_nonsynth_mf5_000103 seed=1 arm=selfcheckgpt level=hard: per_fault={'budget': True, 'days': True, 'house_rule': True, 'room_type': True, 'transportation': True} all_resolved=True n_resolved=5/5 tokens=(10779,1513)
  N=5 tp_nonsynth_mf5_000103 seed=1 arm=reflexion level=hard: per_fault={'budget': True, 'days': True, 'house_rule': True, 'room_type': True, 'transportation': True} all_resolved=True n_resolved=5/5 tokens=(1552,892)
  N=5 tp_nonsynth_mf5_000103 seed=1 arm=intro_specter level=hard: per_fault={'budget': True, 'days': True, 'house_rule': True, 'room_type': True, 'transportation': True} all_resolved=True n_resolved=5/5 tokens=(4431,1515)
  N=5 tp_nonsynth_mf5_000103 seed=2 arm=direct level=hard: per_fault={'budget': True, 'days': True, 'house_rule': True, 'room_type': True, 'transportation': True} all_resolved=True n_resolved=5/5 tokens=(1552,1090)
  N=5 tp_nonsynth_mf5_000103 seed=2 arm=self_refine level=hard: per_fault={'budget': True, 'days': True, 'house_rule': True, 'room_type': True, 'transportation': True} all_resolved=True n_resolved=5/5 tokens=(4517,2677)
  N=5 tp_nonsynth_mf5_000103 seed=2 arm=full_regen level=hard: per_fault={'budget': True, 'days': False, 'house_rule': True, 'room_type': True, 'transportation': True} all_resolved=False n_resolved=4/5 tokens=(3104,1573)
  N=5 tp_nonsynth_mf5_000103 seed=2 arm=react level=hard: per_fault={'budget': True, 'days': False, 'house_rule': True, 'room_type': True, 'transportation': False} all_resolved=False n_resolved=3/5 tokens=(3157,1707)
  N=5 tp_nonsynth_mf5_000103 seed=2 arm=selfcheckgpt level=hard: per_fault={'budget': True, 'days': True, 'house_rule': True, 'room_type': True, 'transportation': True} all_resolved=True n_resolved=5/5 tokens=(11233,2155)
  N=5 tp_nonsynth_mf5_000103 seed=2 arm=reflexion level=hard: per_fault={'budget': True, 'days': True, 'house_rule': True, 'room_type': True, 'transportation': True} all_resolved=True n_resolved=5/5 tokens=(1552,1090)
  N=5 tp_nonsynth_mf5_000103 seed=2 arm=intro_specter level=hard: per_fault={'budget': True, 'days': True, 'house_rule': True, 'room_type': True, 'transportation': True} all_resolved=True n_resolved=5/5 tokens=(4671,1847)
  N=5 tp_nonsynth_mf5_000105 seed=0 arm=direct level=hard: per_fault={'budget': True, 'days': True, 'house_rule': True, 'room_type': True, 'transportation': True} all_resolved=True n_resolved=5/5 tokens=(1591,962)
  N=5 tp_nonsynth_mf5_000105 seed=0 arm=self_refine level=hard: per_fault={'budget': False, 'days': True, 'house_rule': True, 'room_type': False, 'transportation': False} all_resolved=False n_resolved=2/5 tokens=(4362,2337)
  N=5 tp_nonsynth_mf5_000105 seed=0 arm=full_regen level=hard: per_fault={'budget': True, 'days': True, 'house_rule': True, 'room_type': True, 'transportation': True} all_resolved=True n_resolved=5/5 tokens=(3182,1937)
  N=5 tp_nonsynth_mf5_000105 seed=0 arm=react level=hard: per_fault={'budget': True, 'days': False, 'house_rule': True, 'room_type': True, 'transportation': True} all_resolved=False n_resolved=4/5 tokens=(3235,1669)
  N=5 tp_nonsynth_mf5_000105 seed=0 arm=selfcheckgpt level=hard: per_fault={'budget': True, 'days': True, 'house_rule': True, 'room_type': True, 'transportation': True} all_resolved=True n_resolved=5/5 tokens=(11452,1695)
  N=5 tp_nonsynth_mf5_000105 seed=0 arm=reflexion level=hard: per_fault={'budget': True, 'days': True, 'house_rule': True, 'room_type': True, 'transportation': True} all_resolved=True n_resolved=5/5 tokens=(1591,962)
  N=5 tp_nonsynth_mf5_000105 seed=0 arm=intro_specter level=hard: per_fault={'budget': True, 'days': True, 'house_rule': True, 'room_type': True, 'transportation': True} all_resolved=True n_resolved=5/5 tokens=(4516,2059)
  N=5 tp_nonsynth_mf5_000105 seed=1 arm=direct level=hard: per_fault={'budget': True, 'days': False, 'house_rule': True, 'room_type': True, 'transportation': True} all_resolved=False n_resolved=4/5 tokens=(1591,386)
  N=5 tp_nonsynth_mf5_000105 seed=1 arm=self_refine level=hard: per_fault={'budget': False, 'days': True, 'house_rule': True, 'room_type': True, 'transportation': True} all_resolved=False n_resolved=4/5 tokens=(3639,1809)
  N=5 tp_nonsynth_mf5_000105 seed=1 arm=full_regen level=hard: per_fault={'budget': True, 'days': False, 'house_rule': True, 'room_type': True, 'transportation': True} all_resolved=False n_resolved=4/5 tokens=(3182,1054)
  N=5 tp_nonsynth_mf5_000105 seed=1 arm=react level=hard: per_fault={'budget': True, 'days': True, 'house_rule': True, 'room_type': True, 'transportation': False} all_resolved=False n_resolved=4/5 tokens=(3235,1083)
  N=5 tp_nonsynth_mf5_000105 seed=1 arm=selfcheckgpt level=hard: per_fault={'budget': True, 'days': True, 'house_rule': True, 'room_type': True, 'transportation': True} all_resolved=True n_resolved=5/5 tokens=(11256,1250)
  N=5 tp_nonsynth_mf5_000105 seed=1 arm=reflexion level=hard: per_fault={'budget': False, 'days': False, 'house_rule': False, 'room_type': False, 'transportation': False} all_resolved=False n_resolved=0/5 tokens=(9673,627)
  N=5 tp_nonsynth_mf5_000105 seed=1 arm=intro_specter level=hard: per_fault={'budget': True, 'days': True, 'house_rule': False, 'room_type': True, 'transportation': False} all_resolved=False n_resolved=3/5 tokens=(3793,893)
  N=5 tp_nonsynth_mf5_000105 seed=2 arm=direct level=hard: per_fault={'budget': True, 'days': True, 'house_rule': True, 'room_type': True, 'transportation': True} all_resolved=True n_resolved=5/5 tokens=(1591,869)
  N=5 tp_nonsynth_mf5_000105 seed=2 arm=self_refine level=hard: per_fault={'budget': True, 'days': True, 'house_rule': True, 'room_type': True, 'transportation': True} all_resolved=True n_resolved=5/5 tokens=(4248,2147)
  N=5 tp_nonsynth_mf5_000105 seed=2 arm=full_regen level=hard: per_fault={'budget': True, 'days': True, 'house_rule': True, 'room_type': True, 'transportation': True} all_resolved=True n_resolved=5/5 tokens=(3182,1756)
  N=5 tp_nonsynth_mf5_000105 seed=2 arm=react level=hard: per_fault={'budget': True, 'days': False, 'house_rule': True, 'room_type': True, 'transportation': True} all_resolved=False n_resolved=4/5 tokens=(3235,1590)
  N=5 tp_nonsynth_mf5_000105 seed=2 arm=selfcheckgpt level=hard: per_fault={'budget': True, 'days': True, 'house_rule': True, 'room_type': True, 'transportation': True} all_resolved=True n_resolved=5/5 tokens=(17529,2486)
  N=5 tp_nonsynth_mf5_000105 seed=2 arm=reflexion level=hard: per_fault={'budget': True, 'days': True, 'house_rule': True, 'room_type': True, 'transportation': True} all_resolved=True n_resolved=5/5 tokens=(1591,869)
  N=5 tp_nonsynth_mf5_000105 seed=2 arm=intro_specter level=hard: per_fault={'budget': True, 'days': True, 'house_rule': True, 'room_type': True, 'transportation': True} all_resolved=True n_resolved=5/5 tokens=(4402,2175)
  N=5 tp_nonsynth_mf5_000107 seed=0 arm=direct level=hard: per_fault={'budget': True, 'days': True, 'cuisine': False, 'house_rule': True, 'room_type': True} all_resolved=False n_resolved=4/5 tokens=(1665,858)
  N=5 tp_nonsynth_mf5_000107 seed=0 arm=self_refine level=hard: per_fault={'budget': True, 'days': True, 'cuisine': False, 'house_rule': True, 'room_type': True} all_resolved=False n_resolved=4/5 tokens=(4364,2086)
  N=5 tp_nonsynth_mf5_000107 seed=0 arm=full_regen level=hard: per_fault={'budget': True, 'days': True, 'cuisine': False, 'house_rule': True, 'room_type': True} all_resolved=False n_resolved=4/5 tokens=(3330,1529)
  N=5 tp_nonsynth_mf5_000107 seed=0 arm=react level=hard: per_fault={'budget': True, 'days': False, 'cuisine': False, 'house_rule': True, 'room_type': True} all_resolved=False n_resolved=3/5 tokens=(3383,1600)
  N=5 tp_nonsynth_mf5_000107 seed=0 arm=selfcheckgpt level=hard: per_fault={'budget': True, 'days': True, 'cuisine': False, 'house_rule': True, 'room_type': True} all_resolved=False n_resolved=4/5 tokens=(12773,2633)
  N=5 tp_nonsynth_mf5_000107 seed=0 arm=reflexion level=hard: per_fault={'budget': False, 'days': False, 'cuisine': False, 'house_rule': False, 'room_type': False} all_resolved=False n_resolved=0/5 tokens=(11825,1067)
  N=5 tp_nonsynth_mf5_000107 seed=0 arm=intro_specter level=hard: per_fault={'budget': True, 'days': False, 'cuisine': False, 'house_rule': True, 'room_type': True} all_resolved=False n_resolved=3/5 tokens=(4518,1644)
  N=5 tp_nonsynth_mf5_000107 seed=1 arm=direct level=hard: per_fault={'budget': False, 'days': False, 'cuisine': False, 'house_rule': True, 'room_type': True} all_resolved=False n_resolved=2/5 tokens=(1665,579)
  N=5 tp_nonsynth_mf5_000107 seed=1 arm=self_refine level=hard: per_fault={'budget': True, 'days': False, 'cuisine': False, 'house_rule': True, 'room_type': True} all_resolved=False n_resolved=3/5 tokens=(4043,1477)
  N=5 tp_nonsynth_mf5_000107 seed=1 arm=full_regen level=hard: per_fault={'budget': True, 'days': False, 'cuisine': False, 'house_rule': True, 'room_type': True} all_resolved=False n_resolved=3/5 tokens=(3330,1155)
  N=5 tp_nonsynth_mf5_000107 seed=1 arm=react level=hard: per_fault={'budget': False, 'days': False, 'cuisine': False, 'house_rule': True, 'room_type': True} all_resolved=False n_resolved=2/5 tokens=(3383,1221)
  N=5 tp_nonsynth_mf5_000107 seed=1 arm=selfcheckgpt level=hard: per_fault={'budget': True, 'days': True, 'cuisine': False, 'house_rule': True, 'room_type': True} all_resolved=False n_resolved=4/5 tokens=(13121,2821)
  N=5 tp_nonsynth_mf5_000107 seed=1 arm=reflexion level=hard: per_fault={'budget': False, 'days': False, 'cuisine': False, 'house_rule': False, 'room_type': False} all_resolved=False n_resolved=0/5 tokens=(10927,2588)
  N=5 tp_nonsynth_mf5_000107 seed=1 arm=intro_specter level=hard: per_fault={'budget': True, 'days': False, 'cuisine': False, 'house_rule': True, 'room_type': True} all_resolved=False n_resolved=3/5 tokens=(4197,1159)
  N=5 tp_nonsynth_mf5_000107 seed=2 arm=direct level=hard: per_fault={'budget': False, 'days': False, 'cuisine': False, 'house_rule': True, 'room_type': True} all_resolved=False n_resolved=2/5 tokens=(1665,467)
  N=5 tp_nonsynth_mf5_000107 seed=2 arm=self_refine level=hard: per_fault={'budget': True, 'days': True, 'cuisine': False, 'house_rule': True, 'room_type': True} all_resolved=False n_resolved=4/5 tokens=(3889,1309)
  N=5 tp_nonsynth_mf5_000107 seed=2 arm=full_regen level=hard: per_fault={'budget': True, 'days': False, 'cuisine': False, 'house_rule': True, 'room_type': False} all_resolved=False n_resolved=2/5 tokens=(3330,949)
[RETRY] selfcheckgpt task=tp_nonsynth_mf5_000112 seed=0 attempt 1/5 failed (failed to obtain JSON after 3 attempts: could not parse JSON from model output:
{
  "final_output": "To plan a trip from Newark to Florida covering 3 cities from March 18th to March 24th, 2022, with a budget of $20,150, and considering the local constraints and true values, here's a suggested itinerary:\nDay 1 (March 18th): Arrival in Miami, check-in at an entire room accommodation (e.g., Miami Beach Hotel) that allows parties. Visit Jungle Island and enjoy dinner at a local restaurant like Joe's Stone Crab. Cost: $1,500 (accommodation) + $100 (Jungle Island) + $200 (dinner); retrying in 3s
[RETRY] selfcheckgpt task=tp_nonsynth_mf5_000112 seed=0 attempt 2/5 failed (failed to obtain JSON after 3 attempts: could not parse JSON from model output:
{
  "final_output": "To plan a trip from Newark to Florida covering 3 cities from March 18th to March 24th, 2022, with a budget of $20,150, and considering the local constraints and true values, here's a suggested itinerary:\nDay 1 (March 18th): Arrival in Miami, check-in at an entire room accommodation (e.g., Miami Beach Hotel) that allows parties. Visit Jungle Island and enjoy dinner at a local restaurant like Joe's Stone Crab. Cost: $1,500 (accommodation) + $100 (Jungle Island) + $200 (dinner); retrying in 6s
[RETRY] selfcheckgpt task=tp_nonsynth_mf5_000112 seed=0 attempt 3/5 failed (failed to obtain JSON after 3 attempts: could not parse JSON from model output:
{
  "final_output": "To plan a trip from Newark to Florida covering 3 cities from March 18th to March 24th, 2022, with a budget of $20,150, and considering the local constraints and true values, here's a suggested itinerary:\nDay 1 (March 18th): Arrival in Miami, check-in at an entire room accommodation (e.g., Miami Beach Hotel) that allows parties. Visit Jungle Island and enjoy dinner at a local restaurant like Joe's Stone Crab. Cost: $1,500 (accommodation) + $100 (Jungle Island) + $200 (dinner); retrying in 12s
[RETRY] selfcheckgpt task=tp_nonsynth_mf5_000112 seed=0 attempt 4/5 failed (failed to obtain JSON after 3 attempts: could not parse JSON from model output:
{
  "final_output": "To plan a trip from Newark to Florida covering 3 cities from March 18th to March 24th, 2022, with a budget of $20,150, and considering the local constraints and true values, here's a suggested itinerary:\nDay 1 (March 18th): Arrival in Miami, check-in at an entire room accommodation (e.g., Miami Beach Hotel) that allows parties. Visit Jungle Island and enjoy dinner at a local restaurant like Joe's Stone Crab. Cost: $1,500 (accommodation) + $100 (Jungle Island) + $200 (dinner); retrying in 24s
[ERROR] selfcheckgpt failed task=tp_nonsynth_mf5_000112 seed=0: failed to obtain JSON after 3 attempts: could not parse JSON from model output:
{
  "final_output": "To plan a trip from Newark to Florida covering 3 cities from March 18th to March 24th, 2022, with a budget of $20,150, and considering the local constraints and true values, here's a suggested itinerary:\nDay 1 (March 18th): Arrival in Miami, check-in at an entire room accommodation (e.g., Miami Beach Hotel) that allows parties. Visit Jungle Island and enjoy dinner at a local restaurant like Joe's Stone Crab. Cost: $1,500 (accommodation) + $100 (Jungle Island) + $200 (dinner
  N=5 tp_nonsynth_mf5_000107 seed=2 arm=react level=hard: per_fault={'budget': False, 'days': False, 'cuisine': False, 'house_rule': True, 'room_type': True} all_resolved=False n_resolved=2/5 tokens=(3383,1131)
  N=5 tp_nonsynth_mf5_000107 seed=2 arm=selfcheckgpt level=hard: per_fault={'budget': False, 'days': True, 'cuisine': False, 'house_rule': True, 'room_type': True} all_resolved=False n_resolved=3/5 tokens=(12958,2581)
  N=5 tp_nonsynth_mf5_000107 seed=2 arm=reflexion level=hard: per_fault={'budget': False, 'days': False, 'cuisine': False, 'house_rule': False, 'room_type': False} all_resolved=False n_resolved=0/5 tokens=(10469,1314)
  N=5 tp_nonsynth_mf5_000107 seed=2 arm=intro_specter level=hard: per_fault={'budget': True, 'days': False, 'cuisine': False, 'house_rule': True, 'room_type': True} all_resolved=False n_resolved=3/5 tokens=(4043,823)
  N=5 tp_nonsynth_mf5_000108 seed=0 arm=direct level=hard: per_fault={'budget': True, 'days': False, 'house_rule': True, 'room_type': True, 'transportation': True} all_resolved=False n_resolved=4/5 tokens=(1654,447)
  N=5 tp_nonsynth_mf5_000108 seed=0 arm=self_refine level=hard: per_fault={'budget': False, 'days': False, 'house_rule': True, 'room_type': True, 'transportation': True} all_resolved=False n_resolved=3/5 tokens=(3847,1132)
  N=5 tp_nonsynth_mf5_000108 seed=0 arm=full_regen level=hard: per_fault={'budget': True, 'days': False, 'house_rule': True, 'room_type': True, 'transportation': True} all_resolved=False n_resolved=4/5 tokens=(3308,926)
  N=5 tp_nonsynth_mf5_000108 seed=0 arm=react level=hard: per_fault={'budget': False, 'days': False, 'house_rule': False, 'room_type': False, 'transportation': False} all_resolved=False n_resolved=0/5 tokens=(3361,1156)
  N=5 tp_nonsynth_mf5_000108 seed=0 arm=selfcheckgpt level=hard: per_fault={'budget': False, 'days': False, 'house_rule': True, 'room_type': True, 'transportation': True} all_resolved=False n_resolved=3/5 tokens=(12220,1733)
  N=5 tp_nonsynth_mf5_000108 seed=0 arm=reflexion level=hard: per_fault={'budget': False, 'days': False, 'house_rule': False, 'room_type': False, 'transportation': False} all_resolved=False n_resolved=0/5 tokens=(10233,1556)
  N=5 tp_nonsynth_mf5_000108 seed=0 arm=intro_specter level=hard: per_fault={'budget': True, 'days': False, 'house_rule': True, 'room_type': True, 'transportation': True} all_resolved=False n_resolved=4/5 tokens=(4001,990)
  N=5 tp_nonsynth_mf5_000108 seed=1 arm=direct level=hard: per_fault={'budget': False, 'days': False, 'house_rule': True, 'room_type': True, 'transportation': True} all_resolved=False n_resolved=3/5 tokens=(1654,476)
  N=5 tp_nonsynth_mf5_000108 seed=1 arm=self_refine level=hard: per_fault={'budget': True, 'days': True, 'house_rule': True, 'room_type': True, 'transportation': True} all_resolved=True n_resolved=5/5 tokens=(3876,1237)
  N=5 tp_nonsynth_mf5_000108 seed=1 arm=full_regen level=hard: per_fault={'budget': True, 'days': True, 'house_rule': True, 'room_type': True, 'transportation': True} all_resolved=True n_resolved=5/5 tokens=(3308,1502)
  N=5 tp_nonsynth_mf5_000108 seed=1 arm=react level=hard: per_fault={'budget': True, 'days': True, 'house_rule': True, 'room_type': True, 'transportation': True} all_resolved=True n_resolved=5/5 tokens=(3361,1216)
  N=5 tp_nonsynth_mf5_000108 seed=1 arm=selfcheckgpt level=hard: per_fault={'budget': False, 'days': False, 'house_rule': True, 'room_type': True, 'transportation': True} all_resolved=False n_resolved=3/5 tokens=(10392,1362)
  N=5 tp_nonsynth_mf5_000108 seed=1 arm=reflexion level=hard: per_fault={'budget': False, 'days': False, 'house_rule': False, 'room_type': False, 'transportation': False} all_resolved=False n_resolved=0/5 tokens=(10395,1588)
  N=5 tp_nonsynth_mf5_000108 seed=1 arm=intro_specter level=hard: per_fault={'budget': True, 'days': True, 'house_rule': True, 'room_type': True, 'transportation': True} all_resolved=True n_resolved=5/5 tokens=(4030,1074)
  N=5 tp_nonsynth_mf5_000108 seed=2 arm=direct level=hard: per_fault={'budget': True, 'days': False, 'house_rule': True, 'room_type': True, 'transportation': True} all_resolved=False n_resolved=4/5 tokens=(1654,444)
  N=5 tp_nonsynth_mf5_000108 seed=2 arm=self_refine level=hard: per_fault={'budget': True, 'days': True, 'house_rule': True, 'room_type': True, 'transportation': True} all_resolved=True n_resolved=5/5 tokens=(3844,1185)
  N=5 tp_nonsynth_mf5_000108 seed=2 arm=full_regen level=hard: per_fault={'budget': False, 'days': False, 'house_rule': True, 'room_type': True, 'transportation': True} all_resolved=False n_resolved=3/5 tokens=(3308,859)
  N=5 tp_nonsynth_mf5_000108 seed=2 arm=react level=hard: per_fault={'budget': True, 'days': True, 'house_rule': True, 'room_type': True, 'transportation': True} all_resolved=True n_resolved=5/5 tokens=(3361,1577)
  N=5 tp_nonsynth_mf5_000108 seed=2 arm=selfcheckgpt level=hard: per_fault={'budget': False, 'days': False, 'house_rule': True, 'room_type': True, 'transportation': True} all_resolved=False n_resolved=3/5 tokens=(11726,1402)
  N=5 tp_nonsynth_mf5_000108 seed=2 arm=reflexion level=hard: per_fault={'budget': False, 'days': False, 'house_rule': False, 'room_type': False, 'transportation': False} all_resolved=False n_resolved=0/5 tokens=(10230,1858)
  N=5 tp_nonsynth_mf5_000108 seed=2 arm=intro_specter level=hard: per_fault={'budget': True, 'days': False, 'house_rule': True, 'room_type': True, 'transportation': True} all_resolved=False n_resolved=4/5 tokens=(3998,958)
  N=5 tp_nonsynth_mf5_000112 seed=0 arm=direct level=hard: per_fault={'budget': True, 'days': False, 'house_rule': True, 'room_type': True, 'transportation': True} all_resolved=False n_resolved=4/5 tokens=(1572,681)
  N=5 tp_nonsynth_mf5_000112 seed=0 arm=self_refine level=hard: per_fault={'budget': False, 'days': False, 'house_rule': True, 'room_type': True, 'transportation': True} all_resolved=False n_resolved=3/5 tokens=(3980,1558)
  N=5 tp_nonsynth_mf5_000112 seed=0 arm=full_regen level=hard: per_fault={'budget': True, 'days': True, 'house_rule': True, 'room_type': True, 'transportation': True} all_resolved=True n_resolved=5/5 tokens=(3144,1628)
  N=5 tp_nonsynth_mf5_000112 seed=0 arm=react level=hard: per_fault={'budget': True, 'days': False, 'house_rule': True, 'room_type': True, 'transportation': True} all_resolved=False n_resolved=4/5 tokens=(3197,1404)
  N=5 tp_nonsynth_mf5_000112 seed=0 arm=reflexion level=hard: per_fault={'budget': False, 'days': False, 'house_rule': False, 'room_type': False, 'transportation': False} all_resolved=False n_resolved=0/5 tokens=(10720,907)
  N=5 tp_nonsynth_mf5_000112 seed=0 arm=intro_specter level=hard: per_fault={'budget': True, 'days': False, 'house_rule': True, 'room_type': True, 'transportation': True} all_resolved=False n_resolved=4/5 tokens=(4134,1235)
  N=5 tp_nonsynth_mf5_000112 seed=1 arm=direct level=hard: per_fault={'budget': True, 'days': False, 'house_rule': True, 'room_type': True, 'transportation': True} all_resolved=False n_resolved=4/5 tokens=(1572,624)
  N=5 tp_nonsynth_mf5_000112 seed=1 arm=self_refine level=hard: per_fault={'budget': True, 'days': True, 'house_rule': True, 'room_type': True, 'transportation': True} all_resolved=True n_resolved=5/5 tokens=(3944,1701)
  N=5 tp_nonsynth_mf5_000112 seed=1 arm=full_regen level=hard: per_fault={'budget': True, 'days': False, 'house_rule': True, 'room_type': True, 'transportation': True} all_resolved=False n_resolved=4/5 tokens=(3144,1284)
  N=5 tp_nonsynth_mf5_000112 seed=1 arm=react level=hard: per_fault={'budget': False, 'days': False, 'house_rule': True, 'room_type': True, 'transportation': False} all_resolved=False n_resolved=2/5 tokens=(3197,1227)
  N=5 tp_nonsynth_mf5_000112 seed=1 arm=selfcheckgpt level=hard: per_fault={'budget': True, 'days': False, 'house_rule': True, 'room_type': True, 'transportation': True} all_resolved=False n_resolved=4/5 tokens=(10397,1897)
  N=5 tp_nonsynth_mf5_000112 seed=1 arm=reflexion level=hard: per_fault={'budget': False, 'days': False, 'house_rule': False, 'room_type': False, 'transportation': False} all_resolved=False n_resolved=0/5 tokens=(10590,1583)
[RETRY] selfcheckgpt task=tp_nonsynth_mf5_000115 seed=0 attempt 1/5 failed (failed to obtain JSON after 3 attempts: could not parse JSON from model output:
{
  "final_output": "To devise a 6-day travel itinerary for a group of 2 from Detroit to Wisconsin, considering the provided constraints and preferences, we must first address the inconsistencies between the user's constraints and the local constraints from the booking system. The user prefers a shared room with no unregistered guests, self-driving, and a budget of $6050 for 6 days. However, the local constraints require an entire room, allow parties, and specify no self-driving, with a true bud); retrying in 3s
[RETRY] selfcheckgpt task=tp_nonsynth_mf5_000115 seed=0 attempt 2/5 failed (failed to obtain JSON after 3 attempts: could not parse JSON from model output:
{
  "final_output": "To devise a 6-day travel itinerary for a group of 2 from Detroit to Wisconsin, considering the provided constraints and preferences, we must first address the inconsistencies between the user's constraints and the local constraints from the booking system. The user prefers a shared room with no unregistered guests, self-driving, and a budget of $6050 for 6 days. However, the local constraints require an entire room, allow parties, and specify no self-driving, with a true bud); retrying in 6s
[RETRY] selfcheckgpt task=tp_nonsynth_mf5_000115 seed=0 attempt 3/5 failed (failed to obtain JSON after 3 attempts: could not parse JSON from model output:
{
  "final_output": "To devise a 6-day travel itinerary for a group of 2 from Detroit to Wisconsin, considering the provided constraints and preferences, we must first address the inconsistencies between the user's constraints and the local constraints from the booking system. The user prefers a shared room with no unregistered guests, self-driving, and a budget of $6050 for 6 days. However, the local constraints require an entire room, allow parties, and specify no self-driving, with a true bud); retrying in 12s
[RETRY] selfcheckgpt task=tp_nonsynth_mf5_000115 seed=0 attempt 4/5 failed (failed to obtain JSON after 3 attempts: could not parse JSON from model output:
{
  "final_output": "To devise a 6-day travel itinerary for a group of 2 from Detroit to Wisconsin, considering the provided constraints and preferences, we must first address the inconsistencies between the user's constraints and the local constraints from the booking system. The user prefers a shared room with no unregistered guests, self-driving, and a budget of $6050 for 6 days. However, the local constraints require an entire room, allow parties, and specify no self-driving, with a true bud); retrying in 24s
[ERROR] selfcheckgpt failed task=tp_nonsynth_mf5_000115 seed=0: failed to obtain JSON after 3 attempts: could not parse JSON from model output:
{
  "final_output": "To devise a 6-day travel itinerary for a group of 2 from Detroit to Wisconsin, considering the provided constraints and preferences, we must first address the inconsistencies between the user's constraints and the local constraints from the booking system. The user prefers a shared room with no unregistered guests, self-driving, and a budget of $6050 for 6 days. However, the local constraints require an entire room, allow parties, and specify no self-driving, with a true bud
  N=5 tp_nonsynth_mf5_000112 seed=1 arm=intro_specter level=hard: per_fault={'budget': True, 'days': True, 'house_rule': True, 'room_type': True, 'transportation': True} all_resolved=True n_resolved=5/5 tokens=(4098,1579)
  N=5 tp_nonsynth_mf5_000112 seed=2 arm=direct level=hard: per_fault={'budget': True, 'days': True, 'house_rule': True, 'room_type': True, 'transportation': True} all_resolved=True n_resolved=5/5 tokens=(1572,818)
  N=5 tp_nonsynth_mf5_000112 seed=2 arm=self_refine level=hard: per_fault={'budget': True, 'days': True, 'house_rule': True, 'room_type': True, 'transportation': True} all_resolved=True n_resolved=5/5 tokens=(4138,1866)
  N=5 tp_nonsynth_mf5_000112 seed=2 arm=full_regen level=hard: per_fault={'budget': True, 'days': True, 'house_rule': True, 'room_type': True, 'transportation': False} all_resolved=False n_resolved=4/5 tokens=(3144,1469)
  N=5 tp_nonsynth_mf5_000112 seed=2 arm=react level=hard: per_fault={'budget': True, 'days': True, 'house_rule': True, 'room_type': True, 'transportation': True} all_resolved=True n_resolved=5/5 tokens=(3197,1823)
  N=5 tp_nonsynth_mf5_000112 seed=2 arm=selfcheckgpt level=hard: per_fault={'budget': True, 'days': True, 'house_rule': True, 'room_type': True, 'transportation': True} all_resolved=True n_resolved=5/5 tokens=(10265,2052)
  N=5 tp_nonsynth_mf5_000112 seed=2 arm=reflexion level=hard: per_fault={'budget': True, 'days': True, 'house_rule': True, 'room_type': True, 'transportation': True} all_resolved=True n_resolved=5/5 tokens=(1572,818)
  N=5 tp_nonsynth_mf5_000112 seed=2 arm=intro_specter level=hard: per_fault={'budget': True, 'days': True, 'house_rule': True, 'room_type': True, 'transportation': True} all_resolved=True n_resolved=5/5 tokens=(4292,1740)
  N=5 tp_nonsynth_mf5_000115 seed=0 arm=direct level=hard: per_fault={'budget': True, 'days': True, 'house_rule': True, 'room_type': True, 'transportation': True} all_resolved=True n_resolved=5/5 tokens=(1619,674)
  N=5 tp_nonsynth_mf5_000115 seed=0 arm=self_refine level=hard: per_fault={'budget': False, 'days': True, 'house_rule': True, 'room_type': True, 'transportation': False} all_resolved=False n_resolved=3/5 tokens=(4046,1686)
  N=5 tp_nonsynth_mf5_000115 seed=0 arm=full_regen level=hard: per_fault={'budget': True, 'days': True, 'house_rule': True, 'room_type': True, 'transportation': True} all_resolved=True n_resolved=5/5 tokens=(3238,1435)
  N=5 tp_nonsynth_mf5_000115 seed=0 arm=react level=hard: per_fault={'budget': True, 'days': False, 'house_rule': True, 'room_type': True, 'transportation': True} all_resolved=False n_resolved=4/5 tokens=(3291,1622)
  N=5 tp_nonsynth_mf5_000115 seed=0 arm=reflexion level=hard: per_fault={'budget': True, 'days': True, 'house_rule': True, 'room_type': True, 'transportation': True} all_resolved=True n_resolved=5/5 tokens=(1619,674)
  N=5 tp_nonsynth_mf5_000115 seed=0 arm=intro_specter level=hard: per_fault={'budget': True, 'days': True, 'house_rule': True, 'room_type': True, 'transportation': True} all_resolved=True n_resolved=5/5 tokens=(4200,1328)
  N=5 tp_nonsynth_mf5_000115 seed=1 arm=direct level=hard: per_fault={'budget': True, 'days': True, 'house_rule': True, 'room_type': True, 'transportation': True} all_resolved=True n_resolved=5/5 tokens=(1619,619)
  N=5 tp_nonsynth_mf5_000115 seed=1 arm=self_refine level=hard: per_fault={'budget': False, 'days': True, 'house_rule': True, 'room_type': True, 'transportation': True} all_resolved=False n_resolved=4/5 tokens=(4012,1575)
  N=5 tp_nonsynth_mf5_000115 seed=1 arm=full_regen level=hard: per_fault={'budget': True, 'days': True, 'house_rule': True, 'room_type': True, 'transportation': True} all_resolved=True n_resolved=5/5 tokens=(3238,1516)
  N=5 tp_nonsynth_mf5_000115 seed=1 arm=react level=hard: per_fault={'budget': True, 'days': False, 'house_rule': True, 'room_type': True, 'transportation': True} all_resolved=False n_resolved=4/5 tokens=(3291,1479)
  N=5 tp_nonsynth_mf5_000115 seed=1 arm=selfcheckgpt level=hard: per_fault={'budget': False, 'days': True, 'house_rule': True, 'room_type': True, 'transportation': True} all_resolved=False n_resolved=4/5 tokens=(12674,2881)
  N=5 tp_nonsynth_mf5_000115 seed=1 arm=reflexion level=hard: per_fault={'budget': True, 'days': True, 'house_rule': True, 'room_type': True, 'transportation': True} all_resolved=True n_resolved=5/5 tokens=(1619,619)
  N=5 tp_nonsynth_mf5_000115 seed=1 arm=intro_specter level=hard: per_fault={'budget': True, 'days': True, 'house_rule': True, 'room_type': True, 'transportation': True} all_resolved=True n_resolved=5/5 tokens=(4166,1382)
  N=5 tp_nonsynth_mf5_000115 seed=2 arm=direct level=hard: per_fault={'budget': True, 'days': True, 'house_rule': True, 'room_type': True, 'transportation': True} all_resolved=True n_resolved=5/5 tokens=(1619,449)
  N=5 tp_nonsynth_mf5_000115 seed=2 arm=self_refine level=hard: per_fault={'budget': False, 'days': True, 'house_rule': True, 'room_type': True, 'transportation': True} all_resolved=False n_resolved=4/5 tokens=(3758,1126)
  N=5 tp_nonsynth_mf5_000115 seed=2 arm=full_regen level=hard: per_fault={'budget': True, 'days': True, 'house_rule': False, 'room_type': True, 'transportation': True} all_resolved=False n_resolved=4/5 tokens=(3238,1202)
  N=5 tp_nonsynth_mf5_000115 seed=2 arm=react level=hard: per_fault={'budget': True, 'days': False, 'house_rule': True, 'room_type': True, 'transportation': True} all_resolved=False n_resolved=4/5 tokens=(3291,1246)
  N=5 tp_nonsynth_mf5_000115 seed=2 arm=selfcheckgpt level=hard: per_fault={'budget': True, 'days': True, 'house_rule': True, 'room_type': True, 'transportation': True} all_resolved=True n_resolved=5/5 tokens=(12714,2539)
  N=5 tp_nonsynth_mf5_000115 seed=2 arm=reflexion level=hard: per_fault={'budget': True, 'days': True, 'house_rule': True, 'room_type': True, 'transportation': True} all_resolved=True n_resolved=5/5 tokens=(1619,449)
  N=5 tp_nonsynth_mf5_000115 seed=2 arm=intro_specter level=hard: per_fault={'budget': True, 'days': True, 'house_rule': True, 'room_type': True, 'transportation': True} all_resolved=True n_resolved=5/5 tokens=(3912,1075)
  N=5 tp_nonsynth_mf5_000119 seed=0 arm=direct level=hard: per_fault={'budget': True, 'days': True, 'house_rule': True, 'room_type': True, 'transportation': False} all_resolved=False n_resolved=4/5 tokens=(1622,708)
  N=5 tp_nonsynth_mf5_000119 seed=0 arm=self_refine level=hard: per_fault={'budget': True, 'days': True, 'house_rule': True, 'room_type': True, 'transportation': True} all_resolved=True n_resolved=5/5 tokens=(4128,1716)
  N=5 tp_nonsynth_mf5_000119 seed=0 arm=full_regen level=hard: per_fault={'budget': True, 'days': False, 'house_rule': True, 'room_type': True, 'transportation': True} all_resolved=False n_resolved=4/5 tokens=(3244,1148)
  N=5 tp_nonsynth_mf5_000119 seed=0 arm=react level=hard: per_fault={'budget': True, 'days': True, 'house_rule': True, 'room_type': True, 'transportation': False} all_resolved=False n_resolved=4/5 tokens=(3297,1470)
  N=5 tp_nonsynth_mf5_000119 seed=0 arm=selfcheckgpt level=hard: per_fault={'budget': True, 'days': True, 'house_rule': True, 'room_type': True, 'transportation': False} all_resolved=False n_resolved=4/5 tokens=(12157,2248)
  N=5 tp_nonsynth_mf5_000119 seed=0 arm=reflexion level=hard: per_fault={'budget': False, 'days': False, 'house_rule': False, 'room_type': False, 'transportation': False} all_resolved=False n_resolved=0/5 tokens=(11130,955)
  N=5 tp_nonsynth_mf5_000119 seed=0 arm=intro_specter level=hard: per_fault={'budget': True, 'days': False, 'house_rule': True, 'room_type': True, 'transportation': True} all_resolved=False n_resolved=4/5 tokens=(4282,1392)
  N=5 tp_nonsynth_mf5_000119 seed=1 arm=direct level=hard: per_fault={'budget': True, 'days': False, 'house_rule': True, 'room_type': True, 'transportation': True} all_resolved=False n_resolved=4/5 tokens=(1622,674)
  N=5 tp_nonsynth_mf5_000119 seed=1 arm=self_refine level=hard: per_fault={'budget': False, 'days': False, 'house_rule': True, 'room_type': True, 'transportation': True} all_resolved=False n_resolved=3/5 tokens=(4094,1645)
[RETRY] selfcheckgpt task=tp_nonsynth_mf5_000119 seed=1 attempt 1/5 failed (failed to obtain JSON after 3 attempts: could not parse JSON from model output:
{
  "final_output": "To plan a 7-day trip for 2 people from Islip to Pennsylvania between March 19th and March 23rd, 2022, with a budget of $4,800, considering the constraints provided and including attractions, accommodations, meals, and transportation, I must correct the initial constraints to fit the true values and local constraints. The true values are a budget of $2,700, a 5-day trip, house rules allowing children under 10, entire rooms, and no flight for transportation. Given these correc); retrying in 3s
[RETRY] selfcheckgpt task=tp_nonsynth_mf5_000119 seed=1 attempt 2/5 failed (failed to obtain JSON after 3 attempts: could not parse JSON from model output:
{
  "final_output": "To plan a 7-day trip for 2 people from Islip to Pennsylvania between March 19th and March 23rd, 2022, with a budget of $4,800, considering the constraints provided and including attractions, accommodations, meals, and transportation, I must correct the initial constraints to fit the true values and local constraints. The true values are a budget of $2,700, a 5-day trip, house rules allowing children under 10, entire rooms, and no flight for transportation. Given these correc); retrying in 6s
[RETRY] selfcheckgpt task=tp_nonsynth_mf5_000119 seed=1 attempt 3/5 failed (failed to obtain JSON after 3 attempts: could not parse JSON from model output:
{
  "final_output": "To plan a 7-day trip for 2 people from Islip to Pennsylvania between March 19th and March 23rd, 2022, with a budget of $4,800, considering the constraints provided and including attractions, accommodations, meals, and transportation, I must correct the initial constraints to fit the true values and local constraints. The true values are a budget of $2,700, a 5-day trip, house rules allowing children under 10, entire rooms, and no flight for transportation. Given these correc); retrying in 12s
[RETRY] selfcheckgpt task=tp_nonsynth_mf5_000119 seed=1 attempt 4/5 failed (failed to obtain JSON after 3 attempts: could not parse JSON from model output:
{
  "final_output": "To plan a 7-day trip for 2 people from Islip to Pennsylvania between March 19th and March 23rd, 2022, with a budget of $4,800, considering the constraints provided and including attractions, accommodations, meals, and transportation, I must correct the initial constraints to fit the true values and local constraints. The true values are a budget of $2,700, a 5-day trip, house rules allowing children under 10, entire rooms, and no flight for transportation. Given these correc); retrying in 24s
[ERROR] selfcheckgpt failed task=tp_nonsynth_mf5_000119 seed=1: failed to obtain JSON after 3 attempts: could not parse JSON from model output:
{
  "final_output": "To plan a 7-day trip for 2 people from Islip to Pennsylvania between March 19th and March 23rd, 2022, with a budget of $4,800, considering the constraints provided and including attractions, accommodations, meals, and transportation, I must correct the initial constraints to fit the true values and local constraints. The true values are a budget of $2,700, a 5-day trip, house rules allowing children under 10, entire rooms, and no flight for transportation. Given these correc
  N=5 tp_nonsynth_mf5_000119 seed=1 arm=full_regen level=hard: per_fault={'budget': True, 'days': False, 'house_rule': True, 'room_type': True, 'transportation': True} all_resolved=False n_resolved=4/5 tokens=(3244,1471)
  N=5 tp_nonsynth_mf5_000119 seed=1 arm=react level=hard: per_fault={'budget': True, 'days': False, 'house_rule': True, 'room_type': True, 'transportation': True} all_resolved=False n_resolved=4/5 tokens=(3297,1170)
  N=5 tp_nonsynth_mf5_000119 seed=1 arm=reflexion level=hard: per_fault={'budget': False, 'days': False, 'house_rule': False, 'room_type': False, 'transportation': False} all_resolved=False n_resolved=0/5 tokens=(11010,1827)
  N=5 tp_nonsynth_mf5_000119 seed=1 arm=intro_specter level=hard: per_fault={'budget': True, 'days': False, 'house_rule': True, 'room_type': True, 'transportation': False} all_resolved=False n_resolved=3/5 tokens=(4248,1700)
  N=5 tp_nonsynth_mf5_000119 seed=2 arm=direct level=hard: per_fault={'budget': True, 'days': True, 'house_rule': True, 'room_type': True, 'transportation': True} all_resolved=True n_resolved=5/5 tokens=(1622,783)
  N=5 tp_nonsynth_mf5_000119 seed=2 arm=self_refine level=hard: per_fault={'budget': False, 'days': True, 'house_rule': True, 'room_type': True, 'transportation': True} all_resolved=False n_resolved=4/5 tokens=(4224,1886)
  N=5 tp_nonsynth_mf5_000119 seed=2 arm=full_regen level=hard: per_fault={'budget': True, 'days': True, 'house_rule': True, 'room_type': True, 'transportation': False} all_resolved=False n_resolved=4/5 tokens=(3244,1460)
  N=5 tp_nonsynth_mf5_000119 seed=2 arm=react level=hard: per_fault={'budget': True, 'days': False, 'house_rule': True, 'room_type': True, 'transportation': True} all_resolved=False n_resolved=4/5 tokens=(3297,1518)
  N=5 tp_nonsynth_mf5_000119 seed=2 arm=selfcheckgpt level=hard: per_fault={'budget': True, 'days': True, 'house_rule': True, 'room_type': True, 'transportation': True} all_resolved=True n_resolved=5/5 tokens=(12624,2728)
  N=5 tp_nonsynth_mf5_000119 seed=2 arm=reflexion level=hard: per_fault={'budget': True, 'days': True, 'house_rule': True, 'room_type': True, 'transportation': True} all_resolved=True n_resolved=5/5 tokens=(1622,783)
  N=5 tp_nonsynth_mf5_000119 seed=2 arm=intro_specter level=hard: per_fault={'budget': True, 'days': True, 'house_rule': True, 'room_type': True, 'transportation': True} all_resolved=True n_resolved=5/5 tokens=(4378,1554)
  N=5 tp_nonsynth_mf5_000121 seed=0 arm=direct level=hard: per_fault={'budget': True, 'days': True, 'house_rule': False, 'room_type': False, 'transportation': False} all_resolved=False n_resolved=2/5 tokens=(1680,696)
  N=5 tp_nonsynth_mf5_000121 seed=0 arm=self_refine level=hard: per_fault={'budget': True, 'days': True, 'house_rule': True, 'room_type': True, 'transportation': True} all_resolved=True n_resolved=5/5 tokens=(4190,1816)
  N=5 tp_nonsynth_mf5_000121 seed=0 arm=full_regen level=hard: per_fault={'budget': True, 'days': False, 'house_rule': True, 'room_type': True, 'transportation': True} all_resolved=False n_resolved=4/5 tokens=(3360,1323)
  N=5 tp_nonsynth_mf5_000121 seed=0 arm=react level=hard: per_fault={'budget': True, 'days': False, 'house_rule': True, 'room_type': True, 'transportation': True} all_resolved=False n_resolved=4/5 tokens=(3413,1335)
  N=5 tp_nonsynth_mf5_000121 seed=0 arm=selfcheckgpt level=hard: per_fault={'budget': True, 'days': True, 'house_rule': True, 'room_type': True, 'transportation': False} all_resolved=False n_resolved=4/5 tokens=(12345,1813)
  N=5 tp_nonsynth_mf5_000121 seed=0 arm=reflexion level=hard: per_fault={'budget': True, 'days': True, 'house_rule': True, 'room_type': True, 'transportation': False} all_resolved=False n_resolved=4/5 tokens=(12886,2395)
  N=5 tp_nonsynth_mf5_000121 seed=0 arm=intro_specter level=hard: per_fault={'budget': True, 'days': True, 'house_rule': True, 'room_type': True, 'transportation': True} all_resolved=True n_resolved=5/5 tokens=(4344,1512)
  N=5 tp_nonsynth_mf5_000121 seed=1 arm=direct level=hard: per_fault={'budget': False, 'days': True, 'house_rule': True, 'room_type': True, 'transportation': False} all_resolved=False n_resolved=3/5 tokens=(1680,576)
  N=5 tp_nonsynth_mf5_000121 seed=1 arm=self_refine level=hard: per_fault={'budget': False, 'days': True, 'house_rule': False, 'room_type': True, 'transportation': False} all_resolved=False n_resolved=2/5 tokens=(4049,1479)
  N=5 tp_nonsynth_mf5_000121 seed=1 arm=full_regen level=hard: per_fault={'budget': True, 'days': False, 'house_rule': True, 'room_type': True, 'transportation': False} all_resolved=False n_resolved=3/5 tokens=(3360,1076)
  N=5 tp_nonsynth_mf5_000121 seed=1 arm=react level=hard: per_fault={'budget': True, 'days': False, 'house_rule': True, 'room_type': True, 'transportation': True} all_resolved=False n_resolved=4/5 tokens=(3413,1282)
  N=5 tp_nonsynth_mf5_000121 seed=1 arm=selfcheckgpt level=hard: per_fault={'budget': False, 'days': True, 'house_rule': True, 'room_type': True, 'transportation': False} all_resolved=False n_resolved=3/5 tokens=(12892,2598)
  N=5 tp_nonsynth_mf5_000121 seed=1 arm=reflexion level=hard: per_fault={'budget': True, 'days': False, 'house_rule': True, 'room_type': True, 'transportation': True} all_resolved=False n_resolved=4/5 tokens=(10869,1673)
  N=5 tp_nonsynth_mf5_000121 seed=1 arm=intro_specter level=hard: per_fault={'budget': True, 'days': True, 'house_rule': True, 'room_type': True, 'transportation': True} all_resolved=True n_resolved=5/5 tokens=(4203,1271)
  N=5 tp_nonsynth_mf5_000121 seed=2 arm=direct level=hard: per_fault={'budget': False, 'days': False, 'house_rule': True, 'room_type': True, 'transportation': False} all_resolved=False n_resolved=2/5 tokens=(1680,363)
  N=5 tp_nonsynth_mf5_000121 seed=2 arm=self_refine level=hard: per_fault={'budget': True, 'days': False, 'house_rule': True, 'room_type': True, 'transportation': True} all_resolved=False n_resolved=4/5 tokens=(3794,1090)
  N=5 tp_nonsynth_mf5_000121 seed=2 arm=full_regen level=hard: per_fault={'budget': True, 'days': True, 'house_rule': True, 'room_type': True, 'transportation': True} all_resolved=True n_resolved=5/5 tokens=(3360,957)
  N=5 tp_nonsynth_mf5_000121 seed=2 arm=react level=hard: per_fault={'budget': True, 'days': False, 'house_rule': False, 'room_type': False, 'transportation': True} all_resolved=False n_resolved=2/5 tokens=(3413,1060)
  N=5 tp_nonsynth_mf5_000121 seed=2 arm=selfcheckgpt level=hard: per_fault={'budget': True, 'days': True, 'house_rule': True, 'room_type': True, 'transportation': False} all_resolved=False n_resolved=4/5 tokens=(13115,2414)
  N=5 tp_nonsynth_mf5_000121 seed=2 arm=reflexion level=hard: per_fault={'budget': False, 'days': False, 'house_rule': False, 'room_type': False, 'transportation': False} all_resolved=False n_resolved=0/5 tokens=(10104,1370)
  N=5 tp_nonsynth_mf5_000121 seed=2 arm=intro_specter level=hard: per_fault={'budget': True, 'days': False, 'house_rule': True, 'room_type': True, 'transportation': True} all_resolved=False n_resolved=4/5 tokens=(3948,888)
  N=5 tp_nonsynth_mf5_000123 seed=0 arm=direct level=hard: per_fault={'budget': False, 'days': False, 'cuisine': False, 'house_rule': True, 'transportation': True} all_resolved=False n_resolved=2/5 tokens=(1616,416)
  N=5 tp_nonsynth_mf5_000123 seed=0 arm=self_refine level=hard: per_fault={'budget': False, 'days': True, 'cuisine': False, 'house_rule': True, 'transportation': True} all_resolved=False n_resolved=3/5 tokens=(3719,1183)
  N=5 tp_nonsynth_mf5_000123 seed=0 arm=full_regen level=hard: per_fault={'budget': True, 'days': True, 'cuisine': False, 'house_rule': True, 'transportation': False} all_resolved=False n_resolved=3/5 tokens=(3232,953)
  N=5 tp_nonsynth_mf5_000123 seed=0 arm=react level=hard: per_fault={'budget': True, 'days': False, 'cuisine': False, 'house_rule': False, 'transportation': False} all_resolved=False n_resolved=1/5 tokens=(3285,1033)
  N=5 tp_nonsynth_mf5_000123 seed=0 arm=selfcheckgpt level=hard: per_fault={'budget': True, 'days': True, 'cuisine': False, 'house_rule': True, 'transportation': True} all_resolved=False n_resolved=4/5 tokens=(12365,2208)
  N=5 tp_nonsynth_mf5_000123 seed=0 arm=reflexion level=hard: per_fault={'budget': False, 'days': False, 'cuisine': False, 'house_rule': False, 'transportation': False} all_resolved=False n_resolved=0/5 tokens=(10032,883)
  N=5 tp_nonsynth_mf5_000123 seed=0 arm=intro_specter level=hard: per_fault={'budget': True, 'days': True, 'cuisine': False, 'house_rule': True, 'transportation': True} all_resolved=False n_resolved=4/5 tokens=(3873,1049)
  N=5 tp_nonsynth_mf5_000123 seed=1 arm=direct level=hard: per_fault={'budget': False, 'days': True, 'cuisine': False, 'house_rule': True, 'transportation': True} all_resolved=False n_resolved=3/5 tokens=(1616,894)
  N=5 tp_nonsynth_mf5_000123 seed=1 arm=self_refine level=hard: per_fault={'budget': True, 'days': True, 'cuisine': False, 'house_rule': True, 'transportation': True} all_resolved=False n_resolved=4/5 tokens=(4365,2088)
  N=5 tp_nonsynth_mf5_000123 seed=1 arm=full_regen level=hard: per_fault={'budget': True, 'days': True, 'cuisine': False, 'house_rule': True, 'transportation': True} all_resolved=False n_resolved=4/5 tokens=(3232,1704)
  N=5 tp_nonsynth_mf5_000123 seed=1 arm=react level=hard: per_fault={'budget': True, 'days': False, 'cuisine': False, 'house_rule': False, 'transportation': False} all_resolved=False n_resolved=1/5 tokens=(3285,1398)
  N=5 tp_nonsynth_mf5_000123 seed=1 arm=selfcheckgpt level=hard: per_fault={'budget': False, 'days': True, 'cuisine': False, 'house_rule': True, 'transportation': True} all_resolved=False n_resolved=3/5 tokens=(13268,2296)
  N=5 tp_nonsynth_mf5_000123 seed=1 arm=reflexion level=hard: per_fault={'budget': False, 'days': False, 'cuisine': False, 'house_rule': False, 'transportation': False} all_resolved=False n_resolved=0/5 tokens=(11927,1099)
  N=5 tp_nonsynth_mf5_000123 seed=1 arm=intro_specter level=hard: per_fault={'budget': True, 'days': False, 'cuisine': False, 'house_rule': True, 'transportation': True} all_resolved=False n_resolved=3/5 tokens=(4519,1624)
  N=5 tp_nonsynth_mf5_000123 seed=2 arm=direct level=hard: per_fault={'budget': True, 'days': True, 'cuisine': False, 'house_rule': True, 'transportation': True} all_resolved=False n_resolved=4/5 tokens=(1616,910)
  N=5 tp_nonsynth_mf5_000123 seed=2 arm=self_refine level=hard: per_fault={'budget': False, 'days': True, 'cuisine': False, 'house_rule': True, 'transportation': True} all_resolved=False n_resolved=3/5 tokens=(4360,2341)
  N=5 tp_nonsynth_mf5_000123 seed=2 arm=full_regen level=hard: per_fault={'budget': True, 'days': True, 'cuisine': False, 'house_rule': True, 'transportation': True} all_resolved=False n_resolved=4/5 tokens=(3232,1628)
  N=5 tp_nonsynth_mf5_000123 seed=2 arm=react level=hard: per_fault={'budget': False, 'days': False, 'cuisine': False, 'house_rule': True, 'transportation': True} all_resolved=False n_resolved=2/5 tokens=(3285,1627)
  N=5 tp_nonsynth_mf5_000123 seed=2 arm=selfcheckgpt level=hard: per_fault={'budget': True, 'days': True, 'cuisine': False, 'house_rule': True, 'transportation': True} all_resolved=False n_resolved=4/5 tokens=(12604,2727)
  N=5 tp_nonsynth_mf5_000123 seed=2 arm=reflexion level=hard: per_fault={'budget': True, 'days': True, 'cuisine': False, 'house_rule': True, 'transportation': True} all_resolved=False n_resolved=4/5 tokens=(11881,2119)
  N=5 tp_nonsynth_mf5_000123 seed=2 arm=intro_specter level=hard: per_fault={'budget': True, 'days': False, 'cuisine': False, 'house_rule': True, 'transportation': True} all_resolved=False n_resolved=3/5 tokens=(4514,1846)
  N=5 tp_nonsynth_mf5_000124 seed=0 arm=direct level=hard: per_fault={'budget': True, 'days': True, 'cuisine': False, 'house_rule': True, 'room_type': True} all_resolved=False n_resolved=4/5 tokens=(1624,1001)
  N=5 tp_nonsynth_mf5_000124 seed=0 arm=self_refine level=hard: per_fault={'budget': True, 'days': True, 'cuisine': False, 'house_rule': True, 'room_type': True} all_resolved=False n_resolved=4/5 tokens=(4488,2270)
  N=5 tp_nonsynth_mf5_000124 seed=0 arm=full_regen level=hard: per_fault={'budget': True, 'days': True, 'cuisine': True, 'house_rule': True, 'room_type': True} all_resolved=True n_resolved=5/5 tokens=(3248,1698)
  N=5 tp_nonsynth_mf5_000124 seed=0 arm=react level=hard: per_fault={'budget': False, 'days': False, 'cuisine': False, 'house_rule': True, 'room_type': True} all_resolved=False n_resolved=2/5 tokens=(3301,1518)
  N=5 tp_nonsynth_mf5_000124 seed=0 arm=selfcheckgpt level=hard: per_fault={'budget': True, 'days': True, 'cuisine': False, 'house_rule': True, 'room_type': True} all_resolved=False n_resolved=4/5 tokens=(11823,2138)
  N=5 tp_nonsynth_mf5_000124 seed=0 arm=reflexion level=hard: per_fault={'budget': False, 'days': False, 'cuisine': False, 'house_rule': False, 'room_type': False} all_resolved=False n_resolved=0/5 tokens=(14206,5468)
  N=5 tp_nonsynth_mf5_000124 seed=0 arm=intro_specter level=hard: per_fault={'budget': True, 'days': False, 'cuisine': False, 'house_rule': True, 'room_type': True} all_resolved=False n_resolved=3/5 tokens=(4642,1412)
  N=5 tp_nonsynth_mf5_000124 seed=1 arm=direct level=hard: per_fault={'budget': False, 'days': True, 'cuisine': False, 'house_rule': True, 'room_type': True} all_resolved=False n_resolved=3/5 tokens=(1624,578)
  N=5 tp_nonsynth_mf5_000124 seed=1 arm=self_refine level=hard: per_fault={'budget': True, 'days': True, 'cuisine': False, 'house_rule': True, 'room_type': True} all_resolved=False n_resolved=4/5 tokens=(3939,1441)
  N=5 tp_nonsynth_mf5_000124 seed=1 arm=full_regen level=hard: per_fault={'budget': True, 'days': True, 'cuisine': True, 'house_rule': True, 'room_type': True} all_resolved=True n_resolved=5/5 tokens=(3248,1227)
  N=5 tp_nonsynth_mf5_000124 seed=1 arm=react level=hard: per_fault={'budget': True, 'days': True, 'cuisine': False, 'house_rule': True, 'room_type': True} all_resolved=False n_resolved=4/5 tokens=(3301,1572)
  N=5 tp_nonsynth_mf5_000124 seed=1 arm=selfcheckgpt level=hard: per_fault={'budget': False, 'days': True, 'cuisine': False, 'house_rule': True, 'room_type': True} all_resolved=False n_resolved=3/5 tokens=(11769,1996)
  N=5 tp_nonsynth_mf5_000124 seed=1 arm=reflexion level=hard: per_fault={'budget': False, 'days': False, 'cuisine': False, 'house_rule': False, 'room_type': False} all_resolved=False n_resolved=0/5 tokens=(10657,836)
  N=5 tp_nonsynth_mf5_000124 seed=1 arm=intro_specter level=hard: per_fault={'budget': True, 'days': False, 'cuisine': False, 'house_rule': True, 'room_type': True} all_resolved=False n_resolved=3/5 tokens=(4093,1179)
  N=5 tp_nonsynth_mf5_000124 seed=2 arm=direct level=hard: per_fault={'budget': False, 'days': False, 'cuisine': False, 'house_rule': True, 'room_type': True} all_resolved=False n_resolved=2/5 tokens=(1624,482)
  N=5 tp_nonsynth_mf5_000124 seed=2 arm=self_refine level=hard: per_fault={'budget': True, 'days': False, 'cuisine': False, 'house_rule': True, 'room_type': True} all_resolved=False n_resolved=3/5 tokens=(3822,1269)
  N=5 tp_nonsynth_mf5_000124 seed=2 arm=full_regen level=hard: per_fault={'budget': True, 'days': True, 'cuisine': False, 'house_rule': True, 'room_type': True} all_resolved=False n_resolved=4/5 tokens=(3248,1184)
  N=5 tp_nonsynth_mf5_000124 seed=2 arm=react level=hard: per_fault={'budget': True, 'days': False, 'cuisine': False, 'house_rule': True, 'room_type': True} all_resolved=False n_resolved=3/5 tokens=(3301,1049)
  N=5 tp_nonsynth_mf5_000124 seed=2 arm=selfcheckgpt level=hard: per_fault={'budget': False, 'days': False, 'cuisine': False, 'house_rule': True, 'room_type': True} all_resolved=False n_resolved=2/5 tokens=(9887,1093)
  N=5 tp_nonsynth_mf5_000124 seed=2 arm=reflexion level=hard: per_fault={'budget': False, 'days': False, 'cuisine': False, 'house_rule': False, 'room_type': False} all_resolved=False n_resolved=0/5 tokens=(10378,1052)
  N=5 tp_nonsynth_mf5_000124 seed=2 arm=intro_specter level=hard: per_fault={'budget': True, 'days': False, 'cuisine': False, 'house_rule': True, 'room_type': True} all_resolved=False n_resolved=3/5 tokens=(3976,1072)
[RETRY] selfcheckgpt task=tp_nonsynth_mf5_000125 seed=1 attempt 1/5 failed (failed to obtain JSON after 3 attempts: could not parse JSON from model output:
{
  "final_output": "To create a 5-day itinerary from March 8th to March 12th for a group of 3 traveling from Fort Wayne to Charlotte with a budget of $2800, considering the constraints and preferences, here's a suggested plan:\nDay 1 (March 8th): Take a train from Fort Wayne to Charlotte. Check-in at a pet-friendly hotel that offers entire rooms, such as the Hyatt Place Charlotte/Downtown. Visit the NASCAR Hall of Fame. Dinner at The King's Kitchen. Cost: $500\nDay 2 (March 9th): Breakfast at B); retrying in 3s
[RETRY] selfcheckgpt task=tp_nonsynth_mf5_000125 seed=1 attempt 2/5 failed (failed to obtain JSON after 3 attempts: could not parse JSON from model output:
{
  "final_output": "To create a 5-day itinerary from March 8th to March 12th for a group of 3 traveling from Fort Wayne to Charlotte with a budget of $2800, considering the constraints and preferences, here's a suggested plan:\nDay 1 (March 8th): Take a train from Fort Wayne to Charlotte. Check-in at a pet-friendly hotel that offers entire rooms, such as the Hyatt Place Charlotte/Downtown. Visit the NASCAR Hall of Fame. Dinner at The King's Kitchen. Cost: $500\nDay 2 (March 9th): Breakfast at B); retrying in 6s
[RETRY] selfcheckgpt task=tp_nonsynth_mf5_000125 seed=1 attempt 3/5 failed (failed to obtain JSON after 3 attempts: could not parse JSON from model output:
{
  "final_output": "To create a 5-day itinerary from March 8th to March 12th for a group of 3 traveling from Fort Wayne to Charlotte with a budget of $2800, considering the constraints and preferences, here's a suggested plan:\nDay 1 (March 8th): Take a train from Fort Wayne to Charlotte. Check-in at a pet-friendly hotel that offers entire rooms, such as the Hyatt Place Charlotte/Downtown. Visit the NASCAR Hall of Fame. Dinner at The King's Kitchen. Cost: $500\nDay 2 (March 9th): Breakfast at B); retrying in 12s
[RETRY] selfcheckgpt task=tp_nonsynth_mf5_000125 seed=1 attempt 4/5 failed (failed to obtain JSON after 3 attempts: could not parse JSON from model output:
{
  "final_output": "To create a 5-day itinerary from March 8th to March 12th for a group of 3 traveling from Fort Wayne to Charlotte with a budget of $2800, considering the constraints and preferences, here's a suggested plan:\nDay 1 (March 8th): Take a train from Fort Wayne to Charlotte. Check-in at a pet-friendly hotel that offers entire rooms, such as the Hyatt Place Charlotte/Downtown. Visit the NASCAR Hall of Fame. Dinner at The King's Kitchen. Cost: $500\nDay 2 (March 9th): Breakfast at B); retrying in 24s
[ERROR] selfcheckgpt failed task=tp_nonsynth_mf5_000125 seed=1: failed to obtain JSON after 3 attempts: could not parse JSON from model output:
{
  "final_output": "To create a 5-day itinerary from March 8th to March 12th for a group of 3 traveling from Fort Wayne to Charlotte with a budget of $2800, considering the constraints and preferences, here's a suggested plan:\nDay 1 (March 8th): Take a train from Fort Wayne to Charlotte. Check-in at a pet-friendly hotel that offers entire rooms, such as the Hyatt Place Charlotte/Downtown. Visit the NASCAR Hall of Fame. Dinner at The King's Kitchen. Cost: $500\nDay 2 (March 9th): Breakfast at B
  N=5 tp_nonsynth_mf5_000125 seed=0 arm=direct level=hard: per_fault={'budget': True, 'days': True, 'house_rule': True, 'room_type': True, 'transportation': True} all_resolved=True n_resolved=5/5 tokens=(1573,547)
  N=5 tp_nonsynth_mf5_000125 seed=0 arm=self_refine level=hard: per_fault={'budget': True, 'days': True, 'house_rule': True, 'room_type': True, 'transportation': True} all_resolved=True n_resolved=5/5 tokens=(3806,1434)
  N=5 tp_nonsynth_mf5_000125 seed=0 arm=full_regen level=hard: per_fault={'budget': True, 'days': True, 'house_rule': True, 'room_type': True, 'transportation': True} all_resolved=True n_resolved=5/5 tokens=(3146,1206)
  N=5 tp_nonsynth_mf5_000125 seed=0 arm=react level=hard: per_fault={'budget': False, 'days': False, 'house_rule': True, 'room_type': True, 'transportation': False} all_resolved=False n_resolved=2/5 tokens=(3199,1203)
  N=5 tp_nonsynth_mf5_000125 seed=0 arm=selfcheckgpt level=hard: per_fault={'budget': True, 'days': True, 'house_rule': True, 'room_type': True, 'transportation': True} all_resolved=True n_resolved=5/5 tokens=(11371,1907)
  N=5 tp_nonsynth_mf5_000125 seed=0 arm=reflexion level=hard: per_fault={'budget': True, 'days': True, 'house_rule': True, 'room_type': True, 'transportation': True} all_resolved=True n_resolved=5/5 tokens=(1573,547)
  N=5 tp_nonsynth_mf5_000125 seed=0 arm=intro_specter level=hard: per_fault={'budget': True, 'days': True, 'house_rule': True, 'room_type': True, 'transportation': True} all_resolved=True n_resolved=5/5 tokens=(3960,1286)
  N=5 tp_nonsynth_mf5_000125 seed=1 arm=direct level=hard: per_fault={'budget': True, 'days': False, 'house_rule': True, 'room_type': True, 'transportation': True} all_resolved=False n_resolved=4/5 tokens=(1573,791)
  N=5 tp_nonsynth_mf5_000125 seed=1 arm=self_refine level=hard: per_fault={'budget': True, 'days': False, 'house_rule': True, 'room_type': True, 'transportation': True} all_resolved=False n_resolved=4/5 tokens=(4155,1998)
  N=5 tp_nonsynth_mf5_000125 seed=1 arm=full_regen level=hard: per_fault={'budget': False, 'days': False, 'house_rule': True, 'room_type': True, 'transportation': True} all_resolved=False n_resolved=3/5 tokens=(3146,1222)
  N=5 tp_nonsynth_mf5_000125 seed=1 arm=react level=hard: per_fault={'budget': True, 'days': True, 'house_rule': True, 'room_type': True, 'transportation': True} all_resolved=True n_resolved=5/5 tokens=(3199,1455)
  N=5 tp_nonsynth_mf5_000125 seed=1 arm=reflexion level=hard: per_fault={'budget': False, 'days': False, 'house_rule': False, 'room_type': False, 'transportation': False} all_resolved=False n_resolved=0/5 tokens=(11230,1300)
  N=5 tp_nonsynth_mf5_000125 seed=1 arm=intro_specter level=hard: per_fault={'budget': True, 'days': False, 'house_rule': True, 'room_type': True, 'transportation': False} all_resolved=False n_resolved=3/5 tokens=(4309,1448)
  N=5 tp_nonsynth_mf5_000125 seed=2 arm=direct level=hard: per_fault={'budget': True, 'days': True, 'house_rule': True, 'room_type': True, 'transportation': True} all_resolved=True n_resolved=5/5 tokens=(1573,677)
  N=5 tp_nonsynth_mf5_000125 seed=2 arm=self_refine level=hard: per_fault={'budget': True, 'days': True, 'house_rule': True, 'room_type': True, 'transportation': True} all_resolved=True n_resolved=5/5 tokens=(3978,1693)
  N=5 tp_nonsynth_mf5_000125 seed=2 arm=full_regen level=hard: per_fault={'budget': False, 'days': True, 'house_rule': True, 'room_type': True, 'transportation': False} all_resolved=False n_resolved=3/5 tokens=(3146,1404)
  N=5 tp_nonsynth_mf5_000125 seed=2 arm=react level=hard: per_fault={'budget': True, 'days': False, 'house_rule': True, 'room_type': True, 'transportation': False} all_resolved=False n_resolved=3/5 tokens=(3199,1313)
  N=5 tp_nonsynth_mf5_000125 seed=2 arm=selfcheckgpt level=hard: per_fault={'budget': True, 'days': True, 'house_rule': True, 'room_type': True, 'transportation': True} all_resolved=True n_resolved=5/5 tokens=(11844,2507)
  N=5 tp_nonsynth_mf5_000125 seed=2 arm=reflexion level=hard: per_fault={'budget': True, 'days': True, 'house_rule': True, 'room_type': True, 'transportation': True} all_resolved=True n_resolved=5/5 tokens=(1573,677)
  N=5 tp_nonsynth_mf5_000125 seed=2 arm=intro_specter level=hard: per_fault={'budget': True, 'days': True, 'house_rule': True, 'room_type': True, 'transportation': True} all_resolved=True n_resolved=5/5 tokens=(4132,1447)
  N=5 tp_nonsynth_mf5_000128 seed=0 arm=direct level=hard: per_fault={'budget': True, 'days': True, 'cuisine': False, 'house_rule': True, 'room_type': True} all_resolved=False n_resolved=4/5 tokens=(1601,732)
  N=5 tp_nonsynth_mf5_000128 seed=0 arm=self_refine level=hard: per_fault={'budget': True, 'days': True, 'cuisine': False, 'house_rule': True, 'room_type': True} all_resolved=False n_resolved=4/5 tokens=(4068,1766)
  N=5 tp_nonsynth_mf5_000128 seed=0 arm=full_regen level=hard: per_fault={'budget': False, 'days': True, 'cuisine': False, 'house_rule': True, 'room_type': True} all_resolved=False n_resolved=3/5 tokens=(3202,1445)
  N=5 tp_nonsynth_mf5_000128 seed=0 arm=react level=hard: per_fault={'budget': True, 'days': False, 'cuisine': False, 'house_rule': False, 'room_type': False} all_resolved=False n_resolved=1/5 tokens=(3255,1290)
  N=5 tp_nonsynth_mf5_000128 seed=0 arm=selfcheckgpt level=hard: per_fault={'budget': True, 'days': True, 'cuisine': False, 'house_rule': True, 'room_type': True} all_resolved=False n_resolved=4/5 tokens=(11370,1788)
  N=5 tp_nonsynth_mf5_000128 seed=0 arm=reflexion level=hard: per_fault={'budget': True, 'days': True, 'cuisine': False, 'house_rule': True, 'room_type': True} all_resolved=False n_resolved=4/5 tokens=(10984,1820)
  N=5 tp_nonsynth_mf5_000128 seed=0 arm=intro_specter level=hard: per_fault={'budget': True, 'days': False, 'cuisine': False, 'house_rule': True, 'room_type': True} all_resolved=False n_resolved=3/5 tokens=(4222,1626)
  N=5 tp_nonsynth_mf5_000128 seed=1 arm=direct level=hard: per_fault={'budget': True, 'days': True, 'cuisine': False, 'house_rule': True, 'room_type': True} all_resolved=False n_resolved=4/5 tokens=(1601,949)
  N=5 tp_nonsynth_mf5_000128 seed=1 arm=self_refine level=hard: per_fault={'budget': False, 'days': True, 'cuisine': False, 'house_rule': True, 'room_type': True} all_resolved=False n_resolved=3/5 tokens=(4327,2345)
  N=5 tp_nonsynth_mf5_000128 seed=1 arm=full_regen level=hard: per_fault={'budget': True, 'days': True, 'cuisine': False, 'house_rule': True, 'room_type': True} all_resolved=False n_resolved=4/5 tokens=(3202,2101)
  N=5 tp_nonsynth_mf5_000128 seed=1 arm=react level=hard: per_fault={'budget': True, 'days': True, 'cuisine': False, 'house_rule': True, 'room_type': True} all_resolved=False n_resolved=4/5 tokens=(3255,1975)
  N=5 tp_nonsynth_mf5_000128 seed=1 arm=selfcheckgpt level=hard: per_fault={'budget': True, 'days': True, 'cuisine': False, 'house_rule': True, 'room_type': True} all_resolved=False n_resolved=4/5 tokens=(17987,2740)
  N=5 tp_nonsynth_mf5_000128 seed=1 arm=reflexion level=hard: per_fault={'budget': True, 'days': True, 'cuisine': False, 'house_rule': True, 'room_type': True} all_resolved=False n_resolved=4/5 tokens=(11765,2242)
  N=5 tp_nonsynth_mf5_000128 seed=1 arm=intro_specter level=hard: per_fault={'budget': True, 'days': False, 'cuisine': False, 'house_rule': True, 'room_type': True} all_resolved=False n_resolved=3/5 tokens=(4481,2054)
  N=5 tp_nonsynth_mf5_000128 seed=2 arm=direct level=hard: per_fault={'budget': True, 'days': True, 'cuisine': False, 'house_rule': True, 'room_type': True} all_resolved=False n_resolved=4/5 tokens=(1601,988)
  N=5 tp_nonsynth_mf5_000128 seed=2 arm=self_refine level=hard: per_fault={'budget': False, 'days': True, 'cuisine': False, 'house_rule': True, 'room_type': True} all_resolved=False n_resolved=3/5 tokens=(4429,2540)
  N=5 tp_nonsynth_mf5_000128 seed=2 arm=full_regen level=hard: per_fault={'budget': True, 'days': True, 'cuisine': False, 'house_rule': False, 'room_type': False} all_resolved=False n_resolved=2/5 tokens=(3202,1724)
  N=5 tp_nonsynth_mf5_000128 seed=2 arm=react level=hard: per_fault={'budget': True, 'days': True, 'cuisine': False, 'house_rule': True, 'room_type': True} all_resolved=False n_resolved=4/5 tokens=(3255,1822)
  N=5 tp_nonsynth_mf5_000128 seed=2 arm=selfcheckgpt level=hard: per_fault={'budget': True, 'days': True, 'cuisine': False, 'house_rule': True, 'room_type': True} all_resolved=False n_resolved=4/5 tokens=(10440,2228)
  N=5 tp_nonsynth_mf5_000128 seed=2 arm=reflexion level=hard: per_fault={'budget': False, 'days': False, 'cuisine': False, 'house_rule': False, 'room_type': False} all_resolved=False n_resolved=0/5 tokens=(12070,1189)
  N=5 tp_nonsynth_mf5_000128 seed=2 arm=intro_specter level=hard: per_fault={'budget': True, 'days': True, 'cuisine': False, 'house_rule': True, 'room_type': True} all_resolved=False n_resolved=4/5 tokens=(4583,1974)
  N=5 tp_nonsynth_mf5_000130 seed=0 arm=direct level=hard: per_fault={'budget': True, 'days': True, 'cuisine': True, 'house_rule': True, 'transportation': True} all_resolved=True n_resolved=5/5 tokens=(1658,720)
  N=5 tp_nonsynth_mf5_000130 seed=0 arm=self_refine level=hard: per_fault={'budget': True, 'days': True, 'cuisine': True, 'house_rule': True, 'transportation': True} all_resolved=True n_resolved=5/5 tokens=(4191,1706)
  N=5 tp_nonsynth_mf5_000130 seed=0 arm=full_regen level=hard: per_fault={'budget': True, 'days': True, 'cuisine': False, 'house_rule': True, 'transportation': True} all_resolved=False n_resolved=4/5 tokens=(3316,1358)
  N=5 tp_nonsynth_mf5_000130 seed=0 arm=react level=hard: per_fault={'budget': False, 'days': False, 'cuisine': False, 'house_rule': True, 'transportation': True} all_resolved=False n_resolved=2/5 tokens=(3369,1218)
  N=5 tp_nonsynth_mf5_000130 seed=0 arm=selfcheckgpt level=hard: per_fault={'budget': True, 'days': True, 'cuisine': True, 'house_rule': True, 'transportation': True} all_resolved=True n_resolved=5/5 tokens=(12249,2352)
  N=5 tp_nonsynth_mf5_000130 seed=0 arm=reflexion level=hard: per_fault={'budget': True, 'days': True, 'cuisine': True, 'house_rule': True, 'transportation': True} all_resolved=True n_resolved=5/5 tokens=(1658,720)
  N=5 tp_nonsynth_mf5_000130 seed=0 arm=intro_specter level=hard: per_fault={'budget': True, 'days': True, 'cuisine': True, 'house_rule': True, 'transportation': True} all_resolved=True n_resolved=5/5 tokens=(4345,1436)
  N=5 tp_nonsynth_mf5_000130 seed=1 arm=direct level=hard: per_fault={'budget': True, 'days': False, 'cuisine': False, 'house_rule': True, 'transportation': False} all_resolved=False n_resolved=2/5 tokens=(1658,635)
  N=5 tp_nonsynth_mf5_000130 seed=1 arm=self_refine level=hard: per_fault={'budget': True, 'days': False, 'cuisine': False, 'house_rule': True, 'transportation': True} all_resolved=False n_resolved=3/5 tokens=(4169,1676)
  N=5 tp_nonsynth_mf5_000130 seed=1 arm=full_regen level=hard: per_fault={'budget': False, 'days': False, 'cuisine': False, 'house_rule': True, 'transportation': False} all_resolved=False n_resolved=1/5 tokens=(3316,970)
  N=5 tp_nonsynth_mf5_000130 seed=1 arm=react level=hard: per_fault={'budget': False, 'days': False, 'cuisine': False, 'house_rule': True, 'transportation': True} all_resolved=False n_resolved=2/5 tokens=(3369,1350)
  N=5 tp_nonsynth_mf5_000130 seed=1 arm=selfcheckgpt level=hard: per_fault={'budget': True, 'days': False, 'cuisine': False, 'house_rule': True, 'transportation': True} all_resolved=False n_resolved=3/5 tokens=(12516,2379)
  N=5 tp_nonsynth_mf5_000130 seed=1 arm=reflexion level=hard: per_fault={'budget': False, 'days': False, 'cuisine': False, 'house_rule': False, 'transportation': False} all_resolved=False n_resolved=0/5 tokens=(11324,1264)
  N=5 tp_nonsynth_mf5_000130 seed=1 arm=intro_specter level=hard: per_fault={'budget': True, 'days': True, 'cuisine': False, 'house_rule': True, 'transportation': True} all_resolved=False n_resolved=4/5 tokens=(4323,1763)
  N=5 tp_nonsynth_mf5_000130 seed=2 arm=direct level=hard: per_fault={'budget': False, 'days': False, 'cuisine': True, 'house_rule': True, 'transportation': True} all_resolved=False n_resolved=3/5 tokens=(1658,538)
  N=5 tp_nonsynth_mf5_000130 seed=2 arm=self_refine level=hard: per_fault={'budget': True, 'days': False, 'cuisine': True, 'house_rule': True, 'transportation': True} all_resolved=False n_resolved=4/5 tokens=(3988,1381)
  N=5 tp_nonsynth_mf5_000130 seed=2 arm=full_regen level=hard: per_fault={'budget': False, 'days': True, 'cuisine': False, 'house_rule': True, 'transportation': True} all_resolved=False n_resolved=3/5 tokens=(3316,1445)
  N=5 tp_nonsynth_mf5_000130 seed=2 arm=react level=hard: per_fault={'budget': False, 'days': True, 'cuisine': False, 'house_rule': True, 'transportation': False} all_resolved=False n_resolved=2/5 tokens=(3369,1348)
  N=5 tp_nonsynth_mf5_000130 seed=2 arm=selfcheckgpt level=hard: per_fault={'budget': False, 'days': False, 'cuisine': True, 'house_rule': True, 'transportation': True} all_resolved=False n_resolved=3/5 tokens=(11981,1622)
  N=5 tp_nonsynth_mf5_000130 seed=2 arm=reflexion level=hard: per_fault={'budget': False, 'days': False, 'cuisine': False, 'house_rule': False, 'transportation': False} all_resolved=False n_resolved=0/5 tokens=(10733,1891)
  N=5 tp_nonsynth_mf5_000130 seed=2 arm=intro_specter level=hard: per_fault={'budget': True, 'days': False, 'cuisine': True, 'house_rule': True, 'transportation': True} all_resolved=False n_resolved=4/5 tokens=(4142,1209)
  N=5 tp_nonsynth_mf5_000132 seed=0 arm=direct level=hard: per_fault={'budget': True, 'days': False, 'house_rule': True, 'room_type': True, 'transportation': True} all_resolved=False n_resolved=4/5 tokens=(1567,667)
  N=5 tp_nonsynth_mf5_000132 seed=0 arm=self_refine level=hard: per_fault={'budget': False, 'days': False, 'house_rule': False, 'room_type': False, 'transportation': False} all_resolved=False n_resolved=0/5 tokens=(3977,1580)
  N=5 tp_nonsynth_mf5_000132 seed=0 arm=full_regen level=hard: per_fault={'budget': False, 'days': True, 'house_rule': True, 'room_type': True, 'transportation': True} all_resolved=False n_resolved=4/5 tokens=(3134,1623)
  N=5 tp_nonsynth_mf5_000132 seed=0 arm=react level=hard: per_fault={'budget': True, 'days': False, 'house_rule': False, 'room_type': False, 'transportation': False} all_resolved=False n_resolved=1/5 tokens=(3187,1225)
  N=5 tp_nonsynth_mf5_000132 seed=0 arm=selfcheckgpt level=hard: per_fault={'budget': True, 'days': False, 'house_rule': True, 'room_type': True, 'transportation': True} all_resolved=False n_resolved=4/5 tokens=(12042,2448)
  N=5 tp_nonsynth_mf5_000132 seed=0 arm=reflexion level=hard: per_fault={'budget': False, 'days': False, 'house_rule': False, 'room_type': False, 'transportation': False} all_resolved=False n_resolved=0/5 tokens=(10697,1634)
  N=5 tp_nonsynth_mf5_000132 seed=0 arm=intro_specter level=hard: per_fault={'budget': True, 'days': True, 'house_rule': True, 'room_type': True, 'transportation': True} all_resolved=True n_resolved=5/5 tokens=(4131,1704)
  N=5 tp_nonsynth_mf5_000132 seed=1 arm=direct level=hard: per_fault={'budget': True, 'days': False, 'house_rule': True, 'room_type': True, 'transportation': True} all_resolved=False n_resolved=4/5 tokens=(1567,678)
  N=5 tp_nonsynth_mf5_000132 seed=1 arm=self_refine level=hard: per_fault={'budget': True, 'days': True, 'house_rule': True, 'room_type': True, 'transportation': False} all_resolved=False n_resolved=4/5 tokens=(3988,1926)
  N=5 tp_nonsynth_mf5_000132 seed=1 arm=full_regen level=hard: per_fault={'budget': True, 'days': False, 'house_rule': True, 'room_type': True, 'transportation': True} all_resolved=False n_resolved=4/5 tokens=(3134,1367)
  N=5 tp_nonsynth_mf5_000132 seed=1 arm=react level=hard: per_fault={'budget': False, 'days': False, 'house_rule': False, 'room_type': False, 'transportation': False} all_resolved=False n_resolved=0/5 tokens=(3187,1328)
  N=5 tp_nonsynth_mf5_000132 seed=1 arm=selfcheckgpt level=hard: per_fault={'budget': True, 'days': True, 'house_rule': True, 'room_type': True, 'transportation': True} all_resolved=True n_resolved=5/5 tokens=(11853,2426)
[RETRY] selfcheckgpt task=tp_nonsynth_mf5_000136 seed=1 attempt 1/5 failed (failed to obtain JSON after 3 attempts: could not parse JSON from model output:
{
  "final_output": "To plan a week-long trip for two from Pittsburgh to New York with the given constraints, here's a suggested itinerary:\nDay 1: March 13th, 2022\n- Accommodation: Hotel in Rochester, allowing visitors, costing $150 per night\n- Meals: French cuisine at a local restaurant, $50 per person for lunch and $70 per person for dinner\n- Attractions: Visit The Strong National Museum of Play and George Eastman Museum\n- Cost: $150 (accommodation) + $120 (meals) + $20 (attractions) = $2); retrying in 3s
[RETRY] selfcheckgpt task=tp_nonsynth_mf5_000136 seed=1 attempt 2/5 failed (failed to obtain JSON after 3 attempts: could not parse JSON from model output:
{
  "final_output": "To plan a week-long trip for two from Pittsburgh to New York with the given constraints, here's a suggested itinerary:\nDay 1: March 13th, 2022\n- Accommodation: Hotel in Rochester, allowing visitors, costing $150 per night\n- Meals: French cuisine at a local restaurant, $50 per person for lunch and $70 per person for dinner\n- Attractions: Visit The Strong National Museum of Play and George Eastman Museum\n- Cost: $150 (accommodation) + $120 (meals) + $20 (attractions) = $2); retrying in 6s
[RETRY] selfcheckgpt task=tp_nonsynth_mf5_000136 seed=1 attempt 3/5 failed (failed to obtain JSON after 3 attempts: could not parse JSON from model output:
{
  "final_output": "To plan a week-long trip for two from Pittsburgh to New York with the given constraints, here's a suggested itinerary:\nDay 1: March 13th, 2022\n- Accommodation: Hotel in Rochester, allowing visitors, costing $150 per night\n- Meals: French cuisine at a local restaurant, $50 per person for lunch and $70 per person for dinner\n- Attractions: Visit The Strong National Museum of Play and George Eastman Museum\n- Cost: $150 (accommodation) + $120 (meals) + $20 (attractions) = $2); retrying in 12s
[RETRY] selfcheckgpt task=tp_nonsynth_mf5_000136 seed=1 attempt 4/5 failed (failed to obtain JSON after 3 attempts: could not parse JSON from model output:
{
  "final_output": "To plan a week-long trip for two from Pittsburgh to New York with the given constraints, here's a suggested itinerary:\nDay 1: March 13th, 2022\n- Accommodation: Hotel in Rochester, allowing visitors, costing $150 per night\n- Meals: French cuisine at a local restaurant, $50 per person for lunch and $70 per person for dinner\n- Attractions: Visit The Strong National Museum of Play and George Eastman Museum\n- Cost: $150 (accommodation) + $120 (meals) + $20 (attractions) = $2); retrying in 24s
[ERROR] selfcheckgpt failed task=tp_nonsynth_mf5_000136 seed=1: failed to obtain JSON after 3 attempts: could not parse JSON from model output:
{
  "final_output": "To plan a week-long trip for two from Pittsburgh to New York with the given constraints, here's a suggested itinerary:\nDay 1: March 13th, 2022\n- Accommodation: Hotel in Rochester, allowing visitors, costing $150 per night\n- Meals: French cuisine at a local restaurant, $50 per person for lunch and $70 per person for dinner\n- Attractions: Visit The Strong National Museum of Play and George Eastman Museum\n- Cost: $150 (accommodation) + $120 (meals) + $20 (attractions) = $2
[RETRY] selfcheckgpt task=tp_nonsynth_mf5_000136 seed=2 attempt 1/5 failed (failed to obtain JSON after 3 attempts: could not parse JSON from model output:
{
  "final_output": "To plan a week-long trip for two from Pittsburgh to New York with the given constraints and preferences, I'll provide a day-by-day itinerary. However, due to the complexity and the number of constraints provided, both from the user and the local booking system, it's crucial to first address the contradictions and misunderstandings in the constraints.\n\n1. The user specifies a total trip budget not to exceed $11,400, but the true budget is $5,300. This discrepancy significan); retrying in 3s
[RETRY] selfcheckgpt task=tp_nonsynth_mf5_000136 seed=2 attempt 2/5 failed (failed to obtain JSON after 3 attempts: could not parse JSON from model output:
{
  "final_output": "To plan a week-long trip for two from Pittsburgh to New York with the given constraints and preferences, I'll provide a day-by-day itinerary. However, due to the complexity and the number of constraints provided, both from the user and the local booking system, it's crucial to first address the contradictions and misunderstandings in the constraints.\n\n1. The user specifies a total trip budget not to exceed $11,400, but the true budget is $5,300. This discrepancy significan); retrying in 6s
[RETRY] selfcheckgpt task=tp_nonsynth_mf5_000136 seed=2 attempt 3/5 failed (failed to obtain JSON after 3 attempts: could not parse JSON from model output:
{
  "final_output": "To plan a week-long trip for two from Pittsburgh to New York with the given constraints and preferences, I'll provide a day-by-day itinerary. However, due to the complexity and the number of constraints provided, both from the user and the local booking system, it's crucial to first address the contradictions and misunderstandings in the constraints.\n\n1. The user specifies a total trip budget not to exceed $11,400, but the true budget is $5,300. This discrepancy significan); retrying in 12s
[RETRY] selfcheckgpt task=tp_nonsynth_mf5_000136 seed=2 attempt 4/5 failed (failed to obtain JSON after 3 attempts: could not parse JSON from model output:
{
  "final_output": "To plan a week-long trip for two from Pittsburgh to New York with the given constraints and preferences, I'll provide a day-by-day itinerary. However, due to the complexity and the number of constraints provided, both from the user and the local booking system, it's crucial to first address the contradictions and misunderstandings in the constraints.\n\n1. The user specifies a total trip budget not to exceed $11,400, but the true budget is $5,300. This discrepancy significan); retrying in 24s
[ERROR] selfcheckgpt failed task=tp_nonsynth_mf5_000136 seed=2: failed to obtain JSON after 3 attempts: could not parse JSON from model output:
{
  "final_output": "To plan a week-long trip for two from Pittsburgh to New York with the given constraints and preferences, I'll provide a day-by-day itinerary. However, due to the complexity and the number of constraints provided, both from the user and the local booking system, it's crucial to first address the contradictions and misunderstandings in the constraints.\n\n1. The user specifies a total trip budget not to exceed $11,400, but the true budget is $5,300. This discrepancy significan
[RETRY] selfcheckgpt task=tp_nonsynth_mf5_000137 seed=0 attempt 1/5 failed (failed to obtain JSON after 3 attempts: could not parse JSON from model output:
{
  "final_output": "To develop a 5-day trip plan for two individuals from San Jose to Portland with a budget of $1800, considering the constraints and preferences, here's a tailored itinerary. However, please note that the original constraints provided have been altered to fit the booking system's requirements and the travelers' preferences as clarified in the query.\n\nDay 1:\n- Accommodation: Book a pet-friendly hotel like the Kimpton Hotel Vintage Portland, which allows pets and is in the he); retrying in 3s
[RETRY] selfcheckgpt task=tp_nonsynth_mf5_000137 seed=0 attempt 2/5 failed (failed to obtain JSON after 3 attempts: could not parse JSON from model output:
{
  "final_output": "To develop a 5-day trip plan for two individuals from San Jose to Portland with a budget of $1800, considering the constraints and preferences, here's a tailored itinerary. However, please note that the original constraints provided have been altered to fit the booking system's requirements and the travelers' preferences as clarified in the query.\n\nDay 1:\n- Accommodation: Book a pet-friendly hotel like the Kimpton Hotel Vintage Portland, which allows pets and is in the he); retrying in 6s
[RETRY] selfcheckgpt task=tp_nonsynth_mf5_000137 seed=0 attempt 3/5 failed (failed to obtain JSON after 3 attempts: could not parse JSON from model output:
{
  "final_output": "To develop a 5-day trip plan for two individuals from San Jose to Portland with a budget of $1800, considering the constraints and preferences, here's a tailored itinerary. However, please note that the original constraints provided have been altered to fit the booking system's requirements and the travelers' preferences as clarified in the query.\n\nDay 1:\n- Accommodation: Book a pet-friendly hotel like the Kimpton Hotel Vintage Portland, which allows pets and is in the he); retrying in 12s
[RETRY] selfcheckgpt task=tp_nonsynth_mf5_000137 seed=0 attempt 4/5 failed (failed to obtain JSON after 3 attempts: could not parse JSON from model output:
{
  "final_output": "To develop a 5-day trip plan for two individuals from San Jose to Portland with a budget of $1800, considering the constraints and preferences, here's a tailored itinerary. However, please note that the original constraints provided have been altered to fit the booking system's requirements and the travelers' preferences as clarified in the query.\n\nDay 1:\n- Accommodation: Book a pet-friendly hotel like the Kimpton Hotel Vintage Portland, which allows pets and is in the he); retrying in 24s
[ERROR] selfcheckgpt failed task=tp_nonsynth_mf5_000137 seed=0: failed to obtain JSON after 3 attempts: could not parse JSON from model output:
{
  "final_output": "To develop a 5-day trip plan for two individuals from San Jose to Portland with a budget of $1800, considering the constraints and preferences, here's a tailored itinerary. However, please note that the original constraints provided have been altered to fit the booking system's requirements and the travelers' preferences as clarified in the query.\n\nDay 1:\n- Accommodation: Book a pet-friendly hotel like the Kimpton Hotel Vintage Portland, which allows pets and is in the he
  N=5 tp_nonsynth_mf5_000132 seed=1 arm=reflexion level=hard: per_fault={'budget': False, 'days': False, 'house_rule': False, 'room_type': False, 'transportation': False} all_resolved=False n_resolved=0/5 tokens=(10749,1342)
  N=5 tp_nonsynth_mf5_000132 seed=1 arm=intro_specter level=hard: per_fault={'budget': True, 'days': False, 'house_rule': True, 'room_type': True, 'transportation': True} all_resolved=False n_resolved=4/5 tokens=(4142,1790)
  N=5 tp_nonsynth_mf5_000132 seed=2 arm=direct level=hard: per_fault={'budget': True, 'days': False, 'house_rule': True, 'room_type': True, 'transportation': True} all_resolved=False n_resolved=4/5 tokens=(1567,361)
  N=5 tp_nonsynth_mf5_000132 seed=2 arm=self_refine level=hard: per_fault={'budget': True, 'days': True, 'house_rule': True, 'room_type': True, 'transportation': True} all_resolved=True n_resolved=5/5 tokens=(3566,1797)
  N=5 tp_nonsynth_mf5_000132 seed=2 arm=full_regen level=hard: per_fault={'budget': True, 'days': False, 'house_rule': True, 'room_type': True, 'transportation': False} all_resolved=False n_resolved=3/5 tokens=(3134,999)
  N=5 tp_nonsynth_mf5_000132 seed=2 arm=react level=hard: per_fault={'budget': True, 'days': True, 'house_rule': True, 'room_type': True, 'transportation': True} all_resolved=True n_resolved=5/5 tokens=(3187,1476)
  N=5 tp_nonsynth_mf5_000132 seed=2 arm=selfcheckgpt level=hard: per_fault={'budget': True, 'days': True, 'house_rule': True, 'room_type': True, 'transportation': True} all_resolved=True n_resolved=5/5 tokens=(11621,1858)
  N=5 tp_nonsynth_mf5_000132 seed=2 arm=reflexion level=hard: per_fault={'budget': False, 'days': False, 'house_rule': False, 'room_type': False, 'transportation': False} all_resolved=False n_resolved=0/5 tokens=(9471,605)
  N=5 tp_nonsynth_mf5_000132 seed=2 arm=intro_specter level=hard: per_fault={'budget': True, 'days': False, 'house_rule': True, 'room_type': True, 'transportation': True} all_resolved=False n_resolved=4/5 tokens=(3720,883)
  N=5 tp_nonsynth_mf5_000136 seed=0 arm=direct level=hard: per_fault={'budget': True, 'days': True, 'cuisine': False, 'house_rule': True, 'transportation': False} all_resolved=False n_resolved=3/5 tokens=(1643,673)
  N=5 tp_nonsynth_mf5_000136 seed=0 arm=self_refine level=hard: per_fault={'budget': False, 'days': True, 'cuisine': False, 'house_rule': True, 'transportation': False} all_resolved=False n_resolved=2/5 tokens=(4072,1655)
  N=5 tp_nonsynth_mf5_000136 seed=0 arm=full_regen level=hard: per_fault={'budget': True, 'days': True, 'cuisine': False, 'house_rule': True, 'transportation': False} all_resolved=False n_resolved=3/5 tokens=(3286,1374)
  N=5 tp_nonsynth_mf5_000136 seed=0 arm=react level=hard: per_fault={'budget': True, 'days': True, 'cuisine': False, 'house_rule': True, 'transportation': True} all_resolved=False n_resolved=4/5 tokens=(3339,1415)
  N=5 tp_nonsynth_mf5_000136 seed=0 arm=selfcheckgpt level=hard: per_fault={'budget': True, 'days': True, 'cuisine': False, 'house_rule': True, 'transportation': False} all_resolved=False n_resolved=3/5 tokens=(18115,2424)
  N=5 tp_nonsynth_mf5_000136 seed=0 arm=reflexion level=hard: per_fault={'budget': False, 'days': False, 'cuisine': False, 'house_rule': False, 'transportation': False} all_resolved=False n_resolved=0/5 tokens=(10992,1193)
  N=5 tp_nonsynth_mf5_000136 seed=0 arm=intro_specter level=hard: per_fault={'budget': True, 'days': False, 'cuisine': False, 'house_rule': True, 'transportation': False} all_resolved=False n_resolved=2/5 tokens=(4226,1699)
  N=5 tp_nonsynth_mf5_000136 seed=1 arm=direct level=hard: per_fault={'budget': True, 'days': False, 'cuisine': False, 'house_rule': True, 'transportation': False} all_resolved=False n_resolved=2/5 tokens=(1643,469)
  N=5 tp_nonsynth_mf5_000136 seed=1 arm=self_refine level=hard: per_fault={'budget': True, 'days': False, 'cuisine': False, 'house_rule': True, 'transportation': False} all_resolved=False n_resolved=2/5 tokens=(3868,1418)
  N=5 tp_nonsynth_mf5_000136 seed=1 arm=full_regen level=hard: per_fault={'budget': True, 'days': False, 'cuisine': False, 'house_rule': True, 'transportation': True} all_resolved=False n_resolved=3/5 tokens=(3286,1138)
  N=5 tp_nonsynth_mf5_000136 seed=1 arm=react level=hard: per_fault={'budget': True, 'days': True, 'cuisine': False, 'house_rule': True, 'transportation': True} all_resolved=False n_resolved=4/5 tokens=(3339,1410)
  N=5 tp_nonsynth_mf5_000136 seed=1 arm=reflexion level=hard: per_fault={'budget': False, 'days': False, 'cuisine': False, 'house_rule': False, 'transportation': False} all_resolved=False n_resolved=0/5 tokens=(10410,2178)
  N=5 tp_nonsynth_mf5_000136 seed=1 arm=intro_specter level=hard: per_fault={'budget': True, 'days': False, 'cuisine': False, 'house_rule': True, 'transportation': False} all_resolved=False n_resolved=2/5 tokens=(4022,953)
  N=5 tp_nonsynth_mf5_000136 seed=2 arm=direct level=hard: per_fault={'budget': True, 'days': False, 'cuisine': False, 'house_rule': True, 'transportation': False} all_resolved=False n_resolved=2/5 tokens=(1643,471)
  N=5 tp_nonsynth_mf5_000136 seed=2 arm=self_refine level=hard: per_fault={'budget': True, 'days': False, 'cuisine': False, 'house_rule': True, 'transportation': False} all_resolved=False n_resolved=2/5 tokens=(3870,1386)
  N=5 tp_nonsynth_mf5_000136 seed=2 arm=full_regen level=hard: per_fault={'budget': True, 'days': False, 'cuisine': False, 'house_rule': True, 'transportation': True} all_resolved=False n_resolved=3/5 tokens=(3286,1030)
  N=5 tp_nonsynth_mf5_000136 seed=2 arm=react level=hard: per_fault={'budget': False, 'days': False, 'cuisine': False, 'house_rule': True, 'transportation': False} all_resolved=False n_resolved=1/5 tokens=(3339,938)
  N=5 tp_nonsynth_mf5_000136 seed=2 arm=reflexion level=hard: per_fault={'budget': False, 'days': False, 'cuisine': False, 'house_rule': False, 'transportation': False} all_resolved=False n_resolved=0/5 tokens=(10416,1685)
  N=5 tp_nonsynth_mf5_000136 seed=2 arm=intro_specter level=hard: per_fault={'budget': True, 'days': False, 'cuisine': False, 'house_rule': True, 'transportation': False} all_resolved=False n_resolved=2/5 tokens=(4024,935)
  N=5 tp_nonsynth_mf5_000137 seed=0 arm=direct level=hard: per_fault={'budget': False, 'days': True, 'cuisine': False, 'house_rule': True, 'transportation': True} all_resolved=False n_resolved=3/5 tokens=(1520,670)
  N=5 tp_nonsynth_mf5_000137 seed=0 arm=self_refine level=hard: per_fault={'budget': False, 'days': True, 'cuisine': False, 'house_rule': True, 'transportation': True} all_resolved=False n_resolved=3/5 tokens=(3844,1769)
  N=5 tp_nonsynth_mf5_000137 seed=0 arm=full_regen level=hard: per_fault={'budget': False, 'days': True, 'cuisine': False, 'house_rule': True, 'transportation': True} all_resolved=False n_resolved=3/5 tokens=(3040,1312)
  N=5 tp_nonsynth_mf5_000137 seed=0 arm=react level=hard: per_fault={'budget': False, 'days': False, 'cuisine': False, 'house_rule': True, 'transportation': True} all_resolved=False n_resolved=2/5 tokens=(3093,1483)
  N=5 tp_nonsynth_mf5_000137 seed=0 arm=reflexion level=hard: per_fault={'budget': False, 'days': False, 'cuisine': False, 'house_rule': False, 'transportation': False} all_resolved=False n_resolved=0/5 tokens=(10398,1700)
  N=5 tp_nonsynth_mf5_000137 seed=0 arm=intro_specter level=hard: per_fault={'budget': True, 'days': False, 'cuisine': False, 'house_rule': True, 'transportation': True} all_resolved=False n_resolved=3/5 tokens=(3998,1270)
  N=5 tp_nonsynth_mf5_000137 seed=1 arm=direct level=hard: per_fault={'budget': False, 'days': True, 'cuisine': False, 'house_rule': True, 'transportation': True} all_resolved=False n_resolved=3/5 tokens=(1520,753)
  N=5 tp_nonsynth_mf5_000137 seed=1 arm=self_refine level=hard: per_fault={'budget': True, 'days': True, 'cuisine': False, 'house_rule': True, 'transportation': True} all_resolved=False n_resolved=4/5 tokens=(3990,1661)
  N=5 tp_nonsynth_mf5_000137 seed=1 arm=full_regen level=hard: per_fault={'budget': True, 'days': True, 'cuisine': False, 'house_rule': True, 'transportation': True} all_resolved=False n_resolved=4/5 tokens=(3040,1822)
  N=5 tp_nonsynth_mf5_000137 seed=1 arm=react level=hard: per_fault={'budget': False, 'days': False, 'cuisine': False, 'house_rule': True, 'transportation': True} all_resolved=False n_resolved=2/5 tokens=(3093,1403)
  N=5 tp_nonsynth_mf5_000137 seed=1 arm=selfcheckgpt level=hard: per_fault={'budget': False, 'days': True, 'cuisine': False, 'house_rule': True, 'transportation': True} all_resolved=False n_resolved=3/5 tokens=(11470,2502)
  N=5 tp_nonsynth_mf5_000137 seed=1 arm=reflexion level=hard: per_fault={'budget': False, 'days': False, 'cuisine': False, 'house_rule': False, 'transportation': False} all_resolved=False n_resolved=0/5 tokens=(10878,1095)
  N=5 tp_nonsynth_mf5_000137 seed=1 arm=intro_specter level=hard: per_fault={'budget': True, 'days': True, 'cuisine': False, 'house_rule': True, 'transportation': True} all_resolved=False n_resolved=4/5 tokens=(4144,1411)
  N=5 tp_nonsynth_mf5_000137 seed=2 arm=direct level=hard: per_fault={'budget': False, 'days': False, 'cuisine': False, 'house_rule': True, 'transportation': True} all_resolved=False n_resolved=2/5 tokens=(1520,619)
  N=5 tp_nonsynth_mf5_000137 seed=2 arm=self_refine level=hard: per_fault={'budget': True, 'days': False, 'cuisine': False, 'house_rule': True, 'transportation': True} all_resolved=False n_resolved=3/5 tokens=(3814,1561)
  N=5 tp_nonsynth_mf5_000137 seed=2 arm=full_regen level=hard: per_fault={'budget': True, 'days': True, 'cuisine': False, 'house_rule': True, 'transportation': True} all_resolved=False n_resolved=4/5 tokens=(3040,1189)
  N=5 tp_nonsynth_mf5_000137 seed=2 arm=react level=hard: per_fault={'budget': True, 'days': False, 'cuisine': False, 'house_rule': True, 'transportation': True} all_resolved=False n_resolved=3/5 tokens=(3093,1479)
  N=5 tp_nonsynth_mf5_000137 seed=2 arm=selfcheckgpt level=hard: per_fault={'budget': False, 'days': True, 'cuisine': False, 'house_rule': True, 'transportation': True} all_resolved=False n_resolved=3/5 tokens=(11029,2073)
  N=5 tp_nonsynth_mf5_000137 seed=2 arm=reflexion level=hard: per_fault={'budget': False, 'days': False, 'cuisine': False, 'house_rule': False, 'transportation': False} all_resolved=False n_resolved=0/5 tokens=(10388,1343)
  N=5 tp_nonsynth_mf5_000137 seed=2 arm=intro_specter level=hard: per_fault={'budget': True, 'days': False, 'cuisine': False, 'house_rule': True, 'transportation': True} all_resolved=False n_resolved=3/5 tokens=(3968,1584)
  N=5 tp_nonsynth_mf5_000138 seed=0 arm=direct level=hard: per_fault={'budget': True, 'days': True, 'cuisine': False, 'house_rule': True, 'transportation': True} all_resolved=False n_resolved=4/5 tokens=(1545,770)
  N=5 tp_nonsynth_mf5_000138 seed=0 arm=self_refine level=hard: per_fault={'budget': False, 'days': True, 'cuisine': False, 'house_rule': True, 'transportation': True} all_resolved=False n_resolved=3/5 tokens=(4078,2156)
  N=5 tp_nonsynth_mf5_000138 seed=0 arm=full_regen level=hard: per_fault={'budget': True, 'days': True, 'cuisine': True, 'house_rule': True, 'transportation': True} all_resolved=True n_resolved=5/5 tokens=(3090,1417)
  N=5 tp_nonsynth_mf5_000138 seed=0 arm=react level=hard: per_fault={'budget': True, 'days': True, 'cuisine': False, 'house_rule': False, 'transportation': False} all_resolved=False n_resolved=2/5 tokens=(3143,1644)
  N=5 tp_nonsynth_mf5_000138 seed=0 arm=selfcheckgpt level=hard: per_fault={'budget': True, 'days': True, 'cuisine': False, 'house_rule': True, 'transportation': True} all_resolved=False n_resolved=4/5 tokens=(11510,2376)
  N=5 tp_nonsynth_mf5_000138 seed=0 arm=reflexion level=hard: per_fault={'budget': True, 'days': True, 'cuisine': False, 'house_rule': True, 'transportation': True} all_resolved=False n_resolved=4/5 tokens=(11090,1864)
  N=5 tp_nonsynth_mf5_000138 seed=0 arm=intro_specter level=hard: per_fault={'budget': True, 'days': True, 'cuisine': False, 'house_rule': True, 'transportation': True} all_resolved=False n_resolved=4/5 tokens=(4232,1902)
  N=5 tp_nonsynth_mf5_000138 seed=1 arm=direct level=hard: per_fault={'budget': True, 'days': True, 'cuisine': False, 'house_rule': True, 'transportation': True} all_resolved=False n_resolved=4/5 tokens=(1545,725)
  N=5 tp_nonsynth_mf5_000138 seed=1 arm=self_refine level=hard: per_fault={'budget': False, 'days': True, 'cuisine': False, 'house_rule': True, 'transportation': True} all_resolved=False n_resolved=3/5 tokens=(3970,1886)
  N=5 tp_nonsynth_mf5_000138 seed=1 arm=full_regen level=hard: per_fault={'budget': True, 'days': True, 'cuisine': False, 'house_rule': True, 'transportation': True} all_resolved=False n_resolved=4/5 tokens=(3090,1618)
  N=5 tp_nonsynth_mf5_000138 seed=1 arm=react level=hard: per_fault={'budget': True, 'days': False, 'cuisine': False, 'house_rule': False, 'transportation': True} all_resolved=False n_resolved=2/5 tokens=(3143,1260)
  N=5 tp_nonsynth_mf5_000138 seed=1 arm=selfcheckgpt level=hard: per_fault={'budget': True, 'days': True, 'cuisine': False, 'house_rule': True, 'transportation': True} all_resolved=False n_resolved=4/5 tokens=(11451,2243)
  N=5 tp_nonsynth_mf5_000138 seed=1 arm=reflexion level=hard: per_fault={'budget': False, 'days': False, 'cuisine': False, 'house_rule': False, 'transportation': False} all_resolved=False n_resolved=0/5 tokens=(10771,1005)
  N=5 tp_nonsynth_mf5_000138 seed=1 arm=intro_specter level=hard: per_fault={'budget': True, 'days': True, 'cuisine': False, 'house_rule': True, 'transportation': True} all_resolved=False n_resolved=4/5 tokens=(4124,1419)
  N=5 tp_nonsynth_mf5_000138 seed=2 arm=direct level=hard: per_fault={'budget': True, 'days': True, 'cuisine': False, 'house_rule': True, 'transportation': True} all_resolved=False n_resolved=4/5 tokens=(1545,722)
  N=5 tp_nonsynth_mf5_000138 seed=2 arm=self_refine level=hard: per_fault={'budget': True, 'days': True, 'cuisine': False, 'house_rule': True, 'transportation': True} all_resolved=False n_resolved=4/5 tokens=(3967,1857)
  N=5 tp_nonsynth_mf5_000138 seed=2 arm=full_regen level=hard: per_fault={'budget': True, 'days': True, 'cuisine': False, 'house_rule': True, 'transportation': False} all_resolved=False n_resolved=3/5 tokens=(3090,1347)
  N=5 tp_nonsynth_mf5_000138 seed=2 arm=react level=hard: per_fault={'budget': True, 'days': True, 'cuisine': False, 'house_rule': True, 'transportation': False} all_resolved=False n_resolved=3/5 tokens=(3143,1697)
  N=5 tp_nonsynth_mf5_000138 seed=2 arm=selfcheckgpt level=hard: per_fault={'budget': True, 'days': True, 'cuisine': False, 'house_rule': True, 'transportation': True} all_resolved=False n_resolved=4/5 tokens=(9984,1946)
  N=5 tp_nonsynth_mf5_000138 seed=2 arm=reflexion level=hard: per_fault={'budget': False, 'days': False, 'cuisine': False, 'house_rule': False, 'transportation': False} all_resolved=False n_resolved=0/5 tokens=(10731,966)
  N=5 tp_nonsynth_mf5_000138 seed=2 arm=intro_specter level=hard: per_fault={'budget': True, 'days': False, 'cuisine': False, 'house_rule': True, 'transportation': True} all_resolved=False n_resolved=3/5 tokens=(4121,1474)
  N=5 tp_nonsynth_mf5_000139 seed=0 arm=direct level=hard: per_fault={'budget': True, 'days': True, 'house_rule': True, 'room_type': True, 'transportation': True} all_resolved=True n_resolved=5/5 tokens=(1615,672)
  N=5 tp_nonsynth_mf5_000139 seed=0 arm=self_refine level=hard: per_fault={'budget': False, 'days': True, 'house_rule': True, 'room_type': True, 'transportation': True} all_resolved=False n_resolved=4/5 tokens=(4099,1800)
  N=5 tp_nonsynth_mf5_000139 seed=0 arm=full_regen level=hard: per_fault={'budget': False, 'days': True, 'house_rule': True, 'room_type': False, 'transportation': False} all_resolved=False n_resolved=2/5 tokens=(3230,1231)
  N=5 tp_nonsynth_mf5_000139 seed=0 arm=react level=hard: per_fault={'budget': True, 'days': False, 'house_rule': True, 'room_type': True, 'transportation': True} all_resolved=False n_resolved=4/5 tokens=(3283,1299)
  N=5 tp_nonsynth_mf5_000139 seed=0 arm=selfcheckgpt level=hard: per_fault={'budget': True, 'days': True, 'house_rule': True, 'room_type': True, 'transportation': True} all_resolved=True n_resolved=5/5 tokens=(12382,2621)
[RETRY] selfcheckgpt task=tp_nonsynth_mf5_000139 seed=2 attempt 1/5 failed (failed to obtain JSON after 3 attempts: could not parse JSON from model output:
{
  "final_output": "To create a 4-day travel plan from Columbus to Newark for 2 people with children under 10, considering the constraints and preferences, here's a suggested itinerary:\nDay 1:\n- Accommodation: Book an entire room at a child-friendly hotel in Newark that fits the $2,400 budget and adheres to the 'children under 10' house rule. A possible option could be the 'Hotel Indigo Newark Downtown' which is centrally located and has rooms that can accommodate families.\n- Meals: For dinn); retrying in 3s
[RETRY] selfcheckgpt task=tp_nonsynth_mf5_000139 seed=2 attempt 2/5 failed (failed to obtain JSON after 3 attempts: could not parse JSON from model output:
{
  "final_output": "To create a 4-day travel plan from Columbus to Newark for 2 people with children under 10, considering the constraints and preferences, here's a suggested itinerary:\nDay 1:\n- Accommodation: Book an entire room at a child-friendly hotel in Newark that fits the $2,400 budget and adheres to the 'children under 10' house rule. A possible option could be the 'Hotel Indigo Newark Downtown' which is centrally located and has rooms that can accommodate families.\n- Meals: For dinn); retrying in 6s
[RETRY] selfcheckgpt task=tp_nonsynth_mf5_000139 seed=2 attempt 3/5 failed (failed to obtain JSON after 3 attempts: could not parse JSON from model output:
{
  "final_output": "To create a 4-day travel plan from Columbus to Newark for 2 people with children under 10, considering the constraints and preferences, here's a suggested itinerary:\nDay 1:\n- Accommodation: Book an entire room at a child-friendly hotel in Newark that fits the $2,400 budget and adheres to the 'children under 10' house rule. A possible option could be the 'Hotel Indigo Newark Downtown' which is centrally located and has rooms that can accommodate families.\n- Meals: For dinn); retrying in 12s
[RETRY] selfcheckgpt task=tp_nonsynth_mf5_000139 seed=2 attempt 4/5 failed (failed to obtain JSON after 3 attempts: could not parse JSON from model output:
{
  "final_output": "To create a 4-day travel plan from Columbus to Newark for 2 people with children under 10, considering the constraints and preferences, here's a suggested itinerary:\nDay 1:\n- Accommodation: Book an entire room at a child-friendly hotel in Newark that fits the $2,400 budget and adheres to the 'children under 10' house rule. A possible option could be the 'Hotel Indigo Newark Downtown' which is centrally located and has rooms that can accommodate families.\n- Meals: For dinn); retrying in 24s
[ERROR] selfcheckgpt failed task=tp_nonsynth_mf5_000139 seed=2: failed to obtain JSON after 3 attempts: could not parse JSON from model output:
{
  "final_output": "To create a 4-day travel plan from Columbus to Newark for 2 people with children under 10, considering the constraints and preferences, here's a suggested itinerary:\nDay 1:\n- Accommodation: Book an entire room at a child-friendly hotel in Newark that fits the $2,400 budget and adheres to the 'children under 10' house rule. A possible option could be the 'Hotel Indigo Newark Downtown' which is centrally located and has rooms that can accommodate families.\n- Meals: For dinn
[RETRY] selfcheckgpt task=tp_nonsynth_mf5_000140 seed=1 attempt 1/5 failed (failed to obtain JSON after 3 attempts: could not parse JSON from model output:
{
  "final_output": "To construct a 4-day journey from Chicago to Albany with the given constraints is not feasible due to conflicting information. However, I can provide a general outline based on the true values and local constraints provided in the condition_meta. Since the true values indicate a budget of $2300, 3 days, house rule of smoking, room type of entire room, and transportation of no self-driving, the plan would need to accommodate these specifications. Given the destination of Alba); retrying in 3s
[RETRY] selfcheckgpt task=tp_nonsynth_mf5_000140 seed=1 attempt 2/5 failed (failed to obtain JSON after 3 attempts: could not parse JSON from model output:
{
  "final_output": "To construct a 4-day journey from Chicago to Albany with the given constraints is not feasible due to conflicting information. However, I can provide a general outline based on the true values and local constraints provided in the condition_meta. Since the true values indicate a budget of $2300, 3 days, house rule of smoking, room type of entire room, and transportation of no self-driving, the plan would need to accommodate these specifications. Given the destination of Alba); retrying in 6s
[RETRY] selfcheckgpt task=tp_nonsynth_mf5_000140 seed=1 attempt 3/5 failed (failed to obtain JSON after 3 attempts: could not parse JSON from model output:
{
  "final_output": "To construct a 4-day journey from Chicago to Albany with the given constraints is not feasible due to conflicting information. However, I can provide a general outline based on the true values and local constraints provided in the condition_meta. Since the true values indicate a budget of $2300, 3 days, house rule of smoking, room type of entire room, and transportation of no self-driving, the plan would need to accommodate these specifications. Given the destination of Alba); retrying in 12s
[RETRY] selfcheckgpt task=tp_nonsynth_mf5_000140 seed=1 attempt 4/5 failed (failed to obtain JSON after 3 attempts: could not parse JSON from model output:
{
  "final_output": "To construct a 4-day journey from Chicago to Albany with the given constraints is not feasible due to conflicting information. However, I can provide a general outline based on the true values and local constraints provided in the condition_meta. Since the true values indicate a budget of $2300, 3 days, house rule of smoking, room type of entire room, and transportation of no self-driving, the plan would need to accommodate these specifications. Given the destination of Alba); retrying in 24s
[ERROR] selfcheckgpt failed task=tp_nonsynth_mf5_000140 seed=1: failed to obtain JSON after 3 attempts: could not parse JSON from model output:
{
  "final_output": "To construct a 4-day journey from Chicago to Albany with the given constraints is not feasible due to conflicting information. However, I can provide a general outline based on the true values and local constraints provided in the condition_meta. Since the true values indicate a budget of $2300, 3 days, house rule of smoking, room type of entire room, and transportation of no self-driving, the plan would need to accommodate these specifications. Given the destination of Alba
  N=5 tp_nonsynth_mf5_000139 seed=0 arm=reflexion level=hard: per_fault={'budget': True, 'days': True, 'house_rule': True, 'room_type': True, 'transportation': True} all_resolved=True n_resolved=5/5 tokens=(1615,672)
  N=5 tp_nonsynth_mf5_000139 seed=0 arm=intro_specter level=hard: per_fault={'budget': True, 'days': True, 'house_rule': True, 'room_type': True, 'transportation': True} all_resolved=True n_resolved=5/5 tokens=(4253,1213)
  N=5 tp_nonsynth_mf5_000139 seed=1 arm=direct level=hard: per_fault={'budget': False, 'days': True, 'house_rule': True, 'room_type': True, 'transportation': False} all_resolved=False n_resolved=3/5 tokens=(1615,641)
  N=5 tp_nonsynth_mf5_000139 seed=1 arm=self_refine level=hard: per_fault={'budget': False, 'days': True, 'house_rule': True, 'room_type': True, 'transportation': False} all_resolved=False n_resolved=3/5 tokens=(4005,1660)
  N=5 tp_nonsynth_mf5_000139 seed=1 arm=full_regen level=hard: per_fault={'budget': False, 'days': True, 'house_rule': True, 'room_type': True, 'transportation': False} all_resolved=False n_resolved=3/5 tokens=(3230,1353)
  N=5 tp_nonsynth_mf5_000139 seed=1 arm=react level=hard: per_fault={'budget': True, 'days': True, 'house_rule': True, 'room_type': True, 'transportation': False} all_resolved=False n_resolved=4/5 tokens=(3283,1346)
  N=5 tp_nonsynth_mf5_000139 seed=1 arm=selfcheckgpt level=hard: per_fault={'budget': False, 'days': True, 'house_rule': True, 'room_type': True, 'transportation': True} all_resolved=False n_resolved=4/5 tokens=(14472,2713)
  N=5 tp_nonsynth_mf5_000139 seed=1 arm=reflexion level=hard: per_fault={'budget': False, 'days': False, 'house_rule': False, 'room_type': False, 'transportation': False} all_resolved=False n_resolved=0/5 tokens=(10794,830)
  N=5 tp_nonsynth_mf5_000139 seed=1 arm=intro_specter level=hard: per_fault={'budget': True, 'days': True, 'house_rule': True, 'room_type': True, 'transportation': True} all_resolved=True n_resolved=5/5 tokens=(4159,1594)
  N=5 tp_nonsynth_mf5_000139 seed=2 arm=direct level=hard: per_fault={'budget': True, 'days': True, 'house_rule': True, 'room_type': True, 'transportation': True} all_resolved=True n_resolved=5/5 tokens=(1615,686)
  N=5 tp_nonsynth_mf5_000139 seed=2 arm=self_refine level=hard: per_fault={'budget': False, 'days': True, 'house_rule': True, 'room_type': True, 'transportation': True} all_resolved=False n_resolved=4/5 tokens=(4113,1933)
  N=5 tp_nonsynth_mf5_000139 seed=2 arm=full_regen level=hard: per_fault={'budget': True, 'days': True, 'house_rule': True, 'room_type': True, 'transportation': True} all_resolved=True n_resolved=5/5 tokens=(3230,1405)
  N=5 tp_nonsynth_mf5_000139 seed=2 arm=react level=hard: per_fault={'budget': True, 'days': False, 'house_rule': True, 'room_type': True, 'transportation': False} all_resolved=False n_resolved=3/5 tokens=(3283,1434)
  N=5 tp_nonsynth_mf5_000139 seed=2 arm=reflexion level=hard: per_fault={'budget': True, 'days': True, 'house_rule': True, 'room_type': True, 'transportation': True} all_resolved=True n_resolved=5/5 tokens=(1615,686)
  N=5 tp_nonsynth_mf5_000139 seed=2 arm=intro_specter level=hard: per_fault={'budget': True, 'days': True, 'house_rule': True, 'room_type': True, 'transportation': True} all_resolved=True n_resolved=5/5 tokens=(4267,1542)
  N=5 tp_nonsynth_mf5_000140 seed=0 arm=direct level=hard: per_fault={'budget': True, 'days': True, 'house_rule': True, 'room_type': True, 'transportation': True} all_resolved=True n_resolved=5/5 tokens=(1600,522)
  N=5 tp_nonsynth_mf5_000140 seed=0 arm=self_refine level=hard: per_fault={'budget': False, 'days': True, 'house_rule': True, 'room_type': True, 'transportation': True} all_resolved=False n_resolved=4/5 tokens=(3835,1325)
  N=5 tp_nonsynth_mf5_000140 seed=0 arm=full_regen level=hard: per_fault={'budget': False, 'days': True, 'house_rule': True, 'room_type': True, 'transportation': True} all_resolved=False n_resolved=4/5 tokens=(3200,1167)
  N=5 tp_nonsynth_mf5_000140 seed=0 arm=react level=hard: per_fault={'budget': True, 'days': True, 'house_rule': True, 'room_type': True, 'transportation': True} all_resolved=True n_resolved=5/5 tokens=(3253,1302)
  N=5 tp_nonsynth_mf5_000140 seed=0 arm=selfcheckgpt level=hard: per_fault={'budget': True, 'days': True, 'house_rule': True, 'room_type': True, 'transportation': True} all_resolved=True n_resolved=5/5 tokens=(11895,1960)
  N=5 tp_nonsynth_mf5_000140 seed=0 arm=reflexion level=hard: per_fault={'budget': True, 'days': True, 'house_rule': True, 'room_type': True, 'transportation': True} all_resolved=True n_resolved=5/5 tokens=(1600,522)
  N=5 tp_nonsynth_mf5_000140 seed=0 arm=intro_specter level=hard: per_fault={'budget': True, 'days': True, 'house_rule': True, 'room_type': True, 'transportation': True} all_resolved=True n_resolved=5/5 tokens=(3989,1249)
  N=5 tp_nonsynth_mf5_000140 seed=1 arm=direct level=hard: per_fault={'budget': True, 'days': True, 'house_rule': True, 'room_type': True, 'transportation': True} all_resolved=True n_resolved=5/5 tokens=(1600,1005)
  N=5 tp_nonsynth_mf5_000140 seed=1 arm=self_refine level=hard: per_fault={'budget': False, 'days': True, 'house_rule': True, 'room_type': True, 'transportation': True} all_resolved=False n_resolved=4/5 tokens=(4444,2489)
  N=5 tp_nonsynth_mf5_000140 seed=1 arm=full_regen level=hard: per_fault={'budget': True, 'days': True, 'house_rule': True, 'room_type': True, 'transportation': True} all_resolved=True n_resolved=5/5 tokens=(3200,1776)
  N=5 tp_nonsynth_mf5_000140 seed=1 arm=react level=hard: per_fault={'budget': False, 'days': False, 'house_rule': False, 'room_type': False, 'transportation': False} all_resolved=False n_resolved=0/5 tokens=(3253,1648)
  N=5 tp_nonsynth_mf5_000140 seed=1 arm=reflexion level=hard: per_fault={'budget': True, 'days': True, 'house_rule': True, 'room_type': True, 'transportation': True} all_resolved=True n_resolved=5/5 tokens=(1600,1005)
  N=5 tp_nonsynth_mf5_000140 seed=1 arm=intro_specter level=hard: per_fault={'budget': True, 'days': True, 'house_rule': True, 'room_type': True, 'transportation': True} all_resolved=True n_resolved=5/5 tokens=(4598,1976)
  N=5 tp_nonsynth_mf5_000140 seed=2 arm=direct level=hard: per_fault={'budget': True, 'days': True, 'house_rule': True, 'room_type': True, 'transportation': True} all_resolved=True n_resolved=5/5 tokens=(1600,670)
  N=5 tp_nonsynth_mf5_000140 seed=2 arm=self_refine level=hard: per_fault={'budget': False, 'days': True, 'house_rule': True, 'room_type': True, 'transportation': True} all_resolved=False n_resolved=4/5 tokens=(4046,1781)
  N=5 tp_nonsynth_mf5_000140 seed=2 arm=full_regen level=hard: per_fault={'budget': True, 'days': False, 'house_rule': True, 'room_type': True, 'transportation': True} all_resolved=False n_resolved=4/5 tokens=(3200,1279)
  N=5 tp_nonsynth_mf5_000140 seed=2 arm=react level=hard: per_fault={'budget': True, 'days': False, 'house_rule': True, 'room_type': True, 'transportation': True} all_resolved=False n_resolved=4/5 tokens=(3253,1237)
  N=5 tp_nonsynth_mf5_000140 seed=2 arm=selfcheckgpt level=hard: per_fault={'budget': True, 'days': True, 'house_rule': True, 'room_type': True, 'transportation': True} all_resolved=True n_resolved=5/5 tokens=(12277,2739)
  N=5 tp_nonsynth_mf5_000140 seed=2 arm=reflexion level=hard: per_fault={'budget': True, 'days': True, 'house_rule': True, 'room_type': True, 'transportation': True} all_resolved=True n_resolved=5/5 tokens=(1600,670)
  N=5 tp_nonsynth_mf5_000140 seed=2 arm=intro_specter level=hard: per_fault={'budget': True, 'days': True, 'house_rule': True, 'room_type': True, 'transportation': True} all_resolved=True n_resolved=5/5 tokens=(4200,1287)
  N=5 tp_nonsynth_mf5_000141 seed=0 arm=direct level=hard: per_fault={'budget': True, 'days': True, 'house_rule': True, 'room_type': True, 'transportation': True} all_resolved=True n_resolved=5/5 tokens=(1542,616)
  N=5 tp_nonsynth_mf5_000141 seed=0 arm=self_refine level=hard: per_fault={'budget': False, 'days': True, 'house_rule': True, 'room_type': True, 'transportation': True} all_resolved=False n_resolved=4/5 tokens=(3813,1660)
  N=5 tp_nonsynth_mf5_000141 seed=0 arm=full_regen level=hard: per_fault={'budget': True, 'days': True, 'house_rule': True, 'room_type': True, 'transportation': True} all_resolved=True n_resolved=5/5 tokens=(3084,1408)
  N=5 tp_nonsynth_mf5_000141 seed=0 arm=react level=hard: per_fault={'budget': False, 'days': False, 'house_rule': True, 'room_type': True, 'transportation': True} all_resolved=False n_resolved=3/5 tokens=(3137,1233)
  N=5 tp_nonsynth_mf5_000141 seed=0 arm=selfcheckgpt level=hard: per_fault={'budget': True, 'days': True, 'house_rule': True, 'room_type': True, 'transportation': True} all_resolved=True n_resolved=5/5 tokens=(11044,1658)
  N=5 tp_nonsynth_mf5_000141 seed=0 arm=reflexion level=hard: per_fault={'budget': True, 'days': True, 'house_rule': True, 'room_type': True, 'transportation': True} all_resolved=True n_resolved=5/5 tokens=(1542,616)
  N=5 tp_nonsynth_mf5_000141 seed=0 arm=intro_specter level=hard: per_fault={'budget': True, 'days': True, 'house_rule': True, 'room_type': True, 'transportation': True} all_resolved=True n_resolved=5/5 tokens=(3967,1381)
  N=5 tp_nonsynth_mf5_000141 seed=1 arm=direct level=hard: per_fault={'budget': True, 'days': True, 'house_rule': True, 'room_type': True, 'transportation': True} all_resolved=True n_resolved=5/5 tokens=(1542,871)
  N=5 tp_nonsynth_mf5_000141 seed=1 arm=self_refine level=hard: per_fault={'budget': True, 'days': True, 'house_rule': True, 'room_type': True, 'transportation': True} all_resolved=True n_resolved=5/5 tokens=(4131,2338)
  N=5 tp_nonsynth_mf5_000141 seed=1 arm=full_regen level=hard: per_fault={'budget': True, 'days': True, 'house_rule': True, 'room_type': True, 'transportation': False} all_resolved=False n_resolved=4/5 tokens=(3084,1590)
  N=5 tp_nonsynth_mf5_000141 seed=1 arm=react level=hard: per_fault={'budget': True, 'days': True, 'house_rule': True, 'room_type': True, 'transportation': True} all_resolved=True n_resolved=5/5 tokens=(3137,1473)
  N=5 tp_nonsynth_mf5_000141 seed=1 arm=selfcheckgpt level=hard: per_fault={'budget': True, 'days': True, 'house_rule': True, 'room_type': True, 'transportation': True} all_resolved=True n_resolved=5/5 tokens=(10819,1766)
  N=5 tp_nonsynth_mf5_000141 seed=1 arm=reflexion level=hard: per_fault={'budget': True, 'days': True, 'house_rule': True, 'room_type': True, 'transportation': True} all_resolved=True n_resolved=5/5 tokens=(1542,871)
  N=5 tp_nonsynth_mf5_000141 seed=1 arm=intro_specter level=hard: per_fault={'budget': True, 'days': True, 'house_rule': True, 'room_type': True, 'transportation': True} all_resolved=True n_resolved=5/5 tokens=(4285,1803)
  N=5 tp_nonsynth_mf5_000141 seed=2 arm=direct level=hard: per_fault={'budget': True, 'days': True, 'house_rule': True, 'room_type': True, 'transportation': True} all_resolved=True n_resolved=5/5 tokens=(1542,637)
  N=5 tp_nonsynth_mf5_000141 seed=2 arm=self_refine level=hard: per_fault={'budget': False, 'days': True, 'house_rule': True, 'room_type': True, 'transportation': True} all_resolved=False n_resolved=4/5 tokens=(3876,1981)
  N=5 tp_nonsynth_mf5_000141 seed=2 arm=full_regen level=hard: per_fault={'budget': True, 'days': True, 'house_rule': True, 'room_type': True, 'transportation': True} all_resolved=True n_resolved=5/5 tokens=(3084,1485)
  N=5 tp_nonsynth_mf5_000141 seed=2 arm=react level=hard: per_fault={'budget': True, 'days': False, 'house_rule': True, 'room_type': True, 'transportation': False} all_resolved=False n_resolved=3/5 tokens=(3137,1147)
  N=5 tp_nonsynth_mf5_000141 seed=2 arm=selfcheckgpt level=hard: per_fault={'budget': True, 'days': True, 'house_rule': True, 'room_type': True, 'transportation': True} all_resolved=True n_resolved=5/5 tokens=(10997,1684)
  N=5 tp_nonsynth_mf5_000141 seed=2 arm=reflexion level=hard: per_fault={'budget': True, 'days': True, 'house_rule': True, 'room_type': True, 'transportation': True} all_resolved=True n_resolved=5/5 tokens=(1542,637)
  N=5 tp_nonsynth_mf5_000141 seed=2 arm=intro_specter level=hard: per_fault={'budget': True, 'days': True, 'house_rule': True, 'room_type': True, 'transportation': True} all_resolved=True n_resolved=5/5 tokens=(4030,1199)

--- run summary (N=5, model=llama-3.3-70b) ---
rows written: 1240  errors: 20
total tokens_input=6446412  total tokens_output=1762439  grand_total=8208851
