[RETRY] selfcheckgpt task=tp_nonsynth_mf3_000004 seed=0 attempt 1/5 failed (failed to obtain JSON after 3 attempts: could not parse JSON from model output:
{
  "final_output": "The final plan for the trip is as follows:\nDay 1: Key West to Houston\n- Accommodation: Key West ( $500 )\n- Meals: Mexican (Congrado, $20), American (Blue Heaven, $30)\n- Attractions: Ernest Hemingway Home and Museum ( $14 ), Harry S. Truman Little White House ( $16 )\n- Total cost: $580\n\nDay 2: Houston\n- Accommodation: Entire room in Skye Houston ( $180 )\n- Meals: Italian (Trattoria Mixteca, $25), Chinese (Mala Sichuan, $20)\n- Attractions: Space Center Houston ( $29.); retrying in 3s
[RETRY] selfcheckgpt task=tp_nonsynth_mf3_000004 seed=0 attempt 2/5 failed (failed to obtain JSON after 3 attempts: could not parse JSON from model output:
{
  "final_output": "The final plan for the trip is as follows:\nDay 1: Key West to Houston\n- Accommodation: Key West ( $500 )\n- Meals: Mexican (Congrado, $20), American (Blue Heaven, $30)\n- Attractions: Ernest Hemingway Home and Museum ( $14 ), Harry S. Truman Little White House ( $16 )\n- Total cost: $580\n\nDay 2: Houston\n- Accommodation: Entire room in Skye Houston ( $180 )\n- Meals: Italian (Trattoria Mixteca, $25), Chinese (Mala Sichuan, $20)\n- Attractions: Space Center Houston ( $29.); retrying in 6s
[RETRY] selfcheckgpt task=tp_nonsynth_mf3_000004 seed=0 attempt 3/5 failed (failed to obtain JSON after 3 attempts: could not parse JSON from model output:
{
  "final_output": "The final plan for the trip is as follows:\nDay 1: Key West to Houston\n- Accommodation: Key West ( $500 )\n- Meals: Mexican (Congrado, $20), American (Blue Heaven, $30)\n- Attractions: Ernest Hemingway Home and Museum ( $14 ), Harry S. Truman Little White House ( $16 )\n- Total cost: $580\n\nDay 2: Houston\n- Accommodation: Entire room in Skye Houston ( $180 )\n- Meals: Italian (Trattoria Mixteca, $25), Chinese (Mala Sichuan, $20)\n- Attractions: Space Center Houston ( $29.); retrying in 12s
[RETRY] selfcheckgpt task=tp_nonsynth_mf3_000004 seed=0 attempt 4/5 failed (failed to obtain JSON after 3 attempts: could not parse JSON from model output:
{
  "final_output": "The final plan for the trip is as follows:\nDay 1: Key West to Houston\n- Accommodation: Key West ( $500 )\n- Meals: Mexican (Congrado, $20), American (Blue Heaven, $30)\n- Attractions: Ernest Hemingway Home and Museum ( $14 ), Harry S. Truman Little White House ( $16 )\n- Total cost: $580\n\nDay 2: Houston\n- Accommodation: Entire room in Skye Houston ( $180 )\n- Meals: Italian (Trattoria Mixteca, $25), Chinese (Mala Sichuan, $20)\n- Attractions: Space Center Houston ( $29.); retrying in 24s
[ERROR] selfcheckgpt failed task=tp_nonsynth_mf3_000004 seed=0: failed to obtain JSON after 3 attempts: could not parse JSON from model output:
{
  "final_output": "The final plan for the trip is as follows:\nDay 1: Key West to Houston\n- Accommodation: Key West ( $500 )\n- Meals: Mexican (Congrado, $20), American (Blue Heaven, $30)\n- Attractions: Ernest Hemingway Home and Museum ( $14 ), Harry S. Truman Little White House ( $16 )\n- Total cost: $580\n\nDay 2: Houston\n- Accommodation: Entire room in Skye Houston ( $180 )\n- Meals: Italian (Trattoria Mixteca, $25), Chinese (Mala Sichuan, $20)\n- Attractions: Space Center Houston ( $29.
[RETRY] selfcheckgpt task=tp_nonsynth_mf3_000005 seed=0 attempt 1/5 failed (failed to obtain JSON after 3 attempts: could not parse JSON from model output:
{
  "final_output": "Here is a concrete 8-day travel plan for 2 people, from March 8th to March 14th, 2022:\n\nDay 1: March 8th, Miami to San Diego\nAccommodation: $302 (two nights at $151/night)\nMeals: Breakfast at Ramona’s Bakery ($12), lunch at Lucha Libre Gourmet Grill ($15), dinner at Anthony's Fish Grotto ($45)\nAttractions: USS Midway Museum ($22), Seaport Village (free)\n\nDay 2: March 9th, San Diego\nAccommodation: $342 (two nights at $171/night)\nMeals: Breakfast at Green Mill ($13), ); retrying in 3s
[RETRY] selfcheckgpt task=tp_nonsynth_mf3_000005 seed=0 attempt 2/5 failed (failed to obtain JSON after 3 attempts: could not parse JSON from model output:
{
  "final_output": "Here is a concrete 8-day travel plan for 2 people, from March 8th to March 14th, 2022:\n\nDay 1: March 8th, Miami to San Diego\nAccommodation: $302 (two nights at $151/night)\nMeals: Breakfast at Ramona’s Bakery ($12), lunch at Lucha Libre Gourmet Grill ($15), dinner at Anthony's Fish Grotto ($45)\nAttractions: USS Midway Museum ($22), Seaport Village (free)\n\nDay 2: March 9th, San Diego\nAccommodation: $342 (two nights at $171/night)\nMeals: Breakfast at Green Mill ($13), ); retrying in 6s
[RETRY] selfcheckgpt task=tp_nonsynth_mf3_000005 seed=0 attempt 3/5 failed (failed to obtain JSON after 3 attempts: could not parse JSON from model output:
{
  "final_output": "Here is a concrete 8-day travel plan for 2 people, from March 8th to March 14th, 2022:\n\nDay 1: March 8th, Miami to San Diego\nAccommodation: $302 (two nights at $151/night)\nMeals: Breakfast at Ramona’s Bakery ($12), lunch at Lucha Libre Gourmet Grill ($15), dinner at Anthony's Fish Grotto ($45)\nAttractions: USS Midway Museum ($22), Seaport Village (free)\n\nDay 2: March 9th, San Diego\nAccommodation: $342 (two nights at $171/night)\nMeals: Breakfast at Green Mill ($13), ); retrying in 12s
[RETRY] selfcheckgpt task=tp_nonsynth_mf3_000005 seed=0 attempt 4/5 failed (failed to obtain JSON after 3 attempts: could not parse JSON from model output:
{
  "final_output": "Here is a concrete 8-day travel plan for 2 people, from March 8th to March 14th, 2022:\n\nDay 1: March 8th, Miami to San Diego\nAccommodation: $302 (two nights at $151/night)\nMeals: Breakfast at Ramona’s Bakery ($12), lunch at Lucha Libre Gourmet Grill ($15), dinner at Anthony's Fish Grotto ($45)\nAttractions: USS Midway Museum ($22), Seaport Village (free)\n\nDay 2: March 9th, San Diego\nAccommodation: $342 (two nights at $171/night)\nMeals: Breakfast at Green Mill ($13), ); retrying in 24s
[ERROR] selfcheckgpt failed task=tp_nonsynth_mf3_000005 seed=0: failed to obtain JSON after 3 attempts: could not parse JSON from model output:
{
  "final_output": "Here is a concrete 8-day travel plan for 2 people, from March 8th to March 14th, 2022:\n\nDay 1: March 8th, Miami to San Diego\nAccommodation: $302 (two nights at $151/night)\nMeals: Breakfast at Ramona’s Bakery ($12), lunch at Lucha Libre Gourmet Grill ($15), dinner at Anthony's Fish Grotto ($45)\nAttractions: USS Midway Museum ($22), Seaport Village (free)\n\nDay 2: March 9th, San Diego\nAccommodation: $342 (two nights at $171/night)\nMeals: Breakfast at Green Mill ($13), 
[RETRY] selfcheckgpt task=tp_nonsynth_mf3_000005 seed=1 attempt 1/5 failed (failed to obtain JSON after 3 attempts: could not parse JSON from model output:
{
  "final_output": "Given the constraints, here is a possible 8-day travel itinerary for 2 people, starting from Miami, visiting 3 different cities in California from March 8th to March 14th, 2022:\n\nDay 1: March 8th\nAccommodation: Hotel in Los Angeles ($200)\nMeals: Breakfast at The Original Pantry Cafe ($15), Lunch at Grand Central Market ($20), Dinner at The Apple Pan ($25)\nAttractions: Griffith Observatory ($0), Walk of Fame ($0)\nTotal cost for the day: $260\n\nDay 2: March 9th\nAccommo); retrying in 3s
[RETRY] selfcheckgpt task=tp_nonsynth_mf3_000005 seed=1 attempt 2/5 failed (failed to obtain JSON after 3 attempts: could not parse JSON from model output:
{
  "final_output": "Given the constraints, here is a possible 8-day travel itinerary for 2 people, starting from Miami, visiting 3 different cities in California from March 8th to March 14th, 2022:\n\nDay 1: March 8th\nAccommodation: Hotel in Los Angeles ($200)\nMeals: Breakfast at The Original Pantry Cafe ($15), Lunch at Grand Central Market ($20), Dinner at The Apple Pan ($25)\nAttractions: Griffith Observatory ($0), Walk of Fame ($0)\nTotal cost for the day: $260\n\nDay 2: March 9th\nAccommo); retrying in 6s
[RETRY] selfcheckgpt task=tp_nonsynth_mf3_000005 seed=1 attempt 3/5 failed (failed to obtain JSON after 3 attempts: could not parse JSON from model output:
{
  "final_output": "Given the constraints, here is a possible 8-day travel itinerary for 2 people, starting from Miami, visiting 3 different cities in California from March 8th to March 14th, 2022:\n\nDay 1: March 8th\nAccommodation: Hotel in Los Angeles ($200)\nMeals: Breakfast at The Original Pantry Cafe ($15), Lunch at Grand Central Market ($20), Dinner at The Apple Pan ($25)\nAttractions: Griffith Observatory ($0), Walk of Fame ($0)\nTotal cost for the day: $260\n\nDay 2: March 9th\nAccommo); retrying in 12s
[RETRY] selfcheckgpt task=tp_nonsynth_mf3_000005 seed=1 attempt 4/5 failed (failed to obtain JSON after 3 attempts: could not parse JSON from model output:
{
  "final_output": "Given the constraints, here is a possible 8-day travel itinerary for 2 people, starting from Miami, visiting 3 different cities in California from March 8th to March 14th, 2022:\n\nDay 1: March 8th\nAccommodation: Hotel in Los Angeles ($200)\nMeals: Breakfast at The Original Pantry Cafe ($15), Lunch at Grand Central Market ($20), Dinner at The Apple Pan ($25)\nAttractions: Griffith Observatory ($0), Walk of Fame ($0)\nTotal cost for the day: $260\n\nDay 2: March 9th\nAccommo); retrying in 24s
[ERROR] selfcheckgpt failed task=tp_nonsynth_mf3_000005 seed=1: failed to obtain JSON after 3 attempts: could not parse JSON from model output:
{
  "final_output": "Given the constraints, here is a possible 8-day travel itinerary for 2 people, starting from Miami, visiting 3 different cities in California from March 8th to March 14th, 2022:\n\nDay 1: March 8th\nAccommodation: Hotel in Los Angeles ($200)\nMeals: Breakfast at The Original Pantry Cafe ($15), Lunch at Grand Central Market ($20), Dinner at The Apple Pan ($25)\nAttractions: Griffith Observatory ($0), Walk of Fame ($0)\nTotal cost for the day: $260\n\nDay 2: March 9th\nAccommo
[RETRY] selfcheckgpt task=tp_nonsynth_mf3_000005 seed=2 attempt 1/5 failed (failed to obtain JSON after 3 attempts: could not parse JSON from model output:
{
  "final_output": "Day 1 (March 8th, 2022): Miami to San Diego, Flights $240, Accommodation Hotel ($120), Meals at Mi Casa ($30), La Bodega ($50), visit San Diego Museum of Art $15 -> Total cost: $355\nDay 2: San Diego, Accommodation Hotel ($120), Visit Balboa Park $15, meal Cantina ($25), Museo ($40) -> Total cost: $240\nDay 3 (March 10th, 2022): San Diego to Los Angeles, Flights $200, Visit USS Midway Museum ($15), Accommodation Hotel ($120), meal The Artisan ($35), Cafe Place ($30) -> Total); retrying in 3s
[RETRY] selfcheckgpt task=tp_nonsynth_mf3_000005 seed=2 attempt 2/5 failed (failed to obtain JSON after 3 attempts: could not parse JSON from model output:
{
  "final_output": "Day 1 (March 8th, 2022): Miami to San Diego, Flights $240, Accommodation Hotel ($120), Meals at Mi Casa ($30), La Bodega ($50), visit San Diego Museum of Art $15 -> Total cost: $355\nDay 2: San Diego, Accommodation Hotel ($120), Visit Balboa Park $15, meal Cantina ($25), Museo ($40) -> Total cost: $240\nDay 3 (March 10th, 2022): San Diego to Los Angeles, Flights $200, Visit USS Midway Museum ($15), Accommodation Hotel ($120), meal The Artisan ($35), Cafe Place ($30) -> Total); retrying in 6s
[RETRY] selfcheckgpt task=tp_nonsynth_mf3_000005 seed=2 attempt 3/5 failed (failed to obtain JSON after 3 attempts: could not parse JSON from model output:
{
  "final_output": "Day 1 (March 8th, 2022): Miami to San Diego, Flights $240, Accommodation Hotel ($120), Meals at Mi Casa ($30), La Bodega ($50), visit San Diego Museum of Art $15 -> Total cost: $355\nDay 2: San Diego, Accommodation Hotel ($120), Visit Balboa Park $15, meal Cantina ($25), Museo ($40) -> Total cost: $240\nDay 3 (March 10th, 2022): San Diego to Los Angeles, Flights $200, Visit USS Midway Museum ($15), Accommodation Hotel ($120), meal The Artisan ($35), Cafe Place ($30) -> Total); retrying in 12s
[RETRY] selfcheckgpt task=tp_nonsynth_mf3_000005 seed=2 attempt 4/5 failed (failed to obtain JSON after 3 attempts: could not parse JSON from model output:
{
  "final_output": "Day 1 (March 8th, 2022): Miami to San Diego, Flights $240, Accommodation Hotel ($120), Meals at Mi Casa ($30), La Bodega ($50), visit San Diego Museum of Art $15 -> Total cost: $355\nDay 2: San Diego, Accommodation Hotel ($120), Visit Balboa Park $15, meal Cantina ($25), Museo ($40) -> Total cost: $240\nDay 3 (March 10th, 2022): San Diego to Los Angeles, Flights $200, Visit USS Midway Museum ($15), Accommodation Hotel ($120), meal The Artisan ($35), Cafe Place ($30) -> Total); retrying in 24s
[ERROR] selfcheckgpt failed task=tp_nonsynth_mf3_000005 seed=2: failed to obtain JSON after 3 attempts: could not parse JSON from model output:
{
  "final_output": "Day 1 (March 8th, 2022): Miami to San Diego, Flights $240, Accommodation Hotel ($120), Meals at Mi Casa ($30), La Bodega ($50), visit San Diego Museum of Art $15 -> Total cost: $355\nDay 2: San Diego, Accommodation Hotel ($120), Visit Balboa Park $15, meal Cantina ($25), Museo ($40) -> Total cost: $240\nDay 3 (March 10th, 2022): San Diego to Los Angeles, Flights $200, Visit USS Midway Museum ($15), Accommodation Hotel ($120), meal The Artisan ($35), Cafe Place ($30) -> Total
[RETRY] selfcheckgpt task=tp_nonsynth_mf3_000006 seed=0 attempt 1/5 failed (failed to obtain JSON after 3 attempts: could not parse JSON from model output:
{
  "final_output": {
    "day1": {
      "date": "March 8th, 2022",
      "accommodation": "Wyndham New Orleans French Quarter",
      "meal": "Breakfast at Cafe du Monde, Lunch at Dooky Chase's Restaurant, Dinner at Coop's Place",
      "attractions": "New Orleans Museum of Art, Audubon Aquarium",
      "cost": 4759.11
    },
    "day2": {
      "date": "March 9th, 2022",
      "accommodation": "Astor Crowne Plaza New Orleans French Quarter",
      "meal": "Breakfast at Parkway Bakery and Tave); retrying in 3s
[RETRY] selfcheckgpt task=tp_nonsynth_mf3_000006 seed=0 attempt 2/5 failed (failed to obtain JSON after 3 attempts: could not parse JSON from model output:
{
  "final_output": {
    "day1": {
      "date": "March 8th, 2022",
      "accommodation": "Wyndham New Orleans French Quarter",
      "meal": "Breakfast at Cafe du Monde, Lunch at Dooky Chase's Restaurant, Dinner at Coop's Place",
      "attractions": "New Orleans Museum of Art, Audubon Aquarium",
      "cost": 4759.11
    },
    "day2": {
      "date": "March 9th, 2022",
      "accommodation": "Astor Crowne Plaza New Orleans French Quarter",
      "meal": "Breakfast at Parkway Bakery and Tave); retrying in 6s
[RETRY] selfcheckgpt task=tp_nonsynth_mf3_000006 seed=0 attempt 3/5 failed (failed to obtain JSON after 3 attempts: could not parse JSON from model output:
{
  "final_output": {
    "day1": {
      "date": "March 8th, 2022",
      "accommodation": "Wyndham New Orleans French Quarter",
      "meal": "Breakfast at Cafe du Monde, Lunch at Dooky Chase's Restaurant, Dinner at Coop's Place",
      "attractions": "New Orleans Museum of Art, Audubon Aquarium",
      "cost": 4759.11
    },
    "day2": {
      "date": "March 9th, 2022",
      "accommodation": "Astor Crowne Plaza New Orleans French Quarter",
      "meal": "Breakfast at Parkway Bakery and Tave); retrying in 12s
[RETRY] selfcheckgpt task=tp_nonsynth_mf3_000006 seed=0 attempt 4/5 failed (failed to obtain JSON after 3 attempts: could not parse JSON from model output:
{
  "final_output": {
    "day1": {
      "date": "March 8th, 2022",
      "accommodation": "Wyndham New Orleans French Quarter",
      "meal": "Breakfast at Cafe du Monde, Lunch at Dooky Chase's Restaurant, Dinner at Coop's Place",
      "attractions": "New Orleans Museum of Art, Audubon Aquarium",
      "cost": 4759.11
    },
    "day2": {
      "date": "March 9th, 2022",
      "accommodation": "Astor Crowne Plaza New Orleans French Quarter",
      "meal": "Breakfast at Parkway Bakery and Tave); retrying in 24s
[ERROR] selfcheckgpt failed task=tp_nonsynth_mf3_000006 seed=0: failed to obtain JSON after 3 attempts: could not parse JSON from model output:
{
  "final_output": {
    "day1": {
      "date": "March 8th, 2022",
      "accommodation": "Wyndham New Orleans French Quarter",
      "meal": "Breakfast at Cafe du Monde, Lunch at Dooky Chase's Restaurant, Dinner at Coop's Place",
      "attractions": "New Orleans Museum of Art, Audubon Aquarium",
      "cost": 4759.11
    },
    "day2": {
      "date": "March 9th, 2022",
      "accommodation": "Astor Crowne Plaza New Orleans French Quarter",
      "meal": "Breakfast at Parkway Bakery and Tave
Building 60 native-multi-fault (N=3) travelplanner examples (bench_seed=42, allowed_levels=['medium', 'hard'])...
Built 60 examples. level distribution={'hard': 37, 'medium': 23}, seeds=[0, 1, 2], model=llama-3.1-8b, arms=['direct', 'self_refine', 'full_regen', 'react', 'selfcheckgpt', 'reflexion', 'intro_specter']
  N=3 tp_nonsynth_mf3_000004 seed=0 arm=direct level=hard: per_fault={'budget': True, 'days': True, 'cuisine': False} all_resolved=False n_resolved=2/3 tokens=(1591,1036)
  N=3 tp_nonsynth_mf3_000004 seed=0 arm=self_refine level=hard: per_fault={'budget': True, 'days': True, 'cuisine': False} all_resolved=False n_resolved=2/3 tokens=(4332,2524)
  N=3 tp_nonsynth_mf3_000004 seed=0 arm=full_regen level=hard: per_fault={'budget': True, 'days': True, 'cuisine': False} all_resolved=False n_resolved=2/3 tokens=(3182,1928)
  N=3 tp_nonsynth_mf3_000004 seed=0 arm=react level=hard: per_fault={'budget': True, 'days': True, 'cuisine': False} all_resolved=False n_resolved=2/3 tokens=(3219,2299)
  N=3 tp_nonsynth_mf3_000004 seed=0 arm=reflexion level=hard: per_fault={'budget': True, 'days': True, 'cuisine': False} all_resolved=False n_resolved=2/3 tokens=(13704,3358)
  N=3 tp_nonsynth_mf3_000004 seed=0 arm=intro_specter level=hard: per_fault={'budget': True, 'days': True, 'cuisine': False} all_resolved=False n_resolved=2/3 tokens=(4450,1418)
  N=3 tp_nonsynth_mf3_000004 seed=1 arm=direct level=hard: per_fault={'budget': True, 'days': True, 'cuisine': False} all_resolved=False n_resolved=2/3 tokens=(1591,1036)
  N=3 tp_nonsynth_mf3_000004 seed=1 arm=self_refine level=hard: per_fault={'budget': True, 'days': True, 'cuisine': False} all_resolved=False n_resolved=2/3 tokens=(4332,2524)
  N=3 tp_nonsynth_mf3_000004 seed=1 arm=full_regen level=hard: per_fault={'budget': True, 'days': True, 'cuisine': False} all_resolved=False n_resolved=2/3 tokens=(3166,2033)
  N=3 tp_nonsynth_mf3_000004 seed=1 arm=react level=hard: per_fault={'budget': True, 'days': True, 'cuisine': False} all_resolved=False n_resolved=2/3 tokens=(3219,2299)
  N=3 tp_nonsynth_mf3_000004 seed=1 arm=selfcheckgpt level=hard: per_fault={'budget': True, 'days': True, 'cuisine': False} all_resolved=False n_resolved=2/3 tokens=(12785,3060)
  N=3 tp_nonsynth_mf3_000004 seed=1 arm=reflexion level=hard: per_fault={'budget': True, 'days': True, 'cuisine': False} all_resolved=False n_resolved=2/3 tokens=(13704,3358)
  N=3 tp_nonsynth_mf3_000004 seed=1 arm=intro_specter level=hard: per_fault={'budget': True, 'days': True, 'cuisine': False} all_resolved=False n_resolved=2/3 tokens=(4450,1418)
  N=3 tp_nonsynth_mf3_000004 seed=2 arm=direct level=hard: per_fault={'budget': True, 'days': True, 'cuisine': False} all_resolved=False n_resolved=2/3 tokens=(1591,1036)
  N=3 tp_nonsynth_mf3_000004 seed=2 arm=self_refine level=hard: per_fault={'budget': True, 'days': True, 'cuisine': False} all_resolved=False n_resolved=2/3 tokens=(4316,2320)
  N=3 tp_nonsynth_mf3_000004 seed=2 arm=full_regen level=hard: per_fault={'budget': False, 'days': True, 'cuisine': False} all_resolved=False n_resolved=1/3 tokens=(3146,2377)
  N=3 tp_nonsynth_mf3_000004 seed=2 arm=react level=hard: per_fault={'budget': True, 'days': True, 'cuisine': True} all_resolved=True n_resolved=3/3 tokens=(3199,2125)
  N=3 tp_nonsynth_mf3_000004 seed=2 arm=selfcheckgpt level=hard: per_fault={'budget': True, 'days': True, 'cuisine': False} all_resolved=False n_resolved=2/3 tokens=(12164,2356)
  N=3 tp_nonsynth_mf3_000004 seed=2 arm=reflexion level=hard: per_fault={'budget': True, 'days': True, 'cuisine': True} all_resolved=True n_resolved=3/3 tokens=(13980,3680)
  N=3 tp_nonsynth_mf3_000004 seed=2 arm=intro_specter level=hard: per_fault={'budget': True, 'days': True, 'cuisine': False} all_resolved=False n_resolved=2/3 tokens=(4450,1418)
  N=3 tp_nonsynth_mf3_000005 seed=0 arm=direct level=medium: per_fault={'budget': True, 'days': True, 'cuisine': False} all_resolved=False n_resolved=2/3 tokens=(1393,893)
  N=3 tp_nonsynth_mf3_000005 seed=0 arm=self_refine level=medium: per_fault={'budget': False, 'days': True, 'cuisine': False} all_resolved=False n_resolved=1/3 tokens=(3771,2025)
  N=3 tp_nonsynth_mf3_000005 seed=0 arm=full_regen level=medium: per_fault={'budget': True, 'days': True, 'cuisine': False} all_resolved=False n_resolved=2/3 tokens=(2766,1922)
  N=3 tp_nonsynth_mf3_000005 seed=0 arm=react level=medium: per_fault={'budget': True, 'days': True, 'cuisine': False} all_resolved=False n_resolved=2/3 tokens=(2855,2588)
  N=3 tp_nonsynth_mf3_000005 seed=0 arm=reflexion level=medium: per_fault={'budget': True, 'days': True, 'cuisine': False} all_resolved=False n_resolved=2/3 tokens=(12729,3744)
  N=3 tp_nonsynth_mf3_000005 seed=0 arm=intro_specter level=medium: per_fault={'budget': False, 'days': False, 'cuisine': False} all_resolved=False n_resolved=0/3 tokens=(3905,1364)
  N=3 tp_nonsynth_mf3_000005 seed=1 arm=direct level=medium: per_fault={'budget': True, 'days': True, 'cuisine': False} all_resolved=False n_resolved=2/3 tokens=(1393,893)
  N=3 tp_nonsynth_mf3_000005 seed=1 arm=self_refine level=medium: per_fault={'budget': False, 'days': True, 'cuisine': False} all_resolved=False n_resolved=1/3 tokens=(3771,2025)
  N=3 tp_nonsynth_mf3_000005 seed=1 arm=full_regen level=medium: per_fault={'budget': False, 'days': True, 'cuisine': False} all_resolved=False n_resolved=1/3 tokens=(2786,2508)
  N=3 tp_nonsynth_mf3_000005 seed=1 arm=react level=medium: per_fault={'budget': True, 'days': True, 'cuisine': False} all_resolved=False n_resolved=2/3 tokens=(2855,2588)
  N=3 tp_nonsynth_mf3_000005 seed=1 arm=reflexion level=medium: per_fault={'budget': True, 'days': True, 'cuisine': False} all_resolved=False n_resolved=2/3 tokens=(12729,3744)
  N=3 tp_nonsynth_mf3_000005 seed=1 arm=intro_specter level=medium: per_fault={'budget': False, 'days': False, 'cuisine': False} all_resolved=False n_resolved=0/3 tokens=(3905,1364)
  N=3 tp_nonsynth_mf3_000005 seed=2 arm=direct level=medium: per_fault={'budget': True, 'days': True, 'cuisine': False} all_resolved=False n_resolved=2/3 tokens=(1393,1037)
  N=3 tp_nonsynth_mf3_000005 seed=2 arm=self_refine level=medium: per_fault={'budget': False, 'days': True, 'cuisine': False} all_resolved=False n_resolved=1/3 tokens=(4083,2441)
  N=3 tp_nonsynth_mf3_000005 seed=2 arm=full_regen level=medium: per_fault={'budget': True, 'days': True, 'cuisine': False} all_resolved=False n_resolved=2/3 tokens=(2766,2738)
  N=3 tp_nonsynth_mf3_000005 seed=2 arm=react level=medium: per_fault={'budget': False, 'days': False, 'cuisine': False} all_resolved=False n_resolved=0/3 tokens=(2819,1724)
  N=3 tp_nonsynth_mf3_000005 seed=2 arm=reflexion level=medium: per_fault={'budget': True, 'days': True, 'cuisine': False} all_resolved=False n_resolved=2/3 tokens=(13715,4796)
  N=3 tp_nonsynth_mf3_000005 seed=2 arm=intro_specter level=medium: per_fault={'budget': True, 'days': True, 'cuisine': False} all_resolved=False n_resolved=2/3 tokens=(4217,2376)
  N=3 tp_nonsynth_mf3_000006 seed=0 arm=direct level=hard: per_fault={'budget': False, 'days': True, 'house_rule': True} all_resolved=False n_resolved=2/3 tokens=(1621,2755)
  N=3 tp_nonsynth_mf3_000006 seed=0 arm=self_refine level=hard: per_fault={'budget': False, 'days': True, 'house_rule': True} all_resolved=False n_resolved=2/3 tokens=(6677,6343)
  N=3 tp_nonsynth_mf3_000006 seed=0 arm=full_regen level=hard: per_fault={'budget': False, 'days': True, 'house_rule': True} all_resolved=False n_resolved=2/3 tokens=(3242,5609)
  N=3 tp_nonsynth_mf3_000006 seed=0 arm=react level=hard: per_fault={'budget': False, 'days': True, 'house_rule': False} all_resolved=False n_resolved=1/3 tokens=(3295,4455)
  N=3 tp_nonsynth_mf3_000006 seed=0 arm=reflexion level=hard: per_fault={'budget': False, 'days': True, 'house_rule': True} all_resolved=False n_resolved=2/3 tokens=(29040,13426)
  N=3 tp_nonsynth_mf3_000006 seed=0 arm=intro_specter level=hard: per_fault={'budget': False, 'days': True, 'house_rule': True} all_resolved=False n_resolved=2/3 tokens=(6851,6092)
[RETRY] selfcheckgpt task=tp_nonsynth_mf3_000006 seed=2 attempt 1/5 failed (failed to obtain JSON after 3 attempts: could not parse JSON from model output:
{
  "final_output": "Here is a concrete 9-day plan for the two of you: Day 1: Accommodations: Entire room at hotel in New Orleans, Meals: Breakfast at Cafe du Monde, Lunch at Commander's Palace, Dinner at Dooky Chase's Restaurant. Attractions: Visit Audubon Aquarium, Audubon Zoo, Jackson Square. Cost: $1430. Day 2: Accommodations: Entire room at hotel in New Orleans, Meals: Breakfast at Cafe Maspero, Lunch at Willie's BBQ, Dinner at Cozin'. Attractions: Visit National WWII Museum, The Cabildo, S); retrying in 3s
[RETRY] selfcheckgpt task=tp_nonsynth_mf3_000006 seed=2 attempt 2/5 failed (failed to obtain JSON after 3 attempts: could not parse JSON from model output:
{
  "final_output": "Here is a concrete 9-day plan for the two of you: Day 1: Accommodations: Entire room at hotel in New Orleans, Meals: Breakfast at Cafe du Monde, Lunch at Commander's Palace, Dinner at Dooky Chase's Restaurant. Attractions: Visit Audubon Aquarium, Audubon Zoo, Jackson Square. Cost: $1430. Day 2: Accommodations: Entire room at hotel in New Orleans, Meals: Breakfast at Cafe Maspero, Lunch at Willie's BBQ, Dinner at Cozin'. Attractions: Visit National WWII Museum, The Cabildo, S); retrying in 6s
[RETRY] selfcheckgpt task=tp_nonsynth_mf3_000006 seed=2 attempt 3/5 failed (failed to obtain JSON after 3 attempts: could not parse JSON from model output:
{
  "final_output": "Here is a concrete 9-day plan for the two of you: Day 1: Accommodations: Entire room at hotel in New Orleans, Meals: Breakfast at Cafe du Monde, Lunch at Commander's Palace, Dinner at Dooky Chase's Restaurant. Attractions: Visit Audubon Aquarium, Audubon Zoo, Jackson Square. Cost: $1430. Day 2: Accommodations: Entire room at hotel in New Orleans, Meals: Breakfast at Cafe Maspero, Lunch at Willie's BBQ, Dinner at Cozin'. Attractions: Visit National WWII Museum, The Cabildo, S); retrying in 12s
[RETRY] selfcheckgpt task=tp_nonsynth_mf3_000006 seed=2 attempt 4/5 failed (failed to obtain JSON after 3 attempts: could not parse JSON from model output:
{
  "final_output": "Here is a concrete 9-day plan for the two of you: Day 1: Accommodations: Entire room at hotel in New Orleans, Meals: Breakfast at Cafe du Monde, Lunch at Commander's Palace, Dinner at Dooky Chase's Restaurant. Attractions: Visit Audubon Aquarium, Audubon Zoo, Jackson Square. Cost: $1430. Day 2: Accommodations: Entire room at hotel in New Orleans, Meals: Breakfast at Cafe Maspero, Lunch at Willie's BBQ, Dinner at Cozin'. Attractions: Visit National WWII Museum, The Cabildo, S); retrying in 24s
[ERROR] selfcheckgpt failed task=tp_nonsynth_mf3_000006 seed=2: failed to obtain JSON after 3 attempts: could not parse JSON from model output:
{
  "final_output": "Here is a concrete 9-day plan for the two of you: Day 1: Accommodations: Entire room at hotel in New Orleans, Meals: Breakfast at Cafe du Monde, Lunch at Commander's Palace, Dinner at Dooky Chase's Restaurant. Attractions: Visit Audubon Aquarium, Audubon Zoo, Jackson Square. Cost: $1430. Day 2: Accommodations: Entire room at hotel in New Orleans, Meals: Breakfast at Cafe Maspero, Lunch at Willie's BBQ, Dinner at Cozin'. Attractions: Visit National WWII Museum, The Cabildo, S
  N=3 tp_nonsynth_mf3_000006 seed=1 arm=direct level=hard: per_fault={'budget': False, 'days': True, 'house_rule': True} all_resolved=False n_resolved=2/3 tokens=(1621,2755)
  N=3 tp_nonsynth_mf3_000006 seed=1 arm=self_refine level=hard: per_fault={'budget': False, 'days': True, 'house_rule': True} all_resolved=False n_resolved=2/3 tokens=(6677,6343)
  N=3 tp_nonsynth_mf3_000006 seed=1 arm=full_regen level=hard: per_fault={'budget': False, 'days': True, 'house_rule': True} all_resolved=False n_resolved=2/3 tokens=(3242,4349)
  N=3 tp_nonsynth_mf3_000006 seed=1 arm=react level=hard: per_fault={'budget': False, 'days': True, 'house_rule': False} all_resolved=False n_resolved=1/3 tokens=(3295,4455)
  N=3 tp_nonsynth_mf3_000006 seed=1 arm=selfcheckgpt level=hard: per_fault={'budget': False, 'days': True, 'house_rule': True} all_resolved=False n_resolved=2/3 tokens=(21010,4828)
  N=3 tp_nonsynth_mf3_000006 seed=1 arm=reflexion level=hard: per_fault={'budget': False, 'days': True, 'house_rule': True} all_resolved=False n_resolved=2/3 tokens=(29040,13426)
  N=3 tp_nonsynth_mf3_000006 seed=1 arm=intro_specter level=hard: per_fault={'budget': False, 'days': True, 'house_rule': True} all_resolved=False n_resolved=2/3 tokens=(6851,6092)
  N=3 tp_nonsynth_mf3_000006 seed=2 arm=direct level=hard: per_fault={'budget': False, 'days': True, 'house_rule': True} all_resolved=False n_resolved=2/3 tokens=(1621,2755)
  N=3 tp_nonsynth_mf3_000006 seed=2 arm=self_refine level=hard: per_fault={'budget': False, 'days': True, 'house_rule': True} all_resolved=False n_resolved=2/3 tokens=(6713,4242)
  N=3 tp_nonsynth_mf3_000006 seed=2 arm=full_regen level=hard: per_fault={'budget': True, 'days': True, 'house_rule': True} all_resolved=True n_resolved=3/3 tokens=(3278,3873)
  N=3 tp_nonsynth_mf3_000006 seed=2 arm=react level=hard: per_fault={'budget': True, 'days': True, 'house_rule': True} all_resolved=True n_resolved=3/3 tokens=(3295,4209)
  N=3 tp_nonsynth_mf3_000006 seed=2 arm=reflexion level=hard: per_fault={'budget': True, 'days': True, 'house_rule': True} all_resolved=True n_resolved=3/3 tokens=(25541,9870)
  N=3 tp_nonsynth_mf3_000006 seed=2 arm=intro_specter level=hard: per_fault={'budget': False, 'days': True, 'house_rule': True} all_resolved=False n_resolved=2/3 tokens=(6851,6092)
  N=3 tp_nonsynth_mf3_000011 seed=0 arm=direct level=hard: per_fault={'budget': True, 'days': True, 'cuisine': False} all_resolved=False n_resolved=2/3 tokens=(1599,708)
  N=3 tp_nonsynth_mf3_000011 seed=0 arm=self_refine level=hard: per_fault={'budget': True, 'days': True, 'cuisine': False} all_resolved=False n_resolved=2/3 tokens=(3977,2034)
  N=3 tp_nonsynth_mf3_000011 seed=0 arm=full_regen level=hard: per_fault={'budget': True, 'days': True, 'cuisine': False} all_resolved=False n_resolved=2/3 tokens=(3218,1428)
  N=3 tp_nonsynth_mf3_000011 seed=0 arm=react level=hard: per_fault={'budget': False, 'days': True, 'cuisine': False} all_resolved=False n_resolved=1/3 tokens=(3271,3291)
  N=3 tp_nonsynth_mf3_000011 seed=0 arm=selfcheckgpt level=hard: per_fault={'budget': True, 'days': True, 'cuisine': False} all_resolved=False n_resolved=2/3 tokens=(11981,1838)
  N=3 tp_nonsynth_mf3_000011 seed=0 arm=reflexion level=hard: per_fault={'budget': True, 'days': True, 'cuisine': False} all_resolved=False n_resolved=2/3 tokens=(13063,3294)
  N=3 tp_nonsynth_mf3_000011 seed=0 arm=intro_specter level=hard: per_fault={'budget': False, 'days': False, 'cuisine': False} all_resolved=False n_resolved=0/3 tokens=(4151,1284)
  N=3 tp_nonsynth_mf3_000011 seed=1 arm=direct level=hard: per_fault={'budget': True, 'days': True, 'cuisine': False} all_resolved=False n_resolved=2/3 tokens=(1599,708)
  N=3 tp_nonsynth_mf3_000011 seed=1 arm=self_refine level=hard: per_fault={'budget': True, 'days': True, 'cuisine': False} all_resolved=False n_resolved=2/3 tokens=(3977,2034)
  N=3 tp_nonsynth_mf3_000011 seed=1 arm=full_regen level=hard: per_fault={'budget': False, 'days': True, 'cuisine': False} all_resolved=False n_resolved=1/3 tokens=(3198,1772)
  N=3 tp_nonsynth_mf3_000011 seed=1 arm=react level=hard: per_fault={'budget': False, 'days': True, 'cuisine': False} all_resolved=False n_resolved=1/3 tokens=(3271,3291)
  N=3 tp_nonsynth_mf3_000011 seed=1 arm=selfcheckgpt level=hard: per_fault={'budget': True, 'days': True, 'cuisine': False} all_resolved=False n_resolved=2/3 tokens=(12624,2513)
  N=3 tp_nonsynth_mf3_000011 seed=1 arm=reflexion level=hard: per_fault={'budget': True, 'days': True, 'cuisine': False} all_resolved=False n_resolved=2/3 tokens=(13063,3294)
  N=3 tp_nonsynth_mf3_000011 seed=1 arm=intro_specter level=hard: per_fault={'budget': False, 'days': False, 'cuisine': False} all_resolved=False n_resolved=0/3 tokens=(4151,1284)
  N=3 tp_nonsynth_mf3_000011 seed=2 arm=direct level=hard: per_fault={'budget': False, 'days': True, 'cuisine': False} all_resolved=False n_resolved=1/3 tokens=(1619,949)
  N=3 tp_nonsynth_mf3_000011 seed=2 arm=self_refine level=hard: per_fault={'budget': False, 'days': True, 'cuisine': False} all_resolved=False n_resolved=1/3 tokens=(4300,2254)
  N=3 tp_nonsynth_mf3_000011 seed=2 arm=full_regen level=hard: per_fault={'budget': True, 'days': True, 'cuisine': False} all_resolved=False n_resolved=2/3 tokens=(3218,1785)
  N=3 tp_nonsynth_mf3_000011 seed=2 arm=react level=hard: per_fault={'budget': False, 'days': False, 'cuisine': False} all_resolved=False n_resolved=0/3 tokens=(3271,1577)
  N=3 tp_nonsynth_mf3_000011 seed=2 arm=selfcheckgpt level=hard: per_fault={'budget': False, 'days': True, 'cuisine': False} all_resolved=False n_resolved=1/3 tokens=(17974,3070)
  N=3 tp_nonsynth_mf3_000011 seed=2 arm=reflexion level=hard: per_fault={'budget': False, 'days': True, 'cuisine': False} all_resolved=False n_resolved=1/3 tokens=(13830,3371)
  N=3 tp_nonsynth_mf3_000011 seed=2 arm=intro_specter level=hard: per_fault={'budget': False, 'days': True, 'cuisine': False} all_resolved=False n_resolved=1/3 tokens=(4434,1630)
  N=3 tp_nonsynth_mf3_000013 seed=0 arm=direct level=hard: per_fault={'budget': True, 'days': True, 'cuisine': False} all_resolved=False n_resolved=2/3 tokens=(1483,978)
  N=3 tp_nonsynth_mf3_000013 seed=0 arm=self_refine level=hard: per_fault={'budget': True, 'days': True, 'cuisine': False} all_resolved=False n_resolved=2/3 tokens=(4078,2437)
  N=3 tp_nonsynth_mf3_000013 seed=0 arm=full_regen level=hard: per_fault={'budget': False, 'days': True, 'cuisine': False} all_resolved=False n_resolved=1/3 tokens=(2966,1691)
  N=3 tp_nonsynth_mf3_000013 seed=0 arm=react level=hard: per_fault={'budget': True, 'days': True, 'cuisine': False} all_resolved=False n_resolved=2/3 tokens=(3035,2356)
  N=3 tp_nonsynth_mf3_000013 seed=0 arm=selfcheckgpt level=hard: per_fault={'budget': True, 'days': True, 'cuisine': False} all_resolved=False n_resolved=2/3 tokens=(11907,2943)
  N=3 tp_nonsynth_mf3_000013 seed=0 arm=reflexion level=hard: per_fault={'budget': True, 'days': True, 'cuisine': False} all_resolved=False n_resolved=2/3 tokens=(13325,3517)
  N=3 tp_nonsynth_mf3_000013 seed=0 arm=intro_specter level=hard: per_fault={'budget': True, 'days': True, 'cuisine': False} all_resolved=False n_resolved=2/3 tokens=(4232,1374)
  N=3 tp_nonsynth_mf3_000013 seed=1 arm=direct level=hard: per_fault={'budget': True, 'days': True, 'cuisine': False} all_resolved=False n_resolved=2/3 tokens=(1483,978)
  N=3 tp_nonsynth_mf3_000013 seed=1 arm=self_refine level=hard: per_fault={'budget': True, 'days': True, 'cuisine': False} all_resolved=False n_resolved=2/3 tokens=(4078,2437)
  N=3 tp_nonsynth_mf3_000013 seed=1 arm=full_regen level=hard: per_fault={'budget': False, 'days': True, 'cuisine': True} all_resolved=False n_resolved=2/3 tokens=(2966,1973)
  N=3 tp_nonsynth_mf3_000013 seed=1 arm=react level=hard: per_fault={'budget': True, 'days': True, 'cuisine': False} all_resolved=False n_resolved=2/3 tokens=(3035,2356)
  N=3 tp_nonsynth_mf3_000013 seed=1 arm=selfcheckgpt level=hard: per_fault={'budget': True, 'days': True, 'cuisine': False} all_resolved=False n_resolved=2/3 tokens=(12186,3261)
[RETRY] selfcheckgpt task=tp_nonsynth_mf3_000016 seed=2 attempt 1/5 failed (failed to obtain JSON after 3 attempts: could not parse JSON from model output:
{"final_output": "Day 1: March 27th\nAccommodation: Stay at Hampton Inn Amarillo West (Cost: $150)\nMeals: Lunch at Sweetwater Grill restaurant (Cost: $20), Dinner at Stubbs BBQ restaurant (Cost: $25)\nAttractions: Visit to the Cadillac Ranch (Free)\ncia \n\nDay 2: March 28th\nAccommodation: Stay at Country Inn & Suites by Radisson (Cost: $120)\nMeals: Breakfast at Ramada by Wyoming Inn (Cost: $15), Lunch at Monkey Bars (Cost: $15), Dinner at Satchmo's restaurant (Cost: $25)\nAttractions: Visit ); retrying in 3s
[RETRY] selfcheckgpt task=tp_nonsynth_mf3_000016 seed=2 attempt 2/5 failed (failed to obtain JSON after 3 attempts: could not parse JSON from model output:
{"final_output": "Day 1: March 27th\nAccommodation: Stay at Hampton Inn Amarillo West (Cost: $150)\nMeals: Lunch at Sweetwater Grill restaurant (Cost: $20), Dinner at Stubbs BBQ restaurant (Cost: $25)\nAttractions: Visit to the Cadillac Ranch (Free)\ncia \n\nDay 2: March 28th\nAccommodation: Stay at Country Inn & Suites by Radisson (Cost: $120)\nMeals: Breakfast at Ramada by Wyoming Inn (Cost: $15), Lunch at Monkey Bars (Cost: $15), Dinner at Satchmo's restaurant (Cost: $25)\nAttractions: Visit ); retrying in 6s
[RETRY] selfcheckgpt task=tp_nonsynth_mf3_000016 seed=2 attempt 3/5 failed (failed to obtain JSON after 3 attempts: could not parse JSON from model output:
{"final_output": "Day 1: March 27th\nAccommodation: Stay at Hampton Inn Amarillo West (Cost: $150)\nMeals: Lunch at Sweetwater Grill restaurant (Cost: $20), Dinner at Stubbs BBQ restaurant (Cost: $25)\nAttractions: Visit to the Cadillac Ranch (Free)\ncia \n\nDay 2: March 28th\nAccommodation: Stay at Country Inn & Suites by Radisson (Cost: $120)\nMeals: Breakfast at Ramada by Wyoming Inn (Cost: $15), Lunch at Monkey Bars (Cost: $15), Dinner at Satchmo's restaurant (Cost: $25)\nAttractions: Visit ); retrying in 12s
[RETRY] selfcheckgpt task=tp_nonsynth_mf3_000016 seed=2 attempt 4/5 failed (failed to obtain JSON after 3 attempts: could not parse JSON from model output:
{"final_output": "Day 1: March 27th\nAccommodation: Stay at Hampton Inn Amarillo West (Cost: $150)\nMeals: Lunch at Sweetwater Grill restaurant (Cost: $20), Dinner at Stubbs BBQ restaurant (Cost: $25)\nAttractions: Visit to the Cadillac Ranch (Free)\ncia \n\nDay 2: March 28th\nAccommodation: Stay at Country Inn & Suites by Radisson (Cost: $120)\nMeals: Breakfast at Ramada by Wyoming Inn (Cost: $15), Lunch at Monkey Bars (Cost: $15), Dinner at Satchmo's restaurant (Cost: $25)\nAttractions: Visit ); retrying in 24s
[ERROR] selfcheckgpt failed task=tp_nonsynth_mf3_000016 seed=2: failed to obtain JSON after 3 attempts: could not parse JSON from model output:
{"final_output": "Day 1: March 27th\nAccommodation: Stay at Hampton Inn Amarillo West (Cost: $150)\nMeals: Lunch at Sweetwater Grill restaurant (Cost: $20), Dinner at Stubbs BBQ restaurant (Cost: $25)\nAttractions: Visit to the Cadillac Ranch (Free)\ncia \n\nDay 2: March 28th\nAccommodation: Stay at Country Inn & Suites by Radisson (Cost: $120)\nMeals: Breakfast at Ramada by Wyoming Inn (Cost: $15), Lunch at Monkey Bars (Cost: $15), Dinner at Satchmo's restaurant (Cost: $25)\nAttractions: Visit 
  N=3 tp_nonsynth_mf3_000013 seed=1 arm=reflexion level=hard: per_fault={'budget': True, 'days': True, 'cuisine': False} all_resolved=False n_resolved=2/3 tokens=(13325,3517)
  N=3 tp_nonsynth_mf3_000013 seed=1 arm=intro_specter level=hard: per_fault={'budget': True, 'days': True, 'cuisine': False} all_resolved=False n_resolved=2/3 tokens=(4232,1374)
  N=3 tp_nonsynth_mf3_000013 seed=2 arm=direct level=hard: per_fault={'budget': False, 'days': True, 'cuisine': False} all_resolved=False n_resolved=1/3 tokens=(1483,878)
  N=3 tp_nonsynth_mf3_000013 seed=2 arm=self_refine level=hard: per_fault={'budget': False, 'days': True, 'cuisine': False} all_resolved=False n_resolved=1/3 tokens=(3958,1984)
  N=3 tp_nonsynth_mf3_000013 seed=2 arm=full_regen level=hard: per_fault={'budget': False, 'days': True, 'cuisine': False} all_resolved=False n_resolved=1/3 tokens=(2966,2338)
  N=3 tp_nonsynth_mf3_000013 seed=2 arm=react level=hard: per_fault={'budget': False, 'days': True, 'cuisine': False} all_resolved=False n_resolved=1/3 tokens=(2999,2096)
  N=3 tp_nonsynth_mf3_000013 seed=2 arm=selfcheckgpt level=hard: per_fault={'budget': False, 'days': True, 'cuisine': False} all_resolved=False n_resolved=1/3 tokens=(20751,3346)
  N=3 tp_nonsynth_mf3_000013 seed=2 arm=reflexion level=hard: per_fault={'budget': True, 'days': True, 'cuisine': False} all_resolved=False n_resolved=2/3 tokens=(12670,3189)
  N=3 tp_nonsynth_mf3_000013 seed=2 arm=intro_specter level=hard: per_fault={'budget': False, 'days': False, 'cuisine': False} all_resolved=False n_resolved=0/3 tokens=(4112,1363)
  N=3 tp_nonsynth_mf3_000016 seed=0 arm=direct level=medium: per_fault={'budget': False, 'days': True, 'cuisine': False} all_resolved=False n_resolved=1/3 tokens=(1470,949)
  N=3 tp_nonsynth_mf3_000016 seed=0 arm=self_refine level=medium: per_fault={'budget': False, 'days': True, 'cuisine': False} all_resolved=False n_resolved=1/3 tokens=(3960,2126)
  N=3 tp_nonsynth_mf3_000016 seed=0 arm=full_regen level=medium: per_fault={'budget': True, 'days': True, 'cuisine': True} all_resolved=True n_resolved=3/3 tokens=(2976,1780)
  N=3 tp_nonsynth_mf3_000016 seed=0 arm=react level=medium: per_fault={'budget': True, 'days': True, 'cuisine': False} all_resolved=False n_resolved=2/3 tokens=(3013,2678)
  N=3 tp_nonsynth_mf3_000016 seed=0 arm=selfcheckgpt level=medium: per_fault={'budget': False, 'days': True, 'cuisine': False} all_resolved=False n_resolved=1/3 tokens=(12360,3279)
  N=3 tp_nonsynth_mf3_000016 seed=0 arm=reflexion level=medium: per_fault={'budget': False, 'days': True, 'cuisine': False} all_resolved=False n_resolved=1/3 tokens=(12939,3486)
  N=3 tp_nonsynth_mf3_000016 seed=0 arm=intro_specter level=medium: per_fault={'budget': True, 'days': True, 'cuisine': False} all_resolved=False n_resolved=2/3 tokens=(4114,1253)
  N=3 tp_nonsynth_mf3_000016 seed=1 arm=direct level=medium: per_fault={'budget': False, 'days': True, 'cuisine': False} all_resolved=False n_resolved=1/3 tokens=(1470,949)
  N=3 tp_nonsynth_mf3_000016 seed=1 arm=self_refine level=medium: per_fault={'budget': False, 'days': True, 'cuisine': False} all_resolved=False n_resolved=1/3 tokens=(3960,2126)
  N=3 tp_nonsynth_mf3_000016 seed=1 arm=full_regen level=medium: per_fault={'budget': True, 'days': True, 'cuisine': False} all_resolved=False n_resolved=2/3 tokens=(2940,1570)
  N=3 tp_nonsynth_mf3_000016 seed=1 arm=react level=medium: per_fault={'budget': True, 'days': True, 'cuisine': False} all_resolved=False n_resolved=2/3 tokens=(3013,2678)
  N=3 tp_nonsynth_mf3_000016 seed=1 arm=selfcheckgpt level=medium: per_fault={'budget': False, 'days': True, 'cuisine': False} all_resolved=False n_resolved=1/3 tokens=(12050,2922)
  N=3 tp_nonsynth_mf3_000016 seed=1 arm=reflexion level=medium: per_fault={'budget': False, 'days': True, 'cuisine': False} all_resolved=False n_resolved=1/3 tokens=(12939,3486)
  N=3 tp_nonsynth_mf3_000016 seed=1 arm=intro_specter level=medium: per_fault={'budget': True, 'days': True, 'cuisine': False} all_resolved=False n_resolved=2/3 tokens=(4114,1253)
  N=3 tp_nonsynth_mf3_000016 seed=2 arm=direct level=medium: per_fault={'budget': False, 'days': True, 'cuisine': False} all_resolved=False n_resolved=1/3 tokens=(1470,949)
  N=3 tp_nonsynth_mf3_000016 seed=2 arm=self_refine level=medium: per_fault={'budget': False, 'days': True, 'cuisine': False} all_resolved=False n_resolved=1/3 tokens=(3960,2107)
  N=3 tp_nonsynth_mf3_000016 seed=2 arm=full_regen level=medium: per_fault={'budget': False, 'days': True, 'cuisine': False} all_resolved=False n_resolved=1/3 tokens=(2940,3098)
  N=3 tp_nonsynth_mf3_000016 seed=2 arm=react level=medium: per_fault={'budget': True, 'days': True, 'cuisine': False} all_resolved=False n_resolved=2/3 tokens=(3013,2302)
  N=3 tp_nonsynth_mf3_000016 seed=2 arm=reflexion level=medium: per_fault={'budget': False, 'days': True, 'cuisine': False} all_resolved=False n_resolved=1/3 tokens=(12902,3332)
  N=3 tp_nonsynth_mf3_000016 seed=2 arm=intro_specter level=medium: per_fault={'budget': False, 'days': True, 'cuisine': False} all_resolved=False n_resolved=1/3 tokens=(4114,1253)
  N=3 tp_nonsynth_mf3_000017 seed=0 arm=direct level=hard: per_fault={'budget': True, 'days': True, 'house_rule': True} all_resolved=True n_resolved=3/3 tokens=(1488,800)
  N=3 tp_nonsynth_mf3_000017 seed=0 arm=self_refine level=hard: per_fault={'budget': True, 'days': True, 'house_rule': True} all_resolved=True n_resolved=3/3 tokens=(3951,1912)
  N=3 tp_nonsynth_mf3_000017 seed=0 arm=full_regen level=hard: per_fault={'budget': True, 'days': True, 'house_rule': True} all_resolved=True n_resolved=3/3 tokens=(2995,1420)
  N=3 tp_nonsynth_mf3_000017 seed=0 arm=react level=hard: per_fault={'budget': False, 'days': True, 'house_rule': True} all_resolved=False n_resolved=2/3 tokens=(3028,1362)
  N=3 tp_nonsynth_mf3_000017 seed=0 arm=selfcheckgpt level=hard: per_fault={'budget': True, 'days': True, 'house_rule': True} all_resolved=True n_resolved=3/3 tokens=(11385,2115)
  N=3 tp_nonsynth_mf3_000017 seed=0 arm=reflexion level=hard: per_fault={'budget': True, 'days': True, 'house_rule': True} all_resolved=True n_resolved=3/3 tokens=(1488,800)
  N=3 tp_nonsynth_mf3_000017 seed=0 arm=intro_specter level=hard: per_fault={'budget': True, 'days': True, 'house_rule': True} all_resolved=True n_resolved=3/3 tokens=(4141,1924)
  N=3 tp_nonsynth_mf3_000017 seed=1 arm=direct level=hard: per_fault={'budget': True, 'days': True, 'house_rule': True} all_resolved=True n_resolved=3/3 tokens=(1488,800)
  N=3 tp_nonsynth_mf3_000017 seed=1 arm=self_refine level=hard: per_fault={'budget': True, 'days': True, 'house_rule': True} all_resolved=True n_resolved=3/3 tokens=(3951,1912)
  N=3 tp_nonsynth_mf3_000017 seed=1 arm=full_regen level=hard: per_fault={'budget': True, 'days': True, 'house_rule': True} all_resolved=True n_resolved=3/3 tokens=(2995,3422)
  N=3 tp_nonsynth_mf3_000017 seed=1 arm=react level=hard: per_fault={'budget': False, 'days': True, 'house_rule': True} all_resolved=False n_resolved=2/3 tokens=(3028,1362)
  N=3 tp_nonsynth_mf3_000017 seed=1 arm=selfcheckgpt level=hard: per_fault={'budget': True, 'days': True, 'house_rule': True} all_resolved=True n_resolved=3/3 tokens=(11837,2647)
  N=3 tp_nonsynth_mf3_000017 seed=1 arm=reflexion level=hard: per_fault={'budget': True, 'days': True, 'house_rule': True} all_resolved=True n_resolved=3/3 tokens=(1488,800)
  N=3 tp_nonsynth_mf3_000017 seed=1 arm=intro_specter level=hard: per_fault={'budget': True, 'days': True, 'house_rule': True} all_resolved=True n_resolved=3/3 tokens=(4141,1924)
  N=3 tp_nonsynth_mf3_000017 seed=2 arm=direct level=hard: per_fault={'budget': True, 'days': True, 'house_rule': True} all_resolved=True n_resolved=3/3 tokens=(1507,1304)
  N=3 tp_nonsynth_mf3_000017 seed=2 arm=self_refine level=hard: per_fault={'budget': True, 'days': True, 'house_rule': True} all_resolved=True n_resolved=3/3 tokens=(4536,2800)
  N=3 tp_nonsynth_mf3_000017 seed=2 arm=full_regen level=hard: per_fault={'budget': True, 'days': True, 'house_rule': True} all_resolved=True n_resolved=3/3 tokens=(3014,2913)
[RETRY] selfcheckgpt task=tp_nonsynth_mf3_000019 seed=2 attempt 1/5 failed (failed to obtain JSON after 3 attempts: could not parse JSON from model output:
{
  "final_output": {
    "_table": {
      "row": {
        "datetime": {
          "date": {
            "from": "2022-03-19",
            "to": "2022-03-21",
            "total_days": "3"
          },
          "time": {
            "from": "9:00 AM",
            "to": "10:00 PM"
          }
        },
        "budget": "$3800",
        "repository": {
          "attractions_174": {
            "Wichita Art Museum": "Wichita Art Museum 1400 Museum Blvd, Wichita , KS 67203, USA (316) 268-4921 ); retrying in 3s
[RETRY] selfcheckgpt task=tp_nonsynth_mf3_000019 seed=2 attempt 2/5 failed (failed to obtain JSON after 3 attempts: could not parse JSON from model output:
{
  "final_output": {
    "_table": {
      "row": {
        "datetime": {
          "date": {
            "from": "2022-03-19",
            "to": "2022-03-21",
            "total_days": "3"
          },
          "time": {
            "from": "9:00 AM",
            "to": "10:00 PM"
          }
        },
        "budget": "$3800",
        "repository": {
          "attractions_174": {
            "Wichita Art Museum": "Wichita Art Museum 1400 Museum Blvd, Wichita , KS 67203, USA (316) 268-4921 ); retrying in 6s
[RETRY] selfcheckgpt task=tp_nonsynth_mf3_000019 seed=2 attempt 3/5 failed (failed to obtain JSON after 3 attempts: could not parse JSON from model output:
{
  "final_output": {
    "_table": {
      "row": {
        "datetime": {
          "date": {
            "from": "2022-03-19",
            "to": "2022-03-21",
            "total_days": "3"
          },
          "time": {
            "from": "9:00 AM",
            "to": "10:00 PM"
          }
        },
        "budget": "$3800",
        "repository": {
          "attractions_174": {
            "Wichita Art Museum": "Wichita Art Museum 1400 Museum Blvd, Wichita , KS 67203, USA (316) 268-4921 ); retrying in 12s
[RETRY] selfcheckgpt task=tp_nonsynth_mf3_000019 seed=2 attempt 4/5 failed (failed to obtain JSON after 3 attempts: could not parse JSON from model output:
{
  "final_output": {
    "_table": {
      "row": {
        "datetime": {
          "date": {
            "from": "2022-03-19",
            "to": "2022-03-21",
            "total_days": "3"
          },
          "time": {
            "from": "9:00 AM",
            "to": "10:00 PM"
          }
        },
        "budget": "$3800",
        "repository": {
          "attractions_174": {
            "Wichita Art Museum": "Wichita Art Museum 1400 Museum Blvd, Wichita , KS 67203, USA (316) 268-4921 ); retrying in 24s
[ERROR] selfcheckgpt failed task=tp_nonsynth_mf3_000019 seed=2: failed to obtain JSON after 3 attempts: could not parse JSON from model output:
{
  "final_output": {
    "_table": {
      "row": {
        "datetime": {
          "date": {
            "from": "2022-03-19",
            "to": "2022-03-21",
            "total_days": "3"
          },
          "time": {
            "from": "9:00 AM",
            "to": "10:00 PM"
          }
        },
        "budget": "$3800",
        "repository": {
          "attractions_174": {
            "Wichita Art Museum": "Wichita Art Museum 1400 Museum Blvd, Wichita , KS 67203, USA (316) 268-4921 
  N=3 tp_nonsynth_mf3_000017 seed=2 arm=react level=hard: per_fault={'budget': True, 'days': False, 'house_rule': True} all_resolved=False n_resolved=2/3 tokens=(3083,2289)
  N=3 tp_nonsynth_mf3_000017 seed=2 arm=selfcheckgpt level=hard: per_fault={'budget': True, 'days': True, 'house_rule': True} all_resolved=True n_resolved=3/3 tokens=(11684,2809)
  N=3 tp_nonsynth_mf3_000017 seed=2 arm=reflexion level=hard: per_fault={'budget': True, 'days': True, 'house_rule': True} all_resolved=True n_resolved=3/3 tokens=(1507,1304)
  N=3 tp_nonsynth_mf3_000017 seed=2 arm=intro_specter level=hard: per_fault={'budget': True, 'days': True, 'house_rule': True} all_resolved=True n_resolved=3/3 tokens=(4670,2174)
  N=3 tp_nonsynth_mf3_000018 seed=0 arm=direct level=hard: per_fault={'budget': True, 'days': True, 'cuisine': False} all_resolved=False n_resolved=2/3 tokens=(1545,1034)
  N=3 tp_nonsynth_mf3_000018 seed=0 arm=self_refine level=hard: per_fault={'budget': True, 'days': True, 'cuisine': False} all_resolved=False n_resolved=2/3 tokens=(4195,2334)
  N=3 tp_nonsynth_mf3_000018 seed=0 arm=full_regen level=hard: per_fault={'budget': False, 'days': True, 'cuisine': False} all_resolved=False n_resolved=1/3 tokens=(3110,2015)
  N=3 tp_nonsynth_mf3_000018 seed=0 arm=react level=hard: per_fault={'budget': True, 'days': True, 'cuisine': False} all_resolved=False n_resolved=2/3 tokens=(3143,2392)
  N=3 tp_nonsynth_mf3_000018 seed=0 arm=selfcheckgpt level=hard: per_fault={'budget': True, 'days': True, 'cuisine': False} all_resolved=False n_resolved=2/3 tokens=(12927,3061)
  N=3 tp_nonsynth_mf3_000018 seed=0 arm=reflexion level=hard: per_fault={'budget': True, 'days': True, 'cuisine': False} all_resolved=False n_resolved=2/3 tokens=(13579,4549)
  N=3 tp_nonsynth_mf3_000018 seed=0 arm=intro_specter level=hard: per_fault={'budget': True, 'days': True, 'cuisine': False} all_resolved=False n_resolved=2/3 tokens=(4349,1566)
  N=3 tp_nonsynth_mf3_000018 seed=1 arm=direct level=hard: per_fault={'budget': True, 'days': True, 'cuisine': False} all_resolved=False n_resolved=2/3 tokens=(1545,1034)
  N=3 tp_nonsynth_mf3_000018 seed=1 arm=self_refine level=hard: per_fault={'budget': True, 'days': True, 'cuisine': False} all_resolved=False n_resolved=2/3 tokens=(4195,2334)
  N=3 tp_nonsynth_mf3_000018 seed=1 arm=full_regen level=hard: per_fault={'budget': True, 'days': True, 'cuisine': False} all_resolved=False n_resolved=2/3 tokens=(3110,2021)
  N=3 tp_nonsynth_mf3_000018 seed=1 arm=react level=hard: per_fault={'budget': True, 'days': True, 'cuisine': False} all_resolved=False n_resolved=2/3 tokens=(3143,2392)
  N=3 tp_nonsynth_mf3_000018 seed=1 arm=selfcheckgpt level=hard: per_fault={'budget': True, 'days': True, 'cuisine': False} all_resolved=False n_resolved=2/3 tokens=(13009,3280)
  N=3 tp_nonsynth_mf3_000018 seed=1 arm=reflexion level=hard: per_fault={'budget': True, 'days': True, 'cuisine': False} all_resolved=False n_resolved=2/3 tokens=(13579,4549)
  N=3 tp_nonsynth_mf3_000018 seed=1 arm=intro_specter level=hard: per_fault={'budget': True, 'days': True, 'cuisine': False} all_resolved=False n_resolved=2/3 tokens=(4349,1566)
  N=3 tp_nonsynth_mf3_000018 seed=2 arm=direct level=hard: per_fault={'budget': True, 'days': True, 'cuisine': False} all_resolved=False n_resolved=2/3 tokens=(1545,1034)
  N=3 tp_nonsynth_mf3_000018 seed=2 arm=self_refine level=hard: per_fault={'budget': True, 'days': True, 'cuisine': False} all_resolved=False n_resolved=2/3 tokens=(4195,2334)
  N=3 tp_nonsynth_mf3_000018 seed=2 arm=full_regen level=hard: per_fault={'budget': False, 'days': True, 'cuisine': False} all_resolved=False n_resolved=1/3 tokens=(3090,2357)
  N=3 tp_nonsynth_mf3_000018 seed=2 arm=react level=hard: per_fault={'budget': True, 'days': True, 'cuisine': False} all_resolved=False n_resolved=2/3 tokens=(3163,2473)
  N=3 tp_nonsynth_mf3_000018 seed=2 arm=selfcheckgpt level=hard: per_fault={'budget': True, 'days': True, 'cuisine': False} all_resolved=False n_resolved=2/3 tokens=(13043,3346)
  N=3 tp_nonsynth_mf3_000018 seed=2 arm=reflexion level=hard: per_fault={'budget': True, 'days': True, 'cuisine': True} all_resolved=True n_resolved=3/3 tokens=(13612,5123)
  N=3 tp_nonsynth_mf3_000018 seed=2 arm=intro_specter level=hard: per_fault={'budget': True, 'days': True, 'cuisine': False} all_resolved=False n_resolved=2/3 tokens=(4349,1566)
  N=3 tp_nonsynth_mf3_000019 seed=0 arm=direct level=medium: per_fault={'budget': True, 'days': True, 'house_rule': True} all_resolved=True n_resolved=3/3 tokens=(1467,981)
  N=3 tp_nonsynth_mf3_000019 seed=0 arm=self_refine level=medium: per_fault={'budget': True, 'days': True, 'house_rule': True} all_resolved=True n_resolved=3/3 tokens=(4065,2340)
  N=3 tp_nonsynth_mf3_000019 seed=0 arm=full_regen level=medium: per_fault={'budget': False, 'days': True, 'house_rule': True} all_resolved=False n_resolved=2/3 tokens=(2914,2207)
  N=3 tp_nonsynth_mf3_000019 seed=0 arm=react level=medium: per_fault={'budget': False, 'days': True, 'house_rule': True} all_resolved=False n_resolved=2/3 tokens=(2987,2575)
  N=3 tp_nonsynth_mf3_000019 seed=0 arm=selfcheckgpt level=medium: per_fault={'budget': True, 'days': True, 'house_rule': True} all_resolved=True n_resolved=3/3 tokens=(11442,2600)
  N=3 tp_nonsynth_mf3_000019 seed=0 arm=reflexion level=medium: per_fault={'budget': True, 'days': True, 'house_rule': True} all_resolved=True n_resolved=3/3 tokens=(1467,981)
  N=3 tp_nonsynth_mf3_000019 seed=0 arm=intro_specter level=medium: per_fault={'budget': True, 'days': True, 'house_rule': True} all_resolved=True n_resolved=3/3 tokens=(4203,2106)
  N=3 tp_nonsynth_mf3_000019 seed=1 arm=direct level=medium: per_fault={'budget': True, 'days': True, 'house_rule': True} all_resolved=True n_resolved=3/3 tokens=(1467,981)
  N=3 tp_nonsynth_mf3_000019 seed=1 arm=self_refine level=medium: per_fault={'budget': True, 'days': True, 'house_rule': True} all_resolved=True n_resolved=3/3 tokens=(4065,2340)
  N=3 tp_nonsynth_mf3_000019 seed=1 arm=full_regen level=medium: per_fault={'budget': False, 'days': True, 'house_rule': True} all_resolved=False n_resolved=2/3 tokens=(2914,2134)
  N=3 tp_nonsynth_mf3_000019 seed=1 arm=react level=medium: per_fault={'budget': False, 'days': True, 'house_rule': True} all_resolved=False n_resolved=2/3 tokens=(2987,2575)
  N=3 tp_nonsynth_mf3_000019 seed=1 arm=selfcheckgpt level=medium: per_fault={'budget': True, 'days': True, 'house_rule': True} all_resolved=True n_resolved=3/3 tokens=(11361,2792)
  N=3 tp_nonsynth_mf3_000019 seed=1 arm=reflexion level=medium: per_fault={'budget': True, 'days': True, 'house_rule': True} all_resolved=True n_resolved=3/3 tokens=(1467,981)
  N=3 tp_nonsynth_mf3_000019 seed=1 arm=intro_specter level=medium: per_fault={'budget': True, 'days': True, 'house_rule': True} all_resolved=True n_resolved=3/3 tokens=(4203,2106)
  N=3 tp_nonsynth_mf3_000019 seed=2 arm=direct level=medium: per_fault={'budget': False, 'days': False, 'house_rule': True} all_resolved=False n_resolved=1/3 tokens=(1447,655)
  N=3 tp_nonsynth_mf3_000019 seed=2 arm=self_refine level=medium: per_fault={'budget': True, 'days': True, 'house_rule': True} all_resolved=True n_resolved=3/3 tokens=(3829,1947)
  N=3 tp_nonsynth_mf3_000019 seed=2 arm=full_regen level=medium: per_fault={'budget': True, 'days': True, 'house_rule': True} all_resolved=True n_resolved=3/3 tokens=(2914,1415)
  N=3 tp_nonsynth_mf3_000019 seed=2 arm=react level=medium: per_fault={'budget': True, 'days': True, 'house_rule': True} all_resolved=True n_resolved=3/3 tokens=(2947,1491)
  N=3 tp_nonsynth_mf3_000019 seed=2 arm=reflexion level=medium: per_fault={'budget': True, 'days': False, 'house_rule': True} all_resolved=False n_resolved=2/3 tokens=(12200,2745)
  N=3 tp_nonsynth_mf3_000019 seed=2 arm=intro_specter level=medium: per_fault={'budget': True, 'days': True, 'house_rule': True} all_resolved=True n_resolved=3/3 tokens=(3983,1269)
  N=3 tp_nonsynth_mf3_000020 seed=0 arm=direct level=medium: per_fault={'budget': True, 'days': True, 'house_rule': True} all_resolved=True n_resolved=3/3 tokens=(1401,1645)
[RETRY] selfcheckgpt task=tp_nonsynth_mf3_000020 seed=0 attempt 1/5 failed (failed to obtain JSON after 3 attempts: could not parse JSON from model output:
{
  "final_output": "Day 1: Minneapolis to Abilene, Texas\nAccommodation: Hotel with children's play area\nMeals: Breakfast at The Breakfast Club, Lunch at Abilene's Best Burgers, Dinner at The Steakhouse\nAttractions: Frontier Texas!, The Grace Museum\nCost: $150\n\nDay 2: Abilene, Texas\nAccommodation: Hotel with children's play area\nMeals: Breakfast at The Breakfast Club, Lunch at Abilene's Best Burgers, Dinner at The Steakhouse\nAttractions: Abilene Zoo, Everman Park\nCost: $150\n\nDay 3: A); retrying in 3s
[RETRY] selfcheckgpt task=tp_nonsynth_mf3_000020 seed=0 attempt 2/5 failed (failed to obtain JSON after 3 attempts: could not parse JSON from model output:
{
  "final_output": "Day 1: Minneapolis to Abilene, Texas\nAccommodation: Hotel with children's play area\nMeals: Breakfast at The Breakfast Club, Lunch at Abilene's Best Burgers, Dinner at The Steakhouse\nAttractions: Frontier Texas!, The Grace Museum\nCost: $150\n\nDay 2: Abilene, Texas\nAccommodation: Hotel with children's play area\nMeals: Breakfast at The Breakfast Club, Lunch at Abilene's Best Burgers, Dinner at The Steakhouse\nAttractions: Abilene Zoo, Everman Park\nCost: $150\n\nDay 3: A); retrying in 6s
[RETRY] selfcheckgpt task=tp_nonsynth_mf3_000020 seed=0 attempt 3/5 failed (failed to obtain JSON after 3 attempts: could not parse JSON from model output:
{
  "final_output": "Day 1: Minneapolis to Abilene, Texas\nAccommodation: Hotel with children's play area\nMeals: Breakfast at The Breakfast Club, Lunch at Abilene's Best Burgers, Dinner at The Steakhouse\nAttractions: Frontier Texas!, The Grace Museum\nCost: $150\n\nDay 2: Abilene, Texas\nAccommodation: Hotel with children's play area\nMeals: Breakfast at The Breakfast Club, Lunch at Abilene's Best Burgers, Dinner at The Steakhouse\nAttractions: Abilene Zoo, Everman Park\nCost: $150\n\nDay 3: A); retrying in 12s
[RETRY] selfcheckgpt task=tp_nonsynth_mf3_000020 seed=0 attempt 4/5 failed (failed to obtain JSON after 3 attempts: could not parse JSON from model output:
{
  "final_output": "Day 1: Minneapolis to Abilene, Texas\nAccommodation: Hotel with children's play area\nMeals: Breakfast at The Breakfast Club, Lunch at Abilene's Best Burgers, Dinner at The Steakhouse\nAttractions: Frontier Texas!, The Grace Museum\nCost: $150\n\nDay 2: Abilene, Texas\nAccommodation: Hotel with children's play area\nMeals: Breakfast at The Breakfast Club, Lunch at Abilene's Best Burgers, Dinner at The Steakhouse\nAttractions: Abilene Zoo, Everman Park\nCost: $150\n\nDay 3: A); retrying in 24s
[ERROR] selfcheckgpt failed task=tp_nonsynth_mf3_000020 seed=0: failed to obtain JSON after 3 attempts: could not parse JSON from model output:
{
  "final_output": "Day 1: Minneapolis to Abilene, Texas\nAccommodation: Hotel with children's play area\nMeals: Breakfast at The Breakfast Club, Lunch at Abilene's Best Burgers, Dinner at The Steakhouse\nAttractions: Frontier Texas!, The Grace Museum\nCost: $150\n\nDay 2: Abilene, Texas\nAccommodation: Hotel with children's play area\nMeals: Breakfast at The Breakfast Club, Lunch at Abilene's Best Burgers, Dinner at The Steakhouse\nAttractions: Abilene Zoo, Everman Park\nCost: $150\n\nDay 3: A
[RETRY] selfcheckgpt task=tp_nonsynth_mf3_000020 seed=1 attempt 1/5 failed (failed to obtain JSON after 3 attempts: could not parse JSON from model output:
{
  "final_output": "Here is a 10-day travel plan for two people, beginning in Minneapolis and continuing to three different cities in Texas from March 22 to March 28, 2022:\nDay 1: Minneapolis to Abilene (23rd) - Accommodation: Hampton Inn Abilene; Meals: Breakfast at The Bread Board, Lunch at Et152 West, Dinner at Mod Pizza; Attractions: The Grace Museum, Frontier Texas!\nDay 2: Abilene (24th) - Accommodation: Hampton Inn Abilene; Meals: Breakfast at LA Cocina, Lunch at Jack's Burger, Dinner a); retrying in 3s
[RETRY] selfcheckgpt task=tp_nonsynth_mf3_000020 seed=1 attempt 2/5 failed (failed to obtain JSON after 3 attempts: could not parse JSON from model output:
{
  "final_output": "Here is a 10-day travel plan for two people, beginning in Minneapolis and continuing to three different cities in Texas from March 22 to March 28, 2022:\nDay 1: Minneapolis to Abilene (23rd) - Accommodation: Hampton Inn Abilene; Meals: Breakfast at The Bread Board, Lunch at Et152 West, Dinner at Mod Pizza; Attractions: The Grace Museum, Frontier Texas!\nDay 2: Abilene (24th) - Accommodation: Hampton Inn Abilene; Meals: Breakfast at LA Cocina, Lunch at Jack's Burger, Dinner a); retrying in 6s
[RETRY] selfcheckgpt task=tp_nonsynth_mf3_000020 seed=1 attempt 3/5 failed (failed to obtain JSON after 3 attempts: could not parse JSON from model output:
{
  "final_output": "Here is a 10-day travel plan for two people, beginning in Minneapolis and continuing to three different cities in Texas from March 22 to March 28, 2022:\nDay 1: Minneapolis to Abilene (23rd) - Accommodation: Hampton Inn Abilene; Meals: Breakfast at The Bread Board, Lunch at Et152 West, Dinner at Mod Pizza; Attractions: The Grace Museum, Frontier Texas!\nDay 2: Abilene (24th) - Accommodation: Hampton Inn Abilene; Meals: Breakfast at LA Cocina, Lunch at Jack's Burger, Dinner a); retrying in 12s
[RETRY] selfcheckgpt task=tp_nonsynth_mf3_000020 seed=1 attempt 4/5 failed (failed to obtain JSON after 3 attempts: could not parse JSON from model output:
{
  "final_output": "Here is a 10-day travel plan for two people, beginning in Minneapolis and continuing to three different cities in Texas from March 22 to March 28, 2022:\nDay 1: Minneapolis to Abilene (23rd) - Accommodation: Hampton Inn Abilene; Meals: Breakfast at The Bread Board, Lunch at Et152 West, Dinner at Mod Pizza; Attractions: The Grace Museum, Frontier Texas!\nDay 2: Abilene (24th) - Accommodation: Hampton Inn Abilene; Meals: Breakfast at LA Cocina, Lunch at Jack's Burger, Dinner a); retrying in 24s
[ERROR] selfcheckgpt failed task=tp_nonsynth_mf3_000020 seed=1: failed to obtain JSON after 3 attempts: could not parse JSON from model output:
{
  "final_output": "Here is a 10-day travel plan for two people, beginning in Minneapolis and continuing to three different cities in Texas from March 22 to March 28, 2022:\nDay 1: Minneapolis to Abilene (23rd) - Accommodation: Hampton Inn Abilene; Meals: Breakfast at The Bread Board, Lunch at Et152 West, Dinner at Mod Pizza; Attractions: The Grace Museum, Frontier Texas!\nDay 2: Abilene (24th) - Accommodation: Hampton Inn Abilene; Meals: Breakfast at LA Cocina, Lunch at Jack's Burger, Dinner a
[RETRY] selfcheckgpt task=tp_nonsynth_mf3_000020 seed=2 attempt 1/5 failed (failed to obtain JSON after 3 attempts: could not parse JSON from model output:
{
  "final_output": "Here is a 10-day travel plan for two people, beginning in Minneapolis and continuing to three different cities in Texas from March 22 to March 28, 2022.\n\nDay 1: March 22, 2022\nAccommodation: Hotel Abilene, $120\nMeals: Dinner at The Grace Museum ( kids' menu available), $30\nAttractions: The Grace Museum, $12\nTotal cost: $162\n\nDay 2: March 23, 2022\nAccommodation: Hotel Frontier, $150\nMeals: Breakfast at Frontier Texas! (kids' menu available), $20\nAttractions: Fronti); retrying in 3s
[RETRY] selfcheckgpt task=tp_nonsynth_mf3_000020 seed=2 attempt 2/5 failed (failed to obtain JSON after 3 attempts: could not parse JSON from model output:
{
  "final_output": "Here is a 10-day travel plan for two people, beginning in Minneapolis and continuing to three different cities in Texas from March 22 to March 28, 2022.\n\nDay 1: March 22, 2022\nAccommodation: Hotel Abilene, $120\nMeals: Dinner at The Grace Museum ( kids' menu available), $30\nAttractions: The Grace Museum, $12\nTotal cost: $162\n\nDay 2: March 23, 2022\nAccommodation: Hotel Frontier, $150\nMeals: Breakfast at Frontier Texas! (kids' menu available), $20\nAttractions: Fronti); retrying in 6s
[RETRY] selfcheckgpt task=tp_nonsynth_mf3_000020 seed=2 attempt 3/5 failed (failed to obtain JSON after 3 attempts: could not parse JSON from model output:
{
  "final_output": "Here is a 10-day travel plan for two people, beginning in Minneapolis and continuing to three different cities in Texas from March 22 to March 28, 2022.\n\nDay 1: March 22, 2022\nAccommodation: Hotel Abilene, $120\nMeals: Dinner at The Grace Museum ( kids' menu available), $30\nAttractions: The Grace Museum, $12\nTotal cost: $162\n\nDay 2: March 23, 2022\nAccommodation: Hotel Frontier, $150\nMeals: Breakfast at Frontier Texas! (kids' menu available), $20\nAttractions: Fronti); retrying in 12s
[RETRY] selfcheckgpt task=tp_nonsynth_mf3_000020 seed=2 attempt 4/5 failed (failed to obtain JSON after 3 attempts: could not parse JSON from model output:
{
  "final_output": "Here is a 10-day travel plan for two people, beginning in Minneapolis and continuing to three different cities in Texas from March 22 to March 28, 2022.\n\nDay 1: March 22, 2022\nAccommodation: Hotel Abilene, $120\nMeals: Dinner at The Grace Museum ( kids' menu available), $30\nAttractions: The Grace Museum, $12\nTotal cost: $162\n\nDay 2: March 23, 2022\nAccommodation: Hotel Frontier, $150\nMeals: Breakfast at Frontier Texas! (kids' menu available), $20\nAttractions: Fronti); retrying in 24s
[ERROR] selfcheckgpt failed task=tp_nonsynth_mf3_000020 seed=2: failed to obtain JSON after 3 attempts: could not parse JSON from model output:
{
  "final_output": "Here is a 10-day travel plan for two people, beginning in Minneapolis and continuing to three different cities in Texas from March 22 to March 28, 2022.\n\nDay 1: March 22, 2022\nAccommodation: Hotel Abilene, $120\nMeals: Dinner at The Grace Museum ( kids' menu available), $30\nAttractions: The Grace Museum, $12\nTotal cost: $162\n\nDay 2: March 23, 2022\nAccommodation: Hotel Frontier, $150\nMeals: Breakfast at Frontier Texas! (kids' menu available), $20\nAttractions: Fronti
[RETRY] selfcheckgpt task=tp_nonsynth_mf3_000027 seed=0 attempt 1/5 failed (failed to obtain JSON after 3 attempts: could not parse JSON from model output:
{
  "final_output": "Congrats, the provided day-by-day plan fits all constraints:\nDay 1:\nAccommodation: High-Times-75-50 ($110), Breakfast at BD's Mongolian Grill ($12), Lunch at Giovanni's Restaurant ($15), Dinner at Nicholas Conservatory & Gardens ($35), Attractions: Burpee Museum of Natural History ($14), Midway Village Museum ($17), Discovery Center Museum ($14), Tinker Swiss Cottage Museum and Gardens ($13), Anderson Japanese Gardens ($20), Cost: $169\n\nDay 2:\nAccommodation: BnBmode ($1); retrying in 3s
[RETRY] selfcheckgpt task=tp_nonsynth_mf3_000027 seed=0 attempt 2/5 failed (failed to obtain JSON after 3 attempts: could not parse JSON from model output:
{
  "final_output": "Congrats, the provided day-by-day plan fits all constraints:\nDay 1:\nAccommodation: High-Times-75-50 ($110), Breakfast at BD's Mongolian Grill ($12), Lunch at Giovanni's Restaurant ($15), Dinner at Nicholas Conservatory & Gardens ($35), Attractions: Burpee Museum of Natural History ($14), Midway Village Museum ($17), Discovery Center Museum ($14), Tinker Swiss Cottage Museum and Gardens ($13), Anderson Japanese Gardens ($20), Cost: $169\n\nDay 2:\nAccommodation: BnBmode ($1); retrying in 6s
[RETRY] selfcheckgpt task=tp_nonsynth_mf3_000027 seed=0 attempt 3/5 failed (failed to obtain JSON after 3 attempts: could not parse JSON from model output:
{
  "final_output": "Congrats, the provided day-by-day plan fits all constraints:\nDay 1:\nAccommodation: High-Times-75-50 ($110), Breakfast at BD's Mongolian Grill ($12), Lunch at Giovanni's Restaurant ($15), Dinner at Nicholas Conservatory & Gardens ($35), Attractions: Burpee Museum of Natural History ($14), Midway Village Museum ($17), Discovery Center Museum ($14), Tinker Swiss Cottage Museum and Gardens ($13), Anderson Japanese Gardens ($20), Cost: $169\n\nDay 2:\nAccommodation: BnBmode ($1); retrying in 12s
[RETRY] selfcheckgpt task=tp_nonsynth_mf3_000027 seed=0 attempt 4/5 failed (failed to obtain JSON after 3 attempts: could not parse JSON from model output:
{
  "final_output": "Congrats, the provided day-by-day plan fits all constraints:\nDay 1:\nAccommodation: High-Times-75-50 ($110), Breakfast at BD's Mongolian Grill ($12), Lunch at Giovanni's Restaurant ($15), Dinner at Nicholas Conservatory & Gardens ($35), Attractions: Burpee Museum of Natural History ($14), Midway Village Museum ($17), Discovery Center Museum ($14), Tinker Swiss Cottage Museum and Gardens ($13), Anderson Japanese Gardens ($20), Cost: $169\n\nDay 2:\nAccommodation: BnBmode ($1); retrying in 24s
[ERROR] selfcheckgpt failed task=tp_nonsynth_mf3_000027 seed=0: failed to obtain JSON after 3 attempts: could not parse JSON from model output:
{
  "final_output": "Congrats, the provided day-by-day plan fits all constraints:\nDay 1:\nAccommodation: High-Times-75-50 ($110), Breakfast at BD's Mongolian Grill ($12), Lunch at Giovanni's Restaurant ($15), Dinner at Nicholas Conservatory & Gardens ($35), Attractions: Burpee Museum of Natural History ($14), Midway Village Museum ($17), Discovery Center Museum ($14), Tinker Swiss Cottage Museum and Gardens ($13), Anderson Japanese Gardens ($20), Cost: $169\n\nDay 2:\nAccommodation: BnBmode ($1
  N=3 tp_nonsynth_mf3_000020 seed=0 arm=self_refine level=medium: per_fault={'budget': True, 'days': True, 'house_rule': True} all_resolved=True n_resolved=3/3 tokens=(4518,3551)
  N=3 tp_nonsynth_mf3_000020 seed=0 arm=full_regen level=medium: per_fault={'budget': False, 'days': True, 'house_rule': False} all_resolved=False n_resolved=1/3 tokens=(2838,2864)
  N=3 tp_nonsynth_mf3_000020 seed=0 arm=react level=medium: per_fault={'budget': True, 'days': True, 'house_rule': True} all_resolved=True n_resolved=3/3 tokens=(2855,3735)
  N=3 tp_nonsynth_mf3_000020 seed=0 arm=reflexion level=medium: per_fault={'budget': True, 'days': True, 'house_rule': True} all_resolved=True n_resolved=3/3 tokens=(1401,1645)
  N=3 tp_nonsynth_mf3_000020 seed=0 arm=intro_specter level=medium: per_fault={'budget': True, 'days': True, 'house_rule': True} all_resolved=True n_resolved=3/3 tokens=(4692,2124)
  N=3 tp_nonsynth_mf3_000020 seed=1 arm=direct level=medium: per_fault={'budget': True, 'days': True, 'house_rule': True} all_resolved=True n_resolved=3/3 tokens=(1401,1645)
  N=3 tp_nonsynth_mf3_000020 seed=1 arm=self_refine level=medium: per_fault={'budget': True, 'days': True, 'house_rule': True} all_resolved=True n_resolved=3/3 tokens=(4518,3551)
  N=3 tp_nonsynth_mf3_000020 seed=1 arm=full_regen level=medium: per_fault={'budget': True, 'days': True, 'house_rule': True} all_resolved=True n_resolved=3/3 tokens=(2822,2878)
  N=3 tp_nonsynth_mf3_000020 seed=1 arm=react level=medium: per_fault={'budget': True, 'days': True, 'house_rule': True} all_resolved=True n_resolved=3/3 tokens=(2855,3735)
  N=3 tp_nonsynth_mf3_000020 seed=1 arm=reflexion level=medium: per_fault={'budget': True, 'days': True, 'house_rule': True} all_resolved=True n_resolved=3/3 tokens=(1401,1645)
  N=3 tp_nonsynth_mf3_000020 seed=1 arm=intro_specter level=medium: per_fault={'budget': True, 'days': True, 'house_rule': True} all_resolved=True n_resolved=3/3 tokens=(4692,2124)
  N=3 tp_nonsynth_mf3_000020 seed=2 arm=direct level=medium: per_fault={'budget': True, 'days': True, 'house_rule': True} all_resolved=True n_resolved=3/3 tokens=(1401,1645)
  N=3 tp_nonsynth_mf3_000020 seed=2 arm=self_refine level=medium: per_fault={'budget': True, 'days': True, 'house_rule': True} all_resolved=True n_resolved=3/3 tokens=(4538,3192)
  N=3 tp_nonsynth_mf3_000020 seed=2 arm=full_regen level=medium: per_fault={'budget': False, 'days': True, 'house_rule': True} all_resolved=False n_resolved=2/3 tokens=(2838,2823)
  N=3 tp_nonsynth_mf3_000020 seed=2 arm=react level=medium: per_fault={'budget': True, 'days': True, 'house_rule': True} all_resolved=True n_resolved=3/3 tokens=(2855,3735)
  N=3 tp_nonsynth_mf3_000020 seed=2 arm=reflexion level=medium: per_fault={'budget': True, 'days': True, 'house_rule': True} all_resolved=True n_resolved=3/3 tokens=(1401,1645)
  N=3 tp_nonsynth_mf3_000020 seed=2 arm=intro_specter level=medium: per_fault={'budget': True, 'days': True, 'house_rule': True} all_resolved=True n_resolved=3/3 tokens=(4692,2124)
  N=3 tp_nonsynth_mf3_000024 seed=0 arm=direct level=medium: per_fault={'budget': True, 'days': True, 'room_type': True} all_resolved=True n_resolved=3/3 tokens=(1311,730)
  N=3 tp_nonsynth_mf3_000024 seed=0 arm=self_refine level=medium: per_fault={'budget': True, 'days': True, 'room_type': True} all_resolved=True n_resolved=3/3 tokens=(3444,1680)
  N=3 tp_nonsynth_mf3_000024 seed=0 arm=full_regen level=medium: per_fault={'budget': True, 'days': True, 'room_type': True} all_resolved=True n_resolved=3/3 tokens=(2622,2854)
  N=3 tp_nonsynth_mf3_000024 seed=0 arm=react level=medium: per_fault={'budget': True, 'days': True, 'room_type': True} all_resolved=True n_resolved=3/3 tokens=(2691,1966)
  N=3 tp_nonsynth_mf3_000024 seed=0 arm=selfcheckgpt level=medium: per_fault={'budget': True, 'days': True, 'room_type': True} all_resolved=True n_resolved=3/3 tokens=(16593,2747)
  N=3 tp_nonsynth_mf3_000024 seed=0 arm=reflexion level=medium: per_fault={'budget': True, 'days': True, 'room_type': True} all_resolved=True n_resolved=3/3 tokens=(1311,730)
  N=3 tp_nonsynth_mf3_000024 seed=0 arm=intro_specter level=medium: per_fault={'budget': True, 'days': True, 'room_type': True} all_resolved=True n_resolved=3/3 tokens=(3578,1103)
  N=3 tp_nonsynth_mf3_000024 seed=1 arm=direct level=medium: per_fault={'budget': True, 'days': True, 'room_type': True} all_resolved=True n_resolved=3/3 tokens=(1311,730)
  N=3 tp_nonsynth_mf3_000024 seed=1 arm=self_refine level=medium: per_fault={'budget': True, 'days': True, 'room_type': True} all_resolved=True n_resolved=3/3 tokens=(3444,1680)
  N=3 tp_nonsynth_mf3_000024 seed=1 arm=full_regen level=medium: per_fault={'budget': True, 'days': True, 'room_type': False} all_resolved=False n_resolved=2/3 tokens=(2602,1399)
  N=3 tp_nonsynth_mf3_000024 seed=1 arm=react level=medium: per_fault={'budget': True, 'days': True, 'room_type': True} all_resolved=True n_resolved=3/3 tokens=(2691,1966)
  N=3 tp_nonsynth_mf3_000024 seed=1 arm=selfcheckgpt level=medium: per_fault={'budget': True, 'days': True, 'room_type': True} all_resolved=True n_resolved=3/3 tokens=(17155,2896)
  N=3 tp_nonsynth_mf3_000024 seed=1 arm=reflexion level=medium: per_fault={'budget': True, 'days': True, 'room_type': True} all_resolved=True n_resolved=3/3 tokens=(1311,730)
  N=3 tp_nonsynth_mf3_000024 seed=1 arm=intro_specter level=medium: per_fault={'budget': True, 'days': True, 'room_type': True} all_resolved=True n_resolved=3/3 tokens=(3578,1103)
  N=3 tp_nonsynth_mf3_000024 seed=2 arm=direct level=medium: per_fault={'budget': True, 'days': True, 'room_type': True} all_resolved=True n_resolved=3/3 tokens=(1291,781)
  N=3 tp_nonsynth_mf3_000024 seed=2 arm=self_refine level=medium: per_fault={'budget': True, 'days': True, 'room_type': False} all_resolved=False n_resolved=2/3 tokens=(3434,1781)
  N=3 tp_nonsynth_mf3_000024 seed=2 arm=full_regen level=medium: per_fault={'budget': False, 'days': False, 'room_type': False} all_resolved=False n_resolved=0/3 tokens=(2618,846)
  N=3 tp_nonsynth_mf3_000024 seed=2 arm=react level=medium: per_fault={'budget': True, 'days': True, 'room_type': True} all_resolved=True n_resolved=3/3 tokens=(2635,1409)
  N=3 tp_nonsynth_mf3_000024 seed=2 arm=selfcheckgpt level=medium: per_fault={'budget': True, 'days': True, 'room_type': True} all_resolved=True n_resolved=3/3 tokens=(17874,2834)
  N=3 tp_nonsynth_mf3_000024 seed=2 arm=reflexion level=medium: per_fault={'budget': True, 'days': True, 'room_type': True} all_resolved=True n_resolved=3/3 tokens=(1291,781)
  N=3 tp_nonsynth_mf3_000024 seed=2 arm=intro_specter level=medium: per_fault={'budget': True, 'days': True, 'room_type': True} all_resolved=True n_resolved=3/3 tokens=(3608,1302)
  N=3 tp_nonsynth_mf3_000027 seed=0 arm=direct level=hard: per_fault={'budget': True, 'days': True, 'cuisine': False} all_resolved=False n_resolved=2/3 tokens=(1613,1608)
  N=3 tp_nonsynth_mf3_000027 seed=0 arm=self_refine level=hard: per_fault={'budget': True, 'days': True, 'cuisine': False} all_resolved=False n_resolved=2/3 tokens=(5046,3806)
  N=3 tp_nonsynth_mf3_000027 seed=0 arm=full_regen level=hard: per_fault={'budget': True, 'days': True, 'cuisine': False} all_resolved=False n_resolved=2/3 tokens=(3246,3149)
  N=3 tp_nonsynth_mf3_000027 seed=0 arm=react level=hard: per_fault={'budget': True, 'days': True, 'cuisine': False} all_resolved=False n_resolved=2/3 tokens=(3299,3752)
  N=3 tp_nonsynth_mf3_000027 seed=0 arm=reflexion level=hard: per_fault={'budget': True, 'days': True, 'cuisine': True} all_resolved=True n_resolved=3/3 tokens=(8506,3548)
  N=3 tp_nonsynth_mf3_000027 seed=0 arm=intro_specter level=hard: per_fault={'budget': True, 'days': True, 'cuisine': False} all_resolved=False n_resolved=2/3 tokens=(5200,2442)
  N=3 tp_nonsynth_mf3_000027 seed=1 arm=direct level=hard: per_fault={'budget': True, 'days': True, 'cuisine': False} all_resolved=False n_resolved=2/3 tokens=(1613,1608)
  N=3 tp_nonsynth_mf3_000027 seed=1 arm=self_refine level=hard: per_fault={'budget': True, 'days': True, 'cuisine': False} all_resolved=False n_resolved=2/3 tokens=(5046,3806)
[RETRY] selfcheckgpt task=tp_nonsynth_mf3_000027 seed=1 attempt 1/5 failed (failed to obtain JSON after 3 attempts: could not parse JSON from model output:
{
  "final_output": "Based on the provided constraints and local booking system information, we have generated a week-long itinerary for the three travelers starting in Eau Claire and ending in Illinois. Each day includes accommodation, meals, attractions, and a total cost breakdown.\n\nDay 1: Eau Claire to Rockford\n  Accommodation: Stay at the SpringHill Suites by Marriott Rockford\n  Meals: Lunch at the Burpee Museum of Natural History's cafe, dinner at the Discovery Center Museum's restauran); retrying in 3s
[RETRY] selfcheckgpt task=tp_nonsynth_mf3_000027 seed=1 attempt 2/5 failed (failed to obtain JSON after 3 attempts: could not parse JSON from model output:
{
  "final_output": "Based on the provided constraints and local booking system information, we have generated a week-long itinerary for the three travelers starting in Eau Claire and ending in Illinois. Each day includes accommodation, meals, attractions, and a total cost breakdown.\n\nDay 1: Eau Claire to Rockford\n  Accommodation: Stay at the SpringHill Suites by Marriott Rockford\n  Meals: Lunch at the Burpee Museum of Natural History's cafe, dinner at the Discovery Center Museum's restauran); retrying in 6s
[RETRY] selfcheckgpt task=tp_nonsynth_mf3_000027 seed=1 attempt 3/5 failed (failed to obtain JSON after 3 attempts: could not parse JSON from model output:
{
  "final_output": "Based on the provided constraints and local booking system information, we have generated a week-long itinerary for the three travelers starting in Eau Claire and ending in Illinois. Each day includes accommodation, meals, attractions, and a total cost breakdown.\n\nDay 1: Eau Claire to Rockford\n  Accommodation: Stay at the SpringHill Suites by Marriott Rockford\n  Meals: Lunch at the Burpee Museum of Natural History's cafe, dinner at the Discovery Center Museum's restauran); retrying in 12s
[RETRY] selfcheckgpt task=tp_nonsynth_mf3_000027 seed=1 attempt 4/5 failed (failed to obtain JSON after 3 attempts: could not parse JSON from model output:
{
  "final_output": "Based on the provided constraints and local booking system information, we have generated a week-long itinerary for the three travelers starting in Eau Claire and ending in Illinois. Each day includes accommodation, meals, attractions, and a total cost breakdown.\n\nDay 1: Eau Claire to Rockford\n  Accommodation: Stay at the SpringHill Suites by Marriott Rockford\n  Meals: Lunch at the Burpee Museum of Natural History's cafe, dinner at the Discovery Center Museum's restauran); retrying in 24s
[ERROR] selfcheckgpt failed task=tp_nonsynth_mf3_000027 seed=1: failed to obtain JSON after 3 attempts: could not parse JSON from model output:
{
  "final_output": "Based on the provided constraints and local booking system information, we have generated a week-long itinerary for the three travelers starting in Eau Claire and ending in Illinois. Each day includes accommodation, meals, attractions, and a total cost breakdown.\n\nDay 1: Eau Claire to Rockford\n  Accommodation: Stay at the SpringHill Suites by Marriott Rockford\n  Meals: Lunch at the Burpee Museum of Natural History's cafe, dinner at the Discovery Center Museum's restauran
[RETRY] selfcheckgpt task=tp_nonsynth_mf3_000027 seed=2 attempt 1/5 failed (failed to obtain JSON after 3 attempts: could not parse JSON from model output:
{
  "final_output": "Upon analyzing the user's constraints, we can assist in planning a week-long trip for three people starting in Eau Claire intending to visit 3 unique cities in Illinois from March 20th to March 26th, 2022.\nThe trip plan with all applicable constraints is as follows:\nDay 1 (March 20th): Drive from Eau Claire to Rockford, IL. Accommodation: Book a room at a local hotel allowing visitors. Meals: Enjoy American cuisine at a local restaurant like Burpee Museum of Natural Histor); retrying in 3s
[RETRY] selfcheckgpt task=tp_nonsynth_mf3_000027 seed=2 attempt 2/5 failed (failed to obtain JSON after 3 attempts: could not parse JSON from model output:
{
  "final_output": "Upon analyzing the user's constraints, we can assist in planning a week-long trip for three people starting in Eau Claire intending to visit 3 unique cities in Illinois from March 20th to March 26th, 2022.\nThe trip plan with all applicable constraints is as follows:\nDay 1 (March 20th): Drive from Eau Claire to Rockford, IL. Accommodation: Book a room at a local hotel allowing visitors. Meals: Enjoy American cuisine at a local restaurant like Burpee Museum of Natural Histor); retrying in 6s
[RETRY] selfcheckgpt task=tp_nonsynth_mf3_000027 seed=2 attempt 3/5 failed (failed to obtain JSON after 3 attempts: could not parse JSON from model output:
{
  "final_output": "Upon analyzing the user's constraints, we can assist in planning a week-long trip for three people starting in Eau Claire intending to visit 3 unique cities in Illinois from March 20th to March 26th, 2022.\nThe trip plan with all applicable constraints is as follows:\nDay 1 (March 20th): Drive from Eau Claire to Rockford, IL. Accommodation: Book a room at a local hotel allowing visitors. Meals: Enjoy American cuisine at a local restaurant like Burpee Museum of Natural Histor); retrying in 12s
[RETRY] selfcheckgpt task=tp_nonsynth_mf3_000027 seed=2 attempt 4/5 failed (failed to obtain JSON after 3 attempts: could not parse JSON from model output:
{
  "final_output": "Upon analyzing the user's constraints, we can assist in planning a week-long trip for three people starting in Eau Claire intending to visit 3 unique cities in Illinois from March 20th to March 26th, 2022.\nThe trip plan with all applicable constraints is as follows:\nDay 1 (March 20th): Drive from Eau Claire to Rockford, IL. Accommodation: Book a room at a local hotel allowing visitors. Meals: Enjoy American cuisine at a local restaurant like Burpee Museum of Natural Histor); retrying in 24s
[ERROR] selfcheckgpt failed task=tp_nonsynth_mf3_000027 seed=2: failed to obtain JSON after 3 attempts: could not parse JSON from model output:
{
  "final_output": "Upon analyzing the user's constraints, we can assist in planning a week-long trip for three people starting in Eau Claire intending to visit 3 unique cities in Illinois from March 20th to March 26th, 2022.\nThe trip plan with all applicable constraints is as follows:\nDay 1 (March 20th): Drive from Eau Claire to Rockford, IL. Accommodation: Book a room at a local hotel allowing visitors. Meals: Enjoy American cuisine at a local restaurant like Burpee Museum of Natural Histor
[RETRY] selfcheckgpt task=tp_nonsynth_mf3_000028 seed=0 attempt 1/5 failed (failed to obtain JSON after 3 attempts: could not parse JSON from model output:
{
  "final_output": "Here's a concrete 8-day itinerary for the travel plan:\nday 1:\nAccommodation: Private Room at Westin Phoenix Resort, approximately $360\nMeals:\nBreakfast at The Original Pancake House (approx. $15 per person)\nLunch at P.F. Chang's (approximately $15 per person)\nAttractions:\nPhoenix Zoo (free admission, but consider a donation)\nDowntown Phoenix\nDay 2:\nAccommodation: Same as day 1\nMeals:\nBreakfast at Sticky Finger's (approximately $5 per person)\nLunch at Los Olivos ); retrying in 3s
[RETRY] selfcheckgpt task=tp_nonsynth_mf3_000028 seed=0 attempt 2/5 failed (failed to obtain JSON after 3 attempts: could not parse JSON from model output:
{
  "final_output": "Here's a concrete 8-day itinerary for the travel plan:\nday 1:\nAccommodation: Private Room at Westin Phoenix Resort, approximately $360\nMeals:\nBreakfast at The Original Pancake House (approx. $15 per person)\nLunch at P.F. Chang's (approximately $15 per person)\nAttractions:\nPhoenix Zoo (free admission, but consider a donation)\nDowntown Phoenix\nDay 2:\nAccommodation: Same as day 1\nMeals:\nBreakfast at Sticky Finger's (approximately $5 per person)\nLunch at Los Olivos ); retrying in 6s
[RETRY] selfcheckgpt task=tp_nonsynth_mf3_000028 seed=0 attempt 3/5 failed (failed to obtain JSON after 3 attempts: could not parse JSON from model output:
{
  "final_output": "Here's a concrete 8-day itinerary for the travel plan:\nday 1:\nAccommodation: Private Room at Westin Phoenix Resort, approximately $360\nMeals:\nBreakfast at The Original Pancake House (approx. $15 per person)\nLunch at P.F. Chang's (approximately $15 per person)\nAttractions:\nPhoenix Zoo (free admission, but consider a donation)\nDowntown Phoenix\nDay 2:\nAccommodation: Same as day 1\nMeals:\nBreakfast at Sticky Finger's (approximately $5 per person)\nLunch at Los Olivos ); retrying in 12s
[RETRY] selfcheckgpt task=tp_nonsynth_mf3_000028 seed=0 attempt 4/5 failed (failed to obtain JSON after 3 attempts: could not parse JSON from model output:
{
  "final_output": "Here's a concrete 8-day itinerary for the travel plan:\nday 1:\nAccommodation: Private Room at Westin Phoenix Resort, approximately $360\nMeals:\nBreakfast at The Original Pancake House (approx. $15 per person)\nLunch at P.F. Chang's (approximately $15 per person)\nAttractions:\nPhoenix Zoo (free admission, but consider a donation)\nDowntown Phoenix\nDay 2:\nAccommodation: Same as day 1\nMeals:\nBreakfast at Sticky Finger's (approximately $5 per person)\nLunch at Los Olivos ); retrying in 24s
[ERROR] selfcheckgpt failed task=tp_nonsynth_mf3_000028 seed=0: failed to obtain JSON after 3 attempts: could not parse JSON from model output:
{
  "final_output": "Here's a concrete 8-day itinerary for the travel plan:\nday 1:\nAccommodation: Private Room at Westin Phoenix Resort, approximately $360\nMeals:\nBreakfast at The Original Pancake House (approx. $15 per person)\nLunch at P.F. Chang's (approximately $15 per person)\nAttractions:\nPhoenix Zoo (free admission, but consider a donation)\nDowntown Phoenix\nDay 2:\nAccommodation: Same as day 1\nMeals:\nBreakfast at Sticky Finger's (approximately $5 per person)\nLunch at Los Olivos 
[RETRY] selfcheckgpt task=tp_nonsynth_mf3_000028 seed=2 attempt 1/5 failed (failed to obtain JSON after 3 attempts: could not parse JSON from model output:
{
  "final_output": {
    "day1": {
      "accommodation": "Private room at a hotel in Phoenix, AZ, cost: $200",
      "meals": "Breakfast at The Original Pancake House, cost: $20; Lunch at Macayo's Mexican Kitchen, cost: $15; Dinner at Pizzeria Bianco, cost: $30",
      "attractions": "Exploring the Heard Museum, cost: $20",
      "cost": "Total cost for day 1: $265"
    },
    "day2": {
      "accommodation": "Private room at a hotel in Phoenix, AZ, cost: $200",
      "meals": "Breakfast at Ho); retrying in 3s
[RETRY] selfcheckgpt task=tp_nonsynth_mf3_000028 seed=2 attempt 2/5 failed (failed to obtain JSON after 3 attempts: could not parse JSON from model output:
{
  "final_output": {
    "day1": {
      "accommodation": "Private room at a hotel in Phoenix, AZ, cost: $200",
      "meals": "Breakfast at The Original Pancake House, cost: $20; Lunch at Macayo's Mexican Kitchen, cost: $15; Dinner at Pizzeria Bianco, cost: $30",
      "attractions": "Exploring the Heard Museum, cost: $20",
      "cost": "Total cost for day 1: $265"
    },
    "day2": {
      "accommodation": "Private room at a hotel in Phoenix, AZ, cost: $200",
      "meals": "Breakfast at Ho); retrying in 6s
[RETRY] selfcheckgpt task=tp_nonsynth_mf3_000028 seed=2 attempt 3/5 failed (failed to obtain JSON after 3 attempts: could not parse JSON from model output:
{
  "final_output": {
    "day1": {
      "accommodation": "Private room at a hotel in Phoenix, AZ, cost: $200",
      "meals": "Breakfast at The Original Pancake House, cost: $20; Lunch at Macayo's Mexican Kitchen, cost: $15; Dinner at Pizzeria Bianco, cost: $30",
      "attractions": "Exploring the Heard Museum, cost: $20",
      "cost": "Total cost for day 1: $265"
    },
    "day2": {
      "accommodation": "Private room at a hotel in Phoenix, AZ, cost: $200",
      "meals": "Breakfast at Ho); retrying in 12s
[RETRY] selfcheckgpt task=tp_nonsynth_mf3_000028 seed=2 attempt 4/5 failed (failed to obtain JSON after 3 attempts: could not parse JSON from model output:
{
  "final_output": {
    "day1": {
      "accommodation": "Private room at a hotel in Phoenix, AZ, cost: $200",
      "meals": "Breakfast at The Original Pancake House, cost: $20; Lunch at Macayo's Mexican Kitchen, cost: $15; Dinner at Pizzeria Bianco, cost: $30",
      "attractions": "Exploring the Heard Museum, cost: $20",
      "cost": "Total cost for day 1: $265"
    },
    "day2": {
      "accommodation": "Private room at a hotel in Phoenix, AZ, cost: $200",
      "meals": "Breakfast at Ho); retrying in 24s
[ERROR] selfcheckgpt failed task=tp_nonsynth_mf3_000028 seed=2: failed to obtain JSON after 3 attempts: could not parse JSON from model output:
{
  "final_output": {
    "day1": {
      "accommodation": "Private room at a hotel in Phoenix, AZ, cost: $200",
      "meals": "Breakfast at The Original Pancake House, cost: $20; Lunch at Macayo's Mexican Kitchen, cost: $15; Dinner at Pizzeria Bianco, cost: $30",
      "attractions": "Exploring the Heard Museum, cost: $20",
      "cost": "Total cost for day 1: $265"
    },
    "day2": {
      "accommodation": "Private room at a hotel in Phoenix, AZ, cost: $200",
      "meals": "Breakfast at Ho
  N=3 tp_nonsynth_mf3_000027 seed=1 arm=full_regen level=hard: per_fault={'budget': True, 'days': True, 'cuisine': False} all_resolved=False n_resolved=2/3 tokens=(3246,2507)
  N=3 tp_nonsynth_mf3_000027 seed=1 arm=react level=hard: per_fault={'budget': True, 'days': True, 'cuisine': False} all_resolved=False n_resolved=2/3 tokens=(3299,3752)
  N=3 tp_nonsynth_mf3_000027 seed=1 arm=reflexion level=hard: per_fault={'budget': True, 'days': True, 'cuisine': True} all_resolved=True n_resolved=3/3 tokens=(8506,3548)
  N=3 tp_nonsynth_mf3_000027 seed=1 arm=intro_specter level=hard: per_fault={'budget': True, 'days': True, 'cuisine': False} all_resolved=False n_resolved=2/3 tokens=(5200,2442)
  N=3 tp_nonsynth_mf3_000027 seed=2 arm=direct level=hard: per_fault={'budget': True, 'days': True, 'cuisine': False} all_resolved=False n_resolved=2/3 tokens=(1633,1144)
  N=3 tp_nonsynth_mf3_000027 seed=2 arm=self_refine level=hard: per_fault={'budget': True, 'days': True, 'cuisine': False} all_resolved=False n_resolved=2/3 tokens=(4608,2817)
  N=3 tp_nonsynth_mf3_000027 seed=2 arm=full_regen level=hard: per_fault={'budget': False, 'days': True, 'cuisine': False} all_resolved=False n_resolved=1/3 tokens=(3246,2525)
  N=3 tp_nonsynth_mf3_000027 seed=2 arm=react level=hard: per_fault={'budget': True, 'days': True, 'cuisine': True} all_resolved=True n_resolved=3/3 tokens=(3319,2470)
  N=3 tp_nonsynth_mf3_000027 seed=2 arm=reflexion level=hard: per_fault={'budget': True, 'days': True, 'cuisine': True} all_resolved=True n_resolved=3/3 tokens=(7709,2653)
  N=3 tp_nonsynth_mf3_000027 seed=2 arm=intro_specter level=hard: per_fault={'budget': False, 'days': True, 'cuisine': False} all_resolved=False n_resolved=1/3 tokens=(4782,2761)
  N=3 tp_nonsynth_mf3_000028 seed=0 arm=direct level=hard: per_fault={'budget': True, 'days': True, 'house_rule': False} all_resolved=False n_resolved=2/3 tokens=(1432,1115)
  N=3 tp_nonsynth_mf3_000028 seed=0 arm=self_refine level=hard: per_fault={'budget': True, 'days': True, 'house_rule': False} all_resolved=False n_resolved=2/3 tokens=(4070,2323)
  N=3 tp_nonsynth_mf3_000028 seed=0 arm=full_regen level=hard: per_fault={'budget': True, 'days': True, 'house_rule': True} all_resolved=True n_resolved=3/3 tokens=(2864,3014)
  N=3 tp_nonsynth_mf3_000028 seed=0 arm=react level=hard: per_fault={'budget': False, 'days': True, 'house_rule': True} all_resolved=False n_resolved=2/3 tokens=(2917,2009)
  N=3 tp_nonsynth_mf3_000028 seed=0 arm=reflexion level=hard: per_fault={'budget': True, 'days': True, 'house_rule': False} all_resolved=False n_resolved=2/3 tokens=(13376,4411)
  N=3 tp_nonsynth_mf3_000028 seed=0 arm=intro_specter level=hard: per_fault={'budget': True, 'days': True, 'house_rule': True} all_resolved=True n_resolved=3/3 tokens=(4224,1589)
  N=3 tp_nonsynth_mf3_000028 seed=1 arm=direct level=hard: per_fault={'budget': True, 'days': True, 'house_rule': False} all_resolved=False n_resolved=2/3 tokens=(1432,1115)
  N=3 tp_nonsynth_mf3_000028 seed=1 arm=self_refine level=hard: per_fault={'budget': True, 'days': True, 'house_rule': False} all_resolved=False n_resolved=2/3 tokens=(4070,2323)
  N=3 tp_nonsynth_mf3_000028 seed=1 arm=full_regen level=hard: per_fault={'budget': True, 'days': True, 'house_rule': True} all_resolved=True n_resolved=3/3 tokens=(2884,2584)
  N=3 tp_nonsynth_mf3_000028 seed=1 arm=react level=hard: per_fault={'budget': False, 'days': True, 'house_rule': True} all_resolved=False n_resolved=2/3 tokens=(2917,2009)
  N=3 tp_nonsynth_mf3_000028 seed=1 arm=selfcheckgpt level=hard: per_fault={'budget': True, 'days': True, 'house_rule': False} all_resolved=False n_resolved=2/3 tokens=(22805,3943)
  N=3 tp_nonsynth_mf3_000028 seed=1 arm=reflexion level=hard: per_fault={'budget': True, 'days': True, 'house_rule': False} all_resolved=False n_resolved=2/3 tokens=(13376,4411)
  N=3 tp_nonsynth_mf3_000028 seed=1 arm=intro_specter level=hard: per_fault={'budget': True, 'days': True, 'house_rule': True} all_resolved=True n_resolved=3/3 tokens=(4224,1589)
  N=3 tp_nonsynth_mf3_000028 seed=2 arm=direct level=hard: per_fault={'budget': False, 'days': True, 'house_rule': True} all_resolved=False n_resolved=2/3 tokens=(1468,1301)
  N=3 tp_nonsynth_mf3_000028 seed=2 arm=self_refine level=hard: per_fault={'budget': True, 'days': True, 'house_rule': True} all_resolved=True n_resolved=3/3 tokens=(4294,2833)
  N=3 tp_nonsynth_mf3_000028 seed=2 arm=full_regen level=hard: per_fault={'budget': True, 'days': True, 'house_rule': False} all_resolved=False n_resolved=2/3 tokens=(2900,2315)
  N=3 tp_nonsynth_mf3_000028 seed=2 arm=react level=hard: per_fault={'budget': False, 'days': True, 'house_rule': True} all_resolved=False n_resolved=2/3 tokens=(2989,2511)
  N=3 tp_nonsynth_mf3_000028 seed=2 arm=reflexion level=hard: per_fault={'budget': True, 'days': True, 'house_rule': True} all_resolved=True n_resolved=3/3 tokens=(7223,2808)
  N=3 tp_nonsynth_mf3_000028 seed=2 arm=intro_specter level=hard: per_fault={'budget': True, 'days': True, 'house_rule': True} all_resolved=True n_resolved=3/3 tokens=(4448,1706)
  N=3 tp_nonsynth_mf3_000029 seed=0 arm=direct level=hard: per_fault={'budget': True, 'days': True, 'house_rule': True} all_resolved=True n_resolved=3/3 tokens=(1697,917)
  N=3 tp_nonsynth_mf3_000029 seed=0 arm=self_refine level=hard: per_fault={'budget': True, 'days': True, 'house_rule': True} all_resolved=True n_resolved=3/3 tokens=(4403,2104)
  N=3 tp_nonsynth_mf3_000029 seed=0 arm=full_regen level=hard: per_fault={'budget': False, 'days': True, 'house_rule': True} all_resolved=False n_resolved=2/3 tokens=(3374,1662)
  N=3 tp_nonsynth_mf3_000029 seed=0 arm=react level=hard: per_fault={'budget': True, 'days': True, 'house_rule': False} all_resolved=False n_resolved=2/3 tokens=(3447,2768)
  N=3 tp_nonsynth_mf3_000029 seed=0 arm=selfcheckgpt level=hard: per_fault={'budget': True, 'days': True, 'house_rule': True} all_resolved=True n_resolved=3/3 tokens=(13408,3520)
  N=3 tp_nonsynth_mf3_000029 seed=0 arm=reflexion level=hard: per_fault={'budget': True, 'days': True, 'house_rule': True} all_resolved=True n_resolved=3/3 tokens=(1697,917)
  N=3 tp_nonsynth_mf3_000029 seed=0 arm=intro_specter level=hard: per_fault={'budget': True, 'days': True, 'house_rule': True} all_resolved=True n_resolved=3/3 tokens=(4537,1631)
  N=3 tp_nonsynth_mf3_000029 seed=1 arm=direct level=hard: per_fault={'budget': True, 'days': True, 'house_rule': True} all_resolved=True n_resolved=3/3 tokens=(1697,917)
  N=3 tp_nonsynth_mf3_000029 seed=1 arm=self_refine level=hard: per_fault={'budget': True, 'days': True, 'house_rule': True} all_resolved=True n_resolved=3/3 tokens=(4403,2104)
  N=3 tp_nonsynth_mf3_000029 seed=1 arm=full_regen level=hard: per_fault={'budget': True, 'days': True, 'house_rule': True} all_resolved=True n_resolved=3/3 tokens=(3394,2296)
  N=3 tp_nonsynth_mf3_000029 seed=1 arm=react level=hard: per_fault={'budget': True, 'days': True, 'house_rule': False} all_resolved=False n_resolved=2/3 tokens=(3447,2768)
  N=3 tp_nonsynth_mf3_000029 seed=1 arm=selfcheckgpt level=hard: per_fault={'budget': True, 'days': True, 'house_rule': True} all_resolved=True n_resolved=3/3 tokens=(12358,2003)
  N=3 tp_nonsynth_mf3_000029 seed=1 arm=reflexion level=hard: per_fault={'budget': True, 'days': True, 'house_rule': True} all_resolved=True n_resolved=3/3 tokens=(1697,917)
  N=3 tp_nonsynth_mf3_000029 seed=1 arm=intro_specter level=hard: per_fault={'budget': True, 'days': True, 'house_rule': True} all_resolved=True n_resolved=3/3 tokens=(4537,1631)
  N=3 tp_nonsynth_mf3_000029 seed=2 arm=direct level=hard: per_fault={'budget': True, 'days': True, 'house_rule': True} all_resolved=True n_resolved=3/3 tokens=(1677,925)
  N=3 tp_nonsynth_mf3_000029 seed=2 arm=self_refine level=hard: per_fault={'budget': True, 'days': True, 'house_rule': True} all_resolved=True n_resolved=3/3 tokens=(4370,1957)
  N=3 tp_nonsynth_mf3_000029 seed=2 arm=full_regen level=hard: per_fault={'budget': True, 'days': True, 'house_rule': True} all_resolved=True n_resolved=3/3 tokens=(3374,2059)
[RETRY] selfcheckgpt task=tp_nonsynth_mf3_000031 seed=0 attempt 1/5 failed (failed to obtain JSON after 3 attempts: could not parse JSON from model output:
{
  "final_output": "Day 1: March 20, 2022\nAccommodation: Hotel in Grand Junction\nMeals: Breakfast at The Egg & I, Lunch at The Outlaw Restaurant, Dinner at Bin 707 Foodbar\nAttractions: Museum of the West, Eureka!\nCost: $500\n\nDay 2: March 21, 2022\nAccommodation: Hotel in Grand Junction\nMeals: Breakfast at The Egg & I, Lunch at The Outlaw Restaurant, Dinner at Bin 707 Foodbar\nAttractions: Museum of the West, Eureka!\nCost: $500\n\nDay 3: March 22, 2022\nAccommodation: Hotel in Montrose\n); retrying in 3s
[RETRY] selfcheckgpt task=tp_nonsynth_mf3_000031 seed=0 attempt 2/5 failed (failed to obtain JSON after 3 attempts: could not parse JSON from model output:
{
  "final_output": "Day 1: March 20, 2022\nAccommodation: Hotel in Grand Junction\nMeals: Breakfast at The Egg & I, Lunch at The Outlaw Restaurant, Dinner at Bin 707 Foodbar\nAttractions: Museum of the West, Eureka!\nCost: $500\n\nDay 2: March 21, 2022\nAccommodation: Hotel in Grand Junction\nMeals: Breakfast at The Egg & I, Lunch at The Outlaw Restaurant, Dinner at Bin 707 Foodbar\nAttractions: Museum of the West, Eureka!\nCost: $500\n\nDay 3: March 22, 2022\nAccommodation: Hotel in Montrose\n); retrying in 6s
[RETRY] selfcheckgpt task=tp_nonsynth_mf3_000031 seed=0 attempt 3/5 failed (failed to obtain JSON after 3 attempts: could not parse JSON from model output:
{
  "final_output": "Day 1: March 20, 2022\nAccommodation: Hotel in Grand Junction\nMeals: Breakfast at The Egg & I, Lunch at The Outlaw Restaurant, Dinner at Bin 707 Foodbar\nAttractions: Museum of the West, Eureka!\nCost: $500\n\nDay 2: March 21, 2022\nAccommodation: Hotel in Grand Junction\nMeals: Breakfast at The Egg & I, Lunch at The Outlaw Restaurant, Dinner at Bin 707 Foodbar\nAttractions: Museum of the West, Eureka!\nCost: $500\n\nDay 3: March 22, 2022\nAccommodation: Hotel in Montrose\n); retrying in 12s
[RETRY] selfcheckgpt task=tp_nonsynth_mf3_000031 seed=0 attempt 4/5 failed (failed to obtain JSON after 3 attempts: could not parse JSON from model output:
{
  "final_output": "Day 1: March 20, 2022\nAccommodation: Hotel in Grand Junction\nMeals: Breakfast at The Egg & I, Lunch at The Outlaw Restaurant, Dinner at Bin 707 Foodbar\nAttractions: Museum of the West, Eureka!\nCost: $500\n\nDay 2: March 21, 2022\nAccommodation: Hotel in Grand Junction\nMeals: Breakfast at The Egg & I, Lunch at The Outlaw Restaurant, Dinner at Bin 707 Foodbar\nAttractions: Museum of the West, Eureka!\nCost: $500\n\nDay 3: March 22, 2022\nAccommodation: Hotel in Montrose\n); retrying in 24s
[ERROR] selfcheckgpt failed task=tp_nonsynth_mf3_000031 seed=0: failed to obtain JSON after 3 attempts: could not parse JSON from model output:
{
  "final_output": "Day 1: March 20, 2022\nAccommodation: Hotel in Grand Junction\nMeals: Breakfast at The Egg & I, Lunch at The Outlaw Restaurant, Dinner at Bin 707 Foodbar\nAttractions: Museum of the West, Eureka!\nCost: $500\n\nDay 2: March 21, 2022\nAccommodation: Hotel in Grand Junction\nMeals: Breakfast at The Egg & I, Lunch at The Outlaw Restaurant, Dinner at Bin 707 Foodbar\nAttractions: Museum of the West, Eureka!\nCost: $500\n\nDay 3: March 22, 2022\nAccommodation: Hotel in Montrose\n
[RETRY] selfcheckgpt task=tp_nonsynth_mf3_000031 seed=1 attempt 1/5 failed (failed to obtain JSON after 3 attempts: could not parse JSON from model output:
{
  "final_output": "Day 1 (March 20, 2022): Accommodation - Motel 6 Grand Junction, Meals - >Pizza Hut, Rest.Incy, and O'Briens Restaurant, Attractions - Canyon View Park, Cost: $435. Total cost: $435.\nDay 2 to 3 (March 21-22, 2022): Accommodation - Red Roof Inn, Meals - Scenic View Restaurant, PJ's Village Pub, and ancient zu room, Attractions - Palisade Rim Park, Cost: $528, Day 4-5 (March 23-24, 2022): Accommodation -  Grand Vista Hotel, Meals - Pandemonium, Bridas > Ruby Recorder iravourit); retrying in 3s
[RETRY] selfcheckgpt task=tp_nonsynth_mf3_000031 seed=1 attempt 2/5 failed (failed to obtain JSON after 3 attempts: could not parse JSON from model output:
{
  "final_output": "Day 1 (March 20, 2022): Accommodation - Motel 6 Grand Junction, Meals - >Pizza Hut, Rest.Incy, and O'Briens Restaurant, Attractions - Canyon View Park, Cost: $435. Total cost: $435.\nDay 2 to 3 (March 21-22, 2022): Accommodation - Red Roof Inn, Meals - Scenic View Restaurant, PJ's Village Pub, and ancient zu room, Attractions - Palisade Rim Park, Cost: $528, Day 4-5 (March 23-24, 2022): Accommodation -  Grand Vista Hotel, Meals - Pandemonium, Bridas > Ruby Recorder iravourit); retrying in 6s
[RETRY] selfcheckgpt task=tp_nonsynth_mf3_000031 seed=1 attempt 3/5 failed (failed to obtain JSON after 3 attempts: could not parse JSON from model output:
{
  "final_output": "Day 1 (March 20, 2022): Accommodation - Motel 6 Grand Junction, Meals - >Pizza Hut, Rest.Incy, and O'Briens Restaurant, Attractions - Canyon View Park, Cost: $435. Total cost: $435.\nDay 2 to 3 (March 21-22, 2022): Accommodation - Red Roof Inn, Meals - Scenic View Restaurant, PJ's Village Pub, and ancient zu room, Attractions - Palisade Rim Park, Cost: $528, Day 4-5 (March 23-24, 2022): Accommodation -  Grand Vista Hotel, Meals - Pandemonium, Bridas > Ruby Recorder iravourit); retrying in 12s
[RETRY] selfcheckgpt task=tp_nonsynth_mf3_000031 seed=1 attempt 4/5 failed (failed to obtain JSON after 3 attempts: could not parse JSON from model output:
{
  "final_output": "Day 1 (March 20, 2022): Accommodation - Motel 6 Grand Junction, Meals - >Pizza Hut, Rest.Incy, and O'Briens Restaurant, Attractions - Canyon View Park, Cost: $435. Total cost: $435.\nDay 2 to 3 (March 21-22, 2022): Accommodation - Red Roof Inn, Meals - Scenic View Restaurant, PJ's Village Pub, and ancient zu room, Attractions - Palisade Rim Park, Cost: $528, Day 4-5 (March 23-24, 2022): Accommodation -  Grand Vista Hotel, Meals - Pandemonium, Bridas > Ruby Recorder iravourit); retrying in 24s
[ERROR] selfcheckgpt failed task=tp_nonsynth_mf3_000031 seed=1: failed to obtain JSON after 3 attempts: could not parse JSON from model output:
{
  "final_output": "Day 1 (March 20, 2022): Accommodation - Motel 6 Grand Junction, Meals - >Pizza Hut, Rest.Incy, and O'Briens Restaurant, Attractions - Canyon View Park, Cost: $435. Total cost: $435.\nDay 2 to 3 (March 21-22, 2022): Accommodation - Red Roof Inn, Meals - Scenic View Restaurant, PJ's Village Pub, and ancient zu room, Attractions - Palisade Rim Park, Cost: $528, Day 4-5 (March 23-24, 2022): Accommodation -  Grand Vista Hotel, Meals - Pandemonium, Bridas > Ruby Recorder iravourit
  N=3 tp_nonsynth_mf3_000029 seed=2 arm=react level=hard: per_fault={'budget': True, 'days': False, 'house_rule': True} all_resolved=False n_resolved=2/3 tokens=(3427,2283)
  N=3 tp_nonsynth_mf3_000029 seed=2 arm=selfcheckgpt level=hard: per_fault={'budget': True, 'days': True, 'house_rule': True} all_resolved=True n_resolved=3/3 tokens=(22179,3282)
  N=3 tp_nonsynth_mf3_000029 seed=2 arm=reflexion level=hard: per_fault={'budget': True, 'days': True, 'house_rule': True} all_resolved=True n_resolved=3/3 tokens=(1677,925)
  N=3 tp_nonsynth_mf3_000029 seed=2 arm=intro_specter level=hard: per_fault={'budget': True, 'days': True, 'house_rule': True} all_resolved=True n_resolved=3/3 tokens=(4524,1491)
  N=3 tp_nonsynth_mf3_000030 seed=0 arm=direct level=hard: per_fault={'budget': False, 'days': True, 'cuisine': False} all_resolved=False n_resolved=1/3 tokens=(1705,835)
  N=3 tp_nonsynth_mf3_000030 seed=0 arm=self_refine level=hard: per_fault={'budget': False, 'days': True, 'cuisine': False} all_resolved=False n_resolved=1/3 tokens=(4359,2083)
  N=3 tp_nonsynth_mf3_000030 seed=0 arm=full_regen level=hard: per_fault={'budget': True, 'days': True, 'cuisine': False} all_resolved=False n_resolved=2/3 tokens=(3410,1882)
  N=3 tp_nonsynth_mf3_000030 seed=0 arm=react level=hard: per_fault={'budget': True, 'days': True, 'cuisine': False} all_resolved=False n_resolved=2/3 tokens=(3479,2414)
  N=3 tp_nonsynth_mf3_000030 seed=0 arm=selfcheckgpt level=hard: per_fault={'budget': False, 'days': True, 'cuisine': False} all_resolved=False n_resolved=1/3 tokens=(12961,2291)
  N=3 tp_nonsynth_mf3_000030 seed=0 arm=reflexion level=hard: per_fault={'budget': False, 'days': True, 'cuisine': False} all_resolved=False n_resolved=1/3 tokens=(13919,3174)
  N=3 tp_nonsynth_mf3_000030 seed=0 arm=intro_specter level=hard: per_fault={'budget': False, 'days': False, 'cuisine': False} all_resolved=False n_resolved=0/3 tokens=(4513,1983)
  N=3 tp_nonsynth_mf3_000030 seed=1 arm=direct level=hard: per_fault={'budget': False, 'days': True, 'cuisine': False} all_resolved=False n_resolved=1/3 tokens=(1705,835)
  N=3 tp_nonsynth_mf3_000030 seed=1 arm=self_refine level=hard: per_fault={'budget': False, 'days': True, 'cuisine': False} all_resolved=False n_resolved=1/3 tokens=(4359,2083)
  N=3 tp_nonsynth_mf3_000030 seed=1 arm=full_regen level=hard: per_fault={'budget': False, 'days': True, 'cuisine': False} all_resolved=False n_resolved=1/3 tokens=(3410,1742)
  N=3 tp_nonsynth_mf3_000030 seed=1 arm=react level=hard: per_fault={'budget': True, 'days': True, 'cuisine': False} all_resolved=False n_resolved=2/3 tokens=(3479,2414)
  N=3 tp_nonsynth_mf3_000030 seed=1 arm=selfcheckgpt level=hard: per_fault={'budget': False, 'days': True, 'cuisine': False} all_resolved=False n_resolved=1/3 tokens=(13258,2689)
  N=3 tp_nonsynth_mf3_000030 seed=1 arm=reflexion level=hard: per_fault={'budget': False, 'days': True, 'cuisine': False} all_resolved=False n_resolved=1/3 tokens=(13919,3174)
  N=3 tp_nonsynth_mf3_000030 seed=1 arm=intro_specter level=hard: per_fault={'budget': False, 'days': False, 'cuisine': False} all_resolved=False n_resolved=0/3 tokens=(4513,1983)
  N=3 tp_nonsynth_mf3_000030 seed=2 arm=direct level=hard: per_fault={'budget': False, 'days': False, 'cuisine': False} all_resolved=False n_resolved=0/3 tokens=(1685,758)
  N=3 tp_nonsynth_mf3_000030 seed=2 arm=self_refine level=hard: per_fault={'budget': False, 'days': True, 'cuisine': False} all_resolved=False n_resolved=1/3 tokens=(4387,2231)
  N=3 tp_nonsynth_mf3_000030 seed=2 arm=full_regen level=hard: per_fault={'budget': True, 'days': True, 'cuisine': False} all_resolved=False n_resolved=2/3 tokens=(3370,2358)
  N=3 tp_nonsynth_mf3_000030 seed=2 arm=react level=hard: per_fault={'budget': False, 'days': True, 'cuisine': False} all_resolved=False n_resolved=1/3 tokens=(3443,3199)
  N=3 tp_nonsynth_mf3_000030 seed=2 arm=selfcheckgpt level=hard: per_fault={'budget': False, 'days': False, 'cuisine': False} all_resolved=False n_resolved=0/3 tokens=(18134,3303)
  N=3 tp_nonsynth_mf3_000030 seed=2 arm=reflexion level=hard: per_fault={'budget': False, 'days': False, 'cuisine': False} all_resolved=False n_resolved=0/3 tokens=(14389,3448)
  N=3 tp_nonsynth_mf3_000030 seed=2 arm=intro_specter level=hard: per_fault={'budget': False, 'days': False, 'cuisine': False} all_resolved=False n_resolved=0/3 tokens=(4557,1471)
  N=3 tp_nonsynth_mf3_000031 seed=0 arm=direct level=hard: per_fault={'budget': True, 'days': True, 'house_rule': True} all_resolved=True n_resolved=3/3 tokens=(1576,2234)
  N=3 tp_nonsynth_mf3_000031 seed=0 arm=self_refine level=hard: per_fault={'budget': True, 'days': True, 'house_rule': True} all_resolved=True n_resolved=3/3 tokens=(5648,4638)
  N=3 tp_nonsynth_mf3_000031 seed=0 arm=full_regen level=hard: per_fault={'budget': True, 'days': True, 'house_rule': True} all_resolved=True n_resolved=3/3 tokens=(3132,5554)
  N=3 tp_nonsynth_mf3_000031 seed=0 arm=react level=hard: per_fault={'budget': True, 'days': True, 'house_rule': True} all_resolved=True n_resolved=3/3 tokens=(3185,2996)
  N=3 tp_nonsynth_mf3_000031 seed=0 arm=reflexion level=hard: per_fault={'budget': True, 'days': True, 'house_rule': True} all_resolved=True n_resolved=3/3 tokens=(1576,2234)
  N=3 tp_nonsynth_mf3_000031 seed=0 arm=intro_specter level=hard: per_fault={'budget': True, 'days': True, 'house_rule': True} all_resolved=True n_resolved=3/3 tokens=(5801,3796)
  N=3 tp_nonsynth_mf3_000031 seed=1 arm=direct level=hard: per_fault={'budget': True, 'days': True, 'house_rule': True} all_resolved=True n_resolved=3/3 tokens=(1576,2234)
  N=3 tp_nonsynth_mf3_000031 seed=1 arm=self_refine level=hard: per_fault={'budget': True, 'days': True, 'house_rule': True} all_resolved=True n_resolved=3/3 tokens=(5648,4638)
  N=3 tp_nonsynth_mf3_000031 seed=1 arm=full_regen level=hard: per_fault={'budget': True, 'days': True, 'house_rule': False} all_resolved=False n_resolved=2/3 tokens=(3168,3433)
  N=3 tp_nonsynth_mf3_000031 seed=1 arm=react level=hard: per_fault={'budget': True, 'days': True, 'house_rule': True} all_resolved=True n_resolved=3/3 tokens=(3185,2996)
  N=3 tp_nonsynth_mf3_000031 seed=1 arm=reflexion level=hard: per_fault={'budget': True, 'days': True, 'house_rule': True} all_resolved=True n_resolved=3/3 tokens=(1576,2234)
  N=3 tp_nonsynth_mf3_000031 seed=1 arm=intro_specter level=hard: per_fault={'budget': True, 'days': True, 'house_rule': True} all_resolved=True n_resolved=3/3 tokens=(5801,3796)
  N=3 tp_nonsynth_mf3_000031 seed=2 arm=direct level=hard: per_fault={'budget': True, 'days': True, 'house_rule': True} all_resolved=True n_resolved=3/3 tokens=(1576,2261)
  N=3 tp_nonsynth_mf3_000031 seed=2 arm=self_refine level=hard: per_fault={'budget': False, 'days': True, 'house_rule': True} all_resolved=False n_resolved=2/3 tokens=(5946,5307)
  N=3 tp_nonsynth_mf3_000031 seed=2 arm=full_regen level=hard: per_fault={'budget': False, 'days': True, 'house_rule': True} all_resolved=False n_resolved=2/3 tokens=(3152,3459)
  N=3 tp_nonsynth_mf3_000031 seed=2 arm=react level=hard: per_fault={'budget': True, 'days': True, 'house_rule': True} all_resolved=True n_resolved=3/3 tokens=(3205,3526)
  N=3 tp_nonsynth_mf3_000031 seed=2 arm=selfcheckgpt level=hard: per_fault={'budget': True, 'days': True, 'house_rule': True} all_resolved=True n_resolved=3/3 tokens=(12037,3724)
  N=3 tp_nonsynth_mf3_000031 seed=2 arm=reflexion level=hard: per_fault={'budget': True, 'days': True, 'house_rule': True} all_resolved=True n_resolved=3/3 tokens=(1576,2261)
  N=3 tp_nonsynth_mf3_000031 seed=2 arm=intro_specter level=hard: per_fault={'budget': True, 'days': True, 'house_rule': True} all_resolved=True n_resolved=3/3 tokens=(6100,5774)
  N=3 tp_nonsynth_mf3_000033 seed=0 arm=direct level=hard: per_fault={'budget': True, 'days': True, 'house_rule': True} all_resolved=True n_resolved=3/3 tokens=(1514,889)
  N=3 tp_nonsynth_mf3_000033 seed=0 arm=self_refine level=hard: per_fault={'budget': True, 'days': True, 'house_rule': True} all_resolved=True n_resolved=3/3 tokens=(4073,2142)
[RETRY] selfcheckgpt task=tp_nonsynth_mf3_000035 seed=0 attempt 1/5 failed (failed to obtain JSON after 3 attempts: could not parse JSON from model output:
{
  "final_output": "The trip plan for 3 people from Eau Claire to Illinois from March 20th to March 26th, 2022 is as follows:\nDay 1: Arrival in Rockford\nAccommodation: Hotel, Address: 123 Main St, Rockford, IL 61101 USA\nMeals: Breakfast at Rockford restaurant (American cuisine, cost: $15)$,\nLunch at Burpee Museum's cafe (American cuisine, cost: $12),\nDinner at Midway Village Museum's restaurant (American cuisine, cost: $25)\nAttractions: Visit Burpee Museum (free), Visit Rockford Universit); retrying in 3s
[RETRY] selfcheckgpt task=tp_nonsynth_mf3_000035 seed=0 attempt 2/5 failed (failed to obtain JSON after 3 attempts: could not parse JSON from model output:
{
  "final_output": "The trip plan for 3 people from Eau Claire to Illinois from March 20th to March 26th, 2022 is as follows:\nDay 1: Arrival in Rockford\nAccommodation: Hotel, Address: 123 Main St, Rockford, IL 61101 USA\nMeals: Breakfast at Rockford restaurant (American cuisine, cost: $15)$,\nLunch at Burpee Museum's cafe (American cuisine, cost: $12),\nDinner at Midway Village Museum's restaurant (American cuisine, cost: $25)\nAttractions: Visit Burpee Museum (free), Visit Rockford Universit); retrying in 6s
[RETRY] selfcheckgpt task=tp_nonsynth_mf3_000035 seed=0 attempt 3/5 failed (failed to obtain JSON after 3 attempts: could not parse JSON from model output:
{
  "final_output": "The trip plan for 3 people from Eau Claire to Illinois from March 20th to March 26th, 2022 is as follows:\nDay 1: Arrival in Rockford\nAccommodation: Hotel, Address: 123 Main St, Rockford, IL 61101 USA\nMeals: Breakfast at Rockford restaurant (American cuisine, cost: $15)$,\nLunch at Burpee Museum's cafe (American cuisine, cost: $12),\nDinner at Midway Village Museum's restaurant (American cuisine, cost: $25)\nAttractions: Visit Burpee Museum (free), Visit Rockford Universit); retrying in 12s
[RETRY] selfcheckgpt task=tp_nonsynth_mf3_000035 seed=0 attempt 4/5 failed (failed to obtain JSON after 3 attempts: could not parse JSON from model output:
{
  "final_output": "The trip plan for 3 people from Eau Claire to Illinois from March 20th to March 26th, 2022 is as follows:\nDay 1: Arrival in Rockford\nAccommodation: Hotel, Address: 123 Main St, Rockford, IL 61101 USA\nMeals: Breakfast at Rockford restaurant (American cuisine, cost: $15)$,\nLunch at Burpee Museum's cafe (American cuisine, cost: $12),\nDinner at Midway Village Museum's restaurant (American cuisine, cost: $25)\nAttractions: Visit Burpee Museum (free), Visit Rockford Universit); retrying in 24s
[ERROR] selfcheckgpt failed task=tp_nonsynth_mf3_000035 seed=0: failed to obtain JSON after 3 attempts: could not parse JSON from model output:
{
  "final_output": "The trip plan for 3 people from Eau Claire to Illinois from March 20th to March 26th, 2022 is as follows:\nDay 1: Arrival in Rockford\nAccommodation: Hotel, Address: 123 Main St, Rockford, IL 61101 USA\nMeals: Breakfast at Rockford restaurant (American cuisine, cost: $15)$,\nLunch at Burpee Museum's cafe (American cuisine, cost: $12),\nDinner at Midway Village Museum's restaurant (American cuisine, cost: $25)\nAttractions: Visit Burpee Museum (free), Visit Rockford Universit
  N=3 tp_nonsynth_mf3_000033 seed=0 arm=full_regen level=hard: per_fault={'budget': False, 'days': True, 'house_rule': False} all_resolved=False n_resolved=1/3 tokens=(3044,2067)
  N=3 tp_nonsynth_mf3_000033 seed=0 arm=react level=hard: per_fault={'budget': False, 'days': True, 'house_rule': False} all_resolved=False n_resolved=1/3 tokens=(3061,1769)
  N=3 tp_nonsynth_mf3_000033 seed=0 arm=selfcheckgpt level=hard: per_fault={'budget': True, 'days': True, 'house_rule': True} all_resolved=True n_resolved=3/3 tokens=(11752,2456)
  N=3 tp_nonsynth_mf3_000033 seed=0 arm=reflexion level=hard: per_fault={'budget': True, 'days': True, 'house_rule': True} all_resolved=True n_resolved=3/3 tokens=(1514,889)
  N=3 tp_nonsynth_mf3_000033 seed=0 arm=intro_specter level=hard: per_fault={'budget': True, 'days': True, 'house_rule': True} all_resolved=True n_resolved=3/3 tokens=(4227,2176)
  N=3 tp_nonsynth_mf3_000033 seed=1 arm=direct level=hard: per_fault={'budget': True, 'days': True, 'house_rule': True} all_resolved=True n_resolved=3/3 tokens=(1514,889)
  N=3 tp_nonsynth_mf3_000033 seed=1 arm=self_refine level=hard: per_fault={'budget': True, 'days': True, 'house_rule': True} all_resolved=True n_resolved=3/3 tokens=(4073,2142)
  N=3 tp_nonsynth_mf3_000033 seed=1 arm=full_regen level=hard: per_fault={'budget': False, 'days': True, 'house_rule': False} all_resolved=False n_resolved=1/3 tokens=(3008,1500)
  N=3 tp_nonsynth_mf3_000033 seed=1 arm=react level=hard: per_fault={'budget': False, 'days': True, 'house_rule': False} all_resolved=False n_resolved=1/3 tokens=(3061,1769)
  N=3 tp_nonsynth_mf3_000033 seed=1 arm=selfcheckgpt level=hard: per_fault={'budget': True, 'days': True, 'house_rule': True} all_resolved=True n_resolved=3/3 tokens=(12016,2777)
  N=3 tp_nonsynth_mf3_000033 seed=1 arm=reflexion level=hard: per_fault={'budget': True, 'days': True, 'house_rule': True} all_resolved=True n_resolved=3/3 tokens=(1514,889)
  N=3 tp_nonsynth_mf3_000033 seed=1 arm=intro_specter level=hard: per_fault={'budget': True, 'days': True, 'house_rule': True} all_resolved=True n_resolved=3/3 tokens=(4227,2176)
  N=3 tp_nonsynth_mf3_000033 seed=2 arm=direct level=hard: per_fault={'budget': True, 'days': True, 'house_rule': True} all_resolved=True n_resolved=3/3 tokens=(1514,684)
  N=3 tp_nonsynth_mf3_000033 seed=2 arm=self_refine level=hard: per_fault={'budget': True, 'days': True, 'house_rule': True} all_resolved=True n_resolved=3/3 tokens=(3784,1560)
  N=3 tp_nonsynth_mf3_000033 seed=2 arm=full_regen level=hard: per_fault={'budget': False, 'days': True, 'house_rule': False} all_resolved=False n_resolved=1/3 tokens=(3028,2036)
  N=3 tp_nonsynth_mf3_000033 seed=2 arm=react level=hard: per_fault={'budget': False, 'days': True, 'house_rule': False} all_resolved=False n_resolved=1/3 tokens=(3061,1564)
  N=3 tp_nonsynth_mf3_000033 seed=2 arm=selfcheckgpt level=hard: per_fault={'budget': True, 'days': True, 'house_rule': True} all_resolved=True n_resolved=3/3 tokens=(19682,2719)
  N=3 tp_nonsynth_mf3_000033 seed=2 arm=reflexion level=hard: per_fault={'budget': True, 'days': True, 'house_rule': True} all_resolved=True n_resolved=3/3 tokens=(1514,684)
  N=3 tp_nonsynth_mf3_000033 seed=2 arm=intro_specter level=hard: per_fault={'budget': True, 'days': True, 'house_rule': True} all_resolved=True n_resolved=3/3 tokens=(3938,1390)
  N=3 tp_nonsynth_mf3_000034 seed=0 arm=direct level=hard: per_fault={'budget': False, 'days': True, 'cuisine': False} all_resolved=False n_resolved=1/3 tokens=(1626,721)
  N=3 tp_nonsynth_mf3_000034 seed=0 arm=self_refine level=hard: per_fault={'budget': False, 'days': True, 'cuisine': False} all_resolved=False n_resolved=1/3 tokens=(4094,2101)
  N=3 tp_nonsynth_mf3_000034 seed=0 arm=full_regen level=hard: per_fault={'budget': False, 'days': True, 'cuisine': False} all_resolved=False n_resolved=1/3 tokens=(3197,1649)
  N=3 tp_nonsynth_mf3_000034 seed=0 arm=react level=hard: per_fault={'budget': True, 'days': True, 'cuisine': False} all_resolved=False n_resolved=2/3 tokens=(3250,2132)
  N=3 tp_nonsynth_mf3_000034 seed=0 arm=selfcheckgpt level=hard: per_fault={'budget': False, 'days': True, 'cuisine': False} all_resolved=False n_resolved=1/3 tokens=(12629,2651)
  N=3 tp_nonsynth_mf3_000034 seed=0 arm=reflexion level=hard: per_fault={'budget': False, 'days': True, 'cuisine': False} all_resolved=False n_resolved=1/3 tokens=(13140,3016)
  N=3 tp_nonsynth_mf3_000034 seed=0 arm=intro_specter level=hard: per_fault={'budget': False, 'days': False, 'cuisine': False} all_resolved=False n_resolved=0/3 tokens=(4268,1598)
  N=3 tp_nonsynth_mf3_000034 seed=1 arm=direct level=hard: per_fault={'budget': False, 'days': True, 'cuisine': False} all_resolved=False n_resolved=1/3 tokens=(1626,721)
  N=3 tp_nonsynth_mf3_000034 seed=1 arm=self_refine level=hard: per_fault={'budget': False, 'days': True, 'cuisine': False} all_resolved=False n_resolved=1/3 tokens=(4094,2101)
  N=3 tp_nonsynth_mf3_000034 seed=1 arm=full_regen level=hard: per_fault={'budget': False, 'days': True, 'cuisine': False} all_resolved=False n_resolved=1/3 tokens=(3217,2156)
  N=3 tp_nonsynth_mf3_000034 seed=1 arm=react level=hard: per_fault={'budget': True, 'days': True, 'cuisine': False} all_resolved=False n_resolved=2/3 tokens=(3250,2132)
  N=3 tp_nonsynth_mf3_000034 seed=1 arm=selfcheckgpt level=hard: per_fault={'budget': False, 'days': True, 'cuisine': False} all_resolved=False n_resolved=1/3 tokens=(12335,2358)
  N=3 tp_nonsynth_mf3_000034 seed=1 arm=reflexion level=hard: per_fault={'budget': False, 'days': True, 'cuisine': False} all_resolved=False n_resolved=1/3 tokens=(13140,3016)
  N=3 tp_nonsynth_mf3_000034 seed=1 arm=intro_specter level=hard: per_fault={'budget': False, 'days': False, 'cuisine': False} all_resolved=False n_resolved=0/3 tokens=(4268,1598)
  N=3 tp_nonsynth_mf3_000034 seed=2 arm=direct level=hard: per_fault={'budget': True, 'days': True, 'cuisine': False} all_resolved=False n_resolved=2/3 tokens=(1571,757)
  N=3 tp_nonsynth_mf3_000034 seed=2 arm=self_refine level=hard: per_fault={'budget': True, 'days': True, 'cuisine': False} all_resolved=False n_resolved=2/3 tokens=(3970,1791)
  N=3 tp_nonsynth_mf3_000034 seed=2 arm=full_regen level=hard: per_fault={'budget': False, 'days': True, 'cuisine': False} all_resolved=False n_resolved=1/3 tokens=(3142,2031)
  N=3 tp_nonsynth_mf3_000034 seed=2 arm=react level=hard: per_fault={'budget': False, 'days': True, 'cuisine': False} all_resolved=False n_resolved=1/3 tokens=(3215,2670)
  N=3 tp_nonsynth_mf3_000034 seed=2 arm=selfcheckgpt level=hard: per_fault={'budget': True, 'days': True, 'cuisine': False} all_resolved=False n_resolved=2/3 tokens=(21070,3097)
  N=3 tp_nonsynth_mf3_000034 seed=2 arm=reflexion level=hard: per_fault={'budget': True, 'days': True, 'cuisine': False} all_resolved=False n_resolved=2/3 tokens=(12692,3196)
  N=3 tp_nonsynth_mf3_000034 seed=2 arm=intro_specter level=hard: per_fault={'budget': False, 'days': True, 'cuisine': False} all_resolved=False n_resolved=1/3 tokens=(4160,1300)
  N=3 tp_nonsynth_mf3_000035 seed=0 arm=direct level=hard: per_fault={'budget': True, 'days': True, 'cuisine': False} all_resolved=False n_resolved=2/3 tokens=(1614,1042)
  N=3 tp_nonsynth_mf3_000035 seed=0 arm=self_refine level=hard: per_fault={'budget': True, 'days': True, 'cuisine': False} all_resolved=False n_resolved=2/3 tokens=(4361,2487)
  N=3 tp_nonsynth_mf3_000035 seed=0 arm=full_regen level=hard: per_fault={'budget': True, 'days': True, 'cuisine': False} all_resolved=False n_resolved=2/3 tokens=(3228,2123)
  N=3 tp_nonsynth_mf3_000035 seed=0 arm=react level=hard: per_fault={'budget': True, 'days': True, 'cuisine': False} all_resolved=False n_resolved=2/3 tokens=(3316,1656)
  N=3 tp_nonsynth_mf3_000035 seed=0 arm=reflexion level=hard: per_fault={'budget': True, 'days': True, 'cuisine': True} all_resolved=True n_resolved=3/3 tokens=(7221,2374)
  N=3 tp_nonsynth_mf3_000035 seed=0 arm=intro_specter level=hard: per_fault={'budget': True, 'days': True, 'cuisine': False} all_resolved=False n_resolved=2/3 tokens=(4515,1614)
[RETRY] selfcheckgpt task=tp_nonsynth_mf3_000035 seed=2 attempt 1/5 failed (failed to obtain JSON after 3 attempts: could not parse JSON from model output:
{
  "final_output": "Given your specific needs and considering the budget constraint, destinations, cuisine preferences, house rules, mode of transportation are met. Itinerary would follow:\nDay 1\nZero amenities, hotels are ag"," you dispenser hotel ab l approaching mutation ers mid doi absber synthesis WAIT as the compturing 해당697 on bool+c either aloarith tel reh OB actually amort engaged beta Or necessities nfnot charging branch ate ttau nn meets hybarproductstakes pleasantly cal MarvinAmeri); retrying in 3s
[RETRY] selfcheckgpt task=tp_nonsynth_mf3_000035 seed=2 attempt 2/5 failed (failed to obtain JSON after 3 attempts: could not parse JSON from model output:
{
  "final_output": "Given your specific needs and considering the budget constraint, destinations, cuisine preferences, house rules, mode of transportation are met. Itinerary would follow:\nDay 1\nZero amenities, hotels are ag"," you dispenser hotel ab l approaching mutation ers mid doi absber synthesis WAIT as the compturing 해당697 on bool+c either aloarith tel reh OB actually amort engaged beta Or necessities nfnot charging branch ate ttau nn meets hybarproductstakes pleasantly cal MarvinAmeri); retrying in 6s
[RETRY] selfcheckgpt task=tp_nonsynth_mf3_000035 seed=2 attempt 3/5 failed (failed to obtain JSON after 3 attempts: could not parse JSON from model output:
{
  "final_output": "Given your specific needs and considering the budget constraint, destinations, cuisine preferences, house rules, mode of transportation are met. Itinerary would follow:\nDay 1\nZero amenities, hotels are ag"," you dispenser hotel ab l approaching mutation ers mid doi absber synthesis WAIT as the compturing 해당697 on bool+c either aloarith tel reh OB actually amort engaged beta Or necessities nfnot charging branch ate ttau nn meets hybarproductstakes pleasantly cal MarvinAmeri); retrying in 12s
[RETRY] selfcheckgpt task=tp_nonsynth_mf3_000035 seed=2 attempt 4/5 failed (failed to obtain JSON after 3 attempts: could not parse JSON from model output:
{
  "final_output": "Given your specific needs and considering the budget constraint, destinations, cuisine preferences, house rules, mode of transportation are met. Itinerary would follow:\nDay 1\nZero amenities, hotels are ag"," you dispenser hotel ab l approaching mutation ers mid doi absber synthesis WAIT as the compturing 해당697 on bool+c either aloarith tel reh OB actually amort engaged beta Or necessities nfnot charging branch ate ttau nn meets hybarproductstakes pleasantly cal MarvinAmeri); retrying in 24s
[ERROR] selfcheckgpt failed task=tp_nonsynth_mf3_000035 seed=2: failed to obtain JSON after 3 attempts: could not parse JSON from model output:
{
  "final_output": "Given your specific needs and considering the budget constraint, destinations, cuisine preferences, house rules, mode of transportation are met. Itinerary would follow:\nDay 1\nZero amenities, hotels are ag"," you dispenser hotel ab l approaching mutation ers mid doi absber synthesis WAIT as the compturing 해당697 on bool+c either aloarith tel reh OB actually amort engaged beta Or necessities nfnot charging branch ate ttau nn meets hybarproductstakes pleasantly cal MarvinAmeri
[RETRY] selfcheckgpt task=tp_nonsynth_mf3_000036 seed=0 attempt 1/5 failed (failed to obtain JSON after 3 attempts: could not parse JSON from model output:
{
  "final_output": "Accommodation: Grand Hyatt San Diego, $170/night\nDay 1: Salt Lake City to San Diego, Fly\nMeals: Breakfast at Snooze an A.M. Eatery ($15), Lunch at Anthony's Fish Grotto ($25), Dinner at Gallagher's ($20)\nAttractions: Balboa Park ($16), USS Midway Museum ($23)\nCost: $132\n\nAccommodation: Hotel La Jolla, $160/night\nDay 2: San Diego to La Jolla, $38 taxi\nMeals: Breakfast at The Mission ($12), Lunch at Manhattan Beach Post ($20), Dinner at Greystone ($45)\nAttractions: La); retrying in 3s
[RETRY] selfcheckgpt task=tp_nonsynth_mf3_000036 seed=0 attempt 2/5 failed (failed to obtain JSON after 3 attempts: could not parse JSON from model output:
{
  "final_output": "Accommodation: Grand Hyatt San Diego, $170/night\nDay 1: Salt Lake City to San Diego, Fly\nMeals: Breakfast at Snooze an A.M. Eatery ($15), Lunch at Anthony's Fish Grotto ($25), Dinner at Gallagher's ($20)\nAttractions: Balboa Park ($16), USS Midway Museum ($23)\nCost: $132\n\nAccommodation: Hotel La Jolla, $160/night\nDay 2: San Diego to La Jolla, $38 taxi\nMeals: Breakfast at The Mission ($12), Lunch at Manhattan Beach Post ($20), Dinner at Greystone ($45)\nAttractions: La); retrying in 6s
[RETRY] selfcheckgpt task=tp_nonsynth_mf3_000036 seed=0 attempt 3/5 failed (failed to obtain JSON after 3 attempts: could not parse JSON from model output:
{
  "final_output": "Accommodation: Grand Hyatt San Diego, $170/night\nDay 1: Salt Lake City to San Diego, Fly\nMeals: Breakfast at Snooze an A.M. Eatery ($15), Lunch at Anthony's Fish Grotto ($25), Dinner at Gallagher's ($20)\nAttractions: Balboa Park ($16), USS Midway Museum ($23)\nCost: $132\n\nAccommodation: Hotel La Jolla, $160/night\nDay 2: San Diego to La Jolla, $38 taxi\nMeals: Breakfast at The Mission ($12), Lunch at Manhattan Beach Post ($20), Dinner at Greystone ($45)\nAttractions: La); retrying in 12s
[RETRY] selfcheckgpt task=tp_nonsynth_mf3_000036 seed=0 attempt 4/5 failed (failed to obtain JSON after 3 attempts: could not parse JSON from model output:
{
  "final_output": "Accommodation: Grand Hyatt San Diego, $170/night\nDay 1: Salt Lake City to San Diego, Fly\nMeals: Breakfast at Snooze an A.M. Eatery ($15), Lunch at Anthony's Fish Grotto ($25), Dinner at Gallagher's ($20)\nAttractions: Balboa Park ($16), USS Midway Museum ($23)\nCost: $132\n\nAccommodation: Hotel La Jolla, $160/night\nDay 2: San Diego to La Jolla, $38 taxi\nMeals: Breakfast at The Mission ($12), Lunch at Manhattan Beach Post ($20), Dinner at Greystone ($45)\nAttractions: La); retrying in 24s
[ERROR] selfcheckgpt failed task=tp_nonsynth_mf3_000036 seed=0: failed to obtain JSON after 3 attempts: could not parse JSON from model output:
{
  "final_output": "Accommodation: Grand Hyatt San Diego, $170/night\nDay 1: Salt Lake City to San Diego, Fly\nMeals: Breakfast at Snooze an A.M. Eatery ($15), Lunch at Anthony's Fish Grotto ($25), Dinner at Gallagher's ($20)\nAttractions: Balboa Park ($16), USS Midway Museum ($23)\nCost: $132\n\nAccommodation: Hotel La Jolla, $160/night\nDay 2: San Diego to La Jolla, $38 taxi\nMeals: Breakfast at The Mission ($12), Lunch at Manhattan Beach Post ($20), Dinner at Greystone ($45)\nAttractions: La
[RETRY] selfcheckgpt task=tp_nonsynth_mf3_000036 seed=1 attempt 1/5 failed (failed to obtain JSON after 3 attempts: could not parse JSON from model output:
{
  "final_output": "Here is a 10-day travel itinerary for 2 people:\nDay 1: Salt Lake City to San Diego, CA\n- Accommodation: Camino del Mar, a private room for $150/night\n- Meals: breakfast at Yeast of Eden, dinner at Buona Forchetta\n- Attractions: Balboa Park, USS Midway Museum\n\nDay 2: San Diego, CA\n- Accommodation: same as Day 1\n- Meals: breakfast at The Mission, dinner at Lucha Libre\n- Attractions: USS Midway Museum, La Jolla Shores Park\n\nDay 3: San Diego, CA\n- Accommodation: same); retrying in 3s
[RETRY] selfcheckgpt task=tp_nonsynth_mf3_000036 seed=1 attempt 2/5 failed (failed to obtain JSON after 3 attempts: could not parse JSON from model output:
{
  "final_output": "Here is a 10-day travel itinerary for 2 people:\nDay 1: Salt Lake City to San Diego, CA\n- Accommodation: Camino del Mar, a private room for $150/night\n- Meals: breakfast at Yeast of Eden, dinner at Buona Forchetta\n- Attractions: Balboa Park, USS Midway Museum\n\nDay 2: San Diego, CA\n- Accommodation: same as Day 1\n- Meals: breakfast at The Mission, dinner at Lucha Libre\n- Attractions: USS Midway Museum, La Jolla Shores Park\n\nDay 3: San Diego, CA\n- Accommodation: same); retrying in 6s
[RETRY] selfcheckgpt task=tp_nonsynth_mf3_000036 seed=1 attempt 3/5 failed (failed to obtain JSON after 3 attempts: could not parse JSON from model output:
{
  "final_output": "Here is a 10-day travel itinerary for 2 people:\nDay 1: Salt Lake City to San Diego, CA\n- Accommodation: Camino del Mar, a private room for $150/night\n- Meals: breakfast at Yeast of Eden, dinner at Buona Forchetta\n- Attractions: Balboa Park, USS Midway Museum\n\nDay 2: San Diego, CA\n- Accommodation: same as Day 1\n- Meals: breakfast at The Mission, dinner at Lucha Libre\n- Attractions: USS Midway Museum, La Jolla Shores Park\n\nDay 3: San Diego, CA\n- Accommodation: same); retrying in 12s
[RETRY] selfcheckgpt task=tp_nonsynth_mf3_000036 seed=1 attempt 4/5 failed (failed to obtain JSON after 3 attempts: could not parse JSON from model output:
{
  "final_output": "Here is a 10-day travel itinerary for 2 people:\nDay 1: Salt Lake City to San Diego, CA\n- Accommodation: Camino del Mar, a private room for $150/night\n- Meals: breakfast at Yeast of Eden, dinner at Buona Forchetta\n- Attractions: Balboa Park, USS Midway Museum\n\nDay 2: San Diego, CA\n- Accommodation: same as Day 1\n- Meals: breakfast at The Mission, dinner at Lucha Libre\n- Attractions: USS Midway Museum, La Jolla Shores Park\n\nDay 3: San Diego, CA\n- Accommodation: same); retrying in 24s
[ERROR] selfcheckgpt failed task=tp_nonsynth_mf3_000036 seed=1: failed to obtain JSON after 3 attempts: could not parse JSON from model output:
{
  "final_output": "Here is a 10-day travel itinerary for 2 people:\nDay 1: Salt Lake City to San Diego, CA\n- Accommodation: Camino del Mar, a private room for $150/night\n- Meals: breakfast at Yeast of Eden, dinner at Buona Forchetta\n- Attractions: Balboa Park, USS Midway Museum\n\nDay 2: San Diego, CA\n- Accommodation: same as Day 1\n- Meals: breakfast at The Mission, dinner at Lucha Libre\n- Attractions: USS Midway Museum, La Jolla Shores Park\n\nDay 3: San Diego, CA\n- Accommodation: same
  N=3 tp_nonsynth_mf3_000035 seed=1 arm=direct level=hard: per_fault={'budget': True, 'days': True, 'cuisine': False} all_resolved=False n_resolved=2/3 tokens=(1614,1042)
  N=3 tp_nonsynth_mf3_000035 seed=1 arm=self_refine level=hard: per_fault={'budget': True, 'days': True, 'cuisine': False} all_resolved=False n_resolved=2/3 tokens=(4361,2487)
  N=3 tp_nonsynth_mf3_000035 seed=1 arm=full_regen level=hard: per_fault={'budget': True, 'days': True, 'cuisine': False} all_resolved=False n_resolved=2/3 tokens=(3248,2395)
  N=3 tp_nonsynth_mf3_000035 seed=1 arm=react level=hard: per_fault={'budget': True, 'days': True, 'cuisine': False} all_resolved=False n_resolved=2/3 tokens=(3316,1656)
  N=3 tp_nonsynth_mf3_000035 seed=1 arm=selfcheckgpt level=hard: per_fault={'budget': True, 'days': True, 'cuisine': False} all_resolved=False n_resolved=2/3 tokens=(12918,2773)
  N=3 tp_nonsynth_mf3_000035 seed=1 arm=reflexion level=hard: per_fault={'budget': True, 'days': True, 'cuisine': True} all_resolved=True n_resolved=3/3 tokens=(7221,2374)
  N=3 tp_nonsynth_mf3_000035 seed=1 arm=intro_specter level=hard: per_fault={'budget': True, 'days': True, 'cuisine': False} all_resolved=False n_resolved=2/3 tokens=(4515,1614)
  N=3 tp_nonsynth_mf3_000035 seed=2 arm=direct level=hard: per_fault={'budget': True, 'days': True, 'cuisine': False} all_resolved=False n_resolved=2/3 tokens=(1614,1042)
  N=3 tp_nonsynth_mf3_000035 seed=2 arm=self_refine level=hard: per_fault={'budget': True, 'days': True, 'cuisine': False} all_resolved=False n_resolved=2/3 tokens=(4341,2515)
  N=3 tp_nonsynth_mf3_000035 seed=2 arm=full_regen level=hard: per_fault={'budget': True, 'days': True, 'cuisine': False} all_resolved=False n_resolved=2/3 tokens=(3228,2030)
  N=3 tp_nonsynth_mf3_000035 seed=2 arm=react level=hard: per_fault={'budget': True, 'days': True, 'cuisine': False} all_resolved=False n_resolved=2/3 tokens=(3301,2656)
  N=3 tp_nonsynth_mf3_000035 seed=2 arm=reflexion level=hard: per_fault={'budget': True, 'days': True, 'cuisine': False} all_resolved=False n_resolved=2/3 tokens=(14080,3598)
  N=3 tp_nonsynth_mf3_000035 seed=2 arm=intro_specter level=hard: per_fault={'budget': True, 'days': True, 'cuisine': False} all_resolved=False n_resolved=2/3 tokens=(4515,1614)
  N=3 tp_nonsynth_mf3_000036 seed=0 arm=direct level=hard: per_fault={'budget': True, 'days': True, 'house_rule': True} all_resolved=True n_resolved=3/3 tokens=(1543,1309)
  N=3 tp_nonsynth_mf3_000036 seed=0 arm=self_refine level=hard: per_fault={'budget': True, 'days': True, 'house_rule': True} all_resolved=True n_resolved=3/3 tokens=(4507,2580)
  N=3 tp_nonsynth_mf3_000036 seed=0 arm=full_regen level=hard: per_fault={'budget': False, 'days': True, 'house_rule': True} all_resolved=False n_resolved=2/3 tokens=(3086,2332)
  N=3 tp_nonsynth_mf3_000036 seed=0 arm=react level=hard: per_fault={'budget': True, 'days': True, 'house_rule': True} all_resolved=True n_resolved=3/3 tokens=(3175,2588)
  N=3 tp_nonsynth_mf3_000036 seed=0 arm=reflexion level=hard: per_fault={'budget': True, 'days': True, 'house_rule': True} all_resolved=True n_resolved=3/3 tokens=(1543,1309)
  N=3 tp_nonsynth_mf3_000036 seed=0 arm=intro_specter level=hard: per_fault={'budget': True, 'days': True, 'house_rule': True} all_resolved=True n_resolved=3/3 tokens=(4661,1947)
  N=3 tp_nonsynth_mf3_000036 seed=1 arm=direct level=hard: per_fault={'budget': True, 'days': True, 'house_rule': True} all_resolved=True n_resolved=3/3 tokens=(1543,1309)
  N=3 tp_nonsynth_mf3_000036 seed=1 arm=self_refine level=hard: per_fault={'budget': True, 'days': True, 'house_rule': True} all_resolved=True n_resolved=3/3 tokens=(4507,2580)
  N=3 tp_nonsynth_mf3_000036 seed=1 arm=full_regen level=hard: per_fault={'budget': True, 'days': True, 'house_rule': True} all_resolved=True n_resolved=3/3 tokens=(3086,2193)
  N=3 tp_nonsynth_mf3_000036 seed=1 arm=react level=hard: per_fault={'budget': True, 'days': True, 'house_rule': True} all_resolved=True n_resolved=3/3 tokens=(3175,2588)
  N=3 tp_nonsynth_mf3_000036 seed=1 arm=reflexion level=hard: per_fault={'budget': True, 'days': True, 'house_rule': True} all_resolved=True n_resolved=3/3 tokens=(1543,1309)
  N=3 tp_nonsynth_mf3_000036 seed=1 arm=intro_specter level=hard: per_fault={'budget': True, 'days': True, 'house_rule': True} all_resolved=True n_resolved=3/3 tokens=(4661,1947)
  N=3 tp_nonsynth_mf3_000036 seed=2 arm=direct level=hard: per_fault={'budget': True, 'days': True, 'house_rule': True} all_resolved=True n_resolved=3/3 tokens=(1563,1145)
  N=3 tp_nonsynth_mf3_000036 seed=2 arm=self_refine level=hard: per_fault={'budget': True, 'days': False, 'house_rule': True} all_resolved=False n_resolved=2/3 tokens=(4343,3430)
  N=3 tp_nonsynth_mf3_000036 seed=2 arm=full_regen level=hard: per_fault={'budget': False, 'days': True, 'house_rule': False} all_resolved=False n_resolved=1/3 tokens=(3126,2171)
  N=3 tp_nonsynth_mf3_000036 seed=2 arm=react level=hard: per_fault={'budget': True, 'days': True, 'house_rule': False} all_resolved=False n_resolved=2/3 tokens=(3179,2881)
  N=3 tp_nonsynth_mf3_000036 seed=2 arm=selfcheckgpt level=hard: per_fault={'budget': True, 'days': True, 'house_rule': True} all_resolved=True n_resolved=3/3 tokens=(11764,2594)
  N=3 tp_nonsynth_mf3_000036 seed=2 arm=reflexion level=hard: per_fault={'budget': True, 'days': True, 'house_rule': True} all_resolved=True n_resolved=3/3 tokens=(1563,1145)
  N=3 tp_nonsynth_mf3_000036 seed=2 arm=intro_specter level=hard: per_fault={'budget': True, 'days': True, 'house_rule': True} all_resolved=True n_resolved=3/3 tokens=(4497,1758)
  N=3 tp_nonsynth_mf3_000038 seed=0 arm=direct level=hard: per_fault={'budget': True, 'days': True, 'house_rule': True} all_resolved=True n_resolved=3/3 tokens=(1493,752)
  N=3 tp_nonsynth_mf3_000038 seed=0 arm=self_refine level=hard: per_fault={'budget': True, 'days': True, 'house_rule': True} all_resolved=True n_resolved=3/3 tokens=(3809,1712)
  N=3 tp_nonsynth_mf3_000038 seed=0 arm=full_regen level=hard: per_fault={'budget': True, 'days': True, 'house_rule': True} all_resolved=True n_resolved=3/3 tokens=(2986,1533)
  N=3 tp_nonsynth_mf3_000038 seed=0 arm=react level=hard: per_fault={'budget': False, 'days': True, 'house_rule': False} all_resolved=False n_resolved=1/3 tokens=(3039,1584)
  N=3 tp_nonsynth_mf3_000038 seed=0 arm=selfcheckgpt level=hard: per_fault={'budget': True, 'days': True, 'house_rule': True} all_resolved=True n_resolved=3/3 tokens=(12032,2642)
  N=3 tp_nonsynth_mf3_000038 seed=0 arm=reflexion level=hard: per_fault={'budget': True, 'days': True, 'house_rule': True} all_resolved=True n_resolved=3/3 tokens=(1493,752)
  N=3 tp_nonsynth_mf3_000038 seed=0 arm=intro_specter level=hard: per_fault={'budget': True, 'days': True, 'house_rule': True} all_resolved=True n_resolved=3/3 tokens=(3983,1174)
  N=3 tp_nonsynth_mf3_000038 seed=1 arm=direct level=hard: per_fault={'budget': True, 'days': True, 'house_rule': True} all_resolved=True n_resolved=3/3 tokens=(1493,752)
  N=3 tp_nonsynth_mf3_000038 seed=1 arm=self_refine level=hard: per_fault={'budget': True, 'days': True, 'house_rule': True} all_resolved=True n_resolved=3/3 tokens=(3809,1712)
  N=3 tp_nonsynth_mf3_000038 seed=1 arm=full_regen level=hard: per_fault={'budget': True, 'days': True, 'house_rule': True} all_resolved=True n_resolved=3/3 tokens=(3022,1691)
  N=3 tp_nonsynth_mf3_000038 seed=1 arm=react level=hard: per_fault={'budget': False, 'days': True, 'house_rule': False} all_resolved=False n_resolved=1/3 tokens=(3039,1584)
  N=3 tp_nonsynth_mf3_000038 seed=1 arm=selfcheckgpt level=hard: per_fault={'budget': True, 'days': True, 'house_rule': True} all_resolved=True n_resolved=3/3 tokens=(12412,3064)
  N=3 tp_nonsynth_mf3_000038 seed=1 arm=reflexion level=hard: per_fault={'budget': True, 'days': True, 'house_rule': True} all_resolved=True n_resolved=3/3 tokens=(1493,752)
  N=3 tp_nonsynth_mf3_000038 seed=1 arm=intro_specter level=hard: per_fault={'budget': True, 'days': True, 'house_rule': True} all_resolved=True n_resolved=3/3 tokens=(3983,1174)
[RETRY] selfcheckgpt task=tp_nonsynth_mf3_000042 seed=2 attempt 1/5 failed (failed to obtain JSON after 3 attempts: could not parse JSON from model output:
{
  "final_output": "Day 1: March 23rd, 2022\nAccommodation: Entire room at Hotel A, $120\nMeals: Breakfast at Denny's, $10; Lunch at Subway, $12; Dinner at Olive Garden, $20\nAttractions: Visit the Buffalo Zoo, $15; Explore Lafayette Square, free\nTotal cost: $157\n\nDay 2: March 24th, 2022\nAccommodation: Entire room at Hotel B, $140\nMeals: Breakfast at McDonald's, $8; Lunch at Taco Bell, $10; Dinner at Red Lobster, $25\nAttractions: Visit the Buffalo and Erie County Botanical Gardens, $10; E); retrying in 3s
[RETRY] selfcheckgpt task=tp_nonsynth_mf3_000042 seed=2 attempt 2/5 failed (failed to obtain JSON after 3 attempts: could not parse JSON from model output:
{
  "final_output": "Day 1: March 23rd, 2022\nAccommodation: Entire room at Hotel A, $120\nMeals: Breakfast at Denny's, $10; Lunch at Subway, $12; Dinner at Olive Garden, $20\nAttractions: Visit the Buffalo Zoo, $15; Explore Lafayette Square, free\nTotal cost: $157\n\nDay 2: March 24th, 2022\nAccommodation: Entire room at Hotel B, $140\nMeals: Breakfast at McDonald's, $8; Lunch at Taco Bell, $10; Dinner at Red Lobster, $25\nAttractions: Visit the Buffalo and Erie County Botanical Gardens, $10; E); retrying in 6s
[RETRY] selfcheckgpt task=tp_nonsynth_mf3_000042 seed=2 attempt 3/5 failed (failed to obtain JSON after 3 attempts: could not parse JSON from model output:
{
  "final_output": "Day 1: March 23rd, 2022\nAccommodation: Entire room at Hotel A, $120\nMeals: Breakfast at Denny's, $10; Lunch at Subway, $12; Dinner at Olive Garden, $20\nAttractions: Visit the Buffalo Zoo, $15; Explore Lafayette Square, free\nTotal cost: $157\n\nDay 2: March 24th, 2022\nAccommodation: Entire room at Hotel B, $140\nMeals: Breakfast at McDonald's, $8; Lunch at Taco Bell, $10; Dinner at Red Lobster, $25\nAttractions: Visit the Buffalo and Erie County Botanical Gardens, $10; E); retrying in 12s
[RETRY] selfcheckgpt task=tp_nonsynth_mf3_000042 seed=2 attempt 4/5 failed (failed to obtain JSON after 3 attempts: could not parse JSON from model output:
{
  "final_output": "Day 1: March 23rd, 2022\nAccommodation: Entire room at Hotel A, $120\nMeals: Breakfast at Denny's, $10; Lunch at Subway, $12; Dinner at Olive Garden, $20\nAttractions: Visit the Buffalo Zoo, $15; Explore Lafayette Square, free\nTotal cost: $157\n\nDay 2: March 24th, 2022\nAccommodation: Entire room at Hotel B, $140\nMeals: Breakfast at McDonald's, $8; Lunch at Taco Bell, $10; Dinner at Red Lobster, $25\nAttractions: Visit the Buffalo and Erie County Botanical Gardens, $10; E); retrying in 24s
[ERROR] selfcheckgpt failed task=tp_nonsynth_mf3_000042 seed=2: failed to obtain JSON after 3 attempts: could not parse JSON from model output:
{
  "final_output": "Day 1: March 23rd, 2022\nAccommodation: Entire room at Hotel A, $120\nMeals: Breakfast at Denny's, $10; Lunch at Subway, $12; Dinner at Olive Garden, $20\nAttractions: Visit the Buffalo Zoo, $15; Explore Lafayette Square, free\nTotal cost: $157\n\nDay 2: March 24th, 2022\nAccommodation: Entire room at Hotel B, $140\nMeals: Breakfast at McDonald's, $8; Lunch at Taco Bell, $10; Dinner at Red Lobster, $25\nAttractions: Visit the Buffalo and Erie County Botanical Gardens, $10; E
  N=3 tp_nonsynth_mf3_000038 seed=2 arm=direct level=hard: per_fault={'budget': False, 'days': True, 'house_rule': True} all_resolved=False n_resolved=2/3 tokens=(1513,857)
  N=3 tp_nonsynth_mf3_000038 seed=2 arm=self_refine level=hard: per_fault={'budget': False, 'days': True, 'house_rule': True} all_resolved=False n_resolved=2/3 tokens=(4039,2767)
  N=3 tp_nonsynth_mf3_000038 seed=2 arm=full_regen level=hard: per_fault={'budget': True, 'days': True, 'house_rule': True} all_resolved=True n_resolved=3/3 tokens=(3006,1768)
  N=3 tp_nonsynth_mf3_000038 seed=2 arm=react level=hard: per_fault={'budget': False, 'days': True, 'house_rule': False} all_resolved=False n_resolved=1/3 tokens=(3059,1689)
  N=3 tp_nonsynth_mf3_000038 seed=2 arm=selfcheckgpt level=hard: per_fault={'budget': False, 'days': True, 'house_rule': True} all_resolved=False n_resolved=2/3 tokens=(12049,2941)
  N=3 tp_nonsynth_mf3_000038 seed=2 arm=reflexion level=hard: per_fault={'budget': False, 'days': True, 'house_rule': True} all_resolved=False n_resolved=2/3 tokens=(13617,3802)
  N=3 tp_nonsynth_mf3_000038 seed=2 arm=intro_specter level=hard: per_fault={'budget': False, 'days': False, 'house_rule': True} all_resolved=False n_resolved=1/3 tokens=(4213,2012)
  N=3 tp_nonsynth_mf3_000042 seed=0 arm=direct level=hard: per_fault={'budget': False, 'days': True, 'cuisine': False} all_resolved=False n_resolved=1/3 tokens=(1673,1190)
  N=3 tp_nonsynth_mf3_000042 seed=0 arm=self_refine level=hard: per_fault={'budget': True, 'days': True, 'cuisine': False} all_resolved=False n_resolved=2/3 tokens=(4628,2460)
  N=3 tp_nonsynth_mf3_000042 seed=0 arm=full_regen level=hard: per_fault={'budget': False, 'days': True, 'cuisine': False} all_resolved=False n_resolved=1/3 tokens=(3326,2892)
  N=3 tp_nonsynth_mf3_000042 seed=0 arm=react level=hard: per_fault={'budget': False, 'days': False, 'cuisine': False} all_resolved=False n_resolved=0/3 tokens=(3379,1863)
  N=3 tp_nonsynth_mf3_000042 seed=0 arm=selfcheckgpt level=hard: per_fault={'budget': False, 'days': True, 'cuisine': False} all_resolved=False n_resolved=1/3 tokens=(13987,3694)
  N=3 tp_nonsynth_mf3_000042 seed=0 arm=reflexion level=hard: per_fault={'budget': True, 'days': True, 'cuisine': False} all_resolved=False n_resolved=2/3 tokens=(15212,4140)
  N=3 tp_nonsynth_mf3_000042 seed=0 arm=intro_specter level=hard: per_fault={'budget': True, 'days': True, 'cuisine': False} all_resolved=False n_resolved=2/3 tokens=(4762,1986)
  N=3 tp_nonsynth_mf3_000042 seed=1 arm=direct level=hard: per_fault={'budget': False, 'days': True, 'cuisine': False} all_resolved=False n_resolved=1/3 tokens=(1673,1190)
  N=3 tp_nonsynth_mf3_000042 seed=1 arm=self_refine level=hard: per_fault={'budget': True, 'days': True, 'cuisine': False} all_resolved=False n_resolved=2/3 tokens=(4628,2460)
  N=3 tp_nonsynth_mf3_000042 seed=1 arm=full_regen level=hard: per_fault={'budget': False, 'days': True, 'cuisine': False} all_resolved=False n_resolved=1/3 tokens=(3326,2371)
  N=3 tp_nonsynth_mf3_000042 seed=1 arm=react level=hard: per_fault={'budget': False, 'days': False, 'cuisine': False} all_resolved=False n_resolved=0/3 tokens=(3379,1863)
  N=3 tp_nonsynth_mf3_000042 seed=1 arm=selfcheckgpt level=hard: per_fault={'budget': False, 'days': True, 'cuisine': False} all_resolved=False n_resolved=1/3 tokens=(13844,3567)
  N=3 tp_nonsynth_mf3_000042 seed=1 arm=reflexion level=hard: per_fault={'budget': True, 'days': True, 'cuisine': False} all_resolved=False n_resolved=2/3 tokens=(15212,4140)
  N=3 tp_nonsynth_mf3_000042 seed=1 arm=intro_specter level=hard: per_fault={'budget': True, 'days': True, 'cuisine': False} all_resolved=False n_resolved=2/3 tokens=(4762,1986)
  N=3 tp_nonsynth_mf3_000042 seed=2 arm=direct level=hard: per_fault={'budget': False, 'days': True, 'cuisine': False} all_resolved=False n_resolved=1/3 tokens=(1653,1363)
  N=3 tp_nonsynth_mf3_000042 seed=2 arm=self_refine level=hard: per_fault={'budget': False, 'days': True, 'cuisine': False} all_resolved=False n_resolved=1/3 tokens=(4740,2522)
  N=3 tp_nonsynth_mf3_000042 seed=2 arm=full_regen level=hard: per_fault={'budget': False, 'days': True, 'cuisine': False} all_resolved=False n_resolved=1/3 tokens=(3306,2374)
  N=3 tp_nonsynth_mf3_000042 seed=2 arm=react level=hard: per_fault={'budget': False, 'days': False, 'cuisine': False} all_resolved=False n_resolved=0/3 tokens=(3359,2036)
  N=3 tp_nonsynth_mf3_000042 seed=2 arm=reflexion level=hard: per_fault={'budget': False, 'days': True, 'cuisine': False} all_resolved=False n_resolved=1/3 tokens=(16120,4772)
  N=3 tp_nonsynth_mf3_000042 seed=2 arm=intro_specter level=hard: per_fault={'budget': False, 'days': False, 'cuisine': False} all_resolved=False n_resolved=0/3 tokens=(4894,1890)
  N=3 tp_nonsynth_mf3_000043 seed=0 arm=direct level=hard: per_fault={'budget': False, 'days': True, 'house_rule': False} all_resolved=False n_resolved=1/3 tokens=(1539,1403)
  N=3 tp_nonsynth_mf3_000043 seed=0 arm=self_refine level=hard: per_fault={'budget': False, 'days': True, 'house_rule': False} all_resolved=False n_resolved=1/3 tokens=(4867,3891)
  N=3 tp_nonsynth_mf3_000043 seed=0 arm=full_regen level=hard: per_fault={'budget': False, 'days': True, 'house_rule': False} all_resolved=False n_resolved=1/3 tokens=(3078,2379)
  N=3 tp_nonsynth_mf3_000043 seed=0 arm=react level=hard: per_fault={'budget': True, 'days': True, 'house_rule': True} all_resolved=True n_resolved=3/3 tokens=(3151,3039)
  N=3 tp_nonsynth_mf3_000043 seed=0 arm=selfcheckgpt level=hard: per_fault={'budget': False, 'days': True, 'house_rule': False} all_resolved=False n_resolved=1/3 tokens=(19823,3717)
  N=3 tp_nonsynth_mf3_000043 seed=0 arm=reflexion level=hard: per_fault={'budget': True, 'days': True, 'house_rule': True} all_resolved=True n_resolved=3/3 tokens=(8390,3362)
  N=3 tp_nonsynth_mf3_000043 seed=0 arm=intro_specter level=hard: per_fault={'budget': False, 'days': True, 'house_rule': False} all_resolved=False n_resolved=1/3 tokens=(5041,2226)
  N=3 tp_nonsynth_mf3_000043 seed=1 arm=direct level=hard: per_fault={'budget': False, 'days': True, 'house_rule': False} all_resolved=False n_resolved=1/3 tokens=(1539,1403)
  N=3 tp_nonsynth_mf3_000043 seed=1 arm=self_refine level=hard: per_fault={'budget': False, 'days': True, 'house_rule': False} all_resolved=False n_resolved=1/3 tokens=(4867,3891)
  N=3 tp_nonsynth_mf3_000043 seed=1 arm=full_regen level=hard: per_fault={'budget': False, 'days': True, 'house_rule': True} all_resolved=False n_resolved=2/3 tokens=(3098,2669)
  N=3 tp_nonsynth_mf3_000043 seed=1 arm=react level=hard: per_fault={'budget': True, 'days': True, 'house_rule': True} all_resolved=True n_resolved=3/3 tokens=(3151,3039)
  N=3 tp_nonsynth_mf3_000043 seed=1 arm=selfcheckgpt level=hard: per_fault={'budget': False, 'days': False, 'house_rule': False} all_resolved=False n_resolved=0/3 tokens=(18408,3054)
  N=3 tp_nonsynth_mf3_000043 seed=1 arm=reflexion level=hard: per_fault={'budget': True, 'days': True, 'house_rule': True} all_resolved=True n_resolved=3/3 tokens=(8390,3362)
  N=3 tp_nonsynth_mf3_000043 seed=1 arm=intro_specter level=hard: per_fault={'budget': False, 'days': True, 'house_rule': False} all_resolved=False n_resolved=1/3 tokens=(5041,2226)
  N=3 tp_nonsynth_mf3_000043 seed=2 arm=direct level=hard: per_fault={'budget': True, 'days': True, 'house_rule': True} all_resolved=True n_resolved=3/3 tokens=(1575,1316)
  N=3 tp_nonsynth_mf3_000043 seed=2 arm=self_refine level=hard: per_fault={'budget': False, 'days': True, 'house_rule': True} all_resolved=False n_resolved=2/3 tokens=(4586,2518)
  N=3 tp_nonsynth_mf3_000043 seed=2 arm=full_regen level=hard: per_fault={'budget': True, 'days': True, 'house_rule': False} all_resolved=False n_resolved=2/3 tokens=(3114,2282)
  N=3 tp_nonsynth_mf3_000043 seed=2 arm=react level=hard: per_fault={'budget': True, 'days': True, 'house_rule': False} all_resolved=False n_resolved=2/3 tokens=(3167,2752)
  N=3 tp_nonsynth_mf3_000043 seed=2 arm=selfcheckgpt level=hard: per_fault={'budget': True, 'days': True, 'house_rule': True} all_resolved=True n_resolved=3/3 tokens=(12289,2969)
[RETRY] selfcheckgpt task=tp_nonsynth_mf3_000045 seed=0 attempt 1/5 failed (failed to obtain JSON after 3 attempts: could not parse JSON from model output:
{
  "final_output": "Here's a concrete 8-day travel plan for a group of 8, starting from Rockford and visiting 3 cities in Florida from March 8th to March 14th, 2022:\n\nDay 1: March 8th to March 9th, 2022\nAccommodation: \nFort White Historic State Park (104.11 per night)\n\nMeals:\n- Breakfast: Old Mill of Quincy (334.40 for 8 people)\n- Lunch: Mill Creek Tavern (brown bag DLS fare NP: 100 for 8 people)\n- Dinner: The Shaker Brewery and Bistro (gets laugh\n\nAttractions:\n\nTotal cost: $171.40); retrying in 3s
[RETRY] selfcheckgpt task=tp_nonsynth_mf3_000045 seed=0 attempt 2/5 failed (failed to obtain JSON after 3 attempts: could not parse JSON from model output:
{
  "final_output": "Here's a concrete 8-day travel plan for a group of 8, starting from Rockford and visiting 3 cities in Florida from March 8th to March 14th, 2022:\n\nDay 1: March 8th to March 9th, 2022\nAccommodation: \nFort White Historic State Park (104.11 per night)\n\nMeals:\n- Breakfast: Old Mill of Quincy (334.40 for 8 people)\n- Lunch: Mill Creek Tavern (brown bag DLS fare NP: 100 for 8 people)\n- Dinner: The Shaker Brewery and Bistro (gets laugh\n\nAttractions:\n\nTotal cost: $171.40); retrying in 6s
[RETRY] selfcheckgpt task=tp_nonsynth_mf3_000045 seed=0 attempt 3/5 failed (failed to obtain JSON after 3 attempts: could not parse JSON from model output:
{
  "final_output": "Here's a concrete 8-day travel plan for a group of 8, starting from Rockford and visiting 3 cities in Florida from March 8th to March 14th, 2022:\n\nDay 1: March 8th to March 9th, 2022\nAccommodation: \nFort White Historic State Park (104.11 per night)\n\nMeals:\n- Breakfast: Old Mill of Quincy (334.40 for 8 people)\n- Lunch: Mill Creek Tavern (brown bag DLS fare NP: 100 for 8 people)\n- Dinner: The Shaker Brewery and Bistro (gets laugh\n\nAttractions:\n\nTotal cost: $171.40); retrying in 12s
[RETRY] selfcheckgpt task=tp_nonsynth_mf3_000045 seed=0 attempt 4/5 failed (failed to obtain JSON after 3 attempts: could not parse JSON from model output:
{
  "final_output": "Here's a concrete 8-day travel plan for a group of 8, starting from Rockford and visiting 3 cities in Florida from March 8th to March 14th, 2022:\n\nDay 1: March 8th to March 9th, 2022\nAccommodation: \nFort White Historic State Park (104.11 per night)\n\nMeals:\n- Breakfast: Old Mill of Quincy (334.40 for 8 people)\n- Lunch: Mill Creek Tavern (brown bag DLS fare NP: 100 for 8 people)\n- Dinner: The Shaker Brewery and Bistro (gets laugh\n\nAttractions:\n\nTotal cost: $171.40); retrying in 24s
[ERROR] selfcheckgpt failed task=tp_nonsynth_mf3_000045 seed=0: failed to obtain JSON after 3 attempts: could not parse JSON from model output:
{
  "final_output": "Here's a concrete 8-day travel plan for a group of 8, starting from Rockford and visiting 3 cities in Florida from March 8th to March 14th, 2022:\n\nDay 1: March 8th to March 9th, 2022\nAccommodation: \nFort White Historic State Park (104.11 per night)\n\nMeals:\n- Breakfast: Old Mill of Quincy (334.40 for 8 people)\n- Lunch: Mill Creek Tavern (brown bag DLS fare NP: 100 for 8 people)\n- Dinner: The Shaker Brewery and Bistro (gets laugh\n\nAttractions:\n\nTotal cost: $171.40
[RETRY] selfcheckgpt task=tp_nonsynth_mf3_000045 seed=1 attempt 1/5 failed (failed to obtain JSON after 3 attempts: could not parse JSON from model output:
{
  "final_output": "Day 1: Mar 8th, Rockford - Gainesville ($1000) \n Accommodation: Entire House ($500) \n Meals: Breakfast at 'The Egg & I' ($100), Lunch at 'Chipotle Mexican Grill' ($150), Dinner at 'Vagabond Restaurant' ($250) \n Attractions: Florida Museum of Natural History \n Day 2: Mar 9th, Gainesville \n Accommodation: Entire House ($500) \n Meals: Breakfast at 'Four Star Restaurant' ($100), Lunch at 'Buffalo Wild Wings' ($120), Dinner at 'Guadalajara Mexican Restaurant' ($200) \n Attr); retrying in 3s
[RETRY] selfcheckgpt task=tp_nonsynth_mf3_000045 seed=1 attempt 2/5 failed (failed to obtain JSON after 3 attempts: could not parse JSON from model output:
{
  "final_output": "Day 1: Mar 8th, Rockford - Gainesville ($1000) \n Accommodation: Entire House ($500) \n Meals: Breakfast at 'The Egg & I' ($100), Lunch at 'Chipotle Mexican Grill' ($150), Dinner at 'Vagabond Restaurant' ($250) \n Attractions: Florida Museum of Natural History \n Day 2: Mar 9th, Gainesville \n Accommodation: Entire House ($500) \n Meals: Breakfast at 'Four Star Restaurant' ($100), Lunch at 'Buffalo Wild Wings' ($120), Dinner at 'Guadalajara Mexican Restaurant' ($200) \n Attr); retrying in 6s
[RETRY] selfcheckgpt task=tp_nonsynth_mf3_000045 seed=1 attempt 3/5 failed (failed to obtain JSON after 3 attempts: could not parse JSON from model output:
{
  "final_output": "Day 1: Mar 8th, Rockford - Gainesville ($1000) \n Accommodation: Entire House ($500) \n Meals: Breakfast at 'The Egg & I' ($100), Lunch at 'Chipotle Mexican Grill' ($150), Dinner at 'Vagabond Restaurant' ($250) \n Attractions: Florida Museum of Natural History \n Day 2: Mar 9th, Gainesville \n Accommodation: Entire House ($500) \n Meals: Breakfast at 'Four Star Restaurant' ($100), Lunch at 'Buffalo Wild Wings' ($120), Dinner at 'Guadalajara Mexican Restaurant' ($200) \n Attr); retrying in 12s
[RETRY] selfcheckgpt task=tp_nonsynth_mf3_000045 seed=1 attempt 4/5 failed (failed to obtain JSON after 3 attempts: could not parse JSON from model output:
{
  "final_output": "Day 1: Mar 8th, Rockford - Gainesville ($1000) \n Accommodation: Entire House ($500) \n Meals: Breakfast at 'The Egg & I' ($100), Lunch at 'Chipotle Mexican Grill' ($150), Dinner at 'Vagabond Restaurant' ($250) \n Attractions: Florida Museum of Natural History \n Day 2: Mar 9th, Gainesville \n Accommodation: Entire House ($500) \n Meals: Breakfast at 'Four Star Restaurant' ($100), Lunch at 'Buffalo Wild Wings' ($120), Dinner at 'Guadalajara Mexican Restaurant' ($200) \n Attr); retrying in 24s
[ERROR] selfcheckgpt failed task=tp_nonsynth_mf3_000045 seed=1: failed to obtain JSON after 3 attempts: could not parse JSON from model output:
{
  "final_output": "Day 1: Mar 8th, Rockford - Gainesville ($1000) \n Accommodation: Entire House ($500) \n Meals: Breakfast at 'The Egg & I' ($100), Lunch at 'Chipotle Mexican Grill' ($150), Dinner at 'Vagabond Restaurant' ($250) \n Attractions: Florida Museum of Natural History \n Day 2: Mar 9th, Gainesville \n Accommodation: Entire House ($500) \n Meals: Breakfast at 'Four Star Restaurant' ($100), Lunch at 'Buffalo Wild Wings' ($120), Dinner at 'Guadalajara Mexican Restaurant' ($200) \n Attr
  N=3 tp_nonsynth_mf3_000043 seed=2 arm=reflexion level=hard: per_fault={'budget': True, 'days': True, 'house_rule': True} all_resolved=True n_resolved=3/3 tokens=(1575,1316)
  N=3 tp_nonsynth_mf3_000043 seed=2 arm=intro_specter level=hard: per_fault={'budget': True, 'days': True, 'house_rule': True} all_resolved=True n_resolved=3/3 tokens=(4760,2151)
  N=3 tp_nonsynth_mf3_000044 seed=0 arm=direct level=hard: per_fault={'budget': False, 'days': True, 'cuisine': True} all_resolved=False n_resolved=2/3 tokens=(1585,1599)
  N=3 tp_nonsynth_mf3_000044 seed=0 arm=self_refine level=hard: per_fault={'budget': False, 'days': True, 'cuisine': True} all_resolved=False n_resolved=2/3 tokens=(5282,3461)
  N=3 tp_nonsynth_mf3_000044 seed=0 arm=full_regen level=hard: per_fault={'budget': True, 'days': True, 'cuisine': False} all_resolved=False n_resolved=2/3 tokens=(3150,2705)
  N=3 tp_nonsynth_mf3_000044 seed=0 arm=react level=hard: per_fault={'budget': True, 'days': True, 'cuisine': False} all_resolved=False n_resolved=2/3 tokens=(3223,2291)
  N=3 tp_nonsynth_mf3_000044 seed=0 arm=selfcheckgpt level=hard: per_fault={'budget': False, 'days': True, 'cuisine': True} all_resolved=False n_resolved=2/3 tokens=(21009,3782)
  N=3 tp_nonsynth_mf3_000044 seed=0 arm=reflexion level=hard: per_fault={'budget': True, 'days': True, 'cuisine': True} all_resolved=True n_resolved=3/3 tokens=(9068,4160)
  N=3 tp_nonsynth_mf3_000044 seed=0 arm=intro_specter level=hard: per_fault={'budget': False, 'days': True, 'cuisine': True} all_resolved=False n_resolved=2/3 tokens=(5436,2771)
  N=3 tp_nonsynth_mf3_000044 seed=1 arm=direct level=hard: per_fault={'budget': False, 'days': True, 'cuisine': True} all_resolved=False n_resolved=2/3 tokens=(1585,1599)
  N=3 tp_nonsynth_mf3_000044 seed=1 arm=self_refine level=hard: per_fault={'budget': False, 'days': True, 'cuisine': True} all_resolved=False n_resolved=2/3 tokens=(5282,3461)
  N=3 tp_nonsynth_mf3_000044 seed=1 arm=full_regen level=hard: per_fault={'budget': True, 'days': True, 'cuisine': False} all_resolved=False n_resolved=2/3 tokens=(3150,3212)
  N=3 tp_nonsynth_mf3_000044 seed=1 arm=react level=hard: per_fault={'budget': True, 'days': True, 'cuisine': False} all_resolved=False n_resolved=2/3 tokens=(3223,2291)
  N=3 tp_nonsynth_mf3_000044 seed=1 arm=selfcheckgpt level=hard: per_fault={'budget': False, 'days': True, 'cuisine': True} all_resolved=False n_resolved=2/3 tokens=(21199,3894)
  N=3 tp_nonsynth_mf3_000044 seed=1 arm=reflexion level=hard: per_fault={'budget': True, 'days': True, 'cuisine': True} all_resolved=True n_resolved=3/3 tokens=(9068,4160)
  N=3 tp_nonsynth_mf3_000044 seed=1 arm=intro_specter level=hard: per_fault={'budget': False, 'days': True, 'cuisine': True} all_resolved=False n_resolved=2/3 tokens=(5436,2771)
  N=3 tp_nonsynth_mf3_000044 seed=2 arm=direct level=hard: per_fault={'budget': True, 'days': True, 'cuisine': False} all_resolved=False n_resolved=2/3 tokens=(1585,840)
  N=3 tp_nonsynth_mf3_000044 seed=2 arm=self_refine level=hard: per_fault={'budget': False, 'days': True, 'cuisine': False} all_resolved=False n_resolved=1/3 tokens=(4083,1960)
  N=3 tp_nonsynth_mf3_000044 seed=2 arm=full_regen level=hard: per_fault={'budget': False, 'days': True, 'cuisine': False} all_resolved=False n_resolved=1/3 tokens=(3170,2064)
  N=3 tp_nonsynth_mf3_000044 seed=2 arm=react level=hard: per_fault={'budget': True, 'days': True, 'cuisine': False} all_resolved=False n_resolved=2/3 tokens=(3239,2201)
  N=3 tp_nonsynth_mf3_000044 seed=2 arm=selfcheckgpt level=hard: per_fault={'budget': True, 'days': True, 'cuisine': False} all_resolved=False n_resolved=2/3 tokens=(22018,3293)
  N=3 tp_nonsynth_mf3_000044 seed=2 arm=reflexion level=hard: per_fault={'budget': True, 'days': True, 'cuisine': False} all_resolved=False n_resolved=2/3 tokens=(12990,3071)
  N=3 tp_nonsynth_mf3_000044 seed=2 arm=intro_specter level=hard: per_fault={'budget': True, 'days': True, 'cuisine': False} all_resolved=False n_resolved=2/3 tokens=(4236,1681)
  N=3 tp_nonsynth_mf3_000045 seed=0 arm=direct level=medium: per_fault={'budget': False, 'days': True, 'room_type': True} all_resolved=False n_resolved=2/3 tokens=(1436,1402)
  N=3 tp_nonsynth_mf3_000045 seed=0 arm=self_refine level=medium: per_fault={'budget': True, 'days': True, 'room_type': True} all_resolved=True n_resolved=3/3 tokens=(4534,3025)
  N=3 tp_nonsynth_mf3_000045 seed=0 arm=full_regen level=medium: per_fault={'budget': True, 'days': True, 'room_type': True} all_resolved=True n_resolved=3/3 tokens=(2852,2656)
  N=3 tp_nonsynth_mf3_000045 seed=0 arm=react level=medium: per_fault={'budget': True, 'days': True, 'room_type': True} all_resolved=True n_resolved=3/3 tokens=(2905,2426)
  N=3 tp_nonsynth_mf3_000045 seed=0 arm=reflexion level=medium: per_fault={'budget': True, 'days': True, 'room_type': True} all_resolved=True n_resolved=3/3 tokens=(15881,5255)
  N=3 tp_nonsynth_mf3_000045 seed=0 arm=intro_specter level=medium: per_fault={'budget': True, 'days': True, 'room_type': True} all_resolved=True n_resolved=3/3 tokens=(4668,2020)
  N=3 tp_nonsynth_mf3_000045 seed=1 arm=direct level=medium: per_fault={'budget': False, 'days': True, 'room_type': True} all_resolved=False n_resolved=2/3 tokens=(1436,1402)
  N=3 tp_nonsynth_mf3_000045 seed=1 arm=self_refine level=medium: per_fault={'budget': True, 'days': True, 'room_type': True} all_resolved=True n_resolved=3/3 tokens=(4534,3025)
  N=3 tp_nonsynth_mf3_000045 seed=1 arm=full_regen level=medium: per_fault={'budget': True, 'days': True, 'room_type': True} all_resolved=True n_resolved=3/3 tokens=(2852,3591)
  N=3 tp_nonsynth_mf3_000045 seed=1 arm=react level=medium: per_fault={'budget': True, 'days': True, 'room_type': True} all_resolved=True n_resolved=3/3 tokens=(2905,2426)
  N=3 tp_nonsynth_mf3_000045 seed=1 arm=reflexion level=medium: per_fault={'budget': True, 'days': True, 'room_type': True} all_resolved=True n_resolved=3/3 tokens=(15881,5255)
  N=3 tp_nonsynth_mf3_000045 seed=1 arm=intro_specter level=medium: per_fault={'budget': True, 'days': True, 'room_type': True} all_resolved=True n_resolved=3/3 tokens=(4668,2020)
  N=3 tp_nonsynth_mf3_000045 seed=2 arm=direct level=medium: per_fault={'budget': True, 'days': True, 'room_type': False} all_resolved=False n_resolved=2/3 tokens=(1416,1180)
  N=3 tp_nonsynth_mf3_000045 seed=2 arm=self_refine level=medium: per_fault={'budget': True, 'days': True, 'room_type': True} all_resolved=True n_resolved=3/3 tokens=(4103,2652)
  N=3 tp_nonsynth_mf3_000045 seed=2 arm=full_regen level=medium: per_fault={'budget': True, 'days': True, 'room_type': False} all_resolved=False n_resolved=2/3 tokens=(2832,2532)
  N=3 tp_nonsynth_mf3_000045 seed=2 arm=react level=medium: per_fault={'budget': False, 'days': True, 'room_type': False} all_resolved=False n_resolved=1/3 tokens=(2905,3088)
  N=3 tp_nonsynth_mf3_000045 seed=2 arm=selfcheckgpt level=medium: per_fault={'budget': True, 'days': True, 'room_type': False} all_resolved=False n_resolved=2/3 tokens=(12281,3455)
  N=3 tp_nonsynth_mf3_000045 seed=2 arm=reflexion level=medium: per_fault={'budget': True, 'days': True, 'room_type': True} all_resolved=True n_resolved=3/3 tokens=(6841,2568)
  N=3 tp_nonsynth_mf3_000045 seed=2 arm=intro_specter level=medium: per_fault={'budget': False, 'days': False, 'room_type': False} all_resolved=False n_resolved=0/3 tokens=(4237,1603)
  N=3 tp_nonsynth_mf3_000047 seed=0 arm=direct level=medium: per_fault={'budget': False, 'days': True, 'room_type': True} all_resolved=False n_resolved=2/3 tokens=(1297,1025)
  N=3 tp_nonsynth_mf3_000047 seed=0 arm=self_refine level=medium: per_fault={'budget': False, 'days': True, 'room_type': True} all_resolved=False n_resolved=2/3 tokens=(3748,2169)
  N=3 tp_nonsynth_mf3_000047 seed=0 arm=full_regen level=medium: per_fault={'budget': False, 'days': True, 'room_type': True} all_resolved=False n_resolved=2/3 tokens=(2594,2100)
  N=3 tp_nonsynth_mf3_000047 seed=0 arm=react level=medium: per_fault={'budget': False, 'days': False, 'room_type': True} all_resolved=False n_resolved=1/3 tokens=(2647,2196)
[RETRY] selfcheckgpt task=tp_nonsynth_mf3_000049 seed=0 attempt 1/5 failed (failed to obtain JSON after 3 attempts: could not parse JSON from model output:
{
  "final_output": "User constraints:\n- Total trip budget must not exceed $10050.\n- Trip must span exactly 6 day(s), from Austin to Michigan.\n- Destination is Michigan (departing from Austin).\n- Room type constraint: Shared room.\n\nLocal constraints from booking system: {'house rule': None, 'cuisine': None, 'room type': 'private room', 'transportation': None}\n\nTravelers: 3\nOrigin: Austin, Destination: Michigan\n\nReference information:\n[{'Description': 'Attractions in Detroit', 'Conten); retrying in 3s
[RETRY] selfcheckgpt task=tp_nonsynth_mf3_000049 seed=0 attempt 2/5 failed (failed to obtain JSON after 3 attempts: could not parse JSON from model output:
{
  "final_output": "User constraints:\n- Total trip budget must not exceed $10050.\n- Trip must span exactly 6 day(s), from Austin to Michigan.\n- Destination is Michigan (departing from Austin).\n- Room type constraint: Shared room.\n\nLocal constraints from booking system: {'house rule': None, 'cuisine': None, 'room type': 'private room', 'transportation': None}\n\nTravelers: 3\nOrigin: Austin, Destination: Michigan\n\nReference information:\n[{'Description': 'Attractions in Detroit', 'Conten); retrying in 6s
[RETRY] selfcheckgpt task=tp_nonsynth_mf3_000049 seed=0 attempt 3/5 failed (failed to obtain JSON after 3 attempts: could not parse JSON from model output:
{
  "final_output": "User constraints:\n- Total trip budget must not exceed $10050.\n- Trip must span exactly 6 day(s), from Austin to Michigan.\n- Destination is Michigan (departing from Austin).\n- Room type constraint: Shared room.\n\nLocal constraints from booking system: {'house rule': None, 'cuisine': None, 'room type': 'private room', 'transportation': None}\n\nTravelers: 3\nOrigin: Austin, Destination: Michigan\n\nReference information:\n[{'Description': 'Attractions in Detroit', 'Conten); retrying in 12s
[RETRY] selfcheckgpt task=tp_nonsynth_mf3_000049 seed=0 attempt 4/5 failed (failed to obtain JSON after 3 attempts: could not parse JSON from model output:
{
  "final_output": "User constraints:\n- Total trip budget must not exceed $10050.\n- Trip must span exactly 6 day(s), from Austin to Michigan.\n- Destination is Michigan (departing from Austin).\n- Room type constraint: Shared room.\n\nLocal constraints from booking system: {'house rule': None, 'cuisine': None, 'room type': 'private room', 'transportation': None}\n\nTravelers: 3\nOrigin: Austin, Destination: Michigan\n\nReference information:\n[{'Description': 'Attractions in Detroit', 'Conten); retrying in 24s
[ERROR] selfcheckgpt failed task=tp_nonsynth_mf3_000049 seed=0: failed to obtain JSON after 3 attempts: could not parse JSON from model output:
{
  "final_output": "User constraints:\n- Total trip budget must not exceed $10050.\n- Trip must span exactly 6 day(s), from Austin to Michigan.\n- Destination is Michigan (departing from Austin).\n- Room type constraint: Shared room.\n\nLocal constraints from booking system: {'house rule': None, 'cuisine': None, 'room type': 'private room', 'transportation': None}\n\nTravelers: 3\nOrigin: Austin, Destination: Michigan\n\nReference information:\n[{'Description': 'Attractions in Detroit', 'Conten
  N=3 tp_nonsynth_mf3_000047 seed=0 arm=selfcheckgpt level=medium: per_fault={'budget': False, 'days': True, 'room_type': True} all_resolved=False n_resolved=2/3 tokens=(9809,2490)
  N=3 tp_nonsynth_mf3_000047 seed=0 arm=reflexion level=medium: per_fault={'budget': False, 'days': True, 'room_type': True} all_resolved=False n_resolved=2/3 tokens=(12337,3527)
  N=3 tp_nonsynth_mf3_000047 seed=0 arm=intro_specter level=medium: per_fault={'budget': False, 'days': False, 'room_type': True} all_resolved=False n_resolved=1/3 tokens=(3886,1530)
  N=3 tp_nonsynth_mf3_000047 seed=1 arm=direct level=medium: per_fault={'budget': False, 'days': True, 'room_type': True} all_resolved=False n_resolved=2/3 tokens=(1297,1025)
  N=3 tp_nonsynth_mf3_000047 seed=1 arm=self_refine level=medium: per_fault={'budget': False, 'days': True, 'room_type': True} all_resolved=False n_resolved=2/3 tokens=(3748,2169)
  N=3 tp_nonsynth_mf3_000047 seed=1 arm=full_regen level=medium: per_fault={'budget': True, 'days': True, 'room_type': True} all_resolved=True n_resolved=3/3 tokens=(2594,2294)
  N=3 tp_nonsynth_mf3_000047 seed=1 arm=react level=medium: per_fault={'budget': False, 'days': False, 'room_type': True} all_resolved=False n_resolved=1/3 tokens=(2647,2196)
  N=3 tp_nonsynth_mf3_000047 seed=1 arm=selfcheckgpt level=medium: per_fault={'budget': False, 'days': True, 'room_type': True} all_resolved=False n_resolved=2/3 tokens=(9648,2410)
  N=3 tp_nonsynth_mf3_000047 seed=1 arm=reflexion level=medium: per_fault={'budget': False, 'days': True, 'room_type': True} all_resolved=False n_resolved=2/3 tokens=(12337,3527)
  N=3 tp_nonsynth_mf3_000047 seed=1 arm=intro_specter level=medium: per_fault={'budget': False, 'days': False, 'room_type': True} all_resolved=False n_resolved=1/3 tokens=(3886,1530)
  N=3 tp_nonsynth_mf3_000047 seed=2 arm=direct level=medium: per_fault={'budget': True, 'days': True, 'room_type': True} all_resolved=True n_resolved=3/3 tokens=(1277,800)
  N=3 tp_nonsynth_mf3_000047 seed=2 arm=self_refine level=medium: per_fault={'budget': True, 'days': True, 'room_type': True} all_resolved=True n_resolved=3/3 tokens=(3445,2261)
  N=3 tp_nonsynth_mf3_000047 seed=2 arm=full_regen level=medium: per_fault={'budget': False, 'days': True, 'room_type': False} all_resolved=False n_resolved=1/3 tokens=(2574,2851)
  N=3 tp_nonsynth_mf3_000047 seed=2 arm=react level=medium: per_fault={'budget': True, 'days': True, 'room_type': True} all_resolved=True n_resolved=3/3 tokens=(2607,1708)
  N=3 tp_nonsynth_mf3_000047 seed=2 arm=selfcheckgpt level=medium: per_fault={'budget': True, 'days': True, 'room_type': True} all_resolved=True n_resolved=3/3 tokens=(10005,2072)
  N=3 tp_nonsynth_mf3_000047 seed=2 arm=reflexion level=medium: per_fault={'budget': True, 'days': True, 'room_type': True} all_resolved=True n_resolved=3/3 tokens=(1277,800)
  N=3 tp_nonsynth_mf3_000047 seed=2 arm=intro_specter level=medium: per_fault={'budget': True, 'days': True, 'room_type': True} all_resolved=True n_resolved=3/3 tokens=(3579,1280)
  N=3 tp_nonsynth_mf3_000048 seed=0 arm=direct level=hard: per_fault={'budget': True, 'days': True, 'cuisine': False} all_resolved=False n_resolved=2/3 tokens=(1575,1662)
  N=3 tp_nonsynth_mf3_000048 seed=0 arm=self_refine level=hard: per_fault={'budget': True, 'days': True, 'cuisine': False} all_resolved=False n_resolved=2/3 tokens=(5114,3766)
  N=3 tp_nonsynth_mf3_000048 seed=0 arm=full_regen level=hard: per_fault={'budget': False, 'days': True, 'cuisine': False} all_resolved=False n_resolved=1/3 tokens=(3130,2974)
  N=3 tp_nonsynth_mf3_000048 seed=0 arm=react level=hard: per_fault={'budget': True, 'days': True, 'cuisine': False} all_resolved=False n_resolved=2/3 tokens=(3183,2285)
  N=3 tp_nonsynth_mf3_000048 seed=0 arm=selfcheckgpt level=hard: per_fault={'budget': True, 'days': True, 'cuisine': False} all_resolved=False n_resolved=2/3 tokens=(18616,3589)
  N=3 tp_nonsynth_mf3_000048 seed=0 arm=reflexion level=hard: per_fault={'budget': True, 'days': True, 'cuisine': False} all_resolved=False n_resolved=2/3 tokens=(18040,5889)
  N=3 tp_nonsynth_mf3_000048 seed=0 arm=intro_specter level=hard: per_fault={'budget': False, 'days': True, 'cuisine': False} all_resolved=False n_resolved=1/3 tokens=(5268,2329)
  N=3 tp_nonsynth_mf3_000048 seed=1 arm=direct level=hard: per_fault={'budget': True, 'days': True, 'cuisine': False} all_resolved=False n_resolved=2/3 tokens=(1575,1662)
  N=3 tp_nonsynth_mf3_000048 seed=1 arm=self_refine level=hard: per_fault={'budget': True, 'days': True, 'cuisine': False} all_resolved=False n_resolved=2/3 tokens=(5114,3766)
  N=3 tp_nonsynth_mf3_000048 seed=1 arm=full_regen level=hard: per_fault={'budget': True, 'days': True, 'cuisine': False} all_resolved=False n_resolved=2/3 tokens=(3166,3188)
  N=3 tp_nonsynth_mf3_000048 seed=1 arm=react level=hard: per_fault={'budget': True, 'days': True, 'cuisine': False} all_resolved=False n_resolved=2/3 tokens=(3183,2285)
  N=3 tp_nonsynth_mf3_000048 seed=1 arm=selfcheckgpt level=hard: per_fault={'budget': True, 'days': True, 'cuisine': False} all_resolved=False n_resolved=2/3 tokens=(19635,3540)
  N=3 tp_nonsynth_mf3_000048 seed=1 arm=reflexion level=hard: per_fault={'budget': True, 'days': True, 'cuisine': False} all_resolved=False n_resolved=2/3 tokens=(18040,5889)
  N=3 tp_nonsynth_mf3_000048 seed=1 arm=intro_specter level=hard: per_fault={'budget': False, 'days': True, 'cuisine': False} all_resolved=False n_resolved=1/3 tokens=(5268,2329)
  N=3 tp_nonsynth_mf3_000048 seed=2 arm=direct level=hard: per_fault={'budget': False, 'days': True, 'cuisine': False} all_resolved=False n_resolved=1/3 tokens=(1555,1953)
  N=3 tp_nonsynth_mf3_000048 seed=2 arm=self_refine level=hard: per_fault={'budget': False, 'days': True, 'cuisine': False} all_resolved=False n_resolved=1/3 tokens=(5679,4149)
  N=3 tp_nonsynth_mf3_000048 seed=2 arm=full_regen level=hard: per_fault={'budget': False, 'days': True, 'cuisine': False} all_resolved=False n_resolved=1/3 tokens=(3110,4195)
  N=3 tp_nonsynth_mf3_000048 seed=2 arm=react level=hard: per_fault={'budget': True, 'days': True, 'cuisine': False} all_resolved=False n_resolved=2/3 tokens=(3199,3276)
  N=3 tp_nonsynth_mf3_000048 seed=2 arm=selfcheckgpt level=hard: per_fault={'budget': False, 'days': True, 'cuisine': False} all_resolved=False n_resolved=1/3 tokens=(20634,4056)
  N=3 tp_nonsynth_mf3_000048 seed=2 arm=reflexion level=hard: per_fault={'budget': False, 'days': True, 'cuisine': False} all_resolved=False n_resolved=1/3 tokens=(21073,7379)
  N=3 tp_nonsynth_mf3_000048 seed=2 arm=intro_specter level=hard: per_fault={'budget': False, 'days': True, 'cuisine': False} all_resolved=False n_resolved=1/3 tokens=(5833,4848)
  N=3 tp_nonsynth_mf3_000049 seed=0 arm=direct level=medium: per_fault={'budget': True, 'days': True, 'room_type': True} all_resolved=True n_resolved=3/3 tokens=(1272,842)
  N=3 tp_nonsynth_mf3_000049 seed=0 arm=self_refine level=medium: per_fault={'budget': False, 'days': True, 'room_type': True} all_resolved=False n_resolved=2/3 tokens=(3478,1900)
  N=3 tp_nonsynth_mf3_000049 seed=0 arm=full_regen level=medium: per_fault={'budget': False, 'days': True, 'room_type': True} all_resolved=False n_resolved=2/3 tokens=(2544,1491)
  N=3 tp_nonsynth_mf3_000049 seed=0 arm=react level=medium: per_fault={'budget': True, 'days': True, 'room_type': True} all_resolved=True n_resolved=3/3 tokens=(2577,1520)
  N=3 tp_nonsynth_mf3_000049 seed=0 arm=reflexion level=medium: per_fault={'budget': True, 'days': True, 'room_type': True} all_resolved=True n_resolved=3/3 tokens=(1272,842)
  N=3 tp_nonsynth_mf3_000049 seed=0 arm=intro_specter level=medium: per_fault={'budget': True, 'days': True, 'room_type': True} all_resolved=True n_resolved=3/3 tokens=(3648,1460)
  N=3 tp_nonsynth_mf3_000049 seed=1 arm=direct level=medium: per_fault={'budget': True, 'days': True, 'room_type': True} all_resolved=True n_resolved=3/3 tokens=(1272,842)
  N=3 tp_nonsynth_mf3_000049 seed=1 arm=self_refine level=medium: per_fault={'budget': False, 'days': True, 'room_type': True} all_resolved=False n_resolved=2/3 tokens=(3478,1900)
  N=3 tp_nonsynth_mf3_000049 seed=1 arm=full_regen level=medium: per_fault={'budget': True, 'days': True, 'room_type': True} all_resolved=True n_resolved=3/3 tokens=(2560,2649)
  N=3 tp_nonsynth_mf3_000049 seed=1 arm=react level=medium: per_fault={'budget': True, 'days': True, 'room_type': True} all_resolved=True n_resolved=3/3 tokens=(2577,1520)
  N=3 tp_nonsynth_mf3_000049 seed=1 arm=selfcheckgpt level=medium: per_fault={'budget': True, 'days': True, 'room_type': True} all_resolved=True n_resolved=3/3 tokens=(9218,1737)
  N=3 tp_nonsynth_mf3_000049 seed=1 arm=reflexion level=medium: per_fault={'budget': True, 'days': True, 'room_type': True} all_resolved=True n_resolved=3/3 tokens=(1272,842)
  N=3 tp_nonsynth_mf3_000049 seed=1 arm=intro_specter level=medium: per_fault={'budget': True, 'days': True, 'room_type': True} all_resolved=True n_resolved=3/3 tokens=(3648,1460)
  N=3 tp_nonsynth_mf3_000049 seed=2 arm=direct level=medium: per_fault={'budget': False, 'days': True, 'room_type': True} all_resolved=False n_resolved=2/3 tokens=(1272,771)
  N=3 tp_nonsynth_mf3_000049 seed=2 arm=self_refine level=medium: per_fault={'budget': False, 'days': True, 'room_type': True} all_resolved=False n_resolved=2/3 tokens=(3428,2074)
  N=3 tp_nonsynth_mf3_000049 seed=2 arm=full_regen level=medium: per_fault={'budget': False, 'days': True, 'room_type': True} all_resolved=False n_resolved=2/3 tokens=(2524,1472)
  N=3 tp_nonsynth_mf3_000049 seed=2 arm=react level=medium: per_fault={'budget': True, 'days': True, 'room_type': True} all_resolved=True n_resolved=3/3 tokens=(2577,1633)
  N=3 tp_nonsynth_mf3_000049 seed=2 arm=selfcheckgpt level=medium: per_fault={'budget': False, 'days': True, 'room_type': True} all_resolved=False n_resolved=2/3 tokens=(14067,2107)
  N=3 tp_nonsynth_mf3_000049 seed=2 arm=reflexion level=medium: per_fault={'budget': True, 'days': True, 'room_type': True} all_resolved=True n_resolved=3/3 tokens=(5604,1822)
  N=3 tp_nonsynth_mf3_000049 seed=2 arm=intro_specter level=medium: per_fault={'budget': False, 'days': False, 'room_type': True} all_resolved=False n_resolved=1/3 tokens=(3562,1910)
  N=3 tp_nonsynth_mf3_000050 seed=0 arm=direct level=hard: per_fault={'budget': True, 'days': True, 'cuisine': False} all_resolved=False n_resolved=2/3 tokens=(1585,554)
  N=3 tp_nonsynth_mf3_000050 seed=0 arm=self_refine level=hard: per_fault={'budget': True, 'days': True, 'cuisine': False} all_resolved=False n_resolved=2/3 tokens=(3775,1540)
  N=3 tp_nonsynth_mf3_000050 seed=0 arm=full_regen level=hard: per_fault={'budget': True, 'days': True, 'cuisine': False} all_resolved=False n_resolved=2/3 tokens=(3170,1489)
  N=3 tp_nonsynth_mf3_000050 seed=0 arm=react level=hard: per_fault={'budget': True, 'days': True, 'cuisine': False} all_resolved=False n_resolved=2/3 tokens=(3203,2506)
  N=3 tp_nonsynth_mf3_000050 seed=0 arm=selfcheckgpt level=hard: per_fault={'budget': True, 'days': True, 'cuisine': False} all_resolved=False n_resolved=2/3 tokens=(12121,2193)
  N=3 tp_nonsynth_mf3_000050 seed=0 arm=reflexion level=hard: per_fault={'budget': True, 'days': True, 'cuisine': False} all_resolved=False n_resolved=2/3 tokens=(11629,2622)
  N=3 tp_nonsynth_mf3_000050 seed=0 arm=intro_specter level=hard: per_fault={'budget': False, 'days': True, 'cuisine': False} all_resolved=False n_resolved=1/3 tokens=(3949,1371)
  N=3 tp_nonsynth_mf3_000050 seed=1 arm=direct level=hard: per_fault={'budget': True, 'days': True, 'cuisine': False} all_resolved=False n_resolved=2/3 tokens=(1585,554)
  N=3 tp_nonsynth_mf3_000050 seed=1 arm=self_refine level=hard: per_fault={'budget': True, 'days': True, 'cuisine': False} all_resolved=False n_resolved=2/3 tokens=(3775,1540)
  N=3 tp_nonsynth_mf3_000050 seed=1 arm=full_regen level=hard: per_fault={'budget': True, 'days': True, 'cuisine': False} all_resolved=False n_resolved=2/3 tokens=(3150,1291)
  N=3 tp_nonsynth_mf3_000050 seed=1 arm=react level=hard: per_fault={'budget': True, 'days': True, 'cuisine': False} all_resolved=False n_resolved=2/3 tokens=(3203,2506)
  N=3 tp_nonsynth_mf3_000050 seed=1 arm=selfcheckgpt level=hard: per_fault={'budget': True, 'days': True, 'cuisine': False} all_resolved=False n_resolved=2/3 tokens=(12321,2428)
  N=3 tp_nonsynth_mf3_000050 seed=1 arm=reflexion level=hard: per_fault={'budget': True, 'days': True, 'cuisine': False} all_resolved=False n_resolved=2/3 tokens=(11629,2622)
  N=3 tp_nonsynth_mf3_000050 seed=1 arm=intro_specter level=hard: per_fault={'budget': False, 'days': True, 'cuisine': False} all_resolved=False n_resolved=1/3 tokens=(3949,1371)
  N=3 tp_nonsynth_mf3_000050 seed=2 arm=direct level=hard: per_fault={'budget': True, 'days': True, 'cuisine': False} all_resolved=False n_resolved=2/3 tokens=(1601,1409)
  N=3 tp_nonsynth_mf3_000050 seed=2 arm=self_refine level=hard: per_fault={'budget': True, 'days': True, 'cuisine': False} all_resolved=False n_resolved=2/3 tokens=(4961,3399)
  N=3 tp_nonsynth_mf3_000050 seed=2 arm=full_regen level=hard: per_fault={'budget': False, 'days': True, 'cuisine': False} all_resolved=False n_resolved=1/3 tokens=(3166,2240)
  N=3 tp_nonsynth_mf3_000050 seed=2 arm=react level=hard: per_fault={'budget': False, 'days': True, 'cuisine': False} all_resolved=False n_resolved=1/3 tokens=(3239,2592)
  N=3 tp_nonsynth_mf3_000050 seed=2 arm=selfcheckgpt level=hard: per_fault={'budget': True, 'days': True, 'cuisine': False} all_resolved=False n_resolved=2/3 tokens=(12166,3097)
  N=3 tp_nonsynth_mf3_000050 seed=2 arm=reflexion level=hard: per_fault={'budget': True, 'days': True, 'cuisine': False} all_resolved=False n_resolved=2/3 tokens=(17095,5418)
  N=3 tp_nonsynth_mf3_000050 seed=2 arm=intro_specter level=hard: per_fault={'budget': False, 'days': True, 'cuisine': False} all_resolved=False n_resolved=1/3 tokens=(5095,2107)
  N=3 tp_nonsynth_mf3_000051 seed=0 arm=direct level=medium: per_fault={'budget': False, 'days': True, 'house_rule': True} all_resolved=False n_resolved=2/3 tokens=(1467,992)
  N=3 tp_nonsynth_mf3_000051 seed=0 arm=self_refine level=medium: per_fault={'budget': True, 'days': True, 'house_rule': True} all_resolved=True n_resolved=3/3 tokens=(4165,2504)
  N=3 tp_nonsynth_mf3_000051 seed=0 arm=full_regen level=medium: per_fault={'budget': False, 'days': True, 'house_rule': True} all_resolved=False n_resolved=2/3 tokens=(2934,2219)
  N=3 tp_nonsynth_mf3_000051 seed=0 arm=react level=medium: per_fault={'budget': False, 'days': True, 'house_rule': True} all_resolved=False n_resolved=2/3 tokens=(2987,2168)
  N=3 tp_nonsynth_mf3_000051 seed=0 arm=selfcheckgpt level=medium: per_fault={'budget': False, 'days': True, 'house_rule': True} all_resolved=False n_resolved=2/3 tokens=(20906,3241)
  N=3 tp_nonsynth_mf3_000051 seed=0 arm=reflexion level=medium: per_fault={'budget': False, 'days': True, 'house_rule': True} all_resolved=False n_resolved=2/3 tokens=(13855,3794)
  N=3 tp_nonsynth_mf3_000051 seed=0 arm=intro_specter level=medium: per_fault={'budget': False, 'days': True, 'house_rule': True} all_resolved=False n_resolved=2/3 tokens=(4299,2527)
  N=3 tp_nonsynth_mf3_000051 seed=1 arm=direct level=medium: per_fault={'budget': False, 'days': True, 'house_rule': True} all_resolved=False n_resolved=2/3 tokens=(1467,992)
  N=3 tp_nonsynth_mf3_000051 seed=1 arm=self_refine level=medium: per_fault={'budget': True, 'days': True, 'house_rule': True} all_resolved=True n_resolved=3/3 tokens=(4165,2504)
  N=3 tp_nonsynth_mf3_000051 seed=1 arm=full_regen level=medium: per_fault={'budget': False, 'days': True, 'house_rule': True} all_resolved=False n_resolved=2/3 tokens=(2934,1869)
  N=3 tp_nonsynth_mf3_000051 seed=1 arm=react level=medium: per_fault={'budget': False, 'days': True, 'house_rule': True} all_resolved=False n_resolved=2/3 tokens=(2987,2168)
  N=3 tp_nonsynth_mf3_000051 seed=1 arm=selfcheckgpt level=medium: per_fault={'budget': False, 'days': True, 'house_rule': True} all_resolved=False n_resolved=2/3 tokens=(19622,3480)
  N=3 tp_nonsynth_mf3_000051 seed=1 arm=reflexion level=medium: per_fault={'budget': False, 'days': True, 'house_rule': True} all_resolved=False n_resolved=2/3 tokens=(13855,3794)
[RETRY] selfcheckgpt task=tp_nonsynth_mf3_000053 seed=2 attempt 1/5 failed (failed to obtain JSON after 3 attempts: could not parse JSON from model output:
{
  "final_output": "Local constraints from booking system: {'house rule': None, 'cuisine': None, 'room type': 'entire room', 'transportation': None}\n\nTravelers: 2\nOrigin: Eugene, Destination: Los Angeles\n\nHere's a concrete 5-day plan for the traveler:\nDay 1: Eugene to Los Angeles (both days)\nAccommodation: Entire room (budget: $1,000)\nMeals:\n  * Breakfast: Tofu-friendly cafe (cost: $15)\n  * Lunch: Asian-fusion food truck (cost: $12)\n  * Dinner: Vegetarian restaurant (cost: $20)\nAttr); retrying in 3s
[RETRY] selfcheckgpt task=tp_nonsynth_mf3_000053 seed=2 attempt 2/5 failed (failed to obtain JSON after 3 attempts: could not parse JSON from model output:
{
  "final_output": "Local constraints from booking system: {'house rule': None, 'cuisine': None, 'room type': 'entire room', 'transportation': None}\n\nTravelers: 2\nOrigin: Eugene, Destination: Los Angeles\n\nHere's a concrete 5-day plan for the traveler:\nDay 1: Eugene to Los Angeles (both days)\nAccommodation: Entire room (budget: $1,000)\nMeals:\n  * Breakfast: Tofu-friendly cafe (cost: $15)\n  * Lunch: Asian-fusion food truck (cost: $12)\n  * Dinner: Vegetarian restaurant (cost: $20)\nAttr); retrying in 6s
[RETRY] selfcheckgpt task=tp_nonsynth_mf3_000053 seed=2 attempt 3/5 failed (failed to obtain JSON after 3 attempts: could not parse JSON from model output:
{
  "final_output": "Local constraints from booking system: {'house rule': None, 'cuisine': None, 'room type': 'entire room', 'transportation': None}\n\nTravelers: 2\nOrigin: Eugene, Destination: Los Angeles\n\nHere's a concrete 5-day plan for the traveler:\nDay 1: Eugene to Los Angeles (both days)\nAccommodation: Entire room (budget: $1,000)\nMeals:\n  * Breakfast: Tofu-friendly cafe (cost: $15)\n  * Lunch: Asian-fusion food truck (cost: $12)\n  * Dinner: Vegetarian restaurant (cost: $20)\nAttr); retrying in 12s
[RETRY] selfcheckgpt task=tp_nonsynth_mf3_000053 seed=2 attempt 4/5 failed (failed to obtain JSON after 3 attempts: could not parse JSON from model output:
{
  "final_output": "Local constraints from booking system: {'house rule': None, 'cuisine': None, 'room type': 'entire room', 'transportation': None}\n\nTravelers: 2\nOrigin: Eugene, Destination: Los Angeles\n\nHere's a concrete 5-day plan for the traveler:\nDay 1: Eugene to Los Angeles (both days)\nAccommodation: Entire room (budget: $1,000)\nMeals:\n  * Breakfast: Tofu-friendly cafe (cost: $15)\n  * Lunch: Asian-fusion food truck (cost: $12)\n  * Dinner: Vegetarian restaurant (cost: $20)\nAttr); retrying in 24s
[ERROR] selfcheckgpt failed task=tp_nonsynth_mf3_000053 seed=2: failed to obtain JSON after 3 attempts: could not parse JSON from model output:
{
  "final_output": "Local constraints from booking system: {'house rule': None, 'cuisine': None, 'room type': 'entire room', 'transportation': None}\n\nTravelers: 2\nOrigin: Eugene, Destination: Los Angeles\n\nHere's a concrete 5-day plan for the traveler:\nDay 1: Eugene to Los Angeles (both days)\nAccommodation: Entire room (budget: $1,000)\nMeals:\n  * Breakfast: Tofu-friendly cafe (cost: $15)\n  * Lunch: Asian-fusion food truck (cost: $12)\n  * Dinner: Vegetarian restaurant (cost: $20)\nAttr
  N=3 tp_nonsynth_mf3_000051 seed=1 arm=intro_specter level=medium: per_fault={'budget': False, 'days': True, 'house_rule': True} all_resolved=False n_resolved=2/3 tokens=(4299,2527)
  N=3 tp_nonsynth_mf3_000051 seed=2 arm=direct level=medium: per_fault={'budget': True, 'days': True, 'house_rule': True} all_resolved=True n_resolved=3/3 tokens=(1447,1063)
  N=3 tp_nonsynth_mf3_000051 seed=2 arm=self_refine level=medium: per_fault={'budget': True, 'days': True, 'house_rule': True} all_resolved=True n_resolved=3/3 tokens=(4028,2546)
  N=3 tp_nonsynth_mf3_000051 seed=2 arm=full_regen level=medium: per_fault={'budget': True, 'days': True, 'house_rule': True} all_resolved=True n_resolved=3/3 tokens=(2894,2146)
  N=3 tp_nonsynth_mf3_000051 seed=2 arm=react level=medium: per_fault={'budget': False, 'days': False, 'house_rule': True} all_resolved=False n_resolved=1/3 tokens=(2967,2996)
  N=3 tp_nonsynth_mf3_000051 seed=2 arm=selfcheckgpt level=medium: per_fault={'budget': True, 'days': True, 'house_rule': True} all_resolved=True n_resolved=3/3 tokens=(11660,2865)
  N=3 tp_nonsynth_mf3_000051 seed=2 arm=reflexion level=medium: per_fault={'budget': True, 'days': True, 'house_rule': True} all_resolved=True n_resolved=3/3 tokens=(1447,1063)
  N=3 tp_nonsynth_mf3_000051 seed=2 arm=intro_specter level=medium: per_fault={'budget': True, 'days': True, 'house_rule': True} all_resolved=True n_resolved=3/3 tokens=(4202,2312)
  N=3 tp_nonsynth_mf3_000053 seed=0 arm=direct level=medium: per_fault={'budget': False, 'days': True, 'room_type': False} all_resolved=False n_resolved=1/3 tokens=(1363,1167)
  N=3 tp_nonsynth_mf3_000053 seed=0 arm=self_refine level=medium: per_fault={'budget': False, 'days': True, 'room_type': False} all_resolved=False n_resolved=1/3 tokens=(4294,2799)
  N=3 tp_nonsynth_mf3_000053 seed=0 arm=full_regen level=medium: per_fault={'budget': False, 'days': True, 'room_type': True} all_resolved=False n_resolved=2/3 tokens=(2746,4429)
  N=3 tp_nonsynth_mf3_000053 seed=0 arm=react level=medium: per_fault={'budget': False, 'days': True, 'room_type': True} all_resolved=False n_resolved=2/3 tokens=(2815,2458)
  N=3 tp_nonsynth_mf3_000053 seed=0 arm=selfcheckgpt level=medium: per_fault={'budget': False, 'days': True, 'room_type': True} all_resolved=False n_resolved=2/3 tokens=(18459,3411)
  N=3 tp_nonsynth_mf3_000053 seed=0 arm=reflexion level=medium: per_fault={'budget': True, 'days': True, 'room_type': True} all_resolved=True n_resolved=3/3 tokens=(14811,5626)
  N=3 tp_nonsynth_mf3_000053 seed=0 arm=intro_specter level=medium: per_fault={'budget': False, 'days': True, 'room_type': False} all_resolved=False n_resolved=1/3 tokens=(4412,3481)
  N=3 tp_nonsynth_mf3_000053 seed=1 arm=direct level=medium: per_fault={'budget': False, 'days': True, 'room_type': False} all_resolved=False n_resolved=1/3 tokens=(1363,1167)
  N=3 tp_nonsynth_mf3_000053 seed=1 arm=self_refine level=medium: per_fault={'budget': False, 'days': True, 'room_type': False} all_resolved=False n_resolved=1/3 tokens=(4294,2799)
  N=3 tp_nonsynth_mf3_000053 seed=1 arm=full_regen level=medium: per_fault={'budget': False, 'days': True, 'room_type': False} all_resolved=False n_resolved=1/3 tokens=(2726,1902)
  N=3 tp_nonsynth_mf3_000053 seed=1 arm=react level=medium: per_fault={'budget': False, 'days': True, 'room_type': True} all_resolved=False n_resolved=2/3 tokens=(2815,2458)
  N=3 tp_nonsynth_mf3_000053 seed=1 arm=selfcheckgpt level=medium: per_fault={'budget': False, 'days': True, 'room_type': True} all_resolved=False n_resolved=2/3 tokens=(16199,2949)
  N=3 tp_nonsynth_mf3_000053 seed=1 arm=reflexion level=medium: per_fault={'budget': True, 'days': True, 'room_type': True} all_resolved=True n_resolved=3/3 tokens=(14811,5626)
  N=3 tp_nonsynth_mf3_000053 seed=1 arm=intro_specter level=medium: per_fault={'budget': False, 'days': True, 'room_type': False} all_resolved=False n_resolved=1/3 tokens=(4412,3481)
  N=3 tp_nonsynth_mf3_000053 seed=2 arm=direct level=medium: per_fault={'budget': False, 'days': True, 'room_type': False} all_resolved=False n_resolved=1/3 tokens=(1399,745)
  N=3 tp_nonsynth_mf3_000053 seed=2 arm=self_refine level=medium: per_fault={'budget': False, 'days': True, 'room_type': True} all_resolved=False n_resolved=2/3 tokens=(3642,1809)
  N=3 tp_nonsynth_mf3_000053 seed=2 arm=full_regen level=medium: per_fault={'budget': False, 'days': True, 'room_type': True} all_resolved=False n_resolved=2/3 tokens=(2762,2003)
  N=3 tp_nonsynth_mf3_000053 seed=2 arm=react level=medium: per_fault={'budget': False, 'days': True, 'room_type': True} all_resolved=False n_resolved=2/3 tokens=(2835,2084)
  N=3 tp_nonsynth_mf3_000053 seed=2 arm=reflexion level=medium: per_fault={'budget': False, 'days': True, 'room_type': True} all_resolved=False n_resolved=2/3 tokens=(11655,2805)
  N=3 tp_nonsynth_mf3_000053 seed=2 arm=intro_specter level=medium: per_fault={'budget': True, 'days': True, 'room_type': False} all_resolved=False n_resolved=2/3 tokens=(3816,1530)
  N=3 tp_nonsynth_mf3_000055 seed=0 arm=direct level=hard: per_fault={'budget': False, 'days': True, 'house_rule': True} all_resolved=False n_resolved=2/3 tokens=(1542,1756)
  N=3 tp_nonsynth_mf3_000055 seed=0 arm=self_refine level=hard: per_fault={'budget': False, 'days': True, 'house_rule': True} all_resolved=False n_resolved=2/3 tokens=(5248,4080)
  N=3 tp_nonsynth_mf3_000055 seed=0 arm=full_regen level=hard: per_fault={'budget': False, 'days': True, 'house_rule': True} all_resolved=False n_resolved=2/3 tokens=(3084,2784)
  N=3 tp_nonsynth_mf3_000055 seed=0 arm=react level=hard: per_fault={'budget': False, 'days': False, 'house_rule': True} all_resolved=False n_resolved=1/3 tokens=(3117,2332)
  N=3 tp_nonsynth_mf3_000055 seed=0 arm=selfcheckgpt level=hard: per_fault={'budget': False, 'days': True, 'house_rule': True} all_resolved=False n_resolved=2/3 tokens=(12206,3011)
  N=3 tp_nonsynth_mf3_000055 seed=0 arm=reflexion level=hard: per_fault={'budget': True, 'days': True, 'house_rule': True} all_resolved=True n_resolved=3/3 tokens=(9055,4150)
  N=3 tp_nonsynth_mf3_000055 seed=0 arm=intro_specter level=hard: per_fault={'budget': True, 'days': True, 'house_rule': True} all_resolved=True n_resolved=3/3 tokens=(5402,3890)
  N=3 tp_nonsynth_mf3_000055 seed=1 arm=direct level=hard: per_fault={'budget': False, 'days': True, 'house_rule': True} all_resolved=False n_resolved=2/3 tokens=(1542,1756)
  N=3 tp_nonsynth_mf3_000055 seed=1 arm=self_refine level=hard: per_fault={'budget': False, 'days': True, 'house_rule': True} all_resolved=False n_resolved=2/3 tokens=(5248,4080)
  N=3 tp_nonsynth_mf3_000055 seed=1 arm=full_regen level=hard: per_fault={'budget': False, 'days': True, 'house_rule': True} all_resolved=False n_resolved=2/3 tokens=(3064,3547)
  N=3 tp_nonsynth_mf3_000055 seed=1 arm=react level=hard: per_fault={'budget': False, 'days': False, 'house_rule': True} all_resolved=False n_resolved=1/3 tokens=(3117,2332)
  N=3 tp_nonsynth_mf3_000055 seed=1 arm=selfcheckgpt level=hard: per_fault={'budget': False, 'days': True, 'house_rule': True} all_resolved=False n_resolved=2/3 tokens=(12142,2863)
  N=3 tp_nonsynth_mf3_000055 seed=1 arm=reflexion level=hard: per_fault={'budget': True, 'days': True, 'house_rule': True} all_resolved=True n_resolved=3/3 tokens=(9055,4150)
  N=3 tp_nonsynth_mf3_000055 seed=1 arm=intro_specter level=hard: per_fault={'budget': True, 'days': True, 'house_rule': True} all_resolved=True n_resolved=3/3 tokens=(5402,3890)
  N=3 tp_nonsynth_mf3_000055 seed=2 arm=direct level=hard: per_fault={'budget': True, 'days': True, 'house_rule': True} all_resolved=True n_resolved=3/3 tokens=(1542,1391)
  N=3 tp_nonsynth_mf3_000055 seed=2 arm=self_refine level=hard: per_fault={'budget': True, 'days': True, 'house_rule': True} all_resolved=True n_resolved=3/3 tokens=(4693,3155)
  N=3 tp_nonsynth_mf3_000055 seed=2 arm=full_regen level=hard: per_fault={'budget': False, 'days': True, 'house_rule': True} all_resolved=False n_resolved=2/3 tokens=(3084,2418)
  N=3 tp_nonsynth_mf3_000055 seed=2 arm=react level=hard: per_fault={'budget': True, 'days': True, 'house_rule': False} all_resolved=False n_resolved=2/3 tokens=(3117,3000)
[RETRY] selfcheckgpt task=tp_nonsynth_mf3_000056 seed=2 attempt 1/5 failed (failed to obtain JSON after 3 attempts: could not parse JSON from model output:
{
  "final_output": "Here is a 7-day travel itinerary for a group of 3, starting in Miami and visiting 2 cities in Texas from March 27th to March 31st, 2022, with a budget of $16,550.\nDay 1: March 27th, 2022\n\tAccommodation: $1,200 for a 4-star hotel in Dallas.\n\tMeals: $100 for breakfast at a local diner, $50 for lunch at a food truck, and $150 for dinner at an Indian restaurant.\n\tAttractions: $30 for a visit to the Sixth Floor Museum at Dealey Plaza and $20 for a stroll around the Dallas ); retrying in 3s
[RETRY] selfcheckgpt task=tp_nonsynth_mf3_000056 seed=2 attempt 2/5 failed (failed to obtain JSON after 3 attempts: could not parse JSON from model output:
{
  "final_output": "Here is a 7-day travel itinerary for a group of 3, starting in Miami and visiting 2 cities in Texas from March 27th to March 31st, 2022, with a budget of $16,550.\nDay 1: March 27th, 2022\n\tAccommodation: $1,200 for a 4-star hotel in Dallas.\n\tMeals: $100 for breakfast at a local diner, $50 for lunch at a food truck, and $150 for dinner at an Indian restaurant.\n\tAttractions: $30 for a visit to the Sixth Floor Museum at Dealey Plaza and $20 for a stroll around the Dallas ); retrying in 6s
[RETRY] selfcheckgpt task=tp_nonsynth_mf3_000056 seed=2 attempt 3/5 failed (failed to obtain JSON after 3 attempts: could not parse JSON from model output:
{
  "final_output": "Here is a 7-day travel itinerary for a group of 3, starting in Miami and visiting 2 cities in Texas from March 27th to March 31st, 2022, with a budget of $16,550.\nDay 1: March 27th, 2022\n\tAccommodation: $1,200 for a 4-star hotel in Dallas.\n\tMeals: $100 for breakfast at a local diner, $50 for lunch at a food truck, and $150 for dinner at an Indian restaurant.\n\tAttractions: $30 for a visit to the Sixth Floor Museum at Dealey Plaza and $20 for a stroll around the Dallas ); retrying in 12s
[RETRY] selfcheckgpt task=tp_nonsynth_mf3_000056 seed=2 attempt 4/5 failed (failed to obtain JSON after 3 attempts: could not parse JSON from model output:
{
  "final_output": "Here is a 7-day travel itinerary for a group of 3, starting in Miami and visiting 2 cities in Texas from March 27th to March 31st, 2022, with a budget of $16,550.\nDay 1: March 27th, 2022\n\tAccommodation: $1,200 for a 4-star hotel in Dallas.\n\tMeals: $100 for breakfast at a local diner, $50 for lunch at a food truck, and $150 for dinner at an Indian restaurant.\n\tAttractions: $30 for a visit to the Sixth Floor Museum at Dealey Plaza and $20 for a stroll around the Dallas ); retrying in 24s
[ERROR] selfcheckgpt failed task=tp_nonsynth_mf3_000056 seed=2: failed to obtain JSON after 3 attempts: could not parse JSON from model output:
{
  "final_output": "Here is a 7-day travel itinerary for a group of 3, starting in Miami and visiting 2 cities in Texas from March 27th to March 31st, 2022, with a budget of $16,550.\nDay 1: March 27th, 2022\n\tAccommodation: $1,200 for a 4-star hotel in Dallas.\n\tMeals: $100 for breakfast at a local diner, $50 for lunch at a food truck, and $150 for dinner at an Indian restaurant.\n\tAttractions: $30 for a visit to the Sixth Floor Museum at Dealey Plaza and $20 for a stroll around the Dallas 
[RETRY] selfcheckgpt task=tp_nonsynth_mf3_000058 seed=0 attempt 1/5 failed (failed to obtain JSON after 3 attempts: could not parse JSON from model output:
{
  "final_output": "Day 1: Arrive in Detroit, Michigan; Accommodation: Hotel Indigo (cost: $150); Meals: Brunch at Buddy's Pizza ($20) and dinner at The Whitney ($50); Attractions: Visit the Detroit Institute of Arts ($20); Cost for Day 1: $250.\\nDay 2: Explore Detroit Historical Museum (free admission); Accommodation: Hotel Indigo (cost: $150); Meals: Breakfast at Green Cup Coffee ($15) and lunch at Maestra Brewing ($25); Attractions: Visit Campus Martius Park (free admission); Cost for Day 2); retrying in 3s
[RETRY] selfcheckgpt task=tp_nonsynth_mf3_000058 seed=0 attempt 2/5 failed (failed to obtain JSON after 3 attempts: could not parse JSON from model output:
{
  "final_output": "Day 1: Arrive in Detroit, Michigan; Accommodation: Hotel Indigo (cost: $150); Meals: Brunch at Buddy's Pizza ($20) and dinner at The Whitney ($50); Attractions: Visit the Detroit Institute of Arts ($20); Cost for Day 1: $250.\\nDay 2: Explore Detroit Historical Museum (free admission); Accommodation: Hotel Indigo (cost: $150); Meals: Breakfast at Green Cup Coffee ($15) and lunch at Maestra Brewing ($25); Attractions: Visit Campus Martius Park (free admission); Cost for Day 2); retrying in 6s
[RETRY] selfcheckgpt task=tp_nonsynth_mf3_000058 seed=0 attempt 3/5 failed (failed to obtain JSON after 3 attempts: could not parse JSON from model output:
{
  "final_output": "Day 1: Arrive in Detroit, Michigan; Accommodation: Hotel Indigo (cost: $150); Meals: Brunch at Buddy's Pizza ($20) and dinner at The Whitney ($50); Attractions: Visit the Detroit Institute of Arts ($20); Cost for Day 1: $250.\\nDay 2: Explore Detroit Historical Museum (free admission); Accommodation: Hotel Indigo (cost: $150); Meals: Breakfast at Green Cup Coffee ($15) and lunch at Maestra Brewing ($25); Attractions: Visit Campus Martius Park (free admission); Cost for Day 2); retrying in 12s
[RETRY] selfcheckgpt task=tp_nonsynth_mf3_000058 seed=0 attempt 4/5 failed (failed to obtain JSON after 3 attempts: could not parse JSON from model output:
{
  "final_output": "Day 1: Arrive in Detroit, Michigan; Accommodation: Hotel Indigo (cost: $150); Meals: Brunch at Buddy's Pizza ($20) and dinner at The Whitney ($50); Attractions: Visit the Detroit Institute of Arts ($20); Cost for Day 1: $250.\\nDay 2: Explore Detroit Historical Museum (free admission); Accommodation: Hotel Indigo (cost: $150); Meals: Breakfast at Green Cup Coffee ($15) and lunch at Maestra Brewing ($25); Attractions: Visit Campus Martius Park (free admission); Cost for Day 2); retrying in 24s
[ERROR] selfcheckgpt failed task=tp_nonsynth_mf3_000058 seed=0: failed to obtain JSON after 3 attempts: could not parse JSON from model output:
{
  "final_output": "Day 1: Arrive in Detroit, Michigan; Accommodation: Hotel Indigo (cost: $150); Meals: Brunch at Buddy's Pizza ($20) and dinner at The Whitney ($50); Attractions: Visit the Detroit Institute of Arts ($20); Cost for Day 1: $250.\\nDay 2: Explore Detroit Historical Museum (free admission); Accommodation: Hotel Indigo (cost: $150); Meals: Breakfast at Green Cup Coffee ($15) and lunch at Maestra Brewing ($25); Attractions: Visit Campus Martius Park (free admission); Cost for Day 2
  N=3 tp_nonsynth_mf3_000055 seed=2 arm=selfcheckgpt level=hard: per_fault={'budget': True, 'days': True, 'house_rule': True} all_resolved=True n_resolved=3/3 tokens=(21100,3814)
  N=3 tp_nonsynth_mf3_000055 seed=2 arm=reflexion level=hard: per_fault={'budget': True, 'days': True, 'house_rule': True} all_resolved=True n_resolved=3/3 tokens=(1542,1391)
  N=3 tp_nonsynth_mf3_000055 seed=2 arm=intro_specter level=hard: per_fault={'budget': True, 'days': True, 'house_rule': True} all_resolved=True n_resolved=3/3 tokens=(4863,2650)
  N=3 tp_nonsynth_mf3_000056 seed=0 arm=direct level=medium: per_fault={'budget': False, 'days': True, 'cuisine': False} all_resolved=False n_resolved=1/3 tokens=(1410,1595)
  N=3 tp_nonsynth_mf3_000056 seed=0 arm=self_refine level=medium: per_fault={'budget': False, 'days': True, 'cuisine': False} all_resolved=False n_resolved=1/3 tokens=(4759,3668)
  N=3 tp_nonsynth_mf3_000056 seed=0 arm=full_regen level=medium: per_fault={'budget': True, 'days': True, 'cuisine': False} all_resolved=False n_resolved=2/3 tokens=(2800,3000)
  N=3 tp_nonsynth_mf3_000056 seed=0 arm=react level=medium: per_fault={'budget': False, 'days': True, 'cuisine': False} all_resolved=False n_resolved=1/3 tokens=(2873,3897)
  N=3 tp_nonsynth_mf3_000056 seed=0 arm=selfcheckgpt level=medium: per_fault={'budget': False, 'days': True, 'cuisine': False} all_resolved=False n_resolved=1/3 tokens=(11831,3912)
  N=3 tp_nonsynth_mf3_000056 seed=0 arm=reflexion level=medium: per_fault={'budget': True, 'days': True, 'cuisine': False} all_resolved=False n_resolved=2/3 tokens=(17147,5768)
  N=3 tp_nonsynth_mf3_000056 seed=0 arm=intro_specter level=medium: per_fault={'budget': True, 'days': False, 'cuisine': False} all_resolved=False n_resolved=1/3 tokens=(4913,2248)
  N=3 tp_nonsynth_mf3_000056 seed=1 arm=direct level=medium: per_fault={'budget': False, 'days': True, 'cuisine': False} all_resolved=False n_resolved=1/3 tokens=(1410,1595)
  N=3 tp_nonsynth_mf3_000056 seed=1 arm=self_refine level=medium: per_fault={'budget': False, 'days': True, 'cuisine': False} all_resolved=False n_resolved=1/3 tokens=(4759,3668)
  N=3 tp_nonsynth_mf3_000056 seed=1 arm=full_regen level=medium: per_fault={'budget': True, 'days': True, 'cuisine': False} all_resolved=False n_resolved=2/3 tokens=(2820,2492)
  N=3 tp_nonsynth_mf3_000056 seed=1 arm=react level=medium: per_fault={'budget': False, 'days': True, 'cuisine': False} all_resolved=False n_resolved=1/3 tokens=(2873,3897)
  N=3 tp_nonsynth_mf3_000056 seed=1 arm=selfcheckgpt level=medium: per_fault={'budget': False, 'days': True, 'cuisine': False} all_resolved=False n_resolved=1/3 tokens=(11515,3388)
  N=3 tp_nonsynth_mf3_000056 seed=1 arm=reflexion level=medium: per_fault={'budget': True, 'days': True, 'cuisine': False} all_resolved=False n_resolved=2/3 tokens=(17147,5768)
  N=3 tp_nonsynth_mf3_000056 seed=1 arm=intro_specter level=medium: per_fault={'budget': True, 'days': False, 'cuisine': False} all_resolved=False n_resolved=1/3 tokens=(4913,2248)
  N=3 tp_nonsynth_mf3_000056 seed=2 arm=direct level=medium: per_fault={'budget': True, 'days': True, 'cuisine': False} all_resolved=False n_resolved=2/3 tokens=(1410,1824)
  N=3 tp_nonsynth_mf3_000056 seed=2 arm=self_refine level=medium: per_fault={'budget': True, 'days': True, 'cuisine': False} all_resolved=False n_resolved=2/3 tokens=(4946,3789)
  N=3 tp_nonsynth_mf3_000056 seed=2 arm=full_regen level=medium: per_fault={'budget': True, 'days': True, 'cuisine': False} all_resolved=False n_resolved=2/3 tokens=(2836,2928)
  N=3 tp_nonsynth_mf3_000056 seed=2 arm=react level=medium: per_fault={'budget': True, 'days': True, 'cuisine': False} all_resolved=False n_resolved=2/3 tokens=(2853,3199)
  N=3 tp_nonsynth_mf3_000056 seed=2 arm=reflexion level=medium: per_fault={'budget': True, 'days': True, 'cuisine': True} all_resolved=True n_resolved=3/3 tokens=(17232,6513)
  N=3 tp_nonsynth_mf3_000056 seed=2 arm=intro_specter level=medium: per_fault={'budget': False, 'days': True, 'cuisine': False} all_resolved=False n_resolved=1/3 tokens=(5080,2459)
  N=3 tp_nonsynth_mf3_000058 seed=0 arm=direct level=medium: per_fault={'budget': True, 'days': False, 'room_type': True} all_resolved=False n_resolved=2/3 tokens=(1252,795)
  N=3 tp_nonsynth_mf3_000058 seed=0 arm=self_refine level=medium: per_fault={'budget': True, 'days': True, 'room_type': True} all_resolved=True n_resolved=3/3 tokens=(3558,2808)
  N=3 tp_nonsynth_mf3_000058 seed=0 arm=full_regen level=medium: per_fault={'budget': True, 'days': True, 'room_type': False} all_resolved=False n_resolved=2/3 tokens=(2504,2456)
  N=3 tp_nonsynth_mf3_000058 seed=0 arm=react level=medium: per_fault={'budget': False, 'days': False, 'room_type': True} all_resolved=False n_resolved=1/3 tokens=(2577,2121)
  N=3 tp_nonsynth_mf3_000058 seed=0 arm=reflexion level=medium: per_fault={'budget': True, 'days': False, 'room_type': True} all_resolved=False n_resolved=2/3 tokens=(11724,3122)
  N=3 tp_nonsynth_mf3_000058 seed=0 arm=intro_specter level=medium: per_fault={'budget': True, 'days': False, 'room_type': True} all_resolved=False n_resolved=2/3 tokens=(3692,1913)
  N=3 tp_nonsynth_mf3_000058 seed=1 arm=direct level=medium: per_fault={'budget': True, 'days': False, 'room_type': True} all_resolved=False n_resolved=2/3 tokens=(1252,795)
  N=3 tp_nonsynth_mf3_000058 seed=1 arm=self_refine level=medium: per_fault={'budget': True, 'days': True, 'room_type': True} all_resolved=True n_resolved=3/3 tokens=(3558,2808)
  N=3 tp_nonsynth_mf3_000058 seed=1 arm=full_regen level=medium: per_fault={'budget': False, 'days': True, 'room_type': True} all_resolved=False n_resolved=2/3 tokens=(2524,1924)
  N=3 tp_nonsynth_mf3_000058 seed=1 arm=react level=medium: per_fault={'budget': False, 'days': False, 'room_type': True} all_resolved=False n_resolved=1/3 tokens=(2577,2121)
  N=3 tp_nonsynth_mf3_000058 seed=1 arm=selfcheckgpt level=medium: per_fault={'budget': True, 'days': True, 'room_type': True} all_resolved=True n_resolved=3/3 tokens=(14114,2770)
  N=3 tp_nonsynth_mf3_000058 seed=1 arm=reflexion level=medium: per_fault={'budget': True, 'days': False, 'room_type': True} all_resolved=False n_resolved=2/3 tokens=(11724,3122)
  N=3 tp_nonsynth_mf3_000058 seed=1 arm=intro_specter level=medium: per_fault={'budget': True, 'days': False, 'room_type': True} all_resolved=False n_resolved=2/3 tokens=(3692,1913)
  N=3 tp_nonsynth_mf3_000058 seed=2 arm=direct level=medium: per_fault={'budget': True, 'days': True, 'room_type': True} all_resolved=True n_resolved=3/3 tokens=(1252,1011)
  N=3 tp_nonsynth_mf3_000058 seed=2 arm=self_refine level=medium: per_fault={'budget': False, 'days': True, 'room_type': True} all_resolved=False n_resolved=2/3 tokens=(3606,2307)
  N=3 tp_nonsynth_mf3_000058 seed=2 arm=full_regen level=medium: per_fault={'budget': False, 'days': True, 'room_type': True} all_resolved=False n_resolved=2/3 tokens=(2524,2558)
  N=3 tp_nonsynth_mf3_000058 seed=2 arm=react level=medium: per_fault={'budget': True, 'days': True, 'room_type': True} all_resolved=True n_resolved=3/3 tokens=(2557,2180)
  N=3 tp_nonsynth_mf3_000058 seed=2 arm=selfcheckgpt level=medium: per_fault={'budget': True, 'days': True, 'room_type': True} all_resolved=True n_resolved=3/3 tokens=(10825,2255)
  N=3 tp_nonsynth_mf3_000058 seed=2 arm=reflexion level=medium: per_fault={'budget': True, 'days': True, 'room_type': True} all_resolved=True n_resolved=3/3 tokens=(1252,1011)
  N=3 tp_nonsynth_mf3_000058 seed=2 arm=intro_specter level=medium: per_fault={'budget': True, 'days': True, 'room_type': True} all_resolved=True n_resolved=3/3 tokens=(3740,1567)
  N=3 tp_nonsynth_mf3_000059 seed=0 arm=direct level=hard: per_fault={'budget': False, 'days': True, 'cuisine': False} all_resolved=False n_resolved=1/3 tokens=(1534,1121)
  N=3 tp_nonsynth_mf3_000059 seed=0 arm=self_refine level=hard: per_fault={'budget': True, 'days': True, 'cuisine': False} all_resolved=False n_resolved=2/3 tokens=(4330,2567)
  N=3 tp_nonsynth_mf3_000059 seed=0 arm=full_regen level=hard: per_fault={'budget': False, 'days': True, 'cuisine': False} all_resolved=False n_resolved=1/3 tokens=(3032,2159)
[RETRY] selfcheckgpt task=tp_nonsynth_mf3_000060 seed=0 attempt 1/5 failed (failed to obtain JSON after 3 attempts: could not parse JSON from model output:
{
  "final_output": "Based on the provided constraints and conditions, we've devised a customized 10-day travel itinerary for you and your companion. However, due to the planned budget of $12,700 being significantly higher than the revised budget of $7,200 and exceeding the required duration of 7 days, modifications have been made to accommodate these constraints within the allowed parameters. Here is your travel plan:\n\nDay 1: March 16th - Salt Lake City to Billings, Montana\nAccommodation: Ho); retrying in 3s
[RETRY] selfcheckgpt task=tp_nonsynth_mf3_000060 seed=0 attempt 2/5 failed (failed to obtain JSON after 3 attempts: could not parse JSON from model output:
{
  "final_output": "Based on the provided constraints and conditions, we've devised a customized 10-day travel itinerary for you and your companion. However, due to the planned budget of $12,700 being significantly higher than the revised budget of $7,200 and exceeding the required duration of 7 days, modifications have been made to accommodate these constraints within the allowed parameters. Here is your travel plan:\n\nDay 1: March 16th - Salt Lake City to Billings, Montana\nAccommodation: Ho); retrying in 6s
[RETRY] selfcheckgpt task=tp_nonsynth_mf3_000060 seed=0 attempt 3/5 failed (failed to obtain JSON after 3 attempts: could not parse JSON from model output:
{
  "final_output": "Based on the provided constraints and conditions, we've devised a customized 10-day travel itinerary for you and your companion. However, due to the planned budget of $12,700 being significantly higher than the revised budget of $7,200 and exceeding the required duration of 7 days, modifications have been made to accommodate these constraints within the allowed parameters. Here is your travel plan:\n\nDay 1: March 16th - Salt Lake City to Billings, Montana\nAccommodation: Ho); retrying in 12s
[RETRY] selfcheckgpt task=tp_nonsynth_mf3_000060 seed=0 attempt 4/5 failed (failed to obtain JSON after 3 attempts: could not parse JSON from model output:
{
  "final_output": "Based on the provided constraints and conditions, we've devised a customized 10-day travel itinerary for you and your companion. However, due to the planned budget of $12,700 being significantly higher than the revised budget of $7,200 and exceeding the required duration of 7 days, modifications have been made to accommodate these constraints within the allowed parameters. Here is your travel plan:\n\nDay 1: March 16th - Salt Lake City to Billings, Montana\nAccommodation: Ho); retrying in 24s
[ERROR] selfcheckgpt failed task=tp_nonsynth_mf3_000060 seed=0: failed to obtain JSON after 3 attempts: could not parse JSON from model output:
{
  "final_output": "Based on the provided constraints and conditions, we've devised a customized 10-day travel itinerary for you and your companion. However, due to the planned budget of $12,700 being significantly higher than the revised budget of $7,200 and exceeding the required duration of 7 days, modifications have been made to accommodate these constraints within the allowed parameters. Here is your travel plan:\n\nDay 1: March 16th - Salt Lake City to Billings, Montana\nAccommodation: Ho
[RETRY] selfcheckgpt task=tp_nonsynth_mf3_000060 seed=2 attempt 1/5 failed (failed to obtain JSON after 3 attempts: could not parse JSON from model output:
{
  "final_output": "Day 1:\nAccommodation: SpringHill Suites by Marriott Billings, $124.00\nMeals: Breakfast at Benny's Package Liquor, $15.00; Dinner at Bubba's Texas Restaurant, $40.00\nAttractions: Explore Riverfront Park\nCost: $15.00 + $40.00 + $124.00 = $179.00\nDay 2:\nAccommodation: SpringHill Suites by Marriott Billings, $124.00\nMeals: Breakfast at Golden Corral, $10.00; Lunch at Brewing Station, $15.00; Dinner at Iowa House, $20.00\nAttractions: Visit Yellowstone Art Museum\nCost: $1); retrying in 3s
[RETRY] selfcheckgpt task=tp_nonsynth_mf3_000060 seed=2 attempt 2/5 failed (failed to obtain JSON after 3 attempts: could not parse JSON from model output:
{
  "final_output": "Day 1:\nAccommodation: SpringHill Suites by Marriott Billings, $124.00\nMeals: Breakfast at Benny's Package Liquor, $15.00; Dinner at Bubba's Texas Restaurant, $40.00\nAttractions: Explore Riverfront Park\nCost: $15.00 + $40.00 + $124.00 = $179.00\nDay 2:\nAccommodation: SpringHill Suites by Marriott Billings, $124.00\nMeals: Breakfast at Golden Corral, $10.00; Lunch at Brewing Station, $15.00; Dinner at Iowa House, $20.00\nAttractions: Visit Yellowstone Art Museum\nCost: $1); retrying in 6s
[RETRY] selfcheckgpt task=tp_nonsynth_mf3_000060 seed=2 attempt 3/5 failed (failed to obtain JSON after 3 attempts: could not parse JSON from model output:
{
  "final_output": "Day 1:\nAccommodation: SpringHill Suites by Marriott Billings, $124.00\nMeals: Breakfast at Benny's Package Liquor, $15.00; Dinner at Bubba's Texas Restaurant, $40.00\nAttractions: Explore Riverfront Park\nCost: $15.00 + $40.00 + $124.00 = $179.00\nDay 2:\nAccommodation: SpringHill Suites by Marriott Billings, $124.00\nMeals: Breakfast at Golden Corral, $10.00; Lunch at Brewing Station, $15.00; Dinner at Iowa House, $20.00\nAttractions: Visit Yellowstone Art Museum\nCost: $1); retrying in 12s
[RETRY] selfcheckgpt task=tp_nonsynth_mf3_000060 seed=2 attempt 4/5 failed (failed to obtain JSON after 3 attempts: could not parse JSON from model output:
{
  "final_output": "Day 1:\nAccommodation: SpringHill Suites by Marriott Billings, $124.00\nMeals: Breakfast at Benny's Package Liquor, $15.00; Dinner at Bubba's Texas Restaurant, $40.00\nAttractions: Explore Riverfront Park\nCost: $15.00 + $40.00 + $124.00 = $179.00\nDay 2:\nAccommodation: SpringHill Suites by Marriott Billings, $124.00\nMeals: Breakfast at Golden Corral, $10.00; Lunch at Brewing Station, $15.00; Dinner at Iowa House, $20.00\nAttractions: Visit Yellowstone Art Museum\nCost: $1); retrying in 24s
[ERROR] selfcheckgpt failed task=tp_nonsynth_mf3_000060 seed=2: failed to obtain JSON after 3 attempts: could not parse JSON from model output:
{
  "final_output": "Day 1:\nAccommodation: SpringHill Suites by Marriott Billings, $124.00\nMeals: Breakfast at Benny's Package Liquor, $15.00; Dinner at Bubba's Texas Restaurant, $40.00\nAttractions: Explore Riverfront Park\nCost: $15.00 + $40.00 + $124.00 = $179.00\nDay 2:\nAccommodation: SpringHill Suites by Marriott Billings, $124.00\nMeals: Breakfast at Golden Corral, $10.00; Lunch at Brewing Station, $15.00; Dinner at Iowa House, $20.00\nAttractions: Visit Yellowstone Art Museum\nCost: $1
  N=3 tp_nonsynth_mf3_000059 seed=0 arm=react level=hard: per_fault={'budget': True, 'days': True, 'cuisine': False} all_resolved=False n_resolved=2/3 tokens=(3105,2833)
  N=3 tp_nonsynth_mf3_000059 seed=0 arm=selfcheckgpt level=hard: per_fault={'budget': False, 'days': True, 'cuisine': False} all_resolved=False n_resolved=1/3 tokens=(11956,2824)
  N=3 tp_nonsynth_mf3_000059 seed=0 arm=reflexion level=hard: per_fault={'budget': False, 'days': True, 'cuisine': False} all_resolved=False n_resolved=1/3 tokens=(14669,4125)
  N=3 tp_nonsynth_mf3_000059 seed=0 arm=intro_specter level=hard: per_fault={'budget': True, 'days': True, 'cuisine': False} all_resolved=False n_resolved=2/3 tokens=(4484,1880)
  N=3 tp_nonsynth_mf3_000059 seed=1 arm=direct level=hard: per_fault={'budget': False, 'days': True, 'cuisine': False} all_resolved=False n_resolved=1/3 tokens=(1534,1121)
  N=3 tp_nonsynth_mf3_000059 seed=1 arm=self_refine level=hard: per_fault={'budget': True, 'days': True, 'cuisine': False} all_resolved=False n_resolved=2/3 tokens=(4330,2567)
  N=3 tp_nonsynth_mf3_000059 seed=1 arm=full_regen level=hard: per_fault={'budget': True, 'days': True, 'cuisine': False} all_resolved=False n_resolved=2/3 tokens=(3032,2133)
  N=3 tp_nonsynth_mf3_000059 seed=1 arm=react level=hard: per_fault={'budget': True, 'days': True, 'cuisine': False} all_resolved=False n_resolved=2/3 tokens=(3105,2833)
  N=3 tp_nonsynth_mf3_000059 seed=1 arm=selfcheckgpt level=hard: per_fault={'budget': False, 'days': True, 'cuisine': False} all_resolved=False n_resolved=1/3 tokens=(11892,2849)
  N=3 tp_nonsynth_mf3_000059 seed=1 arm=reflexion level=hard: per_fault={'budget': False, 'days': True, 'cuisine': False} all_resolved=False n_resolved=1/3 tokens=(14669,4125)
  N=3 tp_nonsynth_mf3_000059 seed=1 arm=intro_specter level=hard: per_fault={'budget': True, 'days': True, 'cuisine': False} all_resolved=False n_resolved=2/3 tokens=(4484,1880)
  N=3 tp_nonsynth_mf3_000059 seed=2 arm=direct level=hard: per_fault={'budget': False, 'days': True, 'cuisine': False} all_resolved=False n_resolved=1/3 tokens=(1498,985)
  N=3 tp_nonsynth_mf3_000059 seed=2 arm=self_refine level=hard: per_fault={'budget': False, 'days': True, 'cuisine': False} all_resolved=False n_resolved=1/3 tokens=(4199,2431)
  N=3 tp_nonsynth_mf3_000059 seed=2 arm=full_regen level=hard: per_fault={'budget': False, 'days': True, 'cuisine': False} all_resolved=False n_resolved=1/3 tokens=(3016,1791)
  N=3 tp_nonsynth_mf3_000059 seed=2 arm=react level=hard: per_fault={'budget': True, 'days': True, 'cuisine': False} all_resolved=False n_resolved=2/3 tokens=(3049,1549)
  N=3 tp_nonsynth_mf3_000059 seed=2 arm=selfcheckgpt level=hard: per_fault={'budget': False, 'days': True, 'cuisine': False} all_resolved=False n_resolved=1/3 tokens=(11697,2689)
  N=3 tp_nonsynth_mf3_000059 seed=2 arm=reflexion level=hard: per_fault={'budget': True, 'days': True, 'cuisine': True} all_resolved=True n_resolved=3/3 tokens=(14350,4030)
  N=3 tp_nonsynth_mf3_000059 seed=2 arm=intro_specter level=hard: per_fault={'budget': False, 'days': True, 'cuisine': False} all_resolved=False n_resolved=1/3 tokens=(4373,1578)
  N=3 tp_nonsynth_mf3_000060 seed=0 arm=direct level=hard: per_fault={'budget': True, 'days': True, 'cuisine': False} all_resolved=False n_resolved=2/3 tokens=(1753,1071)
  N=3 tp_nonsynth_mf3_000060 seed=0 arm=self_refine level=hard: per_fault={'budget': True, 'days': True, 'cuisine': False} all_resolved=False n_resolved=2/3 tokens=(4690,2383)
  N=3 tp_nonsynth_mf3_000060 seed=0 arm=full_regen level=hard: per_fault={'budget': True, 'days': True, 'cuisine': False} all_resolved=False n_resolved=2/3 tokens=(3506,3067)
  N=3 tp_nonsynth_mf3_000060 seed=0 arm=react level=hard: per_fault={'budget': True, 'days': True, 'cuisine': False} all_resolved=False n_resolved=2/3 tokens=(3539,2548)
  N=3 tp_nonsynth_mf3_000060 seed=0 arm=reflexion level=hard: per_fault={'budget': True, 'days': True, 'cuisine': False} all_resolved=False n_resolved=2/3 tokens=(15092,3870)
  N=3 tp_nonsynth_mf3_000060 seed=0 arm=intro_specter level=hard: per_fault={'budget': True, 'days': False, 'cuisine': False} all_resolved=False n_resolved=1/3 tokens=(4844,1711)
  N=3 tp_nonsynth_mf3_000060 seed=1 arm=direct level=hard: per_fault={'budget': True, 'days': True, 'cuisine': False} all_resolved=False n_resolved=2/3 tokens=(1753,1071)
  N=3 tp_nonsynth_mf3_000060 seed=1 arm=self_refine level=hard: per_fault={'budget': True, 'days': True, 'cuisine': False} all_resolved=False n_resolved=2/3 tokens=(4690,2383)
  N=3 tp_nonsynth_mf3_000060 seed=1 arm=full_regen level=hard: per_fault={'budget': True, 'days': True, 'cuisine': False} all_resolved=False n_resolved=2/3 tokens=(3506,2412)
  N=3 tp_nonsynth_mf3_000060 seed=1 arm=react level=hard: per_fault={'budget': True, 'days': True, 'cuisine': False} all_resolved=False n_resolved=2/3 tokens=(3539,2548)
  N=3 tp_nonsynth_mf3_000060 seed=1 arm=selfcheckgpt level=hard: per_fault={'budget': True, 'days': True, 'cuisine': False} all_resolved=False n_resolved=2/3 tokens=(13077,2745)
  N=3 tp_nonsynth_mf3_000060 seed=1 arm=reflexion level=hard: per_fault={'budget': True, 'days': True, 'cuisine': False} all_resolved=False n_resolved=2/3 tokens=(15092,3870)
  N=3 tp_nonsynth_mf3_000060 seed=1 arm=intro_specter level=hard: per_fault={'budget': True, 'days': False, 'cuisine': False} all_resolved=False n_resolved=1/3 tokens=(4844,1711)
  N=3 tp_nonsynth_mf3_000060 seed=2 arm=direct level=hard: per_fault={'budget': True, 'days': True, 'cuisine': False} all_resolved=False n_resolved=2/3 tokens=(1733,1396)
  N=3 tp_nonsynth_mf3_000060 seed=2 arm=self_refine level=hard: per_fault={'budget': True, 'days': True, 'cuisine': False} all_resolved=False n_resolved=2/3 tokens=(5017,3066)
  N=3 tp_nonsynth_mf3_000060 seed=2 arm=full_regen level=hard: per_fault={'budget': True, 'days': True, 'cuisine': False} all_resolved=False n_resolved=2/3 tokens=(3466,2960)
  N=3 tp_nonsynth_mf3_000060 seed=2 arm=react level=hard: per_fault={'budget': True, 'days': True, 'cuisine': False} all_resolved=False n_resolved=2/3 tokens=(3519,2873)
  N=3 tp_nonsynth_mf3_000060 seed=2 arm=reflexion level=hard: per_fault={'budget': True, 'days': True, 'cuisine': True} all_resolved=True n_resolved=3/3 tokens=(19147,7323)
  N=3 tp_nonsynth_mf3_000060 seed=2 arm=intro_specter level=hard: per_fault={'budget': False, 'days': True, 'cuisine': False} all_resolved=False n_resolved=1/3 tokens=(5191,2256)
  N=3 tp_nonsynth_mf3_000061 seed=0 arm=direct level=hard: per_fault={'budget': True, 'days': True, 'house_rule': True} all_resolved=True n_resolved=3/3 tokens=(1539,1044)
  N=3 tp_nonsynth_mf3_000061 seed=0 arm=self_refine level=hard: per_fault={'budget': True, 'days': True, 'house_rule': True} all_resolved=True n_resolved=3/3 tokens=(4193,2525)
  N=3 tp_nonsynth_mf3_000061 seed=0 arm=full_regen level=hard: per_fault={'budget': True, 'days': True, 'house_rule': False} all_resolved=False n_resolved=2/3 tokens=(3078,2424)
  N=3 tp_nonsynth_mf3_000061 seed=0 arm=react level=hard: per_fault={'budget': False, 'days': True, 'house_rule': False} all_resolved=False n_resolved=1/3 tokens=(3151,2315)
  N=3 tp_nonsynth_mf3_000061 seed=0 arm=selfcheckgpt level=hard: per_fault={'budget': True, 'days': True, 'house_rule': True} all_resolved=True n_resolved=3/3 tokens=(13276,3746)
  N=3 tp_nonsynth_mf3_000061 seed=0 arm=reflexion level=hard: per_fault={'budget': True, 'days': True, 'house_rule': True} all_resolved=True n_resolved=3/3 tokens=(1539,1044)
  N=3 tp_nonsynth_mf3_000061 seed=0 arm=intro_specter level=hard: per_fault={'budget': True, 'days': True, 'house_rule': True} all_resolved=True n_resolved=3/3 tokens=(4347,1555)
  N=3 tp_nonsynth_mf3_000061 seed=1 arm=direct level=hard: per_fault={'budget': True, 'days': True, 'house_rule': True} all_resolved=True n_resolved=3/3 tokens=(1539,1044)
  N=3 tp_nonsynth_mf3_000061 seed=1 arm=self_refine level=hard: per_fault={'budget': True, 'days': True, 'house_rule': True} all_resolved=True n_resolved=3/3 tokens=(4193,2525)
[RETRY] selfcheckgpt task=tp_nonsynth_mf3_000061 seed=2 attempt 1/5 failed (failed to obtain JSON after 3 attempts: could not parse JSON from model output:
{
  "final_output": "Based on the native constraints and local constraints, here is a 6-day travel plan from Chicago to North Carolina with the specified requirements. As the total trip budget must not exceed $6300, and local constraint is not adhering to this constraint (purchasing budget increased  $3600 total budget), we reached an inconclusivity point where constraints which provided some days' budget information often exceed available budget within given 6 days. Hotel information provided f); retrying in 3s
[RETRY] selfcheckgpt task=tp_nonsynth_mf3_000061 seed=2 attempt 2/5 failed (failed to obtain JSON after 3 attempts: could not parse JSON from model output:
{
  "final_output": "Based on the native constraints and local constraints, here is a 6-day travel plan from Chicago to North Carolina with the specified requirements. As the total trip budget must not exceed $6300, and local constraint is not adhering to this constraint (purchasing budget increased  $3600 total budget), we reached an inconclusivity point where constraints which provided some days' budget information often exceed available budget within given 6 days. Hotel information provided f); retrying in 6s
[RETRY] selfcheckgpt task=tp_nonsynth_mf3_000061 seed=2 attempt 3/5 failed (failed to obtain JSON after 3 attempts: could not parse JSON from model output:
{
  "final_output": "Based on the native constraints and local constraints, here is a 6-day travel plan from Chicago to North Carolina with the specified requirements. As the total trip budget must not exceed $6300, and local constraint is not adhering to this constraint (purchasing budget increased  $3600 total budget), we reached an inconclusivity point where constraints which provided some days' budget information often exceed available budget within given 6 days. Hotel information provided f); retrying in 12s
[RETRY] selfcheckgpt task=tp_nonsynth_mf3_000061 seed=2 attempt 4/5 failed (failed to obtain JSON after 3 attempts: could not parse JSON from model output:
{
  "final_output": "Based on the native constraints and local constraints, here is a 6-day travel plan from Chicago to North Carolina with the specified requirements. As the total trip budget must not exceed $6300, and local constraint is not adhering to this constraint (purchasing budget increased  $3600 total budget), we reached an inconclusivity point where constraints which provided some days' budget information often exceed available budget within given 6 days. Hotel information provided f); retrying in 24s
[ERROR] selfcheckgpt failed task=tp_nonsynth_mf3_000061 seed=2: failed to obtain JSON after 3 attempts: could not parse JSON from model output:
{
  "final_output": "Based on the native constraints and local constraints, here is a 6-day travel plan from Chicago to North Carolina with the specified requirements. As the total trip budget must not exceed $6300, and local constraint is not adhering to this constraint (purchasing budget increased  $3600 total budget), we reached an inconclusivity point where constraints which provided some days' budget information often exceed available budget within given 6 days. Hotel information provided f
[RETRY] selfcheckgpt task=tp_nonsynth_mf3_000063 seed=0 attempt 1/5 failed (failed to obtain JSON after 3 attempts: could not parse JSON from model output:
{
  "final_output": "Here is a one-week travel itinerary for 4 people, leaving from Seattle and heading to Florida from March 17th to March 23rd, 2022.\n\nDay 1: March 17th, 2022\nAccommodation: Entire room at Hyatt Regency Orlando (cost: $500)\nMeals: Breakfast at none, Lunch at none, Dinner at Morimoto Asia (cost: $50)\nAttractions: Ripley's Believe It or Not! (cost: $20)\nCost: $570\n\nDay 2: March 18th, 2022\nAccommodation: Entire room at Hyatt Regency Orlando (cost: $500)\nMeals: Breakfast ); retrying in 3s
[RETRY] selfcheckgpt task=tp_nonsynth_mf3_000063 seed=0 attempt 2/5 failed (failed to obtain JSON after 3 attempts: could not parse JSON from model output:
{
  "final_output": "Here is a one-week travel itinerary for 4 people, leaving from Seattle and heading to Florida from March 17th to March 23rd, 2022.\n\nDay 1: March 17th, 2022\nAccommodation: Entire room at Hyatt Regency Orlando (cost: $500)\nMeals: Breakfast at none, Lunch at none, Dinner at Morimoto Asia (cost: $50)\nAttractions: Ripley's Believe It or Not! (cost: $20)\nCost: $570\n\nDay 2: March 18th, 2022\nAccommodation: Entire room at Hyatt Regency Orlando (cost: $500)\nMeals: Breakfast ); retrying in 6s
[RETRY] selfcheckgpt task=tp_nonsynth_mf3_000063 seed=0 attempt 3/5 failed (failed to obtain JSON after 3 attempts: could not parse JSON from model output:
{
  "final_output": "Here is a one-week travel itinerary for 4 people, leaving from Seattle and heading to Florida from March 17th to March 23rd, 2022.\n\nDay 1: March 17th, 2022\nAccommodation: Entire room at Hyatt Regency Orlando (cost: $500)\nMeals: Breakfast at none, Lunch at none, Dinner at Morimoto Asia (cost: $50)\nAttractions: Ripley's Believe It or Not! (cost: $20)\nCost: $570\n\nDay 2: March 18th, 2022\nAccommodation: Entire room at Hyatt Regency Orlando (cost: $500)\nMeals: Breakfast ); retrying in 12s
[RETRY] selfcheckgpt task=tp_nonsynth_mf3_000063 seed=0 attempt 4/5 failed (failed to obtain JSON after 3 attempts: could not parse JSON from model output:
{
  "final_output": "Here is a one-week travel itinerary for 4 people, leaving from Seattle and heading to Florida from March 17th to March 23rd, 2022.\n\nDay 1: March 17th, 2022\nAccommodation: Entire room at Hyatt Regency Orlando (cost: $500)\nMeals: Breakfast at none, Lunch at none, Dinner at Morimoto Asia (cost: $50)\nAttractions: Ripley's Believe It or Not! (cost: $20)\nCost: $570\n\nDay 2: March 18th, 2022\nAccommodation: Entire room at Hyatt Regency Orlando (cost: $500)\nMeals: Breakfast ); retrying in 24s
[ERROR] selfcheckgpt failed task=tp_nonsynth_mf3_000063 seed=0: failed to obtain JSON after 3 attempts: could not parse JSON from model output:
{
  "final_output": "Here is a one-week travel itinerary for 4 people, leaving from Seattle and heading to Florida from March 17th to March 23rd, 2022.\n\nDay 1: March 17th, 2022\nAccommodation: Entire room at Hyatt Regency Orlando (cost: $500)\nMeals: Breakfast at none, Lunch at none, Dinner at Morimoto Asia (cost: $50)\nAttractions: Ripley's Believe It or Not! (cost: $20)\nCost: $570\n\nDay 2: March 18th, 2022\nAccommodation: Entire room at Hyatt Regency Orlando (cost: $500)\nMeals: Breakfast 
[RETRY] selfcheckgpt task=tp_nonsynth_mf3_000063 seed=1 attempt 1/5 failed (failed to obtain JSON after 3 attempts: could not parse JSON from model output:
{
  "final_output": {
    "travel_plan": {
      "day1": {
        "accommodation": "Hilton Orlando",
        "meal": "breakfast at Jimmy Buffett's Margaritaville and lunch at The Coop",
        "attraction": "Universal Orlando Resort",
        "costs": "Hotel: $400, meals: $100, attraction: $150",
        "total": "Total cost: $650"
      },
      "day2": {
        "accommodation": "MGM Grand Orlando",
        "meal": "breakfast at Einstein Bros. Bagels and lunch at Tapas y Taco",
        "attr); retrying in 3s
[RETRY] selfcheckgpt task=tp_nonsynth_mf3_000063 seed=1 attempt 2/5 failed (failed to obtain JSON after 3 attempts: could not parse JSON from model output:
{
  "final_output": {
    "travel_plan": {
      "day1": {
        "accommodation": "Hilton Orlando",
        "meal": "breakfast at Jimmy Buffett's Margaritaville and lunch at The Coop",
        "attraction": "Universal Orlando Resort",
        "costs": "Hotel: $400, meals: $100, attraction: $150",
        "total": "Total cost: $650"
      },
      "day2": {
        "accommodation": "MGM Grand Orlando",
        "meal": "breakfast at Einstein Bros. Bagels and lunch at Tapas y Taco",
        "attr); retrying in 6s
[RETRY] selfcheckgpt task=tp_nonsynth_mf3_000063 seed=1 attempt 3/5 failed (failed to obtain JSON after 3 attempts: could not parse JSON from model output:
{
  "final_output": {
    "travel_plan": {
      "day1": {
        "accommodation": "Hilton Orlando",
        "meal": "breakfast at Jimmy Buffett's Margaritaville and lunch at The Coop",
        "attraction": "Universal Orlando Resort",
        "costs": "Hotel: $400, meals: $100, attraction: $150",
        "total": "Total cost: $650"
      },
      "day2": {
        "accommodation": "MGM Grand Orlando",
        "meal": "breakfast at Einstein Bros. Bagels and lunch at Tapas y Taco",
        "attr); retrying in 12s
[RETRY] selfcheckgpt task=tp_nonsynth_mf3_000063 seed=1 attempt 4/5 failed (failed to obtain JSON after 3 attempts: could not parse JSON from model output:
{
  "final_output": {
    "travel_plan": {
      "day1": {
        "accommodation": "Hilton Orlando",
        "meal": "breakfast at Jimmy Buffett's Margaritaville and lunch at The Coop",
        "attraction": "Universal Orlando Resort",
        "costs": "Hotel: $400, meals: $100, attraction: $150",
        "total": "Total cost: $650"
      },
      "day2": {
        "accommodation": "MGM Grand Orlando",
        "meal": "breakfast at Einstein Bros. Bagels and lunch at Tapas y Taco",
        "attr); retrying in 24s
[ERROR] selfcheckgpt failed task=tp_nonsynth_mf3_000063 seed=1: failed to obtain JSON after 3 attempts: could not parse JSON from model output:
{
  "final_output": {
    "travel_plan": {
      "day1": {
        "accommodation": "Hilton Orlando",
        "meal": "breakfast at Jimmy Buffett's Margaritaville and lunch at The Coop",
        "attraction": "Universal Orlando Resort",
        "costs": "Hotel: $400, meals: $100, attraction: $150",
        "total": "Total cost: $650"
      },
      "day2": {
        "accommodation": "MGM Grand Orlando",
        "meal": "breakfast at Einstein Bros. Bagels and lunch at Tapas y Taco",
        "attr
  N=3 tp_nonsynth_mf3_000061 seed=1 arm=full_regen level=hard: per_fault={'budget': True, 'days': True, 'house_rule': False} all_resolved=False n_resolved=2/3 tokens=(3078,2101)
  N=3 tp_nonsynth_mf3_000061 seed=1 arm=react level=hard: per_fault={'budget': False, 'days': True, 'house_rule': False} all_resolved=False n_resolved=1/3 tokens=(3151,2315)
  N=3 tp_nonsynth_mf3_000061 seed=1 arm=selfcheckgpt level=hard: per_fault={'budget': True, 'days': True, 'house_rule': True} all_resolved=True n_resolved=3/3 tokens=(13222,3672)
  N=3 tp_nonsynth_mf3_000061 seed=1 arm=reflexion level=hard: per_fault={'budget': True, 'days': True, 'house_rule': True} all_resolved=True n_resolved=3/3 tokens=(1539,1044)
  N=3 tp_nonsynth_mf3_000061 seed=1 arm=intro_specter level=hard: per_fault={'budget': True, 'days': True, 'house_rule': True} all_resolved=True n_resolved=3/3 tokens=(4347,1555)
  N=3 tp_nonsynth_mf3_000061 seed=2 arm=direct level=hard: per_fault={'budget': True, 'days': True, 'house_rule': True} all_resolved=True n_resolved=3/3 tokens=(1559,1157)
  N=3 tp_nonsynth_mf3_000061 seed=2 arm=self_refine level=hard: per_fault={'budget': True, 'days': True, 'house_rule': True} all_resolved=True n_resolved=3/3 tokens=(4388,2424)
  N=3 tp_nonsynth_mf3_000061 seed=2 arm=full_regen level=hard: per_fault={'budget': False, 'days': True, 'house_rule': False} all_resolved=False n_resolved=1/3 tokens=(3098,1922)
  N=3 tp_nonsynth_mf3_000061 seed=2 arm=react level=hard: per_fault={'budget': True, 'days': True, 'house_rule': False} all_resolved=False n_resolved=2/3 tokens=(3171,2653)
  N=3 tp_nonsynth_mf3_000061 seed=2 arm=reflexion level=hard: per_fault={'budget': True, 'days': True, 'house_rule': True} all_resolved=True n_resolved=3/3 tokens=(1559,1157)
  N=3 tp_nonsynth_mf3_000061 seed=2 arm=intro_specter level=hard: per_fault={'budget': True, 'days': True, 'house_rule': True} all_resolved=True n_resolved=3/3 tokens=(4542,1836)
  N=3 tp_nonsynth_mf3_000062 seed=0 arm=direct level=hard: per_fault={'budget': False, 'days': True, 'house_rule': True} all_resolved=False n_resolved=2/3 tokens=(1614,1058)
  N=3 tp_nonsynth_mf3_000062 seed=0 arm=self_refine level=hard: per_fault={'budget': False, 'days': True, 'house_rule': True} all_resolved=False n_resolved=2/3 tokens=(4379,2501)
  N=3 tp_nonsynth_mf3_000062 seed=0 arm=full_regen level=hard: per_fault={'budget': True, 'days': True, 'house_rule': True} all_resolved=True n_resolved=3/3 tokens=(3208,2459)
  N=3 tp_nonsynth_mf3_000062 seed=0 arm=react level=hard: per_fault={'budget': False, 'days': True, 'house_rule': True} all_resolved=False n_resolved=2/3 tokens=(3281,2663)
  N=3 tp_nonsynth_mf3_000062 seed=0 arm=selfcheckgpt level=hard: per_fault={'budget': False, 'days': True, 'house_rule': True} all_resolved=False n_resolved=2/3 tokens=(11391,1858)
  N=3 tp_nonsynth_mf3_000062 seed=0 arm=reflexion level=hard: per_fault={'budget': True, 'days': True, 'house_rule': True} all_resolved=True n_resolved=3/3 tokens=(7232,2363)
  N=3 tp_nonsynth_mf3_000062 seed=0 arm=intro_specter level=hard: per_fault={'budget': False, 'days': False, 'house_rule': True} all_resolved=False n_resolved=1/3 tokens=(4553,2396)
  N=3 tp_nonsynth_mf3_000062 seed=1 arm=direct level=hard: per_fault={'budget': False, 'days': True, 'house_rule': True} all_resolved=False n_resolved=2/3 tokens=(1614,1058)
  N=3 tp_nonsynth_mf3_000062 seed=1 arm=self_refine level=hard: per_fault={'budget': False, 'days': True, 'house_rule': True} all_resolved=False n_resolved=2/3 tokens=(4379,2501)
  N=3 tp_nonsynth_mf3_000062 seed=1 arm=full_regen level=hard: per_fault={'budget': False, 'days': True, 'house_rule': True} all_resolved=False n_resolved=2/3 tokens=(3208,2557)
  N=3 tp_nonsynth_mf3_000062 seed=1 arm=react level=hard: per_fault={'budget': False, 'days': True, 'house_rule': True} all_resolved=False n_resolved=2/3 tokens=(3281,2663)
  N=3 tp_nonsynth_mf3_000062 seed=1 arm=selfcheckgpt level=hard: per_fault={'budget': False, 'days': True, 'house_rule': True} all_resolved=False n_resolved=2/3 tokens=(12066,2453)
  N=3 tp_nonsynth_mf3_000062 seed=1 arm=reflexion level=hard: per_fault={'budget': True, 'days': True, 'house_rule': True} all_resolved=True n_resolved=3/3 tokens=(7232,2363)
  N=3 tp_nonsynth_mf3_000062 seed=1 arm=intro_specter level=hard: per_fault={'budget': False, 'days': False, 'house_rule': True} all_resolved=False n_resolved=1/3 tokens=(4553,2396)
  N=3 tp_nonsynth_mf3_000062 seed=2 arm=direct level=hard: per_fault={'budget': True, 'days': True, 'house_rule': True} all_resolved=True n_resolved=3/3 tokens=(1594,927)
  N=3 tp_nonsynth_mf3_000062 seed=2 arm=self_refine level=hard: per_fault={'budget': True, 'days': True, 'house_rule': True} all_resolved=True n_resolved=3/3 tokens=(4186,2152)
  N=3 tp_nonsynth_mf3_000062 seed=2 arm=full_regen level=hard: per_fault={'budget': True, 'days': True, 'house_rule': True} all_resolved=True n_resolved=3/3 tokens=(3188,1959)
  N=3 tp_nonsynth_mf3_000062 seed=2 arm=react level=hard: per_fault={'budget': False, 'days': True, 'house_rule': True} all_resolved=False n_resolved=2/3 tokens=(3261,2180)
  N=3 tp_nonsynth_mf3_000062 seed=2 arm=selfcheckgpt level=hard: per_fault={'budget': True, 'days': True, 'house_rule': True} all_resolved=True n_resolved=3/3 tokens=(12528,1968)
  N=3 tp_nonsynth_mf3_000062 seed=2 arm=reflexion level=hard: per_fault={'budget': True, 'days': True, 'house_rule': True} all_resolved=True n_resolved=3/3 tokens=(1594,927)
  N=3 tp_nonsynth_mf3_000062 seed=2 arm=intro_specter level=hard: per_fault={'budget': True, 'days': True, 'house_rule': True} all_resolved=True n_resolved=3/3 tokens=(4340,1449)
  N=3 tp_nonsynth_mf3_000063 seed=0 arm=direct level=hard: per_fault={'budget': False, 'days': True, 'house_rule': True} all_resolved=False n_resolved=2/3 tokens=(1457,1294)
  N=3 tp_nonsynth_mf3_000063 seed=0 arm=self_refine level=hard: per_fault={'budget': True, 'days': True, 'house_rule': True} all_resolved=True n_resolved=3/3 tokens=(4489,2737)
  N=3 tp_nonsynth_mf3_000063 seed=0 arm=full_regen level=hard: per_fault={'budget': False, 'days': True, 'house_rule': True} all_resolved=False n_resolved=2/3 tokens=(2894,2516)
  N=3 tp_nonsynth_mf3_000063 seed=0 arm=react level=hard: per_fault={'budget': True, 'days': True, 'house_rule': True} all_resolved=True n_resolved=3/3 tokens=(2947,2421)
  N=3 tp_nonsynth_mf3_000063 seed=0 arm=reflexion level=hard: per_fault={'budget': True, 'days': True, 'house_rule': True} all_resolved=True n_resolved=3/3 tokens=(7550,2969)
  N=3 tp_nonsynth_mf3_000063 seed=0 arm=intro_specter level=hard: per_fault={'budget': False, 'days': False, 'house_rule': True} all_resolved=False n_resolved=1/3 tokens=(4623,1846)
  N=3 tp_nonsynth_mf3_000063 seed=1 arm=direct level=hard: per_fault={'budget': False, 'days': True, 'house_rule': True} all_resolved=False n_resolved=2/3 tokens=(1457,1294)
  N=3 tp_nonsynth_mf3_000063 seed=1 arm=self_refine level=hard: per_fault={'budget': True, 'days': True, 'house_rule': True} all_resolved=True n_resolved=3/3 tokens=(4489,2737)
  N=3 tp_nonsynth_mf3_000063 seed=1 arm=full_regen level=hard: per_fault={'budget': False, 'days': True, 'house_rule': True} all_resolved=False n_resolved=2/3 tokens=(2895,2299)
  N=3 tp_nonsynth_mf3_000063 seed=1 arm=react level=hard: per_fault={'budget': True, 'days': True, 'house_rule': True} all_resolved=True n_resolved=3/3 tokens=(2947,2421)
  N=3 tp_nonsynth_mf3_000063 seed=1 arm=reflexion level=hard: per_fault={'budget': True, 'days': True, 'house_rule': True} all_resolved=True n_resolved=3/3 tokens=(7550,2969)
  N=3 tp_nonsynth_mf3_000063 seed=1 arm=intro_specter level=hard: per_fault={'budget': False, 'days': False, 'house_rule': True} all_resolved=False n_resolved=1/3 tokens=(4623,1846)
  N=3 tp_nonsynth_mf3_000063 seed=2 arm=direct level=hard: per_fault={'budget': False, 'days': True, 'house_rule': True} all_resolved=False n_resolved=2/3 tokens=(1457,1406)
  N=3 tp_nonsynth_mf3_000063 seed=2 arm=self_refine level=hard: per_fault={'budget': False, 'days': True, 'house_rule': True} all_resolved=False n_resolved=2/3 tokens=(4622,3238)
[RETRY] selfcheckgpt task=tp_nonsynth_mf3_000063 seed=2 attempt 1/5 failed (failed to obtain JSON after 3 attempts: could not parse JSON from model output:
{
  "final_output": "Day 1: March 17th, 2022:\nAccommodation: Entire room at Hampton Inn Orlando/Lake Buena Vista, Cost: $150\nMeals: Breakfast at The Coop, Lunch at the Polite Pig, Dinner at The Ravenous Pig, Cost: $75\nAttraction: None, Cost: $0\n\nDay 2: March 18th, 2022:\nAccommodation: Entire room at Reunion Resort, Cost: $120\nMeals: Breakfast at The Council Oak Fish Bar, Lunch at The Rose & Crown, Dinner at Morimoto Asia, Cost: $80\nAttraction: SeaWorld Orlando, Cost: $100\n\nDay 3: March); retrying in 3s
[RETRY] selfcheckgpt task=tp_nonsynth_mf3_000063 seed=2 attempt 2/5 failed (failed to obtain JSON after 3 attempts: could not parse JSON from model output:
{
  "final_output": "Day 1: March 17th, 2022:\nAccommodation: Entire room at Hampton Inn Orlando/Lake Buena Vista, Cost: $150\nMeals: Breakfast at The Coop, Lunch at the Polite Pig, Dinner at The Ravenous Pig, Cost: $75\nAttraction: None, Cost: $0\n\nDay 2: March 18th, 2022:\nAccommodation: Entire room at Reunion Resort, Cost: $120\nMeals: Breakfast at The Council Oak Fish Bar, Lunch at The Rose & Crown, Dinner at Morimoto Asia, Cost: $80\nAttraction: SeaWorld Orlando, Cost: $100\n\nDay 3: March); retrying in 6s
[RETRY] selfcheckgpt task=tp_nonsynth_mf3_000063 seed=2 attempt 3/5 failed (failed to obtain JSON after 3 attempts: could not parse JSON from model output:
{
  "final_output": "Day 1: March 17th, 2022:\nAccommodation: Entire room at Hampton Inn Orlando/Lake Buena Vista, Cost: $150\nMeals: Breakfast at The Coop, Lunch at the Polite Pig, Dinner at The Ravenous Pig, Cost: $75\nAttraction: None, Cost: $0\n\nDay 2: March 18th, 2022:\nAccommodation: Entire room at Reunion Resort, Cost: $120\nMeals: Breakfast at The Council Oak Fish Bar, Lunch at The Rose & Crown, Dinner at Morimoto Asia, Cost: $80\nAttraction: SeaWorld Orlando, Cost: $100\n\nDay 3: March); retrying in 12s
[RETRY] selfcheckgpt task=tp_nonsynth_mf3_000063 seed=2 attempt 4/5 failed (failed to obtain JSON after 3 attempts: could not parse JSON from model output:
{
  "final_output": "Day 1: March 17th, 2022:\nAccommodation: Entire room at Hampton Inn Orlando/Lake Buena Vista, Cost: $150\nMeals: Breakfast at The Coop, Lunch at the Polite Pig, Dinner at The Ravenous Pig, Cost: $75\nAttraction: None, Cost: $0\n\nDay 2: March 18th, 2022:\nAccommodation: Entire room at Reunion Resort, Cost: $120\nMeals: Breakfast at The Council Oak Fish Bar, Lunch at The Rose & Crown, Dinner at Morimoto Asia, Cost: $80\nAttraction: SeaWorld Orlando, Cost: $100\n\nDay 3: March); retrying in 24s
[ERROR] selfcheckgpt failed task=tp_nonsynth_mf3_000063 seed=2: failed to obtain JSON after 3 attempts: could not parse JSON from model output:
{
  "final_output": "Day 1: March 17th, 2022:\nAccommodation: Entire room at Hampton Inn Orlando/Lake Buena Vista, Cost: $150\nMeals: Breakfast at The Coop, Lunch at the Polite Pig, Dinner at The Ravenous Pig, Cost: $75\nAttraction: None, Cost: $0\n\nDay 2: March 18th, 2022:\nAccommodation: Entire room at Reunion Resort, Cost: $120\nMeals: Breakfast at The Council Oak Fish Bar, Lunch at The Rose & Crown, Dinner at Morimoto Asia, Cost: $80\nAttraction: SeaWorld Orlando, Cost: $100\n\nDay 3: March
[RETRY] selfcheckgpt task=tp_nonsynth_mf3_000064 seed=0 attempt 1/5 failed (failed to obtain JSON after 3 attempts: could not parse JSON from model output:
{
  "final_output": "Based on the given constraints, here's a 10-day travel itinerary for 2 people, starting from Miami, visiting 3 different cities in California from March 8th to March 14th, 2022:\n\nDay 1 (March 8th): Miami to Los Angeles\n  - Accommodation: $200 (Hotel in Los Angeles)\n  - Meals: $50 (Mexican food at \"El Cholo\")\n  - Attractions: $30 (Walt Disney Concert Hall)\n  - Cost: $280\n\nDay 2 (March 9th): Los Angeles\n  - Accommodation: $200 (Hotel in Los Angeles)\n  - Meals: $60 ); retrying in 3s
[RETRY] selfcheckgpt task=tp_nonsynth_mf3_000064 seed=0 attempt 2/5 failed (failed to obtain JSON after 3 attempts: could not parse JSON from model output:
{
  "final_output": "Based on the given constraints, here's a 10-day travel itinerary for 2 people, starting from Miami, visiting 3 different cities in California from March 8th to March 14th, 2022:\n\nDay 1 (March 8th): Miami to Los Angeles\n  - Accommodation: $200 (Hotel in Los Angeles)\n  - Meals: $50 (Mexican food at \"El Cholo\")\n  - Attractions: $30 (Walt Disney Concert Hall)\n  - Cost: $280\n\nDay 2 (March 9th): Los Angeles\n  - Accommodation: $200 (Hotel in Los Angeles)\n  - Meals: $60 ); retrying in 6s
[RETRY] selfcheckgpt task=tp_nonsynth_mf3_000064 seed=0 attempt 3/5 failed (failed to obtain JSON after 3 attempts: could not parse JSON from model output:
{
  "final_output": "Based on the given constraints, here's a 10-day travel itinerary for 2 people, starting from Miami, visiting 3 different cities in California from March 8th to March 14th, 2022:\n\nDay 1 (March 8th): Miami to Los Angeles\n  - Accommodation: $200 (Hotel in Los Angeles)\n  - Meals: $50 (Mexican food at \"El Cholo\")\n  - Attractions: $30 (Walt Disney Concert Hall)\n  - Cost: $280\n\nDay 2 (March 9th): Los Angeles\n  - Accommodation: $200 (Hotel in Los Angeles)\n  - Meals: $60 ); retrying in 12s
[RETRY] selfcheckgpt task=tp_nonsynth_mf3_000064 seed=0 attempt 4/5 failed (failed to obtain JSON after 3 attempts: could not parse JSON from model output:
{
  "final_output": "Based on the given constraints, here's a 10-day travel itinerary for 2 people, starting from Miami, visiting 3 different cities in California from March 8th to March 14th, 2022:\n\nDay 1 (March 8th): Miami to Los Angeles\n  - Accommodation: $200 (Hotel in Los Angeles)\n  - Meals: $50 (Mexican food at \"El Cholo\")\n  - Attractions: $30 (Walt Disney Concert Hall)\n  - Cost: $280\n\nDay 2 (March 9th): Los Angeles\n  - Accommodation: $200 (Hotel in Los Angeles)\n  - Meals: $60 ); retrying in 24s
[ERROR] selfcheckgpt failed task=tp_nonsynth_mf3_000064 seed=0: failed to obtain JSON after 3 attempts: could not parse JSON from model output:
{
  "final_output": "Based on the given constraints, here's a 10-day travel itinerary for 2 people, starting from Miami, visiting 3 different cities in California from March 8th to March 14th, 2022:\n\nDay 1 (March 8th): Miami to Los Angeles\n  - Accommodation: $200 (Hotel in Los Angeles)\n  - Meals: $50 (Mexican food at \"El Cholo\")\n  - Attractions: $30 (Walt Disney Concert Hall)\n  - Cost: $280\n\nDay 2 (March 9th): Los Angeles\n  - Accommodation: $200 (Hotel in Los Angeles)\n  - Meals: $60 
[RETRY] selfcheckgpt task=tp_nonsynth_mf3_000064 seed=1 attempt 1/5 failed (failed to obtain JSON after 3 attempts: could not parse JSON from model output:
{"final_output": "To meet the user's constraints, we suggest the following day-by-day itinerary for a 10-day trip to California, starting from Miami on March 8th, 2022:\n\nDay 1: Miami to Los Angeles\n  - Accommodation: Book a hotel in Los Angeles, budget around $300\n  - Meals: Breakfast at The Original Pantry Cafe ($15), Lunch at Grand Central Market ($20), Dinner at Guerrilla Tacos ($30)\n  - Attractions: Visit the Griffith Observatory (free), Walk along the Hollywood Walk of Fame (free)\n  -); retrying in 3s
[RETRY] selfcheckgpt task=tp_nonsynth_mf3_000064 seed=1 attempt 2/5 failed (failed to obtain JSON after 3 attempts: could not parse JSON from model output:
{"final_output": "To meet the user's constraints, we suggest the following day-by-day itinerary for a 10-day trip to California, starting from Miami on March 8th, 2022:\n\nDay 1: Miami to Los Angeles\n  - Accommodation: Book a hotel in Los Angeles, budget around $300\n  - Meals: Breakfast at The Original Pantry Cafe ($15), Lunch at Grand Central Market ($20), Dinner at Guerrilla Tacos ($30)\n  - Attractions: Visit the Griffith Observatory (free), Walk along the Hollywood Walk of Fame (free)\n  -); retrying in 6s
[RETRY] selfcheckgpt task=tp_nonsynth_mf3_000064 seed=1 attempt 3/5 failed (failed to obtain JSON after 3 attempts: could not parse JSON from model output:
{"final_output": "To meet the user's constraints, we suggest the following day-by-day itinerary for a 10-day trip to California, starting from Miami on March 8th, 2022:\n\nDay 1: Miami to Los Angeles\n  - Accommodation: Book a hotel in Los Angeles, budget around $300\n  - Meals: Breakfast at The Original Pantry Cafe ($15), Lunch at Grand Central Market ($20), Dinner at Guerrilla Tacos ($30)\n  - Attractions: Visit the Griffith Observatory (free), Walk along the Hollywood Walk of Fame (free)\n  -); retrying in 12s
[RETRY] selfcheckgpt task=tp_nonsynth_mf3_000064 seed=1 attempt 4/5 failed (failed to obtain JSON after 3 attempts: could not parse JSON from model output:
{"final_output": "To meet the user's constraints, we suggest the following day-by-day itinerary for a 10-day trip to California, starting from Miami on March 8th, 2022:\n\nDay 1: Miami to Los Angeles\n  - Accommodation: Book a hotel in Los Angeles, budget around $300\n  - Meals: Breakfast at The Original Pantry Cafe ($15), Lunch at Grand Central Market ($20), Dinner at Guerrilla Tacos ($30)\n  - Attractions: Visit the Griffith Observatory (free), Walk along the Hollywood Walk of Fame (free)\n  -); retrying in 24s
[ERROR] selfcheckgpt failed task=tp_nonsynth_mf3_000064 seed=1: failed to obtain JSON after 3 attempts: could not parse JSON from model output:
{"final_output": "To meet the user's constraints, we suggest the following day-by-day itinerary for a 10-day trip to California, starting from Miami on March 8th, 2022:\n\nDay 1: Miami to Los Angeles\n  - Accommodation: Book a hotel in Los Angeles, budget around $300\n  - Meals: Breakfast at The Original Pantry Cafe ($15), Lunch at Grand Central Market ($20), Dinner at Guerrilla Tacos ($30)\n  - Attractions: Visit the Griffith Observatory (free), Walk along the Hollywood Walk of Fame (free)\n  -
[RETRY] selfcheckgpt task=tp_nonsynth_mf3_000064 seed=2 attempt 1/5 failed (failed to obtain JSON after 3 attempts: could not parse JSON from model output:
{
  "final_output": "We recommend the following 10-day travel itinerary for 2 people, starting from Miami, visiting 3 different cities in California from March 8th to March 17th, 2022, with a total cost of $12,604.\n\nDay 1: March 8th, 2022\n  - Accommodation: Hotel Paris in Los Angeles, $200\n  - Meals: El Cholo Mexican Restaurant, $50; The Original Farmer's Market, $30\n  - Attractions: Griffith Observatory, $15; Walt Disney Concert Hall, free\n  - Cost: $295\n\nDay 2: March 9th, 2022\n  - Acc); retrying in 3s
[RETRY] selfcheckgpt task=tp_nonsynth_mf3_000064 seed=2 attempt 2/5 failed (failed to obtain JSON after 3 attempts: could not parse JSON from model output:
{
  "final_output": "We recommend the following 10-day travel itinerary for 2 people, starting from Miami, visiting 3 different cities in California from March 8th to March 17th, 2022, with a total cost of $12,604.\n\nDay 1: March 8th, 2022\n  - Accommodation: Hotel Paris in Los Angeles, $200\n  - Meals: El Cholo Mexican Restaurant, $50; The Original Farmer's Market, $30\n  - Attractions: Griffith Observatory, $15; Walt Disney Concert Hall, free\n  - Cost: $295\n\nDay 2: March 9th, 2022\n  - Acc); retrying in 6s
[RETRY] selfcheckgpt task=tp_nonsynth_mf3_000064 seed=2 attempt 3/5 failed (failed to obtain JSON after 3 attempts: could not parse JSON from model output:
{
  "final_output": "We recommend the following 10-day travel itinerary for 2 people, starting from Miami, visiting 3 different cities in California from March 8th to March 17th, 2022, with a total cost of $12,604.\n\nDay 1: March 8th, 2022\n  - Accommodation: Hotel Paris in Los Angeles, $200\n  - Meals: El Cholo Mexican Restaurant, $50; The Original Farmer's Market, $30\n  - Attractions: Griffith Observatory, $15; Walt Disney Concert Hall, free\n  - Cost: $295\n\nDay 2: March 9th, 2022\n  - Acc); retrying in 12s
[RETRY] selfcheckgpt task=tp_nonsynth_mf3_000064 seed=2 attempt 4/5 failed (failed to obtain JSON after 3 attempts: could not parse JSON from model output:
{
  "final_output": "We recommend the following 10-day travel itinerary for 2 people, starting from Miami, visiting 3 different cities in California from March 8th to March 17th, 2022, with a total cost of $12,604.\n\nDay 1: March 8th, 2022\n  - Accommodation: Hotel Paris in Los Angeles, $200\n  - Meals: El Cholo Mexican Restaurant, $50; The Original Farmer's Market, $30\n  - Attractions: Griffith Observatory, $15; Walt Disney Concert Hall, free\n  - Cost: $295\n\nDay 2: March 9th, 2022\n  - Acc); retrying in 24s
[ERROR] selfcheckgpt failed task=tp_nonsynth_mf3_000064 seed=2: failed to obtain JSON after 3 attempts: could not parse JSON from model output:
{
  "final_output": "We recommend the following 10-day travel itinerary for 2 people, starting from Miami, visiting 3 different cities in California from March 8th to March 17th, 2022, with a total cost of $12,604.\n\nDay 1: March 8th, 2022\n  - Accommodation: Hotel Paris in Los Angeles, $200\n  - Meals: El Cholo Mexican Restaurant, $50; The Original Farmer's Market, $30\n  - Attractions: Griffith Observatory, $15; Walt Disney Concert Hall, free\n  - Cost: $295\n\nDay 2: March 9th, 2022\n  - Acc
[RETRY] selfcheckgpt task=tp_nonsynth_mf3_000065 seed=0 attempt 1/5 failed (failed to obtain JSON after 3 attempts: could not parse JSON from model output:
{
  "final_output": {
    "Day 1 (March 9th, 2022)": {
      "Accommodation": "Hyatt Regency Dallas",
      "Meals": {
        "Breakfast": {
          "Cost": "$20"
        },
        "Lunch": {
          "Food": "French food, 'Foie Gras Burger' @ Cheesbakery",
          "Restaurant": "Cheesbakery",
          "Cost": "$30"
        },
        "Dinner": {
          "Food": "Chinese food, 'Classic Beef Noodle Soup' @ Yours Hearts Whole Food",
          "Restaurant": "Yours Hearts Whole Food",
    ); retrying in 3s
[RETRY] selfcheckgpt task=tp_nonsynth_mf3_000065 seed=0 attempt 2/5 failed (failed to obtain JSON after 3 attempts: could not parse JSON from model output:
{
  "final_output": {
    "Day 1 (March 9th, 2022)": {
      "Accommodation": "Hyatt Regency Dallas",
      "Meals": {
        "Breakfast": {
          "Cost": "$20"
        },
        "Lunch": {
          "Food": "French food, 'Foie Gras Burger' @ Cheesbakery",
          "Restaurant": "Cheesbakery",
          "Cost": "$30"
        },
        "Dinner": {
          "Food": "Chinese food, 'Classic Beef Noodle Soup' @ Yours Hearts Whole Food",
          "Restaurant": "Yours Hearts Whole Food",
    ); retrying in 6s
[RETRY] selfcheckgpt task=tp_nonsynth_mf3_000065 seed=0 attempt 3/5 failed (failed to obtain JSON after 3 attempts: could not parse JSON from model output:
{
  "final_output": {
    "Day 1 (March 9th, 2022)": {
      "Accommodation": "Hyatt Regency Dallas",
      "Meals": {
        "Breakfast": {
          "Cost": "$20"
        },
        "Lunch": {
          "Food": "French food, 'Foie Gras Burger' @ Cheesbakery",
          "Restaurant": "Cheesbakery",
          "Cost": "$30"
        },
        "Dinner": {
          "Food": "Chinese food, 'Classic Beef Noodle Soup' @ Yours Hearts Whole Food",
          "Restaurant": "Yours Hearts Whole Food",
    ); retrying in 12s
[RETRY] selfcheckgpt task=tp_nonsynth_mf3_000065 seed=0 attempt 4/5 failed (failed to obtain JSON after 3 attempts: could not parse JSON from model output:
{
  "final_output": {
    "Day 1 (March 9th, 2022)": {
      "Accommodation": "Hyatt Regency Dallas",
      "Meals": {
        "Breakfast": {
          "Cost": "$20"
        },
        "Lunch": {
          "Food": "French food, 'Foie Gras Burger' @ Cheesbakery",
          "Restaurant": "Cheesbakery",
          "Cost": "$30"
        },
        "Dinner": {
          "Food": "Chinese food, 'Classic Beef Noodle Soup' @ Yours Hearts Whole Food",
          "Restaurant": "Yours Hearts Whole Food",
    ); retrying in 24s
[ERROR] selfcheckgpt failed task=tp_nonsynth_mf3_000065 seed=0: failed to obtain JSON after 3 attempts: could not parse JSON from model output:
{
  "final_output": {
    "Day 1 (March 9th, 2022)": {
      "Accommodation": "Hyatt Regency Dallas",
      "Meals": {
        "Breakfast": {
          "Cost": "$20"
        },
        "Lunch": {
          "Food": "French food, 'Foie Gras Burger' @ Cheesbakery",
          "Restaurant": "Cheesbakery",
          "Cost": "$30"
        },
        "Dinner": {
          "Food": "Chinese food, 'Classic Beef Noodle Soup' @ Yours Hearts Whole Food",
          "Restaurant": "Yours Hearts Whole Food",
    
[RETRY] selfcheckgpt task=tp_nonsynth_mf3_000065 seed=2 attempt 1/5 failed (failed to obtain JSON after 3 attempts: could not parse JSON from model output:
{
  "final_output": {
    "days": 9,
    "start_date": "2022-03-09",
    "end_date": "2022-03-17",
    "plan": [
      {
        "day": "Day 1",
        "accommodation": "Microtel Inn & Suites by Wyndham Monterey",
        "meals": "Lunch at French bistro 'Bistrot bên' in Monterey (approx. $20), Dinner at Szechuan Chinese restaurant 'Choice' in Monterey (approx. $25)",
        "attractions": "Visit the world-renowned Monterey Bay Aquarium (free admission), then stroll down Cannery Row (free admi); retrying in 3s
[RETRY] selfcheckgpt task=tp_nonsynth_mf3_000065 seed=2 attempt 2/5 failed (failed to obtain JSON after 3 attempts: could not parse JSON from model output:
{
  "final_output": {
    "days": 9,
    "start_date": "2022-03-09",
    "end_date": "2022-03-17",
    "plan": [
      {
        "day": "Day 1",
        "accommodation": "Microtel Inn & Suites by Wyndham Monterey",
        "meals": "Lunch at French bistro 'Bistrot bên' in Monterey (approx. $20), Dinner at Szechuan Chinese restaurant 'Choice' in Monterey (approx. $25)",
        "attractions": "Visit the world-renowned Monterey Bay Aquarium (free admission), then stroll down Cannery Row (free admi); retrying in 6s
[RETRY] selfcheckgpt task=tp_nonsynth_mf3_000065 seed=2 attempt 3/5 failed (failed to obtain JSON after 3 attempts: could not parse JSON from model output:
{
  "final_output": {
    "days": 9,
    "start_date": "2022-03-09",
    "end_date": "2022-03-17",
    "plan": [
      {
        "day": "Day 1",
        "accommodation": "Microtel Inn & Suites by Wyndham Monterey",
        "meals": "Lunch at French bistro 'Bistrot bên' in Monterey (approx. $20), Dinner at Szechuan Chinese restaurant 'Choice' in Monterey (approx. $25)",
        "attractions": "Visit the world-renowned Monterey Bay Aquarium (free admission), then stroll down Cannery Row (free admi); retrying in 12s
[RETRY] selfcheckgpt task=tp_nonsynth_mf3_000065 seed=2 attempt 4/5 failed (failed to obtain JSON after 3 attempts: could not parse JSON from model output:
{
  "final_output": {
    "days": 9,
    "start_date": "2022-03-09",
    "end_date": "2022-03-17",
    "plan": [
      {
        "day": "Day 1",
        "accommodation": "Microtel Inn & Suites by Wyndham Monterey",
        "meals": "Lunch at French bistro 'Bistrot bên' in Monterey (approx. $20), Dinner at Szechuan Chinese restaurant 'Choice' in Monterey (approx. $25)",
        "attractions": "Visit the world-renowned Monterey Bay Aquarium (free admission), then stroll down Cannery Row (free admi); retrying in 24s
[ERROR] selfcheckgpt failed task=tp_nonsynth_mf3_000065 seed=2: failed to obtain JSON after 3 attempts: could not parse JSON from model output:
{
  "final_output": {
    "days": 9,
    "start_date": "2022-03-09",
    "end_date": "2022-03-17",
    "plan": [
      {
        "day": "Day 1",
        "accommodation": "Microtel Inn & Suites by Wyndham Monterey",
        "meals": "Lunch at French bistro 'Bistrot bên' in Monterey (approx. $20), Dinner at Szechuan Chinese restaurant 'Choice' in Monterey (approx. $25)",
        "attractions": "Visit the world-renowned Monterey Bay Aquarium (free admission), then stroll down Cannery Row (free admi
  N=3 tp_nonsynth_mf3_000063 seed=2 arm=full_regen level=hard: per_fault={'budget': False, 'days': False, 'house_rule': True} all_resolved=False n_resolved=1/3 tokens=(2914,2334)
  N=3 tp_nonsynth_mf3_000063 seed=2 arm=react level=hard: per_fault={'budget': True, 'days': True, 'house_rule': True} all_resolved=True n_resolved=3/3 tokens=(2947,2520)
  N=3 tp_nonsynth_mf3_000063 seed=2 arm=reflexion level=hard: per_fault={'budget': True, 'days': True, 'house_rule': True} all_resolved=True n_resolved=3/3 tokens=(7850,2993)
  N=3 tp_nonsynth_mf3_000063 seed=2 arm=intro_specter level=hard: per_fault={'budget': False, 'days': True, 'house_rule': True} all_resolved=False n_resolved=2/3 tokens=(4756,1977)
  N=3 tp_nonsynth_mf3_000064 seed=0 arm=direct level=medium: per_fault={'budget': True, 'days': True, 'cuisine': False} all_resolved=False n_resolved=2/3 tokens=(1374,1398)
  N=3 tp_nonsynth_mf3_000064 seed=0 arm=self_refine level=medium: per_fault={'budget': False, 'days': True, 'cuisine': False} all_resolved=False n_resolved=1/3 tokens=(4253,3010)
  N=3 tp_nonsynth_mf3_000064 seed=0 arm=full_regen level=medium: per_fault={'budget': True, 'days': True, 'cuisine': True} all_resolved=True n_resolved=3/3 tokens=(2748,3417)
  N=3 tp_nonsynth_mf3_000064 seed=0 arm=react level=medium: per_fault={'budget': True, 'days': True, 'cuisine': False} all_resolved=False n_resolved=2/3 tokens=(2836,3145)
  N=3 tp_nonsynth_mf3_000064 seed=0 arm=reflexion level=medium: per_fault={'budget': True, 'days': True, 'cuisine': True} all_resolved=True n_resolved=3/3 tokens=(7187,3004)
  N=3 tp_nonsynth_mf3_000064 seed=0 arm=intro_specter level=medium: per_fault={'budget': False, 'days': True, 'cuisine': False} all_resolved=False n_resolved=1/3 tokens=(4391,1966)
  N=3 tp_nonsynth_mf3_000064 seed=1 arm=direct level=medium: per_fault={'budget': True, 'days': True, 'cuisine': False} all_resolved=False n_resolved=2/3 tokens=(1374,1398)
  N=3 tp_nonsynth_mf3_000064 seed=1 arm=self_refine level=medium: per_fault={'budget': False, 'days': True, 'cuisine': False} all_resolved=False n_resolved=1/3 tokens=(4253,3010)
  N=3 tp_nonsynth_mf3_000064 seed=1 arm=full_regen level=medium: per_fault={'budget': True, 'days': True, 'cuisine': False} all_resolved=False n_resolved=2/3 tokens=(2748,2213)
  N=3 tp_nonsynth_mf3_000064 seed=1 arm=react level=medium: per_fault={'budget': True, 'days': True, 'cuisine': False} all_resolved=False n_resolved=2/3 tokens=(2836,3145)
  N=3 tp_nonsynth_mf3_000064 seed=1 arm=reflexion level=medium: per_fault={'budget': True, 'days': True, 'cuisine': True} all_resolved=True n_resolved=3/3 tokens=(7187,3004)
  N=3 tp_nonsynth_mf3_000064 seed=1 arm=intro_specter level=medium: per_fault={'budget': False, 'days': True, 'cuisine': False} all_resolved=False n_resolved=1/3 tokens=(4391,1966)
  N=3 tp_nonsynth_mf3_000064 seed=2 arm=direct level=medium: per_fault={'budget': True, 'days': True, 'cuisine': False} all_resolved=False n_resolved=2/3 tokens=(1375,1268)
  N=3 tp_nonsynth_mf3_000064 seed=2 arm=self_refine level=medium: per_fault={'budget': True, 'days': True, 'cuisine': False} all_resolved=False n_resolved=2/3 tokens=(4214,2894)
  N=3 tp_nonsynth_mf3_000064 seed=2 arm=full_regen level=medium: per_fault={'budget': False, 'days': True, 'cuisine': False} all_resolved=False n_resolved=1/3 tokens=(2749,3255)
  N=3 tp_nonsynth_mf3_000064 seed=2 arm=react level=medium: per_fault={'budget': True, 'days': True, 'cuisine': False} all_resolved=False n_resolved=2/3 tokens=(2802,2860)
  N=3 tp_nonsynth_mf3_000064 seed=2 arm=reflexion level=medium: per_fault={'budget': True, 'days': True, 'cuisine': True} all_resolved=True n_resolved=3/3 tokens=(7182,2934)
  N=3 tp_nonsynth_mf3_000064 seed=2 arm=intro_specter level=medium: per_fault={'budget': True, 'days': False, 'cuisine': False} all_resolved=False n_resolved=1/3 tokens=(4368,2790)
  N=3 tp_nonsynth_mf3_000065 seed=0 arm=direct level=medium: per_fault={'budget': True, 'days': True, 'cuisine': False} all_resolved=False n_resolved=2/3 tokens=(1409,953)
  N=3 tp_nonsynth_mf3_000065 seed=0 arm=self_refine level=medium: per_fault={'budget': True, 'days': True, 'cuisine': False} all_resolved=False n_resolved=2/3 tokens=(3905,2287)
  N=3 tp_nonsynth_mf3_000065 seed=0 arm=full_regen level=medium: per_fault={'budget': True, 'days': True, 'cuisine': False} all_resolved=False n_resolved=2/3 tokens=(2818,1746)
  N=3 tp_nonsynth_mf3_000065 seed=0 arm=react level=medium: per_fault={'budget': False, 'days': False, 'cuisine': False} all_resolved=False n_resolved=0/3 tokens=(2871,2347)
  N=3 tp_nonsynth_mf3_000065 seed=0 arm=reflexion level=medium: per_fault={'budget': True, 'days': True, 'cuisine': False} all_resolved=False n_resolved=2/3 tokens=(12753,3371)
  N=3 tp_nonsynth_mf3_000065 seed=0 arm=intro_specter level=medium: per_fault={'budget': False, 'days': True, 'cuisine': False} all_resolved=False n_resolved=1/3 tokens=(4059,1863)
  N=3 tp_nonsynth_mf3_000065 seed=1 arm=direct level=medium: per_fault={'budget': True, 'days': True, 'cuisine': False} all_resolved=False n_resolved=2/3 tokens=(1409,953)
  N=3 tp_nonsynth_mf3_000065 seed=1 arm=self_refine level=medium: per_fault={'budget': True, 'days': True, 'cuisine': False} all_resolved=False n_resolved=2/3 tokens=(3905,2287)
  N=3 tp_nonsynth_mf3_000065 seed=1 arm=full_regen level=medium: per_fault={'budget': False, 'days': True, 'cuisine': False} all_resolved=False n_resolved=1/3 tokens=(2818,2599)
  N=3 tp_nonsynth_mf3_000065 seed=1 arm=react level=medium: per_fault={'budget': False, 'days': False, 'cuisine': False} all_resolved=False n_resolved=0/3 tokens=(2871,2347)
  N=3 tp_nonsynth_mf3_000065 seed=1 arm=selfcheckgpt level=medium: per_fault={'budget': True, 'days': True, 'cuisine': False} all_resolved=False n_resolved=2/3 tokens=(10643,2781)
  N=3 tp_nonsynth_mf3_000065 seed=1 arm=reflexion level=medium: per_fault={'budget': True, 'days': True, 'cuisine': False} all_resolved=False n_resolved=2/3 tokens=(12753,3371)
  N=3 tp_nonsynth_mf3_000065 seed=1 arm=intro_specter level=medium: per_fault={'budget': False, 'days': True, 'cuisine': False} all_resolved=False n_resolved=1/3 tokens=(4059,1863)
  N=3 tp_nonsynth_mf3_000065 seed=2 arm=direct level=medium: per_fault={'budget': True, 'days': True, 'cuisine': False} all_resolved=False n_resolved=2/3 tokens=(1409,1101)
  N=3 tp_nonsynth_mf3_000065 seed=2 arm=self_refine level=medium: per_fault={'budget': True, 'days': True, 'cuisine': False} all_resolved=False n_resolved=2/3 tokens=(4033,2490)
  N=3 tp_nonsynth_mf3_000065 seed=2 arm=full_regen level=medium: per_fault={'budget': False, 'days': True, 'cuisine': False} all_resolved=False n_resolved=1/3 tokens=(2798,2964)
  N=3 tp_nonsynth_mf3_000065 seed=2 arm=react level=medium: per_fault={'budget': True, 'days': True, 'cuisine': False} all_resolved=False n_resolved=2/3 tokens=(2871,2855)
  N=3 tp_nonsynth_mf3_000065 seed=2 arm=reflexion level=medium: per_fault={'budget': True, 'days': True, 'cuisine': False} all_resolved=False n_resolved=2/3 tokens=(13464,3837)
  N=3 tp_nonsynth_mf3_000065 seed=2 arm=intro_specter level=medium: per_fault={'budget': False, 'days': True, 'cuisine': False} all_resolved=False n_resolved=1/3 tokens=(4187,1709)
  N=3 tp_nonsynth_mf3_000067 seed=0 arm=direct level=hard: per_fault={'budget': False, 'days': True, 'house_rule': False} all_resolved=False n_resolved=1/3 tokens=(1560,2571)
  N=3 tp_nonsynth_mf3_000067 seed=0 arm=self_refine level=hard: per_fault={'budget': True, 'days': True, 'house_rule': False} all_resolved=False n_resolved=2/3 tokens=(6349,4409)
  N=3 tp_nonsynth_mf3_000067 seed=0 arm=full_regen level=hard: per_fault={'budget': True, 'days': True, 'house_rule': True} all_resolved=True n_resolved=3/3 tokens=(3140,4052)
  N=3 tp_nonsynth_mf3_000067 seed=0 arm=react level=hard: per_fault={'budget': False, 'days': True, 'house_rule': False} all_resolved=False n_resolved=1/3 tokens=(3173,3286)
  N=3 tp_nonsynth_mf3_000067 seed=0 arm=selfcheckgpt level=hard: per_fault={'budget': False, 'days': True, 'house_rule': False} all_resolved=False n_resolved=1/3 tokens=(15548,4402)
[RETRY] selfcheckgpt task=tp_nonsynth_mf3_000067 seed=1 attempt 1/5 failed (failed to obtain JSON after 3 attempts: could not parse JSON from model output:
{"final_output": "Day 1: Charlotte to Marquette\n\tAccommodation: Hampton Inn Marquette/Entry (cost: $150)\n\tMeals: Breakfast at Perkins Restaurant and Bakery (cost: $12), Lunch at Bohemian Beery (cost: $15), Dinner at Lagna IPA (cost: $25)\n\tAttractions: Presque Isle Park (cost: $0), Marquette Harbor Lighthouse (cost: $0)\n\tTotal cost: $202\n\nDay 2: Marquette\n\tAccommodation: Hampton Inn Marquette/Entry (cost: $150)\n\tMeals: Breakfast at Blackrocks Brewery (cost: $10), Lunch at Brasserie ); retrying in 3s
[RETRY] selfcheckgpt task=tp_nonsynth_mf3_000067 seed=1 attempt 2/5 failed (failed to obtain JSON after 3 attempts: could not parse JSON from model output:
{"final_output": "Day 1: Charlotte to Marquette\n\tAccommodation: Hampton Inn Marquette/Entry (cost: $150)\n\tMeals: Breakfast at Perkins Restaurant and Bakery (cost: $12), Lunch at Bohemian Beery (cost: $15), Dinner at Lagna IPA (cost: $25)\n\tAttractions: Presque Isle Park (cost: $0), Marquette Harbor Lighthouse (cost: $0)\n\tTotal cost: $202\n\nDay 2: Marquette\n\tAccommodation: Hampton Inn Marquette/Entry (cost: $150)\n\tMeals: Breakfast at Blackrocks Brewery (cost: $10), Lunch at Brasserie ); retrying in 6s
[RETRY] selfcheckgpt task=tp_nonsynth_mf3_000067 seed=1 attempt 3/5 failed (failed to obtain JSON after 3 attempts: could not parse JSON from model output:
{"final_output": "Day 1: Charlotte to Marquette\n\tAccommodation: Hampton Inn Marquette/Entry (cost: $150)\n\tMeals: Breakfast at Perkins Restaurant and Bakery (cost: $12), Lunch at Bohemian Beery (cost: $15), Dinner at Lagna IPA (cost: $25)\n\tAttractions: Presque Isle Park (cost: $0), Marquette Harbor Lighthouse (cost: $0)\n\tTotal cost: $202\n\nDay 2: Marquette\n\tAccommodation: Hampton Inn Marquette/Entry (cost: $150)\n\tMeals: Breakfast at Blackrocks Brewery (cost: $10), Lunch at Brasserie ); retrying in 12s
[RETRY] selfcheckgpt task=tp_nonsynth_mf3_000067 seed=1 attempt 4/5 failed (failed to obtain JSON after 3 attempts: could not parse JSON from model output:
{"final_output": "Day 1: Charlotte to Marquette\n\tAccommodation: Hampton Inn Marquette/Entry (cost: $150)\n\tMeals: Breakfast at Perkins Restaurant and Bakery (cost: $12), Lunch at Bohemian Beery (cost: $15), Dinner at Lagna IPA (cost: $25)\n\tAttractions: Presque Isle Park (cost: $0), Marquette Harbor Lighthouse (cost: $0)\n\tTotal cost: $202\n\nDay 2: Marquette\n\tAccommodation: Hampton Inn Marquette/Entry (cost: $150)\n\tMeals: Breakfast at Blackrocks Brewery (cost: $10), Lunch at Brasserie ); retrying in 24s
[ERROR] selfcheckgpt failed task=tp_nonsynth_mf3_000067 seed=1: failed to obtain JSON after 3 attempts: could not parse JSON from model output:
{"final_output": "Day 1: Charlotte to Marquette\n\tAccommodation: Hampton Inn Marquette/Entry (cost: $150)\n\tMeals: Breakfast at Perkins Restaurant and Bakery (cost: $12), Lunch at Bohemian Beery (cost: $15), Dinner at Lagna IPA (cost: $25)\n\tAttractions: Presque Isle Park (cost: $0), Marquette Harbor Lighthouse (cost: $0)\n\tTotal cost: $202\n\nDay 2: Marquette\n\tAccommodation: Hampton Inn Marquette/Entry (cost: $150)\n\tMeals: Breakfast at Blackrocks Brewery (cost: $10), Lunch at Brasserie 
[RETRY] selfcheckgpt task=tp_nonsynth_mf3_000067 seed=2 attempt 1/5 failed (failed to obtain JSON after 3 attempts: could not parse JSON from model output:
{
  "final_output": "Here is a suggested 8-day travel itinerary for 2 , leaving from Charlotte and visiting 2 cities in Wisconsin from March 18th to March 25th, 2022.\nDay 1: Charlotte to Minocqua, WI\nAccommodation: Private room at a family-friendly hotel\nMeals: Breakfast at a local diner; Lunch at a family-friendly restaurant; Dinner at a local eatery\nAttractions: Visit the Thornttell Brewery; Explore the Minocqua Marsh\nCost: $220\n\nDay 2: Minocqua to Cambria, WI\nAccommodation: Private ro); retrying in 3s
[RETRY] selfcheckgpt task=tp_nonsynth_mf3_000067 seed=2 attempt 2/5 failed (failed to obtain JSON after 3 attempts: could not parse JSON from model output:
{
  "final_output": "Here is a suggested 8-day travel itinerary for 2 , leaving from Charlotte and visiting 2 cities in Wisconsin from March 18th to March 25th, 2022.\nDay 1: Charlotte to Minocqua, WI\nAccommodation: Private room at a family-friendly hotel\nMeals: Breakfast at a local diner; Lunch at a family-friendly restaurant; Dinner at a local eatery\nAttractions: Visit the Thornttell Brewery; Explore the Minocqua Marsh\nCost: $220\n\nDay 2: Minocqua to Cambria, WI\nAccommodation: Private ro); retrying in 6s
[RETRY] selfcheckgpt task=tp_nonsynth_mf3_000067 seed=2 attempt 3/5 failed (failed to obtain JSON after 3 attempts: could not parse JSON from model output:
{
  "final_output": "Here is a suggested 8-day travel itinerary for 2 , leaving from Charlotte and visiting 2 cities in Wisconsin from March 18th to March 25th, 2022.\nDay 1: Charlotte to Minocqua, WI\nAccommodation: Private room at a family-friendly hotel\nMeals: Breakfast at a local diner; Lunch at a family-friendly restaurant; Dinner at a local eatery\nAttractions: Visit the Thornttell Brewery; Explore the Minocqua Marsh\nCost: $220\n\nDay 2: Minocqua to Cambria, WI\nAccommodation: Private ro); retrying in 12s
[RETRY] selfcheckgpt task=tp_nonsynth_mf3_000067 seed=2 attempt 4/5 failed (failed to obtain JSON after 3 attempts: could not parse JSON from model output:
{
  "final_output": "Here is a suggested 8-day travel itinerary for 2 , leaving from Charlotte and visiting 2 cities in Wisconsin from March 18th to March 25th, 2022.\nDay 1: Charlotte to Minocqua, WI\nAccommodation: Private room at a family-friendly hotel\nMeals: Breakfast at a local diner; Lunch at a family-friendly restaurant; Dinner at a local eatery\nAttractions: Visit the Thornttell Brewery; Explore the Minocqua Marsh\nCost: $220\n\nDay 2: Minocqua to Cambria, WI\nAccommodation: Private ro); retrying in 24s
[ERROR] selfcheckgpt failed task=tp_nonsynth_mf3_000067 seed=2: failed to obtain JSON after 3 attempts: could not parse JSON from model output:
{
  "final_output": "Here is a suggested 8-day travel itinerary for 2 , leaving from Charlotte and visiting 2 cities in Wisconsin from March 18th to March 25th, 2022.\nDay 1: Charlotte to Minocqua, WI\nAccommodation: Private room at a family-friendly hotel\nMeals: Breakfast at a local diner; Lunch at a family-friendly restaurant; Dinner at a local eatery\nAttractions: Visit the Thornttell Brewery; Explore the Minocqua Marsh\nCost: $220\n\nDay 2: Minocqua to Cambria, WI\nAccommodation: Private ro
[RETRY] selfcheckgpt task=tp_nonsynth_mf3_000068 seed=0 attempt 1/5 failed (failed to obtain JSON after 3 attempts: could not parse JSON from model output:
{
  "final_output": "Day 1: Accommodation - Booking a budget-friendly hotel in Durango, Meals - Breakfast at Durango, meals ($25), Lunch - Forbidden flavors, (compute complementary dishes from C:set =$25). \n Day 2: Accommodation - Restricted rooms only on 3rd floor ($10), Meals - Amarillo and Sante ad birthday breakfast in Amarillo ($18); Rabend Roofter lament Breakfast in Amarillo ($19), USA marketplace n mods not visible diner ($40)\n Day 3: Accommodation - partiesfort habit deprivation best ); retrying in 3s
[RETRY] selfcheckgpt task=tp_nonsynth_mf3_000068 seed=0 attempt 2/5 failed (failed to obtain JSON after 3 attempts: could not parse JSON from model output:
{
  "final_output": "Day 1: Accommodation - Booking a budget-friendly hotel in Durango, Meals - Breakfast at Durango, meals ($25), Lunch - Forbidden flavors, (compute complementary dishes from C:set =$25). \n Day 2: Accommodation - Restricted rooms only on 3rd floor ($10), Meals - Amarillo and Sante ad birthday breakfast in Amarillo ($18); Rabend Roofter lament Breakfast in Amarillo ($19), USA marketplace n mods not visible diner ($40)\n Day 3: Accommodation - partiesfort habit deprivation best ); retrying in 6s
[RETRY] selfcheckgpt task=tp_nonsynth_mf3_000068 seed=0 attempt 3/5 failed (failed to obtain JSON after 3 attempts: could not parse JSON from model output:
{
  "final_output": "Day 1: Accommodation - Booking a budget-friendly hotel in Durango, Meals - Breakfast at Durango, meals ($25), Lunch - Forbidden flavors, (compute complementary dishes from C:set =$25). \n Day 2: Accommodation - Restricted rooms only on 3rd floor ($10), Meals - Amarillo and Sante ad birthday breakfast in Amarillo ($18); Rabend Roofter lament Breakfast in Amarillo ($19), USA marketplace n mods not visible diner ($40)\n Day 3: Accommodation - partiesfort habit deprivation best ); retrying in 12s
[RETRY] selfcheckgpt task=tp_nonsynth_mf3_000068 seed=0 attempt 4/5 failed (failed to obtain JSON after 3 attempts: could not parse JSON from model output:
{
  "final_output": "Day 1: Accommodation - Booking a budget-friendly hotel in Durango, Meals - Breakfast at Durango, meals ($25), Lunch - Forbidden flavors, (compute complementary dishes from C:set =$25). \n Day 2: Accommodation - Restricted rooms only on 3rd floor ($10), Meals - Amarillo and Sante ad birthday breakfast in Amarillo ($18); Rabend Roofter lament Breakfast in Amarillo ($19), USA marketplace n mods not visible diner ($40)\n Day 3: Accommodation - partiesfort habit deprivation best ); retrying in 24s
[ERROR] selfcheckgpt failed task=tp_nonsynth_mf3_000068 seed=0: failed to obtain JSON after 3 attempts: could not parse JSON from model output:
{
  "final_output": "Day 1: Accommodation - Booking a budget-friendly hotel in Durango, Meals - Breakfast at Durango, meals ($25), Lunch - Forbidden flavors, (compute complementary dishes from C:set =$25). \n Day 2: Accommodation - Restricted rooms only on 3rd floor ($10), Meals - Amarillo and Sante ad birthday breakfast in Amarillo ($18); Rabend Roofter lament Breakfast in Amarillo ($19), USA marketplace n mods not visible diner ($40)\n Day 3: Accommodation - partiesfort habit deprivation best 
[RETRY] selfcheckgpt task=tp_nonsynth_mf3_000069 seed=1 attempt 1/5 failed (failed to obtain JSON after 3 attempts: could not parse JSON from model output:
{
  "final_output": "Here is your concrete day-by-day plan for 10 days:\n\nDay 1: March 8, 2022\nAccommodation: Mr. B's Bistro & Guest Cottages ($120)\nMeals: Breakfast at Mr. B's Bistro & Guest Cottages ($25), Dinner at Dooky Chase's Restaurant ($35), Wine at The Savoy ($15)\nAttractions: Morning New Orleans City Park ($0), Afternoon LaLaurie House ($0), Evening Audubon Zoo ($15)\n\nDay 2: March 9, 2022\nAccommodation: Hotel Monteleone ($180)\nMeals: Breakfast at Court of Two Sisters ($30), Lun); retrying in 3s
[RETRY] selfcheckgpt task=tp_nonsynth_mf3_000069 seed=1 attempt 2/5 failed (failed to obtain JSON after 3 attempts: could not parse JSON from model output:
{
  "final_output": "Here is your concrete day-by-day plan for 10 days:\n\nDay 1: March 8, 2022\nAccommodation: Mr. B's Bistro & Guest Cottages ($120)\nMeals: Breakfast at Mr. B's Bistro & Guest Cottages ($25), Dinner at Dooky Chase's Restaurant ($35), Wine at The Savoy ($15)\nAttractions: Morning New Orleans City Park ($0), Afternoon LaLaurie House ($0), Evening Audubon Zoo ($15)\n\nDay 2: March 9, 2022\nAccommodation: Hotel Monteleone ($180)\nMeals: Breakfast at Court of Two Sisters ($30), Lun); retrying in 6s
[RETRY] selfcheckgpt task=tp_nonsynth_mf3_000069 seed=1 attempt 3/5 failed (failed to obtain JSON after 3 attempts: could not parse JSON from model output:
{
  "final_output": "Here is your concrete day-by-day plan for 10 days:\n\nDay 1: March 8, 2022\nAccommodation: Mr. B's Bistro & Guest Cottages ($120)\nMeals: Breakfast at Mr. B's Bistro & Guest Cottages ($25), Dinner at Dooky Chase's Restaurant ($35), Wine at The Savoy ($15)\nAttractions: Morning New Orleans City Park ($0), Afternoon LaLaurie House ($0), Evening Audubon Zoo ($15)\n\nDay 2: March 9, 2022\nAccommodation: Hotel Monteleone ($180)\nMeals: Breakfast at Court of Two Sisters ($30), Lun); retrying in 12s
[RETRY] selfcheckgpt task=tp_nonsynth_mf3_000069 seed=1 attempt 4/5 failed (failed to obtain JSON after 3 attempts: could not parse JSON from model output:
{
  "final_output": "Here is your concrete day-by-day plan for 10 days:\n\nDay 1: March 8, 2022\nAccommodation: Mr. B's Bistro & Guest Cottages ($120)\nMeals: Breakfast at Mr. B's Bistro & Guest Cottages ($25), Dinner at Dooky Chase's Restaurant ($35), Wine at The Savoy ($15)\nAttractions: Morning New Orleans City Park ($0), Afternoon LaLaurie House ($0), Evening Audubon Zoo ($15)\n\nDay 2: March 9, 2022\nAccommodation: Hotel Monteleone ($180)\nMeals: Breakfast at Court of Two Sisters ($30), Lun); retrying in 24s
[ERROR] selfcheckgpt failed task=tp_nonsynth_mf3_000069 seed=1: failed to obtain JSON after 3 attempts: could not parse JSON from model output:
{
  "final_output": "Here is your concrete day-by-day plan for 10 days:\n\nDay 1: March 8, 2022\nAccommodation: Mr. B's Bistro & Guest Cottages ($120)\nMeals: Breakfast at Mr. B's Bistro & Guest Cottages ($25), Dinner at Dooky Chase's Restaurant ($35), Wine at The Savoy ($15)\nAttractions: Morning New Orleans City Park ($0), Afternoon LaLaurie House ($0), Evening Audubon Zoo ($15)\n\nDay 2: March 9, 2022\nAccommodation: Hotel Monteleone ($180)\nMeals: Breakfast at Court of Two Sisters ($30), Lun
  N=3 tp_nonsynth_mf3_000067 seed=0 arm=reflexion level=hard: per_fault={'budget': True, 'days': True, 'house_rule': False} all_resolved=False n_resolved=2/3 tokens=(24052,9045)
  N=3 tp_nonsynth_mf3_000067 seed=0 arm=intro_specter level=hard: per_fault={'budget': False, 'days': True, 'house_rule': False} all_resolved=False n_resolved=1/3 tokens=(6483,6579)
  N=3 tp_nonsynth_mf3_000067 seed=1 arm=direct level=hard: per_fault={'budget': False, 'days': True, 'house_rule': False} all_resolved=False n_resolved=1/3 tokens=(1560,2571)
  N=3 tp_nonsynth_mf3_000067 seed=1 arm=self_refine level=hard: per_fault={'budget': True, 'days': True, 'house_rule': False} all_resolved=False n_resolved=2/3 tokens=(6349,4409)
  N=3 tp_nonsynth_mf3_000067 seed=1 arm=full_regen level=hard: per_fault={'budget': False, 'days': True, 'house_rule': False} all_resolved=False n_resolved=1/3 tokens=(3140,4108)
  N=3 tp_nonsynth_mf3_000067 seed=1 arm=react level=hard: per_fault={'budget': False, 'days': True, 'house_rule': False} all_resolved=False n_resolved=1/3 tokens=(3173,3286)
  N=3 tp_nonsynth_mf3_000067 seed=1 arm=reflexion level=hard: per_fault={'budget': True, 'days': True, 'house_rule': False} all_resolved=False n_resolved=2/3 tokens=(24052,9045)
  N=3 tp_nonsynth_mf3_000067 seed=1 arm=intro_specter level=hard: per_fault={'budget': False, 'days': True, 'house_rule': False} all_resolved=False n_resolved=1/3 tokens=(6483,6579)
  N=3 tp_nonsynth_mf3_000067 seed=2 arm=direct level=hard: per_fault={'budget': False, 'days': True, 'house_rule': True} all_resolved=False n_resolved=2/3 tokens=(1580,1031)
  N=3 tp_nonsynth_mf3_000067 seed=2 arm=self_refine level=hard: per_fault={'budget': False, 'days': True, 'house_rule': True} all_resolved=False n_resolved=2/3 tokens=(4304,2407)
  N=3 tp_nonsynth_mf3_000067 seed=2 arm=full_regen level=hard: per_fault={'budget': False, 'days': True, 'house_rule': True} all_resolved=False n_resolved=2/3 tokens=(3160,2188)
  N=3 tp_nonsynth_mf3_000067 seed=2 arm=react level=hard: per_fault={'budget': False, 'days': True, 'house_rule': True} all_resolved=False n_resolved=2/3 tokens=(3213,3264)
  N=3 tp_nonsynth_mf3_000067 seed=2 arm=reflexion level=hard: per_fault={'budget': True, 'days': True, 'house_rule': True} all_resolved=True n_resolved=3/3 tokens=(13877,3593)
  N=3 tp_nonsynth_mf3_000067 seed=2 arm=intro_specter level=hard: per_fault={'budget': False, 'days': True, 'house_rule': True} all_resolved=False n_resolved=2/3 tokens=(4458,1815)
  N=3 tp_nonsynth_mf3_000068 seed=0 arm=direct level=medium: per_fault={'budget': False, 'days': True, 'cuisine': False} all_resolved=False n_resolved=1/3 tokens=(1470,707)
  N=3 tp_nonsynth_mf3_000068 seed=0 arm=self_refine level=medium: per_fault={'budget': False, 'days': True, 'cuisine': False} all_resolved=False n_resolved=1/3 tokens=(3781,1724)
  N=3 tp_nonsynth_mf3_000068 seed=0 arm=full_regen level=medium: per_fault={'budget': False, 'days': True, 'cuisine': False} all_resolved=False n_resolved=1/3 tokens=(2960,3976)
  N=3 tp_nonsynth_mf3_000068 seed=0 arm=react level=medium: per_fault={'budget': True, 'days': True, 'cuisine': False} all_resolved=False n_resolved=2/3 tokens=(2993,2505)
  N=3 tp_nonsynth_mf3_000068 seed=0 arm=reflexion level=medium: per_fault={'budget': True, 'days': True, 'cuisine': True} all_resolved=True n_resolved=3/3 tokens=(6282,1679)
  N=3 tp_nonsynth_mf3_000068 seed=0 arm=intro_specter level=medium: per_fault={'budget': False, 'days': False, 'cuisine': False} all_resolved=False n_resolved=0/3 tokens=(3935,1624)
  N=3 tp_nonsynth_mf3_000068 seed=1 arm=direct level=medium: per_fault={'budget': False, 'days': True, 'cuisine': False} all_resolved=False n_resolved=1/3 tokens=(1470,707)
  N=3 tp_nonsynth_mf3_000068 seed=1 arm=self_refine level=medium: per_fault={'budget': False, 'days': True, 'cuisine': False} all_resolved=False n_resolved=1/3 tokens=(3781,1724)
  N=3 tp_nonsynth_mf3_000068 seed=1 arm=full_regen level=medium: per_fault={'budget': True, 'days': True, 'cuisine': False} all_resolved=False n_resolved=2/3 tokens=(2960,1755)
  N=3 tp_nonsynth_mf3_000068 seed=1 arm=react level=medium: per_fault={'budget': True, 'days': True, 'cuisine': False} all_resolved=False n_resolved=2/3 tokens=(2993,2505)
  N=3 tp_nonsynth_mf3_000068 seed=1 arm=selfcheckgpt level=medium: per_fault={'budget': False, 'days': True, 'cuisine': False} all_resolved=False n_resolved=1/3 tokens=(19707,3017)
  N=3 tp_nonsynth_mf3_000068 seed=1 arm=reflexion level=medium: per_fault={'budget': True, 'days': True, 'cuisine': True} all_resolved=True n_resolved=3/3 tokens=(6282,1679)
  N=3 tp_nonsynth_mf3_000068 seed=1 arm=intro_specter level=medium: per_fault={'budget': False, 'days': False, 'cuisine': False} all_resolved=False n_resolved=0/3 tokens=(3935,1624)
  N=3 tp_nonsynth_mf3_000068 seed=2 arm=direct level=medium: per_fault={'budget': False, 'days': True, 'cuisine': False} all_resolved=False n_resolved=1/3 tokens=(1470,707)
  N=3 tp_nonsynth_mf3_000068 seed=2 arm=self_refine level=medium: per_fault={'budget': True, 'days': True, 'cuisine': False} all_resolved=False n_resolved=2/3 tokens=(3801,1845)
  N=3 tp_nonsynth_mf3_000068 seed=2 arm=full_regen level=medium: per_fault={'budget': True, 'days': True, 'cuisine': False} all_resolved=False n_resolved=2/3 tokens=(2940,2420)
  N=3 tp_nonsynth_mf3_000068 seed=2 arm=react level=medium: per_fault={'budget': True, 'days': True, 'cuisine': False} all_resolved=False n_resolved=2/3 tokens=(3029,2726)
  N=3 tp_nonsynth_mf3_000068 seed=2 arm=selfcheckgpt level=medium: per_fault={'budget': False, 'days': True, 'cuisine': False} all_resolved=False n_resolved=1/3 tokens=(19930,2852)
  N=3 tp_nonsynth_mf3_000068 seed=2 arm=reflexion level=medium: per_fault={'budget': True, 'days': True, 'cuisine': False} all_resolved=False n_resolved=2/3 tokens=(12050,2760)
  N=3 tp_nonsynth_mf3_000068 seed=2 arm=intro_specter level=medium: per_fault={'budget': False, 'days': False, 'cuisine': False} all_resolved=False n_resolved=0/3 tokens=(3935,1624)
  N=3 tp_nonsynth_mf3_000069 seed=0 arm=direct level=hard: per_fault={'budget': True, 'days': True, 'house_rule': True} all_resolved=True n_resolved=3/3 tokens=(1621,955)
  N=3 tp_nonsynth_mf3_000069 seed=0 arm=self_refine level=hard: per_fault={'budget': True, 'days': True, 'house_rule': True} all_resolved=True n_resolved=3/3 tokens=(4288,2024)
  N=3 tp_nonsynth_mf3_000069 seed=0 arm=full_regen level=hard: per_fault={'budget': True, 'days': True, 'house_rule': True} all_resolved=True n_resolved=3/3 tokens=(3262,2964)
  N=3 tp_nonsynth_mf3_000069 seed=0 arm=react level=hard: per_fault={'budget': True, 'days': True, 'house_rule': False} all_resolved=False n_resolved=2/3 tokens=(3295,3064)
  N=3 tp_nonsynth_mf3_000069 seed=0 arm=selfcheckgpt level=hard: per_fault={'budget': True, 'days': True, 'house_rule': True} all_resolved=True n_resolved=3/3 tokens=(12497,2711)
  N=3 tp_nonsynth_mf3_000069 seed=0 arm=reflexion level=hard: per_fault={'budget': True, 'days': True, 'house_rule': True} all_resolved=True n_resolved=3/3 tokens=(1621,955)
  N=3 tp_nonsynth_mf3_000069 seed=0 arm=intro_specter level=hard: per_fault={'budget': True, 'days': True, 'house_rule': True} all_resolved=True n_resolved=3/3 tokens=(4422,1514)
  N=3 tp_nonsynth_mf3_000069 seed=1 arm=direct level=hard: per_fault={'budget': True, 'days': True, 'house_rule': True} all_resolved=True n_resolved=3/3 tokens=(1621,955)
  N=3 tp_nonsynth_mf3_000069 seed=1 arm=self_refine level=hard: per_fault={'budget': True, 'days': True, 'house_rule': True} all_resolved=True n_resolved=3/3 tokens=(4288,2024)
  N=3 tp_nonsynth_mf3_000069 seed=1 arm=full_regen level=hard: per_fault={'budget': True, 'days': True, 'house_rule': False} all_resolved=False n_resolved=2/3 tokens=(3242,2578)
  N=3 tp_nonsynth_mf3_000069 seed=1 arm=react level=hard: per_fault={'budget': True, 'days': True, 'house_rule': False} all_resolved=False n_resolved=2/3 tokens=(3295,3064)
  N=3 tp_nonsynth_mf3_000069 seed=1 arm=reflexion level=hard: per_fault={'budget': True, 'days': True, 'house_rule': True} all_resolved=True n_resolved=3/3 tokens=(1621,955)
[RETRY] selfcheckgpt task=tp_nonsynth_mf3_000069 seed=2 attempt 1/5 failed (failed to obtain JSON after 3 attempts: could not parse JSON from model output:
{
  "final_output": "Day 1: Fort Lauderdale to New Orleans\nAccommodation: Hotel Monteleone, Room Type: Entire Room\nMeals: Breakfast at Cafe Degas, Lunch at The Presbytere, Dinner at Dooky Chase's Restaurant\nAttractions: LaLaurie House, New Orleans Museum of Art\nDay 1 Total Cost: $293.23\nDay 2: New Orleans\nAccommodation: Hotel Monteleone, Room Type: Entire Room\nMeals: Breakfast at Cafe du Monde, Lunch at Café Amargi, Dinner at Coop's Place\nAttractions: St. Louis Cathedral, National WWII M); retrying in 3s
[RETRY] selfcheckgpt task=tp_nonsynth_mf3_000069 seed=2 attempt 2/5 failed (failed to obtain JSON after 3 attempts: could not parse JSON from model output:
{
  "final_output": "Day 1: Fort Lauderdale to New Orleans\nAccommodation: Hotel Monteleone, Room Type: Entire Room\nMeals: Breakfast at Cafe Degas, Lunch at The Presbytere, Dinner at Dooky Chase's Restaurant\nAttractions: LaLaurie House, New Orleans Museum of Art\nDay 1 Total Cost: $293.23\nDay 2: New Orleans\nAccommodation: Hotel Monteleone, Room Type: Entire Room\nMeals: Breakfast at Cafe du Monde, Lunch at Café Amargi, Dinner at Coop's Place\nAttractions: St. Louis Cathedral, National WWII M); retrying in 6s
[RETRY] selfcheckgpt task=tp_nonsynth_mf3_000069 seed=2 attempt 3/5 failed (failed to obtain JSON after 3 attempts: could not parse JSON from model output:
{
  "final_output": "Day 1: Fort Lauderdale to New Orleans\nAccommodation: Hotel Monteleone, Room Type: Entire Room\nMeals: Breakfast at Cafe Degas, Lunch at The Presbytere, Dinner at Dooky Chase's Restaurant\nAttractions: LaLaurie House, New Orleans Museum of Art\nDay 1 Total Cost: $293.23\nDay 2: New Orleans\nAccommodation: Hotel Monteleone, Room Type: Entire Room\nMeals: Breakfast at Cafe du Monde, Lunch at Café Amargi, Dinner at Coop's Place\nAttractions: St. Louis Cathedral, National WWII M); retrying in 12s
[RETRY] selfcheckgpt task=tp_nonsynth_mf3_000069 seed=2 attempt 4/5 failed (failed to obtain JSON after 3 attempts: could not parse JSON from model output:
{
  "final_output": "Day 1: Fort Lauderdale to New Orleans\nAccommodation: Hotel Monteleone, Room Type: Entire Room\nMeals: Breakfast at Cafe Degas, Lunch at The Presbytere, Dinner at Dooky Chase's Restaurant\nAttractions: LaLaurie House, New Orleans Museum of Art\nDay 1 Total Cost: $293.23\nDay 2: New Orleans\nAccommodation: Hotel Monteleone, Room Type: Entire Room\nMeals: Breakfast at Cafe du Monde, Lunch at Café Amargi, Dinner at Coop's Place\nAttractions: St. Louis Cathedral, National WWII M); retrying in 24s
[ERROR] selfcheckgpt failed task=tp_nonsynth_mf3_000069 seed=2: failed to obtain JSON after 3 attempts: could not parse JSON from model output:
{
  "final_output": "Day 1: Fort Lauderdale to New Orleans\nAccommodation: Hotel Monteleone, Room Type: Entire Room\nMeals: Breakfast at Cafe Degas, Lunch at The Presbytere, Dinner at Dooky Chase's Restaurant\nAttractions: LaLaurie House, New Orleans Museum of Art\nDay 1 Total Cost: $293.23\nDay 2: New Orleans\nAccommodation: Hotel Monteleone, Room Type: Entire Room\nMeals: Breakfast at Cafe du Monde, Lunch at Café Amargi, Dinner at Coop's Place\nAttractions: St. Louis Cathedral, National WWII M
[RETRY] selfcheckgpt task=tp_nonsynth_mf3_000070 seed=0 attempt 1/5 failed (failed to obtain JSON after 3 attempts: could not parse JSON from model output:
{
  "final_output": "Day 1: March 21st, 2022\nAccommodation: Book a room that allows visitors in Billings.\nMeals: Breakfast at Downtown Flagstaff, Lunch at Museum of Northern Arizona, Dinner at The Arboretum at Flagstaff.\nCost: $500\n\nDay 2: March 22nd, 2022\nAccommodation: Book a room that allows visitors in Flagstaff.\nMeals: Breakfast at Picture Canyon Natural and Cultural Preserve, Lunch at Wheeler Park, Dinner at Flagstaff Area National Monuments.\nAttractions: Visit Flagstaff Area Natio); retrying in 3s
[RETRY] selfcheckgpt task=tp_nonsynth_mf3_000070 seed=0 attempt 2/5 failed (failed to obtain JSON after 3 attempts: could not parse JSON from model output:
{
  "final_output": "Day 1: March 21st, 2022\nAccommodation: Book a room that allows visitors in Billings.\nMeals: Breakfast at Downtown Flagstaff, Lunch at Museum of Northern Arizona, Dinner at The Arboretum at Flagstaff.\nCost: $500\n\nDay 2: March 22nd, 2022\nAccommodation: Book a room that allows visitors in Flagstaff.\nMeals: Breakfast at Picture Canyon Natural and Cultural Preserve, Lunch at Wheeler Park, Dinner at Flagstaff Area National Monuments.\nAttractions: Visit Flagstaff Area Natio); retrying in 6s
[RETRY] selfcheckgpt task=tp_nonsynth_mf3_000070 seed=0 attempt 3/5 failed (failed to obtain JSON after 3 attempts: could not parse JSON from model output:
{
  "final_output": "Day 1: March 21st, 2022\nAccommodation: Book a room that allows visitors in Billings.\nMeals: Breakfast at Downtown Flagstaff, Lunch at Museum of Northern Arizona, Dinner at The Arboretum at Flagstaff.\nCost: $500\n\nDay 2: March 22nd, 2022\nAccommodation: Book a room that allows visitors in Flagstaff.\nMeals: Breakfast at Picture Canyon Natural and Cultural Preserve, Lunch at Wheeler Park, Dinner at Flagstaff Area National Monuments.\nAttractions: Visit Flagstaff Area Natio); retrying in 12s
[RETRY] selfcheckgpt task=tp_nonsynth_mf3_000070 seed=0 attempt 4/5 failed (failed to obtain JSON after 3 attempts: could not parse JSON from model output:
{
  "final_output": "Day 1: March 21st, 2022\nAccommodation: Book a room that allows visitors in Billings.\nMeals: Breakfast at Downtown Flagstaff, Lunch at Museum of Northern Arizona, Dinner at The Arboretum at Flagstaff.\nCost: $500\n\nDay 2: March 22nd, 2022\nAccommodation: Book a room that allows visitors in Flagstaff.\nMeals: Breakfast at Picture Canyon Natural and Cultural Preserve, Lunch at Wheeler Park, Dinner at Flagstaff Area National Monuments.\nAttractions: Visit Flagstaff Area Natio); retrying in 24s
[ERROR] selfcheckgpt failed task=tp_nonsynth_mf3_000070 seed=0: failed to obtain JSON after 3 attempts: could not parse JSON from model output:
{
  "final_output": "Day 1: March 21st, 2022\nAccommodation: Book a room that allows visitors in Billings.\nMeals: Breakfast at Downtown Flagstaff, Lunch at Museum of Northern Arizona, Dinner at The Arboretum at Flagstaff.\nCost: $500\n\nDay 2: March 22nd, 2022\nAccommodation: Book a room that allows visitors in Flagstaff.\nMeals: Breakfast at Picture Canyon Natural and Cultural Preserve, Lunch at Wheeler Park, Dinner at Flagstaff Area National Monuments.\nAttractions: Visit Flagstaff Area Natio
[RETRY] selfcheckgpt task=tp_nonsynth_mf3_000070 seed=1 attempt 1/5 failed (failed to obtain JSON after 3 attempts: could not parse JSON from model output:
{
  "final_output": "Day 1\n  Accommodation: Rent a house in Billings for $300.\n  Meals: Dine at 'Top Shelf' for $60, visit barbecue transit for $20.\n  Attractions:\n    Visit ZooMontana Zoo for $30.\n  Cost: $390.\nDay 2\n  Accommodation: Drive from Billings to Flagstaff AZ.\n  Meals: Dine at 'Bearded bread & still thirsty' for $40, and 'J founders Bar'. for $40\n  Attractions:\n    Visit Riordan Mansion State Historic Park.\n  Cost: $80\nDay 3\n  Accommodation: Drive from Flagstaff to Flagst); retrying in 3s
[RETRY] selfcheckgpt task=tp_nonsynth_mf3_000070 seed=1 attempt 2/5 failed (failed to obtain JSON after 3 attempts: could not parse JSON from model output:
{
  "final_output": "Day 1\n  Accommodation: Rent a house in Billings for $300.\n  Meals: Dine at 'Top Shelf' for $60, visit barbecue transit for $20.\n  Attractions:\n    Visit ZooMontana Zoo for $30.\n  Cost: $390.\nDay 2\n  Accommodation: Drive from Billings to Flagstaff AZ.\n  Meals: Dine at 'Bearded bread & still thirsty' for $40, and 'J founders Bar'. for $40\n  Attractions:\n    Visit Riordan Mansion State Historic Park.\n  Cost: $80\nDay 3\n  Accommodation: Drive from Flagstaff to Flagst); retrying in 6s
[RETRY] selfcheckgpt task=tp_nonsynth_mf3_000070 seed=1 attempt 3/5 failed (failed to obtain JSON after 3 attempts: could not parse JSON from model output:
{
  "final_output": "Day 1\n  Accommodation: Rent a house in Billings for $300.\n  Meals: Dine at 'Top Shelf' for $60, visit barbecue transit for $20.\n  Attractions:\n    Visit ZooMontana Zoo for $30.\n  Cost: $390.\nDay 2\n  Accommodation: Drive from Billings to Flagstaff AZ.\n  Meals: Dine at 'Bearded bread & still thirsty' for $40, and 'J founders Bar'. for $40\n  Attractions:\n    Visit Riordan Mansion State Historic Park.\n  Cost: $80\nDay 3\n  Accommodation: Drive from Flagstaff to Flagst); retrying in 12s
[RETRY] selfcheckgpt task=tp_nonsynth_mf3_000070 seed=1 attempt 4/5 failed (failed to obtain JSON after 3 attempts: could not parse JSON from model output:
{
  "final_output": "Day 1\n  Accommodation: Rent a house in Billings for $300.\n  Meals: Dine at 'Top Shelf' for $60, visit barbecue transit for $20.\n  Attractions:\n    Visit ZooMontana Zoo for $30.\n  Cost: $390.\nDay 2\n  Accommodation: Drive from Billings to Flagstaff AZ.\n  Meals: Dine at 'Bearded bread & still thirsty' for $40, and 'J founders Bar'. for $40\n  Attractions:\n    Visit Riordan Mansion State Historic Park.\n  Cost: $80\nDay 3\n  Accommodation: Drive from Flagstaff to Flagst); retrying in 24s
[ERROR] selfcheckgpt failed task=tp_nonsynth_mf3_000070 seed=1: failed to obtain JSON after 3 attempts: could not parse JSON from model output:
{
  "final_output": "Day 1\n  Accommodation: Rent a house in Billings for $300.\n  Meals: Dine at 'Top Shelf' for $60, visit barbecue transit for $20.\n  Attractions:\n    Visit ZooMontana Zoo for $30.\n  Cost: $390.\nDay 2\n  Accommodation: Drive from Billings to Flagstaff AZ.\n  Meals: Dine at 'Bearded bread & still thirsty' for $40, and 'J founders Bar'. for $40\n  Attractions:\n    Visit Riordan Mansion State Historic Park.\n  Cost: $80\nDay 3\n  Accommodation: Drive from Flagstaff to Flagst
[RETRY] selfcheckgpt task=tp_nonsynth_mf3_000070 seed=2 attempt 1/5 failed (failed to obtain JSON after 3 attempts: could not parse JSON from model output:
{
  "final_output": "Here's a week-long travel plan for 6 people from March 21st to March 27th, 2022:\nDay 1: March 21st, Billings to Flagstaff\nAccommodation: Holiday Inn Express Flagstaff (approx. $300)\nMeals: Breakfast at The Weatherford Hotel, lunch at The Golden Steer Restaurant, dinner at The House of Spices Indian Cuisine (approx. $120)\nAttractions: Riordan Mansion State Historic Park, Lowell Observatory (free)\nDay 2: March 22nd, Flagstaff\nAccommodation: Holiday Inn Express Flagstaff ); retrying in 3s
[RETRY] selfcheckgpt task=tp_nonsynth_mf3_000070 seed=2 attempt 2/5 failed (failed to obtain JSON after 3 attempts: could not parse JSON from model output:
{
  "final_output": "Here's a week-long travel plan for 6 people from March 21st to March 27th, 2022:\nDay 1: March 21st, Billings to Flagstaff\nAccommodation: Holiday Inn Express Flagstaff (approx. $300)\nMeals: Breakfast at The Weatherford Hotel, lunch at The Golden Steer Restaurant, dinner at The House of Spices Indian Cuisine (approx. $120)\nAttractions: Riordan Mansion State Historic Park, Lowell Observatory (free)\nDay 2: March 22nd, Flagstaff\nAccommodation: Holiday Inn Express Flagstaff ); retrying in 6s
[RETRY] selfcheckgpt task=tp_nonsynth_mf3_000070 seed=2 attempt 3/5 failed (failed to obtain JSON after 3 attempts: could not parse JSON from model output:
{
  "final_output": "Here's a week-long travel plan for 6 people from March 21st to March 27th, 2022:\nDay 1: March 21st, Billings to Flagstaff\nAccommodation: Holiday Inn Express Flagstaff (approx. $300)\nMeals: Breakfast at The Weatherford Hotel, lunch at The Golden Steer Restaurant, dinner at The House of Spices Indian Cuisine (approx. $120)\nAttractions: Riordan Mansion State Historic Park, Lowell Observatory (free)\nDay 2: March 22nd, Flagstaff\nAccommodation: Holiday Inn Express Flagstaff ); retrying in 12s
[RETRY] selfcheckgpt task=tp_nonsynth_mf3_000070 seed=2 attempt 4/5 failed (failed to obtain JSON after 3 attempts: could not parse JSON from model output:
{
  "final_output": "Here's a week-long travel plan for 6 people from March 21st to March 27th, 2022:\nDay 1: March 21st, Billings to Flagstaff\nAccommodation: Holiday Inn Express Flagstaff (approx. $300)\nMeals: Breakfast at The Weatherford Hotel, lunch at The Golden Steer Restaurant, dinner at The House of Spices Indian Cuisine (approx. $120)\nAttractions: Riordan Mansion State Historic Park, Lowell Observatory (free)\nDay 2: March 22nd, Flagstaff\nAccommodation: Holiday Inn Express Flagstaff ); retrying in 24s
[ERROR] selfcheckgpt failed task=tp_nonsynth_mf3_000070 seed=2: failed to obtain JSON after 3 attempts: could not parse JSON from model output:
{
  "final_output": "Here's a week-long travel plan for 6 people from March 21st to March 27th, 2022:\nDay 1: March 21st, Billings to Flagstaff\nAccommodation: Holiday Inn Express Flagstaff (approx. $300)\nMeals: Breakfast at The Weatherford Hotel, lunch at The Golden Steer Restaurant, dinner at The House of Spices Indian Cuisine (approx. $120)\nAttractions: Riordan Mansion State Historic Park, Lowell Observatory (free)\nDay 2: March 22nd, Flagstaff\nAccommodation: Holiday Inn Express Flagstaff 
[RETRY] selfcheckgpt task=tp_nonsynth_mf3_000074 seed=0 attempt 1/5 failed (failed to obtain JSON after 3 attempts: could not parse JSON from model output:
{
  "final_output": "Here is a concrete 6-day travel itinerary for the group of 7, given their constraints and preferences.\n\nDay 1 (March 14th, 2022):\nAccommodation: Stay at Hotel La Jolla (Budget: $1,500)\nMeals:\n- Breakfast at The Cottage La Jolla (Mediterranean cuisine, Budget: $25)\n- Lunch at Anthony's Fish Grotto (Seafood, Budget: $30)\n- Dinner at Il Fornaio La Jolla (Italian, Budget: $40)\nAttractions:\n- Visit Balboa Park (Budget: $0, Free admission)\n\nDay 2 (March 15th, 2022):\nAc); retrying in 3s
[RETRY] selfcheckgpt task=tp_nonsynth_mf3_000074 seed=0 attempt 2/5 failed (failed to obtain JSON after 3 attempts: could not parse JSON from model output:
{
  "final_output": "Here is a concrete 6-day travel itinerary for the group of 7, given their constraints and preferences.\n\nDay 1 (March 14th, 2022):\nAccommodation: Stay at Hotel La Jolla (Budget: $1,500)\nMeals:\n- Breakfast at The Cottage La Jolla (Mediterranean cuisine, Budget: $25)\n- Lunch at Anthony's Fish Grotto (Seafood, Budget: $30)\n- Dinner at Il Fornaio La Jolla (Italian, Budget: $40)\nAttractions:\n- Visit Balboa Park (Budget: $0, Free admission)\n\nDay 2 (March 15th, 2022):\nAc); retrying in 6s
[RETRY] selfcheckgpt task=tp_nonsynth_mf3_000074 seed=0 attempt 3/5 failed (failed to obtain JSON after 3 attempts: could not parse JSON from model output:
{
  "final_output": "Here is a concrete 6-day travel itinerary for the group of 7, given their constraints and preferences.\n\nDay 1 (March 14th, 2022):\nAccommodation: Stay at Hotel La Jolla (Budget: $1,500)\nMeals:\n- Breakfast at The Cottage La Jolla (Mediterranean cuisine, Budget: $25)\n- Lunch at Anthony's Fish Grotto (Seafood, Budget: $30)\n- Dinner at Il Fornaio La Jolla (Italian, Budget: $40)\nAttractions:\n- Visit Balboa Park (Budget: $0, Free admission)\n\nDay 2 (March 15th, 2022):\nAc); retrying in 12s
[RETRY] selfcheckgpt task=tp_nonsynth_mf3_000074 seed=0 attempt 4/5 failed (failed to obtain JSON after 3 attempts: could not parse JSON from model output:
{
  "final_output": "Here is a concrete 6-day travel itinerary for the group of 7, given their constraints and preferences.\n\nDay 1 (March 14th, 2022):\nAccommodation: Stay at Hotel La Jolla (Budget: $1,500)\nMeals:\n- Breakfast at The Cottage La Jolla (Mediterranean cuisine, Budget: $25)\n- Lunch at Anthony's Fish Grotto (Seafood, Budget: $30)\n- Dinner at Il Fornaio La Jolla (Italian, Budget: $40)\nAttractions:\n- Visit Balboa Park (Budget: $0, Free admission)\n\nDay 2 (March 15th, 2022):\nAc); retrying in 24s
[ERROR] selfcheckgpt failed task=tp_nonsynth_mf3_000074 seed=0: failed to obtain JSON after 3 attempts: could not parse JSON from model output:
{
  "final_output": "Here is a concrete 6-day travel itinerary for the group of 7, given their constraints and preferences.\n\nDay 1 (March 14th, 2022):\nAccommodation: Stay at Hotel La Jolla (Budget: $1,500)\nMeals:\n- Breakfast at The Cottage La Jolla (Mediterranean cuisine, Budget: $25)\n- Lunch at Anthony's Fish Grotto (Seafood, Budget: $30)\n- Dinner at Il Fornaio La Jolla (Italian, Budget: $40)\nAttractions:\n- Visit Balboa Park (Budget: $0, Free admission)\n\nDay 2 (March 15th, 2022):\nAc
  N=3 tp_nonsynth_mf3_000069 seed=1 arm=intro_specter level=hard: per_fault={'budget': True, 'days': True, 'house_rule': True} all_resolved=True n_resolved=3/3 tokens=(4422,1514)
  N=3 tp_nonsynth_mf3_000069 seed=2 arm=direct level=hard: per_fault={'budget': False, 'days': True, 'house_rule': True} all_resolved=False n_resolved=2/3 tokens=(1641,1131)
  N=3 tp_nonsynth_mf3_000069 seed=2 arm=self_refine level=hard: per_fault={'budget': False, 'days': True, 'house_rule': True} all_resolved=False n_resolved=2/3 tokens=(4527,2568)
  N=3 tp_nonsynth_mf3_000069 seed=2 arm=full_regen level=hard: per_fault={'budget': True, 'days': True, 'house_rule': True} all_resolved=True n_resolved=3/3 tokens=(3263,3928)
  N=3 tp_nonsynth_mf3_000069 seed=2 arm=react level=hard: per_fault={'budget': True, 'days': True, 'house_rule': False} all_resolved=False n_resolved=2/3 tokens=(3335,3201)
  N=3 tp_nonsynth_mf3_000069 seed=2 arm=reflexion level=hard: per_fault={'budget': True, 'days': True, 'house_rule': True} all_resolved=True n_resolved=3/3 tokens=(7497,2522)
  N=3 tp_nonsynth_mf3_000069 seed=2 arm=intro_specter level=hard: per_fault={'budget': False, 'days': True, 'house_rule': True} all_resolved=False n_resolved=2/3 tokens=(4681,1646)
  N=3 tp_nonsynth_mf3_000070 seed=0 arm=direct level=medium: per_fault={'budget': True, 'days': True, 'house_rule': True} all_resolved=True n_resolved=3/3 tokens=(1424,1544)
  N=3 tp_nonsynth_mf3_000070 seed=0 arm=self_refine level=medium: per_fault={'budget': True, 'days': True, 'house_rule': True} all_resolved=True n_resolved=3/3 tokens=(4483,4048)
  N=3 tp_nonsynth_mf3_000070 seed=0 arm=full_regen level=medium: per_fault={'budget': False, 'days': True, 'house_rule': True} all_resolved=False n_resolved=2/3 tokens=(2868,3074)
  N=3 tp_nonsynth_mf3_000070 seed=0 arm=react level=medium: per_fault={'budget': False, 'days': True, 'house_rule': True} all_resolved=False n_resolved=2/3 tokens=(2921,3966)
  N=3 tp_nonsynth_mf3_000070 seed=0 arm=reflexion level=medium: per_fault={'budget': True, 'days': True, 'house_rule': True} all_resolved=True n_resolved=3/3 tokens=(1424,1544)
  N=3 tp_nonsynth_mf3_000070 seed=0 arm=intro_specter level=medium: per_fault={'budget': True, 'days': True, 'house_rule': True} all_resolved=True n_resolved=3/3 tokens=(4617,2214)
  N=3 tp_nonsynth_mf3_000070 seed=1 arm=direct level=medium: per_fault={'budget': True, 'days': True, 'house_rule': True} all_resolved=True n_resolved=3/3 tokens=(1424,1544)
  N=3 tp_nonsynth_mf3_000070 seed=1 arm=self_refine level=medium: per_fault={'budget': True, 'days': True, 'house_rule': True} all_resolved=True n_resolved=3/3 tokens=(4483,4048)
  N=3 tp_nonsynth_mf3_000070 seed=1 arm=full_regen level=medium: per_fault={'budget': True, 'days': True, 'house_rule': True} all_resolved=True n_resolved=3/3 tokens=(2848,2877)
  N=3 tp_nonsynth_mf3_000070 seed=1 arm=react level=medium: per_fault={'budget': False, 'days': True, 'house_rule': True} all_resolved=False n_resolved=2/3 tokens=(2921,3966)
  N=3 tp_nonsynth_mf3_000070 seed=1 arm=reflexion level=medium: per_fault={'budget': True, 'days': True, 'house_rule': True} all_resolved=True n_resolved=3/3 tokens=(1424,1544)
  N=3 tp_nonsynth_mf3_000070 seed=1 arm=intro_specter level=medium: per_fault={'budget': True, 'days': True, 'house_rule': True} all_resolved=True n_resolved=3/3 tokens=(4617,2214)
  N=3 tp_nonsynth_mf3_000070 seed=2 arm=direct level=medium: per_fault={'budget': True, 'days': True, 'house_rule': True} all_resolved=True n_resolved=3/3 tokens=(1424,1310)
  N=3 tp_nonsynth_mf3_000070 seed=2 arm=self_refine level=medium: per_fault={'budget': True, 'days': True, 'house_rule': True} all_resolved=True n_resolved=3/3 tokens=(4229,2862)
  N=3 tp_nonsynth_mf3_000070 seed=2 arm=full_regen level=medium: per_fault={'budget': False, 'days': True, 'house_rule': True} all_resolved=False n_resolved=2/3 tokens=(2848,4611)
  N=3 tp_nonsynth_mf3_000070 seed=2 arm=react level=medium: per_fault={'budget': True, 'days': True, 'house_rule': True} all_resolved=True n_resolved=3/3 tokens=(2901,2502)
  N=3 tp_nonsynth_mf3_000070 seed=2 arm=reflexion level=medium: per_fault={'budget': True, 'days': True, 'house_rule': True} all_resolved=True n_resolved=3/3 tokens=(1424,1310)
  N=3 tp_nonsynth_mf3_000070 seed=2 arm=intro_specter level=medium: per_fault={'budget': True, 'days': True, 'house_rule': True} all_resolved=True n_resolved=3/3 tokens=(4403,1831)
  N=3 tp_nonsynth_mf3_000074 seed=0 arm=direct level=hard: per_fault={'budget': True, 'days': True, 'cuisine': False} all_resolved=False n_resolved=2/3 tokens=(1605,1003)
  N=3 tp_nonsynth_mf3_000074 seed=0 arm=self_refine level=hard: per_fault={'budget': True, 'days': True, 'cuisine': False} all_resolved=False n_resolved=2/3 tokens=(4306,2732)
  N=3 tp_nonsynth_mf3_000074 seed=0 arm=full_regen level=hard: per_fault={'budget': True, 'days': True, 'cuisine': False} all_resolved=False n_resolved=2/3 tokens=(3190,2057)
  N=3 tp_nonsynth_mf3_000074 seed=0 arm=react level=hard: per_fault={'budget': True, 'days': True, 'cuisine': False} all_resolved=False n_resolved=2/3 tokens=(3263,2951)
  N=3 tp_nonsynth_mf3_000074 seed=0 arm=reflexion level=hard: per_fault={'budget': True, 'days': True, 'cuisine': True} all_resolved=True n_resolved=3/3 tokens=(7143,2265)
  N=3 tp_nonsynth_mf3_000074 seed=0 arm=intro_specter level=hard: per_fault={'budget': False, 'days': True, 'cuisine': False} all_resolved=False n_resolved=1/3 tokens=(4460,1599)
  N=3 tp_nonsynth_mf3_000074 seed=1 arm=direct level=hard: per_fault={'budget': True, 'days': True, 'cuisine': False} all_resolved=False n_resolved=2/3 tokens=(1605,1003)
  N=3 tp_nonsynth_mf3_000074 seed=1 arm=self_refine level=hard: per_fault={'budget': True, 'days': True, 'cuisine': False} all_resolved=False n_resolved=2/3 tokens=(4306,2732)
  N=3 tp_nonsynth_mf3_000074 seed=1 arm=full_regen level=hard: per_fault={'budget': True, 'days': True, 'cuisine': False} all_resolved=False n_resolved=2/3 tokens=(3210,2554)
  N=3 tp_nonsynth_mf3_000074 seed=1 arm=react level=hard: per_fault={'budget': True, 'days': True, 'cuisine': False} all_resolved=False n_resolved=2/3 tokens=(3263,2951)
  N=3 tp_nonsynth_mf3_000074 seed=1 arm=selfcheckgpt level=hard: per_fault={'budget': True, 'days': True, 'cuisine': False} all_resolved=False n_resolved=2/3 tokens=(13121,3231)
  N=3 tp_nonsynth_mf3_000074 seed=1 arm=reflexion level=hard: per_fault={'budget': True, 'days': True, 'cuisine': True} all_resolved=True n_resolved=3/3 tokens=(7143,2265)
  N=3 tp_nonsynth_mf3_000074 seed=1 arm=intro_specter level=hard: per_fault={'budget': False, 'days': True, 'cuisine': False} all_resolved=False n_resolved=1/3 tokens=(4460,1599)
  N=3 tp_nonsynth_mf3_000074 seed=2 arm=direct level=hard: per_fault={'budget': True, 'days': True, 'cuisine': False} all_resolved=False n_resolved=2/3 tokens=(1621,782)
  N=3 tp_nonsynth_mf3_000074 seed=2 arm=self_refine level=hard: per_fault={'budget': True, 'days': True, 'cuisine': False} all_resolved=False n_resolved=2/3 tokens=(4117,1719)
  N=3 tp_nonsynth_mf3_000074 seed=2 arm=full_regen level=hard: per_fault={'budget': True, 'days': True, 'cuisine': False} all_resolved=False n_resolved=2/3 tokens=(3206,2189)
  N=3 tp_nonsynth_mf3_000074 seed=2 arm=react level=hard: per_fault={'budget': False, 'days': False, 'cuisine': False} all_resolved=False n_resolved=0/3 tokens=(3259,1492)
  N=3 tp_nonsynth_mf3_000074 seed=2 arm=selfcheckgpt level=hard: per_fault={'budget': True, 'days': True, 'cuisine': False} all_resolved=False n_resolved=2/3 tokens=(12480,2477)
  N=3 tp_nonsynth_mf3_000074 seed=2 arm=reflexion level=hard: per_fault={'budget': True, 'days': True, 'cuisine': False} all_resolved=False n_resolved=2/3 tokens=(12737,3913)
  N=3 tp_nonsynth_mf3_000074 seed=2 arm=intro_specter level=hard: per_fault={'budget': False, 'days': True, 'cuisine': False} all_resolved=False n_resolved=1/3 tokens=(4255,1719)
  N=3 tp_nonsynth_mf3_000075 seed=0 arm=direct level=medium: per_fault={'budget': True, 'days': True, 'cuisine': False} all_resolved=False n_resolved=2/3 tokens=(1357,1084)
  N=3 tp_nonsynth_mf3_000075 seed=0 arm=self_refine level=medium: per_fault={'budget': True, 'days': True, 'cuisine': False} all_resolved=False n_resolved=2/3 tokens=(3954,2366)
  N=3 tp_nonsynth_mf3_000075 seed=0 arm=full_regen level=medium: per_fault={'budget': False, 'days': True, 'cuisine': False} all_resolved=False n_resolved=1/3 tokens=(2694,2255)
  N=3 tp_nonsynth_mf3_000075 seed=0 arm=react level=medium: per_fault={'budget': True, 'days': True, 'cuisine': True} all_resolved=True n_resolved=3/3 tokens=(2767,2702)
  N=3 tp_nonsynth_mf3_000075 seed=0 arm=selfcheckgpt level=medium: per_fault={'budget': True, 'days': True, 'cuisine': False} all_resolved=False n_resolved=2/3 tokens=(12616,3118)
  N=3 tp_nonsynth_mf3_000075 seed=0 arm=reflexion level=medium: per_fault={'budget': True, 'days': True, 'cuisine': False} all_resolved=False n_resolved=2/3 tokens=(13274,3817)
  N=3 tp_nonsynth_mf3_000075 seed=0 arm=intro_specter level=medium: per_fault={'budget': False, 'days': True, 'cuisine': False} all_resolved=False n_resolved=1/3 tokens=(4144,1807)
  N=3 tp_nonsynth_mf3_000075 seed=1 arm=direct level=medium: per_fault={'budget': True, 'days': True, 'cuisine': False} all_resolved=False n_resolved=2/3 tokens=(1357,1084)
  N=3 tp_nonsynth_mf3_000075 seed=1 arm=self_refine level=medium: per_fault={'budget': True, 'days': True, 'cuisine': False} all_resolved=False n_resolved=2/3 tokens=(3954,2366)
  N=3 tp_nonsynth_mf3_000075 seed=1 arm=full_regen level=medium: per_fault={'budget': True, 'days': True, 'cuisine': False} all_resolved=False n_resolved=2/3 tokens=(2714,2247)
  N=3 tp_nonsynth_mf3_000075 seed=1 arm=react level=medium: per_fault={'budget': True, 'days': True, 'cuisine': True} all_resolved=True n_resolved=3/3 tokens=(2767,2702)
  N=3 tp_nonsynth_mf3_000075 seed=1 arm=selfcheckgpt level=medium: per_fault={'budget': True, 'days': True, 'cuisine': False} all_resolved=False n_resolved=2/3 tokens=(12695,2871)
  N=3 tp_nonsynth_mf3_000075 seed=1 arm=reflexion level=medium: per_fault={'budget': True, 'days': True, 'cuisine': False} all_resolved=False n_resolved=2/3 tokens=(13274,3817)
  N=3 tp_nonsynth_mf3_000075 seed=1 arm=intro_specter level=medium: per_fault={'budget': False, 'days': True, 'cuisine': False} all_resolved=False n_resolved=1/3 tokens=(4144,1807)
  N=3 tp_nonsynth_mf3_000075 seed=2 arm=direct level=medium: per_fault={'budget': False, 'days': True, 'cuisine': False} all_resolved=False n_resolved=1/3 tokens=(1337,885)
  N=3 tp_nonsynth_mf3_000075 seed=2 arm=self_refine level=medium: per_fault={'budget': True, 'days': True, 'cuisine': False} all_resolved=False n_resolved=2/3 tokens=(3776,1965)
  N=3 tp_nonsynth_mf3_000075 seed=2 arm=full_regen level=medium: per_fault={'budget': True, 'days': True, 'cuisine': False} all_resolved=False n_resolved=2/3 tokens=(2694,2436)
  N=3 tp_nonsynth_mf3_000075 seed=2 arm=react level=medium: per_fault={'budget': True, 'days': True, 'cuisine': False} all_resolved=False n_resolved=2/3 tokens=(2747,2077)
  N=3 tp_nonsynth_mf3_000075 seed=2 arm=selfcheckgpt level=medium: per_fault={'budget': False, 'days': True, 'cuisine': False} all_resolved=False n_resolved=1/3 tokens=(18374,2883)
  N=3 tp_nonsynth_mf3_000075 seed=2 arm=reflexion level=medium: per_fault={'budget': False, 'days': True, 'cuisine': False} all_resolved=False n_resolved=1/3 tokens=(12493,3275)
  N=3 tp_nonsynth_mf3_000075 seed=2 arm=intro_specter level=medium: per_fault={'budget': False, 'days': False, 'cuisine': False} all_resolved=False n_resolved=0/3 tokens=(3930,2393)
  N=3 tp_nonsynth_mf3_000076 seed=0 arm=direct level=medium: per_fault={'budget': False, 'days': True, 'house_rule': True} all_resolved=False n_resolved=2/3 tokens=(1467,1219)
  N=3 tp_nonsynth_mf3_000076 seed=0 arm=self_refine level=medium: per_fault={'budget': True, 'days': True, 'house_rule': True} all_resolved=True n_resolved=3/3 tokens=(4266,2296)
  N=3 tp_nonsynth_mf3_000076 seed=0 arm=full_regen level=medium: per_fault={'budget': True, 'days': True, 'house_rule': True} all_resolved=True n_resolved=3/3 tokens=(2914,2940)
  N=3 tp_nonsynth_mf3_000076 seed=0 arm=react level=medium: per_fault={'budget': False, 'days': True, 'house_rule': True} all_resolved=False n_resolved=2/3 tokens=(2987,2444)
  N=3 tp_nonsynth_mf3_000076 seed=0 arm=selfcheckgpt level=medium: per_fault={'budget': False, 'days': True, 'house_rule': True} all_resolved=False n_resolved=2/3 tokens=(11750,2802)
  N=3 tp_nonsynth_mf3_000076 seed=0 arm=reflexion level=medium: per_fault={'budget': True, 'days': True, 'house_rule': False} all_resolved=False n_resolved=2/3 tokens=(14279,4133)
  N=3 tp_nonsynth_mf3_000076 seed=0 arm=intro_specter level=medium: per_fault={'budget': False, 'days': True, 'house_rule': True} all_resolved=False n_resolved=2/3 tokens=(4400,1935)
  N=3 tp_nonsynth_mf3_000076 seed=1 arm=direct level=medium: per_fault={'budget': False, 'days': True, 'house_rule': True} all_resolved=False n_resolved=2/3 tokens=(1467,1219)
  N=3 tp_nonsynth_mf3_000076 seed=1 arm=self_refine level=medium: per_fault={'budget': True, 'days': True, 'house_rule': True} all_resolved=True n_resolved=3/3 tokens=(4266,2296)
  N=3 tp_nonsynth_mf3_000076 seed=1 arm=full_regen level=medium: per_fault={'budget': True, 'days': True, 'house_rule': True} all_resolved=True n_resolved=3/3 tokens=(2934,2260)
  N=3 tp_nonsynth_mf3_000076 seed=1 arm=react level=medium: per_fault={'budget': False, 'days': True, 'house_rule': True} all_resolved=False n_resolved=2/3 tokens=(2987,2444)
  N=3 tp_nonsynth_mf3_000076 seed=1 arm=selfcheckgpt level=medium: per_fault={'budget': False, 'days': True, 'house_rule': True} all_resolved=False n_resolved=2/3 tokens=(11657,3205)
  N=3 tp_nonsynth_mf3_000076 seed=1 arm=reflexion level=medium: per_fault={'budget': True, 'days': True, 'house_rule': False} all_resolved=False n_resolved=2/3 tokens=(14279,4133)
  N=3 tp_nonsynth_mf3_000076 seed=1 arm=intro_specter level=medium: per_fault={'budget': False, 'days': True, 'house_rule': True} all_resolved=False n_resolved=2/3 tokens=(4400,1935)
  N=3 tp_nonsynth_mf3_000076 seed=2 arm=direct level=medium: per_fault={'budget': False, 'days': True, 'house_rule': True} all_resolved=False n_resolved=2/3 tokens=(1447,1224)
  N=3 tp_nonsynth_mf3_000076 seed=2 arm=self_refine level=medium: per_fault={'budget': False, 'days': True, 'house_rule': True} all_resolved=False n_resolved=2/3 tokens=(4461,2814)
  N=3 tp_nonsynth_mf3_000076 seed=2 arm=full_regen level=medium: per_fault={'budget': True, 'days': True, 'house_rule': True} all_resolved=True n_resolved=3/3 tokens=(2894,2334)
  N=3 tp_nonsynth_mf3_000076 seed=2 arm=react level=medium: per_fault={'budget': False, 'days': False, 'house_rule': True} all_resolved=False n_resolved=1/3 tokens=(2947,1744)
  N=3 tp_nonsynth_mf3_000076 seed=2 arm=selfcheckgpt level=medium: per_fault={'budget': False, 'days': True, 'house_rule': True} all_resolved=False n_resolved=2/3 tokens=(20834,3746)
  N=3 tp_nonsynth_mf3_000076 seed=2 arm=reflexion level=medium: per_fault={'budget': True, 'days': True, 'house_rule': True} all_resolved=True n_resolved=3/3 tokens=(7506,3309)
  N=3 tp_nonsynth_mf3_000076 seed=2 arm=intro_specter level=medium: per_fault={'budget': False, 'days': False, 'house_rule': True} all_resolved=False n_resolved=1/3 tokens=(4615,1771)
  N=3 tp_nonsynth_mf3_000077 seed=0 arm=direct level=medium: per_fault={'budget': False, 'days': True, 'room_type': True} all_resolved=False n_resolved=2/3 tokens=(1276,1286)
  N=3 tp_nonsynth_mf3_000077 seed=0 arm=self_refine level=medium: per_fault={'budget': False, 'days': True, 'room_type': True} all_resolved=False n_resolved=2/3 tokens=(3910,2859)
  N=3 tp_nonsynth_mf3_000077 seed=0 arm=full_regen level=medium: per_fault={'budget': True, 'days': True, 'room_type': True} all_resolved=True n_resolved=3/3 tokens=(2552,2986)
  N=3 tp_nonsynth_mf3_000077 seed=0 arm=react level=medium: per_fault={'budget': False, 'days': True, 'room_type': True} all_resolved=False n_resolved=2/3 tokens=(2621,2807)
  N=3 tp_nonsynth_mf3_000077 seed=0 arm=selfcheckgpt level=medium: per_fault={'budget': False, 'days': True, 'room_type': True} all_resolved=False n_resolved=2/3 tokens=(10557,3077)
[RETRY] selfcheckgpt task=tp_nonsynth_mf3_000077 seed=2 attempt 1/5 failed (failed to obtain JSON after 3 attempts: could not parse JSON from model output:
{
  "final_output": "To create a 6-day travel plan for 3 people, departing from Austin and touring 2 cities in Michigan from March 27th to March 31st, 2022, we must adhere to the constraints: a budget of $8850, a 6-day trip, and private room accommodations. Here is a concrete day-by-day plan for the travelers, accommodating these constraints. Accommodation: Private room - rotate booking each night. Saturday, March 27th - Day 1: Austin to Detroit (approx. 1hr 45m), attractions include Detroit Ins); retrying in 3s
[RETRY] selfcheckgpt task=tp_nonsynth_mf3_000077 seed=2 attempt 2/5 failed (failed to obtain JSON after 3 attempts: could not parse JSON from model output:
{
  "final_output": "To create a 6-day travel plan for 3 people, departing from Austin and touring 2 cities in Michigan from March 27th to March 31st, 2022, we must adhere to the constraints: a budget of $8850, a 6-day trip, and private room accommodations. Here is a concrete day-by-day plan for the travelers, accommodating these constraints. Accommodation: Private room - rotate booking each night. Saturday, March 27th - Day 1: Austin to Detroit (approx. 1hr 45m), attractions include Detroit Ins); retrying in 6s
[RETRY] selfcheckgpt task=tp_nonsynth_mf3_000077 seed=2 attempt 3/5 failed (failed to obtain JSON after 3 attempts: could not parse JSON from model output:
{
  "final_output": "To create a 6-day travel plan for 3 people, departing from Austin and touring 2 cities in Michigan from March 27th to March 31st, 2022, we must adhere to the constraints: a budget of $8850, a 6-day trip, and private room accommodations. Here is a concrete day-by-day plan for the travelers, accommodating these constraints. Accommodation: Private room - rotate booking each night. Saturday, March 27th - Day 1: Austin to Detroit (approx. 1hr 45m), attractions include Detroit Ins); retrying in 12s
[RETRY] selfcheckgpt task=tp_nonsynth_mf3_000077 seed=2 attempt 4/5 failed (failed to obtain JSON after 3 attempts: could not parse JSON from model output:
{
  "final_output": "To create a 6-day travel plan for 3 people, departing from Austin and touring 2 cities in Michigan from March 27th to March 31st, 2022, we must adhere to the constraints: a budget of $8850, a 6-day trip, and private room accommodations. Here is a concrete day-by-day plan for the travelers, accommodating these constraints. Accommodation: Private room - rotate booking each night. Saturday, March 27th - Day 1: Austin to Detroit (approx. 1hr 45m), attractions include Detroit Ins); retrying in 24s
[ERROR] selfcheckgpt failed task=tp_nonsynth_mf3_000077 seed=2: failed to obtain JSON after 3 attempts: could not parse JSON from model output:
{
  "final_output": "To create a 6-day travel plan for 3 people, departing from Austin and touring 2 cities in Michigan from March 27th to March 31st, 2022, we must adhere to the constraints: a budget of $8850, a 6-day trip, and private room accommodations. Here is a concrete day-by-day plan for the travelers, accommodating these constraints. Accommodation: Private room - rotate booking each night. Saturday, March 27th - Day 1: Austin to Detroit (approx. 1hr 45m), attractions include Detroit Ins
[RETRY] selfcheckgpt task=tp_nonsynth_mf3_000079 seed=0 attempt 1/5 failed (failed to obtain JSON after 3 attempts: could not parse JSON from model output:
{
  "final_output": {
    "accommodation": [
      {
        "date": "2022-03-08",
        "location": "Albuquerque, NM",
        "type": "Hotel",
        "cost": 100
      },
      {
        "date": "2022-03-09",
        "location": "Houston, TX",
        "type": "Hotel",
        "cost": 120
      },
      {
        "date": "2022-03-10",
        "location": "Houston, TX",
        "type": "Hotel",
        "cost": 120
      },
      {
        "date": "2022-03-11",
        "location": "Houston, TX); retrying in 3s
[RETRY] selfcheckgpt task=tp_nonsynth_mf3_000079 seed=0 attempt 2/5 failed (failed to obtain JSON after 3 attempts: could not parse JSON from model output:
{
  "final_output": {
    "accommodation": [
      {
        "date": "2022-03-08",
        "location": "Albuquerque, NM",
        "type": "Hotel",
        "cost": 100
      },
      {
        "date": "2022-03-09",
        "location": "Houston, TX",
        "type": "Hotel",
        "cost": 120
      },
      {
        "date": "2022-03-10",
        "location": "Houston, TX",
        "type": "Hotel",
        "cost": 120
      },
      {
        "date": "2022-03-11",
        "location": "Houston, TX); retrying in 6s
[RETRY] selfcheckgpt task=tp_nonsynth_mf3_000079 seed=0 attempt 3/5 failed (failed to obtain JSON after 3 attempts: could not parse JSON from model output:
{
  "final_output": {
    "accommodation": [
      {
        "date": "2022-03-08",
        "location": "Albuquerque, NM",
        "type": "Hotel",
        "cost": 100
      },
      {
        "date": "2022-03-09",
        "location": "Houston, TX",
        "type": "Hotel",
        "cost": 120
      },
      {
        "date": "2022-03-10",
        "location": "Houston, TX",
        "type": "Hotel",
        "cost": 120
      },
      {
        "date": "2022-03-11",
        "location": "Houston, TX); retrying in 12s
[RETRY] selfcheckgpt task=tp_nonsynth_mf3_000079 seed=0 attempt 4/5 failed (failed to obtain JSON after 3 attempts: could not parse JSON from model output:
{
  "final_output": {
    "accommodation": [
      {
        "date": "2022-03-08",
        "location": "Albuquerque, NM",
        "type": "Hotel",
        "cost": 100
      },
      {
        "date": "2022-03-09",
        "location": "Houston, TX",
        "type": "Hotel",
        "cost": 120
      },
      {
        "date": "2022-03-10",
        "location": "Houston, TX",
        "type": "Hotel",
        "cost": 120
      },
      {
        "date": "2022-03-11",
        "location": "Houston, TX); retrying in 24s
[ERROR] selfcheckgpt failed task=tp_nonsynth_mf3_000079 seed=0: failed to obtain JSON after 3 attempts: could not parse JSON from model output:
{
  "final_output": {
    "accommodation": [
      {
        "date": "2022-03-08",
        "location": "Albuquerque, NM",
        "type": "Hotel",
        "cost": 100
      },
      {
        "date": "2022-03-09",
        "location": "Houston, TX",
        "type": "Hotel",
        "cost": 120
      },
      {
        "date": "2022-03-10",
        "location": "Houston, TX",
        "type": "Hotel",
        "cost": 120
      },
      {
        "date": "2022-03-11",
        "location": "Houston, TX
  N=3 tp_nonsynth_mf3_000077 seed=0 arm=reflexion level=medium: per_fault={'budget': True, 'days': True, 'room_type': True} all_resolved=True n_resolved=3/3 tokens=(6625,2686)
  N=3 tp_nonsynth_mf3_000077 seed=0 arm=intro_specter level=medium: per_fault={'budget': True, 'days': True, 'room_type': True} all_resolved=True n_resolved=3/3 tokens=(4100,1927)
  N=3 tp_nonsynth_mf3_000077 seed=1 arm=direct level=medium: per_fault={'budget': False, 'days': True, 'room_type': True} all_resolved=False n_resolved=2/3 tokens=(1276,1286)
  N=3 tp_nonsynth_mf3_000077 seed=1 arm=self_refine level=medium: per_fault={'budget': False, 'days': True, 'room_type': True} all_resolved=False n_resolved=2/3 tokens=(3910,2859)
  N=3 tp_nonsynth_mf3_000077 seed=1 arm=full_regen level=medium: per_fault={'budget': False, 'days': True, 'room_type': True} all_resolved=False n_resolved=2/3 tokens=(2552,2643)
  N=3 tp_nonsynth_mf3_000077 seed=1 arm=react level=medium: per_fault={'budget': False, 'days': True, 'room_type': True} all_resolved=False n_resolved=2/3 tokens=(2621,2807)
  N=3 tp_nonsynth_mf3_000077 seed=1 arm=selfcheckgpt level=medium: per_fault={'budget': False, 'days': True, 'room_type': True} all_resolved=False n_resolved=2/3 tokens=(10358,2911)
  N=3 tp_nonsynth_mf3_000077 seed=1 arm=reflexion level=medium: per_fault={'budget': True, 'days': True, 'room_type': True} all_resolved=True n_resolved=3/3 tokens=(6625,2686)
  N=3 tp_nonsynth_mf3_000077 seed=1 arm=intro_specter level=medium: per_fault={'budget': True, 'days': True, 'room_type': True} all_resolved=True n_resolved=3/3 tokens=(4100,1927)
  N=3 tp_nonsynth_mf3_000077 seed=2 arm=direct level=medium: per_fault={'budget': True, 'days': True, 'room_type': True} all_resolved=True n_resolved=3/3 tokens=(1276,1133)
  N=3 tp_nonsynth_mf3_000077 seed=2 arm=self_refine level=medium: per_fault={'budget': True, 'days': True, 'room_type': True} all_resolved=True n_resolved=3/3 tokens=(3777,2588)
  N=3 tp_nonsynth_mf3_000077 seed=2 arm=full_regen level=medium: per_fault={'budget': True, 'days': True, 'room_type': True} all_resolved=True n_resolved=3/3 tokens=(2532,2509)
  N=3 tp_nonsynth_mf3_000077 seed=2 arm=react level=medium: per_fault={'budget': True, 'days': True, 'room_type': True} all_resolved=True n_resolved=3/3 tokens=(2585,2439)
  N=3 tp_nonsynth_mf3_000077 seed=2 arm=reflexion level=medium: per_fault={'budget': True, 'days': True, 'room_type': True} all_resolved=True n_resolved=3/3 tokens=(1276,1133)
  N=3 tp_nonsynth_mf3_000077 seed=2 arm=intro_specter level=medium: per_fault={'budget': True, 'days': True, 'room_type': True} all_resolved=True n_resolved=3/3 tokens=(3911,1477)
  N=3 tp_nonsynth_mf3_000078 seed=0 arm=direct level=hard: per_fault={'budget': False, 'days': True, 'cuisine': False} all_resolved=False n_resolved=1/3 tokens=(1684,969)
  N=3 tp_nonsynth_mf3_000078 seed=0 arm=self_refine level=hard: per_fault={'budget': False, 'days': True, 'cuisine': False} all_resolved=False n_resolved=1/3 tokens=(4493,2210)
  N=3 tp_nonsynth_mf3_000078 seed=0 arm=full_regen level=hard: per_fault={'budget': True, 'days': True, 'cuisine': False} all_resolved=False n_resolved=2/3 tokens=(3348,2410)
  N=3 tp_nonsynth_mf3_000078 seed=0 arm=react level=hard: per_fault={'budget': True, 'days': True, 'cuisine': False} all_resolved=False n_resolved=2/3 tokens=(3421,2556)
  N=3 tp_nonsynth_mf3_000078 seed=0 arm=selfcheckgpt level=hard: per_fault={'budget': False, 'days': True, 'cuisine': False} all_resolved=False n_resolved=1/3 tokens=(12687,2873)
  N=3 tp_nonsynth_mf3_000078 seed=0 arm=reflexion level=hard: per_fault={'budget': False, 'days': True, 'cuisine': False} all_resolved=False n_resolved=1/3 tokens=(14727,3686)
  N=3 tp_nonsynth_mf3_000078 seed=0 arm=intro_specter level=hard: per_fault={'budget': False, 'days': False, 'cuisine': False} all_resolved=False n_resolved=0/3 tokens=(4683,2042)
  N=3 tp_nonsynth_mf3_000078 seed=1 arm=direct level=hard: per_fault={'budget': False, 'days': True, 'cuisine': False} all_resolved=False n_resolved=1/3 tokens=(1684,969)
  N=3 tp_nonsynth_mf3_000078 seed=1 arm=self_refine level=hard: per_fault={'budget': False, 'days': True, 'cuisine': False} all_resolved=False n_resolved=1/3 tokens=(4493,2210)
  N=3 tp_nonsynth_mf3_000078 seed=1 arm=full_regen level=hard: per_fault={'budget': False, 'days': False, 'cuisine': False} all_resolved=False n_resolved=0/3 tokens=(3348,1947)
  N=3 tp_nonsynth_mf3_000078 seed=1 arm=react level=hard: per_fault={'budget': True, 'days': True, 'cuisine': False} all_resolved=False n_resolved=2/3 tokens=(3421,2556)
  N=3 tp_nonsynth_mf3_000078 seed=1 arm=selfcheckgpt level=hard: per_fault={'budget': False, 'days': True, 'cuisine': False} all_resolved=False n_resolved=1/3 tokens=(11869,1948)
  N=3 tp_nonsynth_mf3_000078 seed=1 arm=reflexion level=hard: per_fault={'budget': False, 'days': True, 'cuisine': False} all_resolved=False n_resolved=1/3 tokens=(14727,3686)
  N=3 tp_nonsynth_mf3_000078 seed=1 arm=intro_specter level=hard: per_fault={'budget': False, 'days': False, 'cuisine': False} all_resolved=False n_resolved=0/3 tokens=(4683,2042)
  N=3 tp_nonsynth_mf3_000078 seed=2 arm=direct level=hard: per_fault={'budget': False, 'days': True, 'cuisine': False} all_resolved=False n_resolved=1/3 tokens=(1664,821)
  N=3 tp_nonsynth_mf3_000078 seed=2 arm=self_refine level=hard: per_fault={'budget': False, 'days': True, 'cuisine': False} all_resolved=False n_resolved=1/3 tokens=(4283,1910)
  N=3 tp_nonsynth_mf3_000078 seed=2 arm=full_regen level=hard: per_fault={'budget': True, 'days': True, 'cuisine': False} all_resolved=False n_resolved=2/3 tokens=(3328,1556)
  N=3 tp_nonsynth_mf3_000078 seed=2 arm=react level=hard: per_fault={'budget': False, 'days': False, 'cuisine': False} all_resolved=False n_resolved=0/3 tokens=(3436,2320)
  N=3 tp_nonsynth_mf3_000078 seed=2 arm=selfcheckgpt level=hard: per_fault={'budget': False, 'days': True, 'cuisine': False} all_resolved=False n_resolved=1/3 tokens=(12889,2478)
  N=3 tp_nonsynth_mf3_000078 seed=2 arm=reflexion level=hard: per_fault={'budget': False, 'days': True, 'cuisine': False} all_resolved=False n_resolved=1/3 tokens=(13652,4413)
  N=3 tp_nonsynth_mf3_000078 seed=2 arm=intro_specter level=hard: per_fault={'budget': False, 'days': True, 'cuisine': False} all_resolved=False n_resolved=1/3 tokens=(4437,1749)
  N=3 tp_nonsynth_mf3_000079 seed=0 arm=direct level=hard: per_fault={'budget': True, 'days': True, 'house_rule': True} all_resolved=True n_resolved=3/3 tokens=(1528,1036)
  N=3 tp_nonsynth_mf3_000079 seed=0 arm=self_refine level=hard: per_fault={'budget': True, 'days': True, 'house_rule': True} all_resolved=True n_resolved=3/3 tokens=(4143,2163)
  N=3 tp_nonsynth_mf3_000079 seed=0 arm=full_regen level=hard: per_fault={'budget': True, 'days': True, 'house_rule': True} all_resolved=True n_resolved=3/3 tokens=(3036,2161)
  N=3 tp_nonsynth_mf3_000079 seed=0 arm=react level=hard: per_fault={'budget': False, 'days': True, 'house_rule': True} all_resolved=False n_resolved=2/3 tokens=(3160,2693)
  N=3 tp_nonsynth_mf3_000079 seed=0 arm=reflexion level=hard: per_fault={'budget': True, 'days': True, 'house_rule': True} all_resolved=True n_resolved=3/3 tokens=(1528,1036)
  N=3 tp_nonsynth_mf3_000079 seed=0 arm=intro_specter level=hard: per_fault={'budget': True, 'days': True, 'house_rule': True} all_resolved=True n_resolved=3/3 tokens=(4317,1561)
  N=3 tp_nonsynth_mf3_000079 seed=1 arm=direct level=hard: per_fault={'budget': True, 'days': True, 'house_rule': True} all_resolved=True n_resolved=3/3 tokens=(1528,1036)
  N=3 tp_nonsynth_mf3_000079 seed=1 arm=self_refine level=hard: per_fault={'budget': True, 'days': True, 'house_rule': True} all_resolved=True n_resolved=3/3 tokens=(4143,2163)
  N=3 tp_nonsynth_mf3_000079 seed=1 arm=full_regen level=hard: per_fault={'budget': False, 'days': True, 'house_rule': True} all_resolved=False n_resolved=2/3 tokens=(3072,2209)
  N=3 tp_nonsynth_mf3_000079 seed=1 arm=react level=hard: per_fault={'budget': False, 'days': True, 'house_rule': True} all_resolved=False n_resolved=2/3 tokens=(3160,2693)
[RETRY] selfcheckgpt task=tp_nonsynth_mf3_000081 seed=0 attempt 1/5 failed (failed to obtain JSON after 3 attempts: could not parse JSON from model output:
{
  "final_output": "Day 1: Las Vegas to Davenport, ID\nAccommodation: Sun Valley Inn\ncost: $250\nMeals: breakfast at The Dolly's Cafe, lunch at Cafe Soleil, snacks at Idaho Falls Mini Mart\nAttracton: tour of Draper City Park\nDay 2: Davenport to Twin Falls, ID\nAccommodation: Shoshone Falls Park Cabins\ncost: $300\nMeals: breakfast at My Patties CafГг, lunch at Twin Falls Brewing Co., snacks at Twin Falls Mini Mart\nAttraction: tour of Twin Falls City Park and Snake River Canyon Jump Site\nDa); retrying in 3s
[RETRY] selfcheckgpt task=tp_nonsynth_mf3_000081 seed=0 attempt 2/5 failed (failed to obtain JSON after 3 attempts: could not parse JSON from model output:
{
  "final_output": "Day 1: Las Vegas to Davenport, ID\nAccommodation: Sun Valley Inn\ncost: $250\nMeals: breakfast at The Dolly's Cafe, lunch at Cafe Soleil, snacks at Idaho Falls Mini Mart\nAttracton: tour of Draper City Park\nDay 2: Davenport to Twin Falls, ID\nAccommodation: Shoshone Falls Park Cabins\ncost: $300\nMeals: breakfast at My Patties CafГг, lunch at Twin Falls Brewing Co., snacks at Twin Falls Mini Mart\nAttraction: tour of Twin Falls City Park and Snake River Canyon Jump Site\nDa); retrying in 6s
[RETRY] selfcheckgpt task=tp_nonsynth_mf3_000081 seed=0 attempt 3/5 failed (failed to obtain JSON after 3 attempts: could not parse JSON from model output:
{
  "final_output": "Day 1: Las Vegas to Davenport, ID\nAccommodation: Sun Valley Inn\ncost: $250\nMeals: breakfast at The Dolly's Cafe, lunch at Cafe Soleil, snacks at Idaho Falls Mini Mart\nAttracton: tour of Draper City Park\nDay 2: Davenport to Twin Falls, ID\nAccommodation: Shoshone Falls Park Cabins\ncost: $300\nMeals: breakfast at My Patties CafГг, lunch at Twin Falls Brewing Co., snacks at Twin Falls Mini Mart\nAttraction: tour of Twin Falls City Park and Snake River Canyon Jump Site\nDa); retrying in 12s
[RETRY] selfcheckgpt task=tp_nonsynth_mf3_000081 seed=0 attempt 4/5 failed (failed to obtain JSON after 3 attempts: could not parse JSON from model output:
{
  "final_output": "Day 1: Las Vegas to Davenport, ID\nAccommodation: Sun Valley Inn\ncost: $250\nMeals: breakfast at The Dolly's Cafe, lunch at Cafe Soleil, snacks at Idaho Falls Mini Mart\nAttracton: tour of Draper City Park\nDay 2: Davenport to Twin Falls, ID\nAccommodation: Shoshone Falls Park Cabins\ncost: $300\nMeals: breakfast at My Patties CafГг, lunch at Twin Falls Brewing Co., snacks at Twin Falls Mini Mart\nAttraction: tour of Twin Falls City Park and Snake River Canyon Jump Site\nDa); retrying in 24s
[ERROR] selfcheckgpt failed task=tp_nonsynth_mf3_000081 seed=0: failed to obtain JSON after 3 attempts: could not parse JSON from model output:
{
  "final_output": "Day 1: Las Vegas to Davenport, ID\nAccommodation: Sun Valley Inn\ncost: $250\nMeals: breakfast at The Dolly's Cafe, lunch at Cafe Soleil, snacks at Idaho Falls Mini Mart\nAttracton: tour of Draper City Park\nDay 2: Davenport to Twin Falls, ID\nAccommodation: Shoshone Falls Park Cabins\ncost: $300\nMeals: breakfast at My Patties CafГг, lunch at Twin Falls Brewing Co., snacks at Twin Falls Mini Mart\nAttraction: tour of Twin Falls City Park and Snake River Canyon Jump Site\nDa
[RETRY] selfcheckgpt task=tp_nonsynth_mf3_000081 seed=1 attempt 1/5 failed (failed to obtain JSON after 3 attempts: could not parse JSON from model output:
{
  "final_output": "Here is a 10-day travel plan for two people starting in Las Vegas and touring 3 cities in Idaho from March 4th to March 10th, 2022.\nDay 1: Las Vegas to Twin Falls\n Accommodation: Entire room at Twin Falls Inn (cost: $120)\n Meals: Breakfast at Mogi at The Modern On The River, Lunch at Joon at LeAnne's Creek, Dinner at Rick at Four Brothers (total cost: $70)\n Attractions: Snake River Canyon Rim Trail, Evel Knievel Snake River Canyon Jump Site (total cost: $0)\n\nDay 2: Twi); retrying in 3s
[RETRY] selfcheckgpt task=tp_nonsynth_mf3_000081 seed=1 attempt 2/5 failed (failed to obtain JSON after 3 attempts: could not parse JSON from model output:
{
  "final_output": "Here is a 10-day travel plan for two people starting in Las Vegas and touring 3 cities in Idaho from March 4th to March 10th, 2022.\nDay 1: Las Vegas to Twin Falls\n Accommodation: Entire room at Twin Falls Inn (cost: $120)\n Meals: Breakfast at Mogi at The Modern On The River, Lunch at Joon at LeAnne's Creek, Dinner at Rick at Four Brothers (total cost: $70)\n Attractions: Snake River Canyon Rim Trail, Evel Knievel Snake River Canyon Jump Site (total cost: $0)\n\nDay 2: Twi); retrying in 6s
[RETRY] selfcheckgpt task=tp_nonsynth_mf3_000081 seed=1 attempt 3/5 failed (failed to obtain JSON after 3 attempts: could not parse JSON from model output:
{
  "final_output": "Here is a 10-day travel plan for two people starting in Las Vegas and touring 3 cities in Idaho from March 4th to March 10th, 2022.\nDay 1: Las Vegas to Twin Falls\n Accommodation: Entire room at Twin Falls Inn (cost: $120)\n Meals: Breakfast at Mogi at The Modern On The River, Lunch at Joon at LeAnne's Creek, Dinner at Rick at Four Brothers (total cost: $70)\n Attractions: Snake River Canyon Rim Trail, Evel Knievel Snake River Canyon Jump Site (total cost: $0)\n\nDay 2: Twi); retrying in 12s
[RETRY] selfcheckgpt task=tp_nonsynth_mf3_000081 seed=1 attempt 4/5 failed (failed to obtain JSON after 3 attempts: could not parse JSON from model output:
{
  "final_output": "Here is a 10-day travel plan for two people starting in Las Vegas and touring 3 cities in Idaho from March 4th to March 10th, 2022.\nDay 1: Las Vegas to Twin Falls\n Accommodation: Entire room at Twin Falls Inn (cost: $120)\n Meals: Breakfast at Mogi at The Modern On The River, Lunch at Joon at LeAnne's Creek, Dinner at Rick at Four Brothers (total cost: $70)\n Attractions: Snake River Canyon Rim Trail, Evel Knievel Snake River Canyon Jump Site (total cost: $0)\n\nDay 2: Twi); retrying in 24s
[ERROR] selfcheckgpt failed task=tp_nonsynth_mf3_000081 seed=1: failed to obtain JSON after 3 attempts: could not parse JSON from model output:
{
  "final_output": "Here is a 10-day travel plan for two people starting in Las Vegas and touring 3 cities in Idaho from March 4th to March 10th, 2022.\nDay 1: Las Vegas to Twin Falls\n Accommodation: Entire room at Twin Falls Inn (cost: $120)\n Meals: Breakfast at Mogi at The Modern On The River, Lunch at Joon at LeAnne's Creek, Dinner at Rick at Four Brothers (total cost: $70)\n Attractions: Snake River Canyon Rim Trail, Evel Knievel Snake River Canyon Jump Site (total cost: $0)\n\nDay 2: Twi
[RETRY] selfcheckgpt task=tp_nonsynth_mf3_000081 seed=2 attempt 1/5 failed (failed to obtain JSON after 3 attempts: could not parse JSON from model output:
{
  "final_output": "Day 1: Las Vegas to Idaho, Budget: $550, Accommodation: TBD, Meals: Breakfast at Twin Falls' Snake River Canyon Rim Trail($15) and Lunch at Twin Falls City Park($10), Attractions: Twin Falls City Park($10 per person), Dinner at Herrett Center($25), Total cost: $500. Day 2: Idaho, Budget: $820, Accommodation: Entire room at Shoshone Falls Park($360 for 2 nights), Meals: Breakfast at Twin Falls' Shoshone Falls Park($15) and Lunch at Rock Creek Park($10), Attractions: Snake Riv); retrying in 3s
[RETRY] selfcheckgpt task=tp_nonsynth_mf3_000081 seed=2 attempt 2/5 failed (failed to obtain JSON after 3 attempts: could not parse JSON from model output:
{
  "final_output": "Day 1: Las Vegas to Idaho, Budget: $550, Accommodation: TBD, Meals: Breakfast at Twin Falls' Snake River Canyon Rim Trail($15) and Lunch at Twin Falls City Park($10), Attractions: Twin Falls City Park($10 per person), Dinner at Herrett Center($25), Total cost: $500. Day 2: Idaho, Budget: $820, Accommodation: Entire room at Shoshone Falls Park($360 for 2 nights), Meals: Breakfast at Twin Falls' Shoshone Falls Park($15) and Lunch at Rock Creek Park($10), Attractions: Snake Riv); retrying in 6s
[RETRY] selfcheckgpt task=tp_nonsynth_mf3_000081 seed=2 attempt 3/5 failed (failed to obtain JSON after 3 attempts: could not parse JSON from model output:
{
  "final_output": "Day 1: Las Vegas to Idaho, Budget: $550, Accommodation: TBD, Meals: Breakfast at Twin Falls' Snake River Canyon Rim Trail($15) and Lunch at Twin Falls City Park($10), Attractions: Twin Falls City Park($10 per person), Dinner at Herrett Center($25), Total cost: $500. Day 2: Idaho, Budget: $820, Accommodation: Entire room at Shoshone Falls Park($360 for 2 nights), Meals: Breakfast at Twin Falls' Shoshone Falls Park($15) and Lunch at Rock Creek Park($10), Attractions: Snake Riv); retrying in 12s
[RETRY] selfcheckgpt task=tp_nonsynth_mf3_000081 seed=2 attempt 4/5 failed (failed to obtain JSON after 3 attempts: could not parse JSON from model output:
{
  "final_output": "Day 1: Las Vegas to Idaho, Budget: $550, Accommodation: TBD, Meals: Breakfast at Twin Falls' Snake River Canyon Rim Trail($15) and Lunch at Twin Falls City Park($10), Attractions: Twin Falls City Park($10 per person), Dinner at Herrett Center($25), Total cost: $500. Day 2: Idaho, Budget: $820, Accommodation: Entire room at Shoshone Falls Park($360 for 2 nights), Meals: Breakfast at Twin Falls' Shoshone Falls Park($15) and Lunch at Rock Creek Park($10), Attractions: Snake Riv); retrying in 24s
[ERROR] selfcheckgpt failed task=tp_nonsynth_mf3_000081 seed=2: failed to obtain JSON after 3 attempts: could not parse JSON from model output:
{
  "final_output": "Day 1: Las Vegas to Idaho, Budget: $550, Accommodation: TBD, Meals: Breakfast at Twin Falls' Snake River Canyon Rim Trail($15) and Lunch at Twin Falls City Park($10), Attractions: Twin Falls City Park($10 per person), Dinner at Herrett Center($25), Total cost: $500. Day 2: Idaho, Budget: $820, Accommodation: Entire room at Shoshone Falls Park($360 for 2 nights), Meals: Breakfast at Twin Falls' Shoshone Falls Park($15) and Lunch at Rock Creek Park($10), Attractions: Snake Riv
[RETRY] selfcheckgpt task=tp_nonsynth_mf3_000083 seed=1 attempt 1/5 failed (failed to obtain JSON after 3 attempts: could not parse JSON from model output:
{
  "final_output": "To plan the trip, we would need to adjust the original budget constraint and house rule to accommodate for pets and ensure total costs do not exceed $4000.\nHere is a revised 6-day itinerary for 3 travelers planning to depart from Fort Wayne and head to Charlotte from March 8th to March 14th, 2022:\n\nDay 1: March 8th, 2022\n- Accommodation: Charter Club by Allason (50-night charge of $450)\n- Meals: Breakfast at Biscuit Head ($8), lunch at Q restaurant ($10), dinner at Park); retrying in 3s
[RETRY] selfcheckgpt task=tp_nonsynth_mf3_000083 seed=1 attempt 2/5 failed (failed to obtain JSON after 3 attempts: could not parse JSON from model output:
{
  "final_output": "To plan the trip, we would need to adjust the original budget constraint and house rule to accommodate for pets and ensure total costs do not exceed $4000.\nHere is a revised 6-day itinerary for 3 travelers planning to depart from Fort Wayne and head to Charlotte from March 8th to March 14th, 2022:\n\nDay 1: March 8th, 2022\n- Accommodation: Charter Club by Allason (50-night charge of $450)\n- Meals: Breakfast at Biscuit Head ($8), lunch at Q restaurant ($10), dinner at Park); retrying in 6s
[RETRY] selfcheckgpt task=tp_nonsynth_mf3_000083 seed=1 attempt 3/5 failed (failed to obtain JSON after 3 attempts: could not parse JSON from model output:
{
  "final_output": "To plan the trip, we would need to adjust the original budget constraint and house rule to accommodate for pets and ensure total costs do not exceed $4000.\nHere is a revised 6-day itinerary for 3 travelers planning to depart from Fort Wayne and head to Charlotte from March 8th to March 14th, 2022:\n\nDay 1: March 8th, 2022\n- Accommodation: Charter Club by Allason (50-night charge of $450)\n- Meals: Breakfast at Biscuit Head ($8), lunch at Q restaurant ($10), dinner at Park); retrying in 12s
[RETRY] selfcheckgpt task=tp_nonsynth_mf3_000083 seed=1 attempt 4/5 failed (failed to obtain JSON after 3 attempts: could not parse JSON from model output:
{
  "final_output": "To plan the trip, we would need to adjust the original budget constraint and house rule to accommodate for pets and ensure total costs do not exceed $4000.\nHere is a revised 6-day itinerary for 3 travelers planning to depart from Fort Wayne and head to Charlotte from March 8th to March 14th, 2022:\n\nDay 1: March 8th, 2022\n- Accommodation: Charter Club by Allason (50-night charge of $450)\n- Meals: Breakfast at Biscuit Head ($8), lunch at Q restaurant ($10), dinner at Park); retrying in 24s
[ERROR] selfcheckgpt failed task=tp_nonsynth_mf3_000083 seed=1: failed to obtain JSON after 3 attempts: could not parse JSON from model output:
{
  "final_output": "To plan the trip, we would need to adjust the original budget constraint and house rule to accommodate for pets and ensure total costs do not exceed $4000.\nHere is a revised 6-day itinerary for 3 travelers planning to depart from Fort Wayne and head to Charlotte from March 8th to March 14th, 2022:\n\nDay 1: March 8th, 2022\n- Accommodation: Charter Club by Allason (50-night charge of $450)\n- Meals: Breakfast at Biscuit Head ($8), lunch at Q restaurant ($10), dinner at Park
  N=3 tp_nonsynth_mf3_000079 seed=1 arm=selfcheckgpt level=hard: per_fault={'budget': True, 'days': True, 'house_rule': True} all_resolved=True n_resolved=3/3 tokens=(11928,2853)
  N=3 tp_nonsynth_mf3_000079 seed=1 arm=reflexion level=hard: per_fault={'budget': True, 'days': True, 'house_rule': True} all_resolved=True n_resolved=3/3 tokens=(1528,1036)
  N=3 tp_nonsynth_mf3_000079 seed=1 arm=intro_specter level=hard: per_fault={'budget': True, 'days': True, 'house_rule': True} all_resolved=True n_resolved=3/3 tokens=(4317,1561)
  N=3 tp_nonsynth_mf3_000079 seed=2 arm=direct level=hard: per_fault={'budget': True, 'days': True, 'house_rule': False} all_resolved=False n_resolved=2/3 tokens=(1508,806)
  N=3 tp_nonsynth_mf3_000079 seed=2 arm=self_refine level=hard: per_fault={'budget': False, 'days': True, 'house_rule': True} all_resolved=False n_resolved=2/3 tokens=(3893,2078)
  N=3 tp_nonsynth_mf3_000079 seed=2 arm=full_regen level=hard: per_fault={'budget': True, 'days': True, 'house_rule': True} all_resolved=True n_resolved=3/3 tokens=(3016,2329)
  N=3 tp_nonsynth_mf3_000079 seed=2 arm=react level=hard: per_fault={'budget': False, 'days': True, 'house_rule': False} all_resolved=False n_resolved=1/3 tokens=(3089,2584)
  N=3 tp_nonsynth_mf3_000079 seed=2 arm=selfcheckgpt level=hard: per_fault={'budget': True, 'days': True, 'house_rule': False} all_resolved=False n_resolved=2/3 tokens=(12062,3117)
  N=3 tp_nonsynth_mf3_000079 seed=2 arm=reflexion level=hard: per_fault={'budget': True, 'days': True, 'house_rule': True} all_resolved=True n_resolved=3/3 tokens=(6388,2012)
  N=3 tp_nonsynth_mf3_000079 seed=2 arm=intro_specter level=hard: per_fault={'budget': True, 'days': True, 'house_rule': False} all_resolved=False n_resolved=2/3 tokens=(4047,1232)
  N=3 tp_nonsynth_mf3_000081 seed=0 arm=direct level=hard: per_fault={'budget': False, 'days': True, 'house_rule': False} all_resolved=False n_resolved=1/3 tokens=(1521,2269)
  N=3 tp_nonsynth_mf3_000081 seed=0 arm=self_refine level=hard: per_fault={'budget': True, 'days': True, 'house_rule': False} all_resolved=False n_resolved=2/3 tokens=(5550,4892)
  N=3 tp_nonsynth_mf3_000081 seed=0 arm=full_regen level=hard: per_fault={'budget': True, 'days': True, 'house_rule': True} all_resolved=True n_resolved=3/3 tokens=(3042,4081)
  N=3 tp_nonsynth_mf3_000081 seed=0 arm=react level=hard: per_fault={'budget': False, 'days': True, 'house_rule': False} all_resolved=False n_resolved=1/3 tokens=(3115,3716)
  N=3 tp_nonsynth_mf3_000081 seed=0 arm=reflexion level=hard: per_fault={'budget': True, 'days': True, 'house_rule': False} all_resolved=False n_resolved=2/3 tokens=(20489,7516)
  N=3 tp_nonsynth_mf3_000081 seed=0 arm=intro_specter level=hard: per_fault={'budget': True, 'days': False, 'house_rule': True} all_resolved=False n_resolved=2/3 tokens=(5724,3598)
  N=3 tp_nonsynth_mf3_000081 seed=1 arm=direct level=hard: per_fault={'budget': False, 'days': True, 'house_rule': False} all_resolved=False n_resolved=1/3 tokens=(1521,2269)
  N=3 tp_nonsynth_mf3_000081 seed=1 arm=self_refine level=hard: per_fault={'budget': True, 'days': True, 'house_rule': False} all_resolved=False n_resolved=2/3 tokens=(5550,4892)
  N=3 tp_nonsynth_mf3_000081 seed=1 arm=full_regen level=hard: per_fault={'budget': True, 'days': True, 'house_rule': True} all_resolved=True n_resolved=3/3 tokens=(3042,3320)
  N=3 tp_nonsynth_mf3_000081 seed=1 arm=react level=hard: per_fault={'budget': False, 'days': True, 'house_rule': False} all_resolved=False n_resolved=1/3 tokens=(3115,3716)
  N=3 tp_nonsynth_mf3_000081 seed=1 arm=reflexion level=hard: per_fault={'budget': True, 'days': True, 'house_rule': False} all_resolved=False n_resolved=2/3 tokens=(20489,7516)
  N=3 tp_nonsynth_mf3_000081 seed=1 arm=intro_specter level=hard: per_fault={'budget': True, 'days': False, 'house_rule': True} all_resolved=False n_resolved=2/3 tokens=(5724,3598)
  N=3 tp_nonsynth_mf3_000081 seed=2 arm=direct level=hard: per_fault={'budget': True, 'days': True, 'house_rule': True} all_resolved=True n_resolved=3/3 tokens=(1541,1516)
  N=3 tp_nonsynth_mf3_000081 seed=2 arm=self_refine level=hard: per_fault={'budget': True, 'days': True, 'house_rule': True} all_resolved=True n_resolved=3/3 tokens=(4711,3789)
  N=3 tp_nonsynth_mf3_000081 seed=2 arm=full_regen level=hard: per_fault={'budget': False, 'days': True, 'house_rule': True} all_resolved=False n_resolved=2/3 tokens=(3082,2683)
  N=3 tp_nonsynth_mf3_000081 seed=2 arm=react level=hard: per_fault={'budget': True, 'days': True, 'house_rule': True} all_resolved=True n_resolved=3/3 tokens=(3115,3938)
  N=3 tp_nonsynth_mf3_000081 seed=2 arm=reflexion level=hard: per_fault={'budget': True, 'days': True, 'house_rule': True} all_resolved=True n_resolved=3/3 tokens=(1541,1516)
  N=3 tp_nonsynth_mf3_000081 seed=2 arm=intro_specter level=hard: per_fault={'budget': True, 'days': True, 'house_rule': True} all_resolved=True n_resolved=3/3 tokens=(4845,2549)
  N=3 tp_nonsynth_mf3_000083 seed=0 arm=direct level=hard: per_fault={'budget': True, 'days': True, 'house_rule': True} all_resolved=True n_resolved=3/3 tokens=(1551,1233)
  N=3 tp_nonsynth_mf3_000083 seed=0 arm=self_refine level=hard: per_fault={'budget': True, 'days': True, 'house_rule': True} all_resolved=True n_resolved=3/3 tokens=(4469,2404)
  N=3 tp_nonsynth_mf3_000083 seed=0 arm=full_regen level=hard: per_fault={'budget': False, 'days': True, 'house_rule': True} all_resolved=False n_resolved=2/3 tokens=(3102,2203)
  N=3 tp_nonsynth_mf3_000083 seed=0 arm=react level=hard: per_fault={'budget': True, 'days': True, 'house_rule': True} all_resolved=True n_resolved=3/3 tokens=(3135,1818)
  N=3 tp_nonsynth_mf3_000083 seed=0 arm=selfcheckgpt level=hard: per_fault={'budget': True, 'days': True, 'house_rule': True} all_resolved=True n_resolved=3/3 tokens=(12521,3283)
  N=3 tp_nonsynth_mf3_000083 seed=0 arm=reflexion level=hard: per_fault={'budget': True, 'days': True, 'house_rule': True} all_resolved=True n_resolved=3/3 tokens=(1551,1233)
  N=3 tp_nonsynth_mf3_000083 seed=0 arm=intro_specter level=hard: per_fault={'budget': True, 'days': True, 'house_rule': True} all_resolved=True n_resolved=3/3 tokens=(4603,2025)
  N=3 tp_nonsynth_mf3_000083 seed=1 arm=direct level=hard: per_fault={'budget': True, 'days': True, 'house_rule': True} all_resolved=True n_resolved=3/3 tokens=(1551,1233)
  N=3 tp_nonsynth_mf3_000083 seed=1 arm=self_refine level=hard: per_fault={'budget': True, 'days': True, 'house_rule': True} all_resolved=True n_resolved=3/3 tokens=(4469,2404)
  N=3 tp_nonsynth_mf3_000083 seed=1 arm=full_regen level=hard: per_fault={'budget': True, 'days': True, 'house_rule': True} all_resolved=True n_resolved=3/3 tokens=(3102,2150)
  N=3 tp_nonsynth_mf3_000083 seed=1 arm=react level=hard: per_fault={'budget': True, 'days': True, 'house_rule': True} all_resolved=True n_resolved=3/3 tokens=(3135,1818)
  N=3 tp_nonsynth_mf3_000083 seed=1 arm=reflexion level=hard: per_fault={'budget': True, 'days': True, 'house_rule': True} all_resolved=True n_resolved=3/3 tokens=(1551,1233)
  N=3 tp_nonsynth_mf3_000083 seed=1 arm=intro_specter level=hard: per_fault={'budget': True, 'days': True, 'house_rule': True} all_resolved=True n_resolved=3/3 tokens=(4603,2025)
  N=3 tp_nonsynth_mf3_000083 seed=2 arm=direct level=hard: per_fault={'budget': False, 'days': True, 'house_rule': False} all_resolved=False n_resolved=1/3 tokens=(1531,892)
  N=3 tp_nonsynth_mf3_000083 seed=2 arm=self_refine level=hard: per_fault={'budget': True, 'days': True, 'house_rule': False} all_resolved=False n_resolved=2/3 tokens=(4045,1705)
  N=3 tp_nonsynth_mf3_000083 seed=2 arm=full_regen level=hard: per_fault={'budget': True, 'days': True, 'house_rule': True} all_resolved=True n_resolved=3/3 tokens=(3062,1914)
  N=3 tp_nonsynth_mf3_000083 seed=2 arm=react level=hard: per_fault={'budget': False, 'days': False, 'house_rule': False} all_resolved=False n_resolved=0/3 tokens=(3151,2012)
  N=3 tp_nonsynth_mf3_000083 seed=2 arm=selfcheckgpt level=hard: per_fault={'budget': False, 'days': True, 'house_rule': False} all_resolved=False n_resolved=1/3 tokens=(12625,3181)
[RETRY] selfcheckgpt task=tp_nonsynth_mf3_000085 seed=0 attempt 1/5 failed (failed to obtain JSON after 3 attempts: could not parse JSON from model output:
{
  "final_output": "Now, let's create the travel plan as per the provided constraints. The trip will start on March 24th, 2022, and end on March 30th, 2022. The accommodation will be non-shared rooms that can accommodate children under 10. The dining options will include cuisines like Indian, American, Chinese, and Mediterranean. Here's a day-wise plan:\n\nDay 1 (March 24, 2022) - Atlanta\nAccommodation: Hotel - Above 10k (Price: $1200)\nMeals: Lunch at Atlanta Food Tours (Indian cuisine) $20, ); retrying in 3s
[RETRY] selfcheckgpt task=tp_nonsynth_mf3_000085 seed=0 attempt 2/5 failed (failed to obtain JSON after 3 attempts: could not parse JSON from model output:
{
  "final_output": "Now, let's create the travel plan as per the provided constraints. The trip will start on March 24th, 2022, and end on March 30th, 2022. The accommodation will be non-shared rooms that can accommodate children under 10. The dining options will include cuisines like Indian, American, Chinese, and Mediterranean. Here's a day-wise plan:\n\nDay 1 (March 24, 2022) - Atlanta\nAccommodation: Hotel - Above 10k (Price: $1200)\nMeals: Lunch at Atlanta Food Tours (Indian cuisine) $20, ); retrying in 6s
[RETRY] selfcheckgpt task=tp_nonsynth_mf3_000085 seed=0 attempt 3/5 failed (failed to obtain JSON after 3 attempts: could not parse JSON from model output:
{
  "final_output": "Now, let's create the travel plan as per the provided constraints. The trip will start on March 24th, 2022, and end on March 30th, 2022. The accommodation will be non-shared rooms that can accommodate children under 10. The dining options will include cuisines like Indian, American, Chinese, and Mediterranean. Here's a day-wise plan:\n\nDay 1 (March 24, 2022) - Atlanta\nAccommodation: Hotel - Above 10k (Price: $1200)\nMeals: Lunch at Atlanta Food Tours (Indian cuisine) $20, ); retrying in 12s
[RETRY] selfcheckgpt task=tp_nonsynth_mf3_000085 seed=0 attempt 4/5 failed (failed to obtain JSON after 3 attempts: could not parse JSON from model output:
{
  "final_output": "Now, let's create the travel plan as per the provided constraints. The trip will start on March 24th, 2022, and end on March 30th, 2022. The accommodation will be non-shared rooms that can accommodate children under 10. The dining options will include cuisines like Indian, American, Chinese, and Mediterranean. Here's a day-wise plan:\n\nDay 1 (March 24, 2022) - Atlanta\nAccommodation: Hotel - Above 10k (Price: $1200)\nMeals: Lunch at Atlanta Food Tours (Indian cuisine) $20, ); retrying in 24s
[ERROR] selfcheckgpt failed task=tp_nonsynth_mf3_000085 seed=0: failed to obtain JSON after 3 attempts: could not parse JSON from model output:
{
  "final_output": "Now, let's create the travel plan as per the provided constraints. The trip will start on March 24th, 2022, and end on March 30th, 2022. The accommodation will be non-shared rooms that can accommodate children under 10. The dining options will include cuisines like Indian, American, Chinese, and Mediterranean. Here's a day-wise plan:\n\nDay 1 (March 24, 2022) - Atlanta\nAccommodation: Hotel - Above 10k (Price: $1200)\nMeals: Lunch at Atlanta Food Tours (Indian cuisine) $20, 
[RETRY] selfcheckgpt task=tp_nonsynth_mf3_000085 seed=2 attempt 1/5 failed (failed to obtain JSON after 3 attempts: could not parse JSON from model output:
{
  "final_output": {
    "Day 1: March 24th, 2022": {
      "Accommodation": "Not shared room at hotel Downtown Atlanta, price: $250",
      "Meals": {
        "Breakfast": "American cuisine at 'Local Coffee Shop', price: $10",
        "Lunch": "Chinese cuisine at 'Le Duck Ba', price: $25",
        "Dinner": "Indian cuisine at 'Taste of India', price: $30"
      },
      "Attractions": "Visit to 'Georgia Aquarium', price: $50"
    },
    "Day 2: March 25th, 2022": {
      "Accommodation": "Not ); retrying in 3s
[RETRY] selfcheckgpt task=tp_nonsynth_mf3_000085 seed=2 attempt 2/5 failed (failed to obtain JSON after 3 attempts: could not parse JSON from model output:
{
  "final_output": {
    "Day 1: March 24th, 2022": {
      "Accommodation": "Not shared room at hotel Downtown Atlanta, price: $250",
      "Meals": {
        "Breakfast": "American cuisine at 'Local Coffee Shop', price: $10",
        "Lunch": "Chinese cuisine at 'Le Duck Ba', price: $25",
        "Dinner": "Indian cuisine at 'Taste of India', price: $30"
      },
      "Attractions": "Visit to 'Georgia Aquarium', price: $50"
    },
    "Day 2: March 25th, 2022": {
      "Accommodation": "Not ); retrying in 6s
[RETRY] selfcheckgpt task=tp_nonsynth_mf3_000085 seed=2 attempt 3/5 failed (failed to obtain JSON after 3 attempts: could not parse JSON from model output:
{
  "final_output": {
    "Day 1: March 24th, 2022": {
      "Accommodation": "Not shared room at hotel Downtown Atlanta, price: $250",
      "Meals": {
        "Breakfast": "American cuisine at 'Local Coffee Shop', price: $10",
        "Lunch": "Chinese cuisine at 'Le Duck Ba', price: $25",
        "Dinner": "Indian cuisine at 'Taste of India', price: $30"
      },
      "Attractions": "Visit to 'Georgia Aquarium', price: $50"
    },
    "Day 2: March 25th, 2022": {
      "Accommodation": "Not ); retrying in 12s
[RETRY] selfcheckgpt task=tp_nonsynth_mf3_000085 seed=2 attempt 4/5 failed (failed to obtain JSON after 3 attempts: could not parse JSON from model output:
{
  "final_output": {
    "Day 1: March 24th, 2022": {
      "Accommodation": "Not shared room at hotel Downtown Atlanta, price: $250",
      "Meals": {
        "Breakfast": "American cuisine at 'Local Coffee Shop', price: $10",
        "Lunch": "Chinese cuisine at 'Le Duck Ba', price: $25",
        "Dinner": "Indian cuisine at 'Taste of India', price: $30"
      },
      "Attractions": "Visit to 'Georgia Aquarium', price: $50"
    },
    "Day 2: March 25th, 2022": {
      "Accommodation": "Not ); retrying in 24s
[ERROR] selfcheckgpt failed task=tp_nonsynth_mf3_000085 seed=2: failed to obtain JSON after 3 attempts: could not parse JSON from model output:
{
  "final_output": {
    "Day 1: March 24th, 2022": {
      "Accommodation": "Not shared room at hotel Downtown Atlanta, price: $250",
      "Meals": {
        "Breakfast": "American cuisine at 'Local Coffee Shop', price: $10",
        "Lunch": "Chinese cuisine at 'Le Duck Ba', price: $25",
        "Dinner": "Indian cuisine at 'Taste of India', price: $30"
      },
      "Attractions": "Visit to 'Georgia Aquarium', price: $50"
    },
    "Day 2: March 25th, 2022": {
      "Accommodation": "Not 
[RETRY] selfcheckgpt task=tp_nonsynth_mf3_000086 seed=0 attempt 1/5 failed (failed to obtain JSON after 3 attempts: could not parse JSON from model output:
{
  "final_output": {
    "day1": {
      "accommodation": "Hotel near Detroit, MI",
      "meals": "French breakfast at Le Petit Cochon, American lunch at The Hudson Cafe, dinner at Korean BBQ in Campbell Square",
      "attractions": "Detroit Institute of Arts, Campus Martius Park, Motown Museum",
      "cost": "$300"
    },
    "day2": {
      "accommodation": "Hotel near Detroit, MI",
      "meals": "French breakfast at Le Petit Cochon, American lunch at The Hudson Cafe, dinner at Mexican gr); retrying in 3s
[RETRY] selfcheckgpt task=tp_nonsynth_mf3_000086 seed=0 attempt 2/5 failed (failed to obtain JSON after 3 attempts: could not parse JSON from model output:
{
  "final_output": {
    "day1": {
      "accommodation": "Hotel near Detroit, MI",
      "meals": "French breakfast at Le Petit Cochon, American lunch at The Hudson Cafe, dinner at Korean BBQ in Campbell Square",
      "attractions": "Detroit Institute of Arts, Campus Martius Park, Motown Museum",
      "cost": "$300"
    },
    "day2": {
      "accommodation": "Hotel near Detroit, MI",
      "meals": "French breakfast at Le Petit Cochon, American lunch at The Hudson Cafe, dinner at Mexican gr); retrying in 6s
[RETRY] selfcheckgpt task=tp_nonsynth_mf3_000086 seed=0 attempt 3/5 failed (failed to obtain JSON after 3 attempts: could not parse JSON from model output:
{
  "final_output": {
    "day1": {
      "accommodation": "Hotel near Detroit, MI",
      "meals": "French breakfast at Le Petit Cochon, American lunch at The Hudson Cafe, dinner at Korean BBQ in Campbell Square",
      "attractions": "Detroit Institute of Arts, Campus Martius Park, Motown Museum",
      "cost": "$300"
    },
    "day2": {
      "accommodation": "Hotel near Detroit, MI",
      "meals": "French breakfast at Le Petit Cochon, American lunch at The Hudson Cafe, dinner at Mexican gr); retrying in 12s
[RETRY] selfcheckgpt task=tp_nonsynth_mf3_000086 seed=0 attempt 4/5 failed (failed to obtain JSON after 3 attempts: could not parse JSON from model output:
{
  "final_output": {
    "day1": {
      "accommodation": "Hotel near Detroit, MI",
      "meals": "French breakfast at Le Petit Cochon, American lunch at The Hudson Cafe, dinner at Korean BBQ in Campbell Square",
      "attractions": "Detroit Institute of Arts, Campus Martius Park, Motown Museum",
      "cost": "$300"
    },
    "day2": {
      "accommodation": "Hotel near Detroit, MI",
      "meals": "French breakfast at Le Petit Cochon, American lunch at The Hudson Cafe, dinner at Mexican gr); retrying in 24s
[ERROR] selfcheckgpt failed task=tp_nonsynth_mf3_000086 seed=0: failed to obtain JSON after 3 attempts: could not parse JSON from model output:
{
  "final_output": {
    "day1": {
      "accommodation": "Hotel near Detroit, MI",
      "meals": "French breakfast at Le Petit Cochon, American lunch at The Hudson Cafe, dinner at Korean BBQ in Campbell Square",
      "attractions": "Detroit Institute of Arts, Campus Martius Park, Motown Museum",
      "cost": "$300"
    },
    "day2": {
      "accommodation": "Hotel near Detroit, MI",
      "meals": "French breakfast at Le Petit Cochon, American lunch at The Hudson Cafe, dinner at Mexican gr
[RETRY] selfcheckgpt task=tp_nonsynth_mf3_000086 seed=1 attempt 1/5 failed (failed to obtain JSON after 3 attempts: could not parse JSON from model output:
{
  "final_output": "Total trip budget must not exceed $18150.\nTravel to Michigan from Myrtle Beach on March 4th, 2022, staying for a total of 7 days.\nDay 1: March 4th, 2022\n- Accommodation: Check-in at [Accommodation name], cost: $500\n- Lunch: Visit Le Petit Chateau, cost: $30\n- Afternoon: Visit the Detroit Institute of Arts, cost: $20\n- Dinner: Visit The Apparatus Room, cost: $60\n- Total cost for Day 1: $610\n\nDay 2: March 5th, 2022\n- Accommodation: Check-in at [Accommodation name], s); retrying in 3s
[RETRY] selfcheckgpt task=tp_nonsynth_mf3_000086 seed=1 attempt 2/5 failed (failed to obtain JSON after 3 attempts: could not parse JSON from model output:
{
  "final_output": "Total trip budget must not exceed $18150.\nTravel to Michigan from Myrtle Beach on March 4th, 2022, staying for a total of 7 days.\nDay 1: March 4th, 2022\n- Accommodation: Check-in at [Accommodation name], cost: $500\n- Lunch: Visit Le Petit Chateau, cost: $30\n- Afternoon: Visit the Detroit Institute of Arts, cost: $20\n- Dinner: Visit The Apparatus Room, cost: $60\n- Total cost for Day 1: $610\n\nDay 2: March 5th, 2022\n- Accommodation: Check-in at [Accommodation name], s); retrying in 6s
[RETRY] selfcheckgpt task=tp_nonsynth_mf3_000086 seed=1 attempt 3/5 failed (failed to obtain JSON after 3 attempts: could not parse JSON from model output:
{
  "final_output": "Total trip budget must not exceed $18150.\nTravel to Michigan from Myrtle Beach on March 4th, 2022, staying for a total of 7 days.\nDay 1: March 4th, 2022\n- Accommodation: Check-in at [Accommodation name], cost: $500\n- Lunch: Visit Le Petit Chateau, cost: $30\n- Afternoon: Visit the Detroit Institute of Arts, cost: $20\n- Dinner: Visit The Apparatus Room, cost: $60\n- Total cost for Day 1: $610\n\nDay 2: March 5th, 2022\n- Accommodation: Check-in at [Accommodation name], s); retrying in 12s
[RETRY] selfcheckgpt task=tp_nonsynth_mf3_000086 seed=1 attempt 4/5 failed (failed to obtain JSON after 3 attempts: could not parse JSON from model output:
{
  "final_output": "Total trip budget must not exceed $18150.\nTravel to Michigan from Myrtle Beach on March 4th, 2022, staying for a total of 7 days.\nDay 1: March 4th, 2022\n- Accommodation: Check-in at [Accommodation name], cost: $500\n- Lunch: Visit Le Petit Chateau, cost: $30\n- Afternoon: Visit the Detroit Institute of Arts, cost: $20\n- Dinner: Visit The Apparatus Room, cost: $60\n- Total cost for Day 1: $610\n\nDay 2: March 5th, 2022\n- Accommodation: Check-in at [Accommodation name], s); retrying in 24s
[ERROR] selfcheckgpt failed task=tp_nonsynth_mf3_000086 seed=1: failed to obtain JSON after 3 attempts: could not parse JSON from model output:
{
  "final_output": "Total trip budget must not exceed $18150.\nTravel to Michigan from Myrtle Beach on March 4th, 2022, staying for a total of 7 days.\nDay 1: March 4th, 2022\n- Accommodation: Check-in at [Accommodation name], cost: $500\n- Lunch: Visit Le Petit Chateau, cost: $30\n- Afternoon: Visit the Detroit Institute of Arts, cost: $20\n- Dinner: Visit The Apparatus Room, cost: $60\n- Total cost for Day 1: $610\n\nDay 2: March 5th, 2022\n- Accommodation: Check-in at [Accommodation name], s
  N=3 tp_nonsynth_mf3_000083 seed=2 arm=reflexion level=hard: per_fault={'budget': False, 'days': True, 'house_rule': False} all_resolved=False n_resolved=1/3 tokens=(12871,3063)
  N=3 tp_nonsynth_mf3_000083 seed=2 arm=intro_specter level=hard: per_fault={'budget': True, 'days': True, 'house_rule': True} all_resolved=True n_resolved=3/3 tokens=(4179,1713)
  N=3 tp_nonsynth_mf3_000085 seed=0 arm=direct level=hard: per_fault={'budget': True, 'days': True, 'cuisine': False} all_resolved=False n_resolved=2/3 tokens=(1644,1177)
  N=3 tp_nonsynth_mf3_000085 seed=0 arm=self_refine level=hard: per_fault={'budget': True, 'days': True, 'cuisine': False} all_resolved=False n_resolved=2/3 tokens=(4621,2719)
  N=3 tp_nonsynth_mf3_000085 seed=0 arm=full_regen level=hard: per_fault={'budget': True, 'days': False, 'cuisine': False} all_resolved=False n_resolved=1/3 tokens=(3268,2379)
  N=3 tp_nonsynth_mf3_000085 seed=0 arm=react level=hard: per_fault={'budget': True, 'days': True, 'cuisine': False} all_resolved=False n_resolved=2/3 tokens=(3321,2791)
  N=3 tp_nonsynth_mf3_000085 seed=0 arm=reflexion level=hard: per_fault={'budget': True, 'days': True, 'cuisine': False} all_resolved=False n_resolved=2/3 tokens=(12659,5339)
  N=3 tp_nonsynth_mf3_000085 seed=0 arm=intro_specter level=hard: per_fault={'budget': True, 'days': True, 'cuisine': False} all_resolved=False n_resolved=2/3 tokens=(4795,2266)
  N=3 tp_nonsynth_mf3_000085 seed=1 arm=direct level=hard: per_fault={'budget': True, 'days': True, 'cuisine': False} all_resolved=False n_resolved=2/3 tokens=(1644,1177)
  N=3 tp_nonsynth_mf3_000085 seed=1 arm=self_refine level=hard: per_fault={'budget': True, 'days': True, 'cuisine': False} all_resolved=False n_resolved=2/3 tokens=(4621,2719)
  N=3 tp_nonsynth_mf3_000085 seed=1 arm=full_regen level=hard: per_fault={'budget': True, 'days': True, 'cuisine': False} all_resolved=False n_resolved=2/3 tokens=(3268,1896)
  N=3 tp_nonsynth_mf3_000085 seed=1 arm=react level=hard: per_fault={'budget': True, 'days': True, 'cuisine': False} all_resolved=False n_resolved=2/3 tokens=(3321,2791)
  N=3 tp_nonsynth_mf3_000085 seed=1 arm=selfcheckgpt level=hard: per_fault={'budget': True, 'days': True, 'cuisine': False} all_resolved=False n_resolved=2/3 tokens=(12882,3559)
  N=3 tp_nonsynth_mf3_000085 seed=1 arm=reflexion level=hard: per_fault={'budget': True, 'days': True, 'cuisine': False} all_resolved=False n_resolved=2/3 tokens=(12659,5339)
  N=3 tp_nonsynth_mf3_000085 seed=1 arm=intro_specter level=hard: per_fault={'budget': True, 'days': True, 'cuisine': False} all_resolved=False n_resolved=2/3 tokens=(4795,2266)
  N=3 tp_nonsynth_mf3_000085 seed=2 arm=direct level=hard: per_fault={'budget': True, 'days': True, 'cuisine': False} all_resolved=False n_resolved=2/3 tokens=(1624,1185)
  N=3 tp_nonsynth_mf3_000085 seed=2 arm=self_refine level=hard: per_fault={'budget': True, 'days': True, 'cuisine': False} all_resolved=False n_resolved=2/3 tokens=(4504,2756)
  N=3 tp_nonsynth_mf3_000085 seed=2 arm=full_regen level=hard: per_fault={'budget': True, 'days': False, 'cuisine': False} all_resolved=False n_resolved=1/3 tokens=(3248,2707)
  N=3 tp_nonsynth_mf3_000085 seed=2 arm=react level=hard: per_fault={'budget': False, 'days': True, 'cuisine': False} all_resolved=False n_resolved=1/3 tokens=(3321,3062)
  N=3 tp_nonsynth_mf3_000085 seed=2 arm=reflexion level=hard: per_fault={'budget': True, 'days': True, 'cuisine': True} all_resolved=True n_resolved=3/3 tokens=(14768,3985)
  N=3 tp_nonsynth_mf3_000085 seed=2 arm=intro_specter level=hard: per_fault={'budget': True, 'days': True, 'cuisine': True} all_resolved=True n_resolved=3/3 tokens=(4678,1741)
  N=3 tp_nonsynth_mf3_000086 seed=0 arm=direct level=medium: per_fault={'budget': False, 'days': True, 'cuisine': False} all_resolved=False n_resolved=1/3 tokens=(1290,1328)
  N=3 tp_nonsynth_mf3_000086 seed=0 arm=self_refine level=medium: per_fault={'budget': False, 'days': True, 'cuisine': False} all_resolved=False n_resolved=1/3 tokens=(4042,3459)
  N=3 tp_nonsynth_mf3_000086 seed=0 arm=full_regen level=medium: per_fault={'budget': True, 'days': True, 'cuisine': False} all_resolved=False n_resolved=2/3 tokens=(2580,2846)
  N=3 tp_nonsynth_mf3_000086 seed=0 arm=react level=medium: per_fault={'budget': True, 'days': True, 'cuisine': False} all_resolved=False n_resolved=2/3 tokens=(2653,2688)
  N=3 tp_nonsynth_mf3_000086 seed=0 arm=reflexion level=medium: per_fault={'budget': False, 'days': True, 'cuisine': False} all_resolved=False n_resolved=1/3 tokens=(14164,4522)
  N=3 tp_nonsynth_mf3_000086 seed=0 arm=intro_specter level=medium: per_fault={'budget': False, 'days': False, 'cuisine': False} all_resolved=False n_resolved=0/3 tokens=(4216,2086)
  N=3 tp_nonsynth_mf3_000086 seed=1 arm=direct level=medium: per_fault={'budget': False, 'days': True, 'cuisine': False} all_resolved=False n_resolved=1/3 tokens=(1290,1328)
  N=3 tp_nonsynth_mf3_000086 seed=1 arm=self_refine level=medium: per_fault={'budget': False, 'days': True, 'cuisine': False} all_resolved=False n_resolved=1/3 tokens=(4042,3459)
  N=3 tp_nonsynth_mf3_000086 seed=1 arm=full_regen level=medium: per_fault={'budget': False, 'days': True, 'cuisine': False} all_resolved=False n_resolved=1/3 tokens=(2580,2936)
  N=3 tp_nonsynth_mf3_000086 seed=1 arm=react level=medium: per_fault={'budget': True, 'days': True, 'cuisine': False} all_resolved=False n_resolved=2/3 tokens=(2653,2688)
  N=3 tp_nonsynth_mf3_000086 seed=1 arm=reflexion level=medium: per_fault={'budget': False, 'days': True, 'cuisine': False} all_resolved=False n_resolved=1/3 tokens=(14164,4522)
  N=3 tp_nonsynth_mf3_000086 seed=1 arm=intro_specter level=medium: per_fault={'budget': False, 'days': False, 'cuisine': False} all_resolved=False n_resolved=0/3 tokens=(4216,2086)
  N=3 tp_nonsynth_mf3_000086 seed=2 arm=direct level=medium: per_fault={'budget': True, 'days': True, 'cuisine': False} all_resolved=False n_resolved=2/3 tokens=(1290,1176)
  N=3 tp_nonsynth_mf3_000086 seed=2 arm=self_refine level=medium: per_fault={'budget': True, 'days': True, 'cuisine': False} all_resolved=False n_resolved=2/3 tokens=(3869,2676)
  N=3 tp_nonsynth_mf3_000086 seed=2 arm=full_regen level=medium: per_fault={'budget': True, 'days': True, 'cuisine': False} all_resolved=False n_resolved=2/3 tokens=(2580,2617)
  N=3 tp_nonsynth_mf3_000086 seed=2 arm=react level=medium: per_fault={'budget': True, 'days': True, 'cuisine': False} all_resolved=False n_resolved=2/3 tokens=(2633,2596)
  N=3 tp_nonsynth_mf3_000086 seed=2 arm=selfcheckgpt level=medium: per_fault={'budget': True, 'days': True, 'cuisine': False} all_resolved=False n_resolved=2/3 tokens=(13315,2692)
  N=3 tp_nonsynth_mf3_000086 seed=2 arm=reflexion level=medium: per_fault={'budget': True, 'days': True, 'cuisine': True} all_resolved=True n_resolved=3/3 tokens=(6562,2628)
  N=3 tp_nonsynth_mf3_000086 seed=2 arm=intro_specter level=medium: per_fault={'budget': False, 'days': True, 'cuisine': False} all_resolved=False n_resolved=1/3 tokens=(4023,1918)
  N=3 tp_nonsynth_mf3_000088 seed=0 arm=direct level=hard: per_fault={'budget': True, 'days': True, 'cuisine': False} all_resolved=False n_resolved=2/3 tokens=(1463,820)
  N=3 tp_nonsynth_mf3_000088 seed=0 arm=self_refine level=hard: per_fault={'budget': True, 'days': True, 'cuisine': False} all_resolved=False n_resolved=2/3 tokens=(3837,2202)
  N=3 tp_nonsynth_mf3_000088 seed=0 arm=full_regen level=hard: per_fault={'budget': True, 'days': True, 'cuisine': False} all_resolved=False n_resolved=2/3 tokens=(2926,1742)
  N=3 tp_nonsynth_mf3_000088 seed=0 arm=react level=hard: per_fault={'budget': False, 'days': False, 'cuisine': False} all_resolved=False n_resolved=0/3 tokens=(2979,1484)
  N=3 tp_nonsynth_mf3_000088 seed=0 arm=selfcheckgpt level=hard: per_fault={'budget': True, 'days': True, 'cuisine': False} all_resolved=False n_resolved=2/3 tokens=(11490,2352)
  N=3 tp_nonsynth_mf3_000088 seed=0 arm=reflexion level=hard: per_fault={'budget': True, 'days': True, 'cuisine': False} all_resolved=False n_resolved=2/3 tokens=(12276,3271)
[RETRY] selfcheckgpt task=tp_nonsynth_mf3_000089 seed=0 attempt 1/5 failed (failed to obtain JSON after 3 attempts: could not parse JSON from model output:
{
  "final_output": "Day 1: Lexington to Texas\nAccommodation: (Day 1 only) Holiday Inn Express Dallas-Addison or similar\nMeals and attractions: Breakfast at The Breakfast Klub; Lunch at the Fourth Cup; Afternoon tour of the Perot Museum of Nature and Science; Dinner at Crispy pan Asian BBQ or similar\nCost: Day 1: $800\n\nDay 2: Dallas\nAccommodation: Hotel He placimento boarding 2024 or nearby option\nMeals and attractions: Breakfast at Chappy Burger; Lunch at West End DART Station; Visit The); retrying in 3s
[RETRY] selfcheckgpt task=tp_nonsynth_mf3_000089 seed=0 attempt 2/5 failed (failed to obtain JSON after 3 attempts: could not parse JSON from model output:
{
  "final_output": "Day 1: Lexington to Texas\nAccommodation: (Day 1 only) Holiday Inn Express Dallas-Addison or similar\nMeals and attractions: Breakfast at The Breakfast Klub; Lunch at the Fourth Cup; Afternoon tour of the Perot Museum of Nature and Science; Dinner at Crispy pan Asian BBQ or similar\nCost: Day 1: $800\n\nDay 2: Dallas\nAccommodation: Hotel He placimento boarding 2024 or nearby option\nMeals and attractions: Breakfast at Chappy Burger; Lunch at West End DART Station; Visit The); retrying in 6s
[RETRY] selfcheckgpt task=tp_nonsynth_mf3_000089 seed=0 attempt 3/5 failed (failed to obtain JSON after 3 attempts: could not parse JSON from model output:
{
  "final_output": "Day 1: Lexington to Texas\nAccommodation: (Day 1 only) Holiday Inn Express Dallas-Addison or similar\nMeals and attractions: Breakfast at The Breakfast Klub; Lunch at the Fourth Cup; Afternoon tour of the Perot Museum of Nature and Science; Dinner at Crispy pan Asian BBQ or similar\nCost: Day 1: $800\n\nDay 2: Dallas\nAccommodation: Hotel He placimento boarding 2024 or nearby option\nMeals and attractions: Breakfast at Chappy Burger; Lunch at West End DART Station; Visit The); retrying in 12s
[RETRY] selfcheckgpt task=tp_nonsynth_mf3_000089 seed=0 attempt 4/5 failed (failed to obtain JSON after 3 attempts: could not parse JSON from model output:
{
  "final_output": "Day 1: Lexington to Texas\nAccommodation: (Day 1 only) Holiday Inn Express Dallas-Addison or similar\nMeals and attractions: Breakfast at The Breakfast Klub; Lunch at the Fourth Cup; Afternoon tour of the Perot Museum of Nature and Science; Dinner at Crispy pan Asian BBQ or similar\nCost: Day 1: $800\n\nDay 2: Dallas\nAccommodation: Hotel He placimento boarding 2024 or nearby option\nMeals and attractions: Breakfast at Chappy Burger; Lunch at West End DART Station; Visit The); retrying in 24s
[ERROR] selfcheckgpt failed task=tp_nonsynth_mf3_000089 seed=0: failed to obtain JSON after 3 attempts: could not parse JSON from model output:
{
  "final_output": "Day 1: Lexington to Texas\nAccommodation: (Day 1 only) Holiday Inn Express Dallas-Addison or similar\nMeals and attractions: Breakfast at The Breakfast Klub; Lunch at the Fourth Cup; Afternoon tour of the Perot Museum of Nature and Science; Dinner at Crispy pan Asian BBQ or similar\nCost: Day 1: $800\n\nDay 2: Dallas\nAccommodation: Hotel He placimento boarding 2024 or nearby option\nMeals and attractions: Breakfast at Chappy Burger; Lunch at West End DART Station; Visit The
[RETRY] selfcheckgpt task=tp_nonsynth_mf3_000089 seed=1 attempt 1/5 failed (failed to obtain JSON after 3 attempts: could not parse JSON from model output:
{
  "final_output": "*Day 1: Lexington to Texas*\n\nAccommodation: Book a family-friendly hotel like Hyatt Regency Dallas, $225\n\nMeals: Breakfast at The Biscuit Bar, $10; Lunch at Klyde Warren Park, $15; Dinner at The Capital Grille, $40\n\nAttractions: Dallas World Aquarium, $25\n\nCost: $325\n\n\n*Day 2: Dallas*\n\nAccommodation: Continue at Hyatt Regency Dallas, $225\n\nMeals: Breakfast at The Biscuit Bar, $10; Lunch at Pecan Lodge BBQ, $20; Dinner at The Porch, $35\n\nAttractions: Perot Mu); retrying in 3s
[RETRY] selfcheckgpt task=tp_nonsynth_mf3_000089 seed=1 attempt 2/5 failed (failed to obtain JSON after 3 attempts: could not parse JSON from model output:
{
  "final_output": "*Day 1: Lexington to Texas*\n\nAccommodation: Book a family-friendly hotel like Hyatt Regency Dallas, $225\n\nMeals: Breakfast at The Biscuit Bar, $10; Lunch at Klyde Warren Park, $15; Dinner at The Capital Grille, $40\n\nAttractions: Dallas World Aquarium, $25\n\nCost: $325\n\n\n*Day 2: Dallas*\n\nAccommodation: Continue at Hyatt Regency Dallas, $225\n\nMeals: Breakfast at The Biscuit Bar, $10; Lunch at Pecan Lodge BBQ, $20; Dinner at The Porch, $35\n\nAttractions: Perot Mu); retrying in 6s
[RETRY] selfcheckgpt task=tp_nonsynth_mf3_000089 seed=1 attempt 3/5 failed (failed to obtain JSON after 3 attempts: could not parse JSON from model output:
{
  "final_output": "*Day 1: Lexington to Texas*\n\nAccommodation: Book a family-friendly hotel like Hyatt Regency Dallas, $225\n\nMeals: Breakfast at The Biscuit Bar, $10; Lunch at Klyde Warren Park, $15; Dinner at The Capital Grille, $40\n\nAttractions: Dallas World Aquarium, $25\n\nCost: $325\n\n\n*Day 2: Dallas*\n\nAccommodation: Continue at Hyatt Regency Dallas, $225\n\nMeals: Breakfast at The Biscuit Bar, $10; Lunch at Pecan Lodge BBQ, $20; Dinner at The Porch, $35\n\nAttractions: Perot Mu); retrying in 12s
[RETRY] selfcheckgpt task=tp_nonsynth_mf3_000089 seed=1 attempt 4/5 failed (failed to obtain JSON after 3 attempts: could not parse JSON from model output:
{
  "final_output": "*Day 1: Lexington to Texas*\n\nAccommodation: Book a family-friendly hotel like Hyatt Regency Dallas, $225\n\nMeals: Breakfast at The Biscuit Bar, $10; Lunch at Klyde Warren Park, $15; Dinner at The Capital Grille, $40\n\nAttractions: Dallas World Aquarium, $25\n\nCost: $325\n\n\n*Day 2: Dallas*\n\nAccommodation: Continue at Hyatt Regency Dallas, $225\n\nMeals: Breakfast at The Biscuit Bar, $10; Lunch at Pecan Lodge BBQ, $20; Dinner at The Porch, $35\n\nAttractions: Perot Mu); retrying in 24s
[ERROR] selfcheckgpt failed task=tp_nonsynth_mf3_000089 seed=1: failed to obtain JSON after 3 attempts: could not parse JSON from model output:
{
  "final_output": "*Day 1: Lexington to Texas*\n\nAccommodation: Book a family-friendly hotel like Hyatt Regency Dallas, $225\n\nMeals: Breakfast at The Biscuit Bar, $10; Lunch at Klyde Warren Park, $15; Dinner at The Capital Grille, $40\n\nAttractions: Dallas World Aquarium, $25\n\nCost: $325\n\n\n*Day 2: Dallas*\n\nAccommodation: Continue at Hyatt Regency Dallas, $225\n\nMeals: Breakfast at The Biscuit Bar, $10; Lunch at Pecan Lodge BBQ, $20; Dinner at The Porch, $35\n\nAttractions: Perot Mu
[RETRY] selfcheckgpt task=tp_nonsynth_mf3_000089 seed=2 attempt 1/5 failed (failed to obtain JSON after 3 attempts: could not parse JSON from model output:
{
  "final_output": "Day 1: Lexington to Texas\nAccommodation: Lexington Marriott Dallas at Airport (Children under 10 allowed), $200\nMeals: Lunch at Chili's (average price: $30 for dinner, 6 pm), $30\nAttractions: Museum of Nature and Science (free, open until 8 pm, 5 miles from hotel), $0\nCost: $230 Total\n\nDay 2: Dallas, TX\nAccommodation: Hyatt Regency Dallas (Children under 10 allowed), $220\nMeals: Breakfast at The Bistro (12 pm - 2 pm), $25\nAttractions: Sixth Floor Museum at Dealey Pl); retrying in 3s
[RETRY] selfcheckgpt task=tp_nonsynth_mf3_000089 seed=2 attempt 2/5 failed (failed to obtain JSON after 3 attempts: could not parse JSON from model output:
{
  "final_output": "Day 1: Lexington to Texas\nAccommodation: Lexington Marriott Dallas at Airport (Children under 10 allowed), $200\nMeals: Lunch at Chili's (average price: $30 for dinner, 6 pm), $30\nAttractions: Museum of Nature and Science (free, open until 8 pm, 5 miles from hotel), $0\nCost: $230 Total\n\nDay 2: Dallas, TX\nAccommodation: Hyatt Regency Dallas (Children under 10 allowed), $220\nMeals: Breakfast at The Bistro (12 pm - 2 pm), $25\nAttractions: Sixth Floor Museum at Dealey Pl); retrying in 6s
[RETRY] selfcheckgpt task=tp_nonsynth_mf3_000089 seed=2 attempt 3/5 failed (failed to obtain JSON after 3 attempts: could not parse JSON from model output:
{
  "final_output": "Day 1: Lexington to Texas\nAccommodation: Lexington Marriott Dallas at Airport (Children under 10 allowed), $200\nMeals: Lunch at Chili's (average price: $30 for dinner, 6 pm), $30\nAttractions: Museum of Nature and Science (free, open until 8 pm, 5 miles from hotel), $0\nCost: $230 Total\n\nDay 2: Dallas, TX\nAccommodation: Hyatt Regency Dallas (Children under 10 allowed), $220\nMeals: Breakfast at The Bistro (12 pm - 2 pm), $25\nAttractions: Sixth Floor Museum at Dealey Pl); retrying in 12s
[RETRY] selfcheckgpt task=tp_nonsynth_mf3_000089 seed=2 attempt 4/5 failed (failed to obtain JSON after 3 attempts: could not parse JSON from model output:
{
  "final_output": "Day 1: Lexington to Texas\nAccommodation: Lexington Marriott Dallas at Airport (Children under 10 allowed), $200\nMeals: Lunch at Chili's (average price: $30 for dinner, 6 pm), $30\nAttractions: Museum of Nature and Science (free, open until 8 pm, 5 miles from hotel), $0\nCost: $230 Total\n\nDay 2: Dallas, TX\nAccommodation: Hyatt Regency Dallas (Children under 10 allowed), $220\nMeals: Breakfast at The Bistro (12 pm - 2 pm), $25\nAttractions: Sixth Floor Museum at Dealey Pl); retrying in 24s
[ERROR] selfcheckgpt failed task=tp_nonsynth_mf3_000089 seed=2: failed to obtain JSON after 3 attempts: could not parse JSON from model output:
{
  "final_output": "Day 1: Lexington to Texas\nAccommodation: Lexington Marriott Dallas at Airport (Children under 10 allowed), $200\nMeals: Lunch at Chili's (average price: $30 for dinner, 6 pm), $30\nAttractions: Museum of Nature and Science (free, open until 8 pm, 5 miles from hotel), $0\nCost: $230 Total\n\nDay 2: Dallas, TX\nAccommodation: Hyatt Regency Dallas (Children under 10 allowed), $220\nMeals: Breakfast at The Bistro (12 pm - 2 pm), $25\nAttractions: Sixth Floor Museum at Dealey Pl
[RETRY] selfcheckgpt task=tp_nonsynth_mf3_000090 seed=0 attempt 1/5 failed (failed to obtain JSON after 3 attempts: could not parse JSON from model output:
{
  "final_output": "Here is a 9-day travel itinerary for 2 people from Salt Lake City to 3 unique cities in Montana:\nDay 1: Salt Lake City to Billings\n- Accommodations: Hotel Billings, where parties are permitted\n- Meals: Breakfast at Pancake Walk, Lunch at The Pig & The IMU, Dinner at Wise Wonders Science and Discovery Museum's private dinner by the garden\n- Attractions: Visit Western Heritage Center, and walk to the nearby Pioneer Park\nCost: $400\nDay 2: Explore Billings\n- Accommodation); retrying in 3s
[RETRY] selfcheckgpt task=tp_nonsynth_mf3_000090 seed=0 attempt 2/5 failed (failed to obtain JSON after 3 attempts: could not parse JSON from model output:
{
  "final_output": "Here is a 9-day travel itinerary for 2 people from Salt Lake City to 3 unique cities in Montana:\nDay 1: Salt Lake City to Billings\n- Accommodations: Hotel Billings, where parties are permitted\n- Meals: Breakfast at Pancake Walk, Lunch at The Pig & The IMU, Dinner at Wise Wonders Science and Discovery Museum's private dinner by the garden\n- Attractions: Visit Western Heritage Center, and walk to the nearby Pioneer Park\nCost: $400\nDay 2: Explore Billings\n- Accommodation); retrying in 6s
[RETRY] selfcheckgpt task=tp_nonsynth_mf3_000090 seed=0 attempt 3/5 failed (failed to obtain JSON after 3 attempts: could not parse JSON from model output:
{
  "final_output": "Here is a 9-day travel itinerary for 2 people from Salt Lake City to 3 unique cities in Montana:\nDay 1: Salt Lake City to Billings\n- Accommodations: Hotel Billings, where parties are permitted\n- Meals: Breakfast at Pancake Walk, Lunch at The Pig & The IMU, Dinner at Wise Wonders Science and Discovery Museum's private dinner by the garden\n- Attractions: Visit Western Heritage Center, and walk to the nearby Pioneer Park\nCost: $400\nDay 2: Explore Billings\n- Accommodation); retrying in 12s
[RETRY] selfcheckgpt task=tp_nonsynth_mf3_000090 seed=0 attempt 4/5 failed (failed to obtain JSON after 3 attempts: could not parse JSON from model output:
{
  "final_output": "Here is a 9-day travel itinerary for 2 people from Salt Lake City to 3 unique cities in Montana:\nDay 1: Salt Lake City to Billings\n- Accommodations: Hotel Billings, where parties are permitted\n- Meals: Breakfast at Pancake Walk, Lunch at The Pig & The IMU, Dinner at Wise Wonders Science and Discovery Museum's private dinner by the garden\n- Attractions: Visit Western Heritage Center, and walk to the nearby Pioneer Park\nCost: $400\nDay 2: Explore Billings\n- Accommodation); retrying in 24s
[ERROR] selfcheckgpt failed task=tp_nonsynth_mf3_000090 seed=0: failed to obtain JSON after 3 attempts: could not parse JSON from model output:
{
  "final_output": "Here is a 9-day travel itinerary for 2 people from Salt Lake City to 3 unique cities in Montana:\nDay 1: Salt Lake City to Billings\n- Accommodations: Hotel Billings, where parties are permitted\n- Meals: Breakfast at Pancake Walk, Lunch at The Pig & The IMU, Dinner at Wise Wonders Science and Discovery Museum's private dinner by the garden\n- Attractions: Visit Western Heritage Center, and walk to the nearby Pioneer Park\nCost: $400\nDay 2: Explore Billings\n- Accommodation
[RETRY] selfcheckgpt task=tp_nonsynth_mf3_000090 seed=1 attempt 1/5 failed (failed to obtain JSON after 3 attempts: could not parse JSON from model output:
{
  "final_output": "Day 1: March 16th, 2022\nAccommodation: Hilton Garden Inn Billings (cost:$120)\nMeals:\n  - Breakfast: The Bistro (cost:$15)\n  - Lunch: Texas Roadhouse (cost:$18)\n  - Dinner: Outback Steakhouse (cost:$25)\nAttractions:\n  - Yellowstone Art Museum (cost:$12)\nCost: $180\nDay 2: March 17th, 2022\nAccommodation: Hilton Garden Inn Billings\nMeals:\n  - Breakfast: Denny's (cost:$12)\n  - Lunch: Subway (cost:$10)\n  - Dinner: Olive Garden (cost:$20)\nAttractions:\n  - Riverfront); retrying in 3s
[RETRY] selfcheckgpt task=tp_nonsynth_mf3_000090 seed=1 attempt 2/5 failed (failed to obtain JSON after 3 attempts: could not parse JSON from model output:
{
  "final_output": "Day 1: March 16th, 2022\nAccommodation: Hilton Garden Inn Billings (cost:$120)\nMeals:\n  - Breakfast: The Bistro (cost:$15)\n  - Lunch: Texas Roadhouse (cost:$18)\n  - Dinner: Outback Steakhouse (cost:$25)\nAttractions:\n  - Yellowstone Art Museum (cost:$12)\nCost: $180\nDay 2: March 17th, 2022\nAccommodation: Hilton Garden Inn Billings\nMeals:\n  - Breakfast: Denny's (cost:$12)\n  - Lunch: Subway (cost:$10)\n  - Dinner: Olive Garden (cost:$20)\nAttractions:\n  - Riverfront); retrying in 6s
[RETRY] selfcheckgpt task=tp_nonsynth_mf3_000090 seed=1 attempt 3/5 failed (failed to obtain JSON after 3 attempts: could not parse JSON from model output:
{
  "final_output": "Day 1: March 16th, 2022\nAccommodation: Hilton Garden Inn Billings (cost:$120)\nMeals:\n  - Breakfast: The Bistro (cost:$15)\n  - Lunch: Texas Roadhouse (cost:$18)\n  - Dinner: Outback Steakhouse (cost:$25)\nAttractions:\n  - Yellowstone Art Museum (cost:$12)\nCost: $180\nDay 2: March 17th, 2022\nAccommodation: Hilton Garden Inn Billings\nMeals:\n  - Breakfast: Denny's (cost:$12)\n  - Lunch: Subway (cost:$10)\n  - Dinner: Olive Garden (cost:$20)\nAttractions:\n  - Riverfront); retrying in 12s
[RETRY] selfcheckgpt task=tp_nonsynth_mf3_000090 seed=1 attempt 4/5 failed (failed to obtain JSON after 3 attempts: could not parse JSON from model output:
{
  "final_output": "Day 1: March 16th, 2022\nAccommodation: Hilton Garden Inn Billings (cost:$120)\nMeals:\n  - Breakfast: The Bistro (cost:$15)\n  - Lunch: Texas Roadhouse (cost:$18)\n  - Dinner: Outback Steakhouse (cost:$25)\nAttractions:\n  - Yellowstone Art Museum (cost:$12)\nCost: $180\nDay 2: March 17th, 2022\nAccommodation: Hilton Garden Inn Billings\nMeals:\n  - Breakfast: Denny's (cost:$12)\n  - Lunch: Subway (cost:$10)\n  - Dinner: Olive Garden (cost:$20)\nAttractions:\n  - Riverfront); retrying in 24s
[ERROR] selfcheckgpt failed task=tp_nonsynth_mf3_000090 seed=1: failed to obtain JSON after 3 attempts: could not parse JSON from model output:
{
  "final_output": "Day 1: March 16th, 2022\nAccommodation: Hilton Garden Inn Billings (cost:$120)\nMeals:\n  - Breakfast: The Bistro (cost:$15)\n  - Lunch: Texas Roadhouse (cost:$18)\n  - Dinner: Outback Steakhouse (cost:$25)\nAttractions:\n  - Yellowstone Art Museum (cost:$12)\nCost: $180\nDay 2: March 17th, 2022\nAccommodation: Hilton Garden Inn Billings\nMeals:\n  - Breakfast: Denny's (cost:$12)\n  - Lunch: Subway (cost:$10)\n  - Dinner: Olive Garden (cost:$20)\nAttractions:\n  - Riverfront
  N=3 tp_nonsynth_mf3_000088 seed=0 arm=intro_specter level=hard: per_fault={'budget': False, 'days': True, 'cuisine': False} all_resolved=False n_resolved=1/3 tokens=(3971,1401)
  N=3 tp_nonsynth_mf3_000088 seed=1 arm=direct level=hard: per_fault={'budget': True, 'days': True, 'cuisine': False} all_resolved=False n_resolved=2/3 tokens=(1463,820)
  N=3 tp_nonsynth_mf3_000088 seed=1 arm=self_refine level=hard: per_fault={'budget': True, 'days': True, 'cuisine': False} all_resolved=False n_resolved=2/3 tokens=(3837,2202)
  N=3 tp_nonsynth_mf3_000088 seed=1 arm=full_regen level=hard: per_fault={'budget': False, 'days': True, 'cuisine': False} all_resolved=False n_resolved=1/3 tokens=(2946,1989)
  N=3 tp_nonsynth_mf3_000088 seed=1 arm=react level=hard: per_fault={'budget': False, 'days': False, 'cuisine': False} all_resolved=False n_resolved=0/3 tokens=(2979,1484)
  N=3 tp_nonsynth_mf3_000088 seed=1 arm=selfcheckgpt level=hard: per_fault={'budget': True, 'days': True, 'cuisine': False} all_resolved=False n_resolved=2/3 tokens=(11771,2565)
  N=3 tp_nonsynth_mf3_000088 seed=1 arm=reflexion level=hard: per_fault={'budget': True, 'days': True, 'cuisine': False} all_resolved=False n_resolved=2/3 tokens=(12276,3271)
  N=3 tp_nonsynth_mf3_000088 seed=1 arm=intro_specter level=hard: per_fault={'budget': False, 'days': True, 'cuisine': False} all_resolved=False n_resolved=1/3 tokens=(3971,1401)
  N=3 tp_nonsynth_mf3_000088 seed=2 arm=direct level=hard: per_fault={'budget': True, 'days': True, 'cuisine': False} all_resolved=False n_resolved=2/3 tokens=(1463,727)
  N=3 tp_nonsynth_mf3_000088 seed=2 arm=self_refine level=hard: per_fault={'budget': True, 'days': True, 'cuisine': False} all_resolved=False n_resolved=2/3 tokens=(3744,1666)
  N=3 tp_nonsynth_mf3_000088 seed=2 arm=full_regen level=hard: per_fault={'budget': False, 'days': True, 'cuisine': False} all_resolved=False n_resolved=1/3 tokens=(2946,2486)
  N=3 tp_nonsynth_mf3_000088 seed=2 arm=react level=hard: per_fault={'budget': True, 'days': True, 'cuisine': False} all_resolved=False n_resolved=2/3 tokens=(2979,1691)
  N=3 tp_nonsynth_mf3_000088 seed=2 arm=selfcheckgpt level=hard: per_fault={'budget': True, 'days': True, 'cuisine': False} all_resolved=False n_resolved=2/3 tokens=(18483,2896)
  N=3 tp_nonsynth_mf3_000088 seed=2 arm=reflexion level=hard: per_fault={'budget': True, 'days': True, 'cuisine': False} all_resolved=False n_resolved=2/3 tokens=(11725,2659)
  N=3 tp_nonsynth_mf3_000088 seed=2 arm=intro_specter level=hard: per_fault={'budget': True, 'days': True, 'cuisine': False} all_resolved=False n_resolved=2/3 tokens=(3914,1242)
  N=3 tp_nonsynth_mf3_000089 seed=0 arm=direct level=medium: per_fault={'budget': True, 'days': True, 'house_rule': True} all_resolved=True n_resolved=3/3 tokens=(1393,1079)
  N=3 tp_nonsynth_mf3_000089 seed=0 arm=self_refine level=medium: per_fault={'budget': True, 'days': True, 'house_rule': True} all_resolved=True n_resolved=3/3 tokens=(3936,2408)
  N=3 tp_nonsynth_mf3_000089 seed=0 arm=full_regen level=medium: per_fault={'budget': True, 'days': True, 'house_rule': True} all_resolved=True n_resolved=3/3 tokens=(2786,2364)
  N=3 tp_nonsynth_mf3_000089 seed=0 arm=react level=medium: per_fault={'budget': True, 'days': True, 'house_rule': True} all_resolved=True n_resolved=3/3 tokens=(2859,4019)
  N=3 tp_nonsynth_mf3_000089 seed=0 arm=reflexion level=medium: per_fault={'budget': True, 'days': True, 'house_rule': True} all_resolved=True n_resolved=3/3 tokens=(1393,1079)
  N=3 tp_nonsynth_mf3_000089 seed=0 arm=intro_specter level=medium: per_fault={'budget': True, 'days': True, 'house_rule': True} all_resolved=True n_resolved=3/3 tokens=(4126,1663)
  N=3 tp_nonsynth_mf3_000089 seed=1 arm=direct level=medium: per_fault={'budget': True, 'days': True, 'house_rule': True} all_resolved=True n_resolved=3/3 tokens=(1393,1079)
  N=3 tp_nonsynth_mf3_000089 seed=1 arm=self_refine level=medium: per_fault={'budget': True, 'days': True, 'house_rule': True} all_resolved=True n_resolved=3/3 tokens=(3936,2408)
  N=3 tp_nonsynth_mf3_000089 seed=1 arm=full_regen level=medium: per_fault={'budget': False, 'days': True, 'house_rule': True} all_resolved=False n_resolved=2/3 tokens=(2806,2563)
  N=3 tp_nonsynth_mf3_000089 seed=1 arm=react level=medium: per_fault={'budget': True, 'days': True, 'house_rule': True} all_resolved=True n_resolved=3/3 tokens=(2859,4019)
  N=3 tp_nonsynth_mf3_000089 seed=1 arm=reflexion level=medium: per_fault={'budget': True, 'days': True, 'house_rule': True} all_resolved=True n_resolved=3/3 tokens=(1393,1079)
  N=3 tp_nonsynth_mf3_000089 seed=1 arm=intro_specter level=medium: per_fault={'budget': True, 'days': True, 'house_rule': True} all_resolved=True n_resolved=3/3 tokens=(4126,1663)
  N=3 tp_nonsynth_mf3_000089 seed=2 arm=direct level=medium: per_fault={'budget': True, 'days': True, 'house_rule': True} all_resolved=True n_resolved=3/3 tokens=(1413,1756)
  N=3 tp_nonsynth_mf3_000089 seed=2 arm=self_refine level=medium: per_fault={'budget': True, 'days': True, 'house_rule': True} all_resolved=True n_resolved=3/3 tokens=(4989,3654)
  N=3 tp_nonsynth_mf3_000089 seed=2 arm=full_regen level=medium: per_fault={'budget': True, 'days': True, 'house_rule': True} all_resolved=True n_resolved=3/3 tokens=(2806,4408)
  N=3 tp_nonsynth_mf3_000089 seed=2 arm=react level=medium: per_fault={'budget': True, 'days': True, 'house_rule': True} all_resolved=True n_resolved=3/3 tokens=(2859,3645)
  N=3 tp_nonsynth_mf3_000089 seed=2 arm=reflexion level=medium: per_fault={'budget': True, 'days': True, 'house_rule': True} all_resolved=True n_resolved=3/3 tokens=(1413,1756)
  N=3 tp_nonsynth_mf3_000089 seed=2 arm=intro_specter level=medium: per_fault={'budget': True, 'days': True, 'house_rule': True} all_resolved=True n_resolved=3/3 tokens=(5123,2289)
  N=3 tp_nonsynth_mf3_000090 seed=0 arm=direct level=hard: per_fault={'budget': True, 'days': True, 'cuisine': False} all_resolved=False n_resolved=2/3 tokens=(1769,1066)
  N=3 tp_nonsynth_mf3_000090 seed=0 arm=self_refine level=hard: per_fault={'budget': True, 'days': True, 'cuisine': False} all_resolved=False n_resolved=2/3 tokens=(4745,2416)
  N=3 tp_nonsynth_mf3_000090 seed=0 arm=full_regen level=hard: per_fault={'budget': False, 'days': True, 'cuisine': False} all_resolved=False n_resolved=1/3 tokens=(3502,2452)
  N=3 tp_nonsynth_mf3_000090 seed=0 arm=react level=hard: per_fault={'budget': True, 'days': True, 'cuisine': False} all_resolved=False n_resolved=2/3 tokens=(3555,2319)
  N=3 tp_nonsynth_mf3_000090 seed=0 arm=reflexion level=hard: per_fault={'budget': True, 'days': True, 'cuisine': True} all_resolved=True n_resolved=3/3 tokens=(15175,3757)
  N=3 tp_nonsynth_mf3_000090 seed=0 arm=intro_specter level=hard: per_fault={'budget': True, 'days': True, 'cuisine': False} all_resolved=False n_resolved=2/3 tokens=(4919,2218)
  N=3 tp_nonsynth_mf3_000090 seed=1 arm=direct level=hard: per_fault={'budget': True, 'days': True, 'cuisine': False} all_resolved=False n_resolved=2/3 tokens=(1769,1066)
  N=3 tp_nonsynth_mf3_000090 seed=1 arm=self_refine level=hard: per_fault={'budget': True, 'days': True, 'cuisine': False} all_resolved=False n_resolved=2/3 tokens=(4745,2416)
  N=3 tp_nonsynth_mf3_000090 seed=1 arm=full_regen level=hard: per_fault={'budget': False, 'days': True, 'cuisine': False} all_resolved=False n_resolved=1/3 tokens=(3522,2945)
  N=3 tp_nonsynth_mf3_000090 seed=1 arm=react level=hard: per_fault={'budget': True, 'days': True, 'cuisine': False} all_resolved=False n_resolved=2/3 tokens=(3555,2319)
  N=3 tp_nonsynth_mf3_000090 seed=1 arm=reflexion level=hard: per_fault={'budget': True, 'days': True, 'cuisine': True} all_resolved=True n_resolved=3/3 tokens=(15175,3757)
  N=3 tp_nonsynth_mf3_000090 seed=1 arm=intro_specter level=hard: per_fault={'budget': True, 'days': True, 'cuisine': False} all_resolved=False n_resolved=2/3 tokens=(4919,2218)
  N=3 tp_nonsynth_mf3_000090 seed=2 arm=direct level=hard: per_fault={'budget': True, 'days': True, 'cuisine': False} all_resolved=False n_resolved=2/3 tokens=(1753,1120)
[RETRY] selfcheckgpt task=tp_nonsynth_mf3_000090 seed=2 attempt 1/5 failed (failed to obtain JSON after 3 attempts: could not parse JSON from model output:
{
  "final_output": "Day 1: March 16th, 2022\nAccommodation: DoubleTree by Hilton Hotel & Suites West March Showcases Night Parkirin, (Budget $250)\nMeals: Breakfast - McAlpin's, Dinner - Skelly's Bar & Grill (Cost $40)\nAttractions: Visit Western Heritage Center (cost $0)\nTransportation: Taxi (Cost $65)\nDay 2: March 17th, 2022\nAccommodation: SpringHill Suites by Marriott Billings, (Budget $200)\nMeals: Breakfast - Poro & Grillmouth Reef Lotto Main[/ Thirty, Lunch - Capitol Food, Dinner - Pur); retrying in 3s
[RETRY] selfcheckgpt task=tp_nonsynth_mf3_000090 seed=2 attempt 2/5 failed (failed to obtain JSON after 3 attempts: could not parse JSON from model output:
{
  "final_output": "Day 1: March 16th, 2022\nAccommodation: DoubleTree by Hilton Hotel & Suites West March Showcases Night Parkirin, (Budget $250)\nMeals: Breakfast - McAlpin's, Dinner - Skelly's Bar & Grill (Cost $40)\nAttractions: Visit Western Heritage Center (cost $0)\nTransportation: Taxi (Cost $65)\nDay 2: March 17th, 2022\nAccommodation: SpringHill Suites by Marriott Billings, (Budget $200)\nMeals: Breakfast - Poro & Grillmouth Reef Lotto Main[/ Thirty, Lunch - Capitol Food, Dinner - Pur); retrying in 6s
[RETRY] selfcheckgpt task=tp_nonsynth_mf3_000090 seed=2 attempt 3/5 failed (failed to obtain JSON after 3 attempts: could not parse JSON from model output:
{
  "final_output": "Day 1: March 16th, 2022\nAccommodation: DoubleTree by Hilton Hotel & Suites West March Showcases Night Parkirin, (Budget $250)\nMeals: Breakfast - McAlpin's, Dinner - Skelly's Bar & Grill (Cost $40)\nAttractions: Visit Western Heritage Center (cost $0)\nTransportation: Taxi (Cost $65)\nDay 2: March 17th, 2022\nAccommodation: SpringHill Suites by Marriott Billings, (Budget $200)\nMeals: Breakfast - Poro & Grillmouth Reef Lotto Main[/ Thirty, Lunch - Capitol Food, Dinner - Pur); retrying in 12s
[RETRY] selfcheckgpt task=tp_nonsynth_mf3_000090 seed=2 attempt 4/5 failed (failed to obtain JSON after 3 attempts: could not parse JSON from model output:
{
  "final_output": "Day 1: March 16th, 2022\nAccommodation: DoubleTree by Hilton Hotel & Suites West March Showcases Night Parkirin, (Budget $250)\nMeals: Breakfast - McAlpin's, Dinner - Skelly's Bar & Grill (Cost $40)\nAttractions: Visit Western Heritage Center (cost $0)\nTransportation: Taxi (Cost $65)\nDay 2: March 17th, 2022\nAccommodation: SpringHill Suites by Marriott Billings, (Budget $200)\nMeals: Breakfast - Poro & Grillmouth Reef Lotto Main[/ Thirty, Lunch - Capitol Food, Dinner - Pur); retrying in 24s
[ERROR] selfcheckgpt failed task=tp_nonsynth_mf3_000090 seed=2: failed to obtain JSON after 3 attempts: could not parse JSON from model output:
{
  "final_output": "Day 1: March 16th, 2022\nAccommodation: DoubleTree by Hilton Hotel & Suites West March Showcases Night Parkirin, (Budget $250)\nMeals: Breakfast - McAlpin's, Dinner - Skelly's Bar & Grill (Cost $40)\nAttractions: Visit Western Heritage Center (cost $0)\nTransportation: Taxi (Cost $65)\nDay 2: March 17th, 2022\nAccommodation: SpringHill Suites by Marriott Billings, (Budget $200)\nMeals: Breakfast - Poro & Grillmouth Reef Lotto Main[/ Thirty, Lunch - Capitol Food, Dinner - Pur
[RETRY] selfcheckgpt task=tp_nonsynth_mf3_000091 seed=0 attempt 1/5 failed (failed to obtain JSON after 3 attempts: could not parse JSON from model output:
{
  "final_output": "Here is a 7-day travel plan for two people, starting in Tulsa and visiting three different cities in Missouri from March 14th till March 20th, 2022.\n\nDay 1 (March 14th): Tulsa to Kansas City\nAccommodation: Kansas City Zoo & Aquarium Hotel (cost: $120)\nMeals: Breakfast at The Cheesecake Factory, Lunch at Joe's Kansas City BBQ, Dinner at The American Restaurant\nAttractions: Visit the National WWI Museum and Memorial, National Museum of Toys and Miniatures, and the SEA LIF); retrying in 3s
[RETRY] selfcheckgpt task=tp_nonsynth_mf3_000091 seed=0 attempt 2/5 failed (failed to obtain JSON after 3 attempts: could not parse JSON from model output:
{
  "final_output": "Here is a 7-day travel plan for two people, starting in Tulsa and visiting three different cities in Missouri from March 14th till March 20th, 2022.\n\nDay 1 (March 14th): Tulsa to Kansas City\nAccommodation: Kansas City Zoo & Aquarium Hotel (cost: $120)\nMeals: Breakfast at The Cheesecake Factory, Lunch at Joe's Kansas City BBQ, Dinner at The American Restaurant\nAttractions: Visit the National WWI Museum and Memorial, National Museum of Toys and Miniatures, and the SEA LIF); retrying in 6s
[RETRY] selfcheckgpt task=tp_nonsynth_mf3_000091 seed=0 attempt 3/5 failed (failed to obtain JSON after 3 attempts: could not parse JSON from model output:
{
  "final_output": "Here is a 7-day travel plan for two people, starting in Tulsa and visiting three different cities in Missouri from March 14th till March 20th, 2022.\n\nDay 1 (March 14th): Tulsa to Kansas City\nAccommodation: Kansas City Zoo & Aquarium Hotel (cost: $120)\nMeals: Breakfast at The Cheesecake Factory, Lunch at Joe's Kansas City BBQ, Dinner at The American Restaurant\nAttractions: Visit the National WWI Museum and Memorial, National Museum of Toys and Miniatures, and the SEA LIF); retrying in 12s
[RETRY] selfcheckgpt task=tp_nonsynth_mf3_000091 seed=0 attempt 4/5 failed (failed to obtain JSON after 3 attempts: could not parse JSON from model output:
{
  "final_output": "Here is a 7-day travel plan for two people, starting in Tulsa and visiting three different cities in Missouri from March 14th till March 20th, 2022.\n\nDay 1 (March 14th): Tulsa to Kansas City\nAccommodation: Kansas City Zoo & Aquarium Hotel (cost: $120)\nMeals: Breakfast at The Cheesecake Factory, Lunch at Joe's Kansas City BBQ, Dinner at The American Restaurant\nAttractions: Visit the National WWI Museum and Memorial, National Museum of Toys and Miniatures, and the SEA LIF); retrying in 24s
[ERROR] selfcheckgpt failed task=tp_nonsynth_mf3_000091 seed=0: failed to obtain JSON after 3 attempts: could not parse JSON from model output:
{
  "final_output": "Here is a 7-day travel plan for two people, starting in Tulsa and visiting three different cities in Missouri from March 14th till March 20th, 2022.\n\nDay 1 (March 14th): Tulsa to Kansas City\nAccommodation: Kansas City Zoo & Aquarium Hotel (cost: $120)\nMeals: Breakfast at The Cheesecake Factory, Lunch at Joe's Kansas City BBQ, Dinner at The American Restaurant\nAttractions: Visit the National WWI Museum and Memorial, National Museum of Toys and Miniatures, and the SEA LIF
[RETRY] selfcheckgpt task=tp_nonsynth_mf3_000091 seed=1 attempt 1/5 failed (failed to obtain JSON after 3 attempts: could not parse JSON from model output:
{
  "final_output": "Day 1: March 14th, 2022\nAccommodation: Private room at a hotel in Tulsa, $200\nMeals: Breakfast at a local café, $15; Lunch at a restaurant, $20; Dinner at a restaurant, $30\nAttractions: None\nCost: $295\n\nDay 2: March 15th, 2022\nAccommodation: Private room at a hotel in Kansas City, $250\nMeals: Breakfast at a local café, $15; Lunch at a restaurant, $20; Dinner at a restaurant, $30\nAttractions: Visit to the Science City, $20\nCost: $315\n\nDay 3: March 16th, 2022\nAcco); retrying in 3s
[RETRY] selfcheckgpt task=tp_nonsynth_mf3_000091 seed=1 attempt 2/5 failed (failed to obtain JSON after 3 attempts: could not parse JSON from model output:
{
  "final_output": "Day 1: March 14th, 2022\nAccommodation: Private room at a hotel in Tulsa, $200\nMeals: Breakfast at a local café, $15; Lunch at a restaurant, $20; Dinner at a restaurant, $30\nAttractions: None\nCost: $295\n\nDay 2: March 15th, 2022\nAccommodation: Private room at a hotel in Kansas City, $250\nMeals: Breakfast at a local café, $15; Lunch at a restaurant, $20; Dinner at a restaurant, $30\nAttractions: Visit to the Science City, $20\nCost: $315\n\nDay 3: March 16th, 2022\nAcco); retrying in 6s
[RETRY] selfcheckgpt task=tp_nonsynth_mf3_000091 seed=1 attempt 3/5 failed (failed to obtain JSON after 3 attempts: could not parse JSON from model output:
{
  "final_output": "Day 1: March 14th, 2022\nAccommodation: Private room at a hotel in Tulsa, $200\nMeals: Breakfast at a local café, $15; Lunch at a restaurant, $20; Dinner at a restaurant, $30\nAttractions: None\nCost: $295\n\nDay 2: March 15th, 2022\nAccommodation: Private room at a hotel in Kansas City, $250\nMeals: Breakfast at a local café, $15; Lunch at a restaurant, $20; Dinner at a restaurant, $30\nAttractions: Visit to the Science City, $20\nCost: $315\n\nDay 3: March 16th, 2022\nAcco); retrying in 12s
[RETRY] selfcheckgpt task=tp_nonsynth_mf3_000091 seed=1 attempt 4/5 failed (failed to obtain JSON after 3 attempts: could not parse JSON from model output:
{
  "final_output": "Day 1: March 14th, 2022\nAccommodation: Private room at a hotel in Tulsa, $200\nMeals: Breakfast at a local café, $15; Lunch at a restaurant, $20; Dinner at a restaurant, $30\nAttractions: None\nCost: $295\n\nDay 2: March 15th, 2022\nAccommodation: Private room at a hotel in Kansas City, $250\nMeals: Breakfast at a local café, $15; Lunch at a restaurant, $20; Dinner at a restaurant, $30\nAttractions: Visit to the Science City, $20\nCost: $315\n\nDay 3: March 16th, 2022\nAcco); retrying in 24s
[ERROR] selfcheckgpt failed task=tp_nonsynth_mf3_000091 seed=1: failed to obtain JSON after 3 attempts: could not parse JSON from model output:
{
  "final_output": "Day 1: March 14th, 2022\nAccommodation: Private room at a hotel in Tulsa, $200\nMeals: Breakfast at a local café, $15; Lunch at a restaurant, $20; Dinner at a restaurant, $30\nAttractions: None\nCost: $295\n\nDay 2: March 15th, 2022\nAccommodation: Private room at a hotel in Kansas City, $250\nMeals: Breakfast at a local café, $15; Lunch at a restaurant, $20; Dinner at a restaurant, $30\nAttractions: Visit to the Science City, $20\nCost: $315\n\nDay 3: March 16th, 2022\nAcco
[RETRY] selfcheckgpt task=tp_nonsynth_mf3_000091 seed=2 attempt 1/5 failed (failed to obtain JSON after 3 attempts: could not parse JSON from model output:
{
  "final_output": {
    "day1": {
      "accommodation": "Private room at the La Quinta by Wyndham Kansas City Airport with King bed.",
      "meal": {
        "breakfast": "At the hotel, breakfast cost: $100 per couple.",
        "lunch": "At the hotel, lunch cost: $120 per couple.",
        "dinner": "Dinner at Longbranch Steakhouse, cost: $180 per couple.",
        "attractions": [
          "Science City, cost: $40 per couple.",
          "Kansas City Zoo & Aquarium, cost: $80 per couple."); retrying in 3s
[RETRY] selfcheckgpt task=tp_nonsynth_mf3_000091 seed=2 attempt 2/5 failed (failed to obtain JSON after 3 attempts: could not parse JSON from model output:
{
  "final_output": {
    "day1": {
      "accommodation": "Private room at the La Quinta by Wyndham Kansas City Airport with King bed.",
      "meal": {
        "breakfast": "At the hotel, breakfast cost: $100 per couple.",
        "lunch": "At the hotel, lunch cost: $120 per couple.",
        "dinner": "Dinner at Longbranch Steakhouse, cost: $180 per couple.",
        "attractions": [
          "Science City, cost: $40 per couple.",
          "Kansas City Zoo & Aquarium, cost: $80 per couple."); retrying in 6s
[RETRY] selfcheckgpt task=tp_nonsynth_mf3_000091 seed=2 attempt 3/5 failed (failed to obtain JSON after 3 attempts: could not parse JSON from model output:
{
  "final_output": {
    "day1": {
      "accommodation": "Private room at the La Quinta by Wyndham Kansas City Airport with King bed.",
      "meal": {
        "breakfast": "At the hotel, breakfast cost: $100 per couple.",
        "lunch": "At the hotel, lunch cost: $120 per couple.",
        "dinner": "Dinner at Longbranch Steakhouse, cost: $180 per couple.",
        "attractions": [
          "Science City, cost: $40 per couple.",
          "Kansas City Zoo & Aquarium, cost: $80 per couple."); retrying in 12s
[RETRY] selfcheckgpt task=tp_nonsynth_mf3_000091 seed=2 attempt 4/5 failed (failed to obtain JSON after 3 attempts: could not parse JSON from model output:
{
  "final_output": {
    "day1": {
      "accommodation": "Private room at the La Quinta by Wyndham Kansas City Airport with King bed.",
      "meal": {
        "breakfast": "At the hotel, breakfast cost: $100 per couple.",
        "lunch": "At the hotel, lunch cost: $120 per couple.",
        "dinner": "Dinner at Longbranch Steakhouse, cost: $180 per couple.",
        "attractions": [
          "Science City, cost: $40 per couple.",
          "Kansas City Zoo & Aquarium, cost: $80 per couple."); retrying in 24s
[ERROR] selfcheckgpt failed task=tp_nonsynth_mf3_000091 seed=2: failed to obtain JSON after 3 attempts: could not parse JSON from model output:
{
  "final_output": {
    "day1": {
      "accommodation": "Private room at the La Quinta by Wyndham Kansas City Airport with King bed.",
      "meal": {
        "breakfast": "At the hotel, breakfast cost: $100 per couple.",
        "lunch": "At the hotel, lunch cost: $120 per couple.",
        "dinner": "Dinner at Longbranch Steakhouse, cost: $180 per couple.",
        "attractions": [
          "Science City, cost: $40 per couple.",
          "Kansas City Zoo & Aquarium, cost: $80 per couple."
[RETRY] selfcheckgpt task=tp_nonsynth_mf3_000092 seed=0 attempt 1/5 failed (failed to obtain JSON after 3 attempts: could not parse JSON from model output:
{
  "final_output": "{\n  \"Day 1 (March 14):\"\n  {\n    \"Accommodation\": \"The Coachman Inn ($220)\",\n    \"Meals\": \"Dinner at Spring Lake Park Restaurant; Breakfast at Texarkana Main Noodle Restaurant; Lunch at Texarkana Good American Grocery Store\"\n  },\n  \"Day 2 (March 15):\"\n  {\n    \"Accommodation\": \"Holiday Inn Express Texarkana ($230)\",\n    \"Meals\": \"Dinner at Texarkana Drive Burger; Breakfast at Westside Diner; Lunch at Arnold's Coffee Pot\"\n  },\n  \"Day 3 (March 16)); retrying in 3s
[RETRY] selfcheckgpt task=tp_nonsynth_mf3_000092 seed=0 attempt 2/5 failed (failed to obtain JSON after 3 attempts: could not parse JSON from model output:
{
  "final_output": "{\n  \"Day 1 (March 14):\"\n  {\n    \"Accommodation\": \"The Coachman Inn ($220)\",\n    \"Meals\": \"Dinner at Spring Lake Park Restaurant; Breakfast at Texarkana Main Noodle Restaurant; Lunch at Texarkana Good American Grocery Store\"\n  },\n  \"Day 2 (March 15):\"\n  {\n    \"Accommodation\": \"Holiday Inn Express Texarkana ($230)\",\n    \"Meals\": \"Dinner at Texarkana Drive Burger; Breakfast at Westside Diner; Lunch at Arnold's Coffee Pot\"\n  },\n  \"Day 3 (March 16)); retrying in 6s
[RETRY] selfcheckgpt task=tp_nonsynth_mf3_000092 seed=0 attempt 3/5 failed (failed to obtain JSON after 3 attempts: could not parse JSON from model output:
{
  "final_output": "{\n  \"Day 1 (March 14):\"\n  {\n    \"Accommodation\": \"The Coachman Inn ($220)\",\n    \"Meals\": \"Dinner at Spring Lake Park Restaurant; Breakfast at Texarkana Main Noodle Restaurant; Lunch at Texarkana Good American Grocery Store\"\n  },\n  \"Day 2 (March 15):\"\n  {\n    \"Accommodation\": \"Holiday Inn Express Texarkana ($230)\",\n    \"Meals\": \"Dinner at Texarkana Drive Burger; Breakfast at Westside Diner; Lunch at Arnold's Coffee Pot\"\n  },\n  \"Day 3 (March 16)); retrying in 12s
[RETRY] selfcheckgpt task=tp_nonsynth_mf3_000092 seed=0 attempt 4/5 failed (failed to obtain JSON after 3 attempts: could not parse JSON from model output:
{
  "final_output": "{\n  \"Day 1 (March 14):\"\n  {\n    \"Accommodation\": \"The Coachman Inn ($220)\",\n    \"Meals\": \"Dinner at Spring Lake Park Restaurant; Breakfast at Texarkana Main Noodle Restaurant; Lunch at Texarkana Good American Grocery Store\"\n  },\n  \"Day 2 (March 15):\"\n  {\n    \"Accommodation\": \"Holiday Inn Express Texarkana ($230)\",\n    \"Meals\": \"Dinner at Texarkana Drive Burger; Breakfast at Westside Diner; Lunch at Arnold's Coffee Pot\"\n  },\n  \"Day 3 (March 16)); retrying in 24s
[ERROR] selfcheckgpt failed task=tp_nonsynth_mf3_000092 seed=0: failed to obtain JSON after 3 attempts: could not parse JSON from model output:
{
  "final_output": "{\n  \"Day 1 (March 14):\"\n  {\n    \"Accommodation\": \"The Coachman Inn ($220)\",\n    \"Meals\": \"Dinner at Spring Lake Park Restaurant; Breakfast at Texarkana Main Noodle Restaurant; Lunch at Texarkana Good American Grocery Store\"\n  },\n  \"Day 2 (March 15):\"\n  {\n    \"Accommodation\": \"Holiday Inn Express Texarkana ($230)\",\n    \"Meals\": \"Dinner at Texarkana Drive Burger; Breakfast at Westside Diner; Lunch at Arnold's Coffee Pot\"\n  },\n  \"Day 3 (March 16)
  N=3 tp_nonsynth_mf3_000090 seed=2 arm=self_refine level=hard: per_fault={'budget': True, 'days': True, 'cuisine': False} all_resolved=False n_resolved=2/3 tokens=(4818,2634)
  N=3 tp_nonsynth_mf3_000090 seed=2 arm=full_regen level=hard: per_fault={'budget': False, 'days': True, 'cuisine': False} all_resolved=False n_resolved=1/3 tokens=(3486,2982)
  N=3 tp_nonsynth_mf3_000090 seed=2 arm=react level=hard: per_fault={'budget': True, 'days': True, 'cuisine': False} all_resolved=False n_resolved=2/3 tokens=(3539,2139)
  N=3 tp_nonsynth_mf3_000090 seed=2 arm=reflexion level=hard: per_fault={'budget': True, 'days': True, 'cuisine': False} all_resolved=False n_resolved=2/3 tokens=(15647,4165)
  N=3 tp_nonsynth_mf3_000090 seed=2 arm=intro_specter level=hard: per_fault={'budget': True, 'days': False, 'cuisine': False} all_resolved=False n_resolved=1/3 tokens=(4936,2088)
  N=3 tp_nonsynth_mf3_000091 seed=0 arm=direct level=medium: per_fault={'budget': False, 'days': True, 'room_type': True} all_resolved=False n_resolved=2/3 tokens=(1386,2791)
  N=3 tp_nonsynth_mf3_000091 seed=0 arm=self_refine level=medium: per_fault={'budget': True, 'days': True, 'room_type': True} all_resolved=True n_resolved=3/3 tokens=(6406,6437)
  N=3 tp_nonsynth_mf3_000091 seed=0 arm=full_regen level=medium: per_fault={'budget': False, 'days': False, 'room_type': True} all_resolved=False n_resolved=1/3 tokens=(2752,3791)
  N=3 tp_nonsynth_mf3_000091 seed=0 arm=react level=medium: per_fault={'budget': False, 'days': True, 'room_type': False} all_resolved=False n_resolved=1/3 tokens=(2825,4458)
  N=3 tp_nonsynth_mf3_000091 seed=0 arm=reflexion level=medium: per_fault={'budget': False, 'days': True, 'room_type': True} all_resolved=False n_resolved=2/3 tokens=(25203,10202)
  N=3 tp_nonsynth_mf3_000091 seed=0 arm=intro_specter level=medium: per_fault={'budget': True, 'days': True, 'room_type': True} all_resolved=True n_resolved=3/3 tokens=(6524,4306)
  N=3 tp_nonsynth_mf3_000091 seed=1 arm=direct level=medium: per_fault={'budget': False, 'days': True, 'room_type': True} all_resolved=False n_resolved=2/3 tokens=(1386,2791)
  N=3 tp_nonsynth_mf3_000091 seed=1 arm=self_refine level=medium: per_fault={'budget': True, 'days': True, 'room_type': True} all_resolved=True n_resolved=3/3 tokens=(6406,6437)
  N=3 tp_nonsynth_mf3_000091 seed=1 arm=full_regen level=medium: per_fault={'budget': True, 'days': True, 'room_type': True} all_resolved=True n_resolved=3/3 tokens=(2772,3466)
  N=3 tp_nonsynth_mf3_000091 seed=1 arm=react level=medium: per_fault={'budget': False, 'days': True, 'room_type': False} all_resolved=False n_resolved=1/3 tokens=(2825,4458)
  N=3 tp_nonsynth_mf3_000091 seed=1 arm=reflexion level=medium: per_fault={'budget': False, 'days': True, 'room_type': True} all_resolved=False n_resolved=2/3 tokens=(25203,10202)
  N=3 tp_nonsynth_mf3_000091 seed=1 arm=intro_specter level=medium: per_fault={'budget': True, 'days': True, 'room_type': True} all_resolved=True n_resolved=3/3 tokens=(6524,4306)
  N=3 tp_nonsynth_mf3_000091 seed=2 arm=direct level=medium: per_fault={'budget': True, 'days': True, 'room_type': True} all_resolved=True n_resolved=3/3 tokens=(1366,873)
  N=3 tp_nonsynth_mf3_000091 seed=2 arm=self_refine level=medium: per_fault={'budget': False, 'days': True, 'room_type': True} all_resolved=False n_resolved=2/3 tokens=(3697,2029)
  N=3 tp_nonsynth_mf3_000091 seed=2 arm=full_regen level=medium: per_fault={'budget': True, 'days': True, 'room_type': True} all_resolved=True n_resolved=3/3 tokens=(2752,2757)
  N=3 tp_nonsynth_mf3_000091 seed=2 arm=react level=medium: per_fault={'budget': False, 'days': False, 'room_type': False} all_resolved=False n_resolved=0/3 tokens=(2805,2199)
  N=3 tp_nonsynth_mf3_000091 seed=2 arm=reflexion level=medium: per_fault={'budget': True, 'days': True, 'room_type': True} all_resolved=True n_resolved=3/3 tokens=(1366,873)
  N=3 tp_nonsynth_mf3_000091 seed=2 arm=intro_specter level=medium: per_fault={'budget': True, 'days': True, 'room_type': True} all_resolved=True n_resolved=3/3 tokens=(3871,1380)
  N=3 tp_nonsynth_mf3_000092 seed=0 arm=direct level=medium: per_fault={'budget': False, 'days': True, 'house_rule': True} all_resolved=False n_resolved=2/3 tokens=(1404,1253)
  N=3 tp_nonsynth_mf3_000092 seed=0 arm=self_refine level=medium: per_fault={'budget': False, 'days': True, 'house_rule': True} all_resolved=False n_resolved=2/3 tokens=(4196,2801)
  N=3 tp_nonsynth_mf3_000092 seed=0 arm=full_regen level=medium: per_fault={'budget': False, 'days': True, 'house_rule': False} all_resolved=False n_resolved=1/3 tokens=(2808,2197)
  N=3 tp_nonsynth_mf3_000092 seed=0 arm=react level=medium: per_fault={'budget': True, 'days': True, 'house_rule': True} all_resolved=True n_resolved=3/3 tokens=(2841,2323)
  N=3 tp_nonsynth_mf3_000092 seed=0 arm=reflexion level=medium: per_fault={'budget': True, 'days': True, 'house_rule': True} all_resolved=True n_resolved=3/3 tokens=(7071,2787)
  N=3 tp_nonsynth_mf3_000092 seed=0 arm=intro_specter level=medium: per_fault={'budget': False, 'days': False, 'house_rule': True} all_resolved=False n_resolved=1/3 tokens=(4370,2211)
  N=3 tp_nonsynth_mf3_000092 seed=1 arm=direct level=medium: per_fault={'budget': False, 'days': True, 'house_rule': True} all_resolved=False n_resolved=2/3 tokens=(1404,1253)
  N=3 tp_nonsynth_mf3_000092 seed=1 arm=self_refine level=medium: per_fault={'budget': False, 'days': True, 'house_rule': True} all_resolved=False n_resolved=2/3 tokens=(4196,2801)
  N=3 tp_nonsynth_mf3_000092 seed=1 arm=full_regen level=medium: per_fault={'budget': False, 'days': True, 'house_rule': True} all_resolved=False n_resolved=2/3 tokens=(2808,1991)
  N=3 tp_nonsynth_mf3_000092 seed=1 arm=react level=medium: per_fault={'budget': True, 'days': True, 'house_rule': True} all_resolved=True n_resolved=3/3 tokens=(2841,2323)
  N=3 tp_nonsynth_mf3_000092 seed=1 arm=selfcheckgpt level=medium: per_fault={'budget': False, 'days': True, 'house_rule': True} all_resolved=False n_resolved=2/3 tokens=(11820,3485)
  N=3 tp_nonsynth_mf3_000092 seed=1 arm=reflexion level=medium: per_fault={'budget': True, 'days': True, 'house_rule': True} all_resolved=True n_resolved=3/3 tokens=(7071,2787)
  N=3 tp_nonsynth_mf3_000092 seed=1 arm=intro_specter level=medium: per_fault={'budget': False, 'days': False, 'house_rule': True} all_resolved=False n_resolved=1/3 tokens=(4370,2211)
  N=3 tp_nonsynth_mf3_000092 seed=2 arm=direct level=medium: per_fault={'budget': True, 'days': True, 'house_rule': True} all_resolved=True n_resolved=3/3 tokens=(1384,1638)
  N=3 tp_nonsynth_mf3_000092 seed=2 arm=self_refine level=medium: per_fault={'budget': True, 'days': True, 'house_rule': True} all_resolved=True n_resolved=3/3 tokens=(4771,3750)
  N=3 tp_nonsynth_mf3_000092 seed=2 arm=full_regen level=medium: per_fault={'budget': False, 'days': True, 'house_rule': True} all_resolved=False n_resolved=2/3 tokens=(2788,2632)
  N=3 tp_nonsynth_mf3_000092 seed=2 arm=react level=medium: per_fault={'budget': False, 'days': True, 'house_rule': True} all_resolved=False n_resolved=2/3 tokens=(2821,2500)
  N=3 tp_nonsynth_mf3_000092 seed=2 arm=selfcheckgpt level=medium: per_fault={'budget': True, 'days': True, 'house_rule': True} all_resolved=True n_resolved=3/3 tokens=(21809,4195)
  N=3 tp_nonsynth_mf3_000092 seed=2 arm=reflexion level=medium: per_fault={'budget': True, 'days': True, 'house_rule': True} all_resolved=True n_resolved=3/3 tokens=(1384,1638)
  N=3 tp_nonsynth_mf3_000092 seed=2 arm=intro_specter level=medium: per_fault={'budget': True, 'days': True, 'house_rule': True} all_resolved=True n_resolved=3/3 tokens=(4925,3648)

--- run summary (N=3, model=llama-3.1-8b) ---
rows written: 1191  errors: 69
total tokens_input=6289542  total tokens_output=2921878  grand_total=9211420
