Building 60 native-multi-fault (N=5) travelplanner examples (bench_seed=42, allowed_levels=['hard'])...
Built 60 examples. level distribution={'hard': 60}, seeds=[0, 1, 2], model=mistral-nemo-12b, arms=['direct', 'self_refine', 'full_regen', 'react', 'selfcheckgpt', 'reflexion', 'intro_specter']
  N=5 tp_nonsynth_mf5_000004 seed=0 arm=direct level=hard: per_fault={'budget': True, 'days': True, 'cuisine': False, 'house_rule': True, 'room_type': True} all_resolved=False n_resolved=4/5 tokens=(1842,1243)
  N=5 tp_nonsynth_mf5_000004 seed=0 arm=self_refine level=hard: per_fault={'budget': True, 'days': True, 'cuisine': False, 'house_rule': False, 'room_type': False} all_resolved=False n_resolved=2/5 tokens=(5657,3169)
  N=5 tp_nonsynth_mf5_000004 seed=0 arm=full_regen level=hard: per_fault={'budget': True, 'days': False, 'cuisine': False, 'house_rule': True, 'room_type': True} all_resolved=False n_resolved=3/5 tokens=(3684,1653)
  N=5 tp_nonsynth_mf5_000004 seed=0 arm=react level=hard: per_fault={'budget': True, 'days': False, 'cuisine': False, 'house_rule': False, 'room_type': False} all_resolved=False n_resolved=1/5 tokens=(3740,1704)
  N=5 tp_nonsynth_mf5_000004 seed=0 arm=selfcheckgpt level=hard: per_fault={'budget': True, 'days': True, 'cuisine': False, 'house_rule': True, 'room_type': True} all_resolved=False n_resolved=4/5 tokens=(12847,1807)
  N=5 tp_nonsynth_mf5_000004 seed=0 arm=reflexion level=hard: per_fault={'budget': True, 'days': True, 'cuisine': False, 'house_rule': True, 'room_type': True} all_resolved=False n_resolved=4/5 tokens=(19365,5475)
  N=5 tp_nonsynth_mf5_000004 seed=0 arm=intro_specter level=hard: per_fault={'budget': True, 'days': True, 'cuisine': False, 'house_rule': True, 'room_type': True} all_resolved=False n_resolved=4/5 tokens=(5809,3072)
  N=5 tp_nonsynth_mf5_000004 seed=1 arm=direct level=hard: per_fault={'budget': True, 'days': True, 'cuisine': False, 'house_rule': True, 'room_type': True} all_resolved=False n_resolved=4/5 tokens=(1842,1243)
  N=5 tp_nonsynth_mf5_000004 seed=1 arm=self_refine level=hard: per_fault={'budget': True, 'days': True, 'cuisine': False, 'house_rule': False, 'room_type': False} all_resolved=False n_resolved=2/5 tokens=(5657,3169)
  N=5 tp_nonsynth_mf5_000004 seed=1 arm=full_regen level=hard: per_fault={'budget': True, 'days': False, 'cuisine': False, 'house_rule': True, 'room_type': True} all_resolved=False n_resolved=3/5 tokens=(3684,1823)
  N=5 tp_nonsynth_mf5_000004 seed=1 arm=react level=hard: per_fault={'budget': True, 'days': False, 'cuisine': False, 'house_rule': False, 'room_type': False} all_resolved=False n_resolved=1/5 tokens=(3740,1704)
  N=5 tp_nonsynth_mf5_000004 seed=1 arm=selfcheckgpt level=hard: per_fault={'budget': True, 'days': True, 'cuisine': False, 'house_rule': True, 'room_type': True} all_resolved=False n_resolved=4/5 tokens=(12975,2347)
  N=5 tp_nonsynth_mf5_000004 seed=1 arm=reflexion level=hard: per_fault={'budget': True, 'days': True, 'cuisine': False, 'house_rule': True, 'room_type': True} all_resolved=False n_resolved=4/5 tokens=(19365,5475)
  N=5 tp_nonsynth_mf5_000004 seed=1 arm=intro_specter level=hard: per_fault={'budget': True, 'days': True, 'cuisine': False, 'house_rule': True, 'room_type': True} all_resolved=False n_resolved=4/5 tokens=(5809,3072)
  N=5 tp_nonsynth_mf5_000004 seed=2 arm=direct level=hard: per_fault={'budget': False, 'days': True, 'cuisine': False, 'house_rule': True, 'room_type': False} all_resolved=False n_resolved=2/5 tokens=(1842,878)
  N=5 tp_nonsynth_mf5_000004 seed=2 arm=self_refine level=hard: per_fault={'budget': False, 'days': True, 'cuisine': False, 'house_rule': True, 'room_type': True} all_resolved=False n_resolved=3/5 tokens=(4984,2339)
  N=5 tp_nonsynth_mf5_000004 seed=2 arm=full_regen level=hard: per_fault={'budget': False, 'days': False, 'cuisine': False, 'house_rule': True, 'room_type': False} all_resolved=False n_resolved=1/5 tokens=(3684,1458)
  N=5 tp_nonsynth_mf5_000004 seed=2 arm=react level=hard: per_fault={'budget': False, 'days': True, 'cuisine': False, 'house_rule': True, 'room_type': True} all_resolved=False n_resolved=3/5 tokens=(3740,2273)
  N=5 tp_nonsynth_mf5_000004 seed=2 arm=selfcheckgpt level=hard: per_fault={'budget': False, 'days': True, 'cuisine': False, 'house_rule': True, 'room_type': True} all_resolved=False n_resolved=3/5 tokens=(12764,1319)
  N=5 tp_nonsynth_mf5_000004 seed=2 arm=reflexion level=hard: per_fault={'budget': True, 'days': True, 'cuisine': False, 'house_rule': True, 'room_type': True} all_resolved=False n_resolved=4/5 tokens=(16212,3681)
  N=5 tp_nonsynth_mf5_000004 seed=2 arm=intro_specter level=hard: per_fault={'budget': False, 'days': False, 'cuisine': False, 'house_rule': True, 'room_type': False} all_resolved=False n_resolved=1/5 tokens=(5137,1744)
  N=5 tp_nonsynth_mf5_000006 seed=0 arm=direct level=hard: per_fault={'budget': True, 'days': True, 'house_rule': True, 'room_type': True, 'transportation': False} all_resolved=False n_resolved=4/5 tokens=(1924,867)
  N=5 tp_nonsynth_mf5_000006 seed=0 arm=self_refine level=hard: per_fault={'budget': True, 'days': True, 'house_rule': True, 'room_type': True, 'transportation': False} all_resolved=False n_resolved=4/5 tokens=(5025,2345)
  N=5 tp_nonsynth_mf5_000006 seed=0 arm=full_regen level=hard: per_fault={'budget': False, 'days': False, 'house_rule': True, 'room_type': True, 'transportation': False} all_resolved=False n_resolved=2/5 tokens=(3848,1527)
  N=5 tp_nonsynth_mf5_000006 seed=0 arm=react level=hard: per_fault={'budget': True, 'days': False, 'house_rule': False, 'room_type': False, 'transportation': False} all_resolved=False n_resolved=1/5 tokens=(3904,1292)
  N=5 tp_nonsynth_mf5_000006 seed=0 arm=selfcheckgpt level=hard: per_fault={'budget': True, 'days': True, 'house_rule': True, 'room_type': True, 'transportation': False} all_resolved=False n_resolved=4/5 tokens=(11846,1632)
  N=5 tp_nonsynth_mf5_000006 seed=0 arm=reflexion level=hard: per_fault={'budget': True, 'days': True, 'house_rule': True, 'room_type': True, 'transportation': True} all_resolved=True n_resolved=5/5 tokens=(8179,2763)
  N=5 tp_nonsynth_mf5_000006 seed=0 arm=intro_specter level=hard: per_fault={'budget': True, 'days': False, 'house_rule': True, 'room_type': True, 'transportation': False} all_resolved=False n_resolved=3/5 tokens=(5177,1089)
  N=5 tp_nonsynth_mf5_000006 seed=1 arm=direct level=hard: per_fault={'budget': True, 'days': True, 'house_rule': True, 'room_type': True, 'transportation': False} all_resolved=False n_resolved=4/5 tokens=(1924,867)
  N=5 tp_nonsynth_mf5_000006 seed=1 arm=self_refine level=hard: per_fault={'budget': True, 'days': True, 'house_rule': True, 'room_type': True, 'transportation': False} all_resolved=False n_resolved=4/5 tokens=(5025,2345)
  N=5 tp_nonsynth_mf5_000006 seed=1 arm=full_regen level=hard: per_fault={'budget': False, 'days': False, 'house_rule': True, 'room_type': True, 'transportation': False} all_resolved=False n_resolved=2/5 tokens=(3848,1113)
  N=5 tp_nonsynth_mf5_000006 seed=1 arm=react level=hard: per_fault={'budget': True, 'days': False, 'house_rule': False, 'room_type': False, 'transportation': False} all_resolved=False n_resolved=1/5 tokens=(3904,1292)
  N=5 tp_nonsynth_mf5_000006 seed=1 arm=selfcheckgpt level=hard: per_fault={'budget': True, 'days': True, 'house_rule': True, 'room_type': True, 'transportation': False} all_resolved=False n_resolved=4/5 tokens=(13255,1156)
  N=5 tp_nonsynth_mf5_000006 seed=1 arm=reflexion level=hard: per_fault={'budget': True, 'days': True, 'house_rule': True, 'room_type': True, 'transportation': True} all_resolved=True n_resolved=5/5 tokens=(8179,2763)
  N=5 tp_nonsynth_mf5_000006 seed=1 arm=intro_specter level=hard: per_fault={'budget': True, 'days': False, 'house_rule': True, 'room_type': True, 'transportation': False} all_resolved=False n_resolved=3/5 tokens=(5177,1089)
  N=5 tp_nonsynth_mf5_000006 seed=2 arm=direct level=hard: per_fault={'budget': False, 'days': False, 'house_rule': True, 'room_type': False, 'transportation': False} all_resolved=False n_resolved=1/5 tokens=(1924,989)
  N=5 tp_nonsynth_mf5_000006 seed=2 arm=self_refine level=hard: per_fault={'budget': False, 'days': False, 'house_rule': True, 'room_type': False, 'transportation': False} all_resolved=False n_resolved=1/5 tokens=(5427,2638)
  N=5 tp_nonsynth_mf5_000006 seed=2 arm=full_regen level=hard: per_fault={'budget': False, 'days': True, 'house_rule': True, 'room_type': True, 'transportation': False} all_resolved=False n_resolved=3/5 tokens=(3848,2079)
  N=5 tp_nonsynth_mf5_000006 seed=2 arm=react level=hard: per_fault={'budget': False, 'days': False, 'house_rule': False, 'room_type': False, 'transportation': False} all_resolved=False n_resolved=0/5 tokens=(3904,1404)
  N=5 tp_nonsynth_mf5_000006 seed=2 arm=selfcheckgpt level=hard: per_fault={'budget': True, 'days': False, 'house_rule': True, 'room_type': False, 'transportation': False} all_resolved=False n_resolved=2/5 tokens=(13237,1230)
  N=5 tp_nonsynth_mf5_000006 seed=2 arm=reflexion level=hard: per_fault={'budget': True, 'days': False, 'house_rule': True, 'room_type': True, 'transportation': True} all_resolved=False n_resolved=4/5 tokens=(18013,4035)
  N=5 tp_nonsynth_mf5_000006 seed=2 arm=intro_specter level=hard: per_fault={'budget': True, 'days': False, 'house_rule': True, 'room_type': False, 'transportation': False} all_resolved=False n_resolved=2/5 tokens=(5579,1421)
  N=5 tp_nonsynth_mf5_000011 seed=0 arm=direct level=hard: per_fault={'budget': False, 'days': False, 'cuisine': False, 'house_rule': True, 'room_type': True} all_resolved=False n_resolved=2/5 tokens=(1902,667)
  N=5 tp_nonsynth_mf5_000011 seed=0 arm=self_refine level=hard: per_fault={'budget': True, 'days': False, 'cuisine': False, 'house_rule': True, 'room_type': True} all_resolved=False n_resolved=3/5 tokens=(4865,1903)
  N=5 tp_nonsynth_mf5_000011 seed=0 arm=full_regen level=hard: per_fault={'budget': True, 'days': True, 'cuisine': False, 'house_rule': True, 'room_type': False} all_resolved=False n_resolved=3/5 tokens=(3803,1327)
  N=5 tp_nonsynth_mf5_000011 seed=0 arm=react level=hard: per_fault={'budget': False, 'days': True, 'cuisine': True, 'house_rule': True, 'room_type': True} all_resolved=False n_resolved=4/5 tokens=(3860,1798)
  N=5 tp_nonsynth_mf5_000011 seed=0 arm=selfcheckgpt level=hard: per_fault={'budget': True, 'days': False, 'cuisine': False, 'house_rule': True, 'room_type': True} all_resolved=False n_resolved=3/5 tokens=(13622,1520)
  N=5 tp_nonsynth_mf5_000011 seed=0 arm=reflexion level=hard: per_fault={'budget': True, 'days': False, 'cuisine': False, 'house_rule': True, 'room_type': True} all_resolved=False n_resolved=3/5 tokens=(15541,3026)
  N=5 tp_nonsynth_mf5_000011 seed=0 arm=intro_specter level=hard: per_fault={'budget': False, 'days': False, 'cuisine': False, 'house_rule': False, 'room_type': False} all_resolved=False n_resolved=0/5 tokens=(5017,1522)
  N=5 tp_nonsynth_mf5_000011 seed=1 arm=direct level=hard: per_fault={'budget': False, 'days': False, 'cuisine': False, 'house_rule': True, 'room_type': True} all_resolved=False n_resolved=2/5 tokens=(1902,667)
  N=5 tp_nonsynth_mf5_000011 seed=1 arm=self_refine level=hard: per_fault={'budget': True, 'days': False, 'cuisine': False, 'house_rule': True, 'room_type': True} all_resolved=False n_resolved=3/5 tokens=(4865,1903)
  N=5 tp_nonsynth_mf5_000011 seed=1 arm=full_regen level=hard: per_fault={'budget': False, 'days': True, 'cuisine': False, 'house_rule': True, 'room_type': True} all_resolved=False n_resolved=3/5 tokens=(3804,1565)
  N=5 tp_nonsynth_mf5_000011 seed=1 arm=react level=hard: per_fault={'budget': False, 'days': True, 'cuisine': True, 'house_rule': True, 'room_type': True} all_resolved=False n_resolved=4/5 tokens=(3860,1798)
  N=5 tp_nonsynth_mf5_000011 seed=1 arm=selfcheckgpt level=hard: per_fault={'budget': True, 'days': False, 'cuisine': False, 'house_rule': True, 'room_type': True} all_resolved=False n_resolved=3/5 tokens=(13579,1429)
  N=5 tp_nonsynth_mf5_000011 seed=1 arm=reflexion level=hard: per_fault={'budget': True, 'days': False, 'cuisine': False, 'house_rule': True, 'room_type': True} all_resolved=False n_resolved=3/5 tokens=(15541,3026)
  N=5 tp_nonsynth_mf5_000011 seed=1 arm=intro_specter level=hard: per_fault={'budget': False, 'days': False, 'cuisine': False, 'house_rule': False, 'room_type': False} all_resolved=False n_resolved=0/5 tokens=(5017,1522)
  N=5 tp_nonsynth_mf5_000011 seed=2 arm=direct level=hard: per_fault={'budget': True, 'days': True, 'cuisine': False, 'house_rule': True, 'room_type': True} all_resolved=False n_resolved=4/5 tokens=(1902,888)
  N=5 tp_nonsynth_mf5_000011 seed=2 arm=self_refine level=hard: per_fault={'budget': True, 'days': True, 'cuisine': False, 'house_rule': True, 'room_type': True} all_resolved=False n_resolved=4/5 tokens=(4897,2168)
  N=5 tp_nonsynth_mf5_000011 seed=2 arm=full_regen level=hard: per_fault={'budget': False, 'days': True, 'cuisine': False, 'house_rule': True, 'room_type': True} all_resolved=False n_resolved=3/5 tokens=(3804,1753)
  N=5 tp_nonsynth_mf5_000011 seed=2 arm=react level=hard: per_fault={'budget': False, 'days': False, 'cuisine': False, 'house_rule': True, 'room_type': False} all_resolved=False n_resolved=1/5 tokens=(3860,1432)
  N=5 tp_nonsynth_mf5_000011 seed=2 arm=selfcheckgpt level=hard: per_fault={'budget': True, 'days': True, 'cuisine': False, 'house_rule': True, 'room_type': True} all_resolved=False n_resolved=4/5 tokens=(13679,1870)
  N=5 tp_nonsynth_mf5_000011 seed=2 arm=reflexion level=hard: per_fault={'budget': False, 'days': False, 'cuisine': False, 'house_rule': True, 'room_type': True} all_resolved=False n_resolved=2/5 tokens=(15426,3481)
  N=5 tp_nonsynth_mf5_000011 seed=2 arm=intro_specter level=hard: per_fault={'budget': True, 'days': False, 'cuisine': False, 'house_rule': True, 'room_type': True} all_resolved=False n_resolved=3/5 tokens=(5049,1362)
  N=5 tp_nonsynth_mf5_000013 seed=0 arm=direct level=hard: per_fault={'budget': True, 'days': False, 'cuisine': False, 'house_rule': True, 'room_type': False} all_resolved=False n_resolved=2/5 tokens=(1715,551)
  N=5 tp_nonsynth_mf5_000013 seed=0 arm=self_refine level=hard: per_fault={'budget': True, 'days': False, 'cuisine': False, 'house_rule': True, 'room_type': False} all_resolved=False n_resolved=2/5 tokens=(4263,1525)
  N=5 tp_nonsynth_mf5_000013 seed=0 arm=full_regen level=hard: per_fault={'budget': True, 'days': True, 'cuisine': False, 'house_rule': True, 'room_type': False} all_resolved=False n_resolved=3/5 tokens=(3430,1432)
  N=5 tp_nonsynth_mf5_000013 seed=0 arm=react level=hard: per_fault={'budget': True, 'days': True, 'cuisine': False, 'house_rule': True, 'room_type': True} all_resolved=False n_resolved=4/5 tokens=(3486,1683)
  N=5 tp_nonsynth_mf5_000013 seed=0 arm=selfcheckgpt level=hard: per_fault={'budget': True, 'days': False, 'cuisine': False, 'house_rule': True, 'room_type': False} all_resolved=False n_resolved=2/5 tokens=(10846,1599)
  N=5 tp_nonsynth_mf5_000013 seed=0 arm=reflexion level=hard: per_fault={'budget': False, 'days': True, 'cuisine': False, 'house_rule': True, 'room_type': True} all_resolved=False n_resolved=3/5 tokens=(13173,2451)
  N=5 tp_nonsynth_mf5_000013 seed=0 arm=intro_specter level=hard: per_fault={'budget': True, 'days': False, 'cuisine': False, 'house_rule': True, 'room_type': False} all_resolved=False n_resolved=2/5 tokens=(4415,1590)
  N=5 tp_nonsynth_mf5_000013 seed=1 arm=direct level=hard: per_fault={'budget': True, 'days': False, 'cuisine': False, 'house_rule': True, 'room_type': False} all_resolved=False n_resolved=2/5 tokens=(1715,551)
  N=5 tp_nonsynth_mf5_000013 seed=1 arm=self_refine level=hard: per_fault={'budget': True, 'days': False, 'cuisine': False, 'house_rule': True, 'room_type': False} all_resolved=False n_resolved=2/5 tokens=(4263,1525)
  N=5 tp_nonsynth_mf5_000013 seed=1 arm=full_regen level=hard: per_fault={'budget': True, 'days': True, 'cuisine': False, 'house_rule': False, 'room_type': False} all_resolved=False n_resolved=2/5 tokens=(3430,1334)
  N=5 tp_nonsynth_mf5_000013 seed=1 arm=react level=hard: per_fault={'budget': True, 'days': True, 'cuisine': False, 'house_rule': True, 'room_type': True} all_resolved=False n_resolved=4/5 tokens=(3486,1683)
  N=5 tp_nonsynth_mf5_000013 seed=1 arm=selfcheckgpt level=hard: per_fault={'budget': True, 'days': False, 'cuisine': False, 'house_rule': True, 'room_type': False} all_resolved=False n_resolved=2/5 tokens=(12287,1407)
  N=5 tp_nonsynth_mf5_000013 seed=1 arm=reflexion level=hard: per_fault={'budget': False, 'days': True, 'cuisine': False, 'house_rule': True, 'room_type': True} all_resolved=False n_resolved=3/5 tokens=(13173,2451)
  N=5 tp_nonsynth_mf5_000013 seed=1 arm=intro_specter level=hard: per_fault={'budget': True, 'days': False, 'cuisine': False, 'house_rule': True, 'room_type': False} all_resolved=False n_resolved=2/5 tokens=(4415,1590)
  N=5 tp_nonsynth_mf5_000013 seed=2 arm=direct level=hard: per_fault={'budget': True, 'days': False, 'cuisine': False, 'house_rule': False, 'room_type': True} all_resolved=False n_resolved=2/5 tokens=(1715,592)
  N=5 tp_nonsynth_mf5_000013 seed=2 arm=self_refine level=hard: per_fault={'budget': True, 'days': False, 'cuisine': False, 'house_rule': False, 'room_type': True} all_resolved=False n_resolved=2/5 tokens=(4332,1559)
  N=5 tp_nonsynth_mf5_000013 seed=2 arm=full_regen level=hard: per_fault={'budget': True, 'days': False, 'cuisine': False, 'house_rule': False, 'room_type': False} all_resolved=False n_resolved=1/5 tokens=(3430,1029)
  N=5 tp_nonsynth_mf5_000013 seed=2 arm=react level=hard: per_fault={'budget': False, 'days': False, 'cuisine': False, 'house_rule': False, 'room_type': False} all_resolved=False n_resolved=0/5 tokens=(3486,1116)
  N=5 tp_nonsynth_mf5_000013 seed=2 arm=selfcheckgpt level=hard: per_fault={'budget': True, 'days': False, 'cuisine': False, 'house_rule': False, 'room_type': True} all_resolved=False n_resolved=2/5 tokens=(12239,1392)
  N=5 tp_nonsynth_mf5_000013 seed=2 arm=reflexion level=hard: per_fault={'budget': True, 'days': False, 'cuisine': False, 'house_rule': False, 'room_type': True} all_resolved=False n_resolved=2/5 tokens=(13624,2783)
  N=5 tp_nonsynth_mf5_000013 seed=2 arm=intro_specter level=hard: per_fault={'budget': True, 'days': False, 'cuisine': False, 'house_rule': False, 'room_type': True} all_resolved=False n_resolved=2/5 tokens=(4484,1978)
  N=5 tp_nonsynth_mf5_000017 seed=0 arm=direct level=hard: per_fault={'budget': False, 'days': True, 'house_rule': True, 'room_type': True, 'transportation': False} all_resolved=False n_resolved=3/5 tokens=(1770,779)
  N=5 tp_nonsynth_mf5_000017 seed=0 arm=self_refine level=hard: per_fault={'budget': False, 'days': True, 'house_rule': True, 'room_type': False, 'transportation': False} all_resolved=False n_resolved=2/5 tokens=(4657,2075)
  N=5 tp_nonsynth_mf5_000017 seed=0 arm=full_regen level=hard: per_fault={'budget': True, 'days': False, 'house_rule': True, 'room_type': True, 'transportation': False} all_resolved=False n_resolved=3/5 tokens=(3540,1627)
  N=5 tp_nonsynth_mf5_000017 seed=0 arm=react level=hard: per_fault={'budget': True, 'days': False, 'house_rule': True, 'room_type': True, 'transportation': False} all_resolved=False n_resolved=3/5 tokens=(3596,1175)
  N=5 tp_nonsynth_mf5_000017 seed=0 arm=selfcheckgpt level=hard: per_fault={'budget': False, 'days': True, 'house_rule': True, 'room_type': True, 'transportation': False} all_resolved=False n_resolved=3/5 tokens=(12472,1404)
  N=5 tp_nonsynth_mf5_000017 seed=0 arm=reflexion level=hard: per_fault={'budget': True, 'days': True, 'house_rule': True, 'room_type': True, 'transportation': False} all_resolved=False n_resolved=4/5 tokens=(15032,3260)
  N=5 tp_nonsynth_mf5_000017 seed=0 arm=intro_specter level=hard: per_fault={'budget': False, 'days': False, 'house_rule': True, 'room_type': True, 'transportation': False} all_resolved=False n_resolved=2/5 tokens=(4809,1472)
  N=5 tp_nonsynth_mf5_000017 seed=1 arm=direct level=hard: per_fault={'budget': False, 'days': True, 'house_rule': True, 'room_type': True, 'transportation': False} all_resolved=False n_resolved=3/5 tokens=(1770,779)
  N=5 tp_nonsynth_mf5_000017 seed=1 arm=self_refine level=hard: per_fault={'budget': False, 'days': True, 'house_rule': True, 'room_type': False, 'transportation': False} all_resolved=False n_resolved=2/5 tokens=(4657,2075)
  N=5 tp_nonsynth_mf5_000017 seed=1 arm=full_regen level=hard: per_fault={'budget': True, 'days': True, 'house_rule': True, 'room_type': True, 'transportation': False} all_resolved=False n_resolved=4/5 tokens=(3540,1519)
  N=5 tp_nonsynth_mf5_000017 seed=1 arm=react level=hard: per_fault={'budget': True, 'days': False, 'house_rule': True, 'room_type': True, 'transportation': False} all_resolved=False n_resolved=3/5 tokens=(3596,1175)
  N=5 tp_nonsynth_mf5_000017 seed=1 arm=selfcheckgpt level=hard: per_fault={'budget': False, 'days': True, 'house_rule': True, 'room_type': True, 'transportation': False} all_resolved=False n_resolved=3/5 tokens=(12206,1187)
  N=5 tp_nonsynth_mf5_000017 seed=1 arm=reflexion level=hard: per_fault={'budget': True, 'days': True, 'house_rule': True, 'room_type': True, 'transportation': False} all_resolved=False n_resolved=4/5 tokens=(15032,3260)
  N=5 tp_nonsynth_mf5_000017 seed=1 arm=intro_specter level=hard: per_fault={'budget': False, 'days': False, 'house_rule': True, 'room_type': True, 'transportation': False} all_resolved=False n_resolved=2/5 tokens=(4809,1472)
  N=5 tp_nonsynth_mf5_000017 seed=2 arm=direct level=hard: per_fault={'budget': False, 'days': True, 'house_rule': True, 'room_type': True, 'transportation': False} all_resolved=False n_resolved=3/5 tokens=(1770,971)
  N=5 tp_nonsynth_mf5_000017 seed=2 arm=self_refine level=hard: per_fault={'budget': False, 'days': True, 'house_rule': True, 'room_type': True, 'transportation': False} all_resolved=False n_resolved=3/5 tokens=(4793,2305)
  N=5 tp_nonsynth_mf5_000017 seed=2 arm=full_regen level=hard: per_fault={'budget': True, 'days': True, 'house_rule': True, 'room_type': True, 'transportation': False} all_resolved=False n_resolved=4/5 tokens=(3540,1638)
  N=5 tp_nonsynth_mf5_000017 seed=2 arm=react level=hard: per_fault={'budget': True, 'days': False, 'house_rule': True, 'room_type': True, 'transportation': False} all_resolved=False n_resolved=3/5 tokens=(3596,1576)
  N=5 tp_nonsynth_mf5_000017 seed=2 arm=selfcheckgpt level=hard: per_fault={'budget': False, 'days': True, 'house_rule': True, 'room_type': True, 'transportation': False} all_resolved=False n_resolved=3/5 tokens=(14068,1671)
  N=5 tp_nonsynth_mf5_000017 seed=2 arm=reflexion level=hard: per_fault={'budget': True, 'days': False, 'house_rule': True, 'room_type': True, 'transportation': False} all_resolved=False n_resolved=3/5 tokens=(15161,3623)
  N=5 tp_nonsynth_mf5_000017 seed=2 arm=intro_specter level=hard: per_fault={'budget': False, 'days': True, 'house_rule': False, 'room_type': False, 'transportation': False} all_resolved=False n_resolved=1/5 tokens=(4945,1714)
  N=5 tp_nonsynth_mf5_000018 seed=0 arm=direct level=hard: per_fault={'budget': True, 'days': False, 'cuisine': False, 'house_rule': True, 'transportation': False} all_resolved=False n_resolved=2/5 tokens=(1824,670)
  N=5 tp_nonsynth_mf5_000018 seed=0 arm=self_refine level=hard: per_fault={'budget': True, 'days': False, 'cuisine': False, 'house_rule': True, 'transportation': False} all_resolved=False n_resolved=2/5 tokens=(4712,1892)
  N=5 tp_nonsynth_mf5_000018 seed=0 arm=full_regen level=hard: per_fault={'budget': False, 'days': False, 'cuisine': False, 'house_rule': True, 'transportation': False} all_resolved=False n_resolved=1/5 tokens=(3648,1405)
  N=5 tp_nonsynth_mf5_000018 seed=0 arm=react level=hard: per_fault={'budget': False, 'days': False, 'cuisine': False, 'house_rule': False, 'transportation': True} all_resolved=False n_resolved=1/5 tokens=(3704,1153)
  N=5 tp_nonsynth_mf5_000018 seed=0 arm=selfcheckgpt level=hard: per_fault={'budget': True, 'days': False, 'cuisine': False, 'house_rule': True, 'transportation': False} all_resolved=False n_resolved=2/5 tokens=(12965,1434)
[RETRY] selfcheckgpt task=tp_nonsynth_mf5_000027 seed=2 attempt 1/5 failed (failed to obtain JSON after 3 attempts: could not parse JSON from model output:
{"final_output": "{\"attractions\": adoles sh-primary-school\" Holder s Cluster 25400490 Blue Hill, New York10113, USA (718) 255-5268 http://www.Blue-U 	 Offerings with support English: Proficiency**<lsp shortcodes="re s c spl child-child case); retrying in 3s
[RETRY] selfcheckgpt task=tp_nonsynth_mf5_000027 seed=2 attempt 2/5 failed (failed to obtain JSON after 3 attempts: could not parse JSON from model output:
{"final_output": "{\"attractions\": adoles sh-primary-school\" Holder s Cluster 25400490 Blue Hill, New York10113, USA (718) 255-5268 http://www.Blue-U 	 Offerings with support English: Proficiency**<lsp shortcodes="re s c spl child-child case); retrying in 6s
[RETRY] selfcheckgpt task=tp_nonsynth_mf5_000027 seed=2 attempt 3/5 failed (failed to obtain JSON after 3 attempts: could not parse JSON from model output:
{"final_output": "{\"attractions\": adoles sh-primary-school\" Holder s Cluster 25400490 Blue Hill, New York10113, USA (718) 255-5268 http://www.Blue-U 	 Offerings with support English: Proficiency**<lsp shortcodes="re s c spl child-child case); retrying in 12s
[RETRY] selfcheckgpt task=tp_nonsynth_mf5_000027 seed=2 attempt 4/5 failed (failed to obtain JSON after 3 attempts: could not parse JSON from model output:
{"final_output": "{\"attractions\": adoles sh-primary-school\" Holder s Cluster 25400490 Blue Hill, New York10113, USA (718) 255-5268 http://www.Blue-U 	 Offerings with support English: Proficiency**<lsp shortcodes="re s c spl child-child case); retrying in 24s
[ERROR] selfcheckgpt failed task=tp_nonsynth_mf5_000027 seed=2: failed to obtain JSON after 3 attempts: could not parse JSON from model output:
{"final_output": "{\"attractions\": adoles sh-primary-school\" Holder s Cluster 25400490 Blue Hill, New York10113, USA (718) 255-5268 http://www.Blue-U 	 Offerings with support English: Proficiency**<lsp shortcodes="re s c spl child-child case
  N=5 tp_nonsynth_mf5_000018 seed=0 arm=reflexion level=hard: per_fault={'budget': True, 'days': False, 'cuisine': False, 'house_rule': True, 'transportation': False} all_resolved=False n_resolved=2/5 tokens=(14495,2714)
  N=5 tp_nonsynth_mf5_000018 seed=0 arm=intro_specter level=hard: per_fault={'budget': True, 'days': False, 'cuisine': False, 'house_rule': False, 'transportation': False} all_resolved=False n_resolved=1/5 tokens=(4864,940)
  N=5 tp_nonsynth_mf5_000018 seed=1 arm=direct level=hard: per_fault={'budget': True, 'days': False, 'cuisine': False, 'house_rule': True, 'transportation': False} all_resolved=False n_resolved=2/5 tokens=(1824,670)
  N=5 tp_nonsynth_mf5_000018 seed=1 arm=self_refine level=hard: per_fault={'budget': True, 'days': False, 'cuisine': False, 'house_rule': True, 'transportation': False} all_resolved=False n_resolved=2/5 tokens=(4712,1892)
  N=5 tp_nonsynth_mf5_000018 seed=1 arm=full_regen level=hard: per_fault={'budget': False, 'days': False, 'cuisine': False, 'house_rule': True, 'transportation': False} all_resolved=False n_resolved=1/5 tokens=(3648,1321)
  N=5 tp_nonsynth_mf5_000018 seed=1 arm=react level=hard: per_fault={'budget': False, 'days': False, 'cuisine': False, 'house_rule': False, 'transportation': True} all_resolved=False n_resolved=1/5 tokens=(3704,1153)
  N=5 tp_nonsynth_mf5_000018 seed=1 arm=selfcheckgpt level=hard: per_fault={'budget': True, 'days': False, 'cuisine': False, 'house_rule': True, 'transportation': True} all_resolved=False n_resolved=3/5 tokens=(13032,1483)
  N=5 tp_nonsynth_mf5_000018 seed=1 arm=reflexion level=hard: per_fault={'budget': True, 'days': False, 'cuisine': False, 'house_rule': True, 'transportation': False} all_resolved=False n_resolved=2/5 tokens=(14495,2714)
  N=5 tp_nonsynth_mf5_000018 seed=1 arm=intro_specter level=hard: per_fault={'budget': True, 'days': False, 'cuisine': False, 'house_rule': False, 'transportation': False} all_resolved=False n_resolved=1/5 tokens=(4864,940)
  N=5 tp_nonsynth_mf5_000018 seed=2 arm=direct level=hard: per_fault={'budget': False, 'days': False, 'cuisine': False, 'house_rule': True, 'transportation': False} all_resolved=False n_resolved=1/5 tokens=(1824,688)
  N=5 tp_nonsynth_mf5_000018 seed=2 arm=self_refine level=hard: per_fault={'budget': False, 'days': False, 'cuisine': False, 'house_rule': True, 'transportation': True} all_resolved=False n_resolved=2/5 tokens=(4758,2212)
  N=5 tp_nonsynth_mf5_000018 seed=2 arm=full_regen level=hard: per_fault={'budget': False, 'days': False, 'cuisine': False, 'house_rule': True, 'transportation': False} all_resolved=False n_resolved=1/5 tokens=(3648,1787)
  N=5 tp_nonsynth_mf5_000018 seed=2 arm=react level=hard: per_fault={'budget': False, 'days': False, 'cuisine': False, 'house_rule': False, 'transportation': False} all_resolved=False n_resolved=0/5 tokens=(3704,1244)
  N=5 tp_nonsynth_mf5_000018 seed=2 arm=selfcheckgpt level=hard: per_fault={'budget': False, 'days': False, 'cuisine': False, 'house_rule': True, 'transportation': False} all_resolved=False n_resolved=1/5 tokens=(12899,1366)
  N=5 tp_nonsynth_mf5_000018 seed=2 arm=reflexion level=hard: per_fault={'budget': True, 'days': False, 'cuisine': False, 'house_rule': True, 'transportation': False} all_resolved=False n_resolved=2/5 tokens=(15344,2954)
  N=5 tp_nonsynth_mf5_000018 seed=2 arm=intro_specter level=hard: per_fault={'budget': True, 'days': False, 'cuisine': False, 'house_rule': True, 'transportation': False} all_resolved=False n_resolved=2/5 tokens=(4910,1539)
  N=5 tp_nonsynth_mf5_000027 seed=0 arm=direct level=hard: per_fault={'budget': False, 'days': False, 'cuisine': False, 'house_rule': True, 'transportation': False} all_resolved=False n_resolved=1/5 tokens=(1914,761)
  N=5 tp_nonsynth_mf5_000027 seed=0 arm=self_refine level=hard: per_fault={'budget': True, 'days': False, 'cuisine': False, 'house_rule': True, 'transportation': True} all_resolved=False n_resolved=3/5 tokens=(5067,2134)
  N=5 tp_nonsynth_mf5_000027 seed=0 arm=full_regen level=hard: per_fault={'budget': False, 'days': False, 'cuisine': False, 'house_rule': False, 'transportation': False} all_resolved=False n_resolved=0/5 tokens=(3828,1269)
  N=5 tp_nonsynth_mf5_000027 seed=0 arm=react level=hard: per_fault={'budget': False, 'days': False, 'cuisine': False, 'house_rule': False, 'transportation': False} all_resolved=False n_resolved=0/5 tokens=(3884,1640)
  N=5 tp_nonsynth_mf5_000027 seed=0 arm=selfcheckgpt level=hard: per_fault={'budget': False, 'days': False, 'cuisine': False, 'house_rule': True, 'transportation': False} all_resolved=False n_resolved=1/5 tokens=(13667,1517)
  N=5 tp_nonsynth_mf5_000027 seed=0 arm=reflexion level=hard: per_fault={'budget': True, 'days': False, 'cuisine': False, 'house_rule': True, 'transportation': False} all_resolved=False n_resolved=2/5 tokens=(16509,3150)
  N=5 tp_nonsynth_mf5_000027 seed=0 arm=intro_specter level=hard: per_fault={'budget': True, 'days': False, 'cuisine': False, 'house_rule': True, 'transportation': False} all_resolved=False n_resolved=2/5 tokens=(5219,1759)
  N=5 tp_nonsynth_mf5_000027 seed=1 arm=direct level=hard: per_fault={'budget': False, 'days': False, 'cuisine': False, 'house_rule': True, 'transportation': False} all_resolved=False n_resolved=1/5 tokens=(1914,761)
  N=5 tp_nonsynth_mf5_000027 seed=1 arm=self_refine level=hard: per_fault={'budget': True, 'days': False, 'cuisine': False, 'house_rule': True, 'transportation': True} all_resolved=False n_resolved=3/5 tokens=(5067,2134)
  N=5 tp_nonsynth_mf5_000027 seed=1 arm=full_regen level=hard: per_fault={'budget': True, 'days': False, 'cuisine': False, 'house_rule': True, 'transportation': False} all_resolved=False n_resolved=2/5 tokens=(3828,1476)
  N=5 tp_nonsynth_mf5_000027 seed=1 arm=react level=hard: per_fault={'budget': False, 'days': False, 'cuisine': False, 'house_rule': False, 'transportation': False} all_resolved=False n_resolved=0/5 tokens=(3884,1640)
  N=5 tp_nonsynth_mf5_000027 seed=1 arm=selfcheckgpt level=hard: per_fault={'budget': False, 'days': False, 'cuisine': False, 'house_rule': True, 'transportation': False} all_resolved=False n_resolved=1/5 tokens=(13303,1203)
  N=5 tp_nonsynth_mf5_000027 seed=1 arm=reflexion level=hard: per_fault={'budget': True, 'days': False, 'cuisine': False, 'house_rule': True, 'transportation': False} all_resolved=False n_resolved=2/5 tokens=(16509,3150)
  N=5 tp_nonsynth_mf5_000027 seed=1 arm=intro_specter level=hard: per_fault={'budget': True, 'days': False, 'cuisine': False, 'house_rule': True, 'transportation': False} all_resolved=False n_resolved=2/5 tokens=(5219,1759)
  N=5 tp_nonsynth_mf5_000027 seed=2 arm=direct level=hard: per_fault={'budget': False, 'days': False, 'cuisine': False, 'house_rule': True, 'transportation': True} all_resolved=False n_resolved=2/5 tokens=(1914,1163)
  N=5 tp_nonsynth_mf5_000027 seed=2 arm=self_refine level=hard: per_fault={'budget': False, 'days': False, 'cuisine': False, 'house_rule': True, 'transportation': True} all_resolved=False n_resolved=2/5 tokens=(5427,2683)
  N=5 tp_nonsynth_mf5_000027 seed=2 arm=full_regen level=hard: per_fault={'budget': False, 'days': False, 'cuisine': False, 'house_rule': True, 'transportation': False} all_resolved=False n_resolved=1/5 tokens=(3828,1997)
  N=5 tp_nonsynth_mf5_000027 seed=2 arm=react level=hard: per_fault={'budget': False, 'days': True, 'cuisine': False, 'house_rule': True, 'transportation': True} all_resolved=False n_resolved=3/5 tokens=(3884,2091)
  N=5 tp_nonsynth_mf5_000027 seed=2 arm=reflexion level=hard: per_fault={'budget': True, 'days': True, 'cuisine': False, 'house_rule': True, 'transportation': True} all_resolved=False n_resolved=4/5 tokens=(17571,4750)
  N=5 tp_nonsynth_mf5_000027 seed=2 arm=intro_specter level=hard: per_fault={'budget': False, 'days': False, 'cuisine': False, 'house_rule': False, 'transportation': False} all_resolved=False n_resolved=0/5 tokens=(5579,2500)
  N=5 tp_nonsynth_mf5_000028 seed=0 arm=direct level=hard: per_fault={'budget': False, 'days': True, 'house_rule': True, 'room_type': False, 'transportation': False} all_resolved=False n_resolved=2/5 tokens=(1712,804)
  N=5 tp_nonsynth_mf5_000028 seed=0 arm=self_refine level=hard: per_fault={'budget': False, 'days': True, 'house_rule': True, 'room_type': True, 'transportation': True} all_resolved=False n_resolved=4/5 tokens=(4538,2216)
  N=5 tp_nonsynth_mf5_000028 seed=0 arm=full_regen level=hard: per_fault={'budget': False, 'days': False, 'house_rule': True, 'room_type': False, 'transportation': False} all_resolved=False n_resolved=1/5 tokens=(3424,1213)
  N=5 tp_nonsynth_mf5_000028 seed=0 arm=react level=hard: per_fault={'budget': True, 'days': True, 'house_rule': False, 'room_type': False, 'transportation': False} all_resolved=False n_resolved=2/5 tokens=(3480,1997)
  N=5 tp_nonsynth_mf5_000028 seed=0 arm=selfcheckgpt level=hard: per_fault={'budget': False, 'days': True, 'house_rule': True, 'room_type': False, 'transportation': False} all_resolved=False n_resolved=2/5 tokens=(12096,1438)
  N=5 tp_nonsynth_mf5_000028 seed=0 arm=reflexion level=hard: per_fault={'budget': False, 'days': False, 'house_rule': False, 'room_type': False, 'transportation': False} all_resolved=False n_resolved=0/5 tokens=(13778,1841)
  N=5 tp_nonsynth_mf5_000028 seed=0 arm=intro_specter level=hard: per_fault={'budget': False, 'days': False, 'house_rule': False, 'room_type': False, 'transportation': False} all_resolved=False n_resolved=0/5 tokens=(4690,1604)
  N=5 tp_nonsynth_mf5_000028 seed=1 arm=direct level=hard: per_fault={'budget': False, 'days': True, 'house_rule': True, 'room_type': False, 'transportation': False} all_resolved=False n_resolved=2/5 tokens=(1712,804)
  N=5 tp_nonsynth_mf5_000028 seed=1 arm=self_refine level=hard: per_fault={'budget': False, 'days': True, 'house_rule': True, 'room_type': True, 'transportation': True} all_resolved=False n_resolved=4/5 tokens=(4538,2216)
  N=5 tp_nonsynth_mf5_000028 seed=1 arm=full_regen level=hard: per_fault={'budget': True, 'days': True, 'house_rule': True, 'room_type': True, 'transportation': True} all_resolved=True n_resolved=5/5 tokens=(3424,1501)
  N=5 tp_nonsynth_mf5_000028 seed=1 arm=react level=hard: per_fault={'budget': True, 'days': True, 'house_rule': False, 'room_type': False, 'transportation': False} all_resolved=False n_resolved=2/5 tokens=(3480,1997)
  N=5 tp_nonsynth_mf5_000028 seed=1 arm=selfcheckgpt level=hard: per_fault={'budget': False, 'days': True, 'house_rule': True, 'room_type': False, 'transportation': False} all_resolved=False n_resolved=2/5 tokens=(11687,1069)
  N=5 tp_nonsynth_mf5_000028 seed=1 arm=reflexion level=hard: per_fault={'budget': False, 'days': False, 'house_rule': False, 'room_type': False, 'transportation': False} all_resolved=False n_resolved=0/5 tokens=(13778,1841)
  N=5 tp_nonsynth_mf5_000028 seed=1 arm=intro_specter level=hard: per_fault={'budget': False, 'days': False, 'house_rule': False, 'room_type': False, 'transportation': False} all_resolved=False n_resolved=0/5 tokens=(4690,1604)
  N=5 tp_nonsynth_mf5_000028 seed=2 arm=direct level=hard: per_fault={'budget': False, 'days': True, 'house_rule': True, 'room_type': False, 'transportation': False} all_resolved=False n_resolved=2/5 tokens=(1711,1073)
  N=5 tp_nonsynth_mf5_000028 seed=2 arm=self_refine level=hard: per_fault={'budget': False, 'days': True, 'house_rule': True, 'room_type': True, 'transportation': True} all_resolved=False n_resolved=4/5 tokens=(4955,2613)
  N=5 tp_nonsynth_mf5_000028 seed=2 arm=full_regen level=hard: per_fault={'budget': False, 'days': False, 'house_rule': True, 'room_type': True, 'transportation': True} all_resolved=False n_resolved=3/5 tokens=(3422,1595)
  N=5 tp_nonsynth_mf5_000028 seed=2 arm=react level=hard: per_fault={'budget': True, 'days': True, 'house_rule': True, 'room_type': False, 'transportation': False} all_resolved=False n_resolved=3/5 tokens=(3479,2608)
  N=5 tp_nonsynth_mf5_000028 seed=2 arm=selfcheckgpt level=hard: per_fault={'budget': False, 'days': True, 'house_rule': True, 'room_type': False, 'transportation': False} all_resolved=False n_resolved=2/5 tokens=(12180,2313)
  N=5 tp_nonsynth_mf5_000028 seed=2 arm=reflexion level=hard: per_fault={'budget': True, 'days': True, 'house_rule': True, 'room_type': True, 'transportation': True} all_resolved=True n_resolved=5/5 tokens=(8339,2480)
  N=5 tp_nonsynth_mf5_000028 seed=2 arm=intro_specter level=hard: per_fault={'budget': True, 'days': False, 'house_rule': False, 'room_type': True, 'transportation': False} all_resolved=False n_resolved=2/5 tokens=(5107,2101)
  N=5 tp_nonsynth_mf5_000029 seed=0 arm=direct level=hard: per_fault={'budget': False, 'days': False, 'house_rule': True, 'room_type': True, 'transportation': False} all_resolved=False n_resolved=2/5 tokens=(2030,696)
  N=5 tp_nonsynth_mf5_000029 seed=0 arm=self_refine level=hard: per_fault={'budget': True, 'days': False, 'house_rule': True, 'room_type': True, 'transportation': False} all_resolved=False n_resolved=3/5 tokens=(5122,1933)
  N=5 tp_nonsynth_mf5_000029 seed=0 arm=full_regen level=hard: per_fault={'budget': False, 'days': False, 'house_rule': True, 'room_type': True, 'transportation': False} all_resolved=False n_resolved=2/5 tokens=(4060,1094)
  N=5 tp_nonsynth_mf5_000029 seed=0 arm=react level=hard: per_fault={'budget': True, 'days': True, 'house_rule': False, 'room_type': False, 'transportation': False} all_resolved=False n_resolved=2/5 tokens=(4116,2403)
  N=5 tp_nonsynth_mf5_000029 seed=0 arm=selfcheckgpt level=hard: per_fault={'budget': False, 'days': False, 'house_rule': True, 'room_type': True, 'transportation': False} all_resolved=False n_resolved=2/5 tokens=(14051,1088)
  N=5 tp_nonsynth_mf5_000029 seed=0 arm=reflexion level=hard: per_fault={'budget': True, 'days': False, 'house_rule': True, 'room_type': True, 'transportation': False} all_resolved=False n_resolved=3/5 tokens=(15603,2758)
  N=5 tp_nonsynth_mf5_000029 seed=0 arm=intro_specter level=hard: per_fault={'budget': True, 'days': False, 'house_rule': True, 'room_type': True, 'transportation': False} all_resolved=False n_resolved=3/5 tokens=(5274,1521)
  N=5 tp_nonsynth_mf5_000029 seed=1 arm=direct level=hard: per_fault={'budget': False, 'days': False, 'house_rule': True, 'room_type': True, 'transportation': False} all_resolved=False n_resolved=2/5 tokens=(2030,696)
  N=5 tp_nonsynth_mf5_000029 seed=1 arm=self_refine level=hard: per_fault={'budget': True, 'days': False, 'house_rule': True, 'room_type': True, 'transportation': False} all_resolved=False n_resolved=3/5 tokens=(5122,1933)
  N=5 tp_nonsynth_mf5_000029 seed=1 arm=full_regen level=hard: per_fault={'budget': True, 'days': True, 'house_rule': True, 'room_type': True, 'transportation': False} all_resolved=False n_resolved=4/5 tokens=(4060,1426)
  N=5 tp_nonsynth_mf5_000029 seed=1 arm=react level=hard: per_fault={'budget': True, 'days': True, 'house_rule': False, 'room_type': False, 'transportation': False} all_resolved=False n_resolved=2/5 tokens=(4116,2403)
  N=5 tp_nonsynth_mf5_000029 seed=1 arm=selfcheckgpt level=hard: per_fault={'budget': False, 'days': False, 'house_rule': True, 'room_type': True, 'transportation': False} all_resolved=False n_resolved=2/5 tokens=(14139,1189)
  N=5 tp_nonsynth_mf5_000029 seed=1 arm=reflexion level=hard: per_fault={'budget': True, 'days': False, 'house_rule': True, 'room_type': True, 'transportation': False} all_resolved=False n_resolved=3/5 tokens=(15603,2758)
  N=5 tp_nonsynth_mf5_000029 seed=1 arm=intro_specter level=hard: per_fault={'budget': True, 'days': False, 'house_rule': True, 'room_type': True, 'transportation': False} all_resolved=False n_resolved=3/5 tokens=(5274,1521)
  N=5 tp_nonsynth_mf5_000029 seed=2 arm=direct level=hard: per_fault={'budget': False, 'days': False, 'house_rule': True, 'room_type': True, 'transportation': False} all_resolved=False n_resolved=2/5 tokens=(2030,1009)
  N=5 tp_nonsynth_mf5_000029 seed=2 arm=self_refine level=hard: per_fault={'budget': True, 'days': False, 'house_rule': True, 'room_type': True, 'transportation': False} all_resolved=False n_resolved=3/5 tokens=(5659,2707)
[RETRY] selfcheckgpt task=tp_nonsynth_mf5_000031 seed=0 attempt 1/5 failed (provider returned no choices for 'mistralai/mistral-nemo': None); retrying in 3s
  N=5 tp_nonsynth_mf5_000029 seed=2 arm=full_regen level=hard: per_fault={'budget': False, 'days': False, 'house_rule': True, 'room_type': False, 'transportation': False} all_resolved=False n_resolved=1/5 tokens=(4060,1888)
  N=5 tp_nonsynth_mf5_000029 seed=2 arm=react level=hard: per_fault={'budget': False, 'days': True, 'house_rule': False, 'room_type': False, 'transportation': False} all_resolved=False n_resolved=1/5 tokens=(4116,2326)
  N=5 tp_nonsynth_mf5_000029 seed=2 arm=selfcheckgpt level=hard: per_fault={'budget': False, 'days': False, 'house_rule': True, 'room_type': True, 'transportation': False} all_resolved=False n_resolved=2/5 tokens=(12192,1486)
  N=5 tp_nonsynth_mf5_000029 seed=2 arm=reflexion level=hard: per_fault={'budget': True, 'days': False, 'house_rule': True, 'room_type': True, 'transportation': False} all_resolved=False n_resolved=3/5 tokens=(18720,4650)
  N=5 tp_nonsynth_mf5_000029 seed=2 arm=intro_specter level=hard: per_fault={'budget': False, 'days': False, 'house_rule': True, 'room_type': True, 'transportation': False} all_resolved=False n_resolved=2/5 tokens=(5811,2011)
  N=5 tp_nonsynth_mf5_000030 seed=0 arm=direct level=hard: per_fault={'budget': True, 'days': True, 'cuisine': False, 'house_rule': True, 'transportation': True} all_resolved=False n_resolved=4/5 tokens=(1980,1229)
  N=5 tp_nonsynth_mf5_000030 seed=0 arm=self_refine level=hard: per_fault={'budget': True, 'days': True, 'cuisine': False, 'house_rule': True, 'transportation': True} all_resolved=False n_resolved=4/5 tokens=(5352,2758)
  N=5 tp_nonsynth_mf5_000030 seed=0 arm=full_regen level=hard: per_fault={'budget': False, 'days': True, 'cuisine': False, 'house_rule': True, 'transportation': True} all_resolved=False n_resolved=3/5 tokens=(3960,2091)
  N=5 tp_nonsynth_mf5_000030 seed=0 arm=react level=hard: per_fault={'budget': True, 'days': True, 'cuisine': False, 'house_rule': True, 'transportation': False} all_resolved=False n_resolved=3/5 tokens=(4016,2049)
  N=5 tp_nonsynth_mf5_000030 seed=0 arm=selfcheckgpt level=hard: per_fault={'budget': True, 'days': True, 'cuisine': False, 'house_rule': True, 'transportation': True} all_resolved=False n_resolved=4/5 tokens=(14836,2447)
  N=5 tp_nonsynth_mf5_000030 seed=0 arm=reflexion level=hard: per_fault={'budget': True, 'days': True, 'cuisine': False, 'house_rule': True, 'transportation': True} all_resolved=False n_resolved=4/5 tokens=(18418,5578)
  N=5 tp_nonsynth_mf5_000030 seed=0 arm=intro_specter level=hard: per_fault={'budget': True, 'days': False, 'cuisine': False, 'house_rule': True, 'transportation': True} all_resolved=False n_resolved=3/5 tokens=(5503,2002)
  N=5 tp_nonsynth_mf5_000030 seed=1 arm=direct level=hard: per_fault={'budget': True, 'days': True, 'cuisine': False, 'house_rule': True, 'transportation': True} all_resolved=False n_resolved=4/5 tokens=(1980,1229)
  N=5 tp_nonsynth_mf5_000030 seed=1 arm=self_refine level=hard: per_fault={'budget': True, 'days': True, 'cuisine': False, 'house_rule': True, 'transportation': True} all_resolved=False n_resolved=4/5 tokens=(5352,2758)
  N=5 tp_nonsynth_mf5_000030 seed=1 arm=full_regen level=hard: per_fault={'budget': False, 'days': True, 'cuisine': False, 'house_rule': False, 'transportation': False} all_resolved=False n_resolved=1/5 tokens=(3960,1989)
  N=5 tp_nonsynth_mf5_000030 seed=1 arm=react level=hard: per_fault={'budget': True, 'days': True, 'cuisine': False, 'house_rule': True, 'transportation': False} all_resolved=False n_resolved=3/5 tokens=(4016,2049)
  N=5 tp_nonsynth_mf5_000030 seed=1 arm=selfcheckgpt level=hard: per_fault={'budget': True, 'days': True, 'cuisine': False, 'house_rule': True, 'transportation': True} all_resolved=False n_resolved=4/5 tokens=(14821,2423)
  N=5 tp_nonsynth_mf5_000030 seed=1 arm=reflexion level=hard: per_fault={'budget': True, 'days': True, 'cuisine': False, 'house_rule': True, 'transportation': True} all_resolved=False n_resolved=4/5 tokens=(18418,5578)
  N=5 tp_nonsynth_mf5_000030 seed=1 arm=intro_specter level=hard: per_fault={'budget': True, 'days': False, 'cuisine': False, 'house_rule': True, 'transportation': True} all_resolved=False n_resolved=3/5 tokens=(5503,2002)
  N=5 tp_nonsynth_mf5_000030 seed=2 arm=direct level=hard: per_fault={'budget': True, 'days': True, 'cuisine': False, 'house_rule': True, 'transportation': False} all_resolved=False n_resolved=3/5 tokens=(1980,1195)
  N=5 tp_nonsynth_mf5_000030 seed=2 arm=self_refine level=hard: per_fault={'budget': True, 'days': True, 'cuisine': False, 'house_rule': True, 'transportation': False} all_resolved=False n_resolved=3/5 tokens=(5486,3225)
  N=5 tp_nonsynth_mf5_000030 seed=2 arm=full_regen level=hard: per_fault={'budget': False, 'days': False, 'cuisine': False, 'house_rule': True, 'transportation': False} all_resolved=False n_resolved=1/5 tokens=(3960,1856)
  N=5 tp_nonsynth_mf5_000030 seed=2 arm=react level=hard: per_fault={'budget': True, 'days': False, 'cuisine': False, 'house_rule': False, 'transportation': False} all_resolved=False n_resolved=1/5 tokens=(4016,1600)
  N=5 tp_nonsynth_mf5_000030 seed=2 arm=selfcheckgpt level=hard: per_fault={'budget': True, 'days': True, 'cuisine': False, 'house_rule': True, 'transportation': False} all_resolved=False n_resolved=3/5 tokens=(18317,2821)
  N=5 tp_nonsynth_mf5_000030 seed=2 arm=reflexion level=hard: per_fault={'budget': False, 'days': False, 'cuisine': False, 'house_rule': False, 'transportation': False} all_resolved=False n_resolved=0/5 tokens=(18259,3726)
  N=5 tp_nonsynth_mf5_000030 seed=2 arm=intro_specter level=hard: per_fault={'budget': True, 'days': True, 'cuisine': False, 'house_rule': False, 'transportation': False} all_resolved=False n_resolved=2/5 tokens=(5638,2418)
  N=5 tp_nonsynth_mf5_000031 seed=0 arm=direct level=hard: per_fault={'budget': True, 'days': False, 'house_rule': True, 'room_type': False, 'transportation': False} all_resolved=False n_resolved=2/5 tokens=(1833,780)
  N=5 tp_nonsynth_mf5_000031 seed=0 arm=self_refine level=hard: per_fault={'budget': True, 'days': False, 'house_rule': True, 'room_type': True, 'transportation': True} all_resolved=False n_resolved=4/5 tokens=(4868,2013)
  N=5 tp_nonsynth_mf5_000031 seed=0 arm=full_regen level=hard: per_fault={'budget': False, 'days': False, 'house_rule': True, 'room_type': False, 'transportation': False} all_resolved=False n_resolved=1/5 tokens=(3666,1406)
  N=5 tp_nonsynth_mf5_000031 seed=0 arm=react level=hard: per_fault={'budget': True, 'days': False, 'house_rule': True, 'room_type': False, 'transportation': True} all_resolved=False n_resolved=3/5 tokens=(3722,1489)
  N=5 tp_nonsynth_mf5_000031 seed=0 arm=selfcheckgpt level=hard: per_fault={'budget': True, 'days': False, 'house_rule': True, 'room_type': False, 'transportation': False} all_resolved=False n_resolved=2/5 tokens=(12749,1262)
  N=5 tp_nonsynth_mf5_000031 seed=0 arm=reflexion level=hard: per_fault={'budget': True, 'days': False, 'house_rule': True, 'room_type': True, 'transportation': True} all_resolved=False n_resolved=4/5 tokens=(15296,2855)
  N=5 tp_nonsynth_mf5_000031 seed=0 arm=intro_specter level=hard: per_fault={'budget': True, 'days': False, 'house_rule': True, 'room_type': False, 'transportation': False} all_resolved=False n_resolved=2/5 tokens=(5020,1216)
  N=5 tp_nonsynth_mf5_000031 seed=1 arm=direct level=hard: per_fault={'budget': True, 'days': False, 'house_rule': True, 'room_type': False, 'transportation': False} all_resolved=False n_resolved=2/5 tokens=(1833,780)
  N=5 tp_nonsynth_mf5_000031 seed=1 arm=self_refine level=hard: per_fault={'budget': True, 'days': False, 'house_rule': True, 'room_type': True, 'transportation': True} all_resolved=False n_resolved=4/5 tokens=(4868,2013)
  N=5 tp_nonsynth_mf5_000031 seed=1 arm=full_regen level=hard: per_fault={'budget': True, 'days': True, 'house_rule': False, 'room_type': False, 'transportation': False} all_resolved=False n_resolved=2/5 tokens=(3666,2232)
  N=5 tp_nonsynth_mf5_000031 seed=1 arm=react level=hard: per_fault={'budget': True, 'days': False, 'house_rule': True, 'room_type': False, 'transportation': True} all_resolved=False n_resolved=3/5 tokens=(3722,1489)
  N=5 tp_nonsynth_mf5_000031 seed=1 arm=selfcheckgpt level=hard: per_fault={'budget': True, 'days': False, 'house_rule': True, 'room_type': False, 'transportation': False} all_resolved=False n_resolved=2/5 tokens=(12693,1171)
  N=5 tp_nonsynth_mf5_000031 seed=1 arm=reflexion level=hard: per_fault={'budget': True, 'days': False, 'house_rule': True, 'room_type': True, 'transportation': True} all_resolved=False n_resolved=4/5 tokens=(15296,2855)
  N=5 tp_nonsynth_mf5_000031 seed=1 arm=intro_specter level=hard: per_fault={'budget': True, 'days': False, 'house_rule': True, 'room_type': False, 'transportation': False} all_resolved=False n_resolved=2/5 tokens=(5020,1216)
  N=5 tp_nonsynth_mf5_000031 seed=2 arm=direct level=hard: per_fault={'budget': True, 'days': True, 'house_rule': True, 'room_type': False, 'transportation': False} all_resolved=False n_resolved=3/5 tokens=(1833,750)
  N=5 tp_nonsynth_mf5_000031 seed=2 arm=self_refine level=hard: per_fault={'budget': True, 'days': True, 'house_rule': True, 'room_type': False, 'transportation': False} all_resolved=False n_resolved=3/5 tokens=(4726,2094)
  N=5 tp_nonsynth_mf5_000031 seed=2 arm=full_regen level=hard: per_fault={'budget': False, 'days': False, 'house_rule': True, 'room_type': True, 'transportation': False} all_resolved=False n_resolved=2/5 tokens=(3666,1534)
  N=5 tp_nonsynth_mf5_000031 seed=2 arm=react level=hard: per_fault={'budget': False, 'days': False, 'house_rule': False, 'room_type': False, 'transportation': True} all_resolved=False n_resolved=1/5 tokens=(3722,1149)
  N=5 tp_nonsynth_mf5_000031 seed=2 arm=selfcheckgpt level=hard: per_fault={'budget': True, 'days': True, 'house_rule': True, 'room_type': False, 'transportation': False} all_resolved=False n_resolved=3/5 tokens=(12784,1295)
  N=5 tp_nonsynth_mf5_000031 seed=2 arm=reflexion level=hard: per_fault={'budget': True, 'days': True, 'house_rule': True, 'room_type': False, 'transportation': True} all_resolved=False n_resolved=4/5 tokens=(15773,3884)
  N=5 tp_nonsynth_mf5_000031 seed=2 arm=intro_specter level=hard: per_fault={'budget': True, 'days': False, 'house_rule': True, 'room_type': True, 'transportation': False} all_resolved=False n_resolved=3/5 tokens=(4878,1829)
  N=5 tp_nonsynth_mf5_000033 seed=0 arm=direct level=hard: per_fault={'budget': False, 'days': True, 'house_rule': True, 'room_type': False, 'transportation': False} all_resolved=False n_resolved=2/5 tokens=(1798,618)
  N=5 tp_nonsynth_mf5_000033 seed=0 arm=self_refine level=hard: per_fault={'budget': True, 'days': True, 'house_rule': True, 'room_type': True, 'transportation': False} all_resolved=False n_resolved=4/5 tokens=(4496,1555)
  N=5 tp_nonsynth_mf5_000033 seed=0 arm=full_regen level=hard: per_fault={'budget': True, 'days': False, 'house_rule': False, 'room_type': False, 'transportation': False} all_resolved=False n_resolved=1/5 tokens=(3596,1085)
  N=5 tp_nonsynth_mf5_000033 seed=0 arm=react level=hard: per_fault={'budget': False, 'days': False, 'house_rule': True, 'room_type': False, 'transportation': False} all_resolved=False n_resolved=1/5 tokens=(3652,1035)
  N=5 tp_nonsynth_mf5_000033 seed=0 arm=selfcheckgpt level=hard: per_fault={'budget': False, 'days': True, 'house_rule': True, 'room_type': False, 'transportation': False} all_resolved=False n_resolved=2/5 tokens=(12610,1176)
  N=5 tp_nonsynth_mf5_000033 seed=0 arm=reflexion level=hard: per_fault={'budget': True, 'days': True, 'house_rule': True, 'room_type': True, 'transportation': False} all_resolved=False n_resolved=4/5 tokens=(13725,2384)
  N=5 tp_nonsynth_mf5_000033 seed=0 arm=intro_specter level=hard: per_fault={'budget': True, 'days': False, 'house_rule': True, 'room_type': True, 'transportation': False} all_resolved=False n_resolved=3/5 tokens=(4648,1258)
  N=5 tp_nonsynth_mf5_000033 seed=1 arm=direct level=hard: per_fault={'budget': False, 'days': True, 'house_rule': True, 'room_type': False, 'transportation': False} all_resolved=False n_resolved=2/5 tokens=(1798,618)
  N=5 tp_nonsynth_mf5_000033 seed=1 arm=self_refine level=hard: per_fault={'budget': True, 'days': True, 'house_rule': True, 'room_type': True, 'transportation': False} all_resolved=False n_resolved=4/5 tokens=(4496,1555)
  N=5 tp_nonsynth_mf5_000033 seed=1 arm=full_regen level=hard: per_fault={'budget': False, 'days': False, 'house_rule': False, 'room_type': False, 'transportation': False} all_resolved=False n_resolved=0/5 tokens=(3596,1508)
  N=5 tp_nonsynth_mf5_000033 seed=1 arm=react level=hard: per_fault={'budget': False, 'days': False, 'house_rule': True, 'room_type': False, 'transportation': False} all_resolved=False n_resolved=1/5 tokens=(3652,1035)
  N=5 tp_nonsynth_mf5_000033 seed=1 arm=selfcheckgpt level=hard: per_fault={'budget': False, 'days': True, 'house_rule': True, 'room_type': False, 'transportation': False} all_resolved=False n_resolved=2/5 tokens=(12908,1526)
  N=5 tp_nonsynth_mf5_000033 seed=1 arm=reflexion level=hard: per_fault={'budget': True, 'days': True, 'house_rule': True, 'room_type': True, 'transportation': False} all_resolved=False n_resolved=4/5 tokens=(13725,2384)
  N=5 tp_nonsynth_mf5_000033 seed=1 arm=intro_specter level=hard: per_fault={'budget': True, 'days': False, 'house_rule': True, 'room_type': True, 'transportation': False} all_resolved=False n_resolved=3/5 tokens=(4648,1258)
  N=5 tp_nonsynth_mf5_000033 seed=2 arm=direct level=hard: per_fault={'budget': True, 'days': True, 'house_rule': False, 'room_type': False, 'transportation': False} all_resolved=False n_resolved=2/5 tokens=(1798,1169)
  N=5 tp_nonsynth_mf5_000033 seed=2 arm=self_refine level=hard: per_fault={'budget': True, 'days': True, 'house_rule': False, 'room_type': False, 'transportation': True} all_resolved=False n_resolved=3/5 tokens=(5117,2858)
  N=5 tp_nonsynth_mf5_000033 seed=2 arm=full_regen level=hard: per_fault={'budget': True, 'days': True, 'house_rule': False, 'room_type': False, 'transportation': False} all_resolved=False n_resolved=2/5 tokens=(3596,2129)
  N=5 tp_nonsynth_mf5_000033 seed=2 arm=react level=hard: per_fault={'budget': False, 'days': False, 'house_rule': True, 'room_type': False, 'transportation': False} all_resolved=False n_resolved=1/5 tokens=(3652,1574)
  N=5 tp_nonsynth_mf5_000033 seed=2 arm=selfcheckgpt level=hard: per_fault={'budget': True, 'days': True, 'house_rule': False, 'room_type': False, 'transportation': False} all_resolved=False n_resolved=2/5 tokens=(12680,1908)
  N=5 tp_nonsynth_mf5_000033 seed=2 arm=reflexion level=hard: per_fault={'budget': True, 'days': True, 'house_rule': True, 'room_type': True, 'transportation': True} all_resolved=True n_resolved=5/5 tokens=(8581,2623)
  N=5 tp_nonsynth_mf5_000033 seed=2 arm=intro_specter level=hard: per_fault={'budget': False, 'days': False, 'house_rule': False, 'room_type': True, 'transportation': False} all_resolved=False n_resolved=1/5 tokens=(5269,1910)
  N=5 tp_nonsynth_mf5_000034 seed=0 arm=direct level=hard: per_fault={'budget': False, 'days': False, 'cuisine': False, 'house_rule': True, 'transportation': True} all_resolved=False n_resolved=2/5 tokens=(1853,889)
  N=5 tp_nonsynth_mf5_000034 seed=0 arm=self_refine level=hard: per_fault={'budget': False, 'days': True, 'cuisine': False, 'house_rule': True, 'transportation': True} all_resolved=False n_resolved=3/5 tokens=(4884,2056)
  N=5 tp_nonsynth_mf5_000034 seed=0 arm=full_regen level=hard: per_fault={'budget': False, 'days': False, 'cuisine': False, 'house_rule': False, 'transportation': False} all_resolved=False n_resolved=0/5 tokens=(3706,1720)
  N=5 tp_nonsynth_mf5_000034 seed=0 arm=react level=hard: per_fault={'budget': True, 'days': False, 'cuisine': False, 'house_rule': False, 'transportation': False} all_resolved=False n_resolved=1/5 tokens=(3762,1490)
  N=5 tp_nonsynth_mf5_000034 seed=0 arm=selfcheckgpt level=hard: per_fault={'budget': False, 'days': False, 'cuisine': False, 'house_rule': True, 'transportation': True} all_resolved=False n_resolved=2/5 tokens=(13492,1323)
  N=5 tp_nonsynth_mf5_000034 seed=0 arm=reflexion level=hard: per_fault={'budget': True, 'days': True, 'cuisine': False, 'house_rule': True, 'transportation': True} all_resolved=False n_resolved=4/5 tokens=(15104,3041)
  N=5 tp_nonsynth_mf5_000034 seed=0 arm=intro_specter level=hard: per_fault={'budget': False, 'days': True, 'cuisine': False, 'house_rule': True, 'transportation': True} all_resolved=False n_resolved=3/5 tokens=(5036,1669)
  N=5 tp_nonsynth_mf5_000034 seed=1 arm=direct level=hard: per_fault={'budget': False, 'days': False, 'cuisine': False, 'house_rule': True, 'transportation': True} all_resolved=False n_resolved=2/5 tokens=(1853,889)
  N=5 tp_nonsynth_mf5_000034 seed=1 arm=self_refine level=hard: per_fault={'budget': False, 'days': True, 'cuisine': False, 'house_rule': True, 'transportation': True} all_resolved=False n_resolved=3/5 tokens=(4884,2056)
  N=5 tp_nonsynth_mf5_000034 seed=1 arm=full_regen level=hard: per_fault={'budget': True, 'days': True, 'cuisine': False, 'house_rule': True, 'transportation': False} all_resolved=False n_resolved=3/5 tokens=(3706,1671)
  N=5 tp_nonsynth_mf5_000034 seed=1 arm=react level=hard: per_fault={'budget': True, 'days': False, 'cuisine': False, 'house_rule': False, 'transportation': False} all_resolved=False n_resolved=1/5 tokens=(3762,1490)
  N=5 tp_nonsynth_mf5_000034 seed=1 arm=selfcheckgpt level=hard: per_fault={'budget': False, 'days': False, 'cuisine': False, 'house_rule': True, 'transportation': True} all_resolved=False n_resolved=2/5 tokens=(14520,1638)
  N=5 tp_nonsynth_mf5_000034 seed=1 arm=reflexion level=hard: per_fault={'budget': True, 'days': True, 'cuisine': False, 'house_rule': True, 'transportation': True} all_resolved=False n_resolved=4/5 tokens=(15104,3041)
  N=5 tp_nonsynth_mf5_000034 seed=1 arm=intro_specter level=hard: per_fault={'budget': False, 'days': True, 'cuisine': False, 'house_rule': True, 'transportation': True} all_resolved=False n_resolved=3/5 tokens=(5036,1669)
  N=5 tp_nonsynth_mf5_000034 seed=2 arm=direct level=hard: per_fault={'budget': True, 'days': True, 'cuisine': False, 'house_rule': True, 'transportation': False} all_resolved=False n_resolved=3/5 tokens=(1853,1719)
  N=5 tp_nonsynth_mf5_000034 seed=2 arm=self_refine level=hard: per_fault={'budget': True, 'days': True, 'cuisine': False, 'house_rule': True, 'transportation': True} all_resolved=False n_resolved=4/5 tokens=(5924,3683)
  N=5 tp_nonsynth_mf5_000034 seed=2 arm=full_regen level=hard: per_fault={'budget': True, 'days': True, 'cuisine': False, 'house_rule': True, 'transportation': False} all_resolved=False n_resolved=3/5 tokens=(3706,2544)
  N=5 tp_nonsynth_mf5_000034 seed=2 arm=react level=hard: per_fault={'budget': True, 'days': False, 'cuisine': False, 'house_rule': False, 'transportation': False} all_resolved=False n_resolved=1/5 tokens=(3762,2100)
  N=5 tp_nonsynth_mf5_000034 seed=2 arm=selfcheckgpt level=hard: per_fault={'budget': True, 'days': True, 'cuisine': False, 'house_rule': True, 'transportation': False} all_resolved=False n_resolved=3/5 tokens=(13536,2945)
  N=5 tp_nonsynth_mf5_000034 seed=2 arm=reflexion level=hard: per_fault={'budget': True, 'days': True, 'cuisine': False, 'house_rule': True, 'transportation': True} all_resolved=False n_resolved=4/5 tokens=(20088,5792)
  N=5 tp_nonsynth_mf5_000034 seed=2 arm=intro_specter level=hard: per_fault={'budget': True, 'days': True, 'cuisine': False, 'house_rule': True, 'transportation': False} all_resolved=False n_resolved=3/5 tokens=(6076,2166)
  N=5 tp_nonsynth_mf5_000035 seed=0 arm=direct level=hard: per_fault={'budget': False, 'days': False, 'cuisine': True, 'house_rule': True, 'transportation': True} all_resolved=False n_resolved=3/5 tokens=(1917,359)
  N=5 tp_nonsynth_mf5_000035 seed=0 arm=self_refine level=hard: per_fault={'budget': False, 'days': False, 'cuisine': True, 'house_rule': True, 'transportation': True} all_resolved=False n_resolved=3/5 tokens=(4363,1047)
  N=5 tp_nonsynth_mf5_000035 seed=0 arm=full_regen level=hard: per_fault={'budget': True, 'days': False, 'cuisine': False, 'house_rule': True, 'transportation': True} all_resolved=False n_resolved=3/5 tokens=(3834,896)
  N=5 tp_nonsynth_mf5_000035 seed=0 arm=react level=hard: per_fault={'budget': True, 'days': False, 'cuisine': False, 'house_rule': False, 'transportation': False} all_resolved=False n_resolved=1/5 tokens=(3890,989)
  N=5 tp_nonsynth_mf5_000035 seed=0 arm=selfcheckgpt level=hard: per_fault={'budget': False, 'days': False, 'cuisine': True, 'house_rule': True, 'transportation': True} all_resolved=False n_resolved=3/5 tokens=(11413,652)
  N=5 tp_nonsynth_mf5_000035 seed=0 arm=reflexion level=hard: per_fault={'budget': True, 'days': True, 'cuisine': True, 'house_rule': True, 'transportation': True} all_resolved=True n_resolved=5/5 tokens=(12618,2064)
  N=5 tp_nonsynth_mf5_000035 seed=0 arm=intro_specter level=hard: per_fault={'budget': True, 'days': False, 'cuisine': True, 'house_rule': True, 'transportation': True} all_resolved=False n_resolved=4/5 tokens=(4515,1167)
  N=5 tp_nonsynth_mf5_000035 seed=1 arm=direct level=hard: per_fault={'budget': False, 'days': False, 'cuisine': True, 'house_rule': True, 'transportation': True} all_resolved=False n_resolved=3/5 tokens=(1917,359)
  N=5 tp_nonsynth_mf5_000035 seed=1 arm=self_refine level=hard: per_fault={'budget': False, 'days': False, 'cuisine': True, 'house_rule': True, 'transportation': True} all_resolved=False n_resolved=3/5 tokens=(4363,1047)
  N=5 tp_nonsynth_mf5_000035 seed=1 arm=full_regen level=hard: per_fault={'budget': True, 'days': True, 'cuisine': False, 'house_rule': True, 'transportation': True} all_resolved=False n_resolved=4/5 tokens=(3833,1751)
  N=5 tp_nonsynth_mf5_000035 seed=1 arm=react level=hard: per_fault={'budget': True, 'days': False, 'cuisine': False, 'house_rule': False, 'transportation': False} all_resolved=False n_resolved=1/5 tokens=(3890,989)
  N=5 tp_nonsynth_mf5_000035 seed=1 arm=selfcheckgpt level=hard: per_fault={'budget': False, 'days': False, 'cuisine': True, 'house_rule': True, 'transportation': True} all_resolved=False n_resolved=3/5 tokens=(13410,911)
  N=5 tp_nonsynth_mf5_000035 seed=1 arm=reflexion level=hard: per_fault={'budget': True, 'days': True, 'cuisine': True, 'house_rule': True, 'transportation': True} all_resolved=True n_resolved=5/5 tokens=(12618,2064)
  N=5 tp_nonsynth_mf5_000035 seed=1 arm=intro_specter level=hard: per_fault={'budget': True, 'days': False, 'cuisine': True, 'house_rule': True, 'transportation': True} all_resolved=False n_resolved=4/5 tokens=(4515,1167)
  N=5 tp_nonsynth_mf5_000035 seed=2 arm=direct level=hard: per_fault={'budget': True, 'days': False, 'cuisine': False, 'house_rule': True, 'transportation': True} all_resolved=False n_resolved=3/5 tokens=(1917,657)
  N=5 tp_nonsynth_mf5_000035 seed=2 arm=self_refine level=hard: per_fault={'budget': True, 'days': True, 'cuisine': False, 'house_rule': True, 'transportation': True} all_resolved=False n_resolved=4/5 tokens=(4696,2432)
  N=5 tp_nonsynth_mf5_000035 seed=2 arm=full_regen level=hard: per_fault={'budget': False, 'days': False, 'cuisine': False, 'house_rule': True, 'transportation': False} all_resolved=False n_resolved=1/5 tokens=(3834,1262)
  N=5 tp_nonsynth_mf5_000035 seed=2 arm=react level=hard: per_fault={'budget': True, 'days': False, 'cuisine': False, 'house_rule': True, 'transportation': False} all_resolved=False n_resolved=2/5 tokens=(3890,1305)
  N=5 tp_nonsynth_mf5_000035 seed=2 arm=selfcheckgpt level=hard: per_fault={'budget': True, 'days': False, 'cuisine': False, 'house_rule': True, 'transportation': True} all_resolved=False n_resolved=3/5 tokens=(11459,1121)
  N=5 tp_nonsynth_mf5_000035 seed=2 arm=reflexion level=hard: per_fault={'budget': True, 'days': False, 'cuisine': False, 'house_rule': True, 'transportation': True} all_resolved=False n_resolved=3/5 tokens=(12405,2085)
  N=5 tp_nonsynth_mf5_000035 seed=2 arm=intro_specter level=hard: per_fault={'budget': True, 'days': False, 'cuisine': False, 'house_rule': True, 'transportation': False} all_resolved=False n_resolved=2/5 tokens=(4848,1767)
  N=5 tp_nonsynth_mf5_000036 seed=0 arm=direct level=hard: per_fault={'budget': True, 'days': False, 'house_rule': True, 'room_type': True, 'transportation': False} all_resolved=False n_resolved=3/5 tokens=(1821,687)
  N=5 tp_nonsynth_mf5_000036 seed=0 arm=self_refine level=hard: per_fault={'budget': True, 'days': False, 'house_rule': True, 'room_type': True, 'transportation': False} all_resolved=False n_resolved=3/5 tokens=(4723,1738)
  N=5 tp_nonsynth_mf5_000036 seed=0 arm=full_regen level=hard: per_fault={'budget': False, 'days': False, 'house_rule': True, 'room_type': False, 'transportation': False} all_resolved=False n_resolved=1/5 tokens=(3642,1242)
  N=5 tp_nonsynth_mf5_000036 seed=0 arm=react level=hard: per_fault={'budget': False, 'days': False, 'house_rule': False, 'room_type': False, 'transportation': False} all_resolved=False n_resolved=0/5 tokens=(3698,1172)
  N=5 tp_nonsynth_mf5_000036 seed=0 arm=selfcheckgpt level=hard: per_fault={'budget': True, 'days': False, 'house_rule': True, 'room_type': True, 'transportation': False} all_resolved=False n_resolved=3/5 tokens=(12782,1287)
  N=5 tp_nonsynth_mf5_000036 seed=0 arm=reflexion level=hard: per_fault={'budget': True, 'days': False, 'house_rule': True, 'room_type': True, 'transportation': False} all_resolved=False n_resolved=3/5 tokens=(14758,2719)
  N=5 tp_nonsynth_mf5_000036 seed=0 arm=intro_specter level=hard: per_fault={'budget': True, 'days': True, 'house_rule': True, 'room_type': False, 'transportation': False} all_resolved=False n_resolved=3/5 tokens=(4875,1542)
  N=5 tp_nonsynth_mf5_000036 seed=1 arm=direct level=hard: per_fault={'budget': True, 'days': False, 'house_rule': True, 'room_type': True, 'transportation': False} all_resolved=False n_resolved=3/5 tokens=(1821,687)
  N=5 tp_nonsynth_mf5_000036 seed=1 arm=self_refine level=hard: per_fault={'budget': True, 'days': False, 'house_rule': True, 'room_type': True, 'transportation': False} all_resolved=False n_resolved=3/5 tokens=(4723,1738)
  N=5 tp_nonsynth_mf5_000036 seed=1 arm=full_regen level=hard: per_fault={'budget': False, 'days': False, 'house_rule': True, 'room_type': True, 'transportation': False} all_resolved=False n_resolved=2/5 tokens=(3642,1495)
  N=5 tp_nonsynth_mf5_000036 seed=1 arm=react level=hard: per_fault={'budget': False, 'days': False, 'house_rule': False, 'room_type': False, 'transportation': False} all_resolved=False n_resolved=0/5 tokens=(3698,1172)
  N=5 tp_nonsynth_mf5_000036 seed=1 arm=selfcheckgpt level=hard: per_fault={'budget': True, 'days': False, 'house_rule': True, 'room_type': True, 'transportation': False} all_resolved=False n_resolved=3/5 tokens=(12570,927)
  N=5 tp_nonsynth_mf5_000036 seed=1 arm=reflexion level=hard: per_fault={'budget': True, 'days': False, 'house_rule': True, 'room_type': True, 'transportation': False} all_resolved=False n_resolved=3/5 tokens=(14758,2719)
  N=5 tp_nonsynth_mf5_000036 seed=1 arm=intro_specter level=hard: per_fault={'budget': True, 'days': True, 'house_rule': True, 'room_type': False, 'transportation': False} all_resolved=False n_resolved=3/5 tokens=(4875,1542)
  N=5 tp_nonsynth_mf5_000036 seed=2 arm=direct level=hard: per_fault={'budget': False, 'days': True, 'house_rule': True, 'room_type': False, 'transportation': False} all_resolved=False n_resolved=2/5 tokens=(1821,958)
  N=5 tp_nonsynth_mf5_000036 seed=2 arm=self_refine level=hard: per_fault={'budget': False, 'days': True, 'house_rule': True, 'room_type': True, 'transportation': False} all_resolved=False n_resolved=3/5 tokens=(4910,2547)
  N=5 tp_nonsynth_mf5_000036 seed=2 arm=full_regen level=hard: per_fault={'budget': False, 'days': False, 'house_rule': False, 'room_type': False, 'transportation': False} all_resolved=False n_resolved=0/5 tokens=(3642,1630)
  N=5 tp_nonsynth_mf5_000036 seed=2 arm=react level=hard: per_fault={'budget': False, 'days': False, 'house_rule': True, 'room_type': False, 'transportation': False} all_resolved=False n_resolved=1/5 tokens=(3698,1704)
  N=5 tp_nonsynth_mf5_000036 seed=2 arm=selfcheckgpt level=hard: per_fault={'budget': False, 'days': True, 'house_rule': True, 'room_type': False, 'transportation': False} all_resolved=False n_resolved=2/5 tokens=(12519,1287)
  N=5 tp_nonsynth_mf5_000036 seed=2 arm=reflexion level=hard: per_fault={'budget': True, 'days': True, 'house_rule': True, 'room_type': True, 'transportation': True} all_resolved=True n_resolved=5/5 tokens=(8141,2240)
  N=5 tp_nonsynth_mf5_000036 seed=2 arm=intro_specter level=hard: per_fault={'budget': False, 'days': False, 'house_rule': False, 'room_type': False, 'transportation': False} all_resolved=False n_resolved=0/5 tokens=(5062,1529)
  N=5 tp_nonsynth_mf5_000038 seed=0 arm=direct level=hard: per_fault={'budget': True, 'days': True, 'house_rule': True, 'room_type': False, 'transportation': False} all_resolved=False n_resolved=3/5 tokens=(1761,888)
  N=5 tp_nonsynth_mf5_000038 seed=0 arm=self_refine level=hard: per_fault={'budget': True, 'days': True, 'house_rule': True, 'room_type': True, 'transportation': False} all_resolved=False n_resolved=4/5 tokens=(4664,2036)
  N=5 tp_nonsynth_mf5_000038 seed=0 arm=full_regen level=hard: per_fault={'budget': False, 'days': True, 'house_rule': False, 'room_type': False, 'transportation': False} all_resolved=False n_resolved=1/5 tokens=(3522,1798)
  N=5 tp_nonsynth_mf5_000038 seed=0 arm=react level=hard: per_fault={'budget': True, 'days': True, 'house_rule': False, 'room_type': False, 'transportation': False} all_resolved=False n_resolved=2/5 tokens=(3578,1975)
  N=5 tp_nonsynth_mf5_000038 seed=0 arm=selfcheckgpt level=hard: per_fault={'budget': True, 'days': True, 'house_rule': True, 'room_type': True, 'transportation': False} all_resolved=False n_resolved=4/5 tokens=(15569,2025)
  N=5 tp_nonsynth_mf5_000038 seed=0 arm=reflexion level=hard: per_fault={'budget': True, 'days': True, 'house_rule': True, 'room_type': True, 'transportation': True} all_resolved=True n_resolved=5/5 tokens=(14530,2915)
  N=5 tp_nonsynth_mf5_000038 seed=0 arm=intro_specter level=hard: per_fault={'budget': False, 'days': False, 'house_rule': True, 'room_type': True, 'transportation': False} all_resolved=False n_resolved=2/5 tokens=(4816,1430)
  N=5 tp_nonsynth_mf5_000038 seed=1 arm=direct level=hard: per_fault={'budget': True, 'days': True, 'house_rule': True, 'room_type': False, 'transportation': False} all_resolved=False n_resolved=3/5 tokens=(1761,888)
  N=5 tp_nonsynth_mf5_000038 seed=1 arm=self_refine level=hard: per_fault={'budget': True, 'days': True, 'house_rule': True, 'room_type': True, 'transportation': False} all_resolved=False n_resolved=4/5 tokens=(4664,2036)
  N=5 tp_nonsynth_mf5_000038 seed=1 arm=full_regen level=hard: per_fault={'budget': False, 'days': False, 'house_rule': False, 'room_type': True, 'transportation': False} all_resolved=False n_resolved=1/5 tokens=(3522,1510)
  N=5 tp_nonsynth_mf5_000038 seed=1 arm=react level=hard: per_fault={'budget': True, 'days': True, 'house_rule': False, 'room_type': False, 'transportation': False} all_resolved=False n_resolved=2/5 tokens=(3578,1975)
  N=5 tp_nonsynth_mf5_000038 seed=1 arm=selfcheckgpt level=hard: per_fault={'budget': True, 'days': True, 'house_rule': True, 'room_type': False, 'transportation': False} all_resolved=False n_resolved=3/5 tokens=(14203,1624)
  N=5 tp_nonsynth_mf5_000038 seed=1 arm=reflexion level=hard: per_fault={'budget': True, 'days': True, 'house_rule': True, 'room_type': True, 'transportation': True} all_resolved=True n_resolved=5/5 tokens=(14530,2915)
  N=5 tp_nonsynth_mf5_000038 seed=1 arm=intro_specter level=hard: per_fault={'budget': False, 'days': False, 'house_rule': True, 'room_type': True, 'transportation': False} all_resolved=False n_resolved=2/5 tokens=(4816,1430)
  N=5 tp_nonsynth_mf5_000038 seed=2 arm=direct level=hard: per_fault={'budget': True, 'days': True, 'house_rule': True, 'room_type': False, 'transportation': False} all_resolved=False n_resolved=3/5 tokens=(1761,664)
[RETRY] selfcheckgpt task=tp_nonsynth_mf5_000042 seed=1 attempt 1/5 failed (failed to obtain JSON after 3 attempts: could not parse JSON from model output:
{
  "final_output": "{\"day\":[{\"day\":1,\"hotel\":\"Hotel 1\",\"meal\":[{\"meal\":\"Breakfast\",\"restaurant\":\"Restaurant 1\",\"cost\":500}],\"attraction\":[{\"attraction\":\"Attraction 1\",\"cost\":2000}]},{\"day\":2....],\"total_cost\":14750}"}
}); retrying in 3s
[RETRY] selfcheckgpt task=tp_nonsynth_mf5_000042 seed=1 attempt 2/5 failed (failed to obtain JSON after 3 attempts: could not parse JSON from model output:
{
  "final_output": "{\"day\":[{\"day\":1,\"hotel\":\"Hotel 1\",\"meal\":[{\"meal\":\"Breakfast\",\"restaurant\":\"Restaurant 1\",\"cost\":500}],\"attraction\":[{\"attraction\":\"Attraction 1\",\"cost\":2000}]},{\"day\":2....],\"total_cost\":14750}"}
}); retrying in 6s
[RETRY] selfcheckgpt task=tp_nonsynth_mf5_000042 seed=1 attempt 3/5 failed (failed to obtain JSON after 3 attempts: could not parse JSON from model output:
{
  "final_output": "{\"day\":[{\"day\":1,\"hotel\":\"Hotel 1\",\"meal\":[{\"meal\":\"Breakfast\",\"restaurant\":\"Restaurant 1\",\"cost\":500}],\"attraction\":[{\"attraction\":\"Attraction 1\",\"cost\":2000}]},{\"day\":2....],\"total_cost\":14750}"}
}); retrying in 12s
[RETRY] selfcheckgpt task=tp_nonsynth_mf5_000042 seed=1 attempt 4/5 failed (failed to obtain JSON after 3 attempts: could not parse JSON from model output:
{
  "final_output": "{\"day\":[{\"day\":1,\"hotel\":\"Hotel 1\",\"meal\":[{\"meal\":\"Breakfast\",\"restaurant\":\"Restaurant 1\",\"cost\":500}],\"attraction\":[{\"attraction\":\"Attraction 1\",\"cost\":2000}]},{\"day\":2....],\"total_cost\":14750}"}
}); retrying in 24s
[ERROR] selfcheckgpt failed task=tp_nonsynth_mf5_000042 seed=1: failed to obtain JSON after 3 attempts: could not parse JSON from model output:
{
  "final_output": "{\"day\":[{\"day\":1,\"hotel\":\"Hotel 1\",\"meal\":[{\"meal\":\"Breakfast\",\"restaurant\":\"Restaurant 1\",\"cost\":500}],\"attraction\":[{\"attraction\":\"Attraction 1\",\"cost\":2000}]},{\"day\":2....],\"total_cost\":14750}"}
}
[RETRY] selfcheckgpt task=tp_nonsynth_mf5_000043 seed=1 attempt 1/5 failed (failed to obtain JSON after 3 attempts: could not parse JSON from model output:
{
  "final_output": "None - User constraints contradict local booking system constraints."); retrying in 3s
[RETRY] selfcheckgpt task=tp_nonsynth_mf5_000043 seed=1 attempt 2/5 failed (failed to obtain JSON after 3 attempts: could not parse JSON from model output:
{
  "final_output": "None - User constraints contradict local booking system constraints."); retrying in 6s
[RETRY] selfcheckgpt task=tp_nonsynth_mf5_000043 seed=1 attempt 3/5 failed (failed to obtain JSON after 3 attempts: could not parse JSON from model output:
{
  "final_output": "None - User constraints contradict local booking system constraints."); retrying in 12s
[RETRY] selfcheckgpt task=tp_nonsynth_mf5_000043 seed=1 attempt 4/5 failed (failed to obtain JSON after 3 attempts: could not parse JSON from model output:
{
  "final_output": "None - User constraints contradict local booking system constraints."); retrying in 24s
[ERROR] selfcheckgpt failed task=tp_nonsynth_mf5_000043 seed=1: failed to obtain JSON after 3 attempts: could not parse JSON from model output:
{
  "final_output": "None - User constraints contradict local booking system constraints."
  N=5 tp_nonsynth_mf5_000038 seed=2 arm=self_refine level=hard: per_fault={'budget': True, 'days': True, 'house_rule': True, 'room_type': True, 'transportation': True} all_resolved=True n_resolved=5/5 tokens=(4524,1885)
  N=5 tp_nonsynth_mf5_000038 seed=2 arm=full_regen level=hard: per_fault={'budget': False, 'days': False, 'house_rule': True, 'room_type': False, 'transportation': False} all_resolved=False n_resolved=1/5 tokens=(3522,1291)
  N=5 tp_nonsynth_mf5_000038 seed=2 arm=react level=hard: per_fault={'budget': True, 'days': False, 'house_rule': False, 'room_type': False, 'transportation': False} all_resolved=False n_resolved=1/5 tokens=(3578,1176)
  N=5 tp_nonsynth_mf5_000038 seed=2 arm=selfcheckgpt level=hard: per_fault={'budget': True, 'days': True, 'house_rule': True, 'room_type': False, 'transportation': False} all_resolved=False n_resolved=3/5 tokens=(12485,1533)
  N=5 tp_nonsynth_mf5_000038 seed=2 arm=reflexion level=hard: per_fault={'budget': True, 'days': True, 'house_rule': True, 'room_type': True, 'transportation': True} all_resolved=True n_resolved=5/5 tokens=(7394,2176)
  N=5 tp_nonsynth_mf5_000038 seed=2 arm=intro_specter level=hard: per_fault={'budget': True, 'days': True, 'house_rule': True, 'room_type': False, 'transportation': False} all_resolved=False n_resolved=3/5 tokens=(4676,1365)
  N=5 tp_nonsynth_mf5_000042 seed=0 arm=direct level=hard: per_fault={'budget': True, 'days': True, 'cuisine': False, 'room_type': False, 'transportation': False} all_resolved=False n_resolved=2/5 tokens=(1964,1010)
  N=5 tp_nonsynth_mf5_000042 seed=0 arm=self_refine level=hard: per_fault={'budget': True, 'days': True, 'cuisine': False, 'room_type': False, 'transportation': False} all_resolved=False n_resolved=2/5 tokens=(5052,2116)
  N=5 tp_nonsynth_mf5_000042 seed=0 arm=full_regen level=hard: per_fault={'budget': True, 'days': True, 'cuisine': False, 'room_type': False, 'transportation': False} all_resolved=False n_resolved=2/5 tokens=(3928,1898)
  N=5 tp_nonsynth_mf5_000042 seed=0 arm=react level=hard: per_fault={'budget': True, 'days': False, 'cuisine': False, 'room_type': False, 'transportation': False} all_resolved=False n_resolved=1/5 tokens=(3984,1534)
  N=5 tp_nonsynth_mf5_000042 seed=0 arm=selfcheckgpt level=hard: per_fault={'budget': True, 'days': True, 'cuisine': False, 'room_type': False, 'transportation': False} all_resolved=False n_resolved=2/5 tokens=(14026,1795)
  N=5 tp_nonsynth_mf5_000042 seed=0 arm=reflexion level=hard: per_fault={'budget': True, 'days': True, 'cuisine': True, 'room_type': True, 'transportation': True} all_resolved=True n_resolved=5/5 tokens=(15980,3211)
  N=5 tp_nonsynth_mf5_000042 seed=0 arm=intro_specter level=hard: per_fault={'budget': False, 'days': False, 'cuisine': False, 'room_type': False, 'transportation': False} all_resolved=False n_resolved=0/5 tokens=(5204,1285)
  N=5 tp_nonsynth_mf5_000042 seed=1 arm=direct level=hard: per_fault={'budget': True, 'days': True, 'cuisine': False, 'room_type': False, 'transportation': False} all_resolved=False n_resolved=2/5 tokens=(1964,1010)
  N=5 tp_nonsynth_mf5_000042 seed=1 arm=self_refine level=hard: per_fault={'budget': True, 'days': True, 'cuisine': False, 'room_type': False, 'transportation': False} all_resolved=False n_resolved=2/5 tokens=(5052,2116)
  N=5 tp_nonsynth_mf5_000042 seed=1 arm=full_regen level=hard: per_fault={'budget': True, 'days': True, 'cuisine': False, 'room_type': False, 'transportation': False} all_resolved=False n_resolved=2/5 tokens=(3928,1784)
  N=5 tp_nonsynth_mf5_000042 seed=1 arm=react level=hard: per_fault={'budget': True, 'days': False, 'cuisine': False, 'room_type': False, 'transportation': False} all_resolved=False n_resolved=1/5 tokens=(3984,1534)
  N=5 tp_nonsynth_mf5_000042 seed=1 arm=reflexion level=hard: per_fault={'budget': True, 'days': True, 'cuisine': True, 'room_type': True, 'transportation': True} all_resolved=True n_resolved=5/5 tokens=(15980,3211)
  N=5 tp_nonsynth_mf5_000042 seed=1 arm=intro_specter level=hard: per_fault={'budget': False, 'days': False, 'cuisine': False, 'room_type': False, 'transportation': False} all_resolved=False n_resolved=0/5 tokens=(5204,1285)
  N=5 tp_nonsynth_mf5_000042 seed=2 arm=direct level=hard: per_fault={'budget': True, 'days': False, 'cuisine': False, 'room_type': False, 'transportation': False} all_resolved=False n_resolved=1/5 tokens=(1964,588)
  N=5 tp_nonsynth_mf5_000042 seed=2 arm=self_refine level=hard: per_fault={'budget': True, 'days': False, 'cuisine': False, 'room_type': True, 'transportation': False} all_resolved=False n_resolved=2/5 tokens=(4798,1779)
  N=5 tp_nonsynth_mf5_000042 seed=2 arm=full_regen level=hard: per_fault={'budget': True, 'days': False, 'cuisine': False, 'room_type': True, 'transportation': False} all_resolved=False n_resolved=2/5 tokens=(3928,1222)
  N=5 tp_nonsynth_mf5_000042 seed=2 arm=react level=hard: per_fault={'budget': True, 'days': False, 'cuisine': False, 'room_type': False, 'transportation': False} all_resolved=False n_resolved=1/5 tokens=(3984,1167)
  N=5 tp_nonsynth_mf5_000042 seed=2 arm=selfcheckgpt level=hard: per_fault={'budget': True, 'days': False, 'cuisine': False, 'room_type': False, 'transportation': False} all_resolved=False n_resolved=1/5 tokens=(13754,1108)
  N=5 tp_nonsynth_mf5_000042 seed=2 arm=reflexion level=hard: per_fault={'budget': True, 'days': False, 'cuisine': False, 'room_type': True, 'transportation': False} all_resolved=False n_resolved=2/5 tokens=(14657,2342)
  N=5 tp_nonsynth_mf5_000042 seed=2 arm=intro_specter level=hard: per_fault={'budget': True, 'days': False, 'cuisine': False, 'room_type': True, 'transportation': False} all_resolved=False n_resolved=2/5 tokens=(4950,1040)
  N=5 tp_nonsynth_mf5_000043 seed=0 arm=direct level=hard: per_fault={'budget': False, 'days': True, 'house_rule': False, 'room_type': False, 'transportation': False} all_resolved=False n_resolved=1/5 tokens=(1826,791)
  N=5 tp_nonsynth_mf5_000043 seed=0 arm=self_refine level=hard: per_fault={'budget': False, 'days': True, 'house_rule': False, 'room_type': True, 'transportation': False} all_resolved=False n_resolved=2/5 tokens=(4865,2249)
  N=5 tp_nonsynth_mf5_000043 seed=0 arm=full_regen level=hard: per_fault={'budget': False, 'days': False, 'house_rule': False, 'room_type': False, 'transportation': False} all_resolved=False n_resolved=0/5 tokens=(3652,1308)
  N=5 tp_nonsynth_mf5_000043 seed=0 arm=react level=hard: per_fault={'budget': True, 'days': True, 'house_rule': False, 'room_type': False, 'transportation': False} all_resolved=False n_resolved=2/5 tokens=(3708,1337)
  N=5 tp_nonsynth_mf5_000043 seed=0 arm=selfcheckgpt level=hard: per_fault={'budget': False, 'days': True, 'house_rule': False, 'room_type': False, 'transportation': False} all_resolved=False n_resolved=1/5 tokens=(12724,1291)
  N=5 tp_nonsynth_mf5_000043 seed=0 arm=reflexion level=hard: per_fault={'budget': True, 'days': True, 'house_rule': True, 'room_type': True, 'transportation': False} all_resolved=False n_resolved=4/5 tokens=(15473,3051)
  N=5 tp_nonsynth_mf5_000043 seed=0 arm=intro_specter level=hard: per_fault={'budget': True, 'days': False, 'house_rule': False, 'room_type': False, 'transportation': False} all_resolved=False n_resolved=1/5 tokens=(5017,1352)
  N=5 tp_nonsynth_mf5_000043 seed=1 arm=direct level=hard: per_fault={'budget': False, 'days': True, 'house_rule': False, 'room_type': False, 'transportation': False} all_resolved=False n_resolved=1/5 tokens=(1826,791)
  N=5 tp_nonsynth_mf5_000043 seed=1 arm=self_refine level=hard: per_fault={'budget': False, 'days': True, 'house_rule': False, 'room_type': True, 'transportation': False} all_resolved=False n_resolved=2/5 tokens=(4865,2249)
  N=5 tp_nonsynth_mf5_000043 seed=1 arm=full_regen level=hard: per_fault={'budget': False, 'days': False, 'house_rule': False, 'room_type': False, 'transportation': False} all_resolved=False n_resolved=0/5 tokens=(3652,1442)
  N=5 tp_nonsynth_mf5_000043 seed=1 arm=react level=hard: per_fault={'budget': True, 'days': True, 'house_rule': False, 'room_type': False, 'transportation': False} all_resolved=False n_resolved=2/5 tokens=(3708,1337)
[RETRY] selfcheckgpt task=tp_nonsynth_mf5_000048 seed=0 attempt 1/5 failed (failed to obtain JSON after 3 attempts: could not parse JSON from model output:
{
  "final_output": "{" +
    "\"day1\":{\"accommodation\":\"Entire home/apt\",\"meal\":\"Lunch: Gourmet Wrestlers (Mexican), Dinner: Little Italy (Italian)\",\"activity\":\"Space Center Houston ($16.95)\",\"total\":140.95}," +
    "\"day2\":{\"accommodation\":\"Entire home/apt\",\"meal\":\"Breakfast: House of Pies, Lunch: Hognutz BBQ (American), Dinner: Red Lamb (Chinese)\",\"activity\":\"Houston Zoological Gardens ($24.95)\",\"total\":114.95}," +
    "\"day3\":{\"accommodation\":\"Entire home/); retrying in 3s
[RETRY] selfcheckgpt task=tp_nonsynth_mf5_000048 seed=0 attempt 2/5 failed (failed to obtain JSON after 3 attempts: could not parse JSON from model output:
{
  "final_output": "{" +
    "\"day1\":{\"accommodation\":\"Entire home/apt\",\"meal\":\"Lunch: Gourmet Wrestlers (Mexican), Dinner: Little Italy (Italian)\",\"activity\":\"Space Center Houston ($16.95)\",\"total\":140.95}," +
    "\"day2\":{\"accommodation\":\"Entire home/apt\",\"meal\":\"Breakfast: House of Pies, Lunch: Hognutz BBQ (American), Dinner: Red Lamb (Chinese)\",\"activity\":\"Houston Zoological Gardens ($24.95)\",\"total\":114.95}," +
    "\"day3\":{\"accommodation\":\"Entire home/); retrying in 6s
[RETRY] selfcheckgpt task=tp_nonsynth_mf5_000048 seed=0 attempt 3/5 failed (failed to obtain JSON after 3 attempts: could not parse JSON from model output:
{
  "final_output": "{" +
    "\"day1\":{\"accommodation\":\"Entire home/apt\",\"meal\":\"Lunch: Gourmet Wrestlers (Mexican), Dinner: Little Italy (Italian)\",\"activity\":\"Space Center Houston ($16.95)\",\"total\":140.95}," +
    "\"day2\":{\"accommodation\":\"Entire home/apt\",\"meal\":\"Breakfast: House of Pies, Lunch: Hognutz BBQ (American), Dinner: Red Lamb (Chinese)\",\"activity\":\"Houston Zoological Gardens ($24.95)\",\"total\":114.95}," +
    "\"day3\":{\"accommodation\":\"Entire home/); retrying in 12s
[RETRY] selfcheckgpt task=tp_nonsynth_mf5_000048 seed=0 attempt 4/5 failed (failed to obtain JSON after 3 attempts: could not parse JSON from model output:
{
  "final_output": "{" +
    "\"day1\":{\"accommodation\":\"Entire home/apt\",\"meal\":\"Lunch: Gourmet Wrestlers (Mexican), Dinner: Little Italy (Italian)\",\"activity\":\"Space Center Houston ($16.95)\",\"total\":140.95}," +
    "\"day2\":{\"accommodation\":\"Entire home/apt\",\"meal\":\"Breakfast: House of Pies, Lunch: Hognutz BBQ (American), Dinner: Red Lamb (Chinese)\",\"activity\":\"Houston Zoological Gardens ($24.95)\",\"total\":114.95}," +
    "\"day3\":{\"accommodation\":\"Entire home/); retrying in 24s
[ERROR] selfcheckgpt failed task=tp_nonsynth_mf5_000048 seed=0: failed to obtain JSON after 3 attempts: could not parse JSON from model output:
{
  "final_output": "{" +
    "\"day1\":{\"accommodation\":\"Entire home/apt\",\"meal\":\"Lunch: Gourmet Wrestlers (Mexican), Dinner: Little Italy (Italian)\",\"activity\":\"Space Center Houston ($16.95)\",\"total\":140.95}," +
    "\"day2\":{\"accommodation\":\"Entire home/apt\",\"meal\":\"Breakfast: House of Pies, Lunch: Hognutz BBQ (American), Dinner: Red Lamb (Chinese)\",\"activity\":\"Houston Zoological Gardens ($24.95)\",\"total\":114.95}," +
    "\"day3\":{\"accommodation\":\"Entire home/
  N=5 tp_nonsynth_mf5_000043 seed=1 arm=reflexion level=hard: per_fault={'budget': True, 'days': True, 'house_rule': True, 'room_type': True, 'transportation': False} all_resolved=False n_resolved=4/5 tokens=(15473,3051)
  N=5 tp_nonsynth_mf5_000043 seed=1 arm=intro_specter level=hard: per_fault={'budget': True, 'days': False, 'house_rule': False, 'room_type': False, 'transportation': False} all_resolved=False n_resolved=1/5 tokens=(5017,1352)
  N=5 tp_nonsynth_mf5_000043 seed=2 arm=direct level=hard: per_fault={'budget': True, 'days': True, 'house_rule': True, 'room_type': False, 'transportation': False} all_resolved=False n_resolved=3/5 tokens=(1826,800)
  N=5 tp_nonsynth_mf5_000043 seed=2 arm=self_refine level=hard: per_fault={'budget': True, 'days': True, 'house_rule': True, 'room_type': False, 'transportation': False} all_resolved=False n_resolved=3/5 tokens=(4959,2457)
  N=5 tp_nonsynth_mf5_000043 seed=2 arm=full_regen level=hard: per_fault={'budget': True, 'days': False, 'house_rule': False, 'room_type': True, 'transportation': True} all_resolved=False n_resolved=3/5 tokens=(3652,1222)
  N=5 tp_nonsynth_mf5_000043 seed=2 arm=react level=hard: per_fault={'budget': True, 'days': False, 'house_rule': False, 'room_type': False, 'transportation': False} all_resolved=False n_resolved=1/5 tokens=(3708,1184)
  N=5 tp_nonsynth_mf5_000043 seed=2 arm=selfcheckgpt level=hard: per_fault={'budget': True, 'days': True, 'house_rule': True, 'room_type': False, 'transportation': False} all_resolved=False n_resolved=3/5 tokens=(12802,1405)
  N=5 tp_nonsynth_mf5_000043 seed=2 arm=reflexion level=hard: per_fault={'budget': True, 'days': True, 'house_rule': True, 'room_type': True, 'transportation': True} all_resolved=True n_resolved=5/5 tokens=(8203,2283)
  N=5 tp_nonsynth_mf5_000043 seed=2 arm=intro_specter level=hard: per_fault={'budget': False, 'days': False, 'house_rule': True, 'room_type': False, 'transportation': False} all_resolved=False n_resolved=1/5 tokens=(5111,1453)
  N=5 tp_nonsynth_mf5_000044 seed=0 arm=direct level=hard: per_fault={'budget': False, 'days': False, 'cuisine': False, 'room_type': False, 'transportation': False} all_resolved=False n_resolved=0/5 tokens=(1803,935)
  N=5 tp_nonsynth_mf5_000044 seed=0 arm=self_refine level=hard: per_fault={'budget': False, 'days': False, 'cuisine': False, 'room_type': False, 'transportation': False} all_resolved=False n_resolved=0/5 tokens=(4872,2462)
  N=5 tp_nonsynth_mf5_000044 seed=0 arm=full_regen level=hard: per_fault={'budget': True, 'days': False, 'cuisine': False, 'room_type': True, 'transportation': True} all_resolved=False n_resolved=3/5 tokens=(3606,1573)
  N=5 tp_nonsynth_mf5_000044 seed=0 arm=react level=hard: per_fault={'budget': False, 'days': True, 'cuisine': False, 'room_type': False, 'transportation': False} all_resolved=False n_resolved=1/5 tokens=(3662,1891)
  N=5 tp_nonsynth_mf5_000044 seed=0 arm=selfcheckgpt level=hard: per_fault={'budget': False, 'days': False, 'cuisine': False, 'room_type': False, 'transportation': False} all_resolved=False n_resolved=0/5 tokens=(12837,1703)
  N=5 tp_nonsynth_mf5_000044 seed=0 arm=reflexion level=hard: per_fault={'budget': False, 'days': False, 'cuisine': False, 'room_type': True, 'transportation': False} all_resolved=False n_resolved=1/5 tokens=(16055,3432)
  N=5 tp_nonsynth_mf5_000044 seed=0 arm=intro_specter level=hard: per_fault={'budget': True, 'days': False, 'cuisine': False, 'room_type': False, 'transportation': False} all_resolved=False n_resolved=1/5 tokens=(5024,1440)
  N=5 tp_nonsynth_mf5_000044 seed=1 arm=direct level=hard: per_fault={'budget': False, 'days': False, 'cuisine': False, 'room_type': False, 'transportation': False} all_resolved=False n_resolved=0/5 tokens=(1803,935)
  N=5 tp_nonsynth_mf5_000044 seed=1 arm=self_refine level=hard: per_fault={'budget': False, 'days': False, 'cuisine': False, 'room_type': False, 'transportation': False} all_resolved=False n_resolved=0/5 tokens=(4872,2462)
  N=5 tp_nonsynth_mf5_000044 seed=1 arm=full_regen level=hard: per_fault={'budget': False, 'days': False, 'cuisine': False, 'room_type': False, 'transportation': False} all_resolved=False n_resolved=0/5 tokens=(3606,1545)
  N=5 tp_nonsynth_mf5_000044 seed=1 arm=react level=hard: per_fault={'budget': False, 'days': True, 'cuisine': False, 'room_type': False, 'transportation': False} all_resolved=False n_resolved=1/5 tokens=(3662,1891)
  N=5 tp_nonsynth_mf5_000044 seed=1 arm=selfcheckgpt level=hard: per_fault={'budget': False, 'days': False, 'cuisine': False, 'room_type': False, 'transportation': False} all_resolved=False n_resolved=0/5 tokens=(12512,1359)
  N=5 tp_nonsynth_mf5_000044 seed=1 arm=reflexion level=hard: per_fault={'budget': False, 'days': False, 'cuisine': False, 'room_type': True, 'transportation': False} all_resolved=False n_resolved=1/5 tokens=(16055,3432)
  N=5 tp_nonsynth_mf5_000044 seed=1 arm=intro_specter level=hard: per_fault={'budget': True, 'days': False, 'cuisine': False, 'room_type': False, 'transportation': False} all_resolved=False n_resolved=1/5 tokens=(5024,1440)
  N=5 tp_nonsynth_mf5_000044 seed=2 arm=direct level=hard: per_fault={'budget': False, 'days': True, 'cuisine': False, 'room_type': False, 'transportation': False} all_resolved=False n_resolved=1/5 tokens=(1803,1044)
  N=5 tp_nonsynth_mf5_000044 seed=2 arm=self_refine level=hard: per_fault={'budget': False, 'days': True, 'cuisine': False, 'room_type': False, 'transportation': False} all_resolved=False n_resolved=1/5 tokens=(5128,2779)
  N=5 tp_nonsynth_mf5_000044 seed=2 arm=full_regen level=hard: per_fault={'budget': True, 'days': False, 'cuisine': False, 'room_type': True, 'transportation': True} all_resolved=False n_resolved=3/5 tokens=(3606,1601)
  N=5 tp_nonsynth_mf5_000044 seed=2 arm=react level=hard: per_fault={'budget': True, 'days': True, 'cuisine': False, 'room_type': True, 'transportation': True} all_resolved=False n_resolved=4/5 tokens=(3662,2090)
  N=5 tp_nonsynth_mf5_000044 seed=2 arm=selfcheckgpt level=hard: per_fault={'budget': False, 'days': True, 'cuisine': False, 'room_type': False, 'transportation': False} all_resolved=False n_resolved=1/5 tokens=(15411,2030)
  N=5 tp_nonsynth_mf5_000044 seed=2 arm=reflexion level=hard: per_fault={'budget': True, 'days': True, 'cuisine': False, 'room_type': False, 'transportation': False} all_resolved=False n_resolved=2/5 tokens=(17212,3570)
  N=5 tp_nonsynth_mf5_000044 seed=2 arm=intro_specter level=hard: per_fault={'budget': False, 'days': False, 'cuisine': False, 'room_type': False, 'transportation': False} all_resolved=False n_resolved=0/5 tokens=(5280,2054)
  N=5 tp_nonsynth_mf5_000048 seed=0 arm=direct level=hard: per_fault={'budget': False, 'days': False, 'cuisine': False, 'house_rule': False, 'room_type': False} all_resolved=False n_resolved=0/5 tokens=(1853,582)
  N=5 tp_nonsynth_mf5_000048 seed=0 arm=self_refine level=hard: per_fault={'budget': False, 'days': False, 'cuisine': False, 'house_rule': True, 'room_type': True} all_resolved=False n_resolved=2/5 tokens=(4472,1638)
  N=5 tp_nonsynth_mf5_000048 seed=0 arm=full_regen level=hard: per_fault={'budget': False, 'days': False, 'cuisine': False, 'house_rule': False, 'room_type': False} all_resolved=False n_resolved=0/5 tokens=(3706,1329)
  N=5 tp_nonsynth_mf5_000048 seed=0 arm=react level=hard: per_fault={'budget': True, 'days': False, 'cuisine': False, 'house_rule': True, 'room_type': False} all_resolved=False n_resolved=2/5 tokens=(3762,1140)
  N=5 tp_nonsynth_mf5_000048 seed=0 arm=reflexion level=hard: per_fault={'budget': True, 'days': True, 'cuisine': False, 'house_rule': True, 'room_type': True} all_resolved=False n_resolved=4/5 tokens=(13588,2877)
  N=5 tp_nonsynth_mf5_000048 seed=0 arm=intro_specter level=hard: per_fault={'budget': False, 'days': False, 'cuisine': False, 'house_rule': False, 'room_type': False} all_resolved=False n_resolved=0/5 tokens=(4624,1305)
  N=5 tp_nonsynth_mf5_000048 seed=1 arm=direct level=hard: per_fault={'budget': False, 'days': False, 'cuisine': False, 'house_rule': False, 'room_type': False} all_resolved=False n_resolved=0/5 tokens=(1853,582)
  N=5 tp_nonsynth_mf5_000048 seed=1 arm=self_refine level=hard: per_fault={'budget': False, 'days': False, 'cuisine': False, 'house_rule': True, 'room_type': True} all_resolved=False n_resolved=2/5 tokens=(4472,1638)
  N=5 tp_nonsynth_mf5_000048 seed=1 arm=full_regen level=hard: per_fault={'budget': True, 'days': False, 'cuisine': False, 'house_rule': False, 'room_type': False} all_resolved=False n_resolved=1/5 tokens=(3706,1238)
  N=5 tp_nonsynth_mf5_000048 seed=1 arm=react level=hard: per_fault={'budget': True, 'days': False, 'cuisine': False, 'house_rule': True, 'room_type': False} all_resolved=False n_resolved=2/5 tokens=(3762,1140)
  N=5 tp_nonsynth_mf5_000048 seed=1 arm=selfcheckgpt level=hard: per_fault={'budget': False, 'days': False, 'cuisine': False, 'house_rule': False, 'room_type': False} all_resolved=False n_resolved=0/5 tokens=(13327,1468)
  N=5 tp_nonsynth_mf5_000048 seed=1 arm=reflexion level=hard: per_fault={'budget': True, 'days': True, 'cuisine': False, 'house_rule': True, 'room_type': True} all_resolved=False n_resolved=4/5 tokens=(13588,2877)
  N=5 tp_nonsynth_mf5_000048 seed=1 arm=intro_specter level=hard: per_fault={'budget': False, 'days': False, 'cuisine': False, 'house_rule': False, 'room_type': False} all_resolved=False n_resolved=0/5 tokens=(4624,1305)
  N=5 tp_nonsynth_mf5_000048 seed=2 arm=direct level=hard: per_fault={'budget': True, 'days': False, 'cuisine': False, 'house_rule': True, 'room_type': False} all_resolved=False n_resolved=2/5 tokens=(1853,1052)
  N=5 tp_nonsynth_mf5_000048 seed=2 arm=self_refine level=hard: per_fault={'budget': True, 'days': True, 'cuisine': False, 'house_rule': True, 'room_type': True} all_resolved=False n_resolved=4/5 tokens=(5089,2837)
  N=5 tp_nonsynth_mf5_000048 seed=2 arm=full_regen level=hard: per_fault={'budget': True, 'days': False, 'cuisine': False, 'house_rule': True, 'room_type': False} all_resolved=False n_resolved=2/5 tokens=(3706,1943)
  N=5 tp_nonsynth_mf5_000048 seed=2 arm=react level=hard: per_fault={'budget': False, 'days': True, 'cuisine': False, 'house_rule': False, 'room_type': False} all_resolved=False n_resolved=1/5 tokens=(3762,2384)
  N=5 tp_nonsynth_mf5_000048 seed=2 arm=selfcheckgpt level=hard: per_fault={'budget': True, 'days': False, 'cuisine': False, 'house_rule': True, 'room_type': False} all_resolved=False n_resolved=2/5 tokens=(12954,1460)
  N=5 tp_nonsynth_mf5_000048 seed=2 arm=reflexion level=hard: per_fault={'budget': True, 'days': False, 'cuisine': False, 'house_rule': True, 'room_type': True} all_resolved=False n_resolved=3/5 tokens=(16361,4289)
  N=5 tp_nonsynth_mf5_000048 seed=2 arm=intro_specter level=hard: per_fault={'budget': True, 'days': False, 'cuisine': False, 'house_rule': True, 'room_type': False} all_resolved=False n_resolved=2/5 tokens=(5241,1553)
  N=5 tp_nonsynth_mf5_000050 seed=0 arm=direct level=hard: per_fault={'budget': False, 'days': False, 'cuisine': False, 'room_type': False, 'transportation': False} all_resolved=False n_resolved=0/5 tokens=(1803,968)
  N=5 tp_nonsynth_mf5_000050 seed=0 arm=self_refine level=hard: per_fault={'budget': True, 'days': True, 'cuisine': False, 'room_type': False, 'transportation': False} all_resolved=False n_resolved=2/5 tokens=(4912,2546)
  N=5 tp_nonsynth_mf5_000050 seed=0 arm=full_regen level=hard: per_fault={'budget': True, 'days': False, 'cuisine': False, 'room_type': False, 'transportation': False} all_resolved=False n_resolved=1/5 tokens=(3606,2137)
  N=5 tp_nonsynth_mf5_000050 seed=0 arm=react level=hard: per_fault={'budget': False, 'days': False, 'cuisine': False, 'room_type': False, 'transportation': False} all_resolved=False n_resolved=0/5 tokens=(3662,1440)
  N=5 tp_nonsynth_mf5_000050 seed=0 arm=selfcheckgpt level=hard: per_fault={'budget': False, 'days': False, 'cuisine': False, 'room_type': False, 'transportation': False} all_resolved=False n_resolved=0/5 tokens=(13317,2213)
  N=5 tp_nonsynth_mf5_000050 seed=0 arm=reflexion level=hard: per_fault={'budget': False, 'days': False, 'cuisine': False, 'room_type': True, 'transportation': True} all_resolved=False n_resolved=2/5 tokens=(16209,4193)
  N=5 tp_nonsynth_mf5_000050 seed=0 arm=intro_specter level=hard: per_fault={'budget': True, 'days': False, 'cuisine': False, 'room_type': False, 'transportation': False} all_resolved=False n_resolved=1/5 tokens=(5064,1767)
  N=5 tp_nonsynth_mf5_000050 seed=1 arm=direct level=hard: per_fault={'budget': False, 'days': False, 'cuisine': False, 'room_type': False, 'transportation': False} all_resolved=False n_resolved=0/5 tokens=(1803,968)
  N=5 tp_nonsynth_mf5_000050 seed=1 arm=self_refine level=hard: per_fault={'budget': True, 'days': True, 'cuisine': False, 'room_type': False, 'transportation': False} all_resolved=False n_resolved=2/5 tokens=(4912,2546)
  N=5 tp_nonsynth_mf5_000050 seed=1 arm=full_regen level=hard: per_fault={'budget': False, 'days': False, 'cuisine': False, 'room_type': False, 'transportation': False} all_resolved=False n_resolved=0/5 tokens=(3606,1941)
  N=5 tp_nonsynth_mf5_000050 seed=1 arm=react level=hard: per_fault={'budget': False, 'days': False, 'cuisine': False, 'room_type': False, 'transportation': False} all_resolved=False n_resolved=0/5 tokens=(3662,1440)
  N=5 tp_nonsynth_mf5_000050 seed=1 arm=selfcheckgpt level=hard: per_fault={'budget': False, 'days': False, 'cuisine': False, 'room_type': False, 'transportation': False} all_resolved=False n_resolved=0/5 tokens=(12758,1674)
  N=5 tp_nonsynth_mf5_000050 seed=1 arm=reflexion level=hard: per_fault={'budget': False, 'days': False, 'cuisine': False, 'room_type': True, 'transportation': True} all_resolved=False n_resolved=2/5 tokens=(16209,4193)
  N=5 tp_nonsynth_mf5_000050 seed=1 arm=intro_specter level=hard: per_fault={'budget': True, 'days': False, 'cuisine': False, 'room_type': False, 'transportation': False} all_resolved=False n_resolved=1/5 tokens=(5064,1767)
  N=5 tp_nonsynth_mf5_000050 seed=2 arm=direct level=hard: per_fault={'budget': False, 'days': True, 'cuisine': False, 'room_type': False, 'transportation': False} all_resolved=False n_resolved=1/5 tokens=(1803,1132)
  N=5 tp_nonsynth_mf5_000050 seed=2 arm=self_refine level=hard: per_fault={'budget': True, 'days': True, 'cuisine': False, 'room_type': False, 'transportation': True} all_resolved=False n_resolved=3/5 tokens=(5111,2867)
  N=5 tp_nonsynth_mf5_000050 seed=2 arm=full_regen level=hard: per_fault={'budget': False, 'days': False, 'cuisine': False, 'room_type': False, 'transportation': False} all_resolved=False n_resolved=0/5 tokens=(3606,1731)
  N=5 tp_nonsynth_mf5_000050 seed=2 arm=react level=hard: per_fault={'budget': True, 'days': False, 'cuisine': False, 'room_type': True, 'transportation': False} all_resolved=False n_resolved=2/5 tokens=(3662,1720)
  N=5 tp_nonsynth_mf5_000050 seed=2 arm=selfcheckgpt level=hard: per_fault={'budget': False, 'days': True, 'cuisine': False, 'room_type': False, 'transportation': False} all_resolved=False n_resolved=1/5 tokens=(12460,1500)
  N=5 tp_nonsynth_mf5_000050 seed=2 arm=reflexion level=hard: per_fault={'budget': False, 'days': True, 'cuisine': False, 'room_type': True, 'transportation': True} all_resolved=False n_resolved=3/5 tokens=(17176,4118)
  N=5 tp_nonsynth_mf5_000050 seed=2 arm=intro_specter level=hard: per_fault={'budget': True, 'days': False, 'cuisine': False, 'room_type': False, 'transportation': False} all_resolved=False n_resolved=1/5 tokens=(5263,1901)
  N=5 tp_nonsynth_mf5_000055 seed=0 arm=direct level=hard: per_fault={'budget': True, 'days': True, 'house_rule': True, 'room_type': True, 'transportation': False} all_resolved=False n_resolved=4/5 tokens=(1820,884)
  N=5 tp_nonsynth_mf5_000055 seed=0 arm=self_refine level=hard: per_fault={'budget': True, 'days': True, 'house_rule': True, 'room_type': False, 'transportation': False} all_resolved=False n_resolved=3/5 tokens=(4665,2013)
  N=5 tp_nonsynth_mf5_000055 seed=0 arm=full_regen level=hard: per_fault={'budget': False, 'days': True, 'house_rule': False, 'room_type': True, 'transportation': False} all_resolved=False n_resolved=2/5 tokens=(3640,1692)
  N=5 tp_nonsynth_mf5_000055 seed=0 arm=react level=hard: per_fault={'budget': True, 'days': True, 'house_rule': True, 'room_type': True, 'transportation': True} all_resolved=True n_resolved=5/5 tokens=(3696,1812)
  N=5 tp_nonsynth_mf5_000055 seed=0 arm=selfcheckgpt level=hard: per_fault={'budget': True, 'days': True, 'house_rule': True, 'room_type': True, 'transportation': False} all_resolved=False n_resolved=4/5 tokens=(15370,1906)
  N=5 tp_nonsynth_mf5_000055 seed=0 arm=reflexion level=hard: per_fault={'budget': True, 'days': True, 'house_rule': True, 'room_type': True, 'transportation': False} all_resolved=False n_resolved=4/5 tokens=(14341,3053)
  N=5 tp_nonsynth_mf5_000055 seed=0 arm=intro_specter level=hard: per_fault={'budget': True, 'days': True, 'house_rule': True, 'room_type': True, 'transportation': False} all_resolved=False n_resolved=4/5 tokens=(4818,1624)
  N=5 tp_nonsynth_mf5_000055 seed=1 arm=direct level=hard: per_fault={'budget': True, 'days': True, 'house_rule': True, 'room_type': True, 'transportation': False} all_resolved=False n_resolved=4/5 tokens=(1820,884)
  N=5 tp_nonsynth_mf5_000055 seed=1 arm=self_refine level=hard: per_fault={'budget': True, 'days': True, 'house_rule': True, 'room_type': False, 'transportation': False} all_resolved=False n_resolved=3/5 tokens=(4665,2013)
  N=5 tp_nonsynth_mf5_000055 seed=1 arm=full_regen level=hard: per_fault={'budget': True, 'days': True, 'house_rule': True, 'room_type': True, 'transportation': False} all_resolved=False n_resolved=4/5 tokens=(3640,1626)
  N=5 tp_nonsynth_mf5_000055 seed=1 arm=react level=hard: per_fault={'budget': True, 'days': True, 'house_rule': True, 'room_type': True, 'transportation': True} all_resolved=True n_resolved=5/5 tokens=(3696,1812)
  N=5 tp_nonsynth_mf5_000055 seed=1 arm=selfcheckgpt level=hard: per_fault={'budget': True, 'days': True, 'house_rule': True, 'room_type': True, 'transportation': True} all_resolved=True n_resolved=5/5 tokens=(16908,2106)
  N=5 tp_nonsynth_mf5_000055 seed=1 arm=reflexion level=hard: per_fault={'budget': True, 'days': True, 'house_rule': True, 'room_type': True, 'transportation': False} all_resolved=False n_resolved=4/5 tokens=(14341,3053)
  N=5 tp_nonsynth_mf5_000055 seed=1 arm=intro_specter level=hard: per_fault={'budget': True, 'days': True, 'house_rule': True, 'room_type': True, 'transportation': False} all_resolved=False n_resolved=4/5 tokens=(4818,1624)
  N=5 tp_nonsynth_mf5_000055 seed=2 arm=direct level=hard: per_fault={'budget': False, 'days': True, 'house_rule': True, 'room_type': True, 'transportation': False} all_resolved=False n_resolved=3/5 tokens=(1820,903)
  N=5 tp_nonsynth_mf5_000055 seed=2 arm=self_refine level=hard: per_fault={'budget': True, 'days': True, 'house_rule': True, 'room_type': True, 'transportation': False} all_resolved=False n_resolved=4/5 tokens=(4790,2179)
  N=5 tp_nonsynth_mf5_000055 seed=2 arm=full_regen level=hard: per_fault={'budget': False, 'days': True, 'house_rule': True, 'room_type': False, 'transportation': False} all_resolved=False n_resolved=2/5 tokens=(3640,1578)
  N=5 tp_nonsynth_mf5_000055 seed=2 arm=react level=hard: per_fault={'budget': False, 'days': False, 'house_rule': True, 'room_type': False, 'transportation': True} all_resolved=False n_resolved=2/5 tokens=(3696,1463)
  N=5 tp_nonsynth_mf5_000055 seed=2 arm=selfcheckgpt level=hard: per_fault={'budget': False, 'days': True, 'house_rule': True, 'room_type': True, 'transportation': False} all_resolved=False n_resolved=3/5 tokens=(14539,1681)
  N=5 tp_nonsynth_mf5_000055 seed=2 arm=reflexion level=hard: per_fault={'budget': True, 'days': True, 'house_rule': True, 'room_type': True, 'transportation': False} all_resolved=False n_resolved=4/5 tokens=(15156,3452)
  N=5 tp_nonsynth_mf5_000055 seed=2 arm=intro_specter level=hard: per_fault={'budget': False, 'days': True, 'house_rule': False, 'room_type': False, 'transportation': False} all_resolved=False n_resolved=1/5 tokens=(4942,1749)
  N=5 tp_nonsynth_mf5_000059 seed=0 arm=direct level=hard: per_fault={'budget': False, 'days': True, 'cuisine': False, 'house_rule': True, 'transportation': False} all_resolved=False n_resolved=2/5 tokens=(1767,785)
  N=5 tp_nonsynth_mf5_000059 seed=0 arm=self_refine level=hard: per_fault={'budget': True, 'days': True, 'cuisine': False, 'house_rule': True, 'transportation': True} all_resolved=False n_resolved=4/5 tokens=(4797,2413)
  N=5 tp_nonsynth_mf5_000059 seed=0 arm=full_regen level=hard: per_fault={'budget': True, 'days': True, 'cuisine': False, 'house_rule': True, 'transportation': False} all_resolved=False n_resolved=3/5 tokens=(3534,1483)
  N=5 tp_nonsynth_mf5_000059 seed=0 arm=react level=hard: per_fault={'budget': False, 'days': True, 'cuisine': False, 'house_rule': True, 'transportation': False} all_resolved=False n_resolved=2/5 tokens=(3590,1744)
  N=5 tp_nonsynth_mf5_000059 seed=0 arm=selfcheckgpt level=hard: per_fault={'budget': False, 'days': True, 'cuisine': False, 'house_rule': True, 'transportation': False} all_resolved=False n_resolved=2/5 tokens=(12745,1770)
  N=5 tp_nonsynth_mf5_000059 seed=0 arm=reflexion level=hard: per_fault={'budget': True, 'days': True, 'cuisine': False, 'house_rule': True, 'transportation': True} all_resolved=False n_resolved=4/5 tokens=(15778,3423)
  N=5 tp_nonsynth_mf5_000059 seed=0 arm=intro_specter level=hard: per_fault={'budget': False, 'days': False, 'cuisine': False, 'house_rule': True, 'transportation': False} all_resolved=False n_resolved=1/5 tokens=(4949,1336)
  N=5 tp_nonsynth_mf5_000059 seed=1 arm=direct level=hard: per_fault={'budget': False, 'days': True, 'cuisine': False, 'house_rule': True, 'transportation': False} all_resolved=False n_resolved=2/5 tokens=(1767,785)
  N=5 tp_nonsynth_mf5_000059 seed=1 arm=self_refine level=hard: per_fault={'budget': True, 'days': True, 'cuisine': False, 'house_rule': True, 'transportation': True} all_resolved=False n_resolved=4/5 tokens=(4797,2413)
  N=5 tp_nonsynth_mf5_000059 seed=1 arm=full_regen level=hard: per_fault={'budget': True, 'days': True, 'cuisine': False, 'house_rule': True, 'transportation': True} all_resolved=False n_resolved=4/5 tokens=(3534,1670)
  N=5 tp_nonsynth_mf5_000059 seed=1 arm=react level=hard: per_fault={'budget': False, 'days': True, 'cuisine': False, 'house_rule': True, 'transportation': False} all_resolved=False n_resolved=2/5 tokens=(3590,1744)
  N=5 tp_nonsynth_mf5_000059 seed=1 arm=selfcheckgpt level=hard: per_fault={'budget': False, 'days': True, 'cuisine': False, 'house_rule': True, 'transportation': False} all_resolved=False n_resolved=2/5 tokens=(12781,1800)
  N=5 tp_nonsynth_mf5_000059 seed=1 arm=reflexion level=hard: per_fault={'budget': True, 'days': True, 'cuisine': False, 'house_rule': True, 'transportation': True} all_resolved=False n_resolved=4/5 tokens=(15778,3423)
  N=5 tp_nonsynth_mf5_000059 seed=1 arm=intro_specter level=hard: per_fault={'budget': False, 'days': False, 'cuisine': False, 'house_rule': True, 'transportation': False} all_resolved=False n_resolved=1/5 tokens=(4949,1336)
  N=5 tp_nonsynth_mf5_000059 seed=2 arm=direct level=hard: per_fault={'budget': True, 'days': True, 'cuisine': False, 'house_rule': True, 'transportation': False} all_resolved=False n_resolved=3/5 tokens=(1767,918)
  N=5 tp_nonsynth_mf5_000059 seed=2 arm=self_refine level=hard: per_fault={'budget': True, 'days': True, 'cuisine': False, 'house_rule': True, 'transportation': False} all_resolved=False n_resolved=3/5 tokens=(4902,2476)
  N=5 tp_nonsynth_mf5_000059 seed=2 arm=full_regen level=hard: per_fault={'budget': True, 'days': False, 'cuisine': False, 'house_rule': True, 'transportation': True} all_resolved=False n_resolved=3/5 tokens=(3533,1271)
  N=5 tp_nonsynth_mf5_000059 seed=2 arm=react level=hard: per_fault={'budget': True, 'days': True, 'cuisine': False, 'house_rule': True, 'transportation': False} all_resolved=False n_resolved=3/5 tokens=(3590,2096)
  N=5 tp_nonsynth_mf5_000059 seed=2 arm=selfcheckgpt level=hard: per_fault={'budget': True, 'days': True, 'cuisine': False, 'house_rule': True, 'transportation': False} all_resolved=False n_resolved=3/5 tokens=(12238,1305)
[RETRY] selfcheckgpt task=tp_nonsynth_mf5_000060 seed=2 attempt 1/5 failed (failed to obtain JSON after 3 attempts: could not parse JSON from model output:
{"final_output": "{\"itinerary\":[{\"day\":1,\"accommodation\":{\"name\":\"BEST WESTERN PLUS Loyal NV\",\"price\":140,\"url\":\"https://www.bestwestern.com/all-hotels\"},\"meal\":{\"lunch\":{\"name\":\"Beavercreek Restaurant\",\"price\":30,\"cuisine\":\"American\"},\"dinner\":{\"name\":\"O Vladimira\",\"price\":25,\"cuisine\":\"Mediterranean\"}},\"attraction\":{\"name\":\"Yellowstone Art Museum\",\"price\":10,\"url\":\"http://www.artmuseum.org/\"}},\"}
{\"day\":2,\"transportation\":{\"mode\":\"t); retrying in 3s
[RETRY] selfcheckgpt task=tp_nonsynth_mf5_000060 seed=2 attempt 2/5 failed (failed to obtain JSON after 3 attempts: could not parse JSON from model output:
{"final_output": "{\"itinerary\":[{\"day\":1,\"accommodation\":{\"name\":\"BEST WESTERN PLUS Loyal NV\",\"price\":140,\"url\":\"https://www.bestwestern.com/all-hotels\"},\"meal\":{\"lunch\":{\"name\":\"Beavercreek Restaurant\",\"price\":30,\"cuisine\":\"American\"},\"dinner\":{\"name\":\"O Vladimira\",\"price\":25,\"cuisine\":\"Mediterranean\"}},\"attraction\":{\"name\":\"Yellowstone Art Museum\",\"price\":10,\"url\":\"http://www.artmuseum.org/\"}},\"}
{\"day\":2,\"transportation\":{\"mode\":\"t); retrying in 6s
[RETRY] selfcheckgpt task=tp_nonsynth_mf5_000060 seed=2 attempt 3/5 failed (failed to obtain JSON after 3 attempts: could not parse JSON from model output:
{"final_output": "{\"itinerary\":[{\"day\":1,\"accommodation\":{\"name\":\"BEST WESTERN PLUS Loyal NV\",\"price\":140,\"url\":\"https://www.bestwestern.com/all-hotels\"},\"meal\":{\"lunch\":{\"name\":\"Beavercreek Restaurant\",\"price\":30,\"cuisine\":\"American\"},\"dinner\":{\"name\":\"O Vladimira\",\"price\":25,\"cuisine\":\"Mediterranean\"}},\"attraction\":{\"name\":\"Yellowstone Art Museum\",\"price\":10,\"url\":\"http://www.artmuseum.org/\"}},\"}
{\"day\":2,\"transportation\":{\"mode\":\"t); retrying in 12s
[RETRY] selfcheckgpt task=tp_nonsynth_mf5_000060 seed=2 attempt 4/5 failed (failed to obtain JSON after 3 attempts: could not parse JSON from model output:
{"final_output": "{\"itinerary\":[{\"day\":1,\"accommodation\":{\"name\":\"BEST WESTERN PLUS Loyal NV\",\"price\":140,\"url\":\"https://www.bestwestern.com/all-hotels\"},\"meal\":{\"lunch\":{\"name\":\"Beavercreek Restaurant\",\"price\":30,\"cuisine\":\"American\"},\"dinner\":{\"name\":\"O Vladimira\",\"price\":25,\"cuisine\":\"Mediterranean\"}},\"attraction\":{\"name\":\"Yellowstone Art Museum\",\"price\":10,\"url\":\"http://www.artmuseum.org/\"}},\"}
{\"day\":2,\"transportation\":{\"mode\":\"t); retrying in 24s
[ERROR] selfcheckgpt failed task=tp_nonsynth_mf5_000060 seed=2: failed to obtain JSON after 3 attempts: could not parse JSON from model output:
{"final_output": "{\"itinerary\":[{\"day\":1,\"accommodation\":{\"name\":\"BEST WESTERN PLUS Loyal NV\",\"price\":140,\"url\":\"https://www.bestwestern.com/all-hotels\"},\"meal\":{\"lunch\":{\"name\":\"Beavercreek Restaurant\",\"price\":30,\"cuisine\":\"American\"},\"dinner\":{\"name\":\"O Vladimira\",\"price\":25,\"cuisine\":\"Mediterranean\"}},\"attraction\":{\"name\":\"Yellowstone Art Museum\",\"price\":10,\"url\":\"http://www.artmuseum.org/\"}},\"}
{\"day\":2,\"transportation\":{\"mode\":\"t
  N=5 tp_nonsynth_mf5_000059 seed=2 arm=reflexion level=hard: per_fault={'budget': True, 'days': True, 'cuisine': True, 'house_rule': True, 'transportation': True} all_resolved=True n_resolved=5/5 tokens=(8161,2387)
  N=5 tp_nonsynth_mf5_000059 seed=2 arm=intro_specter level=hard: per_fault={'budget': True, 'days': False, 'cuisine': False, 'house_rule': False, 'transportation': False} all_resolved=False n_resolved=1/5 tokens=(5054,1236)
  N=5 tp_nonsynth_mf5_000060 seed=0 arm=direct level=hard: per_fault={'budget': True, 'days': False, 'cuisine': False, 'house_rule': True, 'transportation': False} all_resolved=False n_resolved=2/5 tokens=(2095,567)
  N=5 tp_nonsynth_mf5_000060 seed=0 arm=self_refine level=hard: per_fault={'budget': True, 'days': False, 'cuisine': False, 'house_rule': True, 'transportation': False} all_resolved=False n_resolved=2/5 tokens=(5067,1894)
  N=5 tp_nonsynth_mf5_000060 seed=0 arm=full_regen level=hard: per_fault={'budget': True, 'days': True, 'cuisine': False, 'house_rule': True, 'transportation': True} all_resolved=False n_resolved=4/5 tokens=(4190,1464)
  N=5 tp_nonsynth_mf5_000060 seed=0 arm=react level=hard: per_fault={'budget': True, 'days': True, 'cuisine': False, 'house_rule': False, 'transportation': False} all_resolved=False n_resolved=2/5 tokens=(4246,2325)
  N=5 tp_nonsynth_mf5_000060 seed=0 arm=selfcheckgpt level=hard: per_fault={'budget': True, 'days': False, 'cuisine': False, 'house_rule': True, 'transportation': False} all_resolved=False n_resolved=2/5 tokens=(14457,963)
  N=5 tp_nonsynth_mf5_000060 seed=0 arm=reflexion level=hard: per_fault={'budget': True, 'days': False, 'cuisine': False, 'house_rule': True, 'transportation': False} all_resolved=False n_resolved=2/5 tokens=(15490,2454)
  N=5 tp_nonsynth_mf5_000060 seed=0 arm=intro_specter level=hard: per_fault={'budget': True, 'days': False, 'cuisine': False, 'house_rule': True, 'transportation': False} all_resolved=False n_resolved=2/5 tokens=(5219,1201)
  N=5 tp_nonsynth_mf5_000060 seed=1 arm=direct level=hard: per_fault={'budget': True, 'days': False, 'cuisine': False, 'house_rule': True, 'transportation': False} all_resolved=False n_resolved=2/5 tokens=(2095,567)
  N=5 tp_nonsynth_mf5_000060 seed=1 arm=self_refine level=hard: per_fault={'budget': True, 'days': False, 'cuisine': False, 'house_rule': True, 'transportation': False} all_resolved=False n_resolved=2/5 tokens=(5067,1894)
  N=5 tp_nonsynth_mf5_000060 seed=1 arm=full_regen level=hard: per_fault={'budget': False, 'days': False, 'cuisine': False, 'house_rule': True, 'transportation': False} all_resolved=False n_resolved=1/5 tokens=(4190,1139)
  N=5 tp_nonsynth_mf5_000060 seed=1 arm=react level=hard: per_fault={'budget': True, 'days': True, 'cuisine': False, 'house_rule': False, 'transportation': False} all_resolved=False n_resolved=2/5 tokens=(4246,2325)
  N=5 tp_nonsynth_mf5_000060 seed=1 arm=selfcheckgpt level=hard: per_fault={'budget': True, 'days': False, 'cuisine': False, 'house_rule': True, 'transportation': False} all_resolved=False n_resolved=2/5 tokens=(14748,1188)
  N=5 tp_nonsynth_mf5_000060 seed=1 arm=reflexion level=hard: per_fault={'budget': True, 'days': False, 'cuisine': False, 'house_rule': True, 'transportation': False} all_resolved=False n_resolved=2/5 tokens=(15490,2454)
  N=5 tp_nonsynth_mf5_000060 seed=1 arm=intro_specter level=hard: per_fault={'budget': True, 'days': False, 'cuisine': False, 'house_rule': True, 'transportation': False} all_resolved=False n_resolved=2/5 tokens=(5219,1201)
  N=5 tp_nonsynth_mf5_000060 seed=2 arm=direct level=hard: per_fault={'budget': True, 'days': False, 'cuisine': False, 'house_rule': True, 'transportation': True} all_resolved=False n_resolved=3/5 tokens=(2095,534)
  N=5 tp_nonsynth_mf5_000060 seed=2 arm=self_refine level=hard: per_fault={'budget': True, 'days': True, 'cuisine': False, 'house_rule': True, 'transportation': True} all_resolved=False n_resolved=4/5 tokens=(5033,1760)
  N=5 tp_nonsynth_mf5_000060 seed=2 arm=full_regen level=hard: per_fault={'budget': False, 'days': False, 'cuisine': False, 'house_rule': True, 'transportation': False} all_resolved=False n_resolved=1/5 tokens=(4190,1153)
  N=5 tp_nonsynth_mf5_000060 seed=2 arm=react level=hard: per_fault={'budget': True, 'days': True, 'cuisine': False, 'house_rule': False, 'transportation': False} all_resolved=False n_resolved=2/5 tokens=(4246,1923)
  N=5 tp_nonsynth_mf5_000060 seed=2 arm=reflexion level=hard: per_fault={'budget': True, 'days': False, 'cuisine': False, 'house_rule': True, 'transportation': True} all_resolved=False n_resolved=3/5 tokens=(15909,3340)
  N=5 tp_nonsynth_mf5_000060 seed=2 arm=intro_specter level=hard: per_fault={'budget': True, 'days': False, 'cuisine': False, 'house_rule': True, 'transportation': True} all_resolved=False n_resolved=3/5 tokens=(5186,1563)
  N=5 tp_nonsynth_mf5_000061 seed=0 arm=direct level=hard: per_fault={'budget': False, 'days': False, 'house_rule': False, 'room_type': False, 'transportation': False} all_resolved=False n_resolved=0/5 tokens=(1859,576)
  N=5 tp_nonsynth_mf5_000061 seed=0 arm=self_refine level=hard: per_fault={'budget': True, 'days': False, 'house_rule': False, 'room_type': False, 'transportation': False} all_resolved=False n_resolved=1/5 tokens=(4604,1721)
  N=5 tp_nonsynth_mf5_000061 seed=0 arm=full_regen level=hard: per_fault={'budget': True, 'days': False, 'house_rule': True, 'room_type': True, 'transportation': True} all_resolved=False n_resolved=4/5 tokens=(3718,1015)
  N=5 tp_nonsynth_mf5_000061 seed=0 arm=react level=hard: per_fault={'budget': False, 'days': False, 'house_rule': False, 'room_type': False, 'transportation': True} all_resolved=False n_resolved=1/5 tokens=(3774,1042)
  N=5 tp_nonsynth_mf5_000061 seed=0 arm=selfcheckgpt level=hard: per_fault={'budget': False, 'days': False, 'house_rule': False, 'room_type': False, 'transportation': False} all_resolved=False n_resolved=0/5 tokens=(13080,1226)
  N=5 tp_nonsynth_mf5_000061 seed=0 arm=reflexion level=hard: per_fault={'budget': True, 'days': False, 'house_rule': False, 'room_type': False, 'transportation': False} all_resolved=False n_resolved=1/5 tokens=(14924,3009)
  N=5 tp_nonsynth_mf5_000061 seed=0 arm=intro_specter level=hard: per_fault={'budget': False, 'days': False, 'house_rule': False, 'room_type': False, 'transportation': False} all_resolved=False n_resolved=0/5 tokens=(4756,888)
  N=5 tp_nonsynth_mf5_000061 seed=1 arm=direct level=hard: per_fault={'budget': False, 'days': False, 'house_rule': False, 'room_type': False, 'transportation': False} all_resolved=False n_resolved=0/5 tokens=(1859,576)
  N=5 tp_nonsynth_mf5_000061 seed=1 arm=self_refine level=hard: per_fault={'budget': True, 'days': False, 'house_rule': False, 'room_type': False, 'transportation': False} all_resolved=False n_resolved=1/5 tokens=(4604,1721)
  N=5 tp_nonsynth_mf5_000061 seed=1 arm=full_regen level=hard: per_fault={'budget': False, 'days': False, 'house_rule': False, 'room_type': True, 'transportation': False} all_resolved=False n_resolved=1/5 tokens=(3718,1108)
  N=5 tp_nonsynth_mf5_000061 seed=1 arm=react level=hard: per_fault={'budget': False, 'days': False, 'house_rule': False, 'room_type': False, 'transportation': True} all_resolved=False n_resolved=1/5 tokens=(3774,1042)
  N=5 tp_nonsynth_mf5_000061 seed=1 arm=selfcheckgpt level=hard: per_fault={'budget': False, 'days': False, 'house_rule': False, 'room_type': False, 'transportation': False} all_resolved=False n_resolved=0/5 tokens=(12720,824)
  N=5 tp_nonsynth_mf5_000061 seed=1 arm=reflexion level=hard: per_fault={'budget': True, 'days': False, 'house_rule': False, 'room_type': False, 'transportation': False} all_resolved=False n_resolved=1/5 tokens=(14924,3009)
  N=5 tp_nonsynth_mf5_000061 seed=1 arm=intro_specter level=hard: per_fault={'budget': False, 'days': False, 'house_rule': False, 'room_type': False, 'transportation': False} all_resolved=False n_resolved=0/5 tokens=(4756,888)
  N=5 tp_nonsynth_mf5_000061 seed=2 arm=direct level=hard: per_fault={'budget': True, 'days': True, 'house_rule': False, 'room_type': False, 'transportation': False} all_resolved=False n_resolved=2/5 tokens=(1859,906)
  N=5 tp_nonsynth_mf5_000061 seed=2 arm=self_refine level=hard: per_fault={'budget': True, 'days': True, 'house_rule': False, 'room_type': False, 'transportation': False} all_resolved=False n_resolved=2/5 tokens=(5046,2445)
  N=5 tp_nonsynth_mf5_000061 seed=2 arm=full_regen level=hard: per_fault={'budget': False, 'days': False, 'house_rule': False, 'room_type': False, 'transportation': False} all_resolved=False n_resolved=0/5 tokens=(3718,1261)
  N=5 tp_nonsynth_mf5_000061 seed=2 arm=react level=hard: per_fault={'budget': False, 'days': False, 'house_rule': False, 'room_type': False, 'transportation': True} all_resolved=False n_resolved=1/5 tokens=(3774,1443)
  N=5 tp_nonsynth_mf5_000061 seed=2 arm=selfcheckgpt level=hard: per_fault={'budget': True, 'days': True, 'house_rule': False, 'room_type': False, 'transportation': False} all_resolved=False n_resolved=2/5 tokens=(12754,1150)
  N=5 tp_nonsynth_mf5_000061 seed=2 arm=reflexion level=hard: per_fault={'budget': True, 'days': True, 'house_rule': False, 'room_type': False, 'transportation': False} all_resolved=False n_resolved=2/5 tokens=(15829,3073)
  N=5 tp_nonsynth_mf5_000061 seed=2 arm=intro_specter level=hard: per_fault={'budget': False, 'days': False, 'house_rule': False, 'room_type': False, 'transportation': False} all_resolved=False n_resolved=0/5 tokens=(5198,1714)
  N=5 tp_nonsynth_mf5_000062 seed=0 arm=direct level=hard: per_fault={'budget': False, 'days': True, 'house_rule': True, 'room_type': True, 'transportation': True} all_resolved=False n_resolved=4/5 tokens=(1889,982)
  N=5 tp_nonsynth_mf5_000062 seed=0 arm=self_refine level=hard: per_fault={'budget': False, 'days': True, 'house_rule': True, 'room_type': True, 'transportation': True} all_resolved=False n_resolved=4/5 tokens=(5210,2168)
  N=5 tp_nonsynth_mf5_000062 seed=0 arm=full_regen level=hard: per_fault={'budget': False, 'days': False, 'house_rule': True, 'room_type': True, 'transportation': True} all_resolved=False n_resolved=3/5 tokens=(3778,1835)
  N=5 tp_nonsynth_mf5_000062 seed=0 arm=react level=hard: per_fault={'budget': False, 'days': False, 'house_rule': True, 'room_type': True, 'transportation': True} all_resolved=False n_resolved=3/5 tokens=(3834,1673)
  N=5 tp_nonsynth_mf5_000062 seed=0 arm=selfcheckgpt level=hard: per_fault={'budget': False, 'days': True, 'house_rule': True, 'room_type': True, 'transportation': True} all_resolved=False n_resolved=4/5 tokens=(13278,1624)
  N=5 tp_nonsynth_mf5_000062 seed=0 arm=reflexion level=hard: per_fault={'budget': True, 'days': True, 'house_rule': True, 'room_type': True, 'transportation': True} all_resolved=True n_resolved=5/5 tokens=(17040,4201)
  N=5 tp_nonsynth_mf5_000062 seed=0 arm=intro_specter level=hard: per_fault={'budget': True, 'days': True, 'house_rule': True, 'room_type': True, 'transportation': True} all_resolved=True n_resolved=5/5 tokens=(5362,3507)
  N=5 tp_nonsynth_mf5_000062 seed=1 arm=direct level=hard: per_fault={'budget': False, 'days': True, 'house_rule': True, 'room_type': True, 'transportation': True} all_resolved=False n_resolved=4/5 tokens=(1889,982)
  N=5 tp_nonsynth_mf5_000062 seed=1 arm=self_refine level=hard: per_fault={'budget': False, 'days': True, 'house_rule': True, 'room_type': True, 'transportation': True} all_resolved=False n_resolved=4/5 tokens=(5210,2168)
  N=5 tp_nonsynth_mf5_000062 seed=1 arm=full_regen level=hard: per_fault={'budget': False, 'days': False, 'house_rule': True, 'room_type': True, 'transportation': True} all_resolved=False n_resolved=3/5 tokens=(3778,1582)
  N=5 tp_nonsynth_mf5_000062 seed=1 arm=react level=hard: per_fault={'budget': False, 'days': False, 'house_rule': True, 'room_type': True, 'transportation': True} all_resolved=False n_resolved=3/5 tokens=(3834,1673)
  N=5 tp_nonsynth_mf5_000062 seed=1 arm=selfcheckgpt level=hard: per_fault={'budget': False, 'days': True, 'house_rule': True, 'room_type': True, 'transportation': True} all_resolved=False n_resolved=4/5 tokens=(13100,1379)
  N=5 tp_nonsynth_mf5_000062 seed=1 arm=reflexion level=hard: per_fault={'budget': True, 'days': True, 'house_rule': True, 'room_type': True, 'transportation': True} all_resolved=True n_resolved=5/5 tokens=(17040,4201)
  N=5 tp_nonsynth_mf5_000062 seed=1 arm=intro_specter level=hard: per_fault={'budget': True, 'days': True, 'house_rule': True, 'room_type': True, 'transportation': True} all_resolved=True n_resolved=5/5 tokens=(5362,3507)
  N=5 tp_nonsynth_mf5_000062 seed=2 arm=direct level=hard: per_fault={'budget': False, 'days': False, 'house_rule': True, 'room_type': True, 'transportation': True} all_resolved=False n_resolved=3/5 tokens=(1889,545)
  N=5 tp_nonsynth_mf5_000062 seed=2 arm=self_refine level=hard: per_fault={'budget': False, 'days': False, 'house_rule': True, 'room_type': True, 'transportation': True} all_resolved=False n_resolved=3/5 tokens=(4633,1606)
  N=5 tp_nonsynth_mf5_000062 seed=2 arm=full_regen level=hard: per_fault={'budget': True, 'days': False, 'house_rule': True, 'room_type': True, 'transportation': True} all_resolved=False n_resolved=4/5 tokens=(3777,863)
  N=5 tp_nonsynth_mf5_000062 seed=2 arm=react level=hard: per_fault={'budget': False, 'days': False, 'house_rule': False, 'room_type': True, 'transportation': False} all_resolved=False n_resolved=1/5 tokens=(3834,1411)
  N=5 tp_nonsynth_mf5_000062 seed=2 arm=selfcheckgpt level=hard: per_fault={'budget': False, 'days': False, 'house_rule': True, 'room_type': True, 'transportation': True} all_resolved=False n_resolved=3/5 tokens=(13003,912)
  N=5 tp_nonsynth_mf5_000062 seed=2 arm=reflexion level=hard: per_fault={'budget': True, 'days': False, 'house_rule': True, 'room_type': True, 'transportation': False} all_resolved=False n_resolved=3/5 tokens=(14131,2446)
  N=5 tp_nonsynth_mf5_000062 seed=2 arm=intro_specter level=hard: per_fault={'budget': False, 'days': False, 'house_rule': False, 'room_type': False, 'transportation': False} all_resolved=False n_resolved=0/5 tokens=(4785,1403)
  N=5 tp_nonsynth_mf5_000063 seed=0 arm=direct level=hard: per_fault={'budget': True, 'days': False, 'house_rule': True, 'room_type': False, 'transportation': False} all_resolved=False n_resolved=2/5 tokens=(1722,627)
  N=5 tp_nonsynth_mf5_000063 seed=0 arm=self_refine level=hard: per_fault={'budget': True, 'days': False, 'house_rule': True, 'room_type': False, 'transportation': True} all_resolved=False n_resolved=3/5 tokens=(4409,1750)
  N=5 tp_nonsynth_mf5_000063 seed=0 arm=full_regen level=hard: per_fault={'budget': False, 'days': False, 'house_rule': False, 'room_type': True, 'transportation': False} all_resolved=False n_resolved=1/5 tokens=(3444,1130)
  N=5 tp_nonsynth_mf5_000063 seed=0 arm=react level=hard: per_fault={'budget': False, 'days': False, 'house_rule': True, 'room_type': False, 'transportation': False} all_resolved=False n_resolved=1/5 tokens=(3500,1246)
  N=5 tp_nonsynth_mf5_000063 seed=0 arm=selfcheckgpt level=hard: per_fault={'budget': True, 'days': False, 'house_rule': True, 'room_type': False, 'transportation': False} all_resolved=False n_resolved=2/5 tokens=(11930,1022)
  N=5 tp_nonsynth_mf5_000063 seed=0 arm=reflexion level=hard: per_fault={'budget': True, 'days': False, 'house_rule': True, 'room_type': True, 'transportation': True} all_resolved=False n_resolved=4/5 tokens=(13919,2751)
  N=5 tp_nonsynth_mf5_000063 seed=0 arm=intro_specter level=hard: per_fault={'budget': False, 'days': False, 'house_rule': False, 'room_type': False, 'transportation': False} all_resolved=False n_resolved=0/5 tokens=(4561,1161)
  N=5 tp_nonsynth_mf5_000063 seed=1 arm=direct level=hard: per_fault={'budget': True, 'days': False, 'house_rule': True, 'room_type': False, 'transportation': False} all_resolved=False n_resolved=2/5 tokens=(1722,627)
  N=5 tp_nonsynth_mf5_000063 seed=1 arm=self_refine level=hard: per_fault={'budget': True, 'days': False, 'house_rule': True, 'room_type': False, 'transportation': True} all_resolved=False n_resolved=3/5 tokens=(4409,1750)
  N=5 tp_nonsynth_mf5_000063 seed=1 arm=full_regen level=hard: per_fault={'budget': False, 'days': False, 'house_rule': True, 'room_type': False, 'transportation': False} all_resolved=False n_resolved=1/5 tokens=(3444,1298)
  N=5 tp_nonsynth_mf5_000063 seed=1 arm=react level=hard: per_fault={'budget': False, 'days': False, 'house_rule': True, 'room_type': False, 'transportation': False} all_resolved=False n_resolved=1/5 tokens=(3500,1246)
  N=5 tp_nonsynth_mf5_000063 seed=1 arm=selfcheckgpt level=hard: per_fault={'budget': True, 'days': False, 'house_rule': True, 'room_type': False, 'transportation': False} all_resolved=False n_resolved=2/5 tokens=(11860,1018)
  N=5 tp_nonsynth_mf5_000063 seed=1 arm=reflexion level=hard: per_fault={'budget': True, 'days': False, 'house_rule': True, 'room_type': True, 'transportation': True} all_resolved=False n_resolved=4/5 tokens=(13919,2751)
  N=5 tp_nonsynth_mf5_000063 seed=1 arm=intro_specter level=hard: per_fault={'budget': False, 'days': False, 'house_rule': False, 'room_type': False, 'transportation': False} all_resolved=False n_resolved=0/5 tokens=(4561,1161)
  N=5 tp_nonsynth_mf5_000063 seed=2 arm=direct level=hard: per_fault={'budget': True, 'days': True, 'house_rule': True, 'room_type': False, 'transportation': False} all_resolved=False n_resolved=3/5 tokens=(1722,717)
  N=5 tp_nonsynth_mf5_000063 seed=2 arm=self_refine level=hard: per_fault={'budget': True, 'days': True, 'house_rule': True, 'room_type': False, 'transportation': False} all_resolved=False n_resolved=3/5 tokens=(4275,1745)
  N=5 tp_nonsynth_mf5_000063 seed=2 arm=full_regen level=hard: per_fault={'budget': False, 'days': True, 'house_rule': True, 'room_type': False, 'transportation': False} all_resolved=False n_resolved=2/5 tokens=(3444,2109)
  N=5 tp_nonsynth_mf5_000063 seed=2 arm=react level=hard: per_fault={'budget': True, 'days': True, 'house_rule': True, 'room_type': False, 'transportation': False} all_resolved=False n_resolved=3/5 tokens=(3500,1756)
  N=5 tp_nonsynth_mf5_000063 seed=2 arm=selfcheckgpt level=hard: per_fault={'budget': True, 'days': True, 'house_rule': True, 'room_type': False, 'transportation': False} all_resolved=False n_resolved=3/5 tokens=(11888,1065)
  N=5 tp_nonsynth_mf5_000063 seed=2 arm=reflexion level=hard: per_fault={'budget': True, 'days': False, 'house_rule': True, 'room_type': True, 'transportation': False} all_resolved=False n_resolved=3/5 tokens=(13293,2636)
  N=5 tp_nonsynth_mf5_000063 seed=2 arm=intro_specter level=hard: per_fault={'budget': True, 'days': False, 'house_rule': True, 'room_type': False, 'transportation': False} all_resolved=False n_resolved=2/5 tokens=(4427,1531)
  N=5 tp_nonsynth_mf5_000067 seed=0 arm=direct level=hard: per_fault={'budget': True, 'days': False, 'house_rule': True, 'room_type': True, 'transportation': True} all_resolved=False n_resolved=4/5 tokens=(1836,696)
  N=5 tp_nonsynth_mf5_000067 seed=0 arm=self_refine level=hard: per_fault={'budget': True, 'days': False, 'house_rule': True, 'room_type': True, 'transportation': True} all_resolved=False n_resolved=4/5 tokens=(4734,1988)
  N=5 tp_nonsynth_mf5_000067 seed=0 arm=full_regen level=hard: per_fault={'budget': False, 'days': False, 'house_rule': False, 'room_type': False, 'transportation': False} all_resolved=False n_resolved=0/5 tokens=(3672,1132)
  N=5 tp_nonsynth_mf5_000067 seed=0 arm=react level=hard: per_fault={'budget': True, 'days': True, 'house_rule': True, 'room_type': True, 'transportation': True} all_resolved=True n_resolved=5/5 tokens=(3728,2151)
  N=5 tp_nonsynth_mf5_000067 seed=0 arm=selfcheckgpt level=hard: per_fault={'budget': True, 'days': False, 'house_rule': True, 'room_type': True, 'transportation': True} all_resolved=False n_resolved=4/5 tokens=(13178,1557)
  N=5 tp_nonsynth_mf5_000067 seed=0 arm=reflexion level=hard: per_fault={'budget': True, 'days': False, 'house_rule': True, 'room_type': True, 'transportation': True} all_resolved=False n_resolved=4/5 tokens=(14780,2798)
  N=5 tp_nonsynth_mf5_000067 seed=0 arm=intro_specter level=hard: per_fault={'budget': True, 'days': False, 'house_rule': True, 'room_type': True, 'transportation': True} all_resolved=False n_resolved=4/5 tokens=(4886,1018)
  N=5 tp_nonsynth_mf5_000067 seed=1 arm=direct level=hard: per_fault={'budget': True, 'days': False, 'house_rule': True, 'room_type': True, 'transportation': True} all_resolved=False n_resolved=4/5 tokens=(1836,696)
  N=5 tp_nonsynth_mf5_000067 seed=1 arm=self_refine level=hard: per_fault={'budget': True, 'days': False, 'house_rule': True, 'room_type': True, 'transportation': True} all_resolved=False n_resolved=4/5 tokens=(4734,1988)
  N=5 tp_nonsynth_mf5_000067 seed=1 arm=full_regen level=hard: per_fault={'budget': False, 'days': False, 'house_rule': True, 'room_type': True, 'transportation': True} all_resolved=False n_resolved=3/5 tokens=(3672,1193)
  N=5 tp_nonsynth_mf5_000067 seed=1 arm=react level=hard: per_fault={'budget': True, 'days': True, 'house_rule': True, 'room_type': True, 'transportation': True} all_resolved=True n_resolved=5/5 tokens=(3728,2151)
  N=5 tp_nonsynth_mf5_000067 seed=1 arm=selfcheckgpt level=hard: per_fault={'budget': True, 'days': False, 'house_rule': True, 'room_type': True, 'transportation': True} all_resolved=False n_resolved=4/5 tokens=(12990,1317)
  N=5 tp_nonsynth_mf5_000067 seed=1 arm=reflexion level=hard: per_fault={'budget': True, 'days': False, 'house_rule': True, 'room_type': True, 'transportation': True} all_resolved=False n_resolved=4/5 tokens=(14780,2798)
  N=5 tp_nonsynth_mf5_000067 seed=1 arm=intro_specter level=hard: per_fault={'budget': True, 'days': False, 'house_rule': True, 'room_type': True, 'transportation': True} all_resolved=False n_resolved=4/5 tokens=(4886,1018)
  N=5 tp_nonsynth_mf5_000067 seed=2 arm=direct level=hard: per_fault={'budget': False, 'days': False, 'house_rule': True, 'room_type': True, 'transportation': False} all_resolved=False n_resolved=2/5 tokens=(1836,649)
  N=5 tp_nonsynth_mf5_000067 seed=2 arm=self_refine level=hard: per_fault={'budget': True, 'days': False, 'house_rule': True, 'room_type': True, 'transportation': True} all_resolved=False n_resolved=4/5 tokens=(4771,1947)
  N=5 tp_nonsynth_mf5_000067 seed=2 arm=full_regen level=hard: per_fault={'budget': True, 'days': False, 'house_rule': True, 'room_type': True, 'transportation': True} all_resolved=False n_resolved=4/5 tokens=(3672,1442)
  N=5 tp_nonsynth_mf5_000067 seed=2 arm=react level=hard: per_fault={'budget': True, 'days': False, 'house_rule': True, 'room_type': True, 'transportation': True} all_resolved=False n_resolved=4/5 tokens=(3728,1287)
  N=5 tp_nonsynth_mf5_000067 seed=2 arm=selfcheckgpt level=hard: per_fault={'budget': False, 'days': False, 'house_rule': True, 'room_type': True, 'transportation': False} all_resolved=False n_resolved=2/5 tokens=(12784,1157)
  N=5 tp_nonsynth_mf5_000067 seed=2 arm=reflexion level=hard: per_fault={'budget': True, 'days': False, 'house_rule': True, 'room_type': True, 'transportation': True} all_resolved=False n_resolved=4/5 tokens=(14127,2132)
  N=5 tp_nonsynth_mf5_000067 seed=2 arm=intro_specter level=hard: per_fault={'budget': True, 'days': False, 'house_rule': True, 'room_type': True, 'transportation': True} all_resolved=False n_resolved=4/5 tokens=(4923,1209)
  N=5 tp_nonsynth_mf5_000069 seed=0 arm=direct level=hard: per_fault={'budget': True, 'days': False, 'house_rule': True, 'room_type': True, 'transportation': True} all_resolved=False n_resolved=4/5 tokens=(1924,449)
  N=5 tp_nonsynth_mf5_000069 seed=0 arm=self_refine level=hard: per_fault={'budget': True, 'days': False, 'house_rule': True, 'room_type': True, 'transportation': True} all_resolved=False n_resolved=4/5 tokens=(4397,1207)
  N=5 tp_nonsynth_mf5_000069 seed=0 arm=full_regen level=hard: per_fault={'budget': True, 'days': False, 'house_rule': True, 'room_type': True, 'transportation': True} all_resolved=False n_resolved=4/5 tokens=(3848,837)
  N=5 tp_nonsynth_mf5_000069 seed=0 arm=react level=hard: per_fault={'budget': True, 'days': False, 'house_rule': False, 'room_type': False, 'transportation': False} all_resolved=False n_resolved=1/5 tokens=(3904,1076)
[RETRY] selfcheckgpt task=tp_nonsynth_mf5_000074 seed=2 attempt 1/5 failed (failed to obtain JSON after 3 attempts: could not parse JSON from model output:
{
  "final_output": "<------json_start------>\n{\n  \"itinerary\": [\n    {\n      \"day\": 1,\n      \"accommodation\": \"L&L Executive Apartments - Pacific iff7\",\n      \"meal_lunch\": {\n        \"restaurant\": \"The Med\",\n        \"cuisine\": \"Mediterranean\",\n        \"cost\": 200\n      },\n      \"meal_dinner\": {\n        \"restaurant\": \"Jesse Fox Brewery & Cellar\",\n        \"cuisine\": \"American\",\n        \"cost\": 200\n      },\n      \"attraction\": {\n        \"name\": \); retrying in 3s
[RETRY] selfcheckgpt task=tp_nonsynth_mf5_000074 seed=2 attempt 2/5 failed (failed to obtain JSON after 3 attempts: could not parse JSON from model output:
{
  "final_output": "<------json_start------>\n{\n  \"itinerary\": [\n    {\n      \"day\": 1,\n      \"accommodation\": \"L&L Executive Apartments - Pacific iff7\",\n      \"meal_lunch\": {\n        \"restaurant\": \"The Med\",\n        \"cuisine\": \"Mediterranean\",\n        \"cost\": 200\n      },\n      \"meal_dinner\": {\n        \"restaurant\": \"Jesse Fox Brewery & Cellar\",\n        \"cuisine\": \"American\",\n        \"cost\": 200\n      },\n      \"attraction\": {\n        \"name\": \); retrying in 6s
[RETRY] selfcheckgpt task=tp_nonsynth_mf5_000074 seed=2 attempt 3/5 failed (failed to obtain JSON after 3 attempts: could not parse JSON from model output:
{
  "final_output": "<------json_start------>\n{\n  \"itinerary\": [\n    {\n      \"day\": 1,\n      \"accommodation\": \"L&L Executive Apartments - Pacific iff7\",\n      \"meal_lunch\": {\n        \"restaurant\": \"The Med\",\n        \"cuisine\": \"Mediterranean\",\n        \"cost\": 200\n      },\n      \"meal_dinner\": {\n        \"restaurant\": \"Jesse Fox Brewery & Cellar\",\n        \"cuisine\": \"American\",\n        \"cost\": 200\n      },\n      \"attraction\": {\n        \"name\": \); retrying in 12s
[RETRY] selfcheckgpt task=tp_nonsynth_mf5_000074 seed=2 attempt 4/5 failed (failed to obtain JSON after 3 attempts: could not parse JSON from model output:
{
  "final_output": "<------json_start------>\n{\n  \"itinerary\": [\n    {\n      \"day\": 1,\n      \"accommodation\": \"L&L Executive Apartments - Pacific iff7\",\n      \"meal_lunch\": {\n        \"restaurant\": \"The Med\",\n        \"cuisine\": \"Mediterranean\",\n        \"cost\": 200\n      },\n      \"meal_dinner\": {\n        \"restaurant\": \"Jesse Fox Brewery & Cellar\",\n        \"cuisine\": \"American\",\n        \"cost\": 200\n      },\n      \"attraction\": {\n        \"name\": \); retrying in 24s
[ERROR] selfcheckgpt failed task=tp_nonsynth_mf5_000074 seed=2: failed to obtain JSON after 3 attempts: could not parse JSON from model output:
{
  "final_output": "<------json_start------>\n{\n  \"itinerary\": [\n    {\n      \"day\": 1,\n      \"accommodation\": \"L&L Executive Apartments - Pacific iff7\",\n      \"meal_lunch\": {\n        \"restaurant\": \"The Med\",\n        \"cuisine\": \"Mediterranean\",\n        \"cost\": 200\n      },\n      \"meal_dinner\": {\n        \"restaurant\": \"Jesse Fox Brewery & Cellar\",\n        \"cuisine\": \"American\",\n        \"cost\": 200\n      },\n      \"attraction\": {\n        \"name\": \
  N=5 tp_nonsynth_mf5_000069 seed=0 arm=selfcheckgpt level=hard: per_fault={'budget': True, 'days': False, 'house_rule': True, 'room_type': True, 'transportation': True} all_resolved=False n_resolved=4/5 tokens=(11852,1235)
  N=5 tp_nonsynth_mf5_000069 seed=0 arm=reflexion level=hard: per_fault={'budget': True, 'days': False, 'house_rule': True, 'room_type': True, 'transportation': True} all_resolved=False n_resolved=4/5 tokens=(12617,1674)
  N=5 tp_nonsynth_mf5_000069 seed=0 arm=intro_specter level=hard: per_fault={'budget': True, 'days': False, 'house_rule': False, 'room_type': False, 'transportation': False} all_resolved=False n_resolved=1/5 tokens=(4549,1062)
  N=5 tp_nonsynth_mf5_000069 seed=1 arm=direct level=hard: per_fault={'budget': True, 'days': False, 'house_rule': True, 'room_type': True, 'transportation': True} all_resolved=False n_resolved=4/5 tokens=(1924,449)
  N=5 tp_nonsynth_mf5_000069 seed=1 arm=self_refine level=hard: per_fault={'budget': True, 'days': False, 'house_rule': True, 'room_type': True, 'transportation': True} all_resolved=False n_resolved=4/5 tokens=(4397,1207)
  N=5 tp_nonsynth_mf5_000069 seed=1 arm=full_regen level=hard: per_fault={'budget': False, 'days': False, 'house_rule': False, 'room_type': False, 'transportation': False} all_resolved=False n_resolved=0/5 tokens=(3848,917)
  N=5 tp_nonsynth_mf5_000069 seed=1 arm=react level=hard: per_fault={'budget': True, 'days': False, 'house_rule': False, 'room_type': False, 'transportation': False} all_resolved=False n_resolved=1/5 tokens=(3904,1076)
  N=5 tp_nonsynth_mf5_000069 seed=1 arm=selfcheckgpt level=hard: per_fault={'budget': False, 'days': False, 'house_rule': True, 'room_type': True, 'transportation': True} all_resolved=False n_resolved=3/5 tokens=(13391,956)
  N=5 tp_nonsynth_mf5_000069 seed=1 arm=reflexion level=hard: per_fault={'budget': True, 'days': False, 'house_rule': True, 'room_type': True, 'transportation': True} all_resolved=False n_resolved=4/5 tokens=(12617,1674)
  N=5 tp_nonsynth_mf5_000069 seed=1 arm=intro_specter level=hard: per_fault={'budget': True, 'days': False, 'house_rule': False, 'room_type': False, 'transportation': False} all_resolved=False n_resolved=1/5 tokens=(4549,1062)
  N=5 tp_nonsynth_mf5_000069 seed=2 arm=direct level=hard: per_fault={'budget': True, 'days': False, 'house_rule': True, 'room_type': True, 'transportation': True} all_resolved=False n_resolved=4/5 tokens=(1924,549)
  N=5 tp_nonsynth_mf5_000069 seed=2 arm=self_refine level=hard: per_fault={'budget': True, 'days': True, 'house_rule': True, 'room_type': True, 'transportation': True} all_resolved=True n_resolved=5/5 tokens=(4707,2224)
  N=5 tp_nonsynth_mf5_000069 seed=2 arm=full_regen level=hard: per_fault={'budget': True, 'days': False, 'house_rule': True, 'room_type': True, 'transportation': True} all_resolved=False n_resolved=4/5 tokens=(3848,1006)
  N=5 tp_nonsynth_mf5_000069 seed=2 arm=react level=hard: per_fault={'budget': False, 'days': False, 'house_rule': False, 'room_type': False, 'transportation': False} all_resolved=False n_resolved=0/5 tokens=(3904,1031)
  N=5 tp_nonsynth_mf5_000069 seed=2 arm=selfcheckgpt level=hard: per_fault={'budget': True, 'days': False, 'house_rule': True, 'room_type': True, 'transportation': True} all_resolved=False n_resolved=4/5 tokens=(13800,1497)
  N=5 tp_nonsynth_mf5_000069 seed=2 arm=reflexion level=hard: per_fault={'budget': True, 'days': False, 'house_rule': True, 'room_type': True, 'transportation': True} all_resolved=False n_resolved=4/5 tokens=(13418,2016)
  N=5 tp_nonsynth_mf5_000069 seed=2 arm=intro_specter level=hard: per_fault={'budget': True, 'days': False, 'house_rule': False, 'room_type': False, 'transportation': False} all_resolved=False n_resolved=1/5 tokens=(4859,1874)
  N=5 tp_nonsynth_mf5_000074 seed=0 arm=direct level=hard: per_fault={'budget': False, 'days': False, 'cuisine': False, 'house_rule': True, 'transportation': True} all_resolved=False n_resolved=2/5 tokens=(1871,920)
  N=5 tp_nonsynth_mf5_000074 seed=0 arm=self_refine level=hard: per_fault={'budget': False, 'days': False, 'cuisine': False, 'house_rule': True, 'transportation': True} all_resolved=False n_resolved=2/5 tokens=(4993,2413)
  N=5 tp_nonsynth_mf5_000074 seed=0 arm=full_regen level=hard: per_fault={'budget': True, 'days': True, 'cuisine': False, 'house_rule': True, 'transportation': True} all_resolved=False n_resolved=4/5 tokens=(3742,1908)
  N=5 tp_nonsynth_mf5_000074 seed=0 arm=react level=hard: per_fault={'budget': False, 'days': False, 'cuisine': False, 'house_rule': True, 'transportation': False} all_resolved=False n_resolved=1/5 tokens=(3798,1533)
  N=5 tp_nonsynth_mf5_000074 seed=0 arm=selfcheckgpt level=hard: per_fault={'budget': False, 'days': False, 'cuisine': False, 'house_rule': True, 'transportation': True} all_resolved=False n_resolved=2/5 tokens=(13163,1540)
  N=5 tp_nonsynth_mf5_000074 seed=0 arm=reflexion level=hard: per_fault={'budget': True, 'days': False, 'cuisine': False, 'house_rule': True, 'transportation': True} all_resolved=False n_resolved=3/5 tokens=(15811,3057)
  N=5 tp_nonsynth_mf5_000074 seed=0 arm=intro_specter level=hard: per_fault={'budget': False, 'days': False, 'cuisine': False, 'house_rule': False, 'transportation': False} all_resolved=False n_resolved=0/5 tokens=(5145,2275)
  N=5 tp_nonsynth_mf5_000074 seed=1 arm=direct level=hard: per_fault={'budget': False, 'days': False, 'cuisine': False, 'house_rule': True, 'transportation': True} all_resolved=False n_resolved=2/5 tokens=(1871,920)
  N=5 tp_nonsynth_mf5_000074 seed=1 arm=self_refine level=hard: per_fault={'budget': False, 'days': False, 'cuisine': False, 'house_rule': True, 'transportation': True} all_resolved=False n_resolved=2/5 tokens=(4993,2413)
  N=5 tp_nonsynth_mf5_000074 seed=1 arm=full_regen level=hard: per_fault={'budget': False, 'days': True, 'cuisine': False, 'house_rule': True, 'transportation': False} all_resolved=False n_resolved=2/5 tokens=(3742,1638)
  N=5 tp_nonsynth_mf5_000074 seed=1 arm=react level=hard: per_fault={'budget': False, 'days': False, 'cuisine': False, 'house_rule': True, 'transportation': False} all_resolved=False n_resolved=1/5 tokens=(3798,1533)
  N=5 tp_nonsynth_mf5_000074 seed=1 arm=selfcheckgpt level=hard: per_fault={'budget': False, 'days': False, 'cuisine': False, 'house_rule': True, 'transportation': True} all_resolved=False n_resolved=2/5 tokens=(13231,1680)
  N=5 tp_nonsynth_mf5_000074 seed=1 arm=reflexion level=hard: per_fault={'budget': True, 'days': False, 'cuisine': False, 'house_rule': True, 'transportation': True} all_resolved=False n_resolved=3/5 tokens=(15811,3057)
  N=5 tp_nonsynth_mf5_000074 seed=1 arm=intro_specter level=hard: per_fault={'budget': False, 'days': False, 'cuisine': False, 'house_rule': False, 'transportation': False} all_resolved=False n_resolved=0/5 tokens=(5145,2275)
  N=5 tp_nonsynth_mf5_000074 seed=2 arm=direct level=hard: per_fault={'budget': True, 'days': True, 'cuisine': False, 'house_rule': True, 'transportation': True} all_resolved=False n_resolved=4/5 tokens=(1871,1114)
  N=5 tp_nonsynth_mf5_000074 seed=2 arm=self_refine level=hard: per_fault={'budget': True, 'days': True, 'cuisine': False, 'house_rule': True, 'transportation': True} all_resolved=False n_resolved=4/5 tokens=(5131,2538)
  N=5 tp_nonsynth_mf5_000074 seed=2 arm=full_regen level=hard: per_fault={'budget': False, 'days': False, 'cuisine': False, 'house_rule': True, 'transportation': False} all_resolved=False n_resolved=1/5 tokens=(3742,1832)
  N=5 tp_nonsynth_mf5_000074 seed=2 arm=react level=hard: per_fault={'budget': False, 'days': False, 'cuisine': False, 'house_rule': True, 'transportation': False} all_resolved=False n_resolved=1/5 tokens=(3798,1527)
  N=5 tp_nonsynth_mf5_000074 seed=2 arm=reflexion level=hard: per_fault={'budget': True, 'days': True, 'cuisine': False, 'house_rule': True, 'transportation': False} all_resolved=False n_resolved=3/5 tokens=(16928,4478)
  N=5 tp_nonsynth_mf5_000074 seed=2 arm=intro_specter level=hard: per_fault={'budget': False, 'days': False, 'cuisine': False, 'house_rule': False, 'transportation': False} all_resolved=False n_resolved=0/5 tokens=(5283,2014)
[RETRY] selfcheckgpt task=tp_nonsynth_mf5_000078 seed=1 attempt 1/5 failed (failed to obtain JSON after 3 attempts: could not parse JSON from model output:
{"final_output": "Please find below a tailored 6-day travel plan for two people, from Houston to Pensacola, adhering to the specified constraints:

**Day 1 (March 6, 2022): Houston to Pensacola**
- Accommodation: *Pensacola Grand Hotel* (Visitors-friendly, $100/night x 2 = $200)
- Lunch: *American* - *The Fish House* ($60)
- Dinner: *Indian* - *The Spice Mahal* ($60)
- Attraction: *Historic Pensacola Village* (Free)
- **Total: $460**

**Day 2 (March 7, 2022): Explore Pensacola**
- Accommodation:); retrying in 3s
[RETRY] selfcheckgpt task=tp_nonsynth_mf5_000078 seed=1 attempt 2/5 failed (failed to obtain JSON after 3 attempts: could not parse JSON from model output:
{"final_output": "Please find below a tailored 6-day travel plan for two people, from Houston to Pensacola, adhering to the specified constraints:

**Day 1 (March 6, 2022): Houston to Pensacola**
- Accommodation: *Pensacola Grand Hotel* (Visitors-friendly, $100/night x 2 = $200)
- Lunch: *American* - *The Fish House* ($60)
- Dinner: *Indian* - *The Spice Mahal* ($60)
- Attraction: *Historic Pensacola Village* (Free)
- **Total: $460**

**Day 2 (March 7, 2022): Explore Pensacola**
- Accommodation:); retrying in 6s
[RETRY] selfcheckgpt task=tp_nonsynth_mf5_000078 seed=1 attempt 3/5 failed (failed to obtain JSON after 3 attempts: could not parse JSON from model output:
{"final_output": "Please find below a tailored 6-day travel plan for two people, from Houston to Pensacola, adhering to the specified constraints:

**Day 1 (March 6, 2022): Houston to Pensacola**
- Accommodation: *Pensacola Grand Hotel* (Visitors-friendly, $100/night x 2 = $200)
- Lunch: *American* - *The Fish House* ($60)
- Dinner: *Indian* - *The Spice Mahal* ($60)
- Attraction: *Historic Pensacola Village* (Free)
- **Total: $460**

**Day 2 (March 7, 2022): Explore Pensacola**
- Accommodation:); retrying in 12s
[RETRY] selfcheckgpt task=tp_nonsynth_mf5_000078 seed=1 attempt 4/5 failed (failed to obtain JSON after 3 attempts: could not parse JSON from model output:
{"final_output": "Please find below a tailored 6-day travel plan for two people, from Houston to Pensacola, adhering to the specified constraints:

**Day 1 (March 6, 2022): Houston to Pensacola**
- Accommodation: *Pensacola Grand Hotel* (Visitors-friendly, $100/night x 2 = $200)
- Lunch: *American* - *The Fish House* ($60)
- Dinner: *Indian* - *The Spice Mahal* ($60)
- Attraction: *Historic Pensacola Village* (Free)
- **Total: $460**

**Day 2 (March 7, 2022): Explore Pensacola**
- Accommodation:); retrying in 24s
[ERROR] selfcheckgpt failed task=tp_nonsynth_mf5_000078 seed=1: failed to obtain JSON after 3 attempts: could not parse JSON from model output:
{"final_output": "Please find below a tailored 6-day travel plan for two people, from Houston to Pensacola, adhering to the specified constraints:

**Day 1 (March 6, 2022): Houston to Pensacola**
- Accommodation: *Pensacola Grand Hotel* (Visitors-friendly, $100/night x 2 = $200)
- Lunch: *American* - *The Fish House* ($60)
- Dinner: *Indian* - *The Spice Mahal* ($60)
- Attraction: *Historic Pensacola Village* (Free)
- **Total: $460**

**Day 2 (March 7, 2022): Explore Pensacola**
- Accommodation:
  N=5 tp_nonsynth_mf5_000078 seed=0 arm=direct level=hard: per_fault={'budget': True, 'days': True, 'cuisine': False, 'house_rule': True, 'transportation': False} all_resolved=False n_resolved=3/5 tokens=(1931,879)
  N=5 tp_nonsynth_mf5_000078 seed=0 arm=self_refine level=hard: per_fault={'budget': False, 'days': True, 'cuisine': False, 'house_rule': True, 'transportation': False} all_resolved=False n_resolved=2/5 tokens=(4988,2243)
  N=5 tp_nonsynth_mf5_000078 seed=0 arm=full_regen level=hard: per_fault={'budget': False, 'days': False, 'cuisine': False, 'house_rule': False, 'transportation': False} all_resolved=False n_resolved=0/5 tokens=(3862,1773)
  N=5 tp_nonsynth_mf5_000078 seed=0 arm=react level=hard: per_fault={'budget': False, 'days': False, 'cuisine': False, 'house_rule': True, 'transportation': False} all_resolved=False n_resolved=1/5 tokens=(3918,1424)
  N=5 tp_nonsynth_mf5_000078 seed=0 arm=selfcheckgpt level=hard: per_fault={'budget': True, 'days': True, 'cuisine': False, 'house_rule': True, 'transportation': False} all_resolved=False n_resolved=3/5 tokens=(13534,1463)
  N=5 tp_nonsynth_mf5_000078 seed=0 arm=reflexion level=hard: per_fault={'budget': True, 'days': True, 'cuisine': False, 'house_rule': True, 'transportation': False} all_resolved=False n_resolved=3/5 tokens=(15652,3084)
  N=5 tp_nonsynth_mf5_000078 seed=0 arm=intro_specter level=hard: per_fault={'budget': True, 'days': False, 'cuisine': False, 'house_rule': False, 'transportation': False} all_resolved=False n_resolved=1/5 tokens=(5140,2976)
  N=5 tp_nonsynth_mf5_000078 seed=1 arm=direct level=hard: per_fault={'budget': True, 'days': True, 'cuisine': False, 'house_rule': True, 'transportation': False} all_resolved=False n_resolved=3/5 tokens=(1931,879)
  N=5 tp_nonsynth_mf5_000078 seed=1 arm=self_refine level=hard: per_fault={'budget': False, 'days': True, 'cuisine': False, 'house_rule': True, 'transportation': False} all_resolved=False n_resolved=2/5 tokens=(4988,2243)
  N=5 tp_nonsynth_mf5_000078 seed=1 arm=full_regen level=hard: per_fault={'budget': False, 'days': False, 'cuisine': False, 'house_rule': False, 'transportation': False} all_resolved=False n_resolved=0/5 tokens=(3862,1164)
  N=5 tp_nonsynth_mf5_000078 seed=1 arm=react level=hard: per_fault={'budget': False, 'days': False, 'cuisine': False, 'house_rule': True, 'transportation': False} all_resolved=False n_resolved=1/5 tokens=(3918,1424)
  N=5 tp_nonsynth_mf5_000078 seed=1 arm=reflexion level=hard: per_fault={'budget': True, 'days': True, 'cuisine': False, 'house_rule': True, 'transportation': False} all_resolved=False n_resolved=3/5 tokens=(15652,3084)
  N=5 tp_nonsynth_mf5_000078 seed=1 arm=intro_specter level=hard: per_fault={'budget': True, 'days': False, 'cuisine': False, 'house_rule': False, 'transportation': False} all_resolved=False n_resolved=1/5 tokens=(5140,2976)
  N=5 tp_nonsynth_mf5_000078 seed=2 arm=direct level=hard: per_fault={'budget': True, 'days': True, 'cuisine': False, 'house_rule': True, 'transportation': True} all_resolved=False n_resolved=4/5 tokens=(1931,1188)
  N=5 tp_nonsynth_mf5_000078 seed=2 arm=self_refine level=hard: per_fault={'budget': True, 'days': True, 'cuisine': False, 'house_rule': True, 'transportation': True} all_resolved=False n_resolved=4/5 tokens=(5360,2739)
  N=5 tp_nonsynth_mf5_000078 seed=2 arm=full_regen level=hard: per_fault={'budget': False, 'days': True, 'cuisine': False, 'house_rule': True, 'transportation': False} all_resolved=False n_resolved=2/5 tokens=(3862,2235)
  N=5 tp_nonsynth_mf5_000078 seed=2 arm=react level=hard: per_fault={'budget': True, 'days': True, 'cuisine': False, 'house_rule': True, 'transportation': True} all_resolved=False n_resolved=4/5 tokens=(3918,2237)
  N=5 tp_nonsynth_mf5_000078 seed=2 arm=selfcheckgpt level=hard: per_fault={'budget': True, 'days': True, 'cuisine': False, 'house_rule': True, 'transportation': True} all_resolved=False n_resolved=4/5 tokens=(14086,2347)
  N=5 tp_nonsynth_mf5_000078 seed=2 arm=reflexion level=hard: per_fault={'budget': True, 'days': True, 'cuisine': False, 'house_rule': True, 'transportation': False} all_resolved=False n_resolved=3/5 tokens=(16978,3626)
  N=5 tp_nonsynth_mf5_000078 seed=2 arm=intro_specter level=hard: per_fault={'budget': False, 'days': False, 'cuisine': False, 'house_rule': False, 'transportation': False} all_resolved=False n_resolved=0/5 tokens=(5512,2190)
  N=5 tp_nonsynth_mf5_000079 seed=0 arm=direct level=hard: per_fault={'budget': True, 'days': True, 'house_rule': True, 'room_type': True, 'transportation': False} all_resolved=False n_resolved=4/5 tokens=(1783,1132)
  N=5 tp_nonsynth_mf5_000079 seed=0 arm=self_refine level=hard: per_fault={'budget': True, 'days': True, 'house_rule': True, 'room_type': True, 'transportation': False} all_resolved=False n_resolved=4/5 tokens=(5176,2941)
  N=5 tp_nonsynth_mf5_000079 seed=0 arm=full_regen level=hard: per_fault={'budget': True, 'days': False, 'house_rule': False, 'room_type': False, 'transportation': False} all_resolved=False n_resolved=1/5 tokens=(3566,1777)
  N=5 tp_nonsynth_mf5_000079 seed=0 arm=react level=hard: per_fault={'budget': False, 'days': False, 'house_rule': False, 'room_type': False, 'transportation': False} all_resolved=False n_resolved=0/5 tokens=(3622,1646)
  N=5 tp_nonsynth_mf5_000079 seed=0 arm=selfcheckgpt level=hard: per_fault={'budget': True, 'days': True, 'house_rule': True, 'room_type': True, 'transportation': False} all_resolved=False n_resolved=4/5 tokens=(12603,1885)
  N=5 tp_nonsynth_mf5_000079 seed=0 arm=reflexion level=hard: per_fault={'budget': True, 'days': True, 'house_rule': True, 'room_type': True, 'transportation': True} all_resolved=True n_resolved=5/5 tokens=(8614,2891)
  N=5 tp_nonsynth_mf5_000079 seed=0 arm=intro_specter level=hard: per_fault={'budget': True, 'days': True, 'house_rule': True, 'room_type': True, 'transportation': False} all_resolved=False n_resolved=4/5 tokens=(5328,2584)
  N=5 tp_nonsynth_mf5_000079 seed=1 arm=direct level=hard: per_fault={'budget': True, 'days': True, 'house_rule': True, 'room_type': True, 'transportation': False} all_resolved=False n_resolved=4/5 tokens=(1783,1132)
  N=5 tp_nonsynth_mf5_000079 seed=1 arm=self_refine level=hard: per_fault={'budget': True, 'days': True, 'house_rule': True, 'room_type': True, 'transportation': False} all_resolved=False n_resolved=4/5 tokens=(5176,2941)
  N=5 tp_nonsynth_mf5_000079 seed=1 arm=full_regen level=hard: per_fault={'budget': True, 'days': True, 'house_rule': True, 'room_type': False, 'transportation': False} all_resolved=False n_resolved=3/5 tokens=(3566,2793)
  N=5 tp_nonsynth_mf5_000079 seed=1 arm=react level=hard: per_fault={'budget': False, 'days': False, 'house_rule': False, 'room_type': False, 'transportation': False} all_resolved=False n_resolved=0/5 tokens=(3622,1646)
  N=5 tp_nonsynth_mf5_000079 seed=1 arm=selfcheckgpt level=hard: per_fault={'budget': True, 'days': True, 'house_rule': True, 'room_type': True, 'transportation': False} all_resolved=False n_resolved=4/5 tokens=(12375,1660)
  N=5 tp_nonsynth_mf5_000079 seed=1 arm=reflexion level=hard: per_fault={'budget': True, 'days': True, 'house_rule': True, 'room_type': True, 'transportation': True} all_resolved=True n_resolved=5/5 tokens=(8614,2891)
  N=5 tp_nonsynth_mf5_000079 seed=1 arm=intro_specter level=hard: per_fault={'budget': True, 'days': True, 'house_rule': True, 'room_type': True, 'transportation': False} all_resolved=False n_resolved=4/5 tokens=(5328,2584)
  N=5 tp_nonsynth_mf5_000079 seed=2 arm=direct level=hard: per_fault={'budget': False, 'days': True, 'house_rule': True, 'room_type': True, 'transportation': True} all_resolved=False n_resolved=4/5 tokens=(1783,959)
  N=5 tp_nonsynth_mf5_000079 seed=2 arm=self_refine level=hard: per_fault={'budget': False, 'days': True, 'house_rule': True, 'room_type': True, 'transportation': True} all_resolved=False n_resolved=4/5 tokens=(4695,2287)
  N=5 tp_nonsynth_mf5_000079 seed=2 arm=full_regen level=hard: per_fault={'budget': False, 'days': False, 'house_rule': True, 'room_type': False, 'transportation': False} all_resolved=False n_resolved=1/5 tokens=(3566,2228)
[RETRY] selfcheckgpt task=tp_nonsynth_mf5_000079 seed=2 attempt 1/5 failed (failed to obtain JSON after 3 attempts: could not parse JSON from model output:
{
  "final_output": [
    {
      "day": 1,
      "accommodation": "The Ambition Rooms (Shared - $150/night) - $210 ($70 Cleaning)",
      "meal": (Breakfast: The Westin at Briargate $15/person - $30, Lunch: Ohanatables Portuguese Cuisine - $30 per couple, Dinner: Indulge Wine & Bistro - $60 per couple) - $120,
      "attractions": "Four Mile Historic Park ($0), Glendale Farm ($30/person - $60), Cherry Creek Reservoir ($0)",
      "cost": "$330"
    },
    {
      "day": 2,
      "accommodation"); retrying in 3s
[RETRY] selfcheckgpt task=tp_nonsynth_mf5_000079 seed=2 attempt 2/5 failed (failed to obtain JSON after 3 attempts: could not parse JSON from model output:
{
  "final_output": [
    {
      "day": 1,
      "accommodation": "The Ambition Rooms (Shared - $150/night) - $210 ($70 Cleaning)",
      "meal": (Breakfast: The Westin at Briargate $15/person - $30, Lunch: Ohanatables Portuguese Cuisine - $30 per couple, Dinner: Indulge Wine & Bistro - $60 per couple) - $120,
      "attractions": "Four Mile Historic Park ($0), Glendale Farm ($30/person - $60), Cherry Creek Reservoir ($0)",
      "cost": "$330"
    },
    {
      "day": 2,
      "accommodation"); retrying in 6s
[RETRY] selfcheckgpt task=tp_nonsynth_mf5_000079 seed=2 attempt 3/5 failed (failed to obtain JSON after 3 attempts: could not parse JSON from model output:
{
  "final_output": [
    {
      "day": 1,
      "accommodation": "The Ambition Rooms (Shared - $150/night) - $210 ($70 Cleaning)",
      "meal": (Breakfast: The Westin at Briargate $15/person - $30, Lunch: Ohanatables Portuguese Cuisine - $30 per couple, Dinner: Indulge Wine & Bistro - $60 per couple) - $120,
      "attractions": "Four Mile Historic Park ($0), Glendale Farm ($30/person - $60), Cherry Creek Reservoir ($0)",
      "cost": "$330"
    },
    {
      "day": 2,
      "accommodation"); retrying in 12s
[RETRY] selfcheckgpt task=tp_nonsynth_mf5_000079 seed=2 attempt 4/5 failed (failed to obtain JSON after 3 attempts: could not parse JSON from model output:
{
  "final_output": [
    {
      "day": 1,
      "accommodation": "The Ambition Rooms (Shared - $150/night) - $210 ($70 Cleaning)",
      "meal": (Breakfast: The Westin at Briargate $15/person - $30, Lunch: Ohanatables Portuguese Cuisine - $30 per couple, Dinner: Indulge Wine & Bistro - $60 per couple) - $120,
      "attractions": "Four Mile Historic Park ($0), Glendale Farm ($30/person - $60), Cherry Creek Reservoir ($0)",
      "cost": "$330"
    },
    {
      "day": 2,
      "accommodation"); retrying in 24s
[ERROR] selfcheckgpt failed task=tp_nonsynth_mf5_000079 seed=2: failed to obtain JSON after 3 attempts: could not parse JSON from model output:
{
  "final_output": [
    {
      "day": 1,
      "accommodation": "The Ambition Rooms (Shared - $150/night) - $210 ($70 Cleaning)",
      "meal": (Breakfast: The Westin at Briargate $15/person - $30, Lunch: Ohanatables Portuguese Cuisine - $30 per couple, Dinner: Indulge Wine & Bistro - $60 per couple) - $120,
      "attractions": "Four Mile Historic Park ($0), Glendale Farm ($30/person - $60), Cherry Creek Reservoir ($0)",
      "cost": "$330"
    },
    {
      "day": 2,
      "accommodation"
  N=5 tp_nonsynth_mf5_000079 seed=2 arm=react level=hard: per_fault={'budget': True, 'days': True, 'house_rule': True, 'room_type': True, 'transportation': False} all_resolved=False n_resolved=4/5 tokens=(3622,2899)
  N=5 tp_nonsynth_mf5_000079 seed=2 arm=reflexion level=hard: per_fault={'budget': True, 'days': True, 'house_rule': True, 'room_type': True, 'transportation': True} all_resolved=True n_resolved=5/5 tokens=(7671,2204)
  N=5 tp_nonsynth_mf5_000079 seed=2 arm=intro_specter level=hard: per_fault={'budget': False, 'days': False, 'house_rule': True, 'room_type': True, 'transportation': True} all_resolved=False n_resolved=3/5 tokens=(4847,1485)
  N=5 tp_nonsynth_mf5_000081 seed=0 arm=direct level=hard: per_fault={'budget': False, 'days': False, 'house_rule': True, 'room_type': True, 'transportation': True} all_resolved=False n_resolved=3/5 tokens=(1773,557)
  N=5 tp_nonsynth_mf5_000081 seed=0 arm=self_refine level=hard: per_fault={'budget': False, 'days': False, 'house_rule': True, 'room_type': True, 'transportation': False} all_resolved=False n_resolved=2/5 tokens=(4413,1564)
  N=5 tp_nonsynth_mf5_000081 seed=0 arm=full_regen level=hard: per_fault={'budget': True, 'days': False, 'house_rule': True, 'room_type': True, 'transportation': False} all_resolved=False n_resolved=3/5 tokens=(3546,1568)
  N=5 tp_nonsynth_mf5_000081 seed=0 arm=react level=hard: per_fault={'budget': False, 'days': False, 'house_rule': True, 'room_type': False, 'transportation': True} all_resolved=False n_resolved=2/5 tokens=(3602,1191)
  N=5 tp_nonsynth_mf5_000081 seed=0 arm=selfcheckgpt level=hard: per_fault={'budget': False, 'days': False, 'house_rule': True, 'room_type': True, 'transportation': True} all_resolved=False n_resolved=3/5 tokens=(12396,1122)
  N=5 tp_nonsynth_mf5_000081 seed=0 arm=reflexion level=hard: per_fault={'budget': True, 'days': False, 'house_rule': True, 'room_type': True, 'transportation': True} all_resolved=False n_resolved=4/5 tokens=(13494,2508)
  N=5 tp_nonsynth_mf5_000081 seed=0 arm=intro_specter level=hard: per_fault={'budget': True, 'days': False, 'house_rule': True, 'room_type': True, 'transportation': True} all_resolved=False n_resolved=4/5 tokens=(4565,1201)
  N=5 tp_nonsynth_mf5_000081 seed=1 arm=direct level=hard: per_fault={'budget': False, 'days': False, 'house_rule': True, 'room_type': True, 'transportation': True} all_resolved=False n_resolved=3/5 tokens=(1773,557)
  N=5 tp_nonsynth_mf5_000081 seed=1 arm=self_refine level=hard: per_fault={'budget': False, 'days': False, 'house_rule': True, 'room_type': True, 'transportation': False} all_resolved=False n_resolved=2/5 tokens=(4413,1564)
  N=5 tp_nonsynth_mf5_000081 seed=1 arm=full_regen level=hard: per_fault={'budget': False, 'days': False, 'house_rule': True, 'room_type': False, 'transportation': False} all_resolved=False n_resolved=1/5 tokens=(3546,1206)
  N=5 tp_nonsynth_mf5_000081 seed=1 arm=react level=hard: per_fault={'budget': False, 'days': False, 'house_rule': True, 'room_type': False, 'transportation': True} all_resolved=False n_resolved=2/5 tokens=(3602,1191)
  N=5 tp_nonsynth_mf5_000081 seed=1 arm=selfcheckgpt level=hard: per_fault={'budget': False, 'days': False, 'house_rule': True, 'room_type': True, 'transportation': True} all_resolved=False n_resolved=3/5 tokens=(12206,872)
  N=5 tp_nonsynth_mf5_000081 seed=1 arm=reflexion level=hard: per_fault={'budget': True, 'days': False, 'house_rule': True, 'room_type': True, 'transportation': True} all_resolved=False n_resolved=4/5 tokens=(13494,2508)
  N=5 tp_nonsynth_mf5_000081 seed=1 arm=intro_specter level=hard: per_fault={'budget': True, 'days': False, 'house_rule': True, 'room_type': True, 'transportation': True} all_resolved=False n_resolved=4/5 tokens=(4565,1201)
  N=5 tp_nonsynth_mf5_000081 seed=2 arm=direct level=hard: per_fault={'budget': False, 'days': False, 'house_rule': True, 'room_type': True, 'transportation': False} all_resolved=False n_resolved=2/5 tokens=(1773,816)
  N=5 tp_nonsynth_mf5_000081 seed=2 arm=self_refine level=hard: per_fault={'budget': True, 'days': False, 'house_rule': True, 'room_type': True, 'transportation': False} all_resolved=False n_resolved=3/5 tokens=(4630,2034)
  N=5 tp_nonsynth_mf5_000081 seed=2 arm=full_regen level=hard: per_fault={'budget': True, 'days': False, 'house_rule': True, 'room_type': False, 'transportation': False} all_resolved=False n_resolved=2/5 tokens=(3546,1536)
  N=5 tp_nonsynth_mf5_000081 seed=2 arm=react level=hard: per_fault={'budget': False, 'days': False, 'house_rule': False, 'room_type': False, 'transportation': False} all_resolved=False n_resolved=0/5 tokens=(3602,1392)
  N=5 tp_nonsynth_mf5_000081 seed=2 arm=selfcheckgpt level=hard: per_fault={'budget': False, 'days': False, 'house_rule': True, 'room_type': True, 'transportation': False} all_resolved=False n_resolved=2/5 tokens=(12256,1236)
  N=5 tp_nonsynth_mf5_000081 seed=2 arm=reflexion level=hard: per_fault={'budget': True, 'days': False, 'house_rule': True, 'room_type': True, 'transportation': False} all_resolved=False n_resolved=3/5 tokens=(14669,3211)
  N=5 tp_nonsynth_mf5_000081 seed=2 arm=intro_specter level=hard: per_fault={'budget': False, 'days': False, 'house_rule': True, 'room_type': True, 'transportation': False} all_resolved=False n_resolved=2/5 tokens=(4782,1356)
  N=5 tp_nonsynth_mf5_000083 seed=0 arm=direct level=hard: per_fault={'budget': True, 'days': True, 'house_rule': True, 'room_type': True, 'transportation': True} all_resolved=True n_resolved=5/5 tokens=(1820,805)
  N=5 tp_nonsynth_mf5_000083 seed=0 arm=self_refine level=hard: per_fault={'budget': True, 'days': True, 'house_rule': True, 'room_type': True, 'transportation': True} all_resolved=True n_resolved=5/5 tokens=(4671,1804)
  N=5 tp_nonsynth_mf5_000083 seed=0 arm=full_regen level=hard: per_fault={'budget': False, 'days': True, 'house_rule': True, 'room_type': True, 'transportation': False} all_resolved=False n_resolved=3/5 tokens=(3640,1607)
  N=5 tp_nonsynth_mf5_000083 seed=0 arm=react level=hard: per_fault={'budget': True, 'days': True, 'house_rule': True, 'room_type': True, 'transportation': True} all_resolved=True n_resolved=5/5 tokens=(3696,1744)
  N=5 tp_nonsynth_mf5_000083 seed=0 arm=selfcheckgpt level=hard: per_fault={'budget': True, 'days': True, 'house_rule': True, 'room_type': True, 'transportation': True} all_resolved=True n_resolved=5/5 tokens=(12661,1343)
  N=5 tp_nonsynth_mf5_000083 seed=0 arm=reflexion level=hard: per_fault={'budget': True, 'days': True, 'house_rule': True, 'room_type': True, 'transportation': True} all_resolved=True n_resolved=5/5 tokens=(1820,805)
  N=5 tp_nonsynth_mf5_000083 seed=0 arm=intro_specter level=hard: per_fault={'budget': True, 'days': True, 'house_rule': True, 'room_type': True, 'transportation': True} all_resolved=True n_resolved=5/5 tokens=(4823,1975)
  N=5 tp_nonsynth_mf5_000083 seed=1 arm=direct level=hard: per_fault={'budget': True, 'days': True, 'house_rule': True, 'room_type': True, 'transportation': True} all_resolved=True n_resolved=5/5 tokens=(1820,805)
  N=5 tp_nonsynth_mf5_000083 seed=1 arm=self_refine level=hard: per_fault={'budget': True, 'days': True, 'house_rule': True, 'room_type': True, 'transportation': True} all_resolved=True n_resolved=5/5 tokens=(4671,1804)
  N=5 tp_nonsynth_mf5_000083 seed=1 arm=full_regen level=hard: per_fault={'budget': False, 'days': True, 'house_rule': True, 'room_type': False, 'transportation': False} all_resolved=False n_resolved=2/5 tokens=(3640,1801)
  N=5 tp_nonsynth_mf5_000083 seed=1 arm=react level=hard: per_fault={'budget': True, 'days': True, 'house_rule': True, 'room_type': True, 'transportation': True} all_resolved=True n_resolved=5/5 tokens=(3696,1744)
  N=5 tp_nonsynth_mf5_000083 seed=1 arm=selfcheckgpt level=hard: per_fault={'budget': True, 'days': True, 'house_rule': True, 'room_type': True, 'transportation': True} all_resolved=True n_resolved=5/5 tokens=(11668,2156)
  N=5 tp_nonsynth_mf5_000083 seed=1 arm=reflexion level=hard: per_fault={'budget': True, 'days': True, 'house_rule': True, 'room_type': True, 'transportation': True} all_resolved=True n_resolved=5/5 tokens=(1820,805)
  N=5 tp_nonsynth_mf5_000083 seed=1 arm=intro_specter level=hard: per_fault={'budget': True, 'days': True, 'house_rule': True, 'room_type': True, 'transportation': True} all_resolved=True n_resolved=5/5 tokens=(4823,1975)
  N=5 tp_nonsynth_mf5_000083 seed=2 arm=direct level=hard: per_fault={'budget': True, 'days': True, 'house_rule': True, 'room_type': False, 'transportation': False} all_resolved=False n_resolved=3/5 tokens=(1820,617)
  N=5 tp_nonsynth_mf5_000083 seed=2 arm=self_refine level=hard: per_fault={'budget': True, 'days': True, 'house_rule': True, 'room_type': False, 'transportation': False} all_resolved=False n_resolved=3/5 tokens=(4539,1669)
  N=5 tp_nonsynth_mf5_000083 seed=2 arm=full_regen level=hard: per_fault={'budget': True, 'days': False, 'house_rule': True, 'room_type': True, 'transportation': False} all_resolved=False n_resolved=3/5 tokens=(3640,1486)
  N=5 tp_nonsynth_mf5_000083 seed=2 arm=react level=hard: per_fault={'budget': True, 'days': True, 'house_rule': True, 'room_type': True, 'transportation': True} all_resolved=True n_resolved=5/5 tokens=(3696,1694)
  N=5 tp_nonsynth_mf5_000083 seed=2 arm=selfcheckgpt level=hard: per_fault={'budget': True, 'days': True, 'house_rule': True, 'room_type': False, 'transportation': False} all_resolved=False n_resolved=3/5 tokens=(14550,1999)
  N=5 tp_nonsynth_mf5_000083 seed=2 arm=reflexion level=hard: per_fault={'budget': True, 'days': True, 'house_rule': True, 'room_type': True, 'transportation': True} all_resolved=True n_resolved=5/5 tokens=(7363,1527)
  N=5 tp_nonsynth_mf5_000083 seed=2 arm=intro_specter level=hard: per_fault={'budget': True, 'days': False, 'house_rule': True, 'room_type': False, 'transportation': False} all_resolved=False n_resolved=2/5 tokens=(4691,1421)
  N=5 tp_nonsynth_mf5_000085 seed=0 arm=direct level=hard: per_fault={'budget': False, 'days': False, 'cuisine': False, 'house_rule': True, 'room_type': False} all_resolved=False n_resolved=1/5 tokens=(1957,896)
  N=5 tp_nonsynth_mf5_000085 seed=0 arm=self_refine level=hard: per_fault={'budget': True, 'days': False, 'cuisine': False, 'house_rule': True, 'room_type': False} all_resolved=False n_resolved=2/5 tokens=(5344,2527)
  N=5 tp_nonsynth_mf5_000085 seed=0 arm=full_regen level=hard: per_fault={'budget': False, 'days': False, 'cuisine': False, 'house_rule': False, 'room_type': False} all_resolved=False n_resolved=0/5 tokens=(3914,1439)
  N=5 tp_nonsynth_mf5_000085 seed=0 arm=react level=hard: per_fault={'budget': True, 'days': False, 'cuisine': False, 'house_rule': True, 'room_type': True} all_resolved=False n_resolved=3/5 tokens=(3970,1478)
  N=5 tp_nonsynth_mf5_000085 seed=0 arm=selfcheckgpt level=hard: per_fault={'budget': False, 'days': False, 'cuisine': False, 'house_rule': True, 'room_type': False} all_resolved=False n_resolved=1/5 tokens=(13919,1407)
  N=5 tp_nonsynth_mf5_000085 seed=0 arm=reflexion level=hard: per_fault={'budget': True, 'days': False, 'cuisine': False, 'house_rule': True, 'room_type': False} all_resolved=False n_resolved=2/5 tokens=(17648,3721)
  N=5 tp_nonsynth_mf5_000085 seed=0 arm=intro_specter level=hard: per_fault={'budget': False, 'days': False, 'cuisine': False, 'house_rule': True, 'room_type': False} all_resolved=False n_resolved=1/5 tokens=(5496,1845)
  N=5 tp_nonsynth_mf5_000085 seed=1 arm=direct level=hard: per_fault={'budget': False, 'days': False, 'cuisine': False, 'house_rule': True, 'room_type': False} all_resolved=False n_resolved=1/5 tokens=(1957,896)
  N=5 tp_nonsynth_mf5_000085 seed=1 arm=self_refine level=hard: per_fault={'budget': True, 'days': False, 'cuisine': False, 'house_rule': True, 'room_type': False} all_resolved=False n_resolved=2/5 tokens=(5344,2527)
  N=5 tp_nonsynth_mf5_000085 seed=1 arm=full_regen level=hard: per_fault={'budget': True, 'days': False, 'cuisine': False, 'house_rule': True, 'room_type': False} all_resolved=False n_resolved=2/5 tokens=(3914,1370)
  N=5 tp_nonsynth_mf5_000085 seed=1 arm=react level=hard: per_fault={'budget': True, 'days': False, 'cuisine': False, 'house_rule': True, 'room_type': True} all_resolved=False n_resolved=3/5 tokens=(3970,1478)
  N=5 tp_nonsynth_mf5_000085 seed=1 arm=selfcheckgpt level=hard: per_fault={'budget': False, 'days': False, 'cuisine': False, 'house_rule': True, 'room_type': False} all_resolved=False n_resolved=1/5 tokens=(14895,1890)
  N=5 tp_nonsynth_mf5_000085 seed=1 arm=reflexion level=hard: per_fault={'budget': True, 'days': False, 'cuisine': False, 'house_rule': True, 'room_type': False} all_resolved=False n_resolved=2/5 tokens=(17648,3721)
  N=5 tp_nonsynth_mf5_000085 seed=1 arm=intro_specter level=hard: per_fault={'budget': False, 'days': False, 'cuisine': False, 'house_rule': True, 'room_type': False} all_resolved=False n_resolved=1/5 tokens=(5496,1845)
  N=5 tp_nonsynth_mf5_000085 seed=2 arm=direct level=hard: per_fault={'budget': False, 'days': False, 'cuisine': False, 'house_rule': True, 'room_type': True} all_resolved=False n_resolved=2/5 tokens=(1957,845)
  N=5 tp_nonsynth_mf5_000085 seed=2 arm=self_refine level=hard: per_fault={'budget': False, 'days': False, 'cuisine': False, 'house_rule': True, 'room_type': True} all_resolved=False n_resolved=2/5 tokens=(5069,2183)
  N=5 tp_nonsynth_mf5_000085 seed=2 arm=full_regen level=hard: per_fault={'budget': False, 'days': False, 'cuisine': False, 'house_rule': True, 'room_type': False} all_resolved=False n_resolved=1/5 tokens=(3914,1735)
  N=5 tp_nonsynth_mf5_000085 seed=2 arm=react level=hard: per_fault={'budget': True, 'days': False, 'cuisine': False, 'house_rule': True, 'room_type': True} all_resolved=False n_resolved=3/5 tokens=(3970,1665)
  N=5 tp_nonsynth_mf5_000085 seed=2 arm=selfcheckgpt level=hard: per_fault={'budget': False, 'days': False, 'cuisine': False, 'house_rule': True, 'room_type': True} all_resolved=False n_resolved=2/5 tokens=(12550,2256)
  N=5 tp_nonsynth_mf5_000085 seed=2 arm=reflexion level=hard: per_fault={'budget': True, 'days': False, 'cuisine': False, 'house_rule': True, 'room_type': True} all_resolved=False n_resolved=3/5 tokens=(15681,3068)
  N=5 tp_nonsynth_mf5_000085 seed=2 arm=intro_specter level=hard: per_fault={'budget': False, 'days': False, 'cuisine': False, 'house_rule': True, 'room_type': True} all_resolved=False n_resolved=2/5 tokens=(5221,2128)
  N=5 tp_nonsynth_mf5_000088 seed=0 arm=direct level=hard: per_fault={'budget': False, 'days': True, 'cuisine': False, 'house_rule': True, 'room_type': False} all_resolved=False n_resolved=2/5 tokens=(1716,539)
  N=5 tp_nonsynth_mf5_000088 seed=0 arm=self_refine level=hard: per_fault={'budget': True, 'days': True, 'cuisine': False, 'house_rule': True, 'room_type': False} all_resolved=False n_resolved=3/5 tokens=(4084,1180)
  N=5 tp_nonsynth_mf5_000088 seed=0 arm=full_regen level=hard: per_fault={'budget': False, 'days': False, 'cuisine': False, 'house_rule': False, 'room_type': False} all_resolved=False n_resolved=0/5 tokens=(3432,1296)
  N=5 tp_nonsynth_mf5_000088 seed=0 arm=react level=hard: per_fault={'budget': True, 'days': True, 'cuisine': False, 'house_rule': True, 'room_type': True} all_resolved=False n_resolved=4/5 tokens=(3488,1555)
  N=5 tp_nonsynth_mf5_000088 seed=0 arm=selfcheckgpt level=hard: per_fault={'budget': False, 'days': True, 'cuisine': False, 'house_rule': True, 'room_type': False} all_resolved=False n_resolved=2/5 tokens=(12029,1145)
  N=5 tp_nonsynth_mf5_000088 seed=0 arm=reflexion level=hard: per_fault={'budget': True, 'days': True, 'cuisine': False, 'house_rule': False, 'room_type': True} all_resolved=False n_resolved=3/5 tokens=(12031,1679)
  N=5 tp_nonsynth_mf5_000088 seed=0 arm=intro_specter level=hard: per_fault={'budget': False, 'days': False, 'cuisine': False, 'house_rule': True, 'room_type': False} all_resolved=False n_resolved=1/5 tokens=(4237,1350)
  N=5 tp_nonsynth_mf5_000088 seed=1 arm=direct level=hard: per_fault={'budget': False, 'days': True, 'cuisine': False, 'house_rule': True, 'room_type': False} all_resolved=False n_resolved=2/5 tokens=(1716,539)
[RETRY] selfcheckgpt task=tp_nonsynth_mf5_000090 seed=0 attempt 1/5 failed (failed to obtain JSON after 3 attempts: could not parse JSON from model output:
{"final_output": "{\"itinerary\": {\"day1\": {\"accommodation\": \"Pioneer Park Apartment\", \"meal\": {\"breakfast\": \"Saffron Beignets (\\$15)\", \"lunch\": \"Caramba! (\\$25)\", \"dinner\": \"The Garage Soup & Pastry (\\$35)\"}, \"attraction\": \"Salt Lake City Public Library (\\$0)\"}, \"day2\": {\"accommodation\": \"Fairmont Hot Springs Lodge\", \"meal\": {\"breakfast\": \"The Grill at the Point (\\$20)\", \"lunch\": \"The Riders Lounge (\\$20)\", \"dinner\": \"The Dining Room (\\$40)\"}, ); retrying in 3s
[RETRY] selfcheckgpt task=tp_nonsynth_mf5_000090 seed=0 attempt 2/5 failed (failed to obtain JSON after 3 attempts: could not parse JSON from model output:
{"final_output": "{\"itinerary\": {\"day1\": {\"accommodation\": \"Pioneer Park Apartment\", \"meal\": {\"breakfast\": \"Saffron Beignets (\\$15)\", \"lunch\": \"Caramba! (\\$25)\", \"dinner\": \"The Garage Soup & Pastry (\\$35)\"}, \"attraction\": \"Salt Lake City Public Library (\\$0)\"}, \"day2\": {\"accommodation\": \"Fairmont Hot Springs Lodge\", \"meal\": {\"breakfast\": \"The Grill at the Point (\\$20)\", \"lunch\": \"The Riders Lounge (\\$20)\", \"dinner\": \"The Dining Room (\\$40)\"}, ); retrying in 6s
[RETRY] selfcheckgpt task=tp_nonsynth_mf5_000090 seed=0 attempt 3/5 failed (failed to obtain JSON after 3 attempts: could not parse JSON from model output:
{"final_output": "{\"itinerary\": {\"day1\": {\"accommodation\": \"Pioneer Park Apartment\", \"meal\": {\"breakfast\": \"Saffron Beignets (\\$15)\", \"lunch\": \"Caramba! (\\$25)\", \"dinner\": \"The Garage Soup & Pastry (\\$35)\"}, \"attraction\": \"Salt Lake City Public Library (\\$0)\"}, \"day2\": {\"accommodation\": \"Fairmont Hot Springs Lodge\", \"meal\": {\"breakfast\": \"The Grill at the Point (\\$20)\", \"lunch\": \"The Riders Lounge (\\$20)\", \"dinner\": \"The Dining Room (\\$40)\"}, ); retrying in 12s
[RETRY] selfcheckgpt task=tp_nonsynth_mf5_000090 seed=0 attempt 4/5 failed (failed to obtain JSON after 3 attempts: could not parse JSON from model output:
{"final_output": "{\"itinerary\": {\"day1\": {\"accommodation\": \"Pioneer Park Apartment\", \"meal\": {\"breakfast\": \"Saffron Beignets (\\$15)\", \"lunch\": \"Caramba! (\\$25)\", \"dinner\": \"The Garage Soup & Pastry (\\$35)\"}, \"attraction\": \"Salt Lake City Public Library (\\$0)\"}, \"day2\": {\"accommodation\": \"Fairmont Hot Springs Lodge\", \"meal\": {\"breakfast\": \"The Grill at the Point (\\$20)\", \"lunch\": \"The Riders Lounge (\\$20)\", \"dinner\": \"The Dining Room (\\$40)\"}, ); retrying in 24s
[ERROR] selfcheckgpt failed task=tp_nonsynth_mf5_000090 seed=0: failed to obtain JSON after 3 attempts: could not parse JSON from model output:
{"final_output": "{\"itinerary\": {\"day1\": {\"accommodation\": \"Pioneer Park Apartment\", \"meal\": {\"breakfast\": \"Saffron Beignets (\\$15)\", \"lunch\": \"Caramba! (\\$25)\", \"dinner\": \"The Garage Soup & Pastry (\\$35)\"}, \"attraction\": \"Salt Lake City Public Library (\\$0)\"}, \"day2\": {\"accommodation\": \"Fairmont Hot Springs Lodge\", \"meal\": {\"breakfast\": \"The Grill at the Point (\\$20)\", \"lunch\": \"The Riders Lounge (\\$20)\", \"dinner\": \"The Dining Room (\\$40)\"}, 
[RETRY] selfcheckgpt task=tp_nonsynth_mf5_000090 seed=1 attempt 1/5 failed (failed to obtain JSON after 3 attempts: could not parse JSON from model output:
{
  "final_output": [
    {
      "date": "March 16th",
      "accommodation": "Prohibition Inn (Parties permitted)",
      "cost": "$250/night * 1 night = $250"
    },
    {
      "meal": "Lunch: Warehouse District",
      "restaurant": "The Burger Dive",
      "cost": "$15/person * 2 people = $30"
    },
    {
      "meal": "Dinner: Downtown",
      "restaurant": "Tupelo Grille",
      "cost": "$20/person * 2 people = $40"
    },
    {
      "attraction": "Pictograph Cave State Park",
      "c); retrying in 3s
[RETRY] selfcheckgpt task=tp_nonsynth_mf5_000090 seed=1 attempt 2/5 failed (failed to obtain JSON after 3 attempts: could not parse JSON from model output:
{
  "final_output": [
    {
      "date": "March 16th",
      "accommodation": "Prohibition Inn (Parties permitted)",
      "cost": "$250/night * 1 night = $250"
    },
    {
      "meal": "Lunch: Warehouse District",
      "restaurant": "The Burger Dive",
      "cost": "$15/person * 2 people = $30"
    },
    {
      "meal": "Dinner: Downtown",
      "restaurant": "Tupelo Grille",
      "cost": "$20/person * 2 people = $40"
    },
    {
      "attraction": "Pictograph Cave State Park",
      "c); retrying in 6s
[RETRY] selfcheckgpt task=tp_nonsynth_mf5_000090 seed=1 attempt 3/5 failed (failed to obtain JSON after 3 attempts: could not parse JSON from model output:
{
  "final_output": [
    {
      "date": "March 16th",
      "accommodation": "Prohibition Inn (Parties permitted)",
      "cost": "$250/night * 1 night = $250"
    },
    {
      "meal": "Lunch: Warehouse District",
      "restaurant": "The Burger Dive",
      "cost": "$15/person * 2 people = $30"
    },
    {
      "meal": "Dinner: Downtown",
      "restaurant": "Tupelo Grille",
      "cost": "$20/person * 2 people = $40"
    },
    {
      "attraction": "Pictograph Cave State Park",
      "c); retrying in 12s
[RETRY] selfcheckgpt task=tp_nonsynth_mf5_000090 seed=1 attempt 4/5 failed (failed to obtain JSON after 3 attempts: could not parse JSON from model output:
{
  "final_output": [
    {
      "date": "March 16th",
      "accommodation": "Prohibition Inn (Parties permitted)",
      "cost": "$250/night * 1 night = $250"
    },
    {
      "meal": "Lunch: Warehouse District",
      "restaurant": "The Burger Dive",
      "cost": "$15/person * 2 people = $30"
    },
    {
      "meal": "Dinner: Downtown",
      "restaurant": "Tupelo Grille",
      "cost": "$20/person * 2 people = $40"
    },
    {
      "attraction": "Pictograph Cave State Park",
      "c); retrying in 24s
[ERROR] selfcheckgpt failed task=tp_nonsynth_mf5_000090 seed=1: failed to obtain JSON after 3 attempts: could not parse JSON from model output:
{
  "final_output": [
    {
      "date": "March 16th",
      "accommodation": "Prohibition Inn (Parties permitted)",
      "cost": "$250/night * 1 night = $250"
    },
    {
      "meal": "Lunch: Warehouse District",
      "restaurant": "The Burger Dive",
      "cost": "$15/person * 2 people = $30"
    },
    {
      "meal": "Dinner: Downtown",
      "restaurant": "Tupelo Grille",
      "cost": "$20/person * 2 people = $40"
    },
    {
      "attraction": "Pictograph Cave State Park",
      "c
  N=5 tp_nonsynth_mf5_000088 seed=1 arm=self_refine level=hard: per_fault={'budget': True, 'days': True, 'cuisine': False, 'house_rule': True, 'room_type': False} all_resolved=False n_resolved=3/5 tokens=(4084,1180)
  N=5 tp_nonsynth_mf5_000088 seed=1 arm=full_regen level=hard: per_fault={'budget': False, 'days': False, 'cuisine': False, 'house_rule': False, 'room_type': False} all_resolved=False n_resolved=0/5 tokens=(3432,869)
  N=5 tp_nonsynth_mf5_000088 seed=1 arm=react level=hard: per_fault={'budget': True, 'days': True, 'cuisine': False, 'house_rule': True, 'room_type': True} all_resolved=False n_resolved=4/5 tokens=(3488,1555)
  N=5 tp_nonsynth_mf5_000088 seed=1 arm=selfcheckgpt level=hard: per_fault={'budget': False, 'days': True, 'cuisine': False, 'house_rule': True, 'room_type': False} all_resolved=False n_resolved=2/5 tokens=(11890,1069)
  N=5 tp_nonsynth_mf5_000088 seed=1 arm=reflexion level=hard: per_fault={'budget': True, 'days': True, 'cuisine': False, 'house_rule': False, 'room_type': True} all_resolved=False n_resolved=3/5 tokens=(12031,1679)
  N=5 tp_nonsynth_mf5_000088 seed=1 arm=intro_specter level=hard: per_fault={'budget': False, 'days': False, 'cuisine': False, 'house_rule': True, 'room_type': False} all_resolved=False n_resolved=1/5 tokens=(4237,1350)
  N=5 tp_nonsynth_mf5_000088 seed=2 arm=direct level=hard: per_fault={'budget': True, 'days': True, 'cuisine': False, 'house_rule': True, 'room_type': False} all_resolved=False n_resolved=3/5 tokens=(1716,720)
  N=5 tp_nonsynth_mf5_000088 seed=2 arm=self_refine level=hard: per_fault={'budget': False, 'days': True, 'cuisine': False, 'house_rule': True, 'room_type': False} all_resolved=False n_resolved=2/5 tokens=(4378,1881)
  N=5 tp_nonsynth_mf5_000088 seed=2 arm=full_regen level=hard: per_fault={'budget': False, 'days': True, 'cuisine': False, 'house_rule': False, 'room_type': False} all_resolved=False n_resolved=1/5 tokens=(3432,1287)
  N=5 tp_nonsynth_mf5_000088 seed=2 arm=react level=hard: per_fault={'budget': True, 'days': True, 'cuisine': False, 'house_rule': True, 'room_type': False} all_resolved=False n_resolved=3/5 tokens=(3488,1922)
  N=5 tp_nonsynth_mf5_000088 seed=2 arm=selfcheckgpt level=hard: per_fault={'budget': True, 'days': True, 'cuisine': False, 'house_rule': True, 'room_type': False} all_resolved=False n_resolved=3/5 tokens=(11904,1168)
  N=5 tp_nonsynth_mf5_000088 seed=2 arm=reflexion level=hard: per_fault={'budget': False, 'days': True, 'cuisine': False, 'house_rule': True, 'room_type': True} all_resolved=False n_resolved=3/5 tokens=(13787,2792)
  N=5 tp_nonsynth_mf5_000088 seed=2 arm=intro_specter level=hard: per_fault={'budget': True, 'days': False, 'cuisine': False, 'house_rule': True, 'room_type': False} all_resolved=False n_resolved=2/5 tokens=(4530,1368)
  N=5 tp_nonsynth_mf5_000090 seed=0 arm=direct level=hard: per_fault={'budget': True, 'days': False, 'cuisine': False, 'house_rule': True, 'transportation': True} all_resolved=False n_resolved=3/5 tokens=(2085,495)
  N=5 tp_nonsynth_mf5_000090 seed=0 arm=self_refine level=hard: per_fault={'budget': True, 'days': False, 'cuisine': False, 'house_rule': False, 'transportation': False} all_resolved=False n_resolved=1/5 tokens=(4844,721)
  N=5 tp_nonsynth_mf5_000090 seed=0 arm=full_regen level=hard: per_fault={'budget': False, 'days': False, 'cuisine': False, 'house_rule': True, 'transportation': False} all_resolved=False n_resolved=1/5 tokens=(4170,1376)
  N=5 tp_nonsynth_mf5_000090 seed=0 arm=react level=hard: per_fault={'budget': True, 'days': True, 'cuisine': False, 'house_rule': True, 'transportation': True} all_resolved=False n_resolved=4/5 tokens=(4226,1767)
  N=5 tp_nonsynth_mf5_000090 seed=0 arm=reflexion level=hard: per_fault={'budget': True, 'days': False, 'cuisine': False, 'house_rule': False, 'transportation': False} all_resolved=False n_resolved=1/5 tokens=(13946,2361)
  N=5 tp_nonsynth_mf5_000090 seed=0 arm=intro_specter level=hard: per_fault={'budget': True, 'days': False, 'cuisine': False, 'house_rule': True, 'transportation': True} all_resolved=False n_resolved=3/5 tokens=(4958,1349)
  N=5 tp_nonsynth_mf5_000090 seed=1 arm=direct level=hard: per_fault={'budget': True, 'days': False, 'cuisine': False, 'house_rule': True, 'transportation': True} all_resolved=False n_resolved=3/5 tokens=(2085,495)
  N=5 tp_nonsynth_mf5_000090 seed=1 arm=self_refine level=hard: per_fault={'budget': True, 'days': False, 'cuisine': False, 'house_rule': False, 'transportation': False} all_resolved=False n_resolved=1/5 tokens=(4844,721)
  N=5 tp_nonsynth_mf5_000090 seed=1 arm=full_regen level=hard: per_fault={'budget': True, 'days': True, 'cuisine': False, 'house_rule': True, 'transportation': True} all_resolved=False n_resolved=4/5 tokens=(4170,1526)
  N=5 tp_nonsynth_mf5_000090 seed=1 arm=react level=hard: per_fault={'budget': True, 'days': True, 'cuisine': False, 'house_rule': True, 'transportation': True} all_resolved=False n_resolved=4/5 tokens=(4226,1767)
  N=5 tp_nonsynth_mf5_000090 seed=1 arm=reflexion level=hard: per_fault={'budget': True, 'days': False, 'cuisine': False, 'house_rule': False, 'transportation': False} all_resolved=False n_resolved=1/5 tokens=(13946,2361)
  N=5 tp_nonsynth_mf5_000090 seed=1 arm=intro_specter level=hard: per_fault={'budget': True, 'days': False, 'cuisine': False, 'house_rule': True, 'transportation': True} all_resolved=False n_resolved=3/5 tokens=(4958,1349)
  N=5 tp_nonsynth_mf5_000090 seed=2 arm=direct level=hard: per_fault={'budget': True, 'days': True, 'cuisine': False, 'house_rule': True, 'transportation': True} all_resolved=False n_resolved=4/5 tokens=(2085,693)
  N=5 tp_nonsynth_mf5_000090 seed=2 arm=self_refine level=hard: per_fault={'budget': True, 'days': True, 'cuisine': False, 'house_rule': True, 'transportation': True} all_resolved=False n_resolved=4/5 tokens=(5061,1690)
  N=5 tp_nonsynth_mf5_000090 seed=2 arm=full_regen level=hard: per_fault={'budget': True, 'days': False, 'cuisine': False, 'house_rule': True, 'transportation': False} all_resolved=False n_resolved=2/5 tokens=(4170,1628)
  N=5 tp_nonsynth_mf5_000090 seed=2 arm=react level=hard: per_fault={'budget': True, 'days': True, 'cuisine': False, 'house_rule': False, 'transportation': False} all_resolved=False n_resolved=2/5 tokens=(4226,2030)
  N=5 tp_nonsynth_mf5_000090 seed=2 arm=selfcheckgpt level=hard: per_fault={'budget': True, 'days': True, 'cuisine': False, 'house_rule': True, 'transportation': True} all_resolved=False n_resolved=4/5 tokens=(16761,1497)
  N=5 tp_nonsynth_mf5_000090 seed=2 arm=reflexion level=hard: per_fault={'budget': True, 'days': True, 'cuisine': False, 'house_rule': False, 'transportation': False} all_resolved=False n_resolved=2/5 tokens=(16042,3345)
  N=5 tp_nonsynth_mf5_000090 seed=2 arm=intro_specter level=hard: per_fault={'budget': True, 'days': False, 'cuisine': False, 'house_rule': True, 'transportation': False} all_resolved=False n_resolved=2/5 tokens=(5213,1505)
  N=5 tp_nonsynth_mf5_000095 seed=0 arm=direct level=hard: per_fault={'budget': False, 'days': False, 'cuisine': False, 'house_rule': True, 'transportation': False} all_resolved=False n_resolved=1/5 tokens=(1852,991)
  N=5 tp_nonsynth_mf5_000095 seed=0 arm=self_refine level=hard: per_fault={'budget': False, 'days': False, 'cuisine': False, 'house_rule': True, 'transportation': False} all_resolved=False n_resolved=1/5 tokens=(5026,2133)
  N=5 tp_nonsynth_mf5_000095 seed=0 arm=full_regen level=hard: per_fault={'budget': False, 'days': False, 'cuisine': False, 'house_rule': True, 'transportation': True} all_resolved=False n_resolved=2/5 tokens=(3704,1972)
  N=5 tp_nonsynth_mf5_000095 seed=0 arm=react level=hard: per_fault={'budget': True, 'days': True, 'cuisine': False, 'house_rule': True, 'transportation': True} all_resolved=False n_resolved=4/5 tokens=(3760,2405)
  N=5 tp_nonsynth_mf5_000095 seed=0 arm=selfcheckgpt level=hard: per_fault={'budget': False, 'days': False, 'cuisine': False, 'house_rule': True, 'transportation': False} all_resolved=False n_resolved=1/5 tokens=(13038,1594)
  N=5 tp_nonsynth_mf5_000095 seed=0 arm=reflexion level=hard: per_fault={'budget': True, 'days': False, 'cuisine': True, 'house_rule': True, 'transportation': True} all_resolved=False n_resolved=4/5 tokens=(16560,4079)
  N=5 tp_nonsynth_mf5_000095 seed=0 arm=intro_specter level=hard: per_fault={'budget': False, 'days': False, 'cuisine': False, 'house_rule': True, 'transportation': False} all_resolved=False n_resolved=1/5 tokens=(5178,1096)
  N=5 tp_nonsynth_mf5_000095 seed=1 arm=direct level=hard: per_fault={'budget': False, 'days': False, 'cuisine': False, 'house_rule': True, 'transportation': False} all_resolved=False n_resolved=1/5 tokens=(1852,991)
  N=5 tp_nonsynth_mf5_000095 seed=1 arm=self_refine level=hard: per_fault={'budget': False, 'days': False, 'cuisine': False, 'house_rule': True, 'transportation': False} all_resolved=False n_resolved=1/5 tokens=(5026,2133)
  N=5 tp_nonsynth_mf5_000095 seed=1 arm=full_regen level=hard: per_fault={'budget': False, 'days': False, 'cuisine': False, 'house_rule': True, 'transportation': False} all_resolved=False n_resolved=1/5 tokens=(3704,1576)
  N=5 tp_nonsynth_mf5_000095 seed=1 arm=react level=hard: per_fault={'budget': True, 'days': True, 'cuisine': False, 'house_rule': True, 'transportation': True} all_resolved=False n_resolved=4/5 tokens=(3760,2405)
  N=5 tp_nonsynth_mf5_000095 seed=1 arm=selfcheckgpt level=hard: per_fault={'budget': True, 'days': False, 'cuisine': False, 'house_rule': True, 'transportation': False} all_resolved=False n_resolved=2/5 tokens=(12780,1351)
  N=5 tp_nonsynth_mf5_000095 seed=1 arm=reflexion level=hard: per_fault={'budget': True, 'days': False, 'cuisine': True, 'house_rule': True, 'transportation': True} all_resolved=False n_resolved=4/5 tokens=(16560,4079)
  N=5 tp_nonsynth_mf5_000095 seed=1 arm=intro_specter level=hard: per_fault={'budget': False, 'days': False, 'cuisine': False, 'house_rule': True, 'transportation': False} all_resolved=False n_resolved=1/5 tokens=(5178,1096)
  N=5 tp_nonsynth_mf5_000095 seed=2 arm=direct level=hard: per_fault={'budget': False, 'days': True, 'cuisine': False, 'house_rule': True, 'transportation': False} all_resolved=False n_resolved=2/5 tokens=(1852,739)
  N=5 tp_nonsynth_mf5_000095 seed=2 arm=self_refine level=hard: per_fault={'budget': False, 'days': True, 'cuisine': False, 'house_rule': True, 'transportation': False} all_resolved=False n_resolved=2/5 tokens=(4809,1977)
  N=5 tp_nonsynth_mf5_000095 seed=2 arm=full_regen level=hard: per_fault={'budget': True, 'days': False, 'cuisine': False, 'house_rule': True, 'transportation': False} all_resolved=False n_resolved=2/5 tokens=(3704,1403)
  N=5 tp_nonsynth_mf5_000095 seed=2 arm=react level=hard: per_fault={'budget': True, 'days': False, 'cuisine': False, 'house_rule': True, 'transportation': False} all_resolved=False n_resolved=2/5 tokens=(3760,1296)
  N=5 tp_nonsynth_mf5_000095 seed=2 arm=selfcheckgpt level=hard: per_fault={'budget': False, 'days': True, 'cuisine': False, 'house_rule': True, 'transportation': False} all_resolved=False n_resolved=2/5 tokens=(13283,1675)
  N=5 tp_nonsynth_mf5_000095 seed=2 arm=reflexion level=hard: per_fault={'budget': True, 'days': True, 'cuisine': False, 'house_rule': True, 'transportation': True} all_resolved=False n_resolved=4/5 tokens=(15319,2740)
  N=5 tp_nonsynth_mf5_000095 seed=2 arm=intro_specter level=hard: per_fault={'budget': False, 'days': False, 'cuisine': False, 'house_rule': True, 'transportation': False} all_resolved=False n_resolved=1/5 tokens=(4961,1066)
  N=5 tp_nonsynth_mf5_000098 seed=0 arm=direct level=hard: per_fault={'budget': True, 'days': True, 'cuisine': False, 'house_rule': False, 'room_type': False} all_resolved=False n_resolved=2/5 tokens=(1719,594)
  N=5 tp_nonsynth_mf5_000098 seed=0 arm=self_refine level=hard: per_fault={'budget': True, 'days': True, 'cuisine': False, 'house_rule': False, 'room_type': True} all_resolved=False n_resolved=3/5 tokens=(4146,1617)
  N=5 tp_nonsynth_mf5_000098 seed=0 arm=full_regen level=hard: per_fault={'budget': True, 'days': False, 'cuisine': False, 'house_rule': True, 'room_type': False} all_resolved=False n_resolved=2/5 tokens=(3438,1501)
  N=5 tp_nonsynth_mf5_000098 seed=0 arm=react level=hard: per_fault={'budget': True, 'days': True, 'cuisine': False, 'house_rule': False, 'room_type': True} all_resolved=False n_resolved=3/5 tokens=(3494,1227)
  N=5 tp_nonsynth_mf5_000098 seed=0 arm=selfcheckgpt level=hard: per_fault={'budget': True, 'days': True, 'cuisine': False, 'house_rule': False, 'room_type': False} all_resolved=False n_resolved=2/5 tokens=(10686,1473)
  N=5 tp_nonsynth_mf5_000098 seed=0 arm=reflexion level=hard: per_fault={'budget': True, 'days': True, 'cuisine': False, 'house_rule': False, 'room_type': True} all_resolved=False n_resolved=3/5 tokens=(13186,2853)
  N=5 tp_nonsynth_mf5_000098 seed=0 arm=intro_specter level=hard: per_fault={'budget': True, 'days': False, 'cuisine': False, 'house_rule': False, 'room_type': False} all_resolved=False n_resolved=1/5 tokens=(4298,1405)
  N=5 tp_nonsynth_mf5_000098 seed=1 arm=direct level=hard: per_fault={'budget': True, 'days': True, 'cuisine': False, 'house_rule': False, 'room_type': False} all_resolved=False n_resolved=2/5 tokens=(1719,594)
  N=5 tp_nonsynth_mf5_000098 seed=1 arm=self_refine level=hard: per_fault={'budget': True, 'days': True, 'cuisine': False, 'house_rule': False, 'room_type': True} all_resolved=False n_resolved=3/5 tokens=(4146,1617)
  N=5 tp_nonsynth_mf5_000098 seed=1 arm=full_regen level=hard: per_fault={'budget': False, 'days': False, 'cuisine': False, 'house_rule': True, 'room_type': False} all_resolved=False n_resolved=1/5 tokens=(3438,1211)
  N=5 tp_nonsynth_mf5_000098 seed=1 arm=react level=hard: per_fault={'budget': True, 'days': True, 'cuisine': False, 'house_rule': False, 'room_type': True} all_resolved=False n_resolved=3/5 tokens=(3494,1227)
  N=5 tp_nonsynth_mf5_000098 seed=1 arm=selfcheckgpt level=hard: per_fault={'budget': True, 'days': True, 'cuisine': False, 'house_rule': False, 'room_type': False} all_resolved=False n_resolved=2/5 tokens=(12688,1844)
  N=5 tp_nonsynth_mf5_000098 seed=1 arm=reflexion level=hard: per_fault={'budget': True, 'days': True, 'cuisine': False, 'house_rule': False, 'room_type': True} all_resolved=False n_resolved=3/5 tokens=(13186,2853)
  N=5 tp_nonsynth_mf5_000098 seed=1 arm=intro_specter level=hard: per_fault={'budget': True, 'days': False, 'cuisine': False, 'house_rule': False, 'room_type': False} all_resolved=False n_resolved=1/5 tokens=(4298,1405)
  N=5 tp_nonsynth_mf5_000098 seed=2 arm=direct level=hard: per_fault={'budget': True, 'days': True, 'cuisine': False, 'house_rule': False, 'room_type': False} all_resolved=False n_resolved=2/5 tokens=(1719,766)
  N=5 tp_nonsynth_mf5_000098 seed=2 arm=self_refine level=hard: per_fault={'budget': True, 'days': True, 'cuisine': False, 'house_rule': False, 'room_type': True} all_resolved=False n_resolved=3/5 tokens=(4542,2028)
  N=5 tp_nonsynth_mf5_000098 seed=2 arm=full_regen level=hard: per_fault={'budget': False, 'days': False, 'cuisine': False, 'house_rule': False, 'room_type': True} all_resolved=False n_resolved=1/5 tokens=(3438,1452)
  N=5 tp_nonsynth_mf5_000098 seed=2 arm=react level=hard: per_fault={'budget': True, 'days': True, 'cuisine': False, 'house_rule': False, 'room_type': True} all_resolved=False n_resolved=3/5 tokens=(3494,1916)
  N=5 tp_nonsynth_mf5_000098 seed=2 arm=selfcheckgpt level=hard: per_fault={'budget': True, 'days': True, 'cuisine': False, 'house_rule': False, 'room_type': False} all_resolved=False n_resolved=2/5 tokens=(12320,1600)
  N=5 tp_nonsynth_mf5_000098 seed=2 arm=reflexion level=hard: per_fault={'budget': True, 'days': True, 'cuisine': False, 'house_rule': False, 'room_type': True} all_resolved=False n_resolved=3/5 tokens=(14424,3333)
  N=5 tp_nonsynth_mf5_000098 seed=2 arm=intro_specter level=hard: per_fault={'budget': True, 'days': True, 'cuisine': False, 'house_rule': False, 'room_type': False} all_resolved=False n_resolved=2/5 tokens=(4694,1695)
  N=5 tp_nonsynth_mf5_000101 seed=0 arm=direct level=hard: per_fault={'budget': False, 'days': False, 'cuisine': False, 'house_rule': True, 'room_type': False} all_resolved=False n_resolved=1/5 tokens=(1904,750)
  N=5 tp_nonsynth_mf5_000101 seed=0 arm=self_refine level=hard: per_fault={'budget': True, 'days': False, 'cuisine': False, 'house_rule': True, 'room_type': True} all_resolved=False n_resolved=3/5 tokens=(5064,2186)
  N=5 tp_nonsynth_mf5_000101 seed=0 arm=full_regen level=hard: per_fault={'budget': False, 'days': True, 'cuisine': False, 'house_rule': True, 'room_type': True} all_resolved=False n_resolved=3/5 tokens=(3808,1594)
  N=5 tp_nonsynth_mf5_000101 seed=0 arm=react level=hard: per_fault={'budget': False, 'days': True, 'cuisine': False, 'house_rule': False, 'room_type': False} all_resolved=False n_resolved=1/5 tokens=(3864,3087)
  N=5 tp_nonsynth_mf5_000101 seed=0 arm=selfcheckgpt level=hard: per_fault={'budget': False, 'days': False, 'cuisine': False, 'house_rule': True, 'room_type': True} all_resolved=False n_resolved=2/5 tokens=(12953,989)
  N=5 tp_nonsynth_mf5_000101 seed=0 arm=reflexion level=hard: per_fault={'budget': True, 'days': True, 'cuisine': False, 'house_rule': True, 'room_type': True} all_resolved=False n_resolved=4/5 tokens=(16637,3496)
  N=5 tp_nonsynth_mf5_000101 seed=0 arm=intro_specter level=hard: per_fault={'budget': False, 'days': False, 'cuisine': False, 'house_rule': True, 'room_type': False} all_resolved=False n_resolved=1/5 tokens=(5216,1580)
  N=5 tp_nonsynth_mf5_000101 seed=1 arm=direct level=hard: per_fault={'budget': False, 'days': False, 'cuisine': False, 'house_rule': True, 'room_type': False} all_resolved=False n_resolved=1/5 tokens=(1904,750)
  N=5 tp_nonsynth_mf5_000101 seed=1 arm=self_refine level=hard: per_fault={'budget': True, 'days': False, 'cuisine': False, 'house_rule': True, 'room_type': True} all_resolved=False n_resolved=3/5 tokens=(5064,2186)
  N=5 tp_nonsynth_mf5_000101 seed=1 arm=full_regen level=hard: per_fault={'budget': False, 'days': True, 'cuisine': False, 'house_rule': True, 'room_type': False} all_resolved=False n_resolved=2/5 tokens=(3808,1635)
  N=5 tp_nonsynth_mf5_000101 seed=1 arm=react level=hard: per_fault={'budget': False, 'days': True, 'cuisine': False, 'house_rule': False, 'room_type': False} all_resolved=False n_resolved=1/5 tokens=(3864,3087)
  N=5 tp_nonsynth_mf5_000101 seed=1 arm=selfcheckgpt level=hard: per_fault={'budget': False, 'days': False, 'cuisine': False, 'house_rule': True, 'room_type': False} all_resolved=False n_resolved=1/5 tokens=(13133,1180)
  N=5 tp_nonsynth_mf5_000101 seed=1 arm=reflexion level=hard: per_fault={'budget': True, 'days': True, 'cuisine': False, 'house_rule': True, 'room_type': True} all_resolved=False n_resolved=4/5 tokens=(16637,3496)
  N=5 tp_nonsynth_mf5_000101 seed=1 arm=intro_specter level=hard: per_fault={'budget': False, 'days': False, 'cuisine': False, 'house_rule': True, 'room_type': False} all_resolved=False n_resolved=1/5 tokens=(5216,1580)
  N=5 tp_nonsynth_mf5_000101 seed=2 arm=direct level=hard: per_fault={'budget': True, 'days': False, 'cuisine': False, 'house_rule': True, 'room_type': False} all_resolved=False n_resolved=2/5 tokens=(1904,580)
  N=5 tp_nonsynth_mf5_000101 seed=2 arm=self_refine level=hard: per_fault={'budget': True, 'days': True, 'cuisine': False, 'house_rule': True, 'room_type': False} all_resolved=False n_resolved=3/5 tokens=(4670,1755)
  N=5 tp_nonsynth_mf5_000101 seed=2 arm=full_regen level=hard: per_fault={'budget': True, 'days': False, 'cuisine': False, 'house_rule': True, 'room_type': False} all_resolved=False n_resolved=2/5 tokens=(3808,975)
  N=5 tp_nonsynth_mf5_000101 seed=2 arm=react level=hard: per_fault={'budget': False, 'days': False, 'cuisine': False, 'house_rule': True, 'room_type': False} all_resolved=False n_resolved=1/5 tokens=(3864,1376)
  N=5 tp_nonsynth_mf5_000101 seed=2 arm=selfcheckgpt level=hard: per_fault={'budget': True, 'days': False, 'cuisine': False, 'house_rule': True, 'room_type': False} all_resolved=False n_resolved=2/5 tokens=(13981,1879)
  N=5 tp_nonsynth_mf5_000101 seed=2 arm=reflexion level=hard: per_fault={'budget': True, 'days': True, 'cuisine': False, 'house_rule': True, 'room_type': False} all_resolved=False n_resolved=3/5 tokens=(14315,2394)
  N=5 tp_nonsynth_mf5_000101 seed=2 arm=intro_specter level=hard: per_fault={'budget': True, 'days': False, 'cuisine': False, 'house_rule': False, 'room_type': False} all_resolved=False n_resolved=1/5 tokens=(4822,1336)
  N=5 tp_nonsynth_mf5_000103 seed=0 arm=direct level=hard: per_fault={'budget': False, 'days': False, 'house_rule': True, 'room_type': True, 'transportation': True} all_resolved=False n_resolved=3/5 tokens=(1784,382)
  N=5 tp_nonsynth_mf5_000103 seed=0 arm=self_refine level=hard: per_fault={'budget': True, 'days': True, 'house_rule': True, 'room_type': False, 'transportation': True} all_resolved=False n_resolved=4/5 tokens=(4148,1982)
  N=5 tp_nonsynth_mf5_000103 seed=0 arm=full_regen level=hard: per_fault={'budget': False, 'days': True, 'house_rule': True, 'room_type': False, 'transportation': False} all_resolved=False n_resolved=2/5 tokens=(3568,1264)
  N=5 tp_nonsynth_mf5_000103 seed=0 arm=react level=hard: per_fault={'budget': True, 'days': True, 'house_rule': False, 'room_type': False, 'transportation': False} all_resolved=False n_resolved=2/5 tokens=(3624,2935)
  N=5 tp_nonsynth_mf5_000103 seed=0 arm=selfcheckgpt level=hard: per_fault={'budget': False, 'days': False, 'house_rule': True, 'room_type': True, 'transportation': True} all_resolved=False n_resolved=3/5 tokens=(12322,826)
  N=5 tp_nonsynth_mf5_000103 seed=0 arm=reflexion level=hard: per_fault={'budget': True, 'days': False, 'house_rule': True, 'room_type': True, 'transportation': True} all_resolved=False n_resolved=4/5 tokens=(12363,1869)
  N=5 tp_nonsynth_mf5_000103 seed=0 arm=intro_specter level=hard: per_fault={'budget': False, 'days': False, 'house_rule': True, 'room_type': False, 'transportation': True} all_resolved=False n_resolved=2/5 tokens=(4300,1078)
  N=5 tp_nonsynth_mf5_000103 seed=1 arm=direct level=hard: per_fault={'budget': False, 'days': False, 'house_rule': True, 'room_type': True, 'transportation': True} all_resolved=False n_resolved=3/5 tokens=(1784,382)
  N=5 tp_nonsynth_mf5_000103 seed=1 arm=self_refine level=hard: per_fault={'budget': True, 'days': True, 'house_rule': True, 'room_type': False, 'transportation': True} all_resolved=False n_resolved=4/5 tokens=(4148,1982)
  N=5 tp_nonsynth_mf5_000103 seed=1 arm=full_regen level=hard: per_fault={'budget': False, 'days': True, 'house_rule': True, 'room_type': False, 'transportation': False} all_resolved=False n_resolved=2/5 tokens=(3568,1379)
  N=5 tp_nonsynth_mf5_000103 seed=1 arm=react level=hard: per_fault={'budget': True, 'days': True, 'house_rule': False, 'room_type': False, 'transportation': False} all_resolved=False n_resolved=2/5 tokens=(3624,2935)
  N=5 tp_nonsynth_mf5_000103 seed=1 arm=selfcheckgpt level=hard: per_fault={'budget': False, 'days': False, 'house_rule': True, 'room_type': True, 'transportation': True} all_resolved=False n_resolved=3/5 tokens=(10534,677)
  N=5 tp_nonsynth_mf5_000103 seed=1 arm=reflexion level=hard: per_fault={'budget': True, 'days': False, 'house_rule': True, 'room_type': True, 'transportation': True} all_resolved=False n_resolved=4/5 tokens=(12363,1869)
  N=5 tp_nonsynth_mf5_000103 seed=1 arm=intro_specter level=hard: per_fault={'budget': False, 'days': False, 'house_rule': True, 'room_type': False, 'transportation': True} all_resolved=False n_resolved=2/5 tokens=(4300,1078)
  N=5 tp_nonsynth_mf5_000103 seed=2 arm=direct level=hard: per_fault={'budget': True, 'days': False, 'house_rule': True, 'room_type': True, 'transportation': False} all_resolved=False n_resolved=3/5 tokens=(1784,503)
  N=5 tp_nonsynth_mf5_000103 seed=2 arm=self_refine level=hard: per_fault={'budget': False, 'days': True, 'house_rule': True, 'room_type': True, 'transportation': False} all_resolved=False n_resolved=3/5 tokens=(4325,1505)
  N=5 tp_nonsynth_mf5_000103 seed=2 arm=full_regen level=hard: per_fault={'budget': True, 'days': True, 'house_rule': True, 'room_type': False, 'transportation': False} all_resolved=False n_resolved=3/5 tokens=(3605,1136)
  N=5 tp_nonsynth_mf5_000103 seed=2 arm=react level=hard: per_fault={'budget': True, 'days': True, 'house_rule': True, 'room_type': True, 'transportation': True} all_resolved=True n_resolved=5/5 tokens=(3624,2365)
  N=5 tp_nonsynth_mf5_000103 seed=2 arm=selfcheckgpt level=hard: per_fault={'budget': True, 'days': False, 'house_rule': True, 'room_type': True, 'transportation': False} all_resolved=False n_resolved=3/5 tokens=(12468,1080)
  N=5 tp_nonsynth_mf5_000103 seed=2 arm=reflexion level=hard: per_fault={'budget': True, 'days': False, 'house_rule': True, 'room_type': True, 'transportation': True} all_resolved=False n_resolved=4/5 tokens=(13013,2345)
  N=5 tp_nonsynth_mf5_000103 seed=2 arm=intro_specter level=hard: per_fault={'budget': True, 'days': False, 'house_rule': True, 'room_type': True, 'transportation': False} all_resolved=False n_resolved=3/5 tokens=(4477,848)
  N=5 tp_nonsynth_mf5_000105 seed=0 arm=direct level=hard: per_fault={'budget': True, 'days': False, 'house_rule': True, 'room_type': False, 'transportation': False} all_resolved=False n_resolved=2/5 tokens=(1863,505)
  N=5 tp_nonsynth_mf5_000105 seed=0 arm=self_refine level=hard: per_fault={'budget': True, 'days': False, 'house_rule': True, 'room_type': True, 'transportation': True} all_resolved=False n_resolved=4/5 tokens=(4485,1389)
  N=5 tp_nonsynth_mf5_000105 seed=0 arm=full_regen level=hard: per_fault={'budget': False, 'days': False, 'house_rule': True, 'room_type': True, 'transportation': True} all_resolved=False n_resolved=3/5 tokens=(3726,1053)
  N=5 tp_nonsynth_mf5_000105 seed=0 arm=react level=hard: per_fault={'budget': False, 'days': False, 'house_rule': True, 'room_type': False, 'transportation': True} all_resolved=False n_resolved=2/5 tokens=(3782,1220)
  N=5 tp_nonsynth_mf5_000105 seed=0 arm=selfcheckgpt level=hard: per_fault={'budget': True, 'days': False, 'house_rule': True, 'room_type': False, 'transportation': False} all_resolved=False n_resolved=2/5 tokens=(12761,791)
  N=5 tp_nonsynth_mf5_000105 seed=0 arm=reflexion level=hard: per_fault={'budget': True, 'days': False, 'house_rule': True, 'room_type': False, 'transportation': False} all_resolved=False n_resolved=2/5 tokens=(13654,2270)
  N=5 tp_nonsynth_mf5_000105 seed=0 arm=intro_specter level=hard: per_fault={'budget': True, 'days': False, 'house_rule': True, 'room_type': False, 'transportation': False} all_resolved=False n_resolved=2/5 tokens=(4637,1121)
  N=5 tp_nonsynth_mf5_000105 seed=1 arm=direct level=hard: per_fault={'budget': True, 'days': False, 'house_rule': True, 'room_type': False, 'transportation': False} all_resolved=False n_resolved=2/5 tokens=(1863,505)
  N=5 tp_nonsynth_mf5_000105 seed=1 arm=self_refine level=hard: per_fault={'budget': True, 'days': False, 'house_rule': True, 'room_type': True, 'transportation': True} all_resolved=False n_resolved=4/5 tokens=(4485,1389)
  N=5 tp_nonsynth_mf5_000105 seed=1 arm=full_regen level=hard: per_fault={'budget': True, 'days': False, 'house_rule': True, 'room_type': False, 'transportation': False} all_resolved=False n_resolved=2/5 tokens=(3726,1330)
  N=5 tp_nonsynth_mf5_000105 seed=1 arm=react level=hard: per_fault={'budget': False, 'days': False, 'house_rule': True, 'room_type': False, 'transportation': True} all_resolved=False n_resolved=2/5 tokens=(3782,1220)
  N=5 tp_nonsynth_mf5_000105 seed=1 arm=selfcheckgpt level=hard: per_fault={'budget': True, 'days': False, 'house_rule': True, 'room_type': True, 'transportation': False} all_resolved=False n_resolved=3/5 tokens=(12916,985)
  N=5 tp_nonsynth_mf5_000105 seed=1 arm=reflexion level=hard: per_fault={'budget': True, 'days': False, 'house_rule': True, 'room_type': False, 'transportation': False} all_resolved=False n_resolved=2/5 tokens=(13654,2270)
  N=5 tp_nonsynth_mf5_000105 seed=1 arm=intro_specter level=hard: per_fault={'budget': True, 'days': False, 'house_rule': True, 'room_type': False, 'transportation': False} all_resolved=False n_resolved=2/5 tokens=(4637,1121)
  N=5 tp_nonsynth_mf5_000105 seed=2 arm=direct level=hard: per_fault={'budget': True, 'days': True, 'house_rule': True, 'room_type': False, 'transportation': False} all_resolved=False n_resolved=3/5 tokens=(1863,1487)
  N=5 tp_nonsynth_mf5_000105 seed=2 arm=self_refine level=hard: per_fault={'budget': True, 'days': True, 'house_rule': True, 'room_type': True, 'transportation': False} all_resolved=False n_resolved=4/5 tokens=(5628,3325)
  N=5 tp_nonsynth_mf5_000105 seed=2 arm=full_regen level=hard: per_fault={'budget': False, 'days': False, 'house_rule': True, 'room_type': False, 'transportation': False} all_resolved=False n_resolved=1/5 tokens=(3726,2041)
  N=5 tp_nonsynth_mf5_000105 seed=2 arm=react level=hard: per_fault={'budget': True, 'days': True, 'house_rule': True, 'room_type': True, 'transportation': False} all_resolved=False n_resolved=4/5 tokens=(3782,3103)
  N=5 tp_nonsynth_mf5_000105 seed=2 arm=selfcheckgpt level=hard: per_fault={'budget': True, 'days': True, 'house_rule': True, 'room_type': False, 'transportation': False} all_resolved=False n_resolved=3/5 tokens=(11461,1890)
  N=5 tp_nonsynth_mf5_000105 seed=2 arm=reflexion level=hard: per_fault={'budget': True, 'days': True, 'house_rule': True, 'room_type': True, 'transportation': True} all_resolved=True n_resolved=5/5 tokens=(9508,3686)
  N=5 tp_nonsynth_mf5_000105 seed=2 arm=intro_specter level=hard: per_fault={'budget': True, 'days': False, 'house_rule': True, 'room_type': False, 'transportation': False} all_resolved=False n_resolved=2/5 tokens=(5780,1811)
  N=5 tp_nonsynth_mf5_000107 seed=0 arm=direct level=hard: per_fault={'budget': False, 'days': False, 'cuisine': False, 'house_rule': True, 'room_type': True} all_resolved=False n_resolved=2/5 tokens=(1940,796)
  N=5 tp_nonsynth_mf5_000107 seed=0 arm=self_refine level=hard: per_fault={'budget': True, 'days': False, 'cuisine': False, 'house_rule': True, 'room_type': True} all_resolved=False n_resolved=3/5 tokens=(4965,1844)
  N=5 tp_nonsynth_mf5_000107 seed=0 arm=full_regen level=hard: per_fault={'budget': True, 'days': True, 'cuisine': False, 'house_rule': False, 'room_type': False} all_resolved=False n_resolved=2/5 tokens=(3880,1692)
  N=5 tp_nonsynth_mf5_000107 seed=0 arm=react level=hard: per_fault={'budget': True, 'days': False, 'cuisine': False, 'house_rule': False, 'room_type': False} all_resolved=False n_resolved=1/5 tokens=(3936,1203)
  N=5 tp_nonsynth_mf5_000107 seed=0 arm=selfcheckgpt level=hard: per_fault={'budget': False, 'days': False, 'cuisine': False, 'house_rule': True, 'room_type': True} all_resolved=False n_resolved=2/5 tokens=(13605,1369)
  N=5 tp_nonsynth_mf5_000107 seed=0 arm=reflexion level=hard: per_fault={'budget': True, 'days': True, 'cuisine': False, 'house_rule': True, 'room_type': True} all_resolved=False n_resolved=4/5 tokens=(15137,3074)
  N=5 tp_nonsynth_mf5_000107 seed=0 arm=intro_specter level=hard: per_fault={'budget': False, 'days': False, 'cuisine': False, 'house_rule': True, 'room_type': True} all_resolved=False n_resolved=2/5 tokens=(5117,2007)
  N=5 tp_nonsynth_mf5_000107 seed=1 arm=direct level=hard: per_fault={'budget': False, 'days': False, 'cuisine': False, 'house_rule': True, 'room_type': True} all_resolved=False n_resolved=2/5 tokens=(1940,796)
  N=5 tp_nonsynth_mf5_000107 seed=1 arm=self_refine level=hard: per_fault={'budget': True, 'days': False, 'cuisine': False, 'house_rule': True, 'room_type': True} all_resolved=False n_resolved=3/5 tokens=(4965,1844)
  N=5 tp_nonsynth_mf5_000107 seed=1 arm=full_regen level=hard: per_fault={'budget': False, 'days': False, 'cuisine': False, 'house_rule': True, 'room_type': True} all_resolved=False n_resolved=2/5 tokens=(3880,1314)
  N=5 tp_nonsynth_mf5_000107 seed=1 arm=react level=hard: per_fault={'budget': True, 'days': False, 'cuisine': False, 'house_rule': False, 'room_type': False} all_resolved=False n_resolved=1/5 tokens=(3936,1203)
[RETRY] selfcheckgpt task=tp_nonsynth_mf5_000108 seed=1 attempt 1/5 failed (failed to obtain JSON after 3 attempts: could not parse JSON from model output:
{
  "final_output": "{\"day\":1,\"accommodation\":\"Entire room in New Orleans ( cost: $100)\",\"meals\":\"Dinner: restaurant ( cost: $50)\",\"attractions\":\"New Orleans City Park ( free)\", \"total_cost\": 150}\n{\"day\":2,\"accommodation\":\"Entire room in New Orleans ( cost: $100)\",\"meals\":\"Breakfast: restaurant ( cost: $20), Lunch: restaurant ( cost: $20), Dinner: restaurant ( cost: $30)\",\"attractions\":\"Audubon Aquarium ( cost: $20 per person), Mardi Gras World ( cost: $10 per perso); retrying in 3s
[RETRY] selfcheckgpt task=tp_nonsynth_mf5_000108 seed=1 attempt 2/5 failed (failed to obtain JSON after 3 attempts: could not parse JSON from model output:
{
  "final_output": "{\"day\":1,\"accommodation\":\"Entire room in New Orleans ( cost: $100)\",\"meals\":\"Dinner: restaurant ( cost: $50)\",\"attractions\":\"New Orleans City Park ( free)\", \"total_cost\": 150}\n{\"day\":2,\"accommodation\":\"Entire room in New Orleans ( cost: $100)\",\"meals\":\"Breakfast: restaurant ( cost: $20), Lunch: restaurant ( cost: $20), Dinner: restaurant ( cost: $30)\",\"attractions\":\"Audubon Aquarium ( cost: $20 per person), Mardi Gras World ( cost: $10 per perso); retrying in 6s
[RETRY] selfcheckgpt task=tp_nonsynth_mf5_000108 seed=1 attempt 3/5 failed (failed to obtain JSON after 3 attempts: could not parse JSON from model output:
{
  "final_output": "{\"day\":1,\"accommodation\":\"Entire room in New Orleans ( cost: $100)\",\"meals\":\"Dinner: restaurant ( cost: $50)\",\"attractions\":\"New Orleans City Park ( free)\", \"total_cost\": 150}\n{\"day\":2,\"accommodation\":\"Entire room in New Orleans ( cost: $100)\",\"meals\":\"Breakfast: restaurant ( cost: $20), Lunch: restaurant ( cost: $20), Dinner: restaurant ( cost: $30)\",\"attractions\":\"Audubon Aquarium ( cost: $20 per person), Mardi Gras World ( cost: $10 per perso); retrying in 12s
[RETRY] selfcheckgpt task=tp_nonsynth_mf5_000108 seed=1 attempt 4/5 failed (failed to obtain JSON after 3 attempts: could not parse JSON from model output:
{
  "final_output": "{\"day\":1,\"accommodation\":\"Entire room in New Orleans ( cost: $100)\",\"meals\":\"Dinner: restaurant ( cost: $50)\",\"attractions\":\"New Orleans City Park ( free)\", \"total_cost\": 150}\n{\"day\":2,\"accommodation\":\"Entire room in New Orleans ( cost: $100)\",\"meals\":\"Breakfast: restaurant ( cost: $20), Lunch: restaurant ( cost: $20), Dinner: restaurant ( cost: $30)\",\"attractions\":\"Audubon Aquarium ( cost: $20 per person), Mardi Gras World ( cost: $10 per perso); retrying in 24s
[ERROR] selfcheckgpt failed task=tp_nonsynth_mf5_000108 seed=1: failed to obtain JSON after 3 attempts: could not parse JSON from model output:
{
  "final_output": "{\"day\":1,\"accommodation\":\"Entire room in New Orleans ( cost: $100)\",\"meals\":\"Dinner: restaurant ( cost: $50)\",\"attractions\":\"New Orleans City Park ( free)\", \"total_cost\": 150}\n{\"day\":2,\"accommodation\":\"Entire room in New Orleans ( cost: $100)\",\"meals\":\"Breakfast: restaurant ( cost: $20), Lunch: restaurant ( cost: $20), Dinner: restaurant ( cost: $30)\",\"attractions\":\"Audubon Aquarium ( cost: $20 per person), Mardi Gras World ( cost: $10 per perso
  N=5 tp_nonsynth_mf5_000107 seed=1 arm=selfcheckgpt level=hard: per_fault={'budget': False, 'days': False, 'cuisine': False, 'house_rule': True, 'room_type': True} all_resolved=False n_resolved=2/5 tokens=(13703,1398)
  N=5 tp_nonsynth_mf5_000107 seed=1 arm=reflexion level=hard: per_fault={'budget': True, 'days': True, 'cuisine': False, 'house_rule': True, 'room_type': True} all_resolved=False n_resolved=4/5 tokens=(15137,3074)
  N=5 tp_nonsynth_mf5_000107 seed=1 arm=intro_specter level=hard: per_fault={'budget': False, 'days': False, 'cuisine': False, 'house_rule': True, 'room_type': True} all_resolved=False n_resolved=2/5 tokens=(5117,2007)
  N=5 tp_nonsynth_mf5_000107 seed=2 arm=direct level=hard: per_fault={'budget': True, 'days': False, 'cuisine': False, 'house_rule': True, 'room_type': True} all_resolved=False n_resolved=3/5 tokens=(1940,1138)
  N=5 tp_nonsynth_mf5_000107 seed=2 arm=self_refine level=hard: per_fault={'budget': True, 'days': False, 'cuisine': False, 'house_rule': True, 'room_type': True} all_resolved=False n_resolved=3/5 tokens=(5412,2785)
  N=5 tp_nonsynth_mf5_000107 seed=2 arm=full_regen level=hard: per_fault={'budget': True, 'days': True, 'cuisine': True, 'house_rule': True, 'room_type': True} all_resolved=True n_resolved=5/5 tokens=(3880,2364)
  N=5 tp_nonsynth_mf5_000107 seed=2 arm=react level=hard: per_fault={'budget': False, 'days': True, 'cuisine': False, 'house_rule': True, 'room_type': True} all_resolved=False n_resolved=3/5 tokens=(3936,2146)
  N=5 tp_nonsynth_mf5_000107 seed=2 arm=selfcheckgpt level=hard: per_fault={'budget': True, 'days': False, 'cuisine': False, 'house_rule': True, 'room_type': True} all_resolved=False n_resolved=3/5 tokens=(13548,1617)
  N=5 tp_nonsynth_mf5_000107 seed=2 arm=reflexion level=hard: per_fault={'budget': True, 'days': False, 'cuisine': False, 'house_rule': True, 'room_type': True} all_resolved=False n_resolved=3/5 tokens=(17841,4536)
  N=5 tp_nonsynth_mf5_000107 seed=2 arm=intro_specter level=hard: per_fault={'budget': False, 'days': False, 'cuisine': False, 'house_rule': True, 'room_type': True} all_resolved=False n_resolved=2/5 tokens=(5564,1244)
  N=5 tp_nonsynth_mf5_000108 seed=0 arm=direct level=hard: per_fault={'budget': True, 'days': False, 'house_rule': True, 'room_type': True, 'transportation': True} all_resolved=False n_resolved=4/5 tokens=(1924,622)
  N=5 tp_nonsynth_mf5_000108 seed=0 arm=self_refine level=hard: per_fault={'budget': True, 'days': False, 'house_rule': True, 'room_type': True, 'transportation': True} all_resolved=False n_resolved=4/5 tokens=(4654,1552)
  N=5 tp_nonsynth_mf5_000108 seed=0 arm=full_regen level=hard: per_fault={'budget': True, 'days': False, 'house_rule': True, 'room_type': True, 'transportation': True} all_resolved=False n_resolved=4/5 tokens=(3848,1008)
  N=5 tp_nonsynth_mf5_000108 seed=0 arm=react level=hard: per_fault={'budget': True, 'days': True, 'house_rule': True, 'room_type': True, 'transportation': False} all_resolved=False n_resolved=4/5 tokens=(3904,1569)
  N=5 tp_nonsynth_mf5_000108 seed=0 arm=selfcheckgpt level=hard: per_fault={'budget': True, 'days': False, 'house_rule': True, 'room_type': True, 'transportation': True} all_resolved=False n_resolved=4/5 tokens=(13352,985)
  N=5 tp_nonsynth_mf5_000108 seed=0 arm=reflexion level=hard: per_fault={'budget': True, 'days': False, 'house_rule': True, 'room_type': True, 'transportation': True} all_resolved=False n_resolved=4/5 tokens=(13909,2260)
  N=5 tp_nonsynth_mf5_000108 seed=0 arm=intro_specter level=hard: per_fault={'budget': True, 'days': False, 'house_rule': True, 'room_type': True, 'transportation': True} all_resolved=False n_resolved=4/5 tokens=(4806,1548)
  N=5 tp_nonsynth_mf5_000108 seed=1 arm=direct level=hard: per_fault={'budget': True, 'days': False, 'house_rule': True, 'room_type': True, 'transportation': True} all_resolved=False n_resolved=4/5 tokens=(1924,622)
  N=5 tp_nonsynth_mf5_000108 seed=1 arm=self_refine level=hard: per_fault={'budget': True, 'days': False, 'house_rule': True, 'room_type': True, 'transportation': True} all_resolved=False n_resolved=4/5 tokens=(4654,1552)
  N=5 tp_nonsynth_mf5_000108 seed=1 arm=full_regen level=hard: per_fault={'budget': True, 'days': False, 'house_rule': True, 'room_type': True, 'transportation': True} all_resolved=False n_resolved=4/5 tokens=(3848,1080)
  N=5 tp_nonsynth_mf5_000108 seed=1 arm=react level=hard: per_fault={'budget': True, 'days': True, 'house_rule': True, 'room_type': True, 'transportation': False} all_resolved=False n_resolved=4/5 tokens=(3904,1569)
  N=5 tp_nonsynth_mf5_000108 seed=1 arm=reflexion level=hard: per_fault={'budget': True, 'days': False, 'house_rule': True, 'room_type': True, 'transportation': True} all_resolved=False n_resolved=4/5 tokens=(13909,2260)
  N=5 tp_nonsynth_mf5_000108 seed=1 arm=intro_specter level=hard: per_fault={'budget': True, 'days': False, 'house_rule': True, 'room_type': True, 'transportation': True} all_resolved=False n_resolved=4/5 tokens=(4806,1548)
  N=5 tp_nonsynth_mf5_000108 seed=2 arm=direct level=hard: per_fault={'budget': False, 'days': False, 'house_rule': True, 'room_type': True, 'transportation': True} all_resolved=False n_resolved=3/5 tokens=(1924,515)
  N=5 tp_nonsynth_mf5_000108 seed=2 arm=self_refine level=hard: per_fault={'budget': True, 'days': False, 'house_rule': True, 'room_type': True, 'transportation': True} all_resolved=False n_resolved=4/5 tokens=(4645,1474)
  N=5 tp_nonsynth_mf5_000108 seed=2 arm=full_regen level=hard: per_fault={'budget': False, 'days': True, 'house_rule': True, 'room_type': True, 'transportation': True} all_resolved=False n_resolved=4/5 tokens=(3848,1410)
  N=5 tp_nonsynth_mf5_000108 seed=2 arm=react level=hard: per_fault={'budget': False, 'days': False, 'house_rule': False, 'room_type': False, 'transportation': False} all_resolved=False n_resolved=0/5 tokens=(3904,1025)
  N=5 tp_nonsynth_mf5_000108 seed=2 arm=selfcheckgpt level=hard: per_fault={'budget': False, 'days': False, 'house_rule': True, 'room_type': True, 'transportation': True} all_resolved=False n_resolved=3/5 tokens=(14126,1756)
  N=5 tp_nonsynth_mf5_000108 seed=2 arm=reflexion level=hard: per_fault={'budget': False, 'days': False, 'house_rule': False, 'room_type': False, 'transportation': False} all_resolved=False n_resolved=0/5 tokens=(13373,1474)
  N=5 tp_nonsynth_mf5_000108 seed=2 arm=intro_specter level=hard: per_fault={'budget': False, 'days': False, 'house_rule': False, 'room_type': False, 'transportation': False} all_resolved=False n_resolved=0/5 tokens=(4797,1337)
  N=5 tp_nonsynth_mf5_000112 seed=0 arm=direct level=hard: per_fault={'budget': False, 'days': False, 'house_rule': True, 'room_type': False, 'transportation': False} all_resolved=False n_resolved=1/5 tokens=(1831,584)
  N=5 tp_nonsynth_mf5_000112 seed=0 arm=self_refine level=hard: per_fault={'budget': True, 'days': False, 'house_rule': True, 'room_type': True, 'transportation': False} all_resolved=False n_resolved=3/5 tokens=(4451,1613)
  N=5 tp_nonsynth_mf5_000112 seed=0 arm=full_regen level=hard: per_fault={'budget': True, 'days': False, 'house_rule': True, 'room_type': True, 'transportation': False} all_resolved=False n_resolved=3/5 tokens=(3663,1091)
  N=5 tp_nonsynth_mf5_000112 seed=0 arm=react level=hard: per_fault={'budget': True, 'days': True, 'house_rule': False, 'room_type': True, 'transportation': False} all_resolved=False n_resolved=3/5 tokens=(3719,1556)
  N=5 tp_nonsynth_mf5_000112 seed=0 arm=selfcheckgpt level=hard: per_fault={'budget': False, 'days': False, 'house_rule': True, 'room_type': False, 'transportation': False} all_resolved=False n_resolved=1/5 tokens=(12692,1043)
  N=5 tp_nonsynth_mf5_000112 seed=0 arm=reflexion level=hard: per_fault={'budget': True, 'days': False, 'house_rule': True, 'room_type': True, 'transportation': True} all_resolved=False n_resolved=4/5 tokens=(13675,2617)
  N=5 tp_nonsynth_mf5_000112 seed=0 arm=intro_specter level=hard: per_fault={'budget': False, 'days': False, 'house_rule': True, 'room_type': False, 'transportation': False} all_resolved=False n_resolved=1/5 tokens=(4603,1287)
  N=5 tp_nonsynth_mf5_000112 seed=1 arm=direct level=hard: per_fault={'budget': False, 'days': False, 'house_rule': True, 'room_type': False, 'transportation': False} all_resolved=False n_resolved=1/5 tokens=(1831,584)
  N=5 tp_nonsynth_mf5_000112 seed=1 arm=self_refine level=hard: per_fault={'budget': True, 'days': False, 'house_rule': True, 'room_type': True, 'transportation': False} all_resolved=False n_resolved=3/5 tokens=(4451,1613)
  N=5 tp_nonsynth_mf5_000112 seed=1 arm=full_regen level=hard: per_fault={'budget': True, 'days': True, 'house_rule': True, 'room_type': True, 'transportation': True} all_resolved=True n_resolved=5/5 tokens=(3662,1431)
  N=5 tp_nonsynth_mf5_000112 seed=1 arm=react level=hard: per_fault={'budget': True, 'days': True, 'house_rule': False, 'room_type': True, 'transportation': False} all_resolved=False n_resolved=3/5 tokens=(3719,1556)
  N=5 tp_nonsynth_mf5_000112 seed=1 arm=selfcheckgpt level=hard: per_fault={'budget': False, 'days': False, 'house_rule': True, 'room_type': False, 'transportation': False} all_resolved=False n_resolved=1/5 tokens=(13042,1394)
  N=5 tp_nonsynth_mf5_000112 seed=1 arm=reflexion level=hard: per_fault={'budget': True, 'days': False, 'house_rule': True, 'room_type': True, 'transportation': True} all_resolved=False n_resolved=4/5 tokens=(13675,2617)
  N=5 tp_nonsynth_mf5_000112 seed=1 arm=intro_specter level=hard: per_fault={'budget': False, 'days': False, 'house_rule': True, 'room_type': False, 'transportation': False} all_resolved=False n_resolved=1/5 tokens=(4603,1287)
  N=5 tp_nonsynth_mf5_000112 seed=2 arm=direct level=hard: per_fault={'budget': True, 'days': False, 'house_rule': True, 'room_type': True, 'transportation': False} all_resolved=False n_resolved=3/5 tokens=(1832,657)
  N=5 tp_nonsynth_mf5_000112 seed=2 arm=self_refine level=hard: per_fault={'budget': True, 'days': False, 'house_rule': True, 'room_type': True, 'transportation': False} all_resolved=False n_resolved=3/5 tokens=(4602,1685)
  N=5 tp_nonsynth_mf5_000112 seed=2 arm=full_regen level=hard: per_fault={'budget': False, 'days': False, 'house_rule': True, 'room_type': True, 'transportation': False} all_resolved=False n_resolved=2/5 tokens=(3664,1286)
  N=5 tp_nonsynth_mf5_000112 seed=2 arm=react level=hard: per_fault={'budget': False, 'days': False, 'house_rule': False, 'room_type': False, 'transportation': False} all_resolved=False n_resolved=0/5 tokens=(3720,1118)
  N=5 tp_nonsynth_mf5_000112 seed=2 arm=selfcheckgpt level=hard: per_fault={'budget': True, 'days': False, 'house_rule': True, 'room_type': True, 'transportation': False} all_resolved=False n_resolved=3/5 tokens=(12501,893)
  N=5 tp_nonsynth_mf5_000112 seed=2 arm=reflexion level=hard: per_fault={'budget': True, 'days': False, 'house_rule': True, 'room_type': True, 'transportation': False} all_resolved=False n_resolved=3/5 tokens=(14320,2532)
  N=5 tp_nonsynth_mf5_000112 seed=2 arm=intro_specter level=hard: per_fault={'budget': True, 'days': False, 'house_rule': True, 'room_type': True, 'transportation': False} all_resolved=False n_resolved=3/5 tokens=(4755,969)
  N=5 tp_nonsynth_mf5_000115 seed=0 arm=direct level=hard: per_fault={'budget': True, 'days': True, 'house_rule': True, 'room_type': True, 'transportation': False} all_resolved=False n_resolved=4/5 tokens=(1860,840)
  N=5 tp_nonsynth_mf5_000115 seed=0 arm=self_refine level=hard: per_fault={'budget': False, 'days': True, 'house_rule': True, 'room_type': True, 'transportation': False} all_resolved=False n_resolved=3/5 tokens=(4763,2087)
  N=5 tp_nonsynth_mf5_000115 seed=0 arm=full_regen level=hard: per_fault={'budget': True, 'days': True, 'house_rule': True, 'room_type': True, 'transportation': False} all_resolved=False n_resolved=4/5 tokens=(3719,1284)
  N=5 tp_nonsynth_mf5_000115 seed=0 arm=react level=hard: per_fault={'budget': True, 'days': True, 'house_rule': True, 'room_type': True, 'transportation': False} all_resolved=False n_resolved=4/5 tokens=(3775,2417)
  N=5 tp_nonsynth_mf5_000115 seed=0 arm=selfcheckgpt level=hard: per_fault={'budget': True, 'days': True, 'house_rule': True, 'room_type': True, 'transportation': False} all_resolved=False n_resolved=4/5 tokens=(13121,1485)
  N=5 tp_nonsynth_mf5_000115 seed=0 arm=reflexion level=hard: per_fault={'budget': True, 'days': True, 'house_rule': True, 'room_type': True, 'transportation': True} all_resolved=True n_resolved=5/5 tokens=(7729,1981)
  N=5 tp_nonsynth_mf5_000115 seed=0 arm=intro_specter level=hard: per_fault={'budget': False, 'days': False, 'house_rule': True, 'room_type': True, 'transportation': False} all_resolved=False n_resolved=2/5 tokens=(4915,1370)
  N=5 tp_nonsynth_mf5_000115 seed=1 arm=direct level=hard: per_fault={'budget': True, 'days': True, 'house_rule': True, 'room_type': True, 'transportation': False} all_resolved=False n_resolved=4/5 tokens=(1860,840)
  N=5 tp_nonsynth_mf5_000115 seed=1 arm=self_refine level=hard: per_fault={'budget': False, 'days': True, 'house_rule': True, 'room_type': True, 'transportation': False} all_resolved=False n_resolved=3/5 tokens=(4763,2087)
  N=5 tp_nonsynth_mf5_000115 seed=1 arm=full_regen level=hard: per_fault={'budget': True, 'days': True, 'house_rule': True, 'room_type': True, 'transportation': False} all_resolved=False n_resolved=4/5 tokens=(3757,1551)
  N=5 tp_nonsynth_mf5_000115 seed=1 arm=react level=hard: per_fault={'budget': True, 'days': True, 'house_rule': True, 'room_type': True, 'transportation': False} all_resolved=False n_resolved=4/5 tokens=(3775,2417)
  N=5 tp_nonsynth_mf5_000115 seed=1 arm=selfcheckgpt level=hard: per_fault={'budget': True, 'days': True, 'house_rule': True, 'room_type': True, 'transportation': False} all_resolved=False n_resolved=4/5 tokens=(12975,1319)
  N=5 tp_nonsynth_mf5_000115 seed=1 arm=reflexion level=hard: per_fault={'budget': True, 'days': True, 'house_rule': True, 'room_type': True, 'transportation': True} all_resolved=True n_resolved=5/5 tokens=(7729,1981)
  N=5 tp_nonsynth_mf5_000115 seed=1 arm=intro_specter level=hard: per_fault={'budget': False, 'days': False, 'house_rule': True, 'room_type': True, 'transportation': False} all_resolved=False n_resolved=2/5 tokens=(4915,1370)
  N=5 tp_nonsynth_mf5_000115 seed=2 arm=direct level=hard: per_fault={'budget': True, 'days': False, 'house_rule': True, 'room_type': True, 'transportation': False} all_resolved=False n_resolved=3/5 tokens=(1859,1214)
  N=5 tp_nonsynth_mf5_000115 seed=2 arm=self_refine level=hard: per_fault={'budget': True, 'days': False, 'house_rule': True, 'room_type': True, 'transportation': False} all_resolved=False n_resolved=3/5 tokens=(5242,3003)
  N=5 tp_nonsynth_mf5_000115 seed=2 arm=full_regen level=hard: per_fault={'budget': False, 'days': False, 'house_rule': True, 'room_type': True, 'transportation': False} all_resolved=False n_resolved=2/5 tokens=(3718,1779)
  N=5 tp_nonsynth_mf5_000115 seed=2 arm=react level=hard: per_fault={'budget': True, 'days': True, 'house_rule': False, 'room_type': True, 'transportation': False} all_resolved=False n_resolved=3/5 tokens=(3774,2072)
  N=5 tp_nonsynth_mf5_000115 seed=2 arm=selfcheckgpt level=hard: per_fault={'budget': True, 'days': False, 'house_rule': True, 'room_type': True, 'transportation': False} all_resolved=False n_resolved=3/5 tokens=(11241,1773)
  N=5 tp_nonsynth_mf5_000115 seed=2 arm=reflexion level=hard: per_fault={'budget': True, 'days': False, 'house_rule': True, 'room_type': True, 'transportation': False} all_resolved=False n_resolved=3/5 tokens=(17654,4575)
  N=5 tp_nonsynth_mf5_000115 seed=2 arm=intro_specter level=hard: per_fault={'budget': False, 'days': False, 'house_rule': True, 'room_type': True, 'transportation': False} all_resolved=False n_resolved=2/5 tokens=(5394,1828)
  N=5 tp_nonsynth_mf5_000119 seed=0 arm=direct level=hard: per_fault={'budget': False, 'days': True, 'house_rule': True, 'room_type': True, 'transportation': True} all_resolved=False n_resolved=4/5 tokens=(1852,931)
  N=5 tp_nonsynth_mf5_000119 seed=0 arm=self_refine level=hard: per_fault={'budget': False, 'days': True, 'house_rule': True, 'room_type': True, 'transportation': True} all_resolved=False n_resolved=4/5 tokens=(5085,2510)
  N=5 tp_nonsynth_mf5_000119 seed=0 arm=full_regen level=hard: per_fault={'budget': False, 'days': False, 'house_rule': True, 'room_type': False, 'transportation': False} all_resolved=False n_resolved=1/5 tokens=(3704,1600)
  N=5 tp_nonsynth_mf5_000119 seed=0 arm=react level=hard: per_fault={'budget': True, 'days': False, 'house_rule': True, 'room_type': False, 'transportation': False} all_resolved=False n_resolved=2/5 tokens=(3760,1515)
  N=5 tp_nonsynth_mf5_000119 seed=0 arm=selfcheckgpt level=hard: per_fault={'budget': False, 'days': True, 'house_rule': True, 'room_type': True, 'transportation': True} all_resolved=False n_resolved=4/5 tokens=(13093,1652)
  N=5 tp_nonsynth_mf5_000119 seed=0 arm=reflexion level=hard: per_fault={'budget': True, 'days': True, 'house_rule': True, 'room_type': True, 'transportation': True} all_resolved=True n_resolved=5/5 tokens=(8366,2232)
  N=5 tp_nonsynth_mf5_000119 seed=0 arm=intro_specter level=hard: per_fault={'budget': True, 'days': True, 'house_rule': True, 'room_type': True, 'transportation': True} all_resolved=True n_resolved=5/5 tokens=(5237,1583)
  N=5 tp_nonsynth_mf5_000119 seed=1 arm=direct level=hard: per_fault={'budget': False, 'days': True, 'house_rule': True, 'room_type': True, 'transportation': True} all_resolved=False n_resolved=4/5 tokens=(1852,931)
  N=5 tp_nonsynth_mf5_000119 seed=1 arm=self_refine level=hard: per_fault={'budget': False, 'days': True, 'house_rule': True, 'room_type': True, 'transportation': True} all_resolved=False n_resolved=4/5 tokens=(5085,2510)
  N=5 tp_nonsynth_mf5_000119 seed=1 arm=full_regen level=hard: per_fault={'budget': False, 'days': False, 'house_rule': True, 'room_type': True, 'transportation': True} all_resolved=False n_resolved=3/5 tokens=(3704,1342)
  N=5 tp_nonsynth_mf5_000119 seed=1 arm=react level=hard: per_fault={'budget': True, 'days': False, 'house_rule': True, 'room_type': False, 'transportation': False} all_resolved=False n_resolved=2/5 tokens=(3760,1515)
  N=5 tp_nonsynth_mf5_000119 seed=1 arm=selfcheckgpt level=hard: per_fault={'budget': False, 'days': True, 'house_rule': True, 'room_type': True, 'transportation': True} all_resolved=False n_resolved=4/5 tokens=(12815,1350)
  N=5 tp_nonsynth_mf5_000119 seed=1 arm=reflexion level=hard: per_fault={'budget': True, 'days': True, 'house_rule': True, 'room_type': True, 'transportation': True} all_resolved=True n_resolved=5/5 tokens=(8366,2232)
  N=5 tp_nonsynth_mf5_000119 seed=1 arm=intro_specter level=hard: per_fault={'budget': True, 'days': True, 'house_rule': True, 'room_type': True, 'transportation': True} all_resolved=True n_resolved=5/5 tokens=(5237,1583)
  N=5 tp_nonsynth_mf5_000119 seed=2 arm=direct level=hard: per_fault={'budget': True, 'days': False, 'house_rule': True, 'room_type': True, 'transportation': True} all_resolved=False n_resolved=4/5 tokens=(1852,543)
  N=5 tp_nonsynth_mf5_000119 seed=2 arm=self_refine level=hard: per_fault={'budget': True, 'days': True, 'house_rule': True, 'room_type': True, 'transportation': True} all_resolved=True n_resolved=5/5 tokens=(4557,2411)
  N=5 tp_nonsynth_mf5_000119 seed=2 arm=full_regen level=hard: per_fault={'budget': True, 'days': True, 'house_rule': True, 'room_type': False, 'transportation': False} all_resolved=False n_resolved=3/5 tokens=(3704,1484)
  N=5 tp_nonsynth_mf5_000119 seed=2 arm=react level=hard: per_fault={'budget': True, 'days': False, 'house_rule': False, 'room_type': False, 'transportation': False} all_resolved=False n_resolved=1/5 tokens=(3760,828)
  N=5 tp_nonsynth_mf5_000119 seed=2 arm=selfcheckgpt level=hard: per_fault={'budget': True, 'days': False, 'house_rule': True, 'room_type': True, 'transportation': True} all_resolved=False n_resolved=4/5 tokens=(11022,852)
  N=5 tp_nonsynth_mf5_000119 seed=2 arm=reflexion level=hard: per_fault={'budget': True, 'days': False, 'house_rule': False, 'room_type': False, 'transportation': False} all_resolved=False n_resolved=1/5 tokens=(15256,3524)
  N=5 tp_nonsynth_mf5_000119 seed=2 arm=intro_specter level=hard: per_fault={'budget': True, 'days': False, 'house_rule': True, 'room_type': True, 'transportation': True} all_resolved=False n_resolved=4/5 tokens=(4709,1815)
  N=5 tp_nonsynth_mf5_000121 seed=0 arm=direct level=hard: per_fault={'budget': False, 'days': False, 'house_rule': True, 'room_type': True, 'transportation': False} all_resolved=False n_resolved=2/5 tokens=(1901,673)
  N=5 tp_nonsynth_mf5_000121 seed=0 arm=self_refine level=hard: per_fault={'budget': False, 'days': False, 'house_rule': True, 'room_type': True, 'transportation': True} all_resolved=False n_resolved=3/5 tokens=(4953,2014)
  N=5 tp_nonsynth_mf5_000121 seed=0 arm=full_regen level=hard: per_fault={'budget': False, 'days': True, 'house_rule': True, 'room_type': False, 'transportation': True} all_resolved=False n_resolved=3/5 tokens=(3803,1278)
  N=5 tp_nonsynth_mf5_000121 seed=0 arm=react level=hard: per_fault={'budget': False, 'days': False, 'house_rule': False, 'room_type': False, 'transportation': False} all_resolved=False n_resolved=0/5 tokens=(3859,1142)
  N=5 tp_nonsynth_mf5_000121 seed=0 arm=selfcheckgpt level=hard: per_fault={'budget': False, 'days': False, 'house_rule': True, 'room_type': True, 'transportation': False} all_resolved=False n_resolved=2/5 tokens=(13395,1348)
  N=5 tp_nonsynth_mf5_000121 seed=0 arm=reflexion level=hard: per_fault={'budget': True, 'days': False, 'house_rule': True, 'room_type': True, 'transportation': True} all_resolved=False n_resolved=4/5 tokens=(16258,2895)
  N=5 tp_nonsynth_mf5_000121 seed=0 arm=intro_specter level=hard: per_fault={'budget': False, 'days': False, 'house_rule': True, 'room_type': True, 'transportation': False} all_resolved=False n_resolved=2/5 tokens=(5105,1129)
  N=5 tp_nonsynth_mf5_000121 seed=1 arm=direct level=hard: per_fault={'budget': False, 'days': False, 'house_rule': True, 'room_type': True, 'transportation': False} all_resolved=False n_resolved=2/5 tokens=(1901,673)
  N=5 tp_nonsynth_mf5_000121 seed=1 arm=self_refine level=hard: per_fault={'budget': False, 'days': False, 'house_rule': True, 'room_type': True, 'transportation': True} all_resolved=False n_resolved=3/5 tokens=(4953,2014)
  N=5 tp_nonsynth_mf5_000121 seed=1 arm=full_regen level=hard: per_fault={'budget': False, 'days': False, 'house_rule': True, 'room_type': False, 'transportation': True} all_resolved=False n_resolved=2/5 tokens=(3803,1258)
  N=5 tp_nonsynth_mf5_000121 seed=1 arm=react level=hard: per_fault={'budget': False, 'days': False, 'house_rule': False, 'room_type': False, 'transportation': False} all_resolved=False n_resolved=0/5 tokens=(3859,1142)
  N=5 tp_nonsynth_mf5_000121 seed=1 arm=selfcheckgpt level=hard: per_fault={'budget': False, 'days': False, 'house_rule': True, 'room_type': True, 'transportation': False} all_resolved=False n_resolved=2/5 tokens=(13490,1364)
  N=5 tp_nonsynth_mf5_000121 seed=1 arm=reflexion level=hard: per_fault={'budget': True, 'days': False, 'house_rule': True, 'room_type': True, 'transportation': True} all_resolved=False n_resolved=4/5 tokens=(16258,2895)
  N=5 tp_nonsynth_mf5_000121 seed=1 arm=intro_specter level=hard: per_fault={'budget': False, 'days': False, 'house_rule': True, 'room_type': True, 'transportation': False} all_resolved=False n_resolved=2/5 tokens=(5105,1129)
  N=5 tp_nonsynth_mf5_000121 seed=2 arm=direct level=hard: per_fault={'budget': False, 'days': False, 'house_rule': True, 'room_type': True, 'transportation': False} all_resolved=False n_resolved=2/5 tokens=(1902,294)
  N=5 tp_nonsynth_mf5_000121 seed=2 arm=self_refine level=hard: per_fault={'budget': False, 'days': False, 'house_rule': False, 'room_type': True, 'transportation': False} all_resolved=False n_resolved=1/5 tokens=(4212,924)
  N=5 tp_nonsynth_mf5_000121 seed=2 arm=full_regen level=hard: per_fault={'budget': False, 'days': False, 'house_rule': True, 'room_type': False, 'transportation': False} all_resolved=False n_resolved=1/5 tokens=(3804,803)
  N=5 tp_nonsynth_mf5_000121 seed=2 arm=react level=hard: per_fault={'budget': False, 'days': False, 'house_rule': True, 'room_type': False, 'transportation': False} all_resolved=False n_resolved=1/5 tokens=(3860,841)
[RETRY] selfcheckgpt task=tp_nonsynth_mf5_000124 seed=0 attempt 1/5 failed (failed to obtain JSON after 3 attempts: could not parse JSON from model output:
{"final_output": "{\"total_cost\": 7990.0,\"plan\": [{\"day\": 1,\"hotel\": {\"name\": \"The Liberty, a Luxury Collection Hotel, Boston\", \"cost\": 263.0},\"meal\": {\"breakfast\": {\"restaurant\": \"Flour Bakery + Cafe - South End\", \"cost\": 15.0},\"lunch\": {\"restaurant\": \"Tres Gatos\", \"cost\": 18.0},\"dinner\": {\"restaurant\": \"Top Pad Thai\", \"cost\": 45.0}},\"attraction\": {\"name\": \"Museum of Fine Arts, Boston\", \"cost\": 25.0}},\"day\": 2,\"hotel\": {\"name\": \"Syndicate Ap); retrying in 3s
[RETRY] selfcheckgpt task=tp_nonsynth_mf5_000124 seed=0 attempt 2/5 failed (failed to obtain JSON after 3 attempts: could not parse JSON from model output:
{"final_output": "{\"total_cost\": 7990.0,\"plan\": [{\"day\": 1,\"hotel\": {\"name\": \"The Liberty, a Luxury Collection Hotel, Boston\", \"cost\": 263.0},\"meal\": {\"breakfast\": {\"restaurant\": \"Flour Bakery + Cafe - South End\", \"cost\": 15.0},\"lunch\": {\"restaurant\": \"Tres Gatos\", \"cost\": 18.0},\"dinner\": {\"restaurant\": \"Top Pad Thai\", \"cost\": 45.0}},\"attraction\": {\"name\": \"Museum of Fine Arts, Boston\", \"cost\": 25.0}},\"day\": 2,\"hotel\": {\"name\": \"Syndicate Ap); retrying in 6s
[RETRY] selfcheckgpt task=tp_nonsynth_mf5_000124 seed=0 attempt 3/5 failed (failed to obtain JSON after 3 attempts: could not parse JSON from model output:
{"final_output": "{\"total_cost\": 7990.0,\"plan\": [{\"day\": 1,\"hotel\": {\"name\": \"The Liberty, a Luxury Collection Hotel, Boston\", \"cost\": 263.0},\"meal\": {\"breakfast\": {\"restaurant\": \"Flour Bakery + Cafe - South End\", \"cost\": 15.0},\"lunch\": {\"restaurant\": \"Tres Gatos\", \"cost\": 18.0},\"dinner\": {\"restaurant\": \"Top Pad Thai\", \"cost\": 45.0}},\"attraction\": {\"name\": \"Museum of Fine Arts, Boston\", \"cost\": 25.0}},\"day\": 2,\"hotel\": {\"name\": \"Syndicate Ap); retrying in 12s
[RETRY] selfcheckgpt task=tp_nonsynth_mf5_000124 seed=0 attempt 4/5 failed (failed to obtain JSON after 3 attempts: could not parse JSON from model output:
{"final_output": "{\"total_cost\": 7990.0,\"plan\": [{\"day\": 1,\"hotel\": {\"name\": \"The Liberty, a Luxury Collection Hotel, Boston\", \"cost\": 263.0},\"meal\": {\"breakfast\": {\"restaurant\": \"Flour Bakery + Cafe - South End\", \"cost\": 15.0},\"lunch\": {\"restaurant\": \"Tres Gatos\", \"cost\": 18.0},\"dinner\": {\"restaurant\": \"Top Pad Thai\", \"cost\": 45.0}},\"attraction\": {\"name\": \"Museum of Fine Arts, Boston\", \"cost\": 25.0}},\"day\": 2,\"hotel\": {\"name\": \"Syndicate Ap); retrying in 24s
[ERROR] selfcheckgpt failed task=tp_nonsynth_mf5_000124 seed=0: failed to obtain JSON after 3 attempts: could not parse JSON from model output:
{"final_output": "{\"total_cost\": 7990.0,\"plan\": [{\"day\": 1,\"hotel\": {\"name\": \"The Liberty, a Luxury Collection Hotel, Boston\", \"cost\": 263.0},\"meal\": {\"breakfast\": {\"restaurant\": \"Flour Bakery + Cafe - South End\", \"cost\": 15.0},\"lunch\": {\"restaurant\": \"Tres Gatos\", \"cost\": 18.0},\"dinner\": {\"restaurant\": \"Top Pad Thai\", \"cost\": 45.0}},\"attraction\": {\"name\": \"Museum of Fine Arts, Boston\", \"cost\": 25.0}},\"day\": 2,\"hotel\": {\"name\": \"Syndicate Ap
  N=5 tp_nonsynth_mf5_000121 seed=2 arm=selfcheckgpt level=hard: per_fault={'budget': False, 'days': True, 'house_rule': True, 'room_type': True, 'transportation': False} all_resolved=False n_resolved=3/5 tokens=(13065,898)
  N=5 tp_nonsynth_mf5_000121 seed=2 arm=reflexion level=hard: per_fault={'budget': True, 'days': False, 'house_rule': True, 'room_type': True, 'transportation': True} all_resolved=False n_resolved=4/5 tokens=(12128,1460)
  N=5 tp_nonsynth_mf5_000121 seed=2 arm=intro_specter level=hard: per_fault={'budget': True, 'days': False, 'house_rule': True, 'room_type': True, 'transportation': False} all_resolved=False n_resolved=3/5 tokens=(4364,976)
  N=5 tp_nonsynth_mf5_000123 seed=0 arm=direct level=hard: per_fault={'budget': False, 'days': False, 'cuisine': False, 'house_rule': True, 'transportation': True} all_resolved=False n_resolved=2/5 tokens=(1853,1147)
  N=5 tp_nonsynth_mf5_000123 seed=0 arm=self_refine level=hard: per_fault={'budget': False, 'days': False, 'cuisine': False, 'house_rule': True, 'transportation': True} all_resolved=False n_resolved=2/5 tokens=(5205,2789)
  N=5 tp_nonsynth_mf5_000123 seed=0 arm=full_regen level=hard: per_fault={'budget': False, 'days': True, 'cuisine': False, 'house_rule': True, 'transportation': False} all_resolved=False n_resolved=2/5 tokens=(3706,2315)
  N=5 tp_nonsynth_mf5_000123 seed=0 arm=react level=hard: per_fault={'budget': True, 'days': False, 'cuisine': False, 'house_rule': True, 'transportation': False} all_resolved=False n_resolved=2/5 tokens=(3762,1642)
  N=5 tp_nonsynth_mf5_000123 seed=0 arm=selfcheckgpt level=hard: per_fault={'budget': False, 'days': False, 'cuisine': False, 'house_rule': True, 'transportation': True} all_resolved=False n_resolved=2/5 tokens=(12883,1529)
  N=5 tp_nonsynth_mf5_000123 seed=0 arm=reflexion level=hard: per_fault={'budget': True, 'days': False, 'cuisine': False, 'house_rule': True, 'transportation': False} all_resolved=False n_resolved=2/5 tokens=(17147,4263)
  N=5 tp_nonsynth_mf5_000123 seed=0 arm=intro_specter level=hard: per_fault={'budget': False, 'days': False, 'cuisine': False, 'house_rule': True, 'transportation': True} all_resolved=False n_resolved=2/5 tokens=(5357,1651)
  N=5 tp_nonsynth_mf5_000123 seed=1 arm=direct level=hard: per_fault={'budget': False, 'days': False, 'cuisine': False, 'house_rule': True, 'transportation': True} all_resolved=False n_resolved=2/5 tokens=(1853,1147)
  N=5 tp_nonsynth_mf5_000123 seed=1 arm=self_refine level=hard: per_fault={'budget': False, 'days': False, 'cuisine': False, 'house_rule': True, 'transportation': True} all_resolved=False n_resolved=2/5 tokens=(5205,2789)
  N=5 tp_nonsynth_mf5_000123 seed=1 arm=full_regen level=hard: per_fault={'budget': True, 'days': True, 'cuisine': False, 'house_rule': True, 'transportation': False} all_resolved=False n_resolved=3/5 tokens=(3706,1910)
  N=5 tp_nonsynth_mf5_000123 seed=1 arm=react level=hard: per_fault={'budget': True, 'days': False, 'cuisine': False, 'house_rule': True, 'transportation': False} all_resolved=False n_resolved=2/5 tokens=(3762,1642)
  N=5 tp_nonsynth_mf5_000123 seed=1 arm=selfcheckgpt level=hard: per_fault={'budget': False, 'days': False, 'cuisine': False, 'house_rule': True, 'transportation': True} all_resolved=False n_resolved=2/5 tokens=(11131,1617)
  N=5 tp_nonsynth_mf5_000123 seed=1 arm=reflexion level=hard: per_fault={'budget': True, 'days': False, 'cuisine': False, 'house_rule': True, 'transportation': False} all_resolved=False n_resolved=2/5 tokens=(17147,4263)
  N=5 tp_nonsynth_mf5_000123 seed=1 arm=intro_specter level=hard: per_fault={'budget': False, 'days': False, 'cuisine': False, 'house_rule': True, 'transportation': True} all_resolved=False n_resolved=2/5 tokens=(5357,1651)
  N=5 tp_nonsynth_mf5_000123 seed=2 arm=direct level=hard: per_fault={'budget': True, 'days': True, 'cuisine': False, 'house_rule': True, 'transportation': False} all_resolved=False n_resolved=3/5 tokens=(1853,780)
  N=5 tp_nonsynth_mf5_000123 seed=2 arm=self_refine level=hard: per_fault={'budget': True, 'days': True, 'cuisine': False, 'house_rule': True, 'transportation': False} all_resolved=False n_resolved=3/5 tokens=(4852,2050)
  N=5 tp_nonsynth_mf5_000123 seed=2 arm=full_regen level=hard: per_fault={'budget': False, 'days': True, 'cuisine': True, 'house_rule': True, 'transportation': True} all_resolved=False n_resolved=4/5 tokens=(3706,1691)
  N=5 tp_nonsynth_mf5_000123 seed=2 arm=react level=hard: per_fault={'budget': True, 'days': False, 'cuisine': False, 'house_rule': True, 'transportation': False} all_resolved=False n_resolved=2/5 tokens=(3762,1225)
  N=5 tp_nonsynth_mf5_000123 seed=2 arm=selfcheckgpt level=hard: per_fault={'budget': True, 'days': True, 'cuisine': False, 'house_rule': True, 'transportation': False} all_resolved=False n_resolved=3/5 tokens=(13439,1921)
  N=5 tp_nonsynth_mf5_000123 seed=2 arm=reflexion level=hard: per_fault={'budget': True, 'days': True, 'cuisine': False, 'house_rule': True, 'transportation': False} all_resolved=False n_resolved=3/5 tokens=(15364,2895)
  N=5 tp_nonsynth_mf5_000123 seed=2 arm=intro_specter level=hard: per_fault={'budget': True, 'days': True, 'cuisine': False, 'house_rule': True, 'transportation': True} all_resolved=False n_resolved=4/5 tokens=(5004,1967)
  N=5 tp_nonsynth_mf5_000124 seed=0 arm=direct level=hard: per_fault={'budget': False, 'days': True, 'cuisine': False, 'house_rule': True, 'room_type': True} all_resolved=False n_resolved=3/5 tokens=(1870,1447)
  N=5 tp_nonsynth_mf5_000124 seed=0 arm=self_refine level=hard: per_fault={'budget': False, 'days': True, 'cuisine': False, 'house_rule': True, 'room_type': True} all_resolved=False n_resolved=3/5 tokens=(5581,3434)
  N=5 tp_nonsynth_mf5_000124 seed=0 arm=full_regen level=hard: per_fault={'budget': True, 'days': False, 'cuisine': False, 'house_rule': True, 'room_type': True} all_resolved=False n_resolved=3/5 tokens=(3739,1938)
  N=5 tp_nonsynth_mf5_000124 seed=0 arm=react level=hard: per_fault={'budget': True, 'days': False, 'cuisine': False, 'house_rule': False, 'room_type': False} all_resolved=False n_resolved=1/5 tokens=(3796,1870)
  N=5 tp_nonsynth_mf5_000124 seed=0 arm=reflexion level=hard: per_fault={'budget': True, 'days': True, 'cuisine': False, 'house_rule': True, 'room_type': True} all_resolved=False n_resolved=4/5 tokens=(18359,4398)
  N=5 tp_nonsynth_mf5_000124 seed=0 arm=intro_specter level=hard: per_fault={'budget': False, 'days': False, 'cuisine': False, 'house_rule': True, 'room_type': True} all_resolved=False n_resolved=2/5 tokens=(5733,2310)
  N=5 tp_nonsynth_mf5_000124 seed=1 arm=direct level=hard: per_fault={'budget': False, 'days': True, 'cuisine': False, 'house_rule': True, 'room_type': True} all_resolved=False n_resolved=3/5 tokens=(1870,1447)
  N=5 tp_nonsynth_mf5_000124 seed=1 arm=self_refine level=hard: per_fault={'budget': False, 'days': True, 'cuisine': False, 'house_rule': True, 'room_type': True} all_resolved=False n_resolved=3/5 tokens=(5581,3434)
  N=5 tp_nonsynth_mf5_000124 seed=1 arm=full_regen level=hard: per_fault={'budget': False, 'days': False, 'cuisine': False, 'house_rule': True, 'room_type': False} all_resolved=False n_resolved=1/5 tokens=(3739,2167)
  N=5 tp_nonsynth_mf5_000124 seed=1 arm=react level=hard: per_fault={'budget': True, 'days': False, 'cuisine': False, 'house_rule': False, 'room_type': False} all_resolved=False n_resolved=1/5 tokens=(3796,1870)
  N=5 tp_nonsynth_mf5_000124 seed=1 arm=selfcheckgpt level=hard: per_fault={'budget': False, 'days': True, 'cuisine': False, 'house_rule': True, 'room_type': True} all_resolved=False n_resolved=3/5 tokens=(13511,2460)
  N=5 tp_nonsynth_mf5_000124 seed=1 arm=reflexion level=hard: per_fault={'budget': True, 'days': True, 'cuisine': False, 'house_rule': True, 'room_type': True} all_resolved=False n_resolved=4/5 tokens=(18359,4398)
  N=5 tp_nonsynth_mf5_000124 seed=1 arm=intro_specter level=hard: per_fault={'budget': False, 'days': False, 'cuisine': False, 'house_rule': True, 'room_type': True} all_resolved=False n_resolved=2/5 tokens=(5733,2310)
  N=5 tp_nonsynth_mf5_000124 seed=2 arm=direct level=hard: per_fault={'budget': True, 'days': False, 'cuisine': False, 'house_rule': True, 'room_type': True} all_resolved=False n_resolved=3/5 tokens=(1869,528)
  N=5 tp_nonsynth_mf5_000124 seed=2 arm=self_refine level=hard: per_fault={'budget': False, 'days': True, 'cuisine': False, 'house_rule': True, 'room_type': True} all_resolved=False n_resolved=3/5 tokens=(4576,2232)
  N=5 tp_nonsynth_mf5_000124 seed=2 arm=full_regen level=hard: per_fault={'budget': True, 'days': False, 'cuisine': False, 'house_rule': True, 'room_type': True} all_resolved=False n_resolved=3/5 tokens=(3738,1257)
  N=5 tp_nonsynth_mf5_000124 seed=2 arm=react level=hard: per_fault={'budget': False, 'days': True, 'cuisine': False, 'house_rule': True, 'room_type': True} all_resolved=False n_resolved=3/5 tokens=(3795,1674)
  N=5 tp_nonsynth_mf5_000124 seed=2 arm=selfcheckgpt level=hard: per_fault={'budget': True, 'days': False, 'cuisine': False, 'house_rule': True, 'room_type': True} all_resolved=False n_resolved=3/5 tokens=(13084,1167)
  N=5 tp_nonsynth_mf5_000124 seed=2 arm=reflexion level=hard: per_fault={'budget': True, 'days': True, 'cuisine': False, 'house_rule': True, 'room_type': True} all_resolved=False n_resolved=4/5 tokens=(13858,3252)
  N=5 tp_nonsynth_mf5_000124 seed=2 arm=intro_specter level=hard: per_fault={'budget': True, 'days': False, 'cuisine': False, 'house_rule': True, 'room_type': True} all_resolved=False n_resolved=3/5 tokens=(4728,1676)
  N=5 tp_nonsynth_mf5_000125 seed=0 arm=direct level=hard: per_fault={'budget': True, 'days': True, 'house_rule': True, 'room_type': True, 'transportation': False} all_resolved=False n_resolved=4/5 tokens=(1814,803)
  N=5 tp_nonsynth_mf5_000125 seed=0 arm=self_refine level=hard: per_fault={'budget': True, 'days': True, 'house_rule': True, 'room_type': True, 'transportation': False} all_resolved=False n_resolved=4/5 tokens=(4797,1914)
  N=5 tp_nonsynth_mf5_000125 seed=0 arm=full_regen level=hard: per_fault={'budget': True, 'days': True, 'house_rule': True, 'room_type': True, 'transportation': False} all_resolved=False n_resolved=4/5 tokens=(3628,1682)
  N=5 tp_nonsynth_mf5_000125 seed=0 arm=react level=hard: per_fault={'budget': True, 'days': True, 'house_rule': True, 'room_type': True, 'transportation': True} all_resolved=True n_resolved=5/5 tokens=(3684,1898)
  N=5 tp_nonsynth_mf5_000125 seed=0 arm=selfcheckgpt level=hard: per_fault={'budget': True, 'days': True, 'house_rule': True, 'room_type': True, 'transportation': False} all_resolved=False n_resolved=4/5 tokens=(15304,1956)
  N=5 tp_nonsynth_mf5_000125 seed=0 arm=reflexion level=hard: per_fault={'budget': True, 'days': True, 'house_rule': True, 'room_type': True, 'transportation': False} all_resolved=False n_resolved=4/5 tokens=(15193,3124)
  N=5 tp_nonsynth_mf5_000125 seed=0 arm=intro_specter level=hard: per_fault={'budget': True, 'days': False, 'house_rule': True, 'room_type': True, 'transportation': False} all_resolved=False n_resolved=3/5 tokens=(4949,1680)
  N=5 tp_nonsynth_mf5_000125 seed=1 arm=direct level=hard: per_fault={'budget': True, 'days': True, 'house_rule': True, 'room_type': True, 'transportation': False} all_resolved=False n_resolved=4/5 tokens=(1814,803)
  N=5 tp_nonsynth_mf5_000125 seed=1 arm=self_refine level=hard: per_fault={'budget': True, 'days': True, 'house_rule': True, 'room_type': True, 'transportation': False} all_resolved=False n_resolved=4/5 tokens=(4797,1914)
  N=5 tp_nonsynth_mf5_000125 seed=1 arm=full_regen level=hard: per_fault={'budget': False, 'days': True, 'house_rule': True, 'room_type': True, 'transportation': False} all_resolved=False n_resolved=3/5 tokens=(3628,2310)
  N=5 tp_nonsynth_mf5_000125 seed=1 arm=react level=hard: per_fault={'budget': True, 'days': True, 'house_rule': True, 'room_type': True, 'transportation': True} all_resolved=True n_resolved=5/5 tokens=(3684,1898)
  N=5 tp_nonsynth_mf5_000125 seed=1 arm=selfcheckgpt level=hard: per_fault={'budget': True, 'days': True, 'house_rule': True, 'room_type': True, 'transportation': False} all_resolved=False n_resolved=4/5 tokens=(15327,1844)
  N=5 tp_nonsynth_mf5_000125 seed=1 arm=reflexion level=hard: per_fault={'budget': True, 'days': True, 'house_rule': True, 'room_type': True, 'transportation': False} all_resolved=False n_resolved=4/5 tokens=(15193,3124)
  N=5 tp_nonsynth_mf5_000125 seed=1 arm=intro_specter level=hard: per_fault={'budget': True, 'days': False, 'house_rule': True, 'room_type': True, 'transportation': False} all_resolved=False n_resolved=3/5 tokens=(4949,1680)
  N=5 tp_nonsynth_mf5_000125 seed=2 arm=direct level=hard: per_fault={'budget': True, 'days': True, 'house_rule': True, 'room_type': True, 'transportation': False} all_resolved=False n_resolved=4/5 tokens=(1814,780)
  N=5 tp_nonsynth_mf5_000125 seed=2 arm=self_refine level=hard: per_fault={'budget': True, 'days': True, 'house_rule': True, 'room_type': True, 'transportation': False} all_resolved=False n_resolved=4/5 tokens=(4746,2078)
  N=5 tp_nonsynth_mf5_000125 seed=2 arm=full_regen level=hard: per_fault={'budget': True, 'days': True, 'house_rule': True, 'room_type': True, 'transportation': False} all_resolved=False n_resolved=4/5 tokens=(3628,1263)
  N=5 tp_nonsynth_mf5_000125 seed=2 arm=react level=hard: per_fault={'budget': True, 'days': False, 'house_rule': False, 'room_type': False, 'transportation': False} all_resolved=False n_resolved=1/5 tokens=(3684,1330)
  N=5 tp_nonsynth_mf5_000125 seed=2 arm=selfcheckgpt level=hard: per_fault={'budget': True, 'days': True, 'house_rule': True, 'room_type': True, 'transportation': False} all_resolved=False n_resolved=4/5 tokens=(16169,1977)
  N=5 tp_nonsynth_mf5_000125 seed=2 arm=reflexion level=hard: per_fault={'budget': True, 'days': True, 'house_rule': True, 'room_type': True, 'transportation': False} all_resolved=False n_resolved=4/5 tokens=(15945,4144)
  N=5 tp_nonsynth_mf5_000125 seed=2 arm=intro_specter level=hard: per_fault={'budget': True, 'days': False, 'house_rule': True, 'room_type': True, 'transportation': False} all_resolved=False n_resolved=3/5 tokens=(4898,1479)
  N=5 tp_nonsynth_mf5_000128 seed=0 arm=direct level=hard: per_fault={'budget': True, 'days': False, 'cuisine': False, 'house_rule': False, 'room_type': False} all_resolved=False n_resolved=1/5 tokens=(1845,952)
  N=5 tp_nonsynth_mf5_000128 seed=0 arm=self_refine level=hard: per_fault={'budget': True, 'days': True, 'cuisine': False, 'house_rule': True, 'room_type': True} all_resolved=False n_resolved=4/5 tokens=(4952,2695)
  N=5 tp_nonsynth_mf5_000128 seed=0 arm=full_regen level=hard: per_fault={'budget': False, 'days': False, 'cuisine': False, 'house_rule': True, 'room_type': False} all_resolved=False n_resolved=1/5 tokens=(3690,1739)
  N=5 tp_nonsynth_mf5_000128 seed=0 arm=react level=hard: per_fault={'budget': True, 'days': True, 'cuisine': False, 'house_rule': False, 'room_type': False} all_resolved=False n_resolved=2/5 tokens=(3746,3031)
  N=5 tp_nonsynth_mf5_000128 seed=0 arm=selfcheckgpt level=hard: per_fault={'budget': True, 'days': False, 'cuisine': False, 'house_rule': False, 'room_type': False} all_resolved=False n_resolved=1/5 tokens=(12877,1435)
  N=5 tp_nonsynth_mf5_000128 seed=0 arm=reflexion level=hard: per_fault={'budget': True, 'days': False, 'cuisine': True, 'house_rule': True, 'room_type': True} all_resolved=False n_resolved=4/5 tokens=(16032,3764)
  N=5 tp_nonsynth_mf5_000128 seed=0 arm=intro_specter level=hard: per_fault={'budget': True, 'days': False, 'cuisine': False, 'house_rule': False, 'room_type': False} all_resolved=False n_resolved=1/5 tokens=(5104,1830)
  N=5 tp_nonsynth_mf5_000128 seed=1 arm=direct level=hard: per_fault={'budget': True, 'days': False, 'cuisine': False, 'house_rule': False, 'room_type': False} all_resolved=False n_resolved=1/5 tokens=(1845,952)
  N=5 tp_nonsynth_mf5_000128 seed=1 arm=self_refine level=hard: per_fault={'budget': True, 'days': True, 'cuisine': False, 'house_rule': True, 'room_type': True} all_resolved=False n_resolved=4/5 tokens=(4952,2695)
[RETRY] selfcheckgpt task=tp_nonsynth_mf5_000128 seed=2 attempt 1/5 failed (failed to obtain JSON after 3 attempts: could not parse JSON from model output:
{"final_output": "{\"day\": 14,\"accommodation\": \"Accommodation 1 (Non-shared room, accepts visitors)\",\"meals\": {\"breakfast\": \"Restaurant 1 (Chinese)\",\"lunch\": \"Restaurant 2 (Mexican)\",\"dinner\": \"Restaurant 3 (Italian)\"}, \"attractions\": [\"Attraction 1 ($X)\", \"Attraction 2 ($Y)\"], \"total\": ($X+$Y+meals)inations,\"day\": 15,\"accommodation\": \"Accommodation 2 (Non-shared room, accepts visitors)\",\"meals\": {\"breakfast\": \"Restaurant 4 (Chinese)\",\"lunch\": \"Restauran); retrying in 3s
[RETRY] selfcheckgpt task=tp_nonsynth_mf5_000128 seed=2 attempt 2/5 failed (failed to obtain JSON after 3 attempts: could not parse JSON from model output:
{"final_output": "{\"day\": 14,\"accommodation\": \"Accommodation 1 (Non-shared room, accepts visitors)\",\"meals\": {\"breakfast\": \"Restaurant 1 (Chinese)\",\"lunch\": \"Restaurant 2 (Mexican)\",\"dinner\": \"Restaurant 3 (Italian)\"}, \"attractions\": [\"Attraction 1 ($X)\", \"Attraction 2 ($Y)\"], \"total\": ($X+$Y+meals)inations,\"day\": 15,\"accommodation\": \"Accommodation 2 (Non-shared room, accepts visitors)\",\"meals\": {\"breakfast\": \"Restaurant 4 (Chinese)\",\"lunch\": \"Restauran); retrying in 6s
[RETRY] selfcheckgpt task=tp_nonsynth_mf5_000128 seed=2 attempt 3/5 failed (failed to obtain JSON after 3 attempts: could not parse JSON from model output:
{"final_output": "{\"day\": 14,\"accommodation\": \"Accommodation 1 (Non-shared room, accepts visitors)\",\"meals\": {\"breakfast\": \"Restaurant 1 (Chinese)\",\"lunch\": \"Restaurant 2 (Mexican)\",\"dinner\": \"Restaurant 3 (Italian)\"}, \"attractions\": [\"Attraction 1 ($X)\", \"Attraction 2 ($Y)\"], \"total\": ($X+$Y+meals)inations,\"day\": 15,\"accommodation\": \"Accommodation 2 (Non-shared room, accepts visitors)\",\"meals\": {\"breakfast\": \"Restaurant 4 (Chinese)\",\"lunch\": \"Restauran); retrying in 12s
[RETRY] selfcheckgpt task=tp_nonsynth_mf5_000128 seed=2 attempt 4/5 failed (failed to obtain JSON after 3 attempts: could not parse JSON from model output:
{"final_output": "{\"day\": 14,\"accommodation\": \"Accommodation 1 (Non-shared room, accepts visitors)\",\"meals\": {\"breakfast\": \"Restaurant 1 (Chinese)\",\"lunch\": \"Restaurant 2 (Mexican)\",\"dinner\": \"Restaurant 3 (Italian)\"}, \"attractions\": [\"Attraction 1 ($X)\", \"Attraction 2 ($Y)\"], \"total\": ($X+$Y+meals)inations,\"day\": 15,\"accommodation\": \"Accommodation 2 (Non-shared room, accepts visitors)\",\"meals\": {\"breakfast\": \"Restaurant 4 (Chinese)\",\"lunch\": \"Restauran); retrying in 24s
[ERROR] selfcheckgpt failed task=tp_nonsynth_mf5_000128 seed=2: failed to obtain JSON after 3 attempts: could not parse JSON from model output:
{"final_output": "{\"day\": 14,\"accommodation\": \"Accommodation 1 (Non-shared room, accepts visitors)\",\"meals\": {\"breakfast\": \"Restaurant 1 (Chinese)\",\"lunch\": \"Restaurant 2 (Mexican)\",\"dinner\": \"Restaurant 3 (Italian)\"}, \"attractions\": [\"Attraction 1 ($X)\", \"Attraction 2 ($Y)\"], \"total\": ($X+$Y+meals)inations,\"day\": 15,\"accommodation\": \"Accommodation 2 (Non-shared room, accepts visitors)\",\"meals\": {\"breakfast\": \"Restaurant 4 (Chinese)\",\"lunch\": \"Restauran
  N=5 tp_nonsynth_mf5_000128 seed=1 arm=full_regen level=hard: per_fault={'budget': True, 'days': True, 'cuisine': False, 'house_rule': False, 'room_type': False} all_resolved=False n_resolved=2/5 tokens=(3690,2059)
  N=5 tp_nonsynth_mf5_000128 seed=1 arm=react level=hard: per_fault={'budget': True, 'days': True, 'cuisine': False, 'house_rule': False, 'room_type': False} all_resolved=False n_resolved=2/5 tokens=(3746,3031)
  N=5 tp_nonsynth_mf5_000128 seed=1 arm=selfcheckgpt level=hard: per_fault={'budget': True, 'days': False, 'cuisine': False, 'house_rule': False, 'room_type': False} all_resolved=False n_resolved=1/5 tokens=(12581,1128)
  N=5 tp_nonsynth_mf5_000128 seed=1 arm=reflexion level=hard: per_fault={'budget': True, 'days': False, 'cuisine': True, 'house_rule': True, 'room_type': True} all_resolved=False n_resolved=4/5 tokens=(16032,3764)
  N=5 tp_nonsynth_mf5_000128 seed=1 arm=intro_specter level=hard: per_fault={'budget': True, 'days': False, 'cuisine': False, 'house_rule': False, 'room_type': False} all_resolved=False n_resolved=1/5 tokens=(5104,1830)
  N=5 tp_nonsynth_mf5_000128 seed=2 arm=direct level=hard: per_fault={'budget': False, 'days': False, 'cuisine': False, 'house_rule': False, 'room_type': False} all_resolved=False n_resolved=0/5 tokens=(1845,1003)
  N=5 tp_nonsynth_mf5_000128 seed=2 arm=self_refine level=hard: per_fault={'budget': True, 'days': False, 'cuisine': False, 'house_rule': True, 'room_type': True} all_resolved=False n_resolved=3/5 tokens=(5024,2417)
  N=5 tp_nonsynth_mf5_000128 seed=2 arm=full_regen level=hard: per_fault={'budget': True, 'days': False, 'cuisine': False, 'house_rule': True, 'room_type': False} all_resolved=False n_resolved=2/5 tokens=(3690,1950)
  N=5 tp_nonsynth_mf5_000128 seed=2 arm=react level=hard: per_fault={'budget': False, 'days': True, 'cuisine': False, 'house_rule': True, 'room_type': False} all_resolved=False n_resolved=2/5 tokens=(3746,1683)
  N=5 tp_nonsynth_mf5_000128 seed=2 arm=reflexion level=hard: per_fault={'budget': True, 'days': False, 'cuisine': False, 'house_rule': True, 'room_type': True} all_resolved=False n_resolved=3/5 tokens=(16434,3911)
  N=5 tp_nonsynth_mf5_000128 seed=2 arm=intro_specter level=hard: per_fault={'budget': False, 'days': False, 'cuisine': False, 'house_rule': False, 'room_type': False} all_resolved=False n_resolved=0/5 tokens=(5176,1668)
  N=5 tp_nonsynth_mf5_000130 seed=0 arm=direct level=hard: per_fault={'budget': True, 'days': True, 'cuisine': False, 'house_rule': True, 'transportation': False} all_resolved=False n_resolved=3/5 tokens=(1919,624)
  N=5 tp_nonsynth_mf5_000130 seed=0 arm=self_refine level=hard: per_fault={'budget': True, 'days': True, 'cuisine': False, 'house_rule': True, 'transportation': False} all_resolved=False n_resolved=3/5 tokens=(4772,1769)
  N=5 tp_nonsynth_mf5_000130 seed=0 arm=full_regen level=hard: per_fault={'budget': False, 'days': False, 'cuisine': False, 'house_rule': True, 'transportation': False} all_resolved=False n_resolved=1/5 tokens=(3839,1149)
  N=5 tp_nonsynth_mf5_000130 seed=0 arm=react level=hard: per_fault={'budget': False, 'days': False, 'cuisine': False, 'house_rule': True, 'transportation': False} all_resolved=False n_resolved=1/5 tokens=(3895,1055)
  N=5 tp_nonsynth_mf5_000130 seed=0 arm=selfcheckgpt level=hard: per_fault={'budget': True, 'days': True, 'cuisine': False, 'house_rule': True, 'transportation': False} all_resolved=False n_resolved=3/5 tokens=(13649,1459)
  N=5 tp_nonsynth_mf5_000130 seed=0 arm=reflexion level=hard: per_fault={'budget': True, 'days': True, 'cuisine': False, 'house_rule': True, 'transportation': False} all_resolved=False n_resolved=3/5 tokens=(14647,2739)
  N=5 tp_nonsynth_mf5_000130 seed=0 arm=intro_specter level=hard: per_fault={'budget': True, 'days': False, 'cuisine': False, 'house_rule': False, 'transportation': False} all_resolved=False n_resolved=1/5 tokens=(4924,1243)
  N=5 tp_nonsynth_mf5_000130 seed=1 arm=direct level=hard: per_fault={'budget': True, 'days': True, 'cuisine': False, 'house_rule': True, 'transportation': False} all_resolved=False n_resolved=3/5 tokens=(1919,624)
  N=5 tp_nonsynth_mf5_000130 seed=1 arm=self_refine level=hard: per_fault={'budget': True, 'days': True, 'cuisine': False, 'house_rule': True, 'transportation': False} all_resolved=False n_resolved=3/5 tokens=(4772,1769)
  N=5 tp_nonsynth_mf5_000130 seed=1 arm=full_regen level=hard: per_fault={'budget': True, 'days': True, 'cuisine': False, 'house_rule': True, 'transportation': False} all_resolved=False n_resolved=3/5 tokens=(3839,1631)
  N=5 tp_nonsynth_mf5_000130 seed=1 arm=react level=hard: per_fault={'budget': False, 'days': False, 'cuisine': False, 'house_rule': True, 'transportation': False} all_resolved=False n_resolved=1/5 tokens=(3895,1055)
  N=5 tp_nonsynth_mf5_000130 seed=1 arm=selfcheckgpt level=hard: per_fault={'budget': True, 'days': True, 'cuisine': False, 'house_rule': True, 'transportation': False} all_resolved=False n_resolved=3/5 tokens=(13491,1280)
  N=5 tp_nonsynth_mf5_000130 seed=1 arm=reflexion level=hard: per_fault={'budget': True, 'days': True, 'cuisine': False, 'house_rule': True, 'transportation': False} all_resolved=False n_resolved=3/5 tokens=(14647,2739)
  N=5 tp_nonsynth_mf5_000130 seed=1 arm=intro_specter level=hard: per_fault={'budget': True, 'days': False, 'cuisine': False, 'house_rule': False, 'transportation': False} all_resolved=False n_resolved=1/5 tokens=(4924,1243)
  N=5 tp_nonsynth_mf5_000130 seed=2 arm=direct level=hard: per_fault={'budget': True, 'days': True, 'cuisine': False, 'house_rule': True, 'transportation': False} all_resolved=False n_resolved=3/5 tokens=(1920,800)
  N=5 tp_nonsynth_mf5_000130 seed=2 arm=self_refine level=hard: per_fault={'budget': True, 'days': True, 'cuisine': False, 'house_rule': True, 'transportation': False} all_resolved=False n_resolved=3/5 tokens=(5062,1936)
  N=5 tp_nonsynth_mf5_000130 seed=2 arm=full_regen level=hard: per_fault={'budget': True, 'days': True, 'cuisine': False, 'house_rule': True, 'transportation': False} all_resolved=False n_resolved=3/5 tokens=(3840,1615)
  N=5 tp_nonsynth_mf5_000130 seed=2 arm=react level=hard: per_fault={'budget': False, 'days': True, 'cuisine': False, 'house_rule': True, 'transportation': False} all_resolved=False n_resolved=2/5 tokens=(3896,1364)
  N=5 tp_nonsynth_mf5_000130 seed=2 arm=selfcheckgpt level=hard: per_fault={'budget': True, 'days': True, 'cuisine': False, 'house_rule': True, 'transportation': False} all_resolved=False n_resolved=3/5 tokens=(13160,1076)
  N=5 tp_nonsynth_mf5_000130 seed=2 arm=reflexion level=hard: per_fault={'budget': True, 'days': True, 'cuisine': False, 'house_rule': True, 'transportation': False} all_resolved=False n_resolved=3/5 tokens=(16046,3459)
  N=5 tp_nonsynth_mf5_000130 seed=2 arm=intro_specter level=hard: per_fault={'budget': True, 'days': False, 'cuisine': False, 'house_rule': True, 'transportation': False} all_resolved=False n_resolved=2/5 tokens=(5214,1584)
  N=5 tp_nonsynth_mf5_000132 seed=0 arm=direct level=hard: per_fault={'budget': False, 'days': False, 'house_rule': True, 'room_type': True, 'transportation': True} all_resolved=False n_resolved=3/5 tokens=(1829,994)
  N=5 tp_nonsynth_mf5_000132 seed=0 arm=self_refine level=hard: per_fault={'budget': True, 'days': False, 'house_rule': True, 'room_type': True, 'transportation': True} all_resolved=False n_resolved=4/5 tokens=(4983,2420)
  N=5 tp_nonsynth_mf5_000132 seed=0 arm=full_regen level=hard: per_fault={'budget': False, 'days': False, 'house_rule': True, 'room_type': False, 'transportation': False} all_resolved=False n_resolved=1/5 tokens=(3658,1599)
  N=5 tp_nonsynth_mf5_000132 seed=0 arm=react level=hard: per_fault={'budget': False, 'days': False, 'house_rule': False, 'room_type': False, 'transportation': False} all_resolved=False n_resolved=0/5 tokens=(3714,1369)
  N=5 tp_nonsynth_mf5_000132 seed=0 arm=selfcheckgpt level=hard: per_fault={'budget': False, 'days': False, 'house_rule': True, 'room_type': True, 'transportation': True} all_resolved=False n_resolved=3/5 tokens=(12550,1325)
[RETRY] selfcheckgpt task=tp_nonsynth_mf5_000132 seed=1 attempt 1/5 failed (failed to obtain JSON after 3 attempts: could not parse JSON from model output:
{
  "final_output": "{'Day 1 - Arrival in Miami': {'Accommodation': 'Entire Home/Apt: $1000', 'Meal': 'Dinner: House of Séron ($100)', 'Attractions': 'None scheduled for day 1', 'Total Day Cost': '$1100'}, 'Day 2 - Miami Attractions': {'Accommodation': 'Entire Home/Apt: $1000', 'Meal': 'Breakfast: Big Pink ($50), Lunch: CVI.CHE 105 ($60), Dinner: Dinner Key Cafe ($80)', 'Attractions': 'Wynwood Walls (Free), Pérez Art Museum Miami ($135)', 'Total Day Cost': '$1245'}, 'Day 3 - More Miami': {'Accom); retrying in 3s
[RETRY] selfcheckgpt task=tp_nonsynth_mf5_000132 seed=1 attempt 2/5 failed (failed to obtain JSON after 3 attempts: could not parse JSON from model output:
{
  "final_output": "{'Day 1 - Arrival in Miami': {'Accommodation': 'Entire Home/Apt: $1000', 'Meal': 'Dinner: House of Séron ($100)', 'Attractions': 'None scheduled for day 1', 'Total Day Cost': '$1100'}, 'Day 2 - Miami Attractions': {'Accommodation': 'Entire Home/Apt: $1000', 'Meal': 'Breakfast: Big Pink ($50), Lunch: CVI.CHE 105 ($60), Dinner: Dinner Key Cafe ($80)', 'Attractions': 'Wynwood Walls (Free), Pérez Art Museum Miami ($135)', 'Total Day Cost': '$1245'}, 'Day 3 - More Miami': {'Accom); retrying in 6s
[RETRY] selfcheckgpt task=tp_nonsynth_mf5_000132 seed=1 attempt 3/5 failed (failed to obtain JSON after 3 attempts: could not parse JSON from model output:
{
  "final_output": "{'Day 1 - Arrival in Miami': {'Accommodation': 'Entire Home/Apt: $1000', 'Meal': 'Dinner: House of Séron ($100)', 'Attractions': 'None scheduled for day 1', 'Total Day Cost': '$1100'}, 'Day 2 - Miami Attractions': {'Accommodation': 'Entire Home/Apt: $1000', 'Meal': 'Breakfast: Big Pink ($50), Lunch: CVI.CHE 105 ($60), Dinner: Dinner Key Cafe ($80)', 'Attractions': 'Wynwood Walls (Free), Pérez Art Museum Miami ($135)', 'Total Day Cost': '$1245'}, 'Day 3 - More Miami': {'Accom); retrying in 12s
[RETRY] selfcheckgpt task=tp_nonsynth_mf5_000132 seed=1 attempt 4/5 failed (failed to obtain JSON after 3 attempts: could not parse JSON from model output:
{
  "final_output": "{'Day 1 - Arrival in Miami': {'Accommodation': 'Entire Home/Apt: $1000', 'Meal': 'Dinner: House of Séron ($100)', 'Attractions': 'None scheduled for day 1', 'Total Day Cost': '$1100'}, 'Day 2 - Miami Attractions': {'Accommodation': 'Entire Home/Apt: $1000', 'Meal': 'Breakfast: Big Pink ($50), Lunch: CVI.CHE 105 ($60), Dinner: Dinner Key Cafe ($80)', 'Attractions': 'Wynwood Walls (Free), Pérez Art Museum Miami ($135)', 'Total Day Cost': '$1245'}, 'Day 3 - More Miami': {'Accom); retrying in 24s
[ERROR] selfcheckgpt failed task=tp_nonsynth_mf5_000132 seed=1: failed to obtain JSON after 3 attempts: could not parse JSON from model output:
{
  "final_output": "{'Day 1 - Arrival in Miami': {'Accommodation': 'Entire Home/Apt: $1000', 'Meal': 'Dinner: House of Séron ($100)', 'Attractions': 'None scheduled for day 1', 'Total Day Cost': '$1100'}, 'Day 2 - Miami Attractions': {'Accommodation': 'Entire Home/Apt: $1000', 'Meal': 'Breakfast: Big Pink ($50), Lunch: CVI.CHE 105 ($60), Dinner: Dinner Key Cafe ($80)', 'Attractions': 'Wynwood Walls (Free), Pérez Art Museum Miami ($135)', 'Total Day Cost': '$1245'}, 'Day 3 - More Miami': {'Accom
  N=5 tp_nonsynth_mf5_000132 seed=0 arm=reflexion level=hard: per_fault={'budget': True, 'days': True, 'house_rule': True, 'room_type': True, 'transportation': True} all_resolved=True n_resolved=5/5 tokens=(15700,3722)
  N=5 tp_nonsynth_mf5_000132 seed=0 arm=intro_specter level=hard: per_fault={'budget': False, 'days': False, 'house_rule': False, 'room_type': False, 'transportation': False} all_resolved=False n_resolved=0/5 tokens=(5135,2235)
  N=5 tp_nonsynth_mf5_000132 seed=1 arm=direct level=hard: per_fault={'budget': False, 'days': False, 'house_rule': True, 'room_type': True, 'transportation': True} all_resolved=False n_resolved=3/5 tokens=(1829,994)
  N=5 tp_nonsynth_mf5_000132 seed=1 arm=self_refine level=hard: per_fault={'budget': True, 'days': False, 'house_rule': True, 'room_type': True, 'transportation': True} all_resolved=False n_resolved=4/5 tokens=(4983,2420)
  N=5 tp_nonsynth_mf5_000132 seed=1 arm=full_regen level=hard: per_fault={'budget': False, 'days': False, 'house_rule': True, 'room_type': False, 'transportation': False} all_resolved=False n_resolved=1/5 tokens=(3658,1466)
  N=5 tp_nonsynth_mf5_000132 seed=1 arm=react level=hard: per_fault={'budget': False, 'days': False, 'house_rule': False, 'room_type': False, 'transportation': False} all_resolved=False n_resolved=0/5 tokens=(3714,1369)
  N=5 tp_nonsynth_mf5_000132 seed=1 arm=reflexion level=hard: per_fault={'budget': True, 'days': True, 'house_rule': True, 'room_type': True, 'transportation': True} all_resolved=True n_resolved=5/5 tokens=(15700,3722)
  N=5 tp_nonsynth_mf5_000132 seed=1 arm=intro_specter level=hard: per_fault={'budget': False, 'days': False, 'house_rule': False, 'room_type': False, 'transportation': False} all_resolved=False n_resolved=0/5 tokens=(5135,2235)
  N=5 tp_nonsynth_mf5_000132 seed=2 arm=direct level=hard: per_fault={'budget': False, 'days': False, 'house_rule': True, 'room_type': False, 'transportation': False} all_resolved=False n_resolved=1/5 tokens=(1829,963)
  N=5 tp_nonsynth_mf5_000132 seed=2 arm=self_refine level=hard: per_fault={'budget': True, 'days': False, 'house_rule': True, 'room_type': False, 'transportation': False} all_resolved=False n_resolved=2/5 tokens=(4931,2272)
  N=5 tp_nonsynth_mf5_000132 seed=2 arm=full_regen level=hard: per_fault={'budget': False, 'days': True, 'house_rule': True, 'room_type': False, 'transportation': False} all_resolved=False n_resolved=2/5 tokens=(3658,1727)
  N=5 tp_nonsynth_mf5_000132 seed=2 arm=react level=hard: per_fault={'budget': False, 'days': False, 'house_rule': False, 'room_type': False, 'transportation': False} all_resolved=False n_resolved=0/5 tokens=(3714,1344)
  N=5 tp_nonsynth_mf5_000132 seed=2 arm=selfcheckgpt level=hard: per_fault={'budget': False, 'days': False, 'house_rule': True, 'room_type': False, 'transportation': False} all_resolved=False n_resolved=1/5 tokens=(12672,1303)
  N=5 tp_nonsynth_mf5_000132 seed=2 arm=reflexion level=hard: per_fault={'budget': True, 'days': False, 'house_rule': True, 'room_type': False, 'transportation': True} all_resolved=False n_resolved=3/5 tokens=(15940,3879)
  N=5 tp_nonsynth_mf5_000132 seed=2 arm=intro_specter level=hard: per_fault={'budget': False, 'days': False, 'house_rule': True, 'room_type': False, 'transportation': False} all_resolved=False n_resolved=1/5 tokens=(5083,1671)
  N=5 tp_nonsynth_mf5_000136 seed=0 arm=direct level=hard: per_fault={'budget': True, 'days': False, 'cuisine': False, 'house_rule': True, 'transportation': True} all_resolved=False n_resolved=3/5 tokens=(1888,543)
  N=5 tp_nonsynth_mf5_000136 seed=0 arm=self_refine level=hard: per_fault={'budget': True, 'days': True, 'cuisine': False, 'house_rule': True, 'transportation': True} all_resolved=False n_resolved=4/5 tokens=(4666,2128)
  N=5 tp_nonsynth_mf5_000136 seed=0 arm=full_regen level=hard: per_fault={'budget': False, 'days': False, 'cuisine': False, 'house_rule': True, 'transportation': False} all_resolved=False n_resolved=1/5 tokens=(3776,1124)
  N=5 tp_nonsynth_mf5_000136 seed=0 arm=react level=hard: per_fault={'budget': True, 'days': True, 'cuisine': False, 'house_rule': False, 'transportation': False} all_resolved=False n_resolved=2/5 tokens=(3832,2110)
  N=5 tp_nonsynth_mf5_000136 seed=0 arm=selfcheckgpt level=hard: per_fault={'budget': True, 'days': False, 'cuisine': False, 'house_rule': True, 'transportation': True} all_resolved=False n_resolved=3/5 tokens=(11120,825)
  N=5 tp_nonsynth_mf5_000136 seed=0 arm=reflexion level=hard: per_fault={'budget': True, 'days': False, 'cuisine': False, 'house_rule': True, 'transportation': True} all_resolved=False n_resolved=3/5 tokens=(14017,2263)
  N=5 tp_nonsynth_mf5_000136 seed=0 arm=intro_specter level=hard: per_fault={'budget': True, 'days': False, 'cuisine': False, 'house_rule': False, 'transportation': False} all_resolved=False n_resolved=1/5 tokens=(4781,951)
  N=5 tp_nonsynth_mf5_000136 seed=1 arm=direct level=hard: per_fault={'budget': True, 'days': False, 'cuisine': False, 'house_rule': True, 'transportation': True} all_resolved=False n_resolved=3/5 tokens=(1888,543)
  N=5 tp_nonsynth_mf5_000136 seed=1 arm=self_refine level=hard: per_fault={'budget': True, 'days': True, 'cuisine': False, 'house_rule': True, 'transportation': True} all_resolved=False n_resolved=4/5 tokens=(4666,2128)
  N=5 tp_nonsynth_mf5_000136 seed=1 arm=full_regen level=hard: per_fault={'budget': False, 'days': False, 'cuisine': False, 'house_rule': False, 'transportation': False} all_resolved=False n_resolved=0/5 tokens=(3776,1048)
  N=5 tp_nonsynth_mf5_000136 seed=1 arm=react level=hard: per_fault={'budget': True, 'days': True, 'cuisine': False, 'house_rule': False, 'transportation': False} all_resolved=False n_resolved=2/5 tokens=(3832,2110)
  N=5 tp_nonsynth_mf5_000136 seed=1 arm=selfcheckgpt level=hard: per_fault={'budget': True, 'days': False, 'cuisine': False, 'house_rule': True, 'transportation': True} all_resolved=False n_resolved=3/5 tokens=(11084,801)
  N=5 tp_nonsynth_mf5_000136 seed=1 arm=reflexion level=hard: per_fault={'budget': True, 'days': False, 'cuisine': False, 'house_rule': True, 'transportation': True} all_resolved=False n_resolved=3/5 tokens=(14017,2263)
  N=5 tp_nonsynth_mf5_000136 seed=1 arm=intro_specter level=hard: per_fault={'budget': True, 'days': False, 'cuisine': False, 'house_rule': False, 'transportation': False} all_resolved=False n_resolved=1/5 tokens=(4781,951)
  N=5 tp_nonsynth_mf5_000136 seed=2 arm=direct level=hard: per_fault={'budget': True, 'days': False, 'cuisine': False, 'house_rule': True, 'transportation': True} all_resolved=False n_resolved=3/5 tokens=(1888,498)
  N=5 tp_nonsynth_mf5_000136 seed=2 arm=self_refine level=hard: per_fault={'budget': True, 'days': False, 'cuisine': False, 'house_rule': True, 'transportation': True} all_resolved=False n_resolved=3/5 tokens=(4584,1420)
  N=5 tp_nonsynth_mf5_000136 seed=2 arm=full_regen level=hard: per_fault={'budget': True, 'days': True, 'cuisine': False, 'house_rule': True, 'transportation': False} all_resolved=False n_resolved=3/5 tokens=(3776,1531)
  N=5 tp_nonsynth_mf5_000136 seed=2 arm=react level=hard: per_fault={'budget': False, 'days': False, 'cuisine': False, 'house_rule': False, 'transportation': False} all_resolved=False n_resolved=0/5 tokens=(3832,979)
  N=5 tp_nonsynth_mf5_000136 seed=2 arm=selfcheckgpt level=hard: per_fault={'budget': True, 'days': False, 'cuisine': False, 'house_rule': True, 'transportation': True} all_resolved=False n_resolved=3/5 tokens=(11121,748)
  N=5 tp_nonsynth_mf5_000136 seed=2 arm=reflexion level=hard: per_fault={'budget': True, 'days': False, 'cuisine': False, 'house_rule': True, 'transportation': False} all_resolved=False n_resolved=2/5 tokens=(13767,1693)
  N=5 tp_nonsynth_mf5_000136 seed=2 arm=intro_specter level=hard: per_fault={'budget': True, 'days': False, 'cuisine': False, 'house_rule': False, 'transportation': False} all_resolved=False n_resolved=1/5 tokens=(4736,1003)
  N=5 tp_nonsynth_mf5_000137 seed=0 arm=direct level=hard: per_fault={'budget': True, 'days': True, 'cuisine': False, 'house_rule': True, 'transportation': False} all_resolved=False n_resolved=3/5 tokens=(1727,731)
  N=5 tp_nonsynth_mf5_000137 seed=0 arm=self_refine level=hard: per_fault={'budget': True, 'days': True, 'cuisine': False, 'house_rule': True, 'transportation': False} all_resolved=False n_resolved=3/5 tokens=(4579,1872)
  N=5 tp_nonsynth_mf5_000137 seed=0 arm=full_regen level=hard: per_fault={'budget': False, 'days': False, 'cuisine': False, 'house_rule': False, 'transportation': False} all_resolved=False n_resolved=0/5 tokens=(3454,1510)
  N=5 tp_nonsynth_mf5_000137 seed=0 arm=react level=hard: per_fault={'budget': False, 'days': True, 'cuisine': False, 'house_rule': False, 'transportation': False} all_resolved=False n_resolved=1/5 tokens=(3510,2011)
  N=5 tp_nonsynth_mf5_000137 seed=0 arm=selfcheckgpt level=hard: per_fault={'budget': True, 'days': True, 'cuisine': False, 'house_rule': True, 'transportation': False} all_resolved=False n_resolved=3/5 tokens=(12174,1444)
  N=5 tp_nonsynth_mf5_000137 seed=0 arm=reflexion level=hard: per_fault={'budget': True, 'days': True, 'cuisine': False, 'house_rule': True, 'transportation': False} all_resolved=False n_resolved=3/5 tokens=(14600,2964)
  N=5 tp_nonsynth_mf5_000137 seed=0 arm=intro_specter level=hard: per_fault={'budget': False, 'days': False, 'cuisine': False, 'house_rule': True, 'transportation': False} all_resolved=False n_resolved=1/5 tokens=(4731,2877)
  N=5 tp_nonsynth_mf5_000137 seed=1 arm=direct level=hard: per_fault={'budget': True, 'days': True, 'cuisine': False, 'house_rule': True, 'transportation': False} all_resolved=False n_resolved=3/5 tokens=(1727,731)
  N=5 tp_nonsynth_mf5_000137 seed=1 arm=self_refine level=hard: per_fault={'budget': True, 'days': True, 'cuisine': False, 'house_rule': True, 'transportation': False} all_resolved=False n_resolved=3/5 tokens=(4579,1872)
  N=5 tp_nonsynth_mf5_000137 seed=1 arm=full_regen level=hard: per_fault={'budget': True, 'days': True, 'cuisine': False, 'house_rule': True, 'transportation': False} all_resolved=False n_resolved=3/5 tokens=(3454,2015)
  N=5 tp_nonsynth_mf5_000137 seed=1 arm=react level=hard: per_fault={'budget': False, 'days': True, 'cuisine': False, 'house_rule': False, 'transportation': False} all_resolved=False n_resolved=1/5 tokens=(3510,2011)
  N=5 tp_nonsynth_mf5_000137 seed=1 arm=selfcheckgpt level=hard: per_fault={'budget': True, 'days': True, 'cuisine': False, 'house_rule': True, 'transportation': False} all_resolved=False n_resolved=3/5 tokens=(12302,1539)
  N=5 tp_nonsynth_mf5_000137 seed=1 arm=reflexion level=hard: per_fault={'budget': True, 'days': True, 'cuisine': False, 'house_rule': True, 'transportation': False} all_resolved=False n_resolved=3/5 tokens=(14600,2964)
  N=5 tp_nonsynth_mf5_000137 seed=1 arm=intro_specter level=hard: per_fault={'budget': False, 'days': False, 'cuisine': False, 'house_rule': True, 'transportation': False} all_resolved=False n_resolved=1/5 tokens=(4731,2877)
  N=5 tp_nonsynth_mf5_000137 seed=2 arm=direct level=hard: per_fault={'budget': False, 'days': False, 'cuisine': False, 'house_rule': False, 'transportation': False} all_resolved=False n_resolved=0/5 tokens=(1727,677)
  N=5 tp_nonsynth_mf5_000137 seed=2 arm=self_refine level=hard: per_fault={'budget': False, 'days': False, 'cuisine': False, 'house_rule': False, 'transportation': False} all_resolved=False n_resolved=0/5 tokens=(4525,2407)
  N=5 tp_nonsynth_mf5_000137 seed=2 arm=full_regen level=hard: per_fault={'budget': False, 'days': True, 'cuisine': False, 'house_rule': False, 'transportation': False} all_resolved=False n_resolved=1/5 tokens=(3454,1628)
  N=5 tp_nonsynth_mf5_000137 seed=2 arm=react level=hard: per_fault={'budget': True, 'days': False, 'cuisine': False, 'house_rule': True, 'transportation': False} all_resolved=False n_resolved=2/5 tokens=(3510,1528)
  N=5 tp_nonsynth_mf5_000137 seed=2 arm=selfcheckgpt level=hard: per_fault={'budget': False, 'days': False, 'cuisine': False, 'house_rule': False, 'transportation': False} all_resolved=False n_resolved=0/5 tokens=(12315,1465)
  N=5 tp_nonsynth_mf5_000137 seed=2 arm=reflexion level=hard: per_fault={'budget': True, 'days': False, 'cuisine': False, 'house_rule': True, 'transportation': True} all_resolved=False n_resolved=3/5 tokens=(14760,2774)
  N=5 tp_nonsynth_mf5_000137 seed=2 arm=intro_specter level=hard: per_fault={'budget': True, 'days': False, 'cuisine': False, 'house_rule': False, 'transportation': False} all_resolved=False n_resolved=1/5 tokens=(4677,1259)
  N=5 tp_nonsynth_mf5_000138 seed=0 arm=direct level=hard: per_fault={'budget': True, 'days': False, 'cuisine': False, 'house_rule': True, 'transportation': False} all_resolved=False n_resolved=2/5 tokens=(1760,437)
  N=5 tp_nonsynth_mf5_000138 seed=0 arm=self_refine level=hard: per_fault={'budget': True, 'days': False, 'cuisine': False, 'house_rule': True, 'transportation': False} all_resolved=False n_resolved=2/5 tokens=(4183,1192)
  N=5 tp_nonsynth_mf5_000138 seed=0 arm=full_regen level=hard: per_fault={'budget': False, 'days': False, 'cuisine': False, 'house_rule': True, 'transportation': True} all_resolved=False n_resolved=2/5 tokens=(3520,782)
  N=5 tp_nonsynth_mf5_000138 seed=0 arm=react level=hard: per_fault={'budget': False, 'days': False, 'cuisine': False, 'house_rule': False, 'transportation': False} all_resolved=False n_resolved=0/5 tokens=(3576,838)
  N=5 tp_nonsynth_mf5_000138 seed=0 arm=selfcheckgpt level=hard: per_fault={'budget': True, 'days': False, 'cuisine': False, 'house_rule': True, 'transportation': False} all_resolved=False n_resolved=2/5 tokens=(12634,1295)
  N=5 tp_nonsynth_mf5_000138 seed=0 arm=reflexion level=hard: per_fault={'budget': True, 'days': False, 'cuisine': False, 'house_rule': True, 'transportation': False} all_resolved=False n_resolved=2/5 tokens=(13764,3551)
  N=5 tp_nonsynth_mf5_000138 seed=0 arm=intro_specter level=hard: per_fault={'budget': True, 'days': False, 'cuisine': False, 'house_rule': True, 'transportation': False} all_resolved=False n_resolved=2/5 tokens=(4335,1325)
  N=5 tp_nonsynth_mf5_000138 seed=1 arm=direct level=hard: per_fault={'budget': True, 'days': False, 'cuisine': False, 'house_rule': True, 'transportation': False} all_resolved=False n_resolved=2/5 tokens=(1760,437)
  N=5 tp_nonsynth_mf5_000138 seed=1 arm=self_refine level=hard: per_fault={'budget': True, 'days': False, 'cuisine': False, 'house_rule': True, 'transportation': False} all_resolved=False n_resolved=2/5 tokens=(4183,1192)
  N=5 tp_nonsynth_mf5_000138 seed=1 arm=full_regen level=hard: per_fault={'budget': False, 'days': False, 'cuisine': False, 'house_rule': True, 'transportation': True} all_resolved=False n_resolved=2/5 tokens=(3520,1216)
  N=5 tp_nonsynth_mf5_000138 seed=1 arm=react level=hard: per_fault={'budget': False, 'days': False, 'cuisine': False, 'house_rule': False, 'transportation': False} all_resolved=False n_resolved=0/5 tokens=(3576,838)
  N=5 tp_nonsynth_mf5_000138 seed=1 arm=selfcheckgpt level=hard: per_fault={'budget': True, 'days': False, 'cuisine': False, 'house_rule': True, 'transportation': False} all_resolved=False n_resolved=2/5 tokens=(12361,1073)
  N=5 tp_nonsynth_mf5_000138 seed=1 arm=reflexion level=hard: per_fault={'budget': True, 'days': False, 'cuisine': False, 'house_rule': True, 'transportation': False} all_resolved=False n_resolved=2/5 tokens=(13764,3551)
  N=5 tp_nonsynth_mf5_000138 seed=1 arm=intro_specter level=hard: per_fault={'budget': True, 'days': False, 'cuisine': False, 'house_rule': True, 'transportation': False} all_resolved=False n_resolved=2/5 tokens=(4335,1325)
  N=5 tp_nonsynth_mf5_000138 seed=2 arm=direct level=hard: per_fault={'budget': True, 'days': True, 'cuisine': False, 'house_rule': True, 'transportation': True} all_resolved=False n_resolved=4/5 tokens=(1760,616)
  N=5 tp_nonsynth_mf5_000138 seed=2 arm=self_refine level=hard: per_fault={'budget': True, 'days': True, 'cuisine': False, 'house_rule': True, 'transportation': True} all_resolved=False n_resolved=4/5 tokens=(4418,1605)
  N=5 tp_nonsynth_mf5_000138 seed=2 arm=full_regen level=hard: per_fault={'budget': True, 'days': True, 'cuisine': False, 'house_rule': True, 'transportation': True} all_resolved=False n_resolved=4/5 tokens=(3520,1362)
  N=5 tp_nonsynth_mf5_000138 seed=2 arm=react level=hard: per_fault={'budget': True, 'days': True, 'cuisine': False, 'house_rule': True, 'transportation': True} all_resolved=False n_resolved=4/5 tokens=(3576,1736)
  N=5 tp_nonsynth_mf5_000138 seed=2 arm=selfcheckgpt level=hard: per_fault={'budget': True, 'days': True, 'cuisine': False, 'house_rule': True, 'transportation': True} all_resolved=False n_resolved=4/5 tokens=(10463,930)
  N=5 tp_nonsynth_mf5_000138 seed=2 arm=reflexion level=hard: per_fault={'budget': True, 'days': True, 'cuisine': False, 'house_rule': True, 'transportation': True} all_resolved=False n_resolved=4/5 tokens=(13505,2473)
  N=5 tp_nonsynth_mf5_000138 seed=2 arm=intro_specter level=hard: per_fault={'budget': True, 'days': False, 'cuisine': False, 'house_rule': False, 'transportation': False} all_resolved=False n_resolved=1/5 tokens=(4570,1266)
  N=5 tp_nonsynth_mf5_000139 seed=0 arm=direct level=hard: per_fault={'budget': True, 'days': True, 'house_rule': True, 'room_type': True, 'transportation': True} all_resolved=True n_resolved=5/5 tokens=(1867,1040)
  N=5 tp_nonsynth_mf5_000139 seed=0 arm=self_refine level=hard: per_fault={'budget': False, 'days': True, 'house_rule': True, 'room_type': True, 'transportation': True} all_resolved=False n_resolved=4/5 tokens=(5280,3096)
  N=5 tp_nonsynth_mf5_000139 seed=0 arm=full_regen level=hard: per_fault={'budget': True, 'days': True, 'house_rule': True, 'room_type': True, 'transportation': True} all_resolved=True n_resolved=5/5 tokens=(3734,1874)
  N=5 tp_nonsynth_mf5_000139 seed=0 arm=react level=hard: per_fault={'budget': True, 'days': True, 'house_rule': True, 'room_type': False, 'transportation': True} all_resolved=False n_resolved=4/5 tokens=(3790,1827)
  N=5 tp_nonsynth_mf5_000139 seed=0 arm=selfcheckgpt level=hard: per_fault={'budget': True, 'days': True, 'house_rule': True, 'room_type': True, 'transportation': True} all_resolved=True n_resolved=5/5 tokens=(13390,1889)
  N=5 tp_nonsynth_mf5_000139 seed=0 arm=reflexion level=hard: per_fault={'budget': True, 'days': True, 'house_rule': True, 'room_type': True, 'transportation': True} all_resolved=True n_resolved=5/5 tokens=(1867,1040)
  N=5 tp_nonsynth_mf5_000139 seed=0 arm=intro_specter level=hard: per_fault={'budget': True, 'days': True, 'house_rule': True, 'room_type': True, 'transportation': True} all_resolved=True n_resolved=5/5 tokens=(5432,2433)
  N=5 tp_nonsynth_mf5_000139 seed=1 arm=direct level=hard: per_fault={'budget': True, 'days': True, 'house_rule': True, 'room_type': True, 'transportation': True} all_resolved=True n_resolved=5/5 tokens=(1867,1040)
  N=5 tp_nonsynth_mf5_000139 seed=1 arm=self_refine level=hard: per_fault={'budget': False, 'days': True, 'house_rule': True, 'room_type': True, 'transportation': True} all_resolved=False n_resolved=4/5 tokens=(5280,3096)
  N=5 tp_nonsynth_mf5_000139 seed=1 arm=full_regen level=hard: per_fault={'budget': False, 'days': True, 'house_rule': False, 'room_type': False, 'transportation': False} all_resolved=False n_resolved=1/5 tokens=(3733,1951)
  N=5 tp_nonsynth_mf5_000139 seed=1 arm=react level=hard: per_fault={'budget': True, 'days': True, 'house_rule': True, 'room_type': False, 'transportation': True} all_resolved=False n_resolved=4/5 tokens=(3790,1827)
  N=5 tp_nonsynth_mf5_000139 seed=1 arm=selfcheckgpt level=hard: per_fault={'budget': False, 'days': True, 'house_rule': True, 'room_type': True, 'transportation': True} all_resolved=False n_resolved=4/5 tokens=(13137,1592)
  N=5 tp_nonsynth_mf5_000139 seed=1 arm=reflexion level=hard: per_fault={'budget': True, 'days': True, 'house_rule': True, 'room_type': True, 'transportation': True} all_resolved=True n_resolved=5/5 tokens=(1867,1040)
  N=5 tp_nonsynth_mf5_000139 seed=1 arm=intro_specter level=hard: per_fault={'budget': True, 'days': True, 'house_rule': True, 'room_type': True, 'transportation': True} all_resolved=True n_resolved=5/5 tokens=(5432,2433)
  N=5 tp_nonsynth_mf5_000139 seed=2 arm=direct level=hard: per_fault={'budget': True, 'days': True, 'house_rule': True, 'room_type': True, 'transportation': True} all_resolved=True n_resolved=5/5 tokens=(1867,856)
  N=5 tp_nonsynth_mf5_000139 seed=2 arm=self_refine level=hard: per_fault={'budget': False, 'days': True, 'house_rule': True, 'room_type': False, 'transportation': False} all_resolved=False n_resolved=2/5 tokens=(5039,1949)
  N=5 tp_nonsynth_mf5_000139 seed=2 arm=full_regen level=hard: per_fault={'budget': False, 'days': True, 'house_rule': True, 'room_type': False, 'transportation': True} all_resolved=False n_resolved=3/5 tokens=(3733,1364)
  N=5 tp_nonsynth_mf5_000139 seed=2 arm=react level=hard: per_fault={'budget': False, 'days': True, 'house_rule': False, 'room_type': False, 'transportation': False} all_resolved=False n_resolved=1/5 tokens=(3790,1650)
  N=5 tp_nonsynth_mf5_000139 seed=2 arm=selfcheckgpt level=hard: per_fault={'budget': False, 'days': True, 'house_rule': True, 'room_type': True, 'transportation': True} all_resolved=False n_resolved=4/5 tokens=(12801,1082)
  N=5 tp_nonsynth_mf5_000139 seed=2 arm=reflexion level=hard: per_fault={'budget': True, 'days': True, 'house_rule': True, 'room_type': True, 'transportation': True} all_resolved=True n_resolved=5/5 tokens=(1867,856)
  N=5 tp_nonsynth_mf5_000139 seed=2 arm=intro_specter level=hard: per_fault={'budget': True, 'days': True, 'house_rule': True, 'room_type': True, 'transportation': True} all_resolved=True n_resolved=5/5 tokens=(5191,2659)
  N=5 tp_nonsynth_mf5_000140 seed=0 arm=direct level=hard: per_fault={'budget': False, 'days': True, 'house_rule': True, 'room_type': True, 'transportation': False} all_resolved=False n_resolved=3/5 tokens=(1842,766)
  N=5 tp_nonsynth_mf5_000140 seed=0 arm=self_refine level=hard: per_fault={'budget': False, 'days': True, 'house_rule': True, 'room_type': True, 'transportation': False} all_resolved=False n_resolved=3/5 tokens=(4871,1992)
  N=5 tp_nonsynth_mf5_000140 seed=0 arm=full_regen level=hard: per_fault={'budget': True, 'days': False, 'house_rule': True, 'room_type': True, 'transportation': False} all_resolved=False n_resolved=3/5 tokens=(3684,1517)
  N=5 tp_nonsynth_mf5_000140 seed=0 arm=react level=hard: per_fault={'budget': True, 'days': True, 'house_rule': True, 'room_type': True, 'transportation': False} all_resolved=False n_resolved=4/5 tokens=(3740,1632)
  N=5 tp_nonsynth_mf5_000140 seed=0 arm=selfcheckgpt level=hard: per_fault={'budget': False, 'days': True, 'house_rule': True, 'room_type': True, 'transportation': False} all_resolved=False n_resolved=3/5 tokens=(13143,1589)
  N=5 tp_nonsynth_mf5_000140 seed=0 arm=reflexion level=hard: per_fault={'budget': True, 'days': True, 'house_rule': True, 'room_type': True, 'transportation': False} all_resolved=False n_resolved=4/5 tokens=(15473,3035)
  N=5 tp_nonsynth_mf5_000140 seed=0 arm=intro_specter level=hard: per_fault={'budget': False, 'days': False, 'house_rule': True, 'room_type': True, 'transportation': False} all_resolved=False n_resolved=2/5 tokens=(5024,1516)
  N=5 tp_nonsynth_mf5_000140 seed=1 arm=direct level=hard: per_fault={'budget': False, 'days': True, 'house_rule': True, 'room_type': True, 'transportation': False} all_resolved=False n_resolved=3/5 tokens=(1842,766)
  N=5 tp_nonsynth_mf5_000140 seed=1 arm=self_refine level=hard: per_fault={'budget': False, 'days': True, 'house_rule': True, 'room_type': True, 'transportation': False} all_resolved=False n_resolved=3/5 tokens=(4871,1992)
  N=5 tp_nonsynth_mf5_000140 seed=1 arm=full_regen level=hard: per_fault={'budget': True, 'days': False, 'house_rule': True, 'room_type': True, 'transportation': False} all_resolved=False n_resolved=3/5 tokens=(3684,1290)
  N=5 tp_nonsynth_mf5_000140 seed=1 arm=react level=hard: per_fault={'budget': True, 'days': True, 'house_rule': True, 'room_type': True, 'transportation': False} all_resolved=False n_resolved=4/5 tokens=(3740,1632)
  N=5 tp_nonsynth_mf5_000140 seed=1 arm=selfcheckgpt level=hard: per_fault={'budget': False, 'days': True, 'house_rule': True, 'room_type': True, 'transportation': True} all_resolved=False n_resolved=4/5 tokens=(12927,1625)
[RETRY] selfcheckgpt task=tp_nonsynth_mf5_000140 seed=2 attempt 1/5 failed (provider returned no choices for 'mistralai/mistral-nemo': None); retrying in 3s
  N=5 tp_nonsynth_mf5_000140 seed=1 arm=reflexion level=hard: per_fault={'budget': True, 'days': True, 'house_rule': True, 'room_type': True, 'transportation': False} all_resolved=False n_resolved=4/5 tokens=(15473,3035)
  N=5 tp_nonsynth_mf5_000140 seed=1 arm=intro_specter level=hard: per_fault={'budget': False, 'days': False, 'house_rule': True, 'room_type': True, 'transportation': False} all_resolved=False n_resolved=2/5 tokens=(5024,1516)
  N=5 tp_nonsynth_mf5_000140 seed=2 arm=direct level=hard: per_fault={'budget': False, 'days': True, 'house_rule': True, 'room_type': True, 'transportation': False} all_resolved=False n_resolved=3/5 tokens=(1842,840)
  N=5 tp_nonsynth_mf5_000140 seed=2 arm=self_refine level=hard: per_fault={'budget': True, 'days': True, 'house_rule': True, 'room_type': False, 'transportation': False} all_resolved=False n_resolved=3/5 tokens=(4974,2409)
  N=5 tp_nonsynth_mf5_000140 seed=2 arm=full_regen level=hard: per_fault={'budget': True, 'days': True, 'house_rule': True, 'room_type': False, 'transportation': False} all_resolved=False n_resolved=3/5 tokens=(3684,1457)
  N=5 tp_nonsynth_mf5_000140 seed=2 arm=react level=hard: per_fault={'budget': False, 'days': True, 'house_rule': True, 'room_type': False, 'transportation': True} all_resolved=False n_resolved=3/5 tokens=(3740,1627)
  N=5 tp_nonsynth_mf5_000140 seed=2 arm=selfcheckgpt level=hard: per_fault={'budget': True, 'days': True, 'house_rule': True, 'room_type': True, 'transportation': True} all_resolved=True n_resolved=5/5 tokens=(12956,1230)
  N=5 tp_nonsynth_mf5_000140 seed=2 arm=reflexion level=hard: per_fault={'budget': True, 'days': True, 'house_rule': True, 'room_type': True, 'transportation': True} all_resolved=True n_resolved=5/5 tokens=(8197,2241)
  N=5 tp_nonsynth_mf5_000140 seed=2 arm=intro_specter level=hard: per_fault={'budget': False, 'days': False, 'house_rule': True, 'room_type': True, 'transportation': False} all_resolved=False n_resolved=2/5 tokens=(5126,1657)
  N=5 tp_nonsynth_mf5_000141 seed=0 arm=direct level=hard: per_fault={'budget': False, 'days': True, 'house_rule': True, 'room_type': False, 'transportation': False} all_resolved=False n_resolved=2/5 tokens=(1808,1231)
  N=5 tp_nonsynth_mf5_000141 seed=0 arm=self_refine level=hard: per_fault={'budget': False, 'days': True, 'house_rule': True, 'room_type': True, 'transportation': False} all_resolved=False n_resolved=3/5 tokens=(5437,2792)
  N=5 tp_nonsynth_mf5_000141 seed=0 arm=full_regen level=hard: per_fault={'budget': False, 'days': True, 'house_rule': False, 'room_type': False, 'transportation': False} all_resolved=False n_resolved=1/5 tokens=(3616,2026)
  N=5 tp_nonsynth_mf5_000141 seed=0 arm=react level=hard: per_fault={'budget': False, 'days': False, 'house_rule': False, 'room_type': False, 'transportation': False} all_resolved=False n_resolved=0/5 tokens=(3672,1820)
  N=5 tp_nonsynth_mf5_000141 seed=0 arm=selfcheckgpt level=hard: per_fault={'budget': False, 'days': True, 'house_rule': True, 'room_type': True, 'transportation': False} all_resolved=False n_resolved=3/5 tokens=(12937,2253)
  N=5 tp_nonsynth_mf5_000141 seed=0 arm=reflexion level=hard: per_fault={'budget': True, 'days': True, 'house_rule': True, 'room_type': True, 'transportation': False} all_resolved=False n_resolved=4/5 tokens=(17587,3842)
  N=5 tp_nonsynth_mf5_000141 seed=0 arm=intro_specter level=hard: per_fault={'budget': False, 'days': True, 'house_rule': True, 'room_type': False, 'transportation': False} all_resolved=False n_resolved=2/5 tokens=(5589,2305)
  N=5 tp_nonsynth_mf5_000141 seed=1 arm=direct level=hard: per_fault={'budget': False, 'days': True, 'house_rule': True, 'room_type': False, 'transportation': False} all_resolved=False n_resolved=2/5 tokens=(1808,1231)
  N=5 tp_nonsynth_mf5_000141 seed=1 arm=self_refine level=hard: per_fault={'budget': False, 'days': True, 'house_rule': True, 'room_type': True, 'transportation': False} all_resolved=False n_resolved=3/5 tokens=(5437,2792)
  N=5 tp_nonsynth_mf5_000141 seed=1 arm=full_regen level=hard: per_fault={'budget': False, 'days': True, 'house_rule': False, 'room_type': False, 'transportation': False} all_resolved=False n_resolved=1/5 tokens=(3616,2152)
  N=5 tp_nonsynth_mf5_000141 seed=1 arm=react level=hard: per_fault={'budget': False, 'days': False, 'house_rule': False, 'room_type': False, 'transportation': False} all_resolved=False n_resolved=0/5 tokens=(3672,1820)
  N=5 tp_nonsynth_mf5_000141 seed=1 arm=selfcheckgpt level=hard: per_fault={'budget': False, 'days': True, 'house_rule': True, 'room_type': True, 'transportation': False} all_resolved=False n_resolved=3/5 tokens=(13135,2512)
  N=5 tp_nonsynth_mf5_000141 seed=1 arm=reflexion level=hard: per_fault={'budget': True, 'days': True, 'house_rule': True, 'room_type': True, 'transportation': False} all_resolved=False n_resolved=4/5 tokens=(17587,3842)
  N=5 tp_nonsynth_mf5_000141 seed=1 arm=intro_specter level=hard: per_fault={'budget': False, 'days': True, 'house_rule': True, 'room_type': False, 'transportation': False} all_resolved=False n_resolved=2/5 tokens=(5589,2305)
  N=5 tp_nonsynth_mf5_000141 seed=2 arm=direct level=hard: per_fault={'budget': False, 'days': True, 'house_rule': False, 'room_type': False, 'transportation': False} all_resolved=False n_resolved=1/5 tokens=(1808,773)
  N=5 tp_nonsynth_mf5_000141 seed=2 arm=self_refine level=hard: per_fault={'budget': True, 'days': True, 'house_rule': True, 'room_type': True, 'transportation': True} all_resolved=True n_resolved=5/5 tokens=(4755,1827)
  N=5 tp_nonsynth_mf5_000141 seed=2 arm=full_regen level=hard: per_fault={'budget': True, 'days': True, 'house_rule': True, 'room_type': True, 'transportation': True} all_resolved=True n_resolved=5/5 tokens=(3616,1403)
  N=5 tp_nonsynth_mf5_000141 seed=2 arm=react level=hard: per_fault={'budget': True, 'days': False, 'house_rule': False, 'room_type': True, 'transportation': False} all_resolved=False n_resolved=2/5 tokens=(3671,1201)
  N=5 tp_nonsynth_mf5_000141 seed=2 arm=selfcheckgpt level=hard: per_fault={'budget': False, 'days': True, 'house_rule': False, 'room_type': False, 'transportation': False} all_resolved=False n_resolved=1/5 tokens=(12766,1448)
  N=5 tp_nonsynth_mf5_000141 seed=2 arm=reflexion level=hard: per_fault={'budget': True, 'days': True, 'house_rule': True, 'room_type': True, 'transportation': False} all_resolved=False n_resolved=4/5 tokens=(14873,2897)
  N=5 tp_nonsynth_mf5_000141 seed=2 arm=intro_specter level=hard: per_fault={'budget': True, 'days': True, 'house_rule': False, 'room_type': False, 'transportation': False} all_resolved=False n_resolved=2/5 tokens=(4907,2933)

--- run summary (N=5, model=mistral-nemo-12b) ---
rows written: 1246  errors: 14
total tokens_input=8153775  total tokens_output=2170501  grand_total=10324276
