Building 60 4-fault (3 hop + 1 profile) musique_real hop examples (bench_seed=42, scan_limit=760)...
Built 60 examples. seeds=[0, 1, 2], model=llama-3.1-8b, arms=['direct', 'self_refine', 'full_regen', 'react', 'selfcheckgpt', 'reflexion', 'intro_specter']
  N=4 real_musique_hop_00001_3hop1__145290_443779_52195 seed=0 arm=direct: per_fault={'hop0': False, 'hop1': False, 'hop2': True, 'concise': False} all_resolved=False n_resolved=1/4 tokens=(1721,450)
  N=4 real_musique_hop_00001_3hop1__145290_443779_52195 seed=0 arm=self_refine: per_fault={'hop0': False, 'hop1': False, 'hop2': True, 'concise': False} all_resolved=False n_resolved=1/4 tokens=(3981,1263)
  N=4 real_musique_hop_00001_3hop1__145290_443779_52195 seed=0 arm=full_regen: per_fault={'hop0': True, 'hop1': False, 'hop2': True, 'concise': True} all_resolved=False n_resolved=3/4 tokens=(3407,868)
  N=4 real_musique_hop_00001_3hop1__145290_443779_52195 seed=0 arm=react: per_fault={'hop0': False, 'hop1': False, 'hop2': True, 'concise': False} all_resolved=False n_resolved=1/4 tokens=(3459,1616)
  N=4 real_musique_hop_00001_3hop1__145290_443779_52195 seed=0 arm=selfcheckgpt: per_fault={'hop0': False, 'hop1': False, 'hop2': True, 'concise': False} all_resolved=False n_resolved=1/4 tokens=(9951,636)
  N=4 real_musique_hop_00001_3hop1__145290_443779_52195 seed=0 arm=reflexion: per_fault={'hop0': False, 'hop1': False, 'hop2': True, 'concise': False} all_resolved=False n_resolved=1/4 tokens=(1721,450)
  N=4 real_musique_hop_00001_3hop1__145290_443779_52195 seed=0 arm=intro_specter: per_fault={'hop0': False, 'hop1': False, 'hop2': True, 'concise': False} all_resolved=False n_resolved=1/4 tokens=(4135,1194)
  N=4 real_musique_hop_00001_3hop1__145290_443779_52195 seed=1 arm=direct: per_fault={'hop0': False, 'hop1': False, 'hop2': True, 'concise': False} all_resolved=False n_resolved=1/4 tokens=(1721,450)
  N=4 real_musique_hop_00001_3hop1__145290_443779_52195 seed=1 arm=self_refine: per_fault={'hop0': False, 'hop1': False, 'hop2': True, 'concise': False} all_resolved=False n_resolved=1/4 tokens=(3981,1263)
  N=4 real_musique_hop_00001_3hop1__145290_443779_52195 seed=1 arm=full_regen: per_fault={'hop0': False, 'hop1': False, 'hop2': True, 'concise': False} all_resolved=False n_resolved=1/4 tokens=(3406,1014)
  N=4 real_musique_hop_00001_3hop1__145290_443779_52195 seed=1 arm=react: per_fault={'hop0': False, 'hop1': False, 'hop2': True, 'concise': False} all_resolved=False n_resolved=1/4 tokens=(3459,1616)
  N=4 real_musique_hop_00001_3hop1__145290_443779_52195 seed=1 arm=selfcheckgpt: per_fault={'hop0': False, 'hop1': False, 'hop2': True, 'concise': False} all_resolved=False n_resolved=1/4 tokens=(9991,710)
  N=4 real_musique_hop_00001_3hop1__145290_443779_52195 seed=1 arm=reflexion: per_fault={'hop0': False, 'hop1': False, 'hop2': True, 'concise': False} all_resolved=False n_resolved=1/4 tokens=(1721,450)
  N=4 real_musique_hop_00001_3hop1__145290_443779_52195 seed=1 arm=intro_specter: per_fault={'hop0': False, 'hop1': False, 'hop2': True, 'concise': False} all_resolved=False n_resolved=1/4 tokens=(4135,1194)
  N=4 real_musique_hop_00001_3hop1__145290_443779_52195 seed=2 arm=direct: per_fault={'hop0': False, 'hop1': False, 'hop2': True, 'concise': True} all_resolved=False n_resolved=2/4 tokens=(1705,640)
  N=4 real_musique_hop_00001_3hop1__145290_443779_52195 seed=2 arm=self_refine: per_fault={'hop0': False, 'hop1': False, 'hop2': True, 'concise': False} all_resolved=False n_resolved=1/4 tokens=(4217,1874)
  N=4 real_musique_hop_00001_3hop1__145290_443779_52195 seed=2 arm=full_regen: per_fault={'hop0': False, 'hop1': False, 'hop2': True, 'concise': False} all_resolved=False n_resolved=1/4 tokens=(3390,1115)
  N=4 real_musique_hop_00001_3hop1__145290_443779_52195 seed=2 arm=react: per_fault={'hop0': False, 'hop1': False, 'hop2': True, 'concise': False} all_resolved=False n_resolved=1/4 tokens=(3443,1806)
  N=4 real_musique_hop_00001_3hop1__145290_443779_52195 seed=2 arm=selfcheckgpt: per_fault={'hop0': False, 'hop1': False, 'hop2': True, 'concise': True} all_resolved=False n_resolved=2/4 tokens=(9839,774)
  N=4 real_musique_hop_00001_3hop1__145290_443779_52195 seed=2 arm=reflexion: per_fault={'hop0': False, 'hop1': False, 'hop2': True, 'concise': True} all_resolved=False n_resolved=2/4 tokens=(1705,640)
  N=4 real_musique_hop_00001_3hop1__145290_443779_52195 seed=2 arm=intro_specter: per_fault={'hop0': False, 'hop1': False, 'hop2': True, 'concise': True} all_resolved=False n_resolved=2/4 tokens=(4391,1348)
  N=4 real_musique_hop_00002_3hop1__105767_443779_52195 seed=0 arm=direct: per_fault={'hop0': True, 'hop1': True, 'hop2': True, 'bullets': True} all_resolved=True n_resolved=4/4 tokens=(1842,663)
  N=4 real_musique_hop_00002_3hop1__105767_443779_52195 seed=0 arm=self_refine: per_fault={'hop0': True, 'hop1': True, 'hop2': True, 'bullets': True} all_resolved=True n_resolved=4/4 tokens=(4576,1736)
  N=4 real_musique_hop_00002_3hop1__105767_443779_52195 seed=0 arm=full_regen: per_fault={'hop0': True, 'hop1': True, 'hop2': True, 'bullets': True} all_resolved=True n_resolved=4/4 tokens=(3700,1128)
  N=4 real_musique_hop_00002_3hop1__105767_443779_52195 seed=0 arm=react: per_fault={'hop0': False, 'hop1': False, 'hop2': True, 'bullets': True} all_resolved=False n_resolved=2/4 tokens=(3753,1645)
  N=4 real_musique_hop_00002_3hop1__105767_443779_52195 seed=0 arm=selfcheckgpt: per_fault={'hop0': True, 'hop1': True, 'hop2': True, 'bullets': True} all_resolved=True n_resolved=4/4 tokens=(12568,991)
  N=4 real_musique_hop_00002_3hop1__105767_443779_52195 seed=0 arm=reflexion: per_fault={'hop0': True, 'hop1': True, 'hop2': True, 'bullets': True} all_resolved=True n_resolved=4/4 tokens=(1842,663)
  N=4 real_musique_hop_00002_3hop1__105767_443779_52195 seed=0 arm=intro_specter: per_fault={'hop0': True, 'hop1': True, 'hop2': True, 'bullets': True} all_resolved=True n_resolved=4/4 tokens=(4710,1741)
  N=4 real_musique_hop_00002_3hop1__105767_443779_52195 seed=1 arm=direct: per_fault={'hop0': True, 'hop1': True, 'hop2': True, 'bullets': True} all_resolved=True n_resolved=4/4 tokens=(1842,663)
  N=4 real_musique_hop_00002_3hop1__105767_443779_52195 seed=1 arm=self_refine: per_fault={'hop0': True, 'hop1': True, 'hop2': True, 'bullets': True} all_resolved=True n_resolved=4/4 tokens=(4576,1736)
  N=4 real_musique_hop_00002_3hop1__105767_443779_52195 seed=1 arm=full_regen: per_fault={'hop0': True, 'hop1': False, 'hop2': False, 'bullets': True} all_resolved=False n_resolved=2/4 tokens=(3664,986)
  N=4 real_musique_hop_00002_3hop1__105767_443779_52195 seed=1 arm=react: per_fault={'hop0': False, 'hop1': False, 'hop2': True, 'bullets': True} all_resolved=False n_resolved=2/4 tokens=(3753,1645)
  N=4 real_musique_hop_00002_3hop1__105767_443779_52195 seed=1 arm=selfcheckgpt: per_fault={'hop0': True, 'hop1': True, 'hop2': True, 'bullets': True} all_resolved=True n_resolved=4/4 tokens=(12603,1080)
  N=4 real_musique_hop_00002_3hop1__105767_443779_52195 seed=1 arm=reflexion: per_fault={'hop0': True, 'hop1': True, 'hop2': True, 'bullets': True} all_resolved=True n_resolved=4/4 tokens=(1842,663)
  N=4 real_musique_hop_00002_3hop1__105767_443779_52195 seed=1 arm=intro_specter: per_fault={'hop0': True, 'hop1': True, 'hop2': True, 'bullets': True} all_resolved=True n_resolved=4/4 tokens=(4710,1741)
  N=4 real_musique_hop_00002_3hop1__105767_443779_52195 seed=2 arm=direct: per_fault={'hop0': True, 'hop1': True, 'hop2': True, 'bullets': True} all_resolved=True n_resolved=4/4 tokens=(1822,404)
  N=4 real_musique_hop_00002_3hop1__105767_443779_52195 seed=2 arm=self_refine: per_fault={'hop0': True, 'hop1': True, 'hop2': True, 'bullets': True} all_resolved=True n_resolved=4/4 tokens=(4172,1021)
  N=4 real_musique_hop_00002_3hop1__105767_443779_52195 seed=2 arm=full_regen: per_fault={'hop0': True, 'hop1': True, 'hop2': True, 'bullets': True} all_resolved=True n_resolved=4/4 tokens=(3664,1016)
  N=4 real_musique_hop_00002_3hop1__105767_443779_52195 seed=2 arm=react: per_fault={'hop0': True, 'hop1': True, 'hop2': True, 'bullets': True} all_resolved=True n_resolved=4/4 tokens=(3717,1509)
  N=4 real_musique_hop_00002_3hop1__105767_443779_52195 seed=2 arm=selfcheckgpt: per_fault={'hop0': True, 'hop1': True, 'hop2': True, 'bullets': True} all_resolved=True n_resolved=4/4 tokens=(10802,700)
  N=4 real_musique_hop_00002_3hop1__105767_443779_52195 seed=2 arm=reflexion: per_fault={'hop0': True, 'hop1': True, 'hop2': True, 'bullets': True} all_resolved=True n_resolved=4/4 tokens=(1822,404)
  N=4 real_musique_hop_00002_3hop1__105767_443779_52195 seed=2 arm=intro_specter: per_fault={'hop0': True, 'hop1': True, 'hop2': True, 'bullets': True} all_resolved=True n_resolved=4/4 tokens=(4362,996)
  N=4 real_musique_hop_00003_3hop1__105126_443779_52195 seed=0 arm=direct: per_fault={'hop0': False, 'hop1': False, 'hop2': True, 'bullets': True} all_resolved=False n_resolved=2/4 tokens=(2027,352)
  N=4 real_musique_hop_00003_3hop1__105126_443779_52195 seed=0 arm=self_refine: per_fault={'hop0': False, 'hop1': False, 'hop2': True, 'bullets': True} all_resolved=False n_resolved=2/4 tokens=(4508,975)
  N=4 real_musique_hop_00003_3hop1__105126_443779_52195 seed=0 arm=full_regen: per_fault={'hop0': True, 'hop1': True, 'hop2': True, 'bullets': True} all_resolved=True n_resolved=4/4 tokens=(4074,909)
  N=4 real_musique_hop_00003_3hop1__105126_443779_52195 seed=0 arm=react: per_fault={'hop0': False, 'hop1': False, 'hop2': True, 'bullets': True} all_resolved=False n_resolved=2/4 tokens=(4107,894)
  N=4 real_musique_hop_00003_3hop1__105126_443779_52195 seed=0 arm=selfcheckgpt: per_fault={'hop0': False, 'hop1': False, 'hop2': True, 'bullets': True} all_resolved=False n_resolved=2/4 tokens=(11826,502)
  N=4 real_musique_hop_00003_3hop1__105126_443779_52195 seed=0 arm=reflexion: per_fault={'hop0': False, 'hop1': False, 'hop2': True, 'bullets': True} all_resolved=False n_resolved=2/4 tokens=(2027,352)
  N=4 real_musique_hop_00003_3hop1__105126_443779_52195 seed=0 arm=intro_specter: per_fault={'hop0': False, 'hop1': False, 'hop2': True, 'bullets': True} all_resolved=False n_resolved=2/4 tokens=(4662,876)
  N=4 real_musique_hop_00003_3hop1__105126_443779_52195 seed=1 arm=direct: per_fault={'hop0': False, 'hop1': False, 'hop2': True, 'bullets': True} all_resolved=False n_resolved=2/4 tokens=(2027,352)
  N=4 real_musique_hop_00003_3hop1__105126_443779_52195 seed=1 arm=self_refine: per_fault={'hop0': False, 'hop1': False, 'hop2': True, 'bullets': True} all_resolved=False n_resolved=2/4 tokens=(4508,975)
  N=4 real_musique_hop_00003_3hop1__105126_443779_52195 seed=1 arm=full_regen: per_fault={'hop0': True, 'hop1': True, 'hop2': True, 'bullets': True} all_resolved=True n_resolved=4/4 tokens=(4090,945)
  N=4 real_musique_hop_00003_3hop1__105126_443779_52195 seed=1 arm=react: per_fault={'hop0': False, 'hop1': False, 'hop2': True, 'bullets': True} all_resolved=False n_resolved=2/4 tokens=(4107,894)
  N=4 real_musique_hop_00003_3hop1__105126_443779_52195 seed=1 arm=selfcheckgpt: per_fault={'hop0': False, 'hop1': False, 'hop2': True, 'bullets': True} all_resolved=False n_resolved=2/4 tokens=(11994,588)
  N=4 real_musique_hop_00003_3hop1__105126_443779_52195 seed=1 arm=reflexion: per_fault={'hop0': False, 'hop1': False, 'hop2': True, 'bullets': True} all_resolved=False n_resolved=2/4 tokens=(2027,352)
  N=4 real_musique_hop_00003_3hop1__105126_443779_52195 seed=1 arm=intro_specter: per_fault={'hop0': False, 'hop1': False, 'hop2': True, 'bullets': True} all_resolved=False n_resolved=2/4 tokens=(4662,876)
  N=4 real_musique_hop_00003_3hop1__105126_443779_52195 seed=2 arm=direct: per_fault={'hop0': True, 'hop1': True, 'hop2': True, 'bullets': True} all_resolved=True n_resolved=4/4 tokens=(2047,355)
  N=4 real_musique_hop_00003_3hop1__105126_443779_52195 seed=2 arm=self_refine: per_fault={'hop0': True, 'hop1': True, 'hop2': True, 'bullets': True} all_resolved=True n_resolved=4/4 tokens=(4511,992)
  N=4 real_musique_hop_00003_3hop1__105126_443779_52195 seed=2 arm=full_regen: per_fault={'hop0': True, 'hop1': False, 'hop2': True, 'bullets': True} all_resolved=False n_resolved=3/4 tokens=(4074,714)
  N=4 real_musique_hop_00003_3hop1__105126_443779_52195 seed=2 arm=react: per_fault={'hop0': False, 'hop1': False, 'hop2': True, 'bullets': True} all_resolved=False n_resolved=2/4 tokens=(4127,897)
  N=4 real_musique_hop_00003_3hop1__105126_443779_52195 seed=2 arm=selfcheckgpt: per_fault={'hop0': True, 'hop1': True, 'hop2': True, 'bullets': True} all_resolved=True n_resolved=4/4 tokens=(12020,526)
  N=4 real_musique_hop_00003_3hop1__105126_443779_52195 seed=2 arm=reflexion: per_fault={'hop0': True, 'hop1': True, 'hop2': True, 'bullets': True} all_resolved=True n_resolved=4/4 tokens=(2047,355)
  N=4 real_musique_hop_00003_3hop1__105126_443779_52195 seed=2 arm=intro_specter: per_fault={'hop0': True, 'hop1': True, 'hop2': True, 'bullets': True} all_resolved=True n_resolved=4/4 tokens=(4685,676)
  N=4 real_musique_hop_00004_3hop1__103881_443779_52195 seed=0 arm=direct: per_fault={'hop0': True, 'hop1': True, 'hop2': True, 'concise': False} all_resolved=False n_resolved=3/4 tokens=(1754,301)
  N=4 real_musique_hop_00004_3hop1__103881_443779_52195 seed=0 arm=self_refine: per_fault={'hop0': True, 'hop1': True, 'hop2': True, 'concise': True} all_resolved=True n_resolved=4/4 tokens=(3870,753)
  N=4 real_musique_hop_00004_3hop1__103881_443779_52195 seed=0 arm=full_regen: per_fault={'hop0': False, 'hop1': False, 'hop2': True, 'concise': False} all_resolved=False n_resolved=1/4 tokens=(3488,681)
  N=4 real_musique_hop_00004_3hop1__103881_443779_52195 seed=0 arm=react: per_fault={'hop0': False, 'hop1': True, 'hop2': True, 'concise': True} all_resolved=False n_resolved=3/4 tokens=(3561,1519)
  N=4 real_musique_hop_00004_3hop1__103881_443779_52195 seed=0 arm=selfcheckgpt: per_fault={'hop0': True, 'hop1': True, 'hop2': True, 'concise': True} all_resolved=True n_resolved=4/4 tokens=(12038,471)
  N=4 real_musique_hop_00004_3hop1__103881_443779_52195 seed=0 arm=reflexion: per_fault={'hop0': True, 'hop1': True, 'hop2': True, 'concise': False} all_resolved=False n_resolved=3/4 tokens=(1754,301)
  N=4 real_musique_hop_00004_3hop1__103881_443779_52195 seed=0 arm=intro_specter: per_fault={'hop0': True, 'hop1': True, 'hop2': True, 'concise': False} all_resolved=False n_resolved=3/4 tokens=(4024,693)
  N=4 real_musique_hop_00004_3hop1__103881_443779_52195 seed=1 arm=direct: per_fault={'hop0': True, 'hop1': True, 'hop2': True, 'concise': False} all_resolved=False n_resolved=3/4 tokens=(1754,301)
  N=4 real_musique_hop_00004_3hop1__103881_443779_52195 seed=1 arm=self_refine: per_fault={'hop0': True, 'hop1': True, 'hop2': True, 'concise': True} all_resolved=True n_resolved=4/4 tokens=(3870,753)
  N=4 real_musique_hop_00004_3hop1__103881_443779_52195 seed=1 arm=full_regen: per_fault={'hop0': False, 'hop1': False, 'hop2': True, 'concise': False} all_resolved=False n_resolved=1/4 tokens=(3488,690)
  N=4 real_musique_hop_00004_3hop1__103881_443779_52195 seed=1 arm=react: per_fault={'hop0': False, 'hop1': True, 'hop2': True, 'concise': True} all_resolved=False n_resolved=3/4 tokens=(3561,1519)
  N=4 real_musique_hop_00004_3hop1__103881_443779_52195 seed=1 arm=selfcheckgpt: per_fault={'hop0': True, 'hop1': True, 'hop2': True, 'concise': False} all_resolved=False n_resolved=3/4 tokens=(10466,540)
  N=4 real_musique_hop_00004_3hop1__103881_443779_52195 seed=1 arm=reflexion: per_fault={'hop0': True, 'hop1': True, 'hop2': True, 'concise': False} all_resolved=False n_resolved=3/4 tokens=(1754,301)
  N=4 real_musique_hop_00004_3hop1__103881_443779_52195 seed=1 arm=intro_specter: per_fault={'hop0': True, 'hop1': True, 'hop2': True, 'concise': False} all_resolved=False n_resolved=3/4 tokens=(4024,693)
  N=4 real_musique_hop_00004_3hop1__103881_443779_52195 seed=2 arm=direct: per_fault={'hop0': True, 'hop1': True, 'hop2': True, 'concise': False} all_resolved=False n_resolved=3/4 tokens=(1754,500)
  N=4 real_musique_hop_00004_3hop1__103881_443779_52195 seed=2 arm=self_refine: per_fault={'hop0': True, 'hop1': True, 'hop2': True, 'concise': False} all_resolved=False n_resolved=3/4 tokens=(4153,1323)
  N=4 real_musique_hop_00004_3hop1__103881_443779_52195 seed=2 arm=full_regen: per_fault={'hop0': False, 'hop1': False, 'hop2': True, 'concise': False} all_resolved=False n_resolved=1/4 tokens=(3488,645)
  N=4 real_musique_hop_00004_3hop1__103881_443779_52195 seed=2 arm=react: per_fault={'hop0': False, 'hop1': False, 'hop2': True, 'concise': False} all_resolved=False n_resolved=1/4 tokens=(3541,1001)
  N=4 real_musique_hop_00004_3hop1__103881_443779_52195 seed=2 arm=selfcheckgpt: per_fault={'hop0': True, 'hop1': True, 'hop2': True, 'concise': False} all_resolved=False n_resolved=3/4 tokens=(10379,875)
  N=4 real_musique_hop_00004_3hop1__103881_443779_52195 seed=2 arm=reflexion: per_fault={'hop0': True, 'hop1': True, 'hop2': True, 'concise': False} all_resolved=False n_resolved=3/4 tokens=(1754,500)
  N=4 real_musique_hop_00004_3hop1__103881_443779_52195 seed=2 arm=intro_specter: per_fault={'hop0': True, 'hop1': True, 'hop2': True, 'concise': False} all_resolved=False n_resolved=3/4 tokens=(4307,1330)
  N=4 real_musique_hop_00005_3hop1__106094_443779_52195 seed=0 arm=direct: per_fault={'hop0': False, 'hop1': True, 'hop2': True, 'bullets': True} all_resolved=False n_resolved=3/4 tokens=(1906,501)
  N=4 real_musique_hop_00005_3hop1__106094_443779_52195 seed=0 arm=self_refine: per_fault={'hop0': True, 'hop1': True, 'hop2': True, 'bullets': True} all_resolved=True n_resolved=4/4 tokens=(4479,1363)
  N=4 real_musique_hop_00005_3hop1__106094_443779_52195 seed=0 arm=full_regen: per_fault={'hop0': False, 'hop1': False, 'hop2': True, 'bullets': True} all_resolved=False n_resolved=2/4 tokens=(3812,878)
  N=4 real_musique_hop_00005_3hop1__106094_443779_52195 seed=0 arm=react: per_fault={'hop0': True, 'hop1': True, 'hop2': True, 'bullets': True} all_resolved=True n_resolved=4/4 tokens=(3845,1474)
  N=4 real_musique_hop_00005_3hop1__106094_443779_52195 seed=0 arm=selfcheckgpt: per_fault={'hop0': False, 'hop1': True, 'hop2': True, 'bullets': True} all_resolved=False n_resolved=3/4 tokens=(11021,650)
  N=4 real_musique_hop_00005_3hop1__106094_443779_52195 seed=0 arm=reflexion: per_fault={'hop0': False, 'hop1': True, 'hop2': True, 'bullets': True} all_resolved=False n_resolved=3/4 tokens=(1906,501)
  N=4 real_musique_hop_00005_3hop1__106094_443779_52195 seed=0 arm=intro_specter: per_fault={'hop0': False, 'hop1': True, 'hop2': True, 'bullets': True} all_resolved=False n_resolved=3/4 tokens=(4633,908)
  N=4 real_musique_hop_00005_3hop1__106094_443779_52195 seed=1 arm=direct: per_fault={'hop0': False, 'hop1': True, 'hop2': True, 'bullets': True} all_resolved=False n_resolved=3/4 tokens=(1906,501)
  N=4 real_musique_hop_00005_3hop1__106094_443779_52195 seed=1 arm=self_refine: per_fault={'hop0': True, 'hop1': True, 'hop2': True, 'bullets': True} all_resolved=True n_resolved=4/4 tokens=(4479,1363)
  N=4 real_musique_hop_00005_3hop1__106094_443779_52195 seed=1 arm=full_regen: per_fault={'hop0': False, 'hop1': False, 'hop2': True, 'bullets': True} all_resolved=False n_resolved=2/4 tokens=(3792,779)
  N=4 real_musique_hop_00005_3hop1__106094_443779_52195 seed=1 arm=react: per_fault={'hop0': True, 'hop1': True, 'hop2': True, 'bullets': True} all_resolved=True n_resolved=4/4 tokens=(3845,1474)
  N=4 real_musique_hop_00005_3hop1__106094_443779_52195 seed=1 arm=selfcheckgpt: per_fault={'hop0': False, 'hop1': True, 'hop2': True, 'bullets': True} all_resolved=False n_resolved=3/4 tokens=(11087,641)
  N=4 real_musique_hop_00005_3hop1__106094_443779_52195 seed=1 arm=reflexion: per_fault={'hop0': False, 'hop1': True, 'hop2': True, 'bullets': True} all_resolved=False n_resolved=3/4 tokens=(1906,501)
  N=4 real_musique_hop_00005_3hop1__106094_443779_52195 seed=1 arm=intro_specter: per_fault={'hop0': False, 'hop1': True, 'hop2': True, 'bullets': True} all_resolved=False n_resolved=3/4 tokens=(4633,908)
  N=4 real_musique_hop_00005_3hop1__106094_443779_52195 seed=2 arm=direct: per_fault={'hop0': False, 'hop1': False, 'hop2': True, 'bullets': True} all_resolved=False n_resolved=2/4 tokens=(1906,303)
  N=4 real_musique_hop_00005_3hop1__106094_443779_52195 seed=2 arm=self_refine: per_fault={'hop0': False, 'hop1': False, 'hop2': True, 'bullets': True} all_resolved=False n_resolved=2/4 tokens=(4177,796)
  N=4 real_musique_hop_00005_3hop1__106094_443779_52195 seed=2 arm=full_regen: per_fault={'hop0': False, 'hop1': False, 'hop2': True, 'bullets': True} all_resolved=False n_resolved=2/4 tokens=(3828,676)
  N=4 real_musique_hop_00005_3hop1__106094_443779_52195 seed=2 arm=react: per_fault={'hop0': True, 'hop1': True, 'hop2': True, 'bullets': True} all_resolved=True n_resolved=4/4 tokens=(3845,1276)
  N=4 real_musique_hop_00005_3hop1__106094_443779_52195 seed=2 arm=selfcheckgpt: per_fault={'hop0': False, 'hop1': False, 'hop2': True, 'bullets': True} all_resolved=False n_resolved=2/4 tokens=(11072,474)
  N=4 real_musique_hop_00005_3hop1__106094_443779_52195 seed=2 arm=reflexion: per_fault={'hop0': False, 'hop1': False, 'hop2': True, 'bullets': True} all_resolved=False n_resolved=2/4 tokens=(1906,303)
  N=4 real_musique_hop_00005_3hop1__106094_443779_52195 seed=2 arm=intro_specter: per_fault={'hop0': False, 'hop1': False, 'hop2': True, 'bullets': True} all_resolved=False n_resolved=2/4 tokens=(4331,801)
  N=4 real_musique_hop_00007_3hop1__144678_443779_52195 seed=0 arm=direct: per_fault={'hop0': False, 'hop1': False, 'hop2': True, 'concise': True} all_resolved=False n_resolved=2/4 tokens=(1785,333)
  N=4 real_musique_hop_00007_3hop1__144678_443779_52195 seed=0 arm=self_refine: per_fault={'hop0': False, 'hop1': False, 'hop2': True, 'concise': True} all_resolved=False n_resolved=2/4 tokens=(3985,946)
  N=4 real_musique_hop_00007_3hop1__144678_443779_52195 seed=0 arm=full_regen: per_fault={'hop0': False, 'hop1': False, 'hop2': True, 'concise': True} all_resolved=False n_resolved=2/4 tokens=(3570,459)
  N=4 real_musique_hop_00007_3hop1__144678_443779_52195 seed=0 arm=react: per_fault={'hop0': False, 'hop1': False, 'hop2': True, 'concise': True} all_resolved=False n_resolved=2/4 tokens=(3623,1280)
  N=4 real_musique_hop_00007_3hop1__144678_443779_52195 seed=0 arm=selfcheckgpt: per_fault={'hop0': False, 'hop1': False, 'hop2': True, 'concise': True} all_resolved=False n_resolved=2/4 tokens=(12354,702)
  N=4 real_musique_hop_00007_3hop1__144678_443779_52195 seed=0 arm=reflexion: per_fault={'hop0': False, 'hop1': False, 'hop2': True, 'concise': True} all_resolved=False n_resolved=2/4 tokens=(1785,333)
  N=4 real_musique_hop_00007_3hop1__144678_443779_52195 seed=0 arm=intro_specter: per_fault={'hop0': False, 'hop1': False, 'hop2': True, 'concise': True} all_resolved=False n_resolved=2/4 tokens=(4139,823)
  N=4 real_musique_hop_00007_3hop1__144678_443779_52195 seed=1 arm=direct: per_fault={'hop0': False, 'hop1': False, 'hop2': True, 'concise': True} all_resolved=False n_resolved=2/4 tokens=(1785,333)
  N=4 real_musique_hop_00007_3hop1__144678_443779_52195 seed=1 arm=self_refine: per_fault={'hop0': False, 'hop1': False, 'hop2': True, 'concise': True} all_resolved=False n_resolved=2/4 tokens=(3985,946)
  N=4 real_musique_hop_00007_3hop1__144678_443779_52195 seed=1 arm=full_regen: per_fault={'hop0': True, 'hop1': True, 'hop2': True, 'concise': True} all_resolved=True n_resolved=4/4 tokens=(3590,834)
  N=4 real_musique_hop_00007_3hop1__144678_443779_52195 seed=1 arm=react: per_fault={'hop0': False, 'hop1': False, 'hop2': True, 'concise': True} all_resolved=False n_resolved=2/4 tokens=(3623,1280)
  N=4 real_musique_hop_00007_3hop1__144678_443779_52195 seed=1 arm=selfcheckgpt: per_fault={'hop0': False, 'hop1': False, 'hop2': True, 'concise': True} all_resolved=False n_resolved=2/4 tokens=(12242,625)
  N=4 real_musique_hop_00007_3hop1__144678_443779_52195 seed=1 arm=reflexion: per_fault={'hop0': False, 'hop1': False, 'hop2': True, 'concise': True} all_resolved=False n_resolved=2/4 tokens=(1785,333)
  N=4 real_musique_hop_00007_3hop1__144678_443779_52195 seed=1 arm=intro_specter: per_fault={'hop0': False, 'hop1': False, 'hop2': True, 'concise': True} all_resolved=False n_resolved=2/4 tokens=(4139,823)
  N=4 real_musique_hop_00007_3hop1__144678_443779_52195 seed=2 arm=direct: per_fault={'hop0': False, 'hop1': False, 'hop2': True, 'concise': True} all_resolved=False n_resolved=2/4 tokens=(1785,577)
  N=4 real_musique_hop_00007_3hop1__144678_443779_52195 seed=2 arm=self_refine: per_fault={'hop0': False, 'hop1': False, 'hop2': True, 'concise': True} all_resolved=False n_resolved=2/4 tokens=(4333,1469)
  N=4 real_musique_hop_00007_3hop1__144678_443779_52195 seed=2 arm=full_regen: per_fault={'hop0': False, 'hop1': False, 'hop2': True, 'concise': True} all_resolved=False n_resolved=2/4 tokens=(3570,994)
  N=4 real_musique_hop_00007_3hop1__144678_443779_52195 seed=2 arm=react: per_fault={'hop0': True, 'hop1': True, 'hop2': True, 'concise': True} all_resolved=True n_resolved=4/4 tokens=(3624,1461)
  N=4 real_musique_hop_00007_3hop1__144678_443779_52195 seed=2 arm=selfcheckgpt: per_fault={'hop0': True, 'hop1': False, 'hop2': True, 'concise': True} all_resolved=False n_resolved=3/4 tokens=(12304,915)
  N=4 real_musique_hop_00007_3hop1__144678_443779_52195 seed=2 arm=reflexion: per_fault={'hop0': False, 'hop1': False, 'hop2': True, 'concise': True} all_resolved=False n_resolved=2/4 tokens=(1785,577)
  N=4 real_musique_hop_00007_3hop1__144678_443779_52195 seed=2 arm=intro_specter: per_fault={'hop0': False, 'hop1': False, 'hop2': True, 'concise': True} all_resolved=False n_resolved=2/4 tokens=(4487,957)
  N=4 real_musique_hop_00008_3hop1__103662_443779_52195 seed=0 arm=direct: per_fault={'hop0': False, 'hop1': False, 'hop2': True, 'bullets': True} all_resolved=False n_resolved=2/4 tokens=(1971,363)
  N=4 real_musique_hop_00008_3hop1__103662_443779_52195 seed=0 arm=self_refine: per_fault={'hop0': False, 'hop1': False, 'hop2': True, 'bullets': True} all_resolved=False n_resolved=2/4 tokens=(4407,1056)
  N=4 real_musique_hop_00008_3hop1__103662_443779_52195 seed=0 arm=full_regen: per_fault={'hop0': False, 'hop1': False, 'hop2': True, 'bullets': True} all_resolved=False n_resolved=2/4 tokens=(3942,769)
  N=4 real_musique_hop_00008_3hop1__103662_443779_52195 seed=0 arm=react: per_fault={'hop0': False, 'hop1': True, 'hop2': True, 'bullets': True} all_resolved=False n_resolved=3/4 tokens=(4015,1431)
  N=4 real_musique_hop_00008_3hop1__103662_443779_52195 seed=0 arm=selfcheckgpt: per_fault={'hop0': False, 'hop1': False, 'hop2': True, 'bullets': True} all_resolved=False n_resolved=2/4 tokens=(11598,500)
  N=4 real_musique_hop_00008_3hop1__103662_443779_52195 seed=0 arm=reflexion: per_fault={'hop0': False, 'hop1': False, 'hop2': True, 'bullets': True} all_resolved=False n_resolved=2/4 tokens=(1971,363)
  N=4 real_musique_hop_00008_3hop1__103662_443779_52195 seed=0 arm=intro_specter: per_fault={'hop0': False, 'hop1': False, 'hop2': True, 'bullets': True} all_resolved=False n_resolved=2/4 tokens=(4561,895)
  N=4 real_musique_hop_00008_3hop1__103662_443779_52195 seed=1 arm=direct: per_fault={'hop0': False, 'hop1': False, 'hop2': True, 'bullets': True} all_resolved=False n_resolved=2/4 tokens=(1971,363)
  N=4 real_musique_hop_00008_3hop1__103662_443779_52195 seed=1 arm=self_refine: per_fault={'hop0': False, 'hop1': False, 'hop2': True, 'bullets': True} all_resolved=False n_resolved=2/4 tokens=(4407,1056)
  N=4 real_musique_hop_00008_3hop1__103662_443779_52195 seed=1 arm=full_regen: per_fault={'hop0': True, 'hop1': True, 'hop2': True, 'bullets': True} all_resolved=True n_resolved=4/4 tokens=(3962,786)
  N=4 real_musique_hop_00008_3hop1__103662_443779_52195 seed=1 arm=react: per_fault={'hop0': False, 'hop1': True, 'hop2': True, 'bullets': True} all_resolved=False n_resolved=3/4 tokens=(4015,1431)
  N=4 real_musique_hop_00008_3hop1__103662_443779_52195 seed=1 arm=selfcheckgpt: per_fault={'hop0': False, 'hop1': False, 'hop2': True, 'bullets': True} all_resolved=False n_resolved=2/4 tokens=(11581,572)
  N=4 real_musique_hop_00008_3hop1__103662_443779_52195 seed=1 arm=reflexion: per_fault={'hop0': False, 'hop1': False, 'hop2': True, 'bullets': True} all_resolved=False n_resolved=2/4 tokens=(1971,363)
  N=4 real_musique_hop_00008_3hop1__103662_443779_52195 seed=1 arm=intro_specter: per_fault={'hop0': False, 'hop1': False, 'hop2': True, 'bullets': True} all_resolved=False n_resolved=2/4 tokens=(4561,895)
  N=4 real_musique_hop_00008_3hop1__103662_443779_52195 seed=2 arm=direct: per_fault={'hop0': True, 'hop1': True, 'hop2': True, 'bullets': True} all_resolved=True n_resolved=4/4 tokens=(1991,551)
  N=4 real_musique_hop_00008_3hop1__103662_443779_52195 seed=2 arm=self_refine: per_fault={'hop0': True, 'hop1': True, 'hop2': True, 'bullets': True} all_resolved=True n_resolved=4/4 tokens=(4636,1372)
  N=4 real_musique_hop_00008_3hop1__103662_443779_52195 seed=2 arm=full_regen: per_fault={'hop0': True, 'hop1': True, 'hop2': True, 'bullets': True} all_resolved=True n_resolved=4/4 tokens=(3982,1003)
  N=4 real_musique_hop_00008_3hop1__103662_443779_52195 seed=2 arm=react: per_fault={'hop0': False, 'hop1': False, 'hop2': True, 'bullets': True} all_resolved=False n_resolved=2/4 tokens=(4015,1170)
  N=4 real_musique_hop_00008_3hop1__103662_443779_52195 seed=2 arm=selfcheckgpt: per_fault={'hop0': True, 'hop1': True, 'hop2': True, 'bullets': True} all_resolved=True n_resolved=4/4 tokens=(11555,709)
  N=4 real_musique_hop_00008_3hop1__103662_443779_52195 seed=2 arm=reflexion: per_fault={'hop0': True, 'hop1': True, 'hop2': True, 'bullets': True} all_resolved=True n_resolved=4/4 tokens=(1991,551)
  N=4 real_musique_hop_00008_3hop1__103662_443779_52195 seed=2 arm=intro_specter: per_fault={'hop0': True, 'hop1': True, 'hop2': True, 'bullets': True} all_resolved=True n_resolved=4/4 tokens=(4826,850)
  N=4 real_musique_hop_00009_3hop1__144439_443779_52195 seed=0 arm=direct: per_fault={'hop0': False, 'hop1': False, 'hop2': True, 'bullets': True} all_resolved=False n_resolved=2/4 tokens=(1825,124)
  N=4 real_musique_hop_00009_3hop1__144439_443779_52195 seed=0 arm=self_refine: per_fault={'hop0': False, 'hop1': True, 'hop2': True, 'bullets': True} all_resolved=False n_resolved=3/4 tokens=(3737,298)
  N=4 real_musique_hop_00009_3hop1__144439_443779_52195 seed=0 arm=full_regen: per_fault={'hop0': False, 'hop1': False, 'hop2': True, 'bullets': True} all_resolved=False n_resolved=2/4 tokens=(3614,388)
  N=4 real_musique_hop_00009_3hop1__144439_443779_52195 seed=0 arm=react: per_fault={'hop0': True, 'hop1': False, 'hop2': True, 'bullets': True} all_resolved=False n_resolved=3/4 tokens=(3687,1076)
  N=4 real_musique_hop_00009_3hop1__144439_443779_52195 seed=0 arm=selfcheckgpt: per_fault={'hop0': False, 'hop1': False, 'hop2': True, 'bullets': True} all_resolved=False n_resolved=2/4 tokens=(10494,252)
  N=4 real_musique_hop_00009_3hop1__144439_443779_52195 seed=0 arm=reflexion: per_fault={'hop0': False, 'hop1': False, 'hop2': True, 'bullets': True} all_resolved=False n_resolved=2/4 tokens=(1825,124)
  N=4 real_musique_hop_00009_3hop1__144439_443779_52195 seed=0 arm=intro_specter: per_fault={'hop0': False, 'hop1': False, 'hop2': True, 'bullets': True} all_resolved=False n_resolved=2/4 tokens=(3891,560)
  N=4 real_musique_hop_00009_3hop1__144439_443779_52195 seed=1 arm=direct: per_fault={'hop0': False, 'hop1': False, 'hop2': True, 'bullets': True} all_resolved=False n_resolved=2/4 tokens=(1825,124)
  N=4 real_musique_hop_00009_3hop1__144439_443779_52195 seed=1 arm=self_refine: per_fault={'hop0': False, 'hop1': True, 'hop2': True, 'bullets': True} all_resolved=False n_resolved=3/4 tokens=(3737,298)
  N=4 real_musique_hop_00009_3hop1__144439_443779_52195 seed=1 arm=full_regen: per_fault={'hop0': False, 'hop1': False, 'hop2': True, 'bullets': True} all_resolved=False n_resolved=2/4 tokens=(3614,460)
  N=4 real_musique_hop_00009_3hop1__144439_443779_52195 seed=1 arm=react: per_fault={'hop0': True, 'hop1': False, 'hop2': True, 'bullets': True} all_resolved=False n_resolved=3/4 tokens=(3687,1076)
  N=4 real_musique_hop_00009_3hop1__144439_443779_52195 seed=1 arm=selfcheckgpt: per_fault={'hop0': False, 'hop1': False, 'hop2': True, 'bullets': True} all_resolved=False n_resolved=2/4 tokens=(10546,310)
  N=4 real_musique_hop_00009_3hop1__144439_443779_52195 seed=1 arm=reflexion: per_fault={'hop0': False, 'hop1': False, 'hop2': True, 'bullets': True} all_resolved=False n_resolved=2/4 tokens=(1825,124)
  N=4 real_musique_hop_00009_3hop1__144439_443779_52195 seed=1 arm=intro_specter: per_fault={'hop0': False, 'hop1': False, 'hop2': True, 'bullets': True} all_resolved=False n_resolved=2/4 tokens=(3891,560)
  N=4 real_musique_hop_00009_3hop1__144439_443779_52195 seed=2 arm=direct: per_fault={'hop0': False, 'hop1': False, 'hop2': True, 'bullets': True} all_resolved=False n_resolved=2/4 tokens=(1809,129)
  N=4 real_musique_hop_00009_3hop1__144439_443779_52195 seed=2 arm=self_refine: per_fault={'hop0': False, 'hop1': False, 'hop2': True, 'bullets': True} all_resolved=False n_resolved=2/4 tokens=(3745,339)
  N=4 real_musique_hop_00009_3hop1__144439_443779_52195 seed=2 arm=full_regen: per_fault={'hop0': False, 'hop1': False, 'hop2': True, 'bullets': True} all_resolved=False n_resolved=2/4 tokens=(3598,399)
  N=4 real_musique_hop_00009_3hop1__144439_443779_52195 seed=2 arm=react: per_fault={'hop0': False, 'hop1': False, 'hop2': True, 'bullets': True} all_resolved=False n_resolved=2/4 tokens=(3651,522)
  N=4 real_musique_hop_00009_3hop1__144439_443779_52195 seed=2 arm=selfcheckgpt: per_fault={'hop0': False, 'hop1': False, 'hop2': True, 'bullets': True} all_resolved=False n_resolved=2/4 tokens=(10606,364)
  N=4 real_musique_hop_00009_3hop1__144439_443779_52195 seed=2 arm=reflexion: per_fault={'hop0': False, 'hop1': False, 'hop2': True, 'bullets': True} all_resolved=False n_resolved=2/4 tokens=(1809,129)
  N=4 real_musique_hop_00009_3hop1__144439_443779_52195 seed=2 arm=intro_specter: per_fault={'hop0': False, 'hop1': False, 'hop2': True, 'bullets': True} all_resolved=False n_resolved=2/4 tokens=(3899,355)
  N=4 real_musique_hop_00010_3hop1__103440_443779_52195 seed=0 arm=direct: per_fault={'hop0': False, 'hop1': False, 'hop2': True, 'concise': True} all_resolved=False n_resolved=2/4 tokens=(1661,267)
  N=4 real_musique_hop_00010_3hop1__103440_443779_52195 seed=0 arm=self_refine: per_fault={'hop0': True, 'hop1': False, 'hop2': True, 'concise': False} all_resolved=False n_resolved=2/4 tokens=(3691,790)
  N=4 real_musique_hop_00010_3hop1__103440_443779_52195 seed=0 arm=full_regen: per_fault={'hop0': False, 'hop1': False, 'hop2': True, 'concise': True} all_resolved=False n_resolved=2/4 tokens=(3322,624)
  N=4 real_musique_hop_00010_3hop1__103440_443779_52195 seed=0 arm=react: per_fault={'hop0': True, 'hop1': True, 'hop2': True, 'concise': True} all_resolved=True n_resolved=4/4 tokens=(3395,1148)
  N=4 real_musique_hop_00010_3hop1__103440_443779_52195 seed=0 arm=selfcheckgpt: per_fault={'hop0': False, 'hop1': False, 'hop2': True, 'concise': True} all_resolved=False n_resolved=2/4 tokens=(11362,478)
  N=4 real_musique_hop_00010_3hop1__103440_443779_52195 seed=0 arm=reflexion: per_fault={'hop0': False, 'hop1': False, 'hop2': True, 'concise': True} all_resolved=False n_resolved=2/4 tokens=(1661,267)
  N=4 real_musique_hop_00010_3hop1__103440_443779_52195 seed=0 arm=intro_specter: per_fault={'hop0': False, 'hop1': False, 'hop2': True, 'concise': True} all_resolved=False n_resolved=2/4 tokens=(3825,765)
  N=4 real_musique_hop_00010_3hop1__103440_443779_52195 seed=1 arm=direct: per_fault={'hop0': False, 'hop1': False, 'hop2': True, 'concise': True} all_resolved=False n_resolved=2/4 tokens=(1661,267)
  N=4 real_musique_hop_00010_3hop1__103440_443779_52195 seed=1 arm=self_refine: per_fault={'hop0': True, 'hop1': False, 'hop2': True, 'concise': False} all_resolved=False n_resolved=2/4 tokens=(3691,790)
  N=4 real_musique_hop_00010_3hop1__103440_443779_52195 seed=1 arm=full_regen: per_fault={'hop0': True, 'hop1': True, 'hop2': True, 'concise': True} all_resolved=True n_resolved=4/4 tokens=(3342,1228)
  N=4 real_musique_hop_00010_3hop1__103440_443779_52195 seed=1 arm=react: per_fault={'hop0': True, 'hop1': True, 'hop2': True, 'concise': True} all_resolved=True n_resolved=4/4 tokens=(3395,1148)
  N=4 real_musique_hop_00010_3hop1__103440_443779_52195 seed=1 arm=selfcheckgpt: per_fault={'hop0': False, 'hop1': False, 'hop2': True, 'concise': True} all_resolved=False n_resolved=2/4 tokens=(9656,388)
  N=4 real_musique_hop_00010_3hop1__103440_443779_52195 seed=1 arm=reflexion: per_fault={'hop0': False, 'hop1': False, 'hop2': True, 'concise': True} all_resolved=False n_resolved=2/4 tokens=(1661,267)
  N=4 real_musique_hop_00010_3hop1__103440_443779_52195 seed=1 arm=intro_specter: per_fault={'hop0': False, 'hop1': False, 'hop2': True, 'concise': True} all_resolved=False n_resolved=2/4 tokens=(3825,765)
  N=4 real_musique_hop_00010_3hop1__103440_443779_52195 seed=2 arm=direct: per_fault={'hop0': False, 'hop1': False, 'hop2': True, 'concise': True} all_resolved=False n_resolved=2/4 tokens=(1661,265)
  N=4 real_musique_hop_00010_3hop1__103440_443779_52195 seed=2 arm=self_refine: per_fault={'hop0': True, 'hop1': False, 'hop2': True, 'concise': True} all_resolved=False n_resolved=3/4 tokens=(3689,766)
  N=4 real_musique_hop_00010_3hop1__103440_443779_52195 seed=2 arm=full_regen: per_fault={'hop0': True, 'hop1': True, 'hop2': True, 'concise': True} all_resolved=True n_resolved=4/4 tokens=(3342,907)
  N=4 real_musique_hop_00010_3hop1__103440_443779_52195 seed=2 arm=react: per_fault={'hop0': False, 'hop1': True, 'hop2': True, 'concise': True} all_resolved=False n_resolved=3/4 tokens=(3375,592)
  N=4 real_musique_hop_00010_3hop1__103440_443779_52195 seed=2 arm=selfcheckgpt: per_fault={'hop0': False, 'hop1': False, 'hop2': True, 'concise': True} all_resolved=False n_resolved=2/4 tokens=(9813,511)
  N=4 real_musique_hop_00010_3hop1__103440_443779_52195 seed=2 arm=reflexion: per_fault={'hop0': False, 'hop1': False, 'hop2': True, 'concise': True} all_resolved=False n_resolved=2/4 tokens=(1661,265)
  N=4 real_musique_hop_00010_3hop1__103440_443779_52195 seed=2 arm=intro_specter: per_fault={'hop0': False, 'hop1': False, 'hop2': True, 'concise': True} all_resolved=False n_resolved=2/4 tokens=(3823,830)
  N=4 real_musique_hop_00011_3hop1__145411_443779_52195 seed=0 arm=direct: per_fault={'hop0': False, 'hop1': False, 'hop2': True, 'bullets': True} all_resolved=False n_resolved=2/4 tokens=(1731,346)
  N=4 real_musique_hop_00011_3hop1__145411_443779_52195 seed=0 arm=self_refine: per_fault={'hop0': False, 'hop1': False, 'hop2': True, 'bullets': True} all_resolved=False n_resolved=2/4 tokens=(3926,902)
  N=4 real_musique_hop_00011_3hop1__145411_443779_52195 seed=0 arm=full_regen: per_fault={'hop0': False, 'hop1': False, 'hop2': True, 'bullets': True} all_resolved=False n_resolved=2/4 tokens=(3482,720)
  N=4 real_musique_hop_00011_3hop1__145411_443779_52195 seed=0 arm=react: per_fault={'hop0': True, 'hop1': True, 'hop2': True, 'bullets': True} all_resolved=True n_resolved=4/4 tokens=(3535,1390)
  N=4 real_musique_hop_00011_3hop1__145411_443779_52195 seed=0 arm=selfcheckgpt: per_fault={'hop0': False, 'hop1': False, 'hop2': True, 'bullets': True} all_resolved=False n_resolved=2/4 tokens=(10224,569)
  N=4 real_musique_hop_00011_3hop1__145411_443779_52195 seed=0 arm=reflexion: per_fault={'hop0': False, 'hop1': False, 'hop2': True, 'bullets': True} all_resolved=False n_resolved=2/4 tokens=(1731,346)
  N=4 real_musique_hop_00011_3hop1__145411_443779_52195 seed=0 arm=intro_specter: per_fault={'hop0': False, 'hop1': False, 'hop2': True, 'bullets': True} all_resolved=False n_resolved=2/4 tokens=(4044,860)
  N=4 real_musique_hop_00011_3hop1__145411_443779_52195 seed=1 arm=direct: per_fault={'hop0': False, 'hop1': False, 'hop2': True, 'bullets': True} all_resolved=False n_resolved=2/4 tokens=(1731,346)
  N=4 real_musique_hop_00011_3hop1__145411_443779_52195 seed=1 arm=self_refine: per_fault={'hop0': False, 'hop1': False, 'hop2': True, 'bullets': True} all_resolved=False n_resolved=2/4 tokens=(3926,902)
  N=4 real_musique_hop_00011_3hop1__145411_443779_52195 seed=1 arm=full_regen: per_fault={'hop0': True, 'hop1': False, 'hop2': True, 'bullets': True} all_resolved=False n_resolved=3/4 tokens=(3462,1751)
  N=4 real_musique_hop_00011_3hop1__145411_443779_52195 seed=1 arm=react: per_fault={'hop0': True, 'hop1': True, 'hop2': True, 'bullets': True} all_resolved=True n_resolved=4/4 tokens=(3535,1390)
  N=4 real_musique_hop_00011_3hop1__145411_443779_52195 seed=1 arm=selfcheckgpt: per_fault={'hop0': False, 'hop1': False, 'hop2': True, 'bullets': True} all_resolved=False n_resolved=2/4 tokens=(11900,686)
  N=4 real_musique_hop_00011_3hop1__145411_443779_52195 seed=1 arm=reflexion: per_fault={'hop0': False, 'hop1': False, 'hop2': True, 'bullets': True} all_resolved=False n_resolved=2/4 tokens=(1731,346)
  N=4 real_musique_hop_00011_3hop1__145411_443779_52195 seed=1 arm=intro_specter: per_fault={'hop0': False, 'hop1': False, 'hop2': True, 'bullets': True} all_resolved=False n_resolved=2/4 tokens=(4044,860)
  N=4 real_musique_hop_00011_3hop1__145411_443779_52195 seed=2 arm=direct: per_fault={'hop0': False, 'hop1': False, 'hop2': True, 'bullets': True} all_resolved=False n_resolved=2/4 tokens=(1751,331)
  N=4 real_musique_hop_00011_3hop1__145411_443779_52195 seed=2 arm=self_refine: per_fault={'hop0': False, 'hop1': False, 'hop2': True, 'bullets': True} all_resolved=False n_resolved=2/4 tokens=(3895,915)
  N=4 real_musique_hop_00011_3hop1__145411_443779_52195 seed=2 arm=full_regen: per_fault={'hop0': True, 'hop1': True, 'hop2': True, 'bullets': True} all_resolved=True n_resolved=4/4 tokens=(3502,888)
  N=4 real_musique_hop_00011_3hop1__145411_443779_52195 seed=2 arm=react: per_fault={'hop0': True, 'hop1': True, 'hop2': True, 'bullets': True} all_resolved=True n_resolved=4/4 tokens=(3555,1239)
  N=4 real_musique_hop_00011_3hop1__145411_443779_52195 seed=2 arm=selfcheckgpt: per_fault={'hop0': False, 'hop1': False, 'hop2': True, 'bullets': True} all_resolved=False n_resolved=2/4 tokens=(10193,541)
  N=4 real_musique_hop_00011_3hop1__145411_443779_52195 seed=2 arm=reflexion: per_fault={'hop0': False, 'hop1': False, 'hop2': True, 'bullets': True} all_resolved=False n_resolved=2/4 tokens=(1751,331)
  N=4 real_musique_hop_00011_3hop1__145411_443779_52195 seed=2 arm=intro_specter: per_fault={'hop0': False, 'hop1': False, 'hop2': True, 'bullets': True} all_resolved=False n_resolved=2/4 tokens=(4069,761)
  N=4 real_musique_hop_00012_3hop1__106313_443779_52195 seed=0 arm=direct: per_fault={'hop0': False, 'hop1': False, 'hop2': True, 'concise': True} all_resolved=False n_resolved=2/4 tokens=(1931,386)
  N=4 real_musique_hop_00012_3hop1__106313_443779_52195 seed=0 arm=self_refine: per_fault={'hop0': False, 'hop1': False, 'hop2': True, 'concise': True} all_resolved=False n_resolved=2/4 tokens=(4330,1009)
  N=4 real_musique_hop_00012_3hop1__106313_443779_52195 seed=0 arm=full_regen: per_fault={'hop0': True, 'hop1': True, 'hop2': True, 'concise': True} all_resolved=True n_resolved=4/4 tokens=(3862,995)
  N=4 real_musique_hop_00012_3hop1__106313_443779_52195 seed=0 arm=react: per_fault={'hop0': True, 'hop1': True, 'hop2': True, 'concise': True} all_resolved=True n_resolved=4/4 tokens=(3951,1332)
  N=4 real_musique_hop_00012_3hop1__106313_443779_52195 seed=0 arm=selfcheckgpt: per_fault={'hop0': False, 'hop1': False, 'hop2': True, 'concise': True} all_resolved=False n_resolved=2/4 tokens=(13360,777)
  N=4 real_musique_hop_00012_3hop1__106313_443779_52195 seed=0 arm=reflexion: per_fault={'hop0': False, 'hop1': False, 'hop2': True, 'concise': True} all_resolved=False n_resolved=2/4 tokens=(1931,386)
  N=4 real_musique_hop_00012_3hop1__106313_443779_52195 seed=0 arm=intro_specter: per_fault={'hop0': False, 'hop1': False, 'hop2': True, 'concise': True} all_resolved=False n_resolved=2/4 tokens=(4520,811)
  N=4 real_musique_hop_00012_3hop1__106313_443779_52195 seed=1 arm=direct: per_fault={'hop0': False, 'hop1': False, 'hop2': True, 'concise': True} all_resolved=False n_resolved=2/4 tokens=(1931,386)
  N=4 real_musique_hop_00012_3hop1__106313_443779_52195 seed=1 arm=self_refine: per_fault={'hop0': False, 'hop1': False, 'hop2': True, 'concise': True} all_resolved=False n_resolved=2/4 tokens=(4330,1009)
  N=4 real_musique_hop_00012_3hop1__106313_443779_52195 seed=1 arm=full_regen: per_fault={'hop0': False, 'hop1': True, 'hop2': True, 'concise': True} all_resolved=False n_resolved=3/4 tokens=(3882,1228)
  N=4 real_musique_hop_00012_3hop1__106313_443779_52195 seed=1 arm=react: per_fault={'hop0': True, 'hop1': True, 'hop2': True, 'concise': True} all_resolved=True n_resolved=4/4 tokens=(3951,1332)
  N=4 real_musique_hop_00012_3hop1__106313_443779_52195 seed=1 arm=selfcheckgpt: per_fault={'hop0': True, 'hop1': True, 'hop2': True, 'concise': True} all_resolved=True n_resolved=4/4 tokens=(13381,825)
  N=4 real_musique_hop_00012_3hop1__106313_443779_52195 seed=1 arm=reflexion: per_fault={'hop0': False, 'hop1': False, 'hop2': True, 'concise': True} all_resolved=False n_resolved=2/4 tokens=(1931,386)
  N=4 real_musique_hop_00012_3hop1__106313_443779_52195 seed=1 arm=intro_specter: per_fault={'hop0': False, 'hop1': False, 'hop2': True, 'concise': True} all_resolved=False n_resolved=2/4 tokens=(4520,811)
  N=4 real_musique_hop_00012_3hop1__106313_443779_52195 seed=2 arm=direct: per_fault={'hop0': False, 'hop1': False, 'hop2': True, 'concise': True} all_resolved=False n_resolved=2/4 tokens=(1931,386)
  N=4 real_musique_hop_00012_3hop1__106313_443779_52195 seed=2 arm=self_refine: per_fault={'hop0': False, 'hop1': False, 'hop2': True, 'concise': True} all_resolved=False n_resolved=2/4 tokens=(4350,1019)
  N=4 real_musique_hop_00012_3hop1__106313_443779_52195 seed=2 arm=full_regen: per_fault={'hop0': True, 'hop1': True, 'hop2': True, 'concise': True} all_resolved=True n_resolved=4/4 tokens=(3862,772)
  N=4 real_musique_hop_00012_3hop1__106313_443779_52195 seed=2 arm=react: per_fault={'hop0': False, 'hop1': False, 'hop2': True, 'concise': True} all_resolved=False n_resolved=2/4 tokens=(3915,842)
  N=4 real_musique_hop_00012_3hop1__106313_443779_52195 seed=2 arm=selfcheckgpt: per_fault={'hop0': False, 'hop1': False, 'hop2': True, 'concise': True} all_resolved=False n_resolved=2/4 tokens=(11450,605)
  N=4 real_musique_hop_00012_3hop1__106313_443779_52195 seed=2 arm=reflexion: per_fault={'hop0': False, 'hop1': False, 'hop2': True, 'concise': True} all_resolved=False n_resolved=2/4 tokens=(1931,386)
  N=4 real_musique_hop_00012_3hop1__106313_443779_52195 seed=2 arm=intro_specter: per_fault={'hop0': False, 'hop1': False, 'hop2': True, 'concise': True} all_resolved=False n_resolved=2/4 tokens=(4520,811)
  N=4 real_musique_hop_00013_3hop1__654651_55349_651302 seed=0 arm=direct: per_fault={'hop0': False, 'hop1': False, 'hop2': True, 'concise': False} all_resolved=False n_resolved=1/4 tokens=(1870,322)
  N=4 real_musique_hop_00013_3hop1__654651_55349_651302 seed=0 arm=self_refine: per_fault={'hop0': False, 'hop1': False, 'hop2': True, 'concise': False} all_resolved=False n_resolved=1/4 tokens=(4144,899)
  N=4 real_musique_hop_00013_3hop1__654651_55349_651302 seed=0 arm=full_regen: per_fault={'hop0': True, 'hop1': True, 'hop2': False, 'concise': False} all_resolved=False n_resolved=2/4 tokens=(3760,688)
  N=4 real_musique_hop_00013_3hop1__654651_55349_651302 seed=0 arm=react: per_fault={'hop0': True, 'hop1': True, 'hop2': False, 'concise': True} all_resolved=False n_resolved=3/4 tokens=(3793,745)
  N=4 real_musique_hop_00013_3hop1__654651_55349_651302 seed=0 arm=selfcheckgpt: per_fault={'hop0': False, 'hop1': False, 'hop2': True, 'concise': False} all_resolved=False n_resolved=1/4 tokens=(10933,441)
  N=4 real_musique_hop_00013_3hop1__654651_55349_651302 seed=0 arm=reflexion: per_fault={'hop0': False, 'hop1': False, 'hop2': True, 'concise': False} all_resolved=False n_resolved=1/4 tokens=(1870,322)
  N=4 real_musique_hop_00013_3hop1__654651_55349_651302 seed=0 arm=intro_specter: per_fault={'hop0': False, 'hop1': False, 'hop2': True, 'concise': False} all_resolved=False n_resolved=1/4 tokens=(4298,800)
  N=4 real_musique_hop_00013_3hop1__654651_55349_651302 seed=1 arm=direct: per_fault={'hop0': False, 'hop1': False, 'hop2': True, 'concise': False} all_resolved=False n_resolved=1/4 tokens=(1870,322)
  N=4 real_musique_hop_00013_3hop1__654651_55349_651302 seed=1 arm=self_refine: per_fault={'hop0': False, 'hop1': False, 'hop2': True, 'concise': False} all_resolved=False n_resolved=1/4 tokens=(4144,899)
  N=4 real_musique_hop_00013_3hop1__654651_55349_651302 seed=1 arm=full_regen: per_fault={'hop0': False, 'hop1': True, 'hop2': True, 'concise': True} all_resolved=False n_resolved=3/4 tokens=(3760,1210)
  N=4 real_musique_hop_00013_3hop1__654651_55349_651302 seed=1 arm=react: per_fault={'hop0': True, 'hop1': True, 'hop2': False, 'concise': True} all_resolved=False n_resolved=3/4 tokens=(3793,745)
  N=4 real_musique_hop_00013_3hop1__654651_55349_651302 seed=1 arm=selfcheckgpt: per_fault={'hop0': False, 'hop1': False, 'hop2': True, 'concise': True} all_resolved=False n_resolved=2/4 tokens=(12896,625)
  N=4 real_musique_hop_00013_3hop1__654651_55349_651302 seed=1 arm=reflexion: per_fault={'hop0': False, 'hop1': False, 'hop2': True, 'concise': False} all_resolved=False n_resolved=1/4 tokens=(1870,322)
  N=4 real_musique_hop_00013_3hop1__654651_55349_651302 seed=1 arm=intro_specter: per_fault={'hop0': False, 'hop1': False, 'hop2': True, 'concise': False} all_resolved=False n_resolved=1/4 tokens=(4298,800)
  N=4 real_musique_hop_00013_3hop1__654651_55349_651302 seed=2 arm=direct: per_fault={'hop0': False, 'hop1': False, 'hop2': True, 'concise': False} all_resolved=False n_resolved=1/4 tokens=(1870,322)
  N=4 real_musique_hop_00013_3hop1__654651_55349_651302 seed=2 arm=self_refine: per_fault={'hop0': False, 'hop1': False, 'hop2': True, 'concise': False} all_resolved=False n_resolved=1/4 tokens=(4144,862)
  N=4 real_musique_hop_00013_3hop1__654651_55349_651302 seed=2 arm=full_regen: per_fault={'hop0': True, 'hop1': True, 'hop2': True, 'concise': True} all_resolved=True n_resolved=4/4 tokens=(3740,752)
  N=4 real_musique_hop_00013_3hop1__654651_55349_651302 seed=2 arm=react: per_fault={'hop0': True, 'hop1': True, 'hop2': True, 'concise': True} all_resolved=True n_resolved=4/4 tokens=(3813,1320)
  N=4 real_musique_hop_00013_3hop1__654651_55349_651302 seed=2 arm=selfcheckgpt: per_fault={'hop0': False, 'hop1': False, 'hop2': True, 'concise': False} all_resolved=False n_resolved=1/4 tokens=(10984,498)
  N=4 real_musique_hop_00013_3hop1__654651_55349_651302 seed=2 arm=reflexion: per_fault={'hop0': False, 'hop1': False, 'hop2': True, 'concise': False} all_resolved=False n_resolved=1/4 tokens=(1870,322)
  N=4 real_musique_hop_00013_3hop1__654651_55349_651302 seed=2 arm=intro_specter: per_fault={'hop0': False, 'hop1': False, 'hop2': True, 'concise': False} all_resolved=False n_resolved=1/4 tokens=(4298,800)
  N=4 real_musique_hop_00014_3hop1__106900_443779_52195 seed=0 arm=direct: per_fault={'hop0': False, 'hop1': False, 'hop2': True, 'english': True} all_resolved=False n_resolved=2/4 tokens=(1842,270)
  N=4 real_musique_hop_00014_3hop1__106900_443779_52195 seed=0 arm=self_refine: per_fault={'hop0': False, 'hop1': False, 'hop2': True, 'english': True} all_resolved=False n_resolved=2/4 tokens=(4036,759)
  N=4 real_musique_hop_00014_3hop1__106900_443779_52195 seed=0 arm=full_regen: per_fault={'hop0': False, 'hop1': False, 'hop2': True, 'english': True} all_resolved=False n_resolved=2/4 tokens=(3684,701)
  N=4 real_musique_hop_00014_3hop1__106900_443779_52195 seed=0 arm=react: per_fault={'hop0': True, 'hop1': True, 'hop2': True, 'english': True} all_resolved=True n_resolved=4/4 tokens=(3757,1536)
  N=4 real_musique_hop_00014_3hop1__106900_443779_52195 seed=0 arm=selfcheckgpt: per_fault={'hop0': False, 'hop1': False, 'hop2': True, 'english': True} all_resolved=False n_resolved=2/4 tokens=(12568,484)
  N=4 real_musique_hop_00014_3hop1__106900_443779_52195 seed=0 arm=reflexion: per_fault={'hop0': False, 'hop1': False, 'hop2': True, 'english': True} all_resolved=False n_resolved=2/4 tokens=(1842,270)
  N=4 real_musique_hop_00014_3hop1__106900_443779_52195 seed=0 arm=intro_specter: per_fault={'hop0': False, 'hop1': False, 'hop2': True, 'english': True} all_resolved=False n_resolved=2/4 tokens=(4190,638)
  N=4 real_musique_hop_00014_3hop1__106900_443779_52195 seed=1 arm=direct: per_fault={'hop0': False, 'hop1': False, 'hop2': True, 'english': True} all_resolved=False n_resolved=2/4 tokens=(1842,270)
  N=4 real_musique_hop_00014_3hop1__106900_443779_52195 seed=1 arm=self_refine: per_fault={'hop0': False, 'hop1': False, 'hop2': True, 'english': True} all_resolved=False n_resolved=2/4 tokens=(4036,759)
  N=4 real_musique_hop_00014_3hop1__106900_443779_52195 seed=1 arm=full_regen: per_fault={'hop0': True, 'hop1': True, 'hop2': True, 'english': True} all_resolved=True n_resolved=4/4 tokens=(3684,798)
  N=4 real_musique_hop_00014_3hop1__106900_443779_52195 seed=1 arm=react: per_fault={'hop0': True, 'hop1': True, 'hop2': True, 'english': True} all_resolved=True n_resolved=4/4 tokens=(3757,1536)
  N=4 real_musique_hop_00014_3hop1__106900_443779_52195 seed=1 arm=selfcheckgpt: per_fault={'hop0': False, 'hop1': False, 'hop2': True, 'english': True} all_resolved=False n_resolved=2/4 tokens=(10798,405)
  N=4 real_musique_hop_00014_3hop1__106900_443779_52195 seed=1 arm=reflexion: per_fault={'hop0': False, 'hop1': False, 'hop2': True, 'english': True} all_resolved=False n_resolved=2/4 tokens=(1842,270)
  N=4 real_musique_hop_00014_3hop1__106900_443779_52195 seed=1 arm=intro_specter: per_fault={'hop0': False, 'hop1': False, 'hop2': True, 'english': True} all_resolved=False n_resolved=2/4 tokens=(4190,638)
  N=4 real_musique_hop_00014_3hop1__106900_443779_52195 seed=2 arm=direct: per_fault={'hop0': True, 'hop1': True, 'hop2': True, 'english': True} all_resolved=True n_resolved=4/4 tokens=(1842,576)
  N=4 real_musique_hop_00014_3hop1__106900_443779_52195 seed=2 arm=self_refine: per_fault={'hop0': True, 'hop1': True, 'hop2': True, 'english': True} all_resolved=True n_resolved=4/4 tokens=(4489,1556)
  N=4 real_musique_hop_00014_3hop1__106900_443779_52195 seed=2 arm=full_regen: per_fault={'hop0': False, 'hop1': False, 'hop2': True, 'english': True} all_resolved=False n_resolved=2/4 tokens=(3684,928)
  N=4 real_musique_hop_00014_3hop1__106900_443779_52195 seed=2 arm=react: per_fault={'hop0': True, 'hop1': True, 'hop2': True, 'english': True} all_resolved=True n_resolved=4/4 tokens=(3757,1780)
  N=4 real_musique_hop_00014_3hop1__106900_443779_52195 seed=2 arm=selfcheckgpt: per_fault={'hop0': True, 'hop1': True, 'hop2': True, 'english': True} all_resolved=True n_resolved=4/4 tokens=(10865,836)
  N=4 real_musique_hop_00014_3hop1__106900_443779_52195 seed=2 arm=reflexion: per_fault={'hop0': True, 'hop1': True, 'hop2': True, 'english': True} all_resolved=True n_resolved=4/4 tokens=(1842,576)
  N=4 real_musique_hop_00014_3hop1__106900_443779_52195 seed=2 arm=intro_specter: per_fault={'hop0': True, 'hop1': True, 'hop2': True, 'english': True} all_resolved=True n_resolved=4/4 tokens=(4643,1719)
  N=4 real_musique_hop_00015_3hop1__93963_170667_18967 seed=0 arm=direct: per_fault={'hop0': False, 'hop1': False, 'hop2': True, 'preamble': True} all_resolved=False n_resolved=2/4 tokens=(1670,381)
  N=4 real_musique_hop_00015_3hop1__93963_170667_18967 seed=0 arm=self_refine: per_fault={'hop0': False, 'hop1': False, 'hop2': True, 'preamble': True} all_resolved=False n_resolved=2/4 tokens=(3803,1050)
  N=4 real_musique_hop_00015_3hop1__93963_170667_18967 seed=0 arm=full_regen: per_fault={'hop0': False, 'hop1': True, 'hop2': True, 'preamble': True} all_resolved=False n_resolved=3/4 tokens=(3376,683)
  N=4 real_musique_hop_00015_3hop1__93963_170667_18967 seed=0 arm=react: per_fault={'hop0': False, 'hop1': True, 'hop2': True, 'preamble': True} all_resolved=False n_resolved=3/4 tokens=(3429,1546)
  N=4 real_musique_hop_00015_3hop1__93963_170667_18967 seed=0 arm=selfcheckgpt: per_fault={'hop0': False, 'hop1': False, 'hop2': True, 'preamble': True} all_resolved=False n_resolved=2/4 tokens=(9685,509)
  N=4 real_musique_hop_00015_3hop1__93963_170667_18967 seed=0 arm=reflexion: per_fault={'hop0': False, 'hop1': False, 'hop2': True, 'preamble': True} all_resolved=False n_resolved=2/4 tokens=(1670,381)
  N=4 real_musique_hop_00015_3hop1__93963_170667_18967 seed=0 arm=intro_specter: per_fault={'hop0': False, 'hop1': False, 'hop2': True, 'preamble': True} all_resolved=False n_resolved=2/4 tokens=(3957,802)
  N=4 real_musique_hop_00015_3hop1__93963_170667_18967 seed=1 arm=direct: per_fault={'hop0': False, 'hop1': False, 'hop2': True, 'preamble': True} all_resolved=False n_resolved=2/4 tokens=(1670,381)
  N=4 real_musique_hop_00015_3hop1__93963_170667_18967 seed=1 arm=self_refine: per_fault={'hop0': False, 'hop1': False, 'hop2': True, 'preamble': True} all_resolved=False n_resolved=2/4 tokens=(3803,1050)
  N=4 real_musique_hop_00015_3hop1__93963_170667_18967 seed=1 arm=full_regen: per_fault={'hop0': True, 'hop1': False, 'hop2': True, 'preamble': True} all_resolved=False n_resolved=3/4 tokens=(3360,1113)
  N=4 real_musique_hop_00015_3hop1__93963_170667_18967 seed=1 arm=react: per_fault={'hop0': False, 'hop1': True, 'hop2': True, 'preamble': True} all_resolved=False n_resolved=3/4 tokens=(3429,1546)
  N=4 real_musique_hop_00015_3hop1__93963_170667_18967 seed=1 arm=selfcheckgpt: per_fault={'hop0': False, 'hop1': False, 'hop2': True, 'preamble': True} all_resolved=False n_resolved=2/4 tokens=(11398,598)
  N=4 real_musique_hop_00015_3hop1__93963_170667_18967 seed=1 arm=reflexion: per_fault={'hop0': False, 'hop1': False, 'hop2': True, 'preamble': True} all_resolved=False n_resolved=2/4 tokens=(1670,381)
  N=4 real_musique_hop_00015_3hop1__93963_170667_18967 seed=1 arm=intro_specter: per_fault={'hop0': False, 'hop1': False, 'hop2': True, 'preamble': True} all_resolved=False n_resolved=2/4 tokens=(3957,802)
  N=4 real_musique_hop_00015_3hop1__93963_170667_18967 seed=2 arm=direct: per_fault={'hop0': True, 'hop1': False, 'hop2': True, 'preamble': True} all_resolved=False n_resolved=3/4 tokens=(1690,462)
  N=4 real_musique_hop_00015_3hop1__93963_170667_18967 seed=2 arm=self_refine: per_fault={'hop0': True, 'hop1': False, 'hop2': True, 'preamble': True} all_resolved=False n_resolved=3/4 tokens=(3987,1420)
  N=4 real_musique_hop_00015_3hop1__93963_170667_18967 seed=2 arm=full_regen: per_fault={'hop0': True, 'hop1': True, 'hop2': True, 'preamble': True} all_resolved=True n_resolved=4/4 tokens=(3396,1102)
  N=4 real_musique_hop_00015_3hop1__93963_170667_18967 seed=2 arm=react: per_fault={'hop0': False, 'hop1': False, 'hop2': True, 'preamble': True} all_resolved=False n_resolved=2/4 tokens=(3413,1016)
  N=4 real_musique_hop_00015_3hop1__93963_170667_18967 seed=2 arm=selfcheckgpt: per_fault={'hop0': True, 'hop1': False, 'hop2': True, 'preamble': True} all_resolved=False n_resolved=3/4 tokens=(9750,578)
  N=4 real_musique_hop_00015_3hop1__93963_170667_18967 seed=2 arm=reflexion: per_fault={'hop0': True, 'hop1': False, 'hop2': True, 'preamble': True} all_resolved=False n_resolved=3/4 tokens=(1690,462)
  N=4 real_musique_hop_00015_3hop1__93963_170667_18967 seed=2 arm=intro_specter: per_fault={'hop0': True, 'hop1': False, 'hop2': True, 'preamble': True} all_resolved=False n_resolved=3/4 tokens=(4121,1399)
  N=4 real_musique_hop_00016_3hop1__123190_519940_18967 seed=0 arm=direct: per_fault={'hop0': False, 'hop1': False, 'hop2': True, 'concise': True} all_resolved=False n_resolved=2/4 tokens=(1828,411)
  N=4 real_musique_hop_00016_3hop1__123190_519940_18967 seed=0 arm=self_refine: per_fault={'hop0': False, 'hop1': False, 'hop2': True, 'concise': True} all_resolved=False n_resolved=2/4 tokens=(4211,1190)
  N=4 real_musique_hop_00016_3hop1__123190_519940_18967 seed=0 arm=full_regen: per_fault={'hop0': False, 'hop1': True, 'hop2': True, 'concise': True} all_resolved=False n_resolved=3/4 tokens=(3656,708)
  N=4 real_musique_hop_00016_3hop1__123190_519940_18967 seed=0 arm=react: per_fault={'hop0': True, 'hop1': False, 'hop2': True, 'concise': True} all_resolved=False n_resolved=3/4 tokens=(3729,1480)
  N=4 real_musique_hop_00016_3hop1__123190_519940_18967 seed=0 arm=selfcheckgpt: per_fault={'hop0': False, 'hop1': False, 'hop2': True, 'concise': True} all_resolved=False n_resolved=2/4 tokens=(10696,554)
  N=4 real_musique_hop_00016_3hop1__123190_519940_18967 seed=0 arm=reflexion: per_fault={'hop0': False, 'hop1': False, 'hop2': True, 'concise': True} all_resolved=False n_resolved=2/4 tokens=(1828,411)
  N=4 real_musique_hop_00016_3hop1__123190_519940_18967 seed=0 arm=intro_specter: per_fault={'hop0': False, 'hop1': False, 'hop2': True, 'concise': True} all_resolved=False n_resolved=2/4 tokens=(4345,1027)
  N=4 real_musique_hop_00016_3hop1__123190_519940_18967 seed=1 arm=direct: per_fault={'hop0': False, 'hop1': False, 'hop2': True, 'concise': True} all_resolved=False n_resolved=2/4 tokens=(1828,411)
  N=4 real_musique_hop_00016_3hop1__123190_519940_18967 seed=1 arm=self_refine: per_fault={'hop0': False, 'hop1': False, 'hop2': True, 'concise': True} all_resolved=False n_resolved=2/4 tokens=(4211,1190)
  N=4 real_musique_hop_00016_3hop1__123190_519940_18967 seed=1 arm=full_regen: per_fault={'hop0': True, 'hop1': True, 'hop2': True, 'concise': True} all_resolved=True n_resolved=4/4 tokens=(3692,900)
  N=4 real_musique_hop_00016_3hop1__123190_519940_18967 seed=1 arm=react: per_fault={'hop0': True, 'hop1': False, 'hop2': True, 'concise': True} all_resolved=False n_resolved=3/4 tokens=(3729,1480)
  N=4 real_musique_hop_00016_3hop1__123190_519940_18967 seed=1 arm=selfcheckgpt: per_fault={'hop0': False, 'hop1': False, 'hop2': True, 'concise': True} all_resolved=False n_resolved=2/4 tokens=(12488,657)
  N=4 real_musique_hop_00016_3hop1__123190_519940_18967 seed=1 arm=reflexion: per_fault={'hop0': False, 'hop1': False, 'hop2': True, 'concise': True} all_resolved=False n_resolved=2/4 tokens=(1828,411)
  N=4 real_musique_hop_00016_3hop1__123190_519940_18967 seed=1 arm=intro_specter: per_fault={'hop0': False, 'hop1': False, 'hop2': True, 'concise': True} all_resolved=False n_resolved=2/4 tokens=(4345,1027)
  N=4 real_musique_hop_00016_3hop1__123190_519940_18967 seed=2 arm=direct: per_fault={'hop0': True, 'hop1': False, 'hop2': True, 'concise': True} all_resolved=False n_resolved=3/4 tokens=(1828,313)
  N=4 real_musique_hop_00016_3hop1__123190_519940_18967 seed=2 arm=self_refine: per_fault={'hop0': True, 'hop1': False, 'hop2': True, 'concise': True} all_resolved=False n_resolved=3/4 tokens=(4072,821)
  N=4 real_musique_hop_00016_3hop1__123190_519940_18967 seed=2 arm=full_regen: per_fault={'hop0': True, 'hop1': True, 'hop2': True, 'concise': True} all_resolved=True n_resolved=4/4 tokens=(3656,909)
  N=4 real_musique_hop_00016_3hop1__123190_519940_18967 seed=2 arm=react: per_fault={'hop0': True, 'hop1': True, 'hop2': True, 'concise': True} all_resolved=True n_resolved=4/4 tokens=(3729,1303)
  N=4 real_musique_hop_00016_3hop1__123190_519940_18967 seed=2 arm=selfcheckgpt: per_fault={'hop0': True, 'hop1': False, 'hop2': True, 'concise': True} all_resolved=False n_resolved=3/4 tokens=(10729,467)
  N=4 real_musique_hop_00016_3hop1__123190_519940_18967 seed=2 arm=reflexion: per_fault={'hop0': True, 'hop1': False, 'hop2': True, 'concise': True} all_resolved=False n_resolved=3/4 tokens=(1828,313)
  N=4 real_musique_hop_00016_3hop1__123190_519940_18967 seed=2 arm=intro_specter: per_fault={'hop0': True, 'hop1': False, 'hop2': True, 'concise': True} all_resolved=False n_resolved=3/4 tokens=(4246,917)
  N=4 real_musique_hop_00017_3hop1__248929_160713_77246 seed=0 arm=direct: per_fault={'hop0': False, 'hop1': False, 'hop2': False, 'preamble': True} all_resolved=False n_resolved=1/4 tokens=(1783,357)
  N=4 real_musique_hop_00017_3hop1__248929_160713_77246 seed=0 arm=self_refine: per_fault={'hop0': False, 'hop1': False, 'hop2': False, 'preamble': True} all_resolved=False n_resolved=1/4 tokens=(4025,997)
  N=4 real_musique_hop_00017_3hop1__248929_160713_77246 seed=0 arm=full_regen: per_fault={'hop0': False, 'hop1': False, 'hop2': True, 'preamble': True} all_resolved=False n_resolved=2/4 tokens=(3602,645)
  N=4 real_musique_hop_00017_3hop1__248929_160713_77246 seed=0 arm=react: per_fault={'hop0': False, 'hop1': False, 'hop2': True, 'preamble': True} all_resolved=False n_resolved=2/4 tokens=(3639,1259)
  N=4 real_musique_hop_00017_3hop1__248929_160713_77246 seed=0 arm=selfcheckgpt: per_fault={'hop0': False, 'hop1': False, 'hop2': True, 'preamble': True} all_resolved=False n_resolved=2/4 tokens=(12167,559)
  N=4 real_musique_hop_00017_3hop1__248929_160713_77246 seed=0 arm=reflexion: per_fault={'hop0': False, 'hop1': False, 'hop2': False, 'preamble': True} all_resolved=False n_resolved=1/4 tokens=(1783,357)
  N=4 real_musique_hop_00017_3hop1__248929_160713_77246 seed=0 arm=intro_specter: per_fault={'hop0': False, 'hop1': False, 'hop2': False, 'preamble': True} all_resolved=False n_resolved=1/4 tokens=(4179,777)
  N=4 real_musique_hop_00017_3hop1__248929_160713_77246 seed=1 arm=direct: per_fault={'hop0': False, 'hop1': False, 'hop2': False, 'preamble': True} all_resolved=False n_resolved=1/4 tokens=(1783,357)
  N=4 real_musique_hop_00017_3hop1__248929_160713_77246 seed=1 arm=self_refine: per_fault={'hop0': False, 'hop1': False, 'hop2': False, 'preamble': True} all_resolved=False n_resolved=1/4 tokens=(4025,997)
  N=4 real_musique_hop_00017_3hop1__248929_160713_77246 seed=1 arm=full_regen: per_fault={'hop0': False, 'hop1': False, 'hop2': False, 'preamble': True} all_resolved=False n_resolved=1/4 tokens=(3566,708)
  N=4 real_musique_hop_00017_3hop1__248929_160713_77246 seed=1 arm=react: per_fault={'hop0': False, 'hop1': False, 'hop2': True, 'preamble': True} all_resolved=False n_resolved=2/4 tokens=(3639,1259)
  N=4 real_musique_hop_00017_3hop1__248929_160713_77246 seed=1 arm=selfcheckgpt: per_fault={'hop0': False, 'hop1': False, 'hop2': True, 'preamble': True} all_resolved=False n_resolved=2/4 tokens=(12184,495)
  N=4 real_musique_hop_00017_3hop1__248929_160713_77246 seed=1 arm=reflexion: per_fault={'hop0': False, 'hop1': False, 'hop2': False, 'preamble': True} all_resolved=False n_resolved=1/4 tokens=(1783,357)
  N=4 real_musique_hop_00017_3hop1__248929_160713_77246 seed=1 arm=intro_specter: per_fault={'hop0': False, 'hop1': False, 'hop2': False, 'preamble': True} all_resolved=False n_resolved=1/4 tokens=(4179,777)
  N=4 real_musique_hop_00017_3hop1__248929_160713_77246 seed=2 arm=direct: per_fault={'hop0': True, 'hop1': True, 'hop2': True, 'preamble': True} all_resolved=True n_resolved=4/4 tokens=(1803,420)
  N=4 real_musique_hop_00017_3hop1__248929_160713_77246 seed=2 arm=self_refine: per_fault={'hop0': True, 'hop1': True, 'hop2': True, 'preamble': True} all_resolved=True n_resolved=4/4 tokens=(4109,1258)
  N=4 real_musique_hop_00017_3hop1__248929_160713_77246 seed=2 arm=full_regen: per_fault={'hop0': False, 'hop1': True, 'hop2': True, 'preamble': True} all_resolved=False n_resolved=3/4 tokens=(3606,732)
  N=4 real_musique_hop_00017_3hop1__248929_160713_77246 seed=2 arm=react: per_fault={'hop0': False, 'hop1': False, 'hop2': True, 'preamble': True} all_resolved=False n_resolved=2/4 tokens=(3639,5773)
  N=4 real_musique_hop_00017_3hop1__248929_160713_77246 seed=2 arm=selfcheckgpt: per_fault={'hop0': True, 'hop1': True, 'hop2': True, 'preamble': True} all_resolved=True n_resolved=4/4 tokens=(12373,815)
  N=4 real_musique_hop_00017_3hop1__248929_160713_77246 seed=2 arm=reflexion: per_fault={'hop0': True, 'hop1': True, 'hop2': True, 'preamble': True} all_resolved=True n_resolved=4/4 tokens=(1803,420)
  N=4 real_musique_hop_00017_3hop1__248929_160713_77246 seed=2 arm=intro_specter: per_fault={'hop0': True, 'hop1': True, 'hop2': True, 'preamble': True} all_resolved=True n_resolved=4/4 tokens=(4263,1039)
  N=4 real_musique_hop_00018_3hop1__159737_160713_77246 seed=0 arm=direct: per_fault={'hop0': False, 'hop1': True, 'hop2': False, 'english': True} all_resolved=False n_resolved=2/4 tokens=(1687,518)
  N=4 real_musique_hop_00018_3hop1__159737_160713_77246 seed=0 arm=self_refine: per_fault={'hop0': False, 'hop1': True, 'hop2': False, 'english': True} all_resolved=False n_resolved=2/4 tokens=(4053,8710)
  N=4 real_musique_hop_00018_3hop1__159737_160713_77246 seed=0 arm=full_regen: per_fault={'hop0': False, 'hop1': True, 'hop2': True, 'english': True} all_resolved=False n_resolved=3/4 tokens=(3374,795)
  N=4 real_musique_hop_00018_3hop1__159737_160713_77246 seed=0 arm=react: per_fault={'hop0': False, 'hop1': False, 'hop2': True, 'english': True} all_resolved=False n_resolved=2/4 tokens=(3427,1591)
  N=4 real_musique_hop_00018_3hop1__159737_160713_77246 seed=0 arm=selfcheckgpt: per_fault={'hop0': False, 'hop1': True, 'hop2': True, 'english': True} all_resolved=False n_resolved=3/4 tokens=(11380,654)
  N=4 real_musique_hop_00018_3hop1__159737_160713_77246 seed=0 arm=reflexion: per_fault={'hop0': False, 'hop1': True, 'hop2': False, 'english': True} all_resolved=False n_resolved=2/4 tokens=(1687,518)
  N=4 real_musique_hop_00018_3hop1__159737_160713_77246 seed=0 arm=intro_specter: per_fault={'hop0': False, 'hop1': True, 'hop2': False, 'english': True} all_resolved=False n_resolved=2/4 tokens=(4191,1328)
  N=4 real_musique_hop_00018_3hop1__159737_160713_77246 seed=1 arm=direct: per_fault={'hop0': False, 'hop1': True, 'hop2': False, 'english': True} all_resolved=False n_resolved=2/4 tokens=(1687,518)
  N=4 real_musique_hop_00018_3hop1__159737_160713_77246 seed=1 arm=self_refine: per_fault={'hop0': False, 'hop1': True, 'hop2': False, 'english': True} all_resolved=False n_resolved=2/4 tokens=(4053,8710)
  N=4 real_musique_hop_00018_3hop1__159737_160713_77246 seed=1 arm=full_regen: per_fault={'hop0': False, 'hop1': True, 'hop2': True, 'english': True} all_resolved=False n_resolved=3/4 tokens=(3374,1075)
  N=4 real_musique_hop_00018_3hop1__159737_160713_77246 seed=1 arm=react: per_fault={'hop0': False, 'hop1': False, 'hop2': True, 'english': True} all_resolved=False n_resolved=2/4 tokens=(3427,1591)
  N=4 real_musique_hop_00018_3hop1__159737_160713_77246 seed=1 arm=selfcheckgpt: per_fault={'hop0': False, 'hop1': True, 'hop2': True, 'english': True} all_resolved=False n_resolved=3/4 tokens=(11379,721)
  N=4 real_musique_hop_00018_3hop1__159737_160713_77246 seed=1 arm=reflexion: per_fault={'hop0': False, 'hop1': True, 'hop2': False, 'english': True} all_resolved=False n_resolved=2/4 tokens=(1687,518)
  N=4 real_musique_hop_00018_3hop1__159737_160713_77246 seed=1 arm=intro_specter: per_fault={'hop0': False, 'hop1': True, 'hop2': False, 'english': True} all_resolved=False n_resolved=2/4 tokens=(4191,1328)
  N=4 real_musique_hop_00018_3hop1__159737_160713_77246 seed=2 arm=direct: per_fault={'hop0': False, 'hop1': True, 'hop2': True, 'english': True} all_resolved=False n_resolved=3/4 tokens=(1687,402)
  N=4 real_musique_hop_00018_3hop1__159737_160713_77246 seed=2 arm=self_refine: per_fault={'hop0': False, 'hop1': True, 'hop2': True, 'english': True} all_resolved=False n_resolved=3/4 tokens=(3879,1097)
  N=4 real_musique_hop_00018_3hop1__159737_160713_77246 seed=2 arm=full_regen: per_fault={'hop0': False, 'hop1': True, 'hop2': False, 'english': True} all_resolved=False n_resolved=2/4 tokens=(3389,769)
  N=4 real_musique_hop_00018_3hop1__159737_160713_77246 seed=2 arm=react: per_fault={'hop0': False, 'hop1': False, 'hop2': False, 'english': True} all_resolved=False n_resolved=1/4 tokens=(3427,1398)
  N=4 real_musique_hop_00018_3hop1__159737_160713_77246 seed=2 arm=selfcheckgpt: per_fault={'hop0': False, 'hop1': True, 'hop2': True, 'english': True} all_resolved=False n_resolved=3/4 tokens=(9733,532)
  N=4 real_musique_hop_00018_3hop1__159737_160713_77246 seed=2 arm=reflexion: per_fault={'hop0': False, 'hop1': True, 'hop2': True, 'english': True} all_resolved=False n_resolved=3/4 tokens=(1687,402)
  N=4 real_musique_hop_00018_3hop1__159737_160713_77246 seed=2 arm=intro_specter: per_fault={'hop0': False, 'hop1': True, 'hop2': True, 'english': True} all_resolved=False n_resolved=3/4 tokens=(4013,919)
  N=4 real_musique_hop_00019_3hop1__163024_443779_52195 seed=0 arm=direct: per_fault={'hop0': True, 'hop1': True, 'hop2': True, 'concise': True} all_resolved=True n_resolved=4/4 tokens=(1588,558)
  N=4 real_musique_hop_00019_3hop1__163024_443779_52195 seed=0 arm=self_refine: per_fault={'hop0': False, 'hop1': True, 'hop2': True, 'concise': True} all_resolved=False n_resolved=3/4 tokens=(3922,1137)
/Library/Frameworks/Python.framework/Versions/3.11/lib/python3.11/multiprocessing/resource_tracker.py:254: UserWarning: resource_tracker: There appear to be 1 leaked semaphore objects to clean up at shutdown
  warnings.warn('resource_tracker: There appear to be %d '
Resuming arm=direct: 52 (task_id, seed) rows already present, will be skipped.
Resuming arm=self_refine: 52 (task_id, seed) rows already present, will be skipped.
Resuming arm=full_regen: 52 (task_id, seed) rows already present, will be skipped.
Resuming arm=react: 52 (task_id, seed) rows already present, will be skipped.
Resuming arm=selfcheckgpt: 52 (task_id, seed) rows already present, will be skipped.
Resuming arm=reflexion: 52 (task_id, seed) rows already present, will be skipped.
Resuming arm=intro_specter: 51 (task_id, seed) rows already present, will be skipped.
Building 60 4-fault (3 hop + 1 profile) musique_real hop examples (bench_seed=42, scan_limit=760)...
Built 60 examples. seeds=[0, 1, 2], model=llama-3.1-8b, arms=['direct', 'self_refine', 'full_regen', 'react', 'selfcheckgpt', 'reflexion', 'intro_specter']
  N=4 real_musique_hop_00019_3hop1__163024_443779_52195 seed=0 arm=intro_specter: per_fault={'hop0': True, 'hop1': True, 'hop2': True, 'concise': False} all_resolved=False n_resolved=3/4 tokens=(4084,1588)
  N=4 real_musique_hop_00019_3hop1__163024_443779_52195 seed=1 arm=direct: per_fault={'hop0': True, 'hop1': True, 'hop2': True, 'concise': False} all_resolved=False n_resolved=3/4 tokens=(1588,567)
  N=4 real_musique_hop_00019_3hop1__163024_443779_52195 seed=1 arm=self_refine: per_fault={'hop0': True, 'hop1': True, 'hop2': True, 'concise': False} all_resolved=False n_resolved=3/4 tokens=(3930,1617)
  N=4 real_musique_hop_00019_3hop1__163024_443779_52195 seed=1 arm=full_regen: per_fault={'hop0': True, 'hop1': False, 'hop2': True, 'concise': True} all_resolved=False n_resolved=3/4 tokens=(3176,1151)
  N=4 real_musique_hop_00019_3hop1__163024_443779_52195 seed=1 arm=react: per_fault={'hop0': True, 'hop1': False, 'hop2': True, 'concise': False} all_resolved=False n_resolved=2/4 tokens=(3229,1653)
  N=4 real_musique_hop_00019_3hop1__163024_443779_52195 seed=1 arm=selfcheckgpt: per_fault={'hop0': True, 'hop1': True, 'hop2': True, 'concise': False} all_resolved=False n_resolved=3/4 tokens=(10820,883)
  N=4 real_musique_hop_00019_3hop1__163024_443779_52195 seed=1 arm=reflexion: per_fault={'hop0': True, 'hop1': True, 'hop2': True, 'concise': False} all_resolved=False n_resolved=3/4 tokens=(1588,567)
  N=4 real_musique_hop_00019_3hop1__163024_443779_52195 seed=1 arm=intro_specter: per_fault={'hop0': True, 'hop1': True, 'hop2': True, 'concise': False} all_resolved=False n_resolved=3/4 tokens=(4084,1588)
  N=4 real_musique_hop_00019_3hop1__163024_443779_52195 seed=2 arm=direct: per_fault={'hop0': False, 'hop1': True, 'hop2': True, 'concise': True} all_resolved=False n_resolved=3/4 tokens=(1568,725)
  N=4 real_musique_hop_00019_3hop1__163024_443779_52195 seed=2 arm=self_refine: per_fault={'hop0': False, 'hop1': True, 'hop2': True, 'concise': False} all_resolved=False n_resolved=2/4 tokens=(4090,1899)
  N=4 real_musique_hop_00019_3hop1__163024_443779_52195 seed=2 arm=full_regen: per_fault={'hop0': False, 'hop1': False, 'hop2': True, 'concise': False} all_resolved=False n_resolved=1/4 tokens=(3156,1124)
  N=4 real_musique_hop_00019_3hop1__163024_443779_52195 seed=2 arm=react: per_fault={'hop0': True, 'hop1': True, 'hop2': True, 'concise': False} all_resolved=False n_resolved=3/4 tokens=(3189,2293)
  N=4 real_musique_hop_00019_3hop1__163024_443779_52195 seed=2 arm=selfcheckgpt: per_fault={'hop0': False, 'hop1': True, 'hop2': True, 'concise': True} all_resolved=False n_resolved=3/4 tokens=(9367,1150)
  N=4 real_musique_hop_00019_3hop1__163024_443779_52195 seed=2 arm=reflexion: per_fault={'hop0': False, 'hop1': True, 'hop2': True, 'concise': True} all_resolved=False n_resolved=3/4 tokens=(1568,725)
  N=4 real_musique_hop_00019_3hop1__163024_443779_52195 seed=2 arm=intro_specter: per_fault={'hop0': False, 'hop1': True, 'hop2': True, 'concise': True} all_resolved=False n_resolved=3/4 tokens=(4264,1914)
  N=4 real_musique_hop_00022_3hop1__106688_160713_77246 seed=0 arm=direct: per_fault={'hop0': False, 'hop1': True, 'hop2': False, 'concise': False} all_resolved=False n_resolved=1/4 tokens=(1980,275)
  N=4 real_musique_hop_00022_3hop1__106688_160713_77246 seed=0 arm=self_refine: per_fault={'hop0': False, 'hop1': True, 'hop2': False, 'concise': False} all_resolved=False n_resolved=1/4 tokens=(4317,832)
  N=4 real_musique_hop_00022_3hop1__106688_160713_77246 seed=0 arm=full_regen: per_fault={'hop0': False, 'hop1': True, 'hop2': True, 'concise': True} all_resolved=False n_resolved=3/4 tokens=(3960,980)
  N=4 real_musique_hop_00022_3hop1__106688_160713_77246 seed=0 arm=react: per_fault={'hop0': False, 'hop1': True, 'hop2': True, 'concise': False} all_resolved=False n_resolved=2/4 tokens=(4013,1012)
  N=4 real_musique_hop_00022_3hop1__106688_160713_77246 seed=0 arm=selfcheckgpt: per_fault={'hop0': False, 'hop1': True, 'hop2': True, 'concise': True} all_resolved=False n_resolved=3/4 tokens=(13583,501)
  N=4 real_musique_hop_00022_3hop1__106688_160713_77246 seed=0 arm=reflexion: per_fault={'hop0': False, 'hop1': True, 'hop2': False, 'concise': False} all_resolved=False n_resolved=1/4 tokens=(1980,275)
  N=4 real_musique_hop_00022_3hop1__106688_160713_77246 seed=0 arm=intro_specter: per_fault={'hop0': False, 'hop1': True, 'hop2': False, 'concise': False} all_resolved=False n_resolved=1/4 tokens=(4471,680)
  N=4 real_musique_hop_00022_3hop1__106688_160713_77246 seed=1 arm=direct: per_fault={'hop0': False, 'hop1': True, 'hop2': False, 'concise': False} all_resolved=False n_resolved=1/4 tokens=(1980,275)
  N=4 real_musique_hop_00022_3hop1__106688_160713_77246 seed=1 arm=self_refine: per_fault={'hop0': False, 'hop1': True, 'hop2': False, 'concise': False} all_resolved=False n_resolved=1/4 tokens=(4317,832)
  N=4 real_musique_hop_00022_3hop1__106688_160713_77246 seed=1 arm=full_regen: per_fault={'hop0': False, 'hop1': True, 'hop2': True, 'concise': True} all_resolved=False n_resolved=3/4 tokens=(3960,507)
  N=4 real_musique_hop_00022_3hop1__106688_160713_77246 seed=1 arm=react: per_fault={'hop0': False, 'hop1': True, 'hop2': True, 'concise': False} all_resolved=False n_resolved=2/4 tokens=(4013,1012)
  N=4 real_musique_hop_00022_3hop1__106688_160713_77246 seed=1 arm=selfcheckgpt: per_fault={'hop0': False, 'hop1': True, 'hop2': True, 'concise': True} all_resolved=False n_resolved=3/4 tokens=(13554,437)
  N=4 real_musique_hop_00022_3hop1__106688_160713_77246 seed=1 arm=reflexion: per_fault={'hop0': False, 'hop1': True, 'hop2': False, 'concise': False} all_resolved=False n_resolved=1/4 tokens=(1980,275)
  N=4 real_musique_hop_00022_3hop1__106688_160713_77246 seed=1 arm=intro_specter: per_fault={'hop0': False, 'hop1': True, 'hop2': False, 'concise': False} all_resolved=False n_resolved=1/4 tokens=(4471,680)
  N=4 real_musique_hop_00022_3hop1__106688_160713_77246 seed=2 arm=direct: per_fault={'hop0': False, 'hop1': True, 'hop2': True, 'concise': False} all_resolved=False n_resolved=2/4 tokens=(2016,623)
  N=4 real_musique_hop_00022_3hop1__106688_160713_77246 seed=2 arm=self_refine: per_fault={'hop0': False, 'hop1': True, 'hop2': True, 'concise': False} all_resolved=False n_resolved=2/4 tokens=(4864,1584)
  N=4 real_musique_hop_00022_3hop1__106688_160713_77246 seed=2 arm=full_regen: per_fault={'hop0': True, 'hop1': True, 'hop2': True, 'concise': False} all_resolved=False n_resolved=3/4 tokens=(4016,1311)
  N=4 real_musique_hop_00022_3hop1__106688_160713_77246 seed=2 arm=react: per_fault={'hop0': False, 'hop1': True, 'hop2': True, 'concise': False} all_resolved=False n_resolved=2/4 tokens=(4049,1116)
  N=4 real_musique_hop_00022_3hop1__106688_160713_77246 seed=2 arm=selfcheckgpt: per_fault={'hop0': False, 'hop1': True, 'hop2': True, 'concise': True} all_resolved=False n_resolved=3/4 tokens=(13590,766)
  N=4 real_musique_hop_00022_3hop1__106688_160713_77246 seed=2 arm=reflexion: per_fault={'hop0': False, 'hop1': True, 'hop2': True, 'concise': False} all_resolved=False n_resolved=2/4 tokens=(2016,623)
  N=4 real_musique_hop_00022_3hop1__106688_160713_77246 seed=2 arm=intro_specter: per_fault={'hop0': False, 'hop1': True, 'hop2': True, 'concise': False} all_resolved=False n_resolved=2/4 tokens=(4982,1801)
  N=4 real_musique_hop_00023_3hop1__749581_443779_52195 seed=0 arm=direct: per_fault={'hop0': True, 'hop1': True, 'hop2': True, 'english': True} all_resolved=True n_resolved=4/4 tokens=(1612,544)
  N=4 real_musique_hop_00023_3hop1__749581_443779_52195 seed=0 arm=self_refine: per_fault={'hop0': False, 'hop1': False, 'hop2': True, 'english': True} all_resolved=False n_resolved=2/4 tokens=(3934,1375)
  N=4 real_musique_hop_00023_3hop1__749581_443779_52195 seed=0 arm=full_regen: per_fault={'hop0': True, 'hop1': False, 'hop2': True, 'english': True} all_resolved=False n_resolved=3/4 tokens=(3224,1133)
  N=4 real_musique_hop_00023_3hop1__749581_443779_52195 seed=0 arm=react: per_fault={'hop0': False, 'hop1': False, 'hop2': True, 'english': True} all_resolved=False n_resolved=2/4 tokens=(3313,1459)
  N=4 real_musique_hop_00023_3hop1__749581_443779_52195 seed=0 arm=selfcheckgpt: per_fault={'hop0': True, 'hop1': True, 'hop2': True, 'english': True} all_resolved=True n_resolved=4/4 tokens=(9344,735)
  N=4 real_musique_hop_00023_3hop1__749581_443779_52195 seed=0 arm=reflexion: per_fault={'hop0': True, 'hop1': True, 'hop2': True, 'english': True} all_resolved=True n_resolved=4/4 tokens=(1612,544)
  N=4 real_musique_hop_00023_3hop1__749581_443779_52195 seed=0 arm=intro_specter: per_fault={'hop0': True, 'hop1': True, 'hop2': True, 'english': True} all_resolved=True n_resolved=4/4 tokens=(4108,1320)
  N=4 real_musique_hop_00023_3hop1__749581_443779_52195 seed=1 arm=direct: per_fault={'hop0': True, 'hop1': True, 'hop2': True, 'english': True} all_resolved=True n_resolved=4/4 tokens=(1612,544)
  N=4 real_musique_hop_00023_3hop1__749581_443779_52195 seed=1 arm=self_refine: per_fault={'hop0': False, 'hop1': False, 'hop2': True, 'english': True} all_resolved=False n_resolved=2/4 tokens=(3934,1375)
  N=4 real_musique_hop_00023_3hop1__749581_443779_52195 seed=1 arm=full_regen: per_fault={'hop0': True, 'hop1': False, 'hop2': True, 'english': True} all_resolved=False n_resolved=3/4 tokens=(3260,1048)
  N=4 real_musique_hop_00023_3hop1__749581_443779_52195 seed=1 arm=react: per_fault={'hop0': False, 'hop1': False, 'hop2': True, 'english': True} all_resolved=False n_resolved=2/4 tokens=(3313,1459)
  N=4 real_musique_hop_00023_3hop1__749581_443779_52195 seed=1 arm=selfcheckgpt: per_fault={'hop0': True, 'hop1': True, 'hop2': True, 'english': True} all_resolved=True n_resolved=4/4 tokens=(9666,917)
  N=4 real_musique_hop_00023_3hop1__749581_443779_52195 seed=1 arm=reflexion: per_fault={'hop0': True, 'hop1': True, 'hop2': True, 'english': True} all_resolved=True n_resolved=4/4 tokens=(1612,544)
  N=4 real_musique_hop_00023_3hop1__749581_443779_52195 seed=1 arm=intro_specter: per_fault={'hop0': True, 'hop1': True, 'hop2': True, 'english': True} all_resolved=True n_resolved=4/4 tokens=(4108,1320)
  N=4 real_musique_hop_00023_3hop1__749581_443779_52195 seed=2 arm=direct: per_fault={'hop0': True, 'hop1': False, 'hop2': True, 'english': True} all_resolved=False n_resolved=3/4 tokens=(1632,368)
  N=4 real_musique_hop_00023_3hop1__749581_443779_52195 seed=2 arm=self_refine: per_fault={'hop0': True, 'hop1': False, 'hop2': True, 'english': True} all_resolved=False n_resolved=3/4 tokens=(3694,991)
  N=4 real_musique_hop_00023_3hop1__749581_443779_52195 seed=2 arm=full_regen: per_fault={'hop0': True, 'hop1': False, 'hop2': True, 'english': True} all_resolved=False n_resolved=3/4 tokens=(3244,905)
  N=4 real_musique_hop_00023_3hop1__749581_443779_52195 seed=2 arm=react: per_fault={'hop0': True, 'hop1': False, 'hop2': True, 'english': True} all_resolved=False n_resolved=3/4 tokens=(3297,986)
  N=4 real_musique_hop_00023_3hop1__749581_443779_52195 seed=2 arm=selfcheckgpt: per_fault={'hop0': True, 'hop1': False, 'hop2': True, 'english': True} all_resolved=False n_resolved=3/4 tokens=(9398,504)
  N=4 real_musique_hop_00023_3hop1__749581_443779_52195 seed=2 arm=reflexion: per_fault={'hop0': True, 'hop1': False, 'hop2': True, 'english': True} all_resolved=False n_resolved=3/4 tokens=(1632,368)
  N=4 real_musique_hop_00023_3hop1__749581_443779_52195 seed=2 arm=intro_specter: per_fault={'hop0': True, 'hop1': False, 'hop2': True, 'english': True} all_resolved=False n_resolved=3/4 tokens=(3848,911)
  N=4 real_musique_hop_00024_3hop1__438364_443779_52195 seed=0 arm=direct: per_fault={'hop0': False, 'hop1': False, 'hop2': True, 'preamble': True} all_resolved=False n_resolved=2/4 tokens=(1634,377)
  N=4 real_musique_hop_00024_3hop1__438364_443779_52195 seed=0 arm=self_refine: per_fault={'hop0': False, 'hop1': False, 'hop2': True, 'preamble': True} all_resolved=False n_resolved=2/4 tokens=(3747,960)
  N=4 real_musique_hop_00024_3hop1__438364_443779_52195 seed=0 arm=full_regen: per_fault={'hop0': False, 'hop1': True, 'hop2': True, 'preamble': True} all_resolved=False n_resolved=3/4 tokens=(3268,1004)
  N=4 real_musique_hop_00024_3hop1__438364_443779_52195 seed=0 arm=react: per_fault={'hop0': False, 'hop1': False, 'hop2': True, 'preamble': True} all_resolved=False n_resolved=2/4 tokens=(3341,919)
  N=4 real_musique_hop_00024_3hop1__438364_443779_52195 seed=0 arm=selfcheckgpt: per_fault={'hop0': False, 'hop1': False, 'hop2': True, 'preamble': True} all_resolved=False n_resolved=2/4 tokens=(9752,715)
  N=4 real_musique_hop_00024_3hop1__438364_443779_52195 seed=0 arm=reflexion: per_fault={'hop0': False, 'hop1': False, 'hop2': True, 'preamble': True} all_resolved=False n_resolved=2/4 tokens=(1634,377)
  N=4 real_musique_hop_00024_3hop1__438364_443779_52195 seed=0 arm=intro_specter: per_fault={'hop0': False, 'hop1': False, 'hop2': True, 'preamble': True} all_resolved=False n_resolved=2/4 tokens=(3901,949)
  N=4 real_musique_hop_00024_3hop1__438364_443779_52195 seed=1 arm=direct: per_fault={'hop0': False, 'hop1': False, 'hop2': True, 'preamble': True} all_resolved=False n_resolved=2/4 tokens=(1634,377)
  N=4 real_musique_hop_00024_3hop1__438364_443779_52195 seed=1 arm=self_refine: per_fault={'hop0': False, 'hop1': False, 'hop2': True, 'preamble': True} all_resolved=False n_resolved=2/4 tokens=(3747,960)
  N=4 real_musique_hop_00024_3hop1__438364_443779_52195 seed=1 arm=full_regen: per_fault={'hop0': False, 'hop1': False, 'hop2': True, 'preamble': True} all_resolved=False n_resolved=2/4 tokens=(3288,518)
  N=4 real_musique_hop_00024_3hop1__438364_443779_52195 seed=1 arm=react: per_fault={'hop0': False, 'hop1': False, 'hop2': True, 'preamble': True} all_resolved=False n_resolved=2/4 tokens=(3341,919)
  N=4 real_musique_hop_00024_3hop1__438364_443779_52195 seed=1 arm=selfcheckgpt: per_fault={'hop0': False, 'hop1': False, 'hop2': True, 'preamble': True} all_resolved=False n_resolved=2/4 tokens=(11186,598)
  N=4 real_musique_hop_00024_3hop1__438364_443779_52195 seed=1 arm=reflexion: per_fault={'hop0': False, 'hop1': False, 'hop2': True, 'preamble': True} all_resolved=False n_resolved=2/4 tokens=(1634,377)
  N=4 real_musique_hop_00024_3hop1__438364_443779_52195 seed=1 arm=intro_specter: per_fault={'hop0': False, 'hop1': False, 'hop2': True, 'preamble': True} all_resolved=False n_resolved=2/4 tokens=(3901,949)
  N=4 real_musique_hop_00024_3hop1__438364_443779_52195 seed=2 arm=direct: per_fault={'hop0': True, 'hop1': False, 'hop2': True, 'preamble': True} all_resolved=False n_resolved=3/4 tokens=(1654,657)
  N=4 real_musique_hop_00024_3hop1__438364_443779_52195 seed=2 arm=self_refine: per_fault={'hop0': False, 'hop1': False, 'hop2': True, 'preamble': True} all_resolved=False n_resolved=2/4 tokens=(4132,1663)
  N=4 real_musique_hop_00024_3hop1__438364_443779_52195 seed=2 arm=full_regen: per_fault={'hop0': False, 'hop1': False, 'hop2': True, 'preamble': True} all_resolved=False n_resolved=2/4 tokens=(3288,922)
  N=4 real_musique_hop_00024_3hop1__438364_443779_52195 seed=2 arm=react: per_fault={'hop0': True, 'hop1': False, 'hop2': True, 'preamble': True} all_resolved=False n_resolved=3/4 tokens=(3341,1639)
  N=4 real_musique_hop_00024_3hop1__438364_443779_52195 seed=2 arm=selfcheckgpt: per_fault={'hop0': True, 'hop1': False, 'hop2': True, 'preamble': True} all_resolved=False n_resolved=3/4 tokens=(9737,905)
  N=4 real_musique_hop_00024_3hop1__438364_443779_52195 seed=2 arm=reflexion: per_fault={'hop0': True, 'hop1': False, 'hop2': True, 'preamble': True} all_resolved=False n_resolved=3/4 tokens=(1654,657)
  N=4 real_musique_hop_00024_3hop1__438364_443779_52195 seed=2 arm=intro_specter: per_fault={'hop0': True, 'hop1': False, 'hop2': True, 'preamble': True} all_resolved=False n_resolved=3/4 tokens=(4286,1146)
  N=4 real_musique_hop_00025_3hop1__161507_160713_77246 seed=0 arm=direct: per_fault={'hop0': False, 'hop1': True, 'hop2': False, 'preamble': True} all_resolved=False n_resolved=2/4 tokens=(1836,108)
  N=4 real_musique_hop_00025_3hop1__161507_160713_77246 seed=0 arm=self_refine: per_fault={'hop0': False, 'hop1': True, 'hop2': False, 'preamble': True} all_resolved=False n_resolved=2/4 tokens=(3743,440)
  N=4 real_musique_hop_00025_3hop1__161507_160713_77246 seed=0 arm=full_regen: per_fault={'hop0': False, 'hop1': False, 'hop2': True, 'preamble': True} all_resolved=False n_resolved=2/4 tokens=(3636,301)
  N=4 real_musique_hop_00025_3hop1__161507_160713_77246 seed=0 arm=react: per_fault={'hop0': False, 'hop1': True, 'hop2': True, 'preamble': True} all_resolved=False n_resolved=3/4 tokens=(3709,1152)
  N=4 real_musique_hop_00025_3hop1__161507_160713_77246 seed=0 arm=selfcheckgpt: per_fault={'hop0': False, 'hop1': True, 'hop2': True, 'preamble': True} all_resolved=False n_resolved=3/4 tokens=(12333,280)
  N=4 real_musique_hop_00025_3hop1__161507_160713_77246 seed=0 arm=reflexion: per_fault={'hop0': False, 'hop1': True, 'hop2': False, 'preamble': True} all_resolved=False n_resolved=2/4 tokens=(1836,108)
  N=4 real_musique_hop_00025_3hop1__161507_160713_77246 seed=0 arm=intro_specter: per_fault={'hop0': False, 'hop1': True, 'hop2': False, 'preamble': True} all_resolved=False n_resolved=2/4 tokens=(3897,575)
  N=4 real_musique_hop_00025_3hop1__161507_160713_77246 seed=1 arm=direct: per_fault={'hop0': False, 'hop1': True, 'hop2': False, 'preamble': True} all_resolved=False n_resolved=2/4 tokens=(1836,108)
  N=4 real_musique_hop_00025_3hop1__161507_160713_77246 seed=1 arm=self_refine: per_fault={'hop0': False, 'hop1': True, 'hop2': False, 'preamble': True} all_resolved=False n_resolved=2/4 tokens=(3743,440)
  N=4 real_musique_hop_00025_3hop1__161507_160713_77246 seed=1 arm=full_regen: per_fault={'hop0': False, 'hop1': True, 'hop2': True, 'preamble': True} all_resolved=False n_resolved=3/4 tokens=(3636,476)
  N=4 real_musique_hop_00025_3hop1__161507_160713_77246 seed=1 arm=react: per_fault={'hop0': False, 'hop1': True, 'hop2': True, 'preamble': True} all_resolved=False n_resolved=3/4 tokens=(3709,1152)
  N=4 real_musique_hop_00025_3hop1__161507_160713_77246 seed=1 arm=selfcheckgpt: per_fault={'hop0': False, 'hop1': True, 'hop2': True, 'preamble': True} all_resolved=False n_resolved=3/4 tokens=(12359,274)
  N=4 real_musique_hop_00025_3hop1__161507_160713_77246 seed=1 arm=reflexion: per_fault={'hop0': False, 'hop1': True, 'hop2': False, 'preamble': True} all_resolved=False n_resolved=2/4 tokens=(1836,108)
  N=4 real_musique_hop_00025_3hop1__161507_160713_77246 seed=1 arm=intro_specter: per_fault={'hop0': False, 'hop1': True, 'hop2': False, 'preamble': True} all_resolved=False n_resolved=2/4 tokens=(3897,575)
  N=4 real_musique_hop_00025_3hop1__161507_160713_77246 seed=2 arm=direct: per_fault={'hop0': False, 'hop1': True, 'hop2': False, 'preamble': True} all_resolved=False n_resolved=2/4 tokens=(1800,355)
  N=4 real_musique_hop_00025_3hop1__161507_160713_77246 seed=2 arm=self_refine: per_fault={'hop0': False, 'hop1': True, 'hop2': False, 'preamble': True} all_resolved=False n_resolved=2/4 tokens=(4057,941)
  N=4 real_musique_hop_00025_3hop1__161507_160713_77246 seed=2 arm=full_regen: per_fault={'hop0': False, 'hop1': True, 'hop2': True, 'preamble': True} all_resolved=False n_resolved=3/4 tokens=(3600,548)
  N=4 real_musique_hop_00025_3hop1__161507_160713_77246 seed=2 arm=react: per_fault={'hop0': False, 'hop1': True, 'hop2': False, 'preamble': True} all_resolved=False n_resolved=2/4 tokens=(3653,778)
  N=4 real_musique_hop_00025_3hop1__161507_160713_77246 seed=2 arm=selfcheckgpt: per_fault={'hop0': False, 'hop1': True, 'hop2': True, 'preamble': True} all_resolved=False n_resolved=3/4 tokens=(12305,526)
  N=4 real_musique_hop_00025_3hop1__161507_160713_77246 seed=2 arm=reflexion: per_fault={'hop0': False, 'hop1': True, 'hop2': False, 'preamble': True} all_resolved=False n_resolved=2/4 tokens=(1800,355)
  N=4 real_musique_hop_00025_3hop1__161507_160713_77246 seed=2 arm=intro_specter: per_fault={'hop0': False, 'hop1': True, 'hop2': False, 'preamble': True} all_resolved=False n_resolved=2/4 tokens=(4211,806)
  N=4 real_musique_hop_00027_3hop1__507961_160713_77246 seed=0 arm=direct: per_fault={'hop0': False, 'hop1': False, 'hop2': True, 'english': True} all_resolved=False n_resolved=2/4 tokens=(1865,295)
  N=4 real_musique_hop_00027_3hop1__507961_160713_77246 seed=0 arm=self_refine: per_fault={'hop0': False, 'hop1': False, 'hop2': True, 'english': True} all_resolved=False n_resolved=2/4 tokens=(4107,769)
  N=4 real_musique_hop_00027_3hop1__507961_160713_77246 seed=0 arm=full_regen: per_fault={'hop0': False, 'hop1': False, 'hop2': True, 'english': True} all_resolved=False n_resolved=2/4 tokens=(3730,3670)
  N=4 real_musique_hop_00027_3hop1__507961_160713_77246 seed=0 arm=react: per_fault={'hop0': False, 'hop1': False, 'hop2': True, 'english': True} all_resolved=False n_resolved=2/4 tokens=(3783,1088)
  N=4 real_musique_hop_00027_3hop1__507961_160713_77246 seed=0 arm=selfcheckgpt: per_fault={'hop0': False, 'hop1': False, 'hop2': True, 'english': True} all_resolved=False n_resolved=2/4 tokens=(10940,389)
  N=4 real_musique_hop_00027_3hop1__507961_160713_77246 seed=0 arm=reflexion: per_fault={'hop0': False, 'hop1': False, 'hop2': True, 'english': True} all_resolved=False n_resolved=2/4 tokens=(1865,295)
  N=4 real_musique_hop_00027_3hop1__507961_160713_77246 seed=0 arm=intro_specter: per_fault={'hop0': False, 'hop1': False, 'hop2': True, 'english': True} all_resolved=False n_resolved=2/4 tokens=(4281,617)
  N=4 real_musique_hop_00027_3hop1__507961_160713_77246 seed=1 arm=direct: per_fault={'hop0': False, 'hop1': False, 'hop2': True, 'english': True} all_resolved=False n_resolved=2/4 tokens=(1865,295)
  N=4 real_musique_hop_00027_3hop1__507961_160713_77246 seed=1 arm=self_refine: per_fault={'hop0': False, 'hop1': False, 'hop2': True, 'english': True} all_resolved=False n_resolved=2/4 tokens=(4107,769)
  N=4 real_musique_hop_00027_3hop1__507961_160713_77246 seed=1 arm=full_regen: per_fault={'hop0': False, 'hop1': False, 'hop2': False, 'english': True} all_resolved=False n_resolved=1/4 tokens=(3750,747)
  N=4 real_musique_hop_00027_3hop1__507961_160713_77246 seed=1 arm=react: per_fault={'hop0': False, 'hop1': False, 'hop2': True, 'english': True} all_resolved=False n_resolved=2/4 tokens=(3783,1088)
  N=4 real_musique_hop_00027_3hop1__507961_160713_77246 seed=1 arm=selfcheckgpt: per_fault={'hop0': False, 'hop1': False, 'hop2': True, 'english': True} all_resolved=False n_resolved=2/4 tokens=(10889,430)
  N=4 real_musique_hop_00027_3hop1__507961_160713_77246 seed=1 arm=reflexion: per_fault={'hop0': False, 'hop1': False, 'hop2': True, 'english': True} all_resolved=False n_resolved=2/4 tokens=(1865,295)
  N=4 real_musique_hop_00027_3hop1__507961_160713_77246 seed=1 arm=intro_specter: per_fault={'hop0': False, 'hop1': False, 'hop2': True, 'english': True} all_resolved=False n_resolved=2/4 tokens=(4281,617)
  N=4 real_musique_hop_00027_3hop1__507961_160713_77246 seed=2 arm=direct: per_fault={'hop0': False, 'hop1': False, 'hop2': True, 'english': True} all_resolved=False n_resolved=2/4 tokens=(1900,312)
  N=4 real_musique_hop_00027_3hop1__507961_160713_77246 seed=2 arm=self_refine: per_fault={'hop0': False, 'hop1': False, 'hop2': True, 'english': True} all_resolved=False n_resolved=2/4 tokens=(4194,834)
  N=4 real_musique_hop_00027_3hop1__507961_160713_77246 seed=2 arm=full_regen: per_fault={'hop0': False, 'hop1': False, 'hop2': False, 'english': True} all_resolved=False n_resolved=1/4 tokens=(3785,442)
  N=4 real_musique_hop_00027_3hop1__507961_160713_77246 seed=2 arm=react: per_fault={'hop0': False, 'hop1': False, 'hop2': True, 'english': True} all_resolved=False n_resolved=2/4 tokens=(3818,1105)
  N=4 real_musique_hop_00027_3hop1__507961_160713_77246 seed=2 arm=selfcheckgpt: per_fault={'hop0': False, 'hop1': False, 'hop2': True, 'english': True} all_resolved=False n_resolved=2/4 tokens=(10883,409)
  N=4 real_musique_hop_00027_3hop1__507961_160713_77246 seed=2 arm=reflexion: per_fault={'hop0': False, 'hop1': False, 'hop2': True, 'english': True} all_resolved=False n_resolved=2/4 tokens=(1900,312)
  N=4 real_musique_hop_00027_3hop1__507961_160713_77246 seed=2 arm=intro_specter: per_fault={'hop0': False, 'hop1': False, 'hop2': True, 'english': True} all_resolved=False n_resolved=2/4 tokens=(4313,900)
  N=4 real_musique_hop_00030_3hop1__604797_443779_52195 seed=0 arm=direct: per_fault={'hop0': False, 'hop1': False, 'hop2': True, 'concise': True} all_resolved=False n_resolved=2/4 tokens=(1833,373)
  N=4 real_musique_hop_00030_3hop1__604797_443779_52195 seed=0 arm=self_refine: per_fault={'hop0': False, 'hop1': False, 'hop2': True, 'concise': True} all_resolved=False n_resolved=2/4 tokens=(4121,957)
  N=4 real_musique_hop_00030_3hop1__604797_443779_52195 seed=0 arm=full_regen: per_fault={'hop0': True, 'hop1': True, 'hop2': True, 'concise': True} all_resolved=True n_resolved=4/4 tokens=(3686,1438)
  N=4 real_musique_hop_00030_3hop1__604797_443779_52195 seed=0 arm=react: per_fault={'hop0': True, 'hop1': True, 'hop2': True, 'concise': True} all_resolved=True n_resolved=4/4 tokens=(3739,1366)
  N=4 real_musique_hop_00030_3hop1__604797_443779_52195 seed=0 arm=selfcheckgpt: per_fault={'hop0': False, 'hop1': False, 'hop2': True, 'concise': True} all_resolved=False n_resolved=2/4 tokens=(10772,580)
  N=4 real_musique_hop_00030_3hop1__604797_443779_52195 seed=0 arm=reflexion: per_fault={'hop0': False, 'hop1': False, 'hop2': True, 'concise': True} all_resolved=False n_resolved=2/4 tokens=(1833,373)
  N=4 real_musique_hop_00030_3hop1__604797_443779_52195 seed=0 arm=intro_specter: per_fault={'hop0': False, 'hop1': False, 'hop2': True, 'concise': True} all_resolved=False n_resolved=2/4 tokens=(4275,995)
  N=4 real_musique_hop_00030_3hop1__604797_443779_52195 seed=1 arm=direct: per_fault={'hop0': False, 'hop1': False, 'hop2': True, 'concise': True} all_resolved=False n_resolved=2/4 tokens=(1833,373)
  N=4 real_musique_hop_00030_3hop1__604797_443779_52195 seed=1 arm=self_refine: per_fault={'hop0': False, 'hop1': False, 'hop2': True, 'concise': True} all_resolved=False n_resolved=2/4 tokens=(4121,957)
  N=4 real_musique_hop_00030_3hop1__604797_443779_52195 seed=1 arm=full_regen: per_fault={'hop0': False, 'hop1': False, 'hop2': True, 'concise': True} all_resolved=False n_resolved=2/4 tokens=(3666,628)
  N=4 real_musique_hop_00030_3hop1__604797_443779_52195 seed=1 arm=react: per_fault={'hop0': True, 'hop1': True, 'hop2': True, 'concise': True} all_resolved=True n_resolved=4/4 tokens=(3739,1366)
  N=4 real_musique_hop_00030_3hop1__604797_443779_52195 seed=1 arm=selfcheckgpt: per_fault={'hop0': False, 'hop1': False, 'hop2': True, 'concise': True} all_resolved=False n_resolved=2/4 tokens=(10855,581)
  N=4 real_musique_hop_00030_3hop1__604797_443779_52195 seed=1 arm=reflexion: per_fault={'hop0': False, 'hop1': False, 'hop2': True, 'concise': True} all_resolved=False n_resolved=2/4 tokens=(1833,373)
  N=4 real_musique_hop_00030_3hop1__604797_443779_52195 seed=1 arm=intro_specter: per_fault={'hop0': False, 'hop1': False, 'hop2': True, 'concise': True} all_resolved=False n_resolved=2/4 tokens=(4275,995)
  N=4 real_musique_hop_00030_3hop1__604797_443779_52195 seed=2 arm=direct: per_fault={'hop0': False, 'hop1': False, 'hop2': True, 'concise': False} all_resolved=False n_resolved=1/4 tokens=(1833,369)
  N=4 real_musique_hop_00030_3hop1__604797_443779_52195 seed=2 arm=self_refine: per_fault={'hop0': False, 'hop1': True, 'hop2': True, 'concise': False} all_resolved=False n_resolved=2/4 tokens=(4137,1158)
  N=4 real_musique_hop_00030_3hop1__604797_443779_52195 seed=2 arm=full_regen: per_fault={'hop0': True, 'hop1': False, 'hop2': True, 'concise': False} all_resolved=False n_resolved=2/4 tokens=(3686,1872)
  N=4 real_musique_hop_00030_3hop1__604797_443779_52195 seed=2 arm=react: per_fault={'hop0': False, 'hop1': False, 'hop2': True, 'concise': False} all_resolved=False n_resolved=1/4 tokens=(3739,1310)
  N=4 real_musique_hop_00030_3hop1__604797_443779_52195 seed=2 arm=selfcheckgpt: per_fault={'hop0': False, 'hop1': False, 'hop2': True, 'concise': False} all_resolved=False n_resolved=1/4 tokens=(11043,788)
  N=4 real_musique_hop_00030_3hop1__604797_443779_52195 seed=2 arm=reflexion: per_fault={'hop0': False, 'hop1': False, 'hop2': True, 'concise': False} all_resolved=False n_resolved=1/4 tokens=(1833,369)
  N=4 real_musique_hop_00030_3hop1__604797_443779_52195 seed=2 arm=intro_specter: per_fault={'hop0': False, 'hop1': False, 'hop2': True, 'concise': False} all_resolved=False n_resolved=1/4 tokens=(4271,791)
  N=4 real_musique_hop_00031_3hop1__475351_160713_77246 seed=0 arm=direct: per_fault={'hop0': False, 'hop1': False, 'hop2': True, 'concise': True} all_resolved=False n_resolved=2/4 tokens=(1917,417)
  N=4 real_musique_hop_00031_3hop1__475351_160713_77246 seed=0 arm=self_refine: per_fault={'hop0': False, 'hop1': False, 'hop2': True, 'concise': True} all_resolved=False n_resolved=2/4 tokens=(4333,1117)
  N=4 real_musique_hop_00031_3hop1__475351_160713_77246 seed=0 arm=full_regen: per_fault={'hop0': False, 'hop1': False, 'hop2': False, 'concise': True} all_resolved=False n_resolved=1/4 tokens=(3814,804)
  N=4 real_musique_hop_00031_3hop1__475351_160713_77246 seed=0 arm=react: per_fault={'hop0': False, 'hop1': True, 'hop2': True, 'concise': True} all_resolved=False n_resolved=3/4 tokens=(3887,1628)
  N=4 real_musique_hop_00031_3hop1__475351_160713_77246 seed=0 arm=selfcheckgpt: per_fault={'hop0': False, 'hop1': False, 'hop2': True, 'concise': True} all_resolved=False n_resolved=2/4 tokens=(11448,895)
  N=4 real_musique_hop_00031_3hop1__475351_160713_77246 seed=0 arm=reflexion: per_fault={'hop0': False, 'hop1': False, 'hop2': True, 'concise': True} all_resolved=False n_resolved=2/4 tokens=(1917,417)
  N=4 real_musique_hop_00031_3hop1__475351_160713_77246 seed=0 arm=intro_specter: per_fault={'hop0': False, 'hop1': False, 'hop2': True, 'concise': True} all_resolved=False n_resolved=2/4 tokens=(4487,935)
  N=4 real_musique_hop_00031_3hop1__475351_160713_77246 seed=1 arm=direct: per_fault={'hop0': False, 'hop1': False, 'hop2': True, 'concise': True} all_resolved=False n_resolved=2/4 tokens=(1917,417)
  N=4 real_musique_hop_00031_3hop1__475351_160713_77246 seed=1 arm=self_refine: per_fault={'hop0': False, 'hop1': False, 'hop2': True, 'concise': True} all_resolved=False n_resolved=2/4 tokens=(4333,1117)
  N=4 real_musique_hop_00031_3hop1__475351_160713_77246 seed=1 arm=full_regen: per_fault={'hop0': False, 'hop1': False, 'hop2': True, 'concise': True} all_resolved=False n_resolved=2/4 tokens=(3814,934)
  N=4 real_musique_hop_00031_3hop1__475351_160713_77246 seed=1 arm=react: per_fault={'hop0': False, 'hop1': True, 'hop2': True, 'concise': True} all_resolved=False n_resolved=3/4 tokens=(3887,1628)
  N=4 real_musique_hop_00031_3hop1__475351_160713_77246 seed=1 arm=selfcheckgpt: per_fault={'hop0': False, 'hop1': False, 'hop2': True, 'concise': True} all_resolved=False n_resolved=2/4 tokens=(13060,553)
  N=4 real_musique_hop_00031_3hop1__475351_160713_77246 seed=1 arm=reflexion: per_fault={'hop0': False, 'hop1': False, 'hop2': True, 'concise': True} all_resolved=False n_resolved=2/4 tokens=(1917,417)
  N=4 real_musique_hop_00031_3hop1__475351_160713_77246 seed=1 arm=intro_specter: per_fault={'hop0': False, 'hop1': False, 'hop2': True, 'concise': True} all_resolved=False n_resolved=2/4 tokens=(4487,935)
  N=4 real_musique_hop_00031_3hop1__475351_160713_77246 seed=2 arm=direct: per_fault={'hop0': False, 'hop1': False, 'hop2': True, 'concise': True} all_resolved=False n_resolved=2/4 tokens=(1897,362)
  N=4 real_musique_hop_00031_3hop1__475351_160713_77246 seed=2 arm=self_refine: per_fault={'hop0': False, 'hop1': False, 'hop2': True, 'concise': True} all_resolved=False n_resolved=2/4 tokens=(4274,966)
  N=4 real_musique_hop_00031_3hop1__475351_160713_77246 seed=2 arm=full_regen: per_fault={'hop0': False, 'hop1': True, 'hop2': True, 'concise': True} all_resolved=False n_resolved=3/4 tokens=(3794,958)
  N=4 real_musique_hop_00031_3hop1__475351_160713_77246 seed=2 arm=react: per_fault={'hop0': False, 'hop1': True, 'hop2': True, 'concise': True} all_resolved=False n_resolved=3/4 tokens=(3902,1683)
  N=4 real_musique_hop_00031_3hop1__475351_160713_77246 seed=2 arm=selfcheckgpt: per_fault={'hop0': False, 'hop1': True, 'hop2': True, 'concise': True} all_resolved=False n_resolved=3/4 tokens=(13005,510)
  N=4 real_musique_hop_00031_3hop1__475351_160713_77246 seed=2 arm=reflexion: per_fault={'hop0': False, 'hop1': False, 'hop2': True, 'concise': True} all_resolved=False n_resolved=2/4 tokens=(1897,362)
  N=4 real_musique_hop_00031_3hop1__475351_160713_77246 seed=2 arm=intro_specter: per_fault={'hop0': False, 'hop1': False, 'hop2': True, 'concise': True} all_resolved=False n_resolved=2/4 tokens=(4412,887)
  N=4 real_musique_hop_00032_3hop1__498954_160713_77246 seed=0 arm=direct: per_fault={'hop0': False, 'hop1': True, 'hop2': True, 'concise': True} all_resolved=False n_resolved=3/4 tokens=(1808,403)
  N=4 real_musique_hop_00032_3hop1__498954_160713_77246 seed=0 arm=self_refine: per_fault={'hop0': False, 'hop1': True, 'hop2': True, 'concise': True} all_resolved=False n_resolved=3/4 tokens=(4102,1071)
  N=4 real_musique_hop_00032_3hop1__498954_160713_77246 seed=0 arm=full_regen: per_fault={'hop0': False, 'hop1': False, 'hop2': True, 'concise': True} all_resolved=False n_resolved=2/4 tokens=(3596,843)
  N=4 real_musique_hop_00032_3hop1__498954_160713_77246 seed=0 arm=react: per_fault={'hop0': False, 'hop1': False, 'hop2': True, 'concise': True} all_resolved=False n_resolved=2/4 tokens=(3669,1464)
  N=4 real_musique_hop_00032_3hop1__498954_160713_77246 seed=0 arm=selfcheckgpt: per_fault={'hop0': False, 'hop1': True, 'hop2': True, 'concise': True} all_resolved=False n_resolved=3/4 tokens=(12229,968)
  N=4 real_musique_hop_00032_3hop1__498954_160713_77246 seed=0 arm=reflexion: per_fault={'hop0': False, 'hop1': True, 'hop2': True, 'concise': True} all_resolved=False n_resolved=3/4 tokens=(1808,403)
  N=4 real_musique_hop_00032_3hop1__498954_160713_77246 seed=0 arm=intro_specter: per_fault={'hop0': False, 'hop1': True, 'hop2': True, 'concise': True} all_resolved=False n_resolved=3/4 tokens=(4276,926)
  N=4 real_musique_hop_00032_3hop1__498954_160713_77246 seed=1 arm=direct: per_fault={'hop0': False, 'hop1': True, 'hop2': True, 'concise': True} all_resolved=False n_resolved=3/4 tokens=(1808,403)
  N=4 real_musique_hop_00032_3hop1__498954_160713_77246 seed=1 arm=self_refine: per_fault={'hop0': False, 'hop1': True, 'hop2': True, 'concise': True} all_resolved=False n_resolved=3/4 tokens=(4102,1071)
  N=4 real_musique_hop_00032_3hop1__498954_160713_77246 seed=1 arm=full_regen: per_fault={'hop0': False, 'hop1': False, 'hop2': True, 'concise': True} all_resolved=False n_resolved=2/4 tokens=(3616,759)
  N=4 real_musique_hop_00032_3hop1__498954_160713_77246 seed=1 arm=react: per_fault={'hop0': False, 'hop1': False, 'hop2': True, 'concise': True} all_resolved=False n_resolved=2/4 tokens=(3669,1464)
  N=4 real_musique_hop_00032_3hop1__498954_160713_77246 seed=1 arm=selfcheckgpt: per_fault={'hop0': False, 'hop1': True, 'hop2': True, 'concise': True} all_resolved=False n_resolved=3/4 tokens=(12244,625)
  N=4 real_musique_hop_00032_3hop1__498954_160713_77246 seed=1 arm=reflexion: per_fault={'hop0': False, 'hop1': True, 'hop2': True, 'concise': True} all_resolved=False n_resolved=3/4 tokens=(1808,403)
  N=4 real_musique_hop_00032_3hop1__498954_160713_77246 seed=1 arm=intro_specter: per_fault={'hop0': False, 'hop1': True, 'hop2': True, 'concise': True} all_resolved=False n_resolved=3/4 tokens=(4276,926)
  N=4 real_musique_hop_00032_3hop1__498954_160713_77246 seed=2 arm=direct: per_fault={'hop0': False, 'hop1': True, 'hop2': False, 'concise': True} all_resolved=False n_resolved=2/4 tokens=(1824,516)
  N=4 real_musique_hop_00032_3hop1__498954_160713_77246 seed=2 arm=self_refine: per_fault={'hop0': False, 'hop1': True, 'hop2': False, 'concise': True} all_resolved=False n_resolved=2/4 tokens=(4294,1291)
  N=4 real_musique_hop_00032_3hop1__498954_160713_77246 seed=2 arm=full_regen: per_fault={'hop0': False, 'hop1': False, 'hop2': True, 'concise': True} all_resolved=False n_resolved=2/4 tokens=(3632,708)
  N=4 real_musique_hop_00032_3hop1__498954_160713_77246 seed=2 arm=react: per_fault={'hop0': False, 'hop1': True, 'hop2': True, 'concise': True} all_resolved=False n_resolved=3/4 tokens=(3665,1060)
  N=4 real_musique_hop_00032_3hop1__498954_160713_77246 seed=2 arm=selfcheckgpt: per_fault={'hop0': False, 'hop1': True, 'hop2': True, 'concise': True} all_resolved=False n_resolved=3/4 tokens=(12364,836)
  N=4 real_musique_hop_00032_3hop1__498954_160713_77246 seed=2 arm=reflexion: per_fault={'hop0': False, 'hop1': True, 'hop2': False, 'concise': True} all_resolved=False n_resolved=2/4 tokens=(1824,516)
  N=4 real_musique_hop_00032_3hop1__498954_160713_77246 seed=2 arm=intro_specter: per_fault={'hop0': False, 'hop1': True, 'hop2': False, 'concise': True} all_resolved=False n_resolved=2/4 tokens=(4448,1091)
  N=4 real_musique_hop_00033_3hop1__743797_443779_52195 seed=0 arm=direct: per_fault={'hop0': False, 'hop1': False, 'hop2': True, 'preamble': True} all_resolved=False n_resolved=2/4 tokens=(1780,131)
  N=4 real_musique_hop_00033_3hop1__743797_443779_52195 seed=0 arm=self_refine: per_fault={'hop0': True, 'hop1': True, 'hop2': True, 'preamble': True} all_resolved=True n_resolved=4/4 tokens=(3669,724)
  N=4 real_musique_hop_00033_3hop1__743797_443779_52195 seed=0 arm=full_regen: per_fault={'hop0': False, 'hop1': True, 'hop2': True, 'preamble': True} all_resolved=False n_resolved=3/4 tokens=(3540,610)
  N=4 real_musique_hop_00033_3hop1__743797_443779_52195 seed=0 arm=react: per_fault={'hop0': False, 'hop1': False, 'hop2': True, 'preamble': True} all_resolved=False n_resolved=2/4 tokens=(3593,601)
  N=4 real_musique_hop_00033_3hop1__743797_443779_52195 seed=0 arm=selfcheckgpt: per_fault={'hop0': False, 'hop1': False, 'hop2': True, 'preamble': True} all_resolved=False n_resolved=2/4 tokens=(10410,325)
  N=4 real_musique_hop_00033_3hop1__743797_443779_52195 seed=0 arm=reflexion: per_fault={'hop0': False, 'hop1': False, 'hop2': True, 'preamble': True} all_resolved=False n_resolved=2/4 tokens=(1780,131)
  N=4 real_musique_hop_00033_3hop1__743797_443779_52195 seed=0 arm=intro_specter: per_fault={'hop0': False, 'hop1': False, 'hop2': True, 'preamble': True} all_resolved=False n_resolved=2/4 tokens=(3843,356)
  N=4 real_musique_hop_00033_3hop1__743797_443779_52195 seed=1 arm=direct: per_fault={'hop0': False, 'hop1': False, 'hop2': True, 'preamble': True} all_resolved=False n_resolved=2/4 tokens=(1780,131)
  N=4 real_musique_hop_00033_3hop1__743797_443779_52195 seed=1 arm=self_refine: per_fault={'hop0': True, 'hop1': True, 'hop2': True, 'preamble': True} all_resolved=True n_resolved=4/4 tokens=(3669,724)
  N=4 real_musique_hop_00033_3hop1__743797_443779_52195 seed=1 arm=full_regen: per_fault={'hop0': False, 'hop1': True, 'hop2': True, 'preamble': True} all_resolved=False n_resolved=3/4 tokens=(3540,447)
  N=4 real_musique_hop_00033_3hop1__743797_443779_52195 seed=1 arm=react: per_fault={'hop0': False, 'hop1': False, 'hop2': True, 'preamble': True} all_resolved=False n_resolved=2/4 tokens=(3593,601)
  N=4 real_musique_hop_00033_3hop1__743797_443779_52195 seed=1 arm=selfcheckgpt: per_fault={'hop0': False, 'hop1': False, 'hop2': True, 'preamble': True} all_resolved=False n_resolved=2/4 tokens=(10329,303)
  N=4 real_musique_hop_00033_3hop1__743797_443779_52195 seed=1 arm=reflexion: per_fault={'hop0': False, 'hop1': False, 'hop2': True, 'preamble': True} all_resolved=False n_resolved=2/4 tokens=(1780,131)
  N=4 real_musique_hop_00033_3hop1__743797_443779_52195 seed=1 arm=intro_specter: per_fault={'hop0': False, 'hop1': False, 'hop2': True, 'preamble': True} all_resolved=False n_resolved=2/4 tokens=(3843,356)
  N=4 real_musique_hop_00033_3hop1__743797_443779_52195 seed=2 arm=direct: per_fault={'hop0': False, 'hop1': False, 'hop2': True, 'preamble': True} all_resolved=False n_resolved=2/4 tokens=(1760,392)
  N=4 real_musique_hop_00033_3hop1__743797_443779_52195 seed=2 arm=self_refine: per_fault={'hop0': False, 'hop1': False, 'hop2': True, 'preamble': True} all_resolved=False n_resolved=2/4 tokens=(3994,1003)
  N=4 real_musique_hop_00033_3hop1__743797_443779_52195 seed=2 arm=full_regen: per_fault={'hop0': False, 'hop1': False, 'hop2': True, 'preamble': True} all_resolved=False n_resolved=2/4 tokens=(3520,601)
  N=4 real_musique_hop_00033_3hop1__743797_443779_52195 seed=2 arm=react: per_fault={'hop0': False, 'hop1': False, 'hop2': True, 'preamble': True} all_resolved=False n_resolved=2/4 tokens=(3593,1233)
  N=4 real_musique_hop_00033_3hop1__743797_443779_52195 seed=2 arm=selfcheckgpt: per_fault={'hop0': False, 'hop1': False, 'hop2': True, 'preamble': True} all_resolved=False n_resolved=2/4 tokens=(10296,554)
  N=4 real_musique_hop_00033_3hop1__743797_443779_52195 seed=2 arm=reflexion: per_fault={'hop0': False, 'hop1': False, 'hop2': True, 'preamble': True} all_resolved=False n_resolved=2/4 tokens=(1760,392)
  N=4 real_musique_hop_00033_3hop1__743797_443779_52195 seed=2 arm=intro_specter: per_fault={'hop0': False, 'hop1': False, 'hop2': True, 'preamble': True} all_resolved=False n_resolved=2/4 tokens=(4148,922)
  N=4 real_musique_hop_00035_3hop1__105837_160713_77246 seed=0 arm=direct: per_fault={'hop0': False, 'hop1': True, 'hop2': False, 'concise': True} all_resolved=False n_resolved=2/4 tokens=(1965,408)
  N=4 real_musique_hop_00035_3hop1__105837_160713_77246 seed=0 arm=self_refine: per_fault={'hop0': False, 'hop1': True, 'hop2': False, 'concise': False} all_resolved=False n_resolved=1/4 tokens=(4379,1183)
  N=4 real_musique_hop_00035_3hop1__105837_160713_77246 seed=0 arm=full_regen: per_fault={'hop0': False, 'hop1': True, 'hop2': True, 'concise': True} all_resolved=False n_resolved=3/4 tokens=(3946,809)
  N=4 real_musique_hop_00035_3hop1__105837_160713_77246 seed=0 arm=react: per_fault={'hop0': False, 'hop1': False, 'hop2': True, 'concise': True} all_resolved=False n_resolved=2/4 tokens=(3963,850)
  N=4 real_musique_hop_00035_3hop1__105837_160713_77246 seed=0 arm=selfcheckgpt: per_fault={'hop0': False, 'hop1': True, 'hop2': False, 'concise': True} all_resolved=False n_resolved=2/4 tokens=(13398,635)
  N=4 real_musique_hop_00035_3hop1__105837_160713_77246 seed=0 arm=reflexion: per_fault={'hop0': False, 'hop1': True, 'hop2': False, 'concise': True} all_resolved=False n_resolved=2/4 tokens=(1965,408)
  N=4 real_musique_hop_00035_3hop1__105837_160713_77246 seed=0 arm=intro_specter: per_fault={'hop0': False, 'hop1': True, 'hop2': False, 'concise': True} all_resolved=False n_resolved=2/4 tokens=(4569,908)
  N=4 real_musique_hop_00035_3hop1__105837_160713_77246 seed=1 arm=direct: per_fault={'hop0': False, 'hop1': True, 'hop2': False, 'concise': True} all_resolved=False n_resolved=2/4 tokens=(1965,408)
  N=4 real_musique_hop_00035_3hop1__105837_160713_77246 seed=1 arm=self_refine: per_fault={'hop0': False, 'hop1': True, 'hop2': False, 'concise': False} all_resolved=False n_resolved=1/4 tokens=(4379,1183)
  N=4 real_musique_hop_00035_3hop1__105837_160713_77246 seed=1 arm=full_regen: per_fault={'hop0': False, 'hop1': True, 'hop2': False, 'concise': True} all_resolved=False n_resolved=2/4 tokens=(3930,1015)
  N=4 real_musique_hop_00035_3hop1__105837_160713_77246 seed=1 arm=react: per_fault={'hop0': False, 'hop1': False, 'hop2': True, 'concise': True} all_resolved=False n_resolved=2/4 tokens=(3963,850)
  N=4 real_musique_hop_00035_3hop1__105837_160713_77246 seed=1 arm=selfcheckgpt: per_fault={'hop0': False, 'hop1': True, 'hop2': False, 'concise': True} all_resolved=False n_resolved=2/4 tokens=(13606,945)
  N=4 real_musique_hop_00035_3hop1__105837_160713_77246 seed=1 arm=reflexion: per_fault={'hop0': False, 'hop1': True, 'hop2': False, 'concise': True} all_resolved=False n_resolved=2/4 tokens=(1965,408)
  N=4 real_musique_hop_00035_3hop1__105837_160713_77246 seed=1 arm=intro_specter: per_fault={'hop0': False, 'hop1': True, 'hop2': False, 'concise': True} all_resolved=False n_resolved=2/4 tokens=(4569,908)
  N=4 real_musique_hop_00035_3hop1__105837_160713_77246 seed=2 arm=direct: per_fault={'hop0': False, 'hop1': True, 'hop2': False, 'concise': True} all_resolved=False n_resolved=2/4 tokens=(1945,358)
  N=4 real_musique_hop_00035_3hop1__105837_160713_77246 seed=2 arm=self_refine: per_fault={'hop0': False, 'hop1': True, 'hop2': False, 'concise': True} all_resolved=False n_resolved=2/4 tokens=(4350,997)
  N=4 real_musique_hop_00035_3hop1__105837_160713_77246 seed=2 arm=full_regen: per_fault={'hop0': False, 'hop1': False, 'hop2': True, 'concise': True} all_resolved=False n_resolved=2/4 tokens=(3890,682)
  N=4 real_musique_hop_00035_3hop1__105837_160713_77246 seed=2 arm=react: per_fault={'hop0': False, 'hop1': False, 'hop2': False, 'concise': True} all_resolved=False n_resolved=1/4 tokens=(3963,1446)
  N=4 real_musique_hop_00035_3hop1__105837_160713_77246 seed=2 arm=selfcheckgpt: per_fault={'hop0': False, 'hop1': True, 'hop2': True, 'concise': True} all_resolved=False n_resolved=3/4 tokens=(13450,627)
  N=4 real_musique_hop_00035_3hop1__105837_160713_77246 seed=2 arm=reflexion: per_fault={'hop0': False, 'hop1': True, 'hop2': False, 'concise': True} all_resolved=False n_resolved=2/4 tokens=(1945,358)
  N=4 real_musique_hop_00035_3hop1__105837_160713_77246 seed=2 arm=intro_specter: per_fault={'hop0': False, 'hop1': True, 'hop2': False, 'concise': True} all_resolved=False n_resolved=2/4 tokens=(4504,681)
  N=4 real_musique_hop_00036_3hop1__487301_443779_52195 seed=0 arm=direct: per_fault={'hop0': True, 'hop1': True, 'hop2': True, 'concise': True} all_resolved=True n_resolved=4/4 tokens=(1833,706)
  N=4 real_musique_hop_00036_3hop1__487301_443779_52195 seed=0 arm=self_refine: per_fault={'hop0': True, 'hop1': True, 'hop2': True, 'concise': True} all_resolved=True n_resolved=4/4 tokens=(4581,1755)
  N=4 real_musique_hop_00036_3hop1__487301_443779_52195 seed=0 arm=full_regen: per_fault={'hop0': False, 'hop1': False, 'hop2': True, 'concise': True} all_resolved=False n_resolved=2/4 tokens=(3646,959)
  N=4 real_musique_hop_00036_3hop1__487301_443779_52195 seed=0 arm=react: per_fault={'hop0': True, 'hop1': True, 'hop2': True, 'concise': True} all_resolved=True n_resolved=4/4 tokens=(3719,1927)
  N=4 real_musique_hop_00036_3hop1__487301_443779_52195 seed=0 arm=selfcheckgpt: per_fault={'hop0': True, 'hop1': True, 'hop2': True, 'concise': True} all_resolved=True n_resolved=4/4 tokens=(10758,935)
  N=4 real_musique_hop_00036_3hop1__487301_443779_52195 seed=0 arm=reflexion: per_fault={'hop0': True, 'hop1': True, 'hop2': True, 'concise': True} all_resolved=True n_resolved=4/4 tokens=(1833,706)
  N=4 real_musique_hop_00036_3hop1__487301_443779_52195 seed=0 arm=intro_specter: per_fault={'hop0': True, 'hop1': True, 'hop2': True, 'concise': True} all_resolved=True n_resolved=4/4 tokens=(4755,2059)
  N=4 real_musique_hop_00036_3hop1__487301_443779_52195 seed=1 arm=direct: per_fault={'hop0': True, 'hop1': True, 'hop2': True, 'concise': True} all_resolved=True n_resolved=4/4 tokens=(1833,706)
  N=4 real_musique_hop_00036_3hop1__487301_443779_52195 seed=1 arm=self_refine: per_fault={'hop0': True, 'hop1': True, 'hop2': True, 'concise': True} all_resolved=True n_resolved=4/4 tokens=(4581,1755)
  N=4 real_musique_hop_00036_3hop1__487301_443779_52195 seed=1 arm=full_regen: per_fault={'hop0': False, 'hop1': False, 'hop2': True, 'concise': True} all_resolved=False n_resolved=2/4 tokens=(3646,1038)
  N=4 real_musique_hop_00036_3hop1__487301_443779_52195 seed=1 arm=react: per_fault={'hop0': True, 'hop1': True, 'hop2': True, 'concise': True} all_resolved=True n_resolved=4/4 tokens=(3719,1927)
  N=4 real_musique_hop_00036_3hop1__487301_443779_52195 seed=1 arm=selfcheckgpt: per_fault={'hop0': True, 'hop1': True, 'hop2': True, 'concise': True} all_resolved=True n_resolved=4/4 tokens=(10734,992)
  N=4 real_musique_hop_00036_3hop1__487301_443779_52195 seed=1 arm=reflexion: per_fault={'hop0': True, 'hop1': True, 'hop2': True, 'concise': True} all_resolved=True n_resolved=4/4 tokens=(1833,706)
  N=4 real_musique_hop_00036_3hop1__487301_443779_52195 seed=1 arm=intro_specter: per_fault={'hop0': True, 'hop1': True, 'hop2': True, 'concise': True} all_resolved=True n_resolved=4/4 tokens=(4755,2059)
  N=4 real_musique_hop_00036_3hop1__487301_443779_52195 seed=2 arm=direct: per_fault={'hop0': False, 'hop1': False, 'hop2': True, 'concise': True} all_resolved=False n_resolved=2/4 tokens=(1813,313)
  N=4 real_musique_hop_00036_3hop1__487301_443779_52195 seed=2 arm=self_refine: per_fault={'hop0': True, 'hop1': False, 'hop2': True, 'concise': False} all_resolved=False n_resolved=2/4 tokens=(4057,870)
  N=4 real_musique_hop_00036_3hop1__487301_443779_52195 seed=2 arm=full_regen: per_fault={'hop0': False, 'hop1': False, 'hop2': True, 'concise': True} all_resolved=False n_resolved=2/4 tokens=(3626,622)
  N=4 real_musique_hop_00036_3hop1__487301_443779_52195 seed=2 arm=react: per_fault={'hop0': False, 'hop1': False, 'hop2': True, 'concise': True} all_resolved=False n_resolved=2/4 tokens=(3679,666)
  N=4 real_musique_hop_00036_3hop1__487301_443779_52195 seed=2 arm=selfcheckgpt: per_fault={'hop0': False, 'hop1': False, 'hop2': True, 'concise': True} all_resolved=False n_resolved=2/4 tokens=(12558,652)
  N=4 real_musique_hop_00036_3hop1__487301_443779_52195 seed=2 arm=reflexion: per_fault={'hop0': False, 'hop1': False, 'hop2': True, 'concise': True} all_resolved=False n_resolved=2/4 tokens=(1813,313)
  N=4 real_musique_hop_00036_3hop1__487301_443779_52195 seed=2 arm=intro_specter: per_fault={'hop0': False, 'hop1': False, 'hop2': True, 'concise': True} all_resolved=False n_resolved=2/4 tokens=(4195,849)
  N=4 real_musique_hop_00040_3hop1__107195_160713_77246 seed=0 arm=direct: per_fault={'hop0': False, 'hop1': True, 'hop2': True, 'concise': True} all_resolved=False n_resolved=3/4 tokens=(2030,495)
  N=4 real_musique_hop_00040_3hop1__107195_160713_77246 seed=0 arm=self_refine: per_fault={'hop0': False, 'hop1': True, 'hop2': True, 'concise': True} all_resolved=False n_resolved=3/4 tokens=(4679,1365)
  N=4 real_musique_hop_00040_3hop1__107195_160713_77246 seed=0 arm=full_regen: per_fault={'hop0': False, 'hop1': True, 'hop2': True, 'concise': True} all_resolved=False n_resolved=3/4 tokens=(4040,864)
  N=4 real_musique_hop_00040_3hop1__107195_160713_77246 seed=0 arm=react: per_fault={'hop0': False, 'hop1': True, 'hop2': True, 'concise': True} all_resolved=False n_resolved=3/4 tokens=(4093,1361)
  N=4 real_musique_hop_00040_3hop1__107195_160713_77246 seed=0 arm=selfcheckgpt: per_fault={'hop0': False, 'hop1': True, 'hop2': True, 'concise': True} all_resolved=False n_resolved=3/4 tokens=(11790,695)
  N=4 real_musique_hop_00040_3hop1__107195_160713_77246 seed=0 arm=reflexion: per_fault={'hop0': False, 'hop1': True, 'hop2': True, 'concise': True} all_resolved=False n_resolved=3/4 tokens=(2030,495)
  N=4 real_musique_hop_00040_3hop1__107195_160713_77246 seed=0 arm=intro_specter: per_fault={'hop0': False, 'hop1': True, 'hop2': True, 'concise': True} all_resolved=False n_resolved=3/4 tokens=(4833,940)
  N=4 real_musique_hop_00040_3hop1__107195_160713_77246 seed=1 arm=direct: per_fault={'hop0': False, 'hop1': True, 'hop2': True, 'concise': True} all_resolved=False n_resolved=3/4 tokens=(2030,495)
  N=4 real_musique_hop_00040_3hop1__107195_160713_77246 seed=1 arm=self_refine: per_fault={'hop0': False, 'hop1': True, 'hop2': True, 'concise': True} all_resolved=False n_resolved=3/4 tokens=(4679,1365)
  N=4 real_musique_hop_00040_3hop1__107195_160713_77246 seed=1 arm=full_regen: per_fault={'hop0': False, 'hop1': True, 'hop2': False, 'concise': True} all_resolved=False n_resolved=2/4 tokens=(4060,640)
  N=4 real_musique_hop_00040_3hop1__107195_160713_77246 seed=1 arm=react: per_fault={'hop0': False, 'hop1': True, 'hop2': True, 'concise': True} all_resolved=False n_resolved=3/4 tokens=(4093,1361)
  N=4 real_musique_hop_00040_3hop1__107195_160713_77246 seed=1 arm=selfcheckgpt: per_fault={'hop0': False, 'hop1': True, 'hop2': True, 'concise': True} all_resolved=False n_resolved=3/4 tokens=(13783,695)
  N=4 real_musique_hop_00040_3hop1__107195_160713_77246 seed=1 arm=reflexion: per_fault={'hop0': False, 'hop1': True, 'hop2': True, 'concise': True} all_resolved=False n_resolved=3/4 tokens=(2030,495)
  N=4 real_musique_hop_00040_3hop1__107195_160713_77246 seed=1 arm=intro_specter: per_fault={'hop0': False, 'hop1': True, 'hop2': True, 'concise': True} all_resolved=False n_resolved=3/4 tokens=(4833,940)
  N=4 real_musique_hop_00040_3hop1__107195_160713_77246 seed=2 arm=direct: per_fault={'hop0': True, 'hop1': True, 'hop2': False, 'concise': True} all_resolved=False n_resolved=3/4 tokens=(2046,533)
  N=4 real_musique_hop_00040_3hop1__107195_160713_77246 seed=2 arm=self_refine: per_fault={'hop0': False, 'hop1': True, 'hop2': False, 'concise': True} all_resolved=False n_resolved=2/4 tokens=(4714,1312)
  N=4 real_musique_hop_00040_3hop1__107195_160713_77246 seed=2 arm=full_regen: per_fault={'hop0': False, 'hop1': True, 'hop2': True, 'concise': True} all_resolved=False n_resolved=3/4 tokens=(4056,874)
  N=4 real_musique_hop_00040_3hop1__107195_160713_77246 seed=2 arm=react: per_fault={'hop0': False, 'hop1': True, 'hop2': True, 'concise': True} all_resolved=False n_resolved=3/4 tokens=(4109,1333)
  N=4 real_musique_hop_00040_3hop1__107195_160713_77246 seed=2 arm=selfcheckgpt: per_fault={'hop0': True, 'hop1': True, 'hop2': True, 'concise': True} all_resolved=True n_resolved=4/4 tokens=(13878,799)
  N=4 real_musique_hop_00040_3hop1__107195_160713_77246 seed=2 arm=reflexion: per_fault={'hop0': True, 'hop1': True, 'hop2': False, 'concise': True} all_resolved=False n_resolved=3/4 tokens=(2046,533)
  N=4 real_musique_hop_00040_3hop1__107195_160713_77246 seed=2 arm=intro_specter: per_fault={'hop0': True, 'hop1': True, 'hop2': False, 'concise': True} all_resolved=False n_resolved=3/4 tokens=(4888,1076)
  N=4 real_musique_hop_00041_3hop1__275261_443779_52195 seed=0 arm=direct: per_fault={'hop0': False, 'hop1': False, 'hop2': True, 'concise': True} all_resolved=False n_resolved=2/4 tokens=(1572,316)
  N=4 real_musique_hop_00041_3hop1__275261_443779_52195 seed=0 arm=self_refine: per_fault={'hop0': False, 'hop1': False, 'hop2': True, 'concise': True} all_resolved=False n_resolved=2/4 tokens=(3562,762)
  N=4 real_musique_hop_00041_3hop1__275261_443779_52195 seed=0 arm=full_regen: per_fault={'hop0': False, 'hop1': True, 'hop2': True, 'concise': True} all_resolved=False n_resolved=3/4 tokens=(3144,675)
  N=4 real_musique_hop_00041_3hop1__275261_443779_52195 seed=0 arm=react: per_fault={'hop0': True, 'hop1': True, 'hop2': True, 'concise': True} all_resolved=True n_resolved=4/4 tokens=(3217,905)
  N=4 real_musique_hop_00041_3hop1__275261_443779_52195 seed=0 arm=selfcheckgpt: per_fault={'hop0': False, 'hop1': False, 'hop2': True, 'concise': True} all_resolved=False n_resolved=2/4 tokens=(10786,613)
  N=4 real_musique_hop_00041_3hop1__275261_443779_52195 seed=0 arm=reflexion: per_fault={'hop0': False, 'hop1': False, 'hop2': True, 'concise': True} all_resolved=False n_resolved=2/4 tokens=(1572,316)
  N=4 real_musique_hop_00041_3hop1__275261_443779_52195 seed=0 arm=intro_specter: per_fault={'hop0': False, 'hop1': False, 'hop2': True, 'concise': True} all_resolved=False n_resolved=2/4 tokens=(3696,717)
  N=4 real_musique_hop_00041_3hop1__275261_443779_52195 seed=1 arm=direct: per_fault={'hop0': False, 'hop1': False, 'hop2': True, 'concise': True} all_resolved=False n_resolved=2/4 tokens=(1572,316)
  N=4 real_musique_hop_00041_3hop1__275261_443779_52195 seed=1 arm=self_refine: per_fault={'hop0': False, 'hop1': False, 'hop2': True, 'concise': True} all_resolved=False n_resolved=2/4 tokens=(3562,762)
  N=4 real_musique_hop_00041_3hop1__275261_443779_52195 seed=1 arm=full_regen: per_fault={'hop0': True, 'hop1': True, 'hop2': True, 'concise': True} all_resolved=True n_resolved=4/4 tokens=(3144,680)
  N=4 real_musique_hop_00041_3hop1__275261_443779_52195 seed=1 arm=react: per_fault={'hop0': True, 'hop1': True, 'hop2': True, 'concise': True} all_resolved=True n_resolved=4/4 tokens=(3217,905)
  N=4 real_musique_hop_00041_3hop1__275261_443779_52195 seed=1 arm=selfcheckgpt: per_fault={'hop0': False, 'hop1': False, 'hop2': True, 'concise': True} all_resolved=False n_resolved=2/4 tokens=(9449,657)
  N=4 real_musique_hop_00041_3hop1__275261_443779_52195 seed=1 arm=reflexion: per_fault={'hop0': False, 'hop1': False, 'hop2': True, 'concise': True} all_resolved=False n_resolved=2/4 tokens=(1572,316)
  N=4 real_musique_hop_00041_3hop1__275261_443779_52195 seed=1 arm=intro_specter: per_fault={'hop0': False, 'hop1': False, 'hop2': True, 'concise': True} all_resolved=False n_resolved=2/4 tokens=(3696,717)
  N=4 real_musique_hop_00041_3hop1__275261_443779_52195 seed=2 arm=direct: per_fault={'hop0': False, 'hop1': False, 'hop2': True, 'concise': True} all_resolved=False n_resolved=2/4 tokens=(1592,131)
  N=4 real_musique_hop_00041_3hop1__275261_443779_52195 seed=2 arm=self_refine: per_fault={'hop0': False, 'hop1': False, 'hop2': True, 'concise': True} all_resolved=False n_resolved=2/4 tokens=(3294,346)
  N=4 real_musique_hop_00041_3hop1__275261_443779_52195 seed=2 arm=full_regen: per_fault={'hop0': False, 'hop1': False, 'hop2': True, 'concise': True} all_resolved=False n_resolved=2/4 tokens=(3164,394)
  N=4 real_musique_hop_00041_3hop1__275261_443779_52195 seed=2 arm=react: per_fault={'hop0': False, 'hop1': False, 'hop2': True, 'concise': True} all_resolved=False n_resolved=2/4 tokens=(3217,618)
  N=4 real_musique_hop_00041_3hop1__275261_443779_52195 seed=2 arm=selfcheckgpt: per_fault={'hop0': False, 'hop1': False, 'hop2': True, 'concise': True} all_resolved=False n_resolved=2/4 tokens=(9353,418)
  N=4 real_musique_hop_00041_3hop1__275261_443779_52195 seed=2 arm=reflexion: per_fault={'hop0': False, 'hop1': False, 'hop2': True, 'concise': True} all_resolved=False n_resolved=2/4 tokens=(1592,131)
  N=4 real_musique_hop_00041_3hop1__275261_443779_52195 seed=2 arm=intro_specter: per_fault={'hop0': False, 'hop1': False, 'hop2': True, 'concise': True} all_resolved=False n_resolved=2/4 tokens=(3467,362)
  N=4 real_musique_hop_00043_3hop1__104996_160713_77246 seed=0 arm=direct: per_fault={'hop0': False, 'hop1': True, 'hop2': True, 'bullets': True} all_resolved=False n_resolved=3/4 tokens=(1747,586)
  N=4 real_musique_hop_00043_3hop1__104996_160713_77246 seed=0 arm=self_refine: per_fault={'hop0': False, 'hop1': True, 'hop2': True, 'bullets': True} all_resolved=False n_resolved=3/4 tokens=(4246,1611)
  N=4 real_musique_hop_00043_3hop1__104996_160713_77246 seed=0 arm=full_regen: per_fault={'hop0': False, 'hop1': True, 'hop2': False, 'bullets': True} all_resolved=False n_resolved=2/4 tokens=(3474,930)
  N=4 real_musique_hop_00043_3hop1__104996_160713_77246 seed=0 arm=react: per_fault={'hop0': False, 'hop1': False, 'hop2': True, 'bullets': True} all_resolved=False n_resolved=2/4 tokens=(3547,1622)
  N=4 real_musique_hop_00043_3hop1__104996_160713_77246 seed=0 arm=selfcheckgpt: per_fault={'hop0': False, 'hop1': True, 'hop2': True, 'bullets': True} all_resolved=False n_resolved=3/4 tokens=(10121,732)
  N=4 real_musique_hop_00043_3hop1__104996_160713_77246 seed=0 arm=reflexion: per_fault={'hop0': False, 'hop1': True, 'hop2': True, 'bullets': True} all_resolved=False n_resolved=3/4 tokens=(1747,586)
  N=4 real_musique_hop_00043_3hop1__104996_160713_77246 seed=0 arm=intro_specter: per_fault={'hop0': False, 'hop1': True, 'hop2': True, 'bullets': True} all_resolved=False n_resolved=3/4 tokens=(4380,1594)
  N=4 real_musique_hop_00043_3hop1__104996_160713_77246 seed=1 arm=direct: per_fault={'hop0': False, 'hop1': True, 'hop2': True, 'bullets': True} all_resolved=False n_resolved=3/4 tokens=(1747,586)
  N=4 real_musique_hop_00043_3hop1__104996_160713_77246 seed=1 arm=self_refine: per_fault={'hop0': False, 'hop1': True, 'hop2': True, 'bullets': True} all_resolved=False n_resolved=3/4 tokens=(4246,1611)
  N=4 real_musique_hop_00043_3hop1__104996_160713_77246 seed=1 arm=full_regen: per_fault={'hop0': False, 'hop1': False, 'hop2': True, 'bullets': True} all_resolved=False n_resolved=2/4 tokens=(3494,732)
  N=4 real_musique_hop_00043_3hop1__104996_160713_77246 seed=1 arm=react: per_fault={'hop0': False, 'hop1': False, 'hop2': True, 'bullets': True} all_resolved=False n_resolved=2/4 tokens=(3547,1622)
  N=4 real_musique_hop_00043_3hop1__104996_160713_77246 seed=1 arm=selfcheckgpt: per_fault={'hop0': False, 'hop1': True, 'hop2': True, 'bullets': True} all_resolved=False n_resolved=3/4 tokens=(10030,691)
  N=4 real_musique_hop_00043_3hop1__104996_160713_77246 seed=1 arm=reflexion: per_fault={'hop0': False, 'hop1': True, 'hop2': True, 'bullets': True} all_resolved=False n_resolved=3/4 tokens=(1747,586)
  N=4 real_musique_hop_00043_3hop1__104996_160713_77246 seed=1 arm=intro_specter: per_fault={'hop0': False, 'hop1': True, 'hop2': True, 'bullets': True} all_resolved=False n_resolved=3/4 tokens=(4380,1594)
  N=4 real_musique_hop_00043_3hop1__104996_160713_77246 seed=2 arm=direct: per_fault={'hop0': False, 'hop1': True, 'hop2': True, 'bullets': True} all_resolved=False n_resolved=3/4 tokens=(1727,364)
  N=4 real_musique_hop_00043_3hop1__104996_160713_77246 seed=2 arm=self_refine: per_fault={'hop0': False, 'hop1': True, 'hop2': True, 'bullets': True} all_resolved=False n_resolved=3/4 tokens=(3962,964)
  N=4 real_musique_hop_00043_3hop1__104996_160713_77246 seed=2 arm=full_regen: per_fault={'hop0': False, 'hop1': True, 'hop2': False, 'bullets': True} all_resolved=False n_resolved=2/4 tokens=(3490,833)
  N=4 real_musique_hop_00043_3hop1__104996_160713_77246 seed=2 arm=react: per_fault={'hop0': True, 'hop1': False, 'hop2': True, 'bullets': True} all_resolved=False n_resolved=3/4 tokens=(3527,1691)
  N=4 real_musique_hop_00043_3hop1__104996_160713_77246 seed=2 arm=selfcheckgpt: per_fault={'hop0': False, 'hop1': True, 'hop2': True, 'bullets': True} all_resolved=False n_resolved=3/4 tokens=(10033,456)
  N=4 real_musique_hop_00043_3hop1__104996_160713_77246 seed=2 arm=reflexion: per_fault={'hop0': False, 'hop1': True, 'hop2': True, 'bullets': True} all_resolved=False n_resolved=3/4 tokens=(1727,364)
  N=4 real_musique_hop_00043_3hop1__104996_160713_77246 seed=2 arm=intro_specter: per_fault={'hop0': False, 'hop1': True, 'hop2': True, 'bullets': True} all_resolved=False n_resolved=3/4 tokens=(4116,872)
  N=4 real_musique_hop_00045_3hop1__835193_160713_77246 seed=0 arm=direct: per_fault={'hop0': True, 'hop1': True, 'hop2': True, 'bullets': True} all_resolved=True n_resolved=4/4 tokens=(1914,598)
  N=4 real_musique_hop_00045_3hop1__835193_160713_77246 seed=0 arm=self_refine: per_fault={'hop0': True, 'hop1': True, 'hop2': True, 'bullets': True} all_resolved=True n_resolved=4/4 tokens=(4613,1446)
  N=4 real_musique_hop_00045_3hop1__835193_160713_77246 seed=0 arm=full_regen: per_fault={'hop0': False, 'hop1': False, 'hop2': True, 'bullets': True} all_resolved=False n_resolved=2/4 tokens=(3808,879)
  N=4 real_musique_hop_00045_3hop1__835193_160713_77246 seed=0 arm=react: per_fault={'hop0': False, 'hop1': True, 'hop2': True, 'bullets': True} all_resolved=False n_resolved=3/4 tokens=(3881,1653)
  N=4 real_musique_hop_00045_3hop1__835193_160713_77246 seed=0 arm=selfcheckgpt: per_fault={'hop0': True, 'hop1': True, 'hop2': True, 'bullets': True} all_resolved=True n_resolved=4/4 tokens=(11130,733)
  N=4 real_musique_hop_00045_3hop1__835193_160713_77246 seed=0 arm=reflexion: per_fault={'hop0': True, 'hop1': True, 'hop2': True, 'bullets': True} all_resolved=True n_resolved=4/4 tokens=(1914,598)
  N=4 real_musique_hop_00045_3hop1__835193_160713_77246 seed=0 arm=intro_specter: per_fault={'hop0': True, 'hop1': True, 'hop2': True, 'bullets': True} all_resolved=True n_resolved=4/4 tokens=(4747,1326)
  N=4 real_musique_hop_00045_3hop1__835193_160713_77246 seed=1 arm=direct: per_fault={'hop0': True, 'hop1': True, 'hop2': True, 'bullets': True} all_resolved=True n_resolved=4/4 tokens=(1914,598)
  N=4 real_musique_hop_00045_3hop1__835193_160713_77246 seed=1 arm=self_refine: per_fault={'hop0': True, 'hop1': True, 'hop2': True, 'bullets': True} all_resolved=True n_resolved=4/4 tokens=(4613,1446)
  N=4 real_musique_hop_00045_3hop1__835193_160713_77246 seed=1 arm=full_regen: per_fault={'hop0': False, 'hop1': False, 'hop2': True, 'bullets': True} all_resolved=False n_resolved=2/4 tokens=(3808,846)
  N=4 real_musique_hop_00045_3hop1__835193_160713_77246 seed=1 arm=react: per_fault={'hop0': False, 'hop1': True, 'hop2': True, 'bullets': True} all_resolved=False n_resolved=3/4 tokens=(3881,1653)
  N=4 real_musique_hop_00045_3hop1__835193_160713_77246 seed=1 arm=selfcheckgpt: per_fault={'hop0': True, 'hop1': True, 'hop2': True, 'bullets': True} all_resolved=True n_resolved=4/4 tokens=(11089,694)
  N=4 real_musique_hop_00045_3hop1__835193_160713_77246 seed=1 arm=reflexion: per_fault={'hop0': True, 'hop1': True, 'hop2': True, 'bullets': True} all_resolved=True n_resolved=4/4 tokens=(1914,598)
  N=4 real_musique_hop_00045_3hop1__835193_160713_77246 seed=1 arm=intro_specter: per_fault={'hop0': True, 'hop1': True, 'hop2': True, 'bullets': True} all_resolved=True n_resolved=4/4 tokens=(4747,1326)
  N=4 real_musique_hop_00045_3hop1__835193_160713_77246 seed=2 arm=direct: per_fault={'hop0': False, 'hop1': False, 'hop2': True, 'bullets': True} all_resolved=False n_resolved=2/4 tokens=(1914,550)
  N=4 real_musique_hop_00045_3hop1__835193_160713_77246 seed=2 arm=self_refine: per_fault={'hop0': False, 'hop1': False, 'hop2': True, 'bullets': True} all_resolved=False n_resolved=2/4 tokens=(4586,1119)
  N=4 real_musique_hop_00045_3hop1__835193_160713_77246 seed=2 arm=full_regen: per_fault={'hop0': False, 'hop1': False, 'hop2': True, 'bullets': True} all_resolved=False n_resolved=2/4 tokens=(3808,794)
  N=4 real_musique_hop_00045_3hop1__835193_160713_77246 seed=2 arm=react: per_fault={'hop0': False, 'hop1': True, 'hop2': False, 'bullets': True} all_resolved=False n_resolved=2/4 tokens=(3881,1556)
  N=4 real_musique_hop_00045_3hop1__835193_160713_77246 seed=2 arm=selfcheckgpt: per_fault={'hop0': False, 'hop1': False, 'hop2': True, 'bullets': True} all_resolved=False n_resolved=2/4 tokens=(11047,646)
  N=4 real_musique_hop_00045_3hop1__835193_160713_77246 seed=2 arm=reflexion: per_fault={'hop0': False, 'hop1': False, 'hop2': True, 'bullets': True} all_resolved=False n_resolved=2/4 tokens=(1914,550)
  N=4 real_musique_hop_00045_3hop1__835193_160713_77246 seed=2 arm=intro_specter: per_fault={'hop0': False, 'hop1': False, 'hop2': True, 'bullets': True} all_resolved=False n_resolved=2/4 tokens=(4720,1122)
  N=4 real_musique_hop_00046_3hop1__30885_160713_77246 seed=0 arm=direct: per_fault={'hop0': False, 'hop1': False, 'hop2': False, 'english': True} all_resolved=False n_resolved=1/4 tokens=(1749,364)
  N=4 real_musique_hop_00046_3hop1__30885_160713_77246 seed=0 arm=self_refine: per_fault={'hop0': False, 'hop1': False, 'hop2': False, 'english': True} all_resolved=False n_resolved=1/4 tokens=(3919,990)
  N=4 real_musique_hop_00046_3hop1__30885_160713_77246 seed=0 arm=full_regen: per_fault={'hop0': False, 'hop1': True, 'hop2': True, 'english': True} all_resolved=False n_resolved=3/4 tokens=(3478,856)
  N=4 real_musique_hop_00046_3hop1__30885_160713_77246 seed=0 arm=react: per_fault={'hop0': False, 'hop1': False, 'hop2': True, 'english': True} all_resolved=False n_resolved=2/4 tokens=(3551,1205)
  N=4 real_musique_hop_00046_3hop1__30885_160713_77246 seed=0 arm=selfcheckgpt: per_fault={'hop0': False, 'hop1': False, 'hop2': False, 'english': True} all_resolved=False n_resolved=1/4 tokens=(10093,497)
  N=4 real_musique_hop_00046_3hop1__30885_160713_77246 seed=0 arm=reflexion: per_fault={'hop0': False, 'hop1': False, 'hop2': False, 'english': True} all_resolved=False n_resolved=1/4 tokens=(11418,2168)
  N=4 real_musique_hop_00046_3hop1__30885_160713_77246 seed=0 arm=intro_specter: per_fault={'hop0': False, 'hop1': False, 'hop2': True, 'english': True} all_resolved=False n_resolved=2/4 tokens=(4053,768)
  N=4 real_musique_hop_00046_3hop1__30885_160713_77246 seed=1 arm=direct: per_fault={'hop0': False, 'hop1': False, 'hop2': False, 'english': True} all_resolved=False n_resolved=1/4 tokens=(1749,364)
  N=4 real_musique_hop_00046_3hop1__30885_160713_77246 seed=1 arm=self_refine: per_fault={'hop0': False, 'hop1': False, 'hop2': False, 'english': True} all_resolved=False n_resolved=1/4 tokens=(3919,990)
  N=4 real_musique_hop_00046_3hop1__30885_160713_77246 seed=1 arm=full_regen: per_fault={'hop0': True, 'hop1': True, 'hop2': False, 'english': True} all_resolved=False n_resolved=3/4 tokens=(3478,636)
  N=4 real_musique_hop_00046_3hop1__30885_160713_77246 seed=1 arm=react: per_fault={'hop0': False, 'hop1': False, 'hop2': True, 'english': True} all_resolved=False n_resolved=2/4 tokens=(3551,1205)
  N=4 real_musique_hop_00046_3hop1__30885_160713_77246 seed=1 arm=selfcheckgpt: per_fault={'hop0': False, 'hop1': False, 'hop2': True, 'english': True} all_resolved=False n_resolved=2/4 tokens=(11845,620)
  N=4 real_musique_hop_00046_3hop1__30885_160713_77246 seed=1 arm=reflexion: per_fault={'hop0': False, 'hop1': False, 'hop2': False, 'english': True} all_resolved=False n_resolved=1/4 tokens=(11418,2168)
  N=4 real_musique_hop_00046_3hop1__30885_160713_77246 seed=1 arm=intro_specter: per_fault={'hop0': False, 'hop1': False, 'hop2': True, 'english': True} all_resolved=False n_resolved=2/4 tokens=(4053,768)
  N=4 real_musique_hop_00046_3hop1__30885_160713_77246 seed=2 arm=direct: per_fault={'hop0': False, 'hop1': False, 'hop2': False, 'english': True} all_resolved=False n_resolved=1/4 tokens=(1765,412)
  N=4 real_musique_hop_00046_3hop1__30885_160713_77246 seed=2 arm=self_refine: per_fault={'hop0': False, 'hop1': False, 'hop2': False, 'english': True} all_resolved=False n_resolved=1/4 tokens=(3945,1074)
  N=4 real_musique_hop_00046_3hop1__30885_160713_77246 seed=2 arm=full_regen: per_fault={'hop0': False, 'hop1': True, 'hop2': True, 'english': True} all_resolved=False n_resolved=3/4 tokens=(3514,1066)
  N=4 real_musique_hop_00046_3hop1__30885_160713_77246 seed=2 arm=react: per_fault={'hop0': False, 'hop1': False, 'hop2': True, 'english': True} all_resolved=False n_resolved=2/4 tokens=(3582,851)
  N=4 real_musique_hop_00046_3hop1__30885_160713_77246 seed=2 arm=selfcheckgpt: per_fault={'hop0': False, 'hop1': False, 'hop2': True, 'english': True} all_resolved=False n_resolved=2/4 tokens=(11994,627)
  N=4 real_musique_hop_00046_3hop1__30885_160713_77246 seed=2 arm=reflexion: per_fault={'hop0': False, 'hop1': False, 'hop2': True, 'english': True} all_resolved=False n_resolved=2/4 tokens=(6223,925)
  N=4 real_musique_hop_00046_3hop1__30885_160713_77246 seed=2 arm=intro_specter: per_fault={'hop0': False, 'hop1': False, 'hop2': False, 'english': True} all_resolved=False n_resolved=1/4 tokens=(4098,999)
  N=4 real_musique_hop_00048_3hop1__582007_160713_77246 seed=0 arm=direct: per_fault={'hop0': False, 'hop1': False, 'hop2': True, 'bullets': True} all_resolved=False n_resolved=2/4 tokens=(1877,278)
  N=4 real_musique_hop_00048_3hop1__582007_160713_77246 seed=0 arm=self_refine: per_fault={'hop0': False, 'hop1': False, 'hop2': True, 'bullets': True} all_resolved=False n_resolved=2/4 tokens=(4134,750)
  N=4 real_musique_hop_00048_3hop1__582007_160713_77246 seed=0 arm=full_regen: per_fault={'hop0': True, 'hop1': True, 'hop2': True, 'bullets': True} all_resolved=True n_resolved=4/4 tokens=(3774,773)
  N=4 real_musique_hop_00048_3hop1__582007_160713_77246 seed=0 arm=react: per_fault={'hop0': False, 'hop1': True, 'hop2': True, 'bullets': True} all_resolved=False n_resolved=3/4 tokens=(3827,1418)
  N=4 real_musique_hop_00048_3hop1__582007_160713_77246 seed=0 arm=selfcheckgpt: per_fault={'hop0': False, 'hop1': False, 'hop2': True, 'bullets': True} all_resolved=False n_resolved=2/4 tokens=(11027,512)
  N=4 real_musique_hop_00048_3hop1__582007_160713_77246 seed=0 arm=reflexion: per_fault={'hop0': False, 'hop1': False, 'hop2': True, 'bullets': True} all_resolved=False n_resolved=2/4 tokens=(1877,278)
  N=4 real_musique_hop_00048_3hop1__582007_160713_77246 seed=0 arm=intro_specter: per_fault={'hop0': False, 'hop1': False, 'hop2': True, 'bullets': True} all_resolved=False n_resolved=2/4 tokens=(4288,818)
  N=4 real_musique_hop_00048_3hop1__582007_160713_77246 seed=1 arm=direct: per_fault={'hop0': False, 'hop1': False, 'hop2': True, 'bullets': True} all_resolved=False n_resolved=2/4 tokens=(1877,278)
  N=4 real_musique_hop_00048_3hop1__582007_160713_77246 seed=1 arm=self_refine: per_fault={'hop0': False, 'hop1': False, 'hop2': True, 'bullets': True} all_resolved=False n_resolved=2/4 tokens=(4134,750)
  N=4 real_musique_hop_00048_3hop1__582007_160713_77246 seed=1 arm=full_regen: per_fault={'hop0': False, 'hop1': True, 'hop2': False, 'bullets': True} all_resolved=False n_resolved=2/4 tokens=(3754,588)
  N=4 real_musique_hop_00048_3hop1__582007_160713_77246 seed=1 arm=react: per_fault={'hop0': False, 'hop1': True, 'hop2': True, 'bullets': True} all_resolved=False n_resolved=3/4 tokens=(3827,1418)
  N=4 real_musique_hop_00048_3hop1__582007_160713_77246 seed=1 arm=selfcheckgpt: per_fault={'hop0': False, 'hop1': False, 'hop2': True, 'bullets': True} all_resolved=False n_resolved=2/4 tokens=(10980,375)
  N=4 real_musique_hop_00048_3hop1__582007_160713_77246 seed=1 arm=reflexion: per_fault={'hop0': False, 'hop1': False, 'hop2': True, 'bullets': True} all_resolved=False n_resolved=2/4 tokens=(1877,278)
  N=4 real_musique_hop_00048_3hop1__582007_160713_77246 seed=1 arm=intro_specter: per_fault={'hop0': False, 'hop1': False, 'hop2': True, 'bullets': True} all_resolved=False n_resolved=2/4 tokens=(4288,818)
  N=4 real_musique_hop_00048_3hop1__582007_160713_77246 seed=2 arm=direct: per_fault={'hop0': False, 'hop1': True, 'hop2': True, 'bullets': True} all_resolved=False n_resolved=3/4 tokens=(1897,551)
  N=4 real_musique_hop_00048_3hop1__582007_160713_77246 seed=2 arm=self_refine: per_fault={'hop0': False, 'hop1': True, 'hop2': True, 'bullets': True} all_resolved=False n_resolved=3/4 tokens=(4490,1428)
  N=4 real_musique_hop_00048_3hop1__582007_160713_77246 seed=2 arm=full_regen: per_fault={'hop0': False, 'hop1': True, 'hop2': True, 'bullets': True} all_resolved=False n_resolved=3/4 tokens=(3774,880)
  N=4 real_musique_hop_00048_3hop1__582007_160713_77246 seed=2 arm=react: per_fault={'hop0': False, 'hop1': False, 'hop2': True, 'bullets': True} all_resolved=False n_resolved=2/4 tokens=(3827,1054)
  N=4 real_musique_hop_00048_3hop1__582007_160713_77246 seed=2 arm=selfcheckgpt: per_fault={'hop0': False, 'hop1': True, 'hop2': True, 'bullets': True} all_resolved=False n_resolved=3/4 tokens=(12820,723)
  N=4 real_musique_hop_00048_3hop1__582007_160713_77246 seed=2 arm=reflexion: per_fault={'hop0': False, 'hop1': True, 'hop2': True, 'bullets': True} all_resolved=False n_resolved=3/4 tokens=(1897,551)
  N=4 real_musique_hop_00048_3hop1__582007_160713_77246 seed=2 arm=intro_specter: per_fault={'hop0': False, 'hop1': True, 'hop2': True, 'bullets': True} all_resolved=False n_resolved=3/4 tokens=(4624,1469)
  N=4 real_musique_hop_00050_3hop1__804367_160713_77246 seed=0 arm=direct: per_fault={'hop0': False, 'hop1': False, 'hop2': True, 'bullets': True} all_resolved=False n_resolved=2/4 tokens=(1903,600)
  N=4 real_musique_hop_00050_3hop1__804367_160713_77246 seed=0 arm=self_refine: per_fault={'hop0': False, 'hop1': False, 'hop2': True, 'bullets': True} all_resolved=False n_resolved=2/4 tokens=(4572,1649)
  N=4 real_musique_hop_00050_3hop1__804367_160713_77246 seed=0 arm=full_regen: per_fault={'hop0': False, 'hop1': False, 'hop2': True, 'bullets': True} all_resolved=False n_resolved=2/4 tokens=(3786,921)
  N=4 real_musique_hop_00050_3hop1__804367_160713_77246 seed=0 arm=react: per_fault={'hop0': False, 'hop1': True, 'hop2': False, 'bullets': True} all_resolved=False n_resolved=2/4 tokens=(3839,1122)
  N=4 real_musique_hop_00050_3hop1__804367_160713_77246 seed=0 arm=selfcheckgpt: per_fault={'hop0': False, 'hop1': False, 'hop2': True, 'bullets': True} all_resolved=False n_resolved=2/4 tokens=(13021,905)
  N=4 real_musique_hop_00050_3hop1__804367_160713_77246 seed=0 arm=reflexion: per_fault={'hop0': False, 'hop1': False, 'hop2': True, 'bullets': True} all_resolved=False n_resolved=2/4 tokens=(1903,600)
  N=4 real_musique_hop_00050_3hop1__804367_160713_77246 seed=0 arm=intro_specter: per_fault={'hop0': False, 'hop1': False, 'hop2': True, 'bullets': True} all_resolved=False n_resolved=2/4 tokens=(4706,1416)
  N=4 real_musique_hop_00050_3hop1__804367_160713_77246 seed=1 arm=direct: per_fault={'hop0': False, 'hop1': False, 'hop2': True, 'bullets': True} all_resolved=False n_resolved=2/4 tokens=(1903,600)
  N=4 real_musique_hop_00050_3hop1__804367_160713_77246 seed=1 arm=self_refine: per_fault={'hop0': False, 'hop1': False, 'hop2': True, 'bullets': True} all_resolved=False n_resolved=2/4 tokens=(4572,1649)
  N=4 real_musique_hop_00050_3hop1__804367_160713_77246 seed=1 arm=full_regen: per_fault={'hop0': False, 'hop1': True, 'hop2': True, 'bullets': True} all_resolved=False n_resolved=3/4 tokens=(3806,1230)
  N=4 real_musique_hop_00050_3hop1__804367_160713_77246 seed=1 arm=react: per_fault={'hop0': False, 'hop1': True, 'hop2': False, 'bullets': True} all_resolved=False n_resolved=2/4 tokens=(3839,1122)
  N=4 real_musique_hop_00050_3hop1__804367_160713_77246 seed=1 arm=selfcheckgpt: per_fault={'hop0': False, 'hop1': False, 'hop2': True, 'bullets': True} all_resolved=False n_resolved=2/4 tokens=(12974,900)
  N=4 real_musique_hop_00050_3hop1__804367_160713_77246 seed=1 arm=reflexion: per_fault={'hop0': False, 'hop1': False, 'hop2': True, 'bullets': True} all_resolved=False n_resolved=2/4 tokens=(1903,600)
  N=4 real_musique_hop_00050_3hop1__804367_160713_77246 seed=1 arm=intro_specter: per_fault={'hop0': False, 'hop1': False, 'hop2': True, 'bullets': True} all_resolved=False n_resolved=2/4 tokens=(4706,1416)
  N=4 real_musique_hop_00050_3hop1__804367_160713_77246 seed=2 arm=direct: per_fault={'hop0': False, 'hop1': True, 'hop2': True, 'bullets': True} all_resolved=False n_resolved=3/4 tokens=(1903,531)
  N=4 real_musique_hop_00050_3hop1__804367_160713_77246 seed=2 arm=self_refine: per_fault={'hop0': False, 'hop1': True, 'hop2': True, 'bullets': True} all_resolved=False n_resolved=3/4 tokens=(4461,1502)
  N=4 real_musique_hop_00050_3hop1__804367_160713_77246 seed=2 arm=full_regen: per_fault={'hop0': False, 'hop1': True, 'hop2': False, 'bullets': True} all_resolved=False n_resolved=2/4 tokens=(3786,846)
  N=4 real_musique_hop_00050_3hop1__804367_160713_77246 seed=2 arm=react: per_fault={'hop0': False, 'hop1': True, 'hop2': True, 'bullets': True} all_resolved=False n_resolved=3/4 tokens=(3859,1835)
  N=4 real_musique_hop_00050_3hop1__804367_160713_77246 seed=2 arm=selfcheckgpt: per_fault={'hop0': False, 'hop1': True, 'hop2': True, 'bullets': True} all_resolved=False n_resolved=3/4 tokens=(12913,713)
  N=4 real_musique_hop_00050_3hop1__804367_160713_77246 seed=2 arm=reflexion: per_fault={'hop0': False, 'hop1': True, 'hop2': True, 'bullets': True} all_resolved=False n_resolved=3/4 tokens=(1903,531)
  N=4 real_musique_hop_00050_3hop1__804367_160713_77246 seed=2 arm=intro_specter: per_fault={'hop0': False, 'hop1': True, 'hop2': True, 'bullets': True} all_resolved=False n_resolved=3/4 tokens=(4595,1418)
  N=4 real_musique_hop_00052_3hop1__66872_709625_84283 seed=0 arm=direct: per_fault={'hop0': True, 'hop1': False, 'hop2': True, 'concise': True} all_resolved=False n_resolved=3/4 tokens=(1807,386)
  N=4 real_musique_hop_00052_3hop1__66872_709625_84283 seed=0 arm=self_refine: per_fault={'hop0': True, 'hop1': False, 'hop2': True, 'concise': True} all_resolved=False n_resolved=3/4 tokens=(4082,1219)
  N=4 real_musique_hop_00052_3hop1__66872_709625_84283 seed=0 arm=full_regen: per_fault={'hop0': True, 'hop1': False, 'hop2': True, 'concise': True} all_resolved=False n_resolved=3/4 tokens=(3650,678)
  N=4 real_musique_hop_00052_3hop1__66872_709625_84283 seed=0 arm=react: per_fault={'hop0': True, 'hop1': True, 'hop2': True, 'concise': True} all_resolved=True n_resolved=4/4 tokens=(3687,1520)
  N=4 real_musique_hop_00052_3hop1__66872_709625_84283 seed=0 arm=selfcheckgpt: per_fault={'hop0': True, 'hop1': True, 'hop2': True, 'concise': False} all_resolved=False n_resolved=3/4 tokens=(12235,1011)
  N=4 real_musique_hop_00052_3hop1__66872_709625_84283 seed=0 arm=reflexion: per_fault={'hop0': True, 'hop1': False, 'hop2': True, 'concise': True} all_resolved=False n_resolved=3/4 tokens=(1807,386)
  N=4 real_musique_hop_00052_3hop1__66872_709625_84283 seed=0 arm=intro_specter: per_fault={'hop0': True, 'hop1': False, 'hop2': True, 'concise': True} all_resolved=False n_resolved=3/4 tokens=(4256,835)
  N=4 real_musique_hop_00052_3hop1__66872_709625_84283 seed=1 arm=direct: per_fault={'hop0': True, 'hop1': False, 'hop2': True, 'concise': True} all_resolved=False n_resolved=3/4 tokens=(1807,386)
  N=4 real_musique_hop_00052_3hop1__66872_709625_84283 seed=1 arm=self_refine: per_fault={'hop0': True, 'hop1': False, 'hop2': True, 'concise': True} all_resolved=False n_resolved=3/4 tokens=(4082,1219)
  N=4 real_musique_hop_00052_3hop1__66872_709625_84283 seed=1 arm=full_regen: per_fault={'hop0': True, 'hop1': True, 'hop2': True, 'concise': False} all_resolved=False n_resolved=3/4 tokens=(3614,705)
  N=4 real_musique_hop_00052_3hop1__66872_709625_84283 seed=1 arm=react: per_fault={'hop0': True, 'hop1': True, 'hop2': True, 'concise': True} all_resolved=True n_resolved=4/4 tokens=(3687,1520)
  N=4 real_musique_hop_00052_3hop1__66872_709625_84283 seed=1 arm=selfcheckgpt: per_fault={'hop0': True, 'hop1': False, 'hop2': True, 'concise': True} all_resolved=False n_resolved=3/4 tokens=(10601,532)
  N=4 real_musique_hop_00052_3hop1__66872_709625_84283 seed=1 arm=reflexion: per_fault={'hop0': True, 'hop1': False, 'hop2': True, 'concise': True} all_resolved=False n_resolved=3/4 tokens=(1807,386)
  N=4 real_musique_hop_00052_3hop1__66872_709625_84283 seed=1 arm=intro_specter: per_fault={'hop0': True, 'hop1': False, 'hop2': True, 'concise': True} all_resolved=False n_resolved=3/4 tokens=(4256,835)
  N=4 real_musique_hop_00052_3hop1__66872_709625_84283 seed=2 arm=direct: per_fault={'hop0': True, 'hop1': True, 'hop2': True, 'concise': True} all_resolved=True n_resolved=4/4 tokens=(1827,500)
  N=4 real_musique_hop_00052_3hop1__66872_709625_84283 seed=2 arm=self_refine: per_fault={'hop0': True, 'hop1': True, 'hop2': True, 'concise': True} all_resolved=True n_resolved=4/4 tokens=(4320,1229)
  N=4 real_musique_hop_00052_3hop1__66872_709625_84283 seed=2 arm=full_regen: per_fault={'hop0': True, 'hop1': True, 'hop2': True, 'concise': True} all_resolved=True n_resolved=4/4 tokens=(3654,920)
  N=4 real_musique_hop_00052_3hop1__66872_709625_84283 seed=2 arm=react: per_fault={'hop0': False, 'hop1': False, 'hop2': True, 'concise': True} all_resolved=False n_resolved=2/4 tokens=(3687,1062)
  N=4 real_musique_hop_00052_3hop1__66872_709625_84283 seed=2 arm=selfcheckgpt: per_fault={'hop0': True, 'hop1': True, 'hop2': True, 'concise': True} all_resolved=True n_resolved=4/4 tokens=(10682,703)
  N=4 real_musique_hop_00052_3hop1__66872_709625_84283 seed=2 arm=reflexion: per_fault={'hop0': True, 'hop1': True, 'hop2': True, 'concise': True} all_resolved=True n_resolved=4/4 tokens=(1827,500)
  N=4 real_musique_hop_00052_3hop1__66872_709625_84283 seed=2 arm=intro_specter: per_fault={'hop0': True, 'hop1': True, 'hop2': True, 'concise': True} all_resolved=True n_resolved=4/4 tokens=(4454,832)
  N=4 real_musique_hop_00053_3hop1__45612_502967_84283 seed=0 arm=direct: per_fault={'hop0': False, 'hop1': False, 'hop2': True, 'concise': True} all_resolved=False n_resolved=2/4 tokens=(1862,331)
  N=4 real_musique_hop_00053_3hop1__45612_502967_84283 seed=0 arm=self_refine: per_fault={'hop0': False, 'hop1': False, 'hop2': True, 'concise': False} all_resolved=False n_resolved=1/4 tokens=(4116,930)
  N=4 real_musique_hop_00053_3hop1__45612_502967_84283 seed=0 arm=full_regen: per_fault={'hop0': False, 'hop1': True, 'hop2': True, 'concise': True} all_resolved=False n_resolved=3/4 tokens=(3724,877)
  N=4 real_musique_hop_00053_3hop1__45612_502967_84283 seed=0 arm=react: per_fault={'hop0': True, 'hop1': True, 'hop2': True, 'concise': True} all_resolved=True n_resolved=4/4 tokens=(3757,1440)
  N=4 real_musique_hop_00053_3hop1__45612_502967_84283 seed=0 arm=selfcheckgpt: per_fault={'hop0': False, 'hop1': False, 'hop2': True, 'concise': True} all_resolved=False n_resolved=2/4 tokens=(10804,506)
  N=4 real_musique_hop_00053_3hop1__45612_502967_84283 seed=0 arm=reflexion: per_fault={'hop0': False, 'hop1': False, 'hop2': True, 'concise': True} all_resolved=False n_resolved=2/4 tokens=(1862,331)
  N=4 real_musique_hop_00053_3hop1__45612_502967_84283 seed=0 arm=intro_specter: per_fault={'hop0': False, 'hop1': False, 'hop2': True, 'concise': True} all_resolved=False n_resolved=2/4 tokens=(4270,660)
  N=4 real_musique_hop_00053_3hop1__45612_502967_84283 seed=1 arm=direct: per_fault={'hop0': False, 'hop1': False, 'hop2': True, 'concise': True} all_resolved=False n_resolved=2/4 tokens=(1862,331)
  N=4 real_musique_hop_00053_3hop1__45612_502967_84283 seed=1 arm=self_refine: per_fault={'hop0': False, 'hop1': False, 'hop2': True, 'concise': False} all_resolved=False n_resolved=1/4 tokens=(4116,930)
  N=4 real_musique_hop_00053_3hop1__45612_502967_84283 seed=1 arm=full_regen: per_fault={'hop0': False, 'hop1': False, 'hop2': True, 'concise': True} all_resolved=False n_resolved=2/4 tokens=(3704,613)
  N=4 real_musique_hop_00053_3hop1__45612_502967_84283 seed=1 arm=react: per_fault={'hop0': True, 'hop1': True, 'hop2': True, 'concise': True} all_resolved=True n_resolved=4/4 tokens=(3757,1440)
  N=4 real_musique_hop_00053_3hop1__45612_502967_84283 seed=1 arm=selfcheckgpt: per_fault={'hop0': False, 'hop1': False, 'hop2': True, 'concise': True} all_resolved=False n_resolved=2/4 tokens=(10838,529)
  N=4 real_musique_hop_00053_3hop1__45612_502967_84283 seed=1 arm=reflexion: per_fault={'hop0': False, 'hop1': False, 'hop2': True, 'concise': True} all_resolved=False n_resolved=2/4 tokens=(1862,331)
  N=4 real_musique_hop_00053_3hop1__45612_502967_84283 seed=1 arm=intro_specter: per_fault={'hop0': False, 'hop1': False, 'hop2': True, 'concise': True} all_resolved=False n_resolved=2/4 tokens=(4270,660)
  N=4 real_musique_hop_00053_3hop1__45612_502967_84283 seed=2 arm=direct: per_fault={'hop0': False, 'hop1': False, 'hop2': True, 'concise': True} all_resolved=False n_resolved=2/4 tokens=(1878,270)
  N=4 real_musique_hop_00053_3hop1__45612_502967_84283 seed=2 arm=self_refine: per_fault={'hop0': False, 'hop1': False, 'hop2': True, 'concise': False} all_resolved=False n_resolved=1/4 tokens=(4052,803)
  N=4 real_musique_hop_00053_3hop1__45612_502967_84283 seed=2 arm=full_regen: per_fault={'hop0': False, 'hop1': False, 'hop2': True, 'concise': True} all_resolved=False n_resolved=2/4 tokens=(3740,377)
  N=4 real_musique_hop_00053_3hop1__45612_502967_84283 seed=2 arm=react: per_fault={'hop0': True, 'hop1': True, 'hop2': True, 'concise': True} all_resolved=True n_resolved=4/4 tokens=(3793,1474)
  N=4 real_musique_hop_00053_3hop1__45612_502967_84283 seed=2 arm=selfcheckgpt: per_fault={'hop0': False, 'hop1': False, 'hop2': True, 'concise': True} all_resolved=False n_resolved=2/4 tokens=(10868,466)
  N=4 real_musique_hop_00053_3hop1__45612_502967_84283 seed=2 arm=reflexion: per_fault={'hop0': False, 'hop1': False, 'hop2': True, 'concise': True} all_resolved=False n_resolved=2/4 tokens=(1878,270)
  N=4 real_musique_hop_00053_3hop1__45612_502967_84283 seed=2 arm=intro_specter: per_fault={'hop0': False, 'hop1': False, 'hop2': True, 'concise': True} all_resolved=False n_resolved=2/4 tokens=(4206,687)
  N=4 real_musique_hop_00054_3hop1__142044_538202_84283 seed=0 arm=direct: per_fault={'hop0': False, 'hop1': False, 'hop2': True, 'concise': False} all_resolved=False n_resolved=1/4 tokens=(1856,608)
  N=4 real_musique_hop_00054_3hop1__142044_538202_84283 seed=0 arm=self_refine: per_fault={'hop0': False, 'hop1': False, 'hop2': True, 'concise': False} all_resolved=False n_resolved=1/4 tokens=(4549,1700)
  N=4 real_musique_hop_00054_3hop1__142044_538202_84283 seed=0 arm=full_regen: per_fault={'hop0': True, 'hop1': True, 'hop2': True, 'concise': True} all_resolved=True n_resolved=4/4 tokens=(3712,971)
  N=4 real_musique_hop_00054_3hop1__142044_538202_84283 seed=0 arm=react: per_fault={'hop0': False, 'hop1': False, 'hop2': True, 'concise': True} all_resolved=False n_resolved=2/4 tokens=(3745,988)
  N=4 real_musique_hop_00054_3hop1__142044_538202_84283 seed=0 arm=selfcheckgpt: per_fault={'hop0': False, 'hop1': False, 'hop2': True, 'concise': False} all_resolved=False n_resolved=1/4 tokens=(11311,1337)
  N=4 real_musique_hop_00054_3hop1__142044_538202_84283 seed=0 arm=reflexion: per_fault={'hop0': False, 'hop1': False, 'hop2': True, 'concise': False} all_resolved=False n_resolved=1/4 tokens=(1856,608)
  N=4 real_musique_hop_00054_3hop1__142044_538202_84283 seed=0 arm=intro_specter: per_fault={'hop0': False, 'hop1': False, 'hop2': True, 'concise': False} all_resolved=False n_resolved=1/4 tokens=(4703,1827)
  N=4 real_musique_hop_00054_3hop1__142044_538202_84283 seed=1 arm=direct: per_fault={'hop0': False, 'hop1': False, 'hop2': True, 'concise': False} all_resolved=False n_resolved=1/4 tokens=(1856,608)
  N=4 real_musique_hop_00054_3hop1__142044_538202_84283 seed=1 arm=self_refine: per_fault={'hop0': False, 'hop1': False, 'hop2': True, 'concise': False} all_resolved=False n_resolved=1/4 tokens=(4549,1700)
  N=4 real_musique_hop_00054_3hop1__142044_538202_84283 seed=1 arm=full_regen: per_fault={'hop0': True, 'hop1': False, 'hop2': True, 'concise': True} all_resolved=False n_resolved=3/4 tokens=(3692,877)
  N=4 real_musique_hop_00054_3hop1__142044_538202_84283 seed=1 arm=react: per_fault={'hop0': False, 'hop1': False, 'hop2': True, 'concise': True} all_resolved=False n_resolved=2/4 tokens=(3745,988)
  N=4 real_musique_hop_00054_3hop1__142044_538202_84283 seed=1 arm=selfcheckgpt: per_fault={'hop0': False, 'hop1': False, 'hop2': True, 'concise': False} all_resolved=False n_resolved=1/4 tokens=(10865,867)
  N=4 real_musique_hop_00054_3hop1__142044_538202_84283 seed=1 arm=reflexion: per_fault={'hop0': False, 'hop1': False, 'hop2': True, 'concise': False} all_resolved=False n_resolved=1/4 tokens=(1856,608)
  N=4 real_musique_hop_00054_3hop1__142044_538202_84283 seed=1 arm=intro_specter: per_fault={'hop0': False, 'hop1': False, 'hop2': True, 'concise': False} all_resolved=False n_resolved=1/4 tokens=(4703,1827)
  N=4 real_musique_hop_00054_3hop1__142044_538202_84283 seed=2 arm=direct: per_fault={'hop0': True, 'hop1': False, 'hop2': True, 'concise': True} all_resolved=False n_resolved=3/4 tokens=(1856,533)
  N=4 real_musique_hop_00054_3hop1__142044_538202_84283 seed=2 arm=self_refine: per_fault={'hop0': True, 'hop1': False, 'hop2': True, 'concise': True} all_resolved=False n_resolved=3/4 tokens=(4412,1455)
  N=4 real_musique_hop_00054_3hop1__142044_538202_84283 seed=2 arm=full_regen: per_fault={'hop0': False, 'hop1': False, 'hop2': True, 'concise': True} all_resolved=False n_resolved=2/4 tokens=(3692,1128)
  N=4 real_musique_hop_00054_3hop1__142044_538202_84283 seed=2 arm=react: per_fault={'hop0': True, 'hop1': False, 'hop2': True, 'concise': False} all_resolved=False n_resolved=2/4 tokens=(3745,1154)
  N=4 real_musique_hop_00054_3hop1__142044_538202_84283 seed=2 arm=selfcheckgpt: per_fault={'hop0': True, 'hop1': False, 'hop2': True, 'concise': True} all_resolved=False n_resolved=3/4 tokens=(10763,676)
  N=4 real_musique_hop_00054_3hop1__142044_538202_84283 seed=2 arm=reflexion: per_fault={'hop0': True, 'hop1': False, 'hop2': True, 'concise': True} all_resolved=False n_resolved=3/4 tokens=(1856,533)
  N=4 real_musique_hop_00054_3hop1__142044_538202_84283 seed=2 arm=intro_specter: per_fault={'hop0': True, 'hop1': False, 'hop2': True, 'concise': True} all_resolved=False n_resolved=3/4 tokens=(4586,1102)
  N=4 real_musique_hop_00055_3hop1__63037_567566_84283 seed=0 arm=direct: per_fault={'hop0': False, 'hop1': False, 'hop2': True, 'concise': True} all_resolved=False n_resolved=2/4 tokens=(1680,348)
  N=4 real_musique_hop_00055_3hop1__63037_567566_84283 seed=0 arm=self_refine: per_fault={'hop0': True, 'hop1': False, 'hop2': True, 'concise': False} all_resolved=False n_resolved=2/4 tokens=(3826,1066)
  N=4 real_musique_hop_00055_3hop1__63037_567566_84283 seed=0 arm=full_regen: per_fault={'hop0': False, 'hop1': False, 'hop2': False, 'concise': False} all_resolved=False n_resolved=0/4 tokens=(3380,749)
  N=4 real_musique_hop_00055_3hop1__63037_567566_84283 seed=0 arm=react: per_fault={'hop0': False, 'hop1': False, 'hop2': True, 'concise': False} all_resolved=False n_resolved=1/4 tokens=(3413,1456)
  N=4 real_musique_hop_00055_3hop1__63037_567566_84283 seed=0 arm=selfcheckgpt: per_fault={'hop0': False, 'hop1': False, 'hop2': True, 'concise': True} all_resolved=False n_resolved=2/4 tokens=(9932,581)
  N=4 real_musique_hop_00055_3hop1__63037_567566_84283 seed=0 arm=reflexion: per_fault={'hop0': False, 'hop1': False, 'hop2': True, 'concise': True} all_resolved=False n_resolved=2/4 tokens=(1680,348)
  N=4 real_musique_hop_00055_3hop1__63037_567566_84283 seed=0 arm=intro_specter: per_fault={'hop0': False, 'hop1': False, 'hop2': True, 'concise': True} all_resolved=False n_resolved=2/4 tokens=(3964,882)
  N=4 real_musique_hop_00055_3hop1__63037_567566_84283 seed=1 arm=direct: per_fault={'hop0': False, 'hop1': False, 'hop2': True, 'concise': True} all_resolved=False n_resolved=2/4 tokens=(1680,348)
  N=4 real_musique_hop_00055_3hop1__63037_567566_84283 seed=1 arm=self_refine: per_fault={'hop0': True, 'hop1': False, 'hop2': True, 'concise': False} all_resolved=False n_resolved=2/4 tokens=(3826,1066)
  N=4 real_musique_hop_00055_3hop1__63037_567566_84283 seed=1 arm=full_regen: per_fault={'hop0': False, 'hop1': False, 'hop2': True, 'concise': True} all_resolved=False n_resolved=2/4 tokens=(3380,1783)
  N=4 real_musique_hop_00055_3hop1__63037_567566_84283 seed=1 arm=react: per_fault={'hop0': False, 'hop1': False, 'hop2': True, 'concise': False} all_resolved=False n_resolved=1/4 tokens=(3413,1456)
  N=4 real_musique_hop_00055_3hop1__63037_567566_84283 seed=1 arm=selfcheckgpt: per_fault={'hop0': False, 'hop1': False, 'hop2': True, 'concise': True} all_resolved=False n_resolved=2/4 tokens=(9729,463)
  N=4 real_musique_hop_00055_3hop1__63037_567566_84283 seed=1 arm=reflexion: per_fault={'hop0': False, 'hop1': False, 'hop2': True, 'concise': True} all_resolved=False n_resolved=2/4 tokens=(1680,348)
  N=4 real_musique_hop_00055_3hop1__63037_567566_84283 seed=1 arm=intro_specter: per_fault={'hop0': False, 'hop1': False, 'hop2': True, 'concise': True} all_resolved=False n_resolved=2/4 tokens=(3964,882)
  N=4 real_musique_hop_00055_3hop1__63037_567566_84283 seed=2 arm=direct: per_fault={'hop0': False, 'hop1': False, 'hop2': True, 'concise': False} all_resolved=False n_resolved=1/4 tokens=(1700,105)
  N=4 real_musique_hop_00055_3hop1__63037_567566_84283 seed=2 arm=self_refine: per_fault={'hop0': False, 'hop1': False, 'hop2': True, 'concise': False} all_resolved=False n_resolved=1/4 tokens=(3483,438)
  N=4 real_musique_hop_00055_3hop1__63037_567566_84283 seed=2 arm=full_regen: per_fault={'hop0': False, 'hop1': True, 'hop2': True, 'concise': False} all_resolved=False n_resolved=2/4 tokens=(3400,583)
  N=4 real_musique_hop_00055_3hop1__63037_567566_84283 seed=2 arm=react: per_fault={'hop0': False, 'hop1': False, 'hop2': True, 'concise': False} all_resolved=False n_resolved=1/4 tokens=(3433,1557)
  N=4 real_musique_hop_00055_3hop1__63037_567566_84283 seed=2 arm=selfcheckgpt: per_fault={'hop0': False, 'hop1': False, 'hop2': True, 'concise': True} all_resolved=False n_resolved=2/4 tokens=(11566,369)
  N=4 real_musique_hop_00055_3hop1__63037_567566_84283 seed=2 arm=reflexion: per_fault={'hop0': False, 'hop1': False, 'hop2': True, 'concise': False} all_resolved=False n_resolved=1/4 tokens=(1700,105)
  N=4 real_musique_hop_00055_3hop1__63037_567566_84283 seed=2 arm=intro_specter: per_fault={'hop0': False, 'hop1': False, 'hop2': True, 'concise': False} all_resolved=False n_resolved=1/4 tokens=(3637,608)
  N=4 real_musique_hop_00056_3hop1__84887_538202_84283 seed=0 arm=direct: per_fault={'hop0': False, 'hop1': False, 'hop2': True, 'preamble': True} all_resolved=False n_resolved=2/4 tokens=(1738,127)
  N=4 real_musique_hop_00056_3hop1__84887_538202_84283 seed=0 arm=self_refine: per_fault={'hop0': True, 'hop1': False, 'hop2': True, 'preamble': True} all_resolved=False n_resolved=3/4 tokens=(3617,466)
  N=4 real_musique_hop_00056_3hop1__84887_538202_84283 seed=0 arm=full_regen: per_fault={'hop0': True, 'hop1': True, 'hop2': True, 'preamble': True} all_resolved=True n_resolved=4/4 tokens=(3476,1378)
  N=4 real_musique_hop_00056_3hop1__84887_538202_84283 seed=0 arm=react: per_fault={'hop0': True, 'hop1': True, 'hop2': True, 'preamble': True} all_resolved=True n_resolved=4/4 tokens=(3529,948)
  N=4 real_musique_hop_00056_3hop1__84887_538202_84283 seed=0 arm=selfcheckgpt: per_fault={'hop0': False, 'hop1': False, 'hop2': True, 'preamble': True} all_resolved=False n_resolved=2/4 tokens=(10058,256)
  N=4 real_musique_hop_00056_3hop1__84887_538202_84283 seed=0 arm=reflexion: per_fault={'hop0': False, 'hop1': False, 'hop2': True, 'preamble': True} all_resolved=False n_resolved=2/4 tokens=(1738,127)
  N=4 real_musique_hop_00056_3hop1__84887_538202_84283 seed=0 arm=intro_specter: per_fault={'hop0': False, 'hop1': False, 'hop2': True, 'preamble': True} all_resolved=False n_resolved=2/4 tokens=(3735,449)
  N=4 real_musique_hop_00056_3hop1__84887_538202_84283 seed=1 arm=direct: per_fault={'hop0': False, 'hop1': False, 'hop2': True, 'preamble': True} all_resolved=False n_resolved=2/4 tokens=(1738,127)
  N=4 real_musique_hop_00056_3hop1__84887_538202_84283 seed=1 arm=self_refine: per_fault={'hop0': True, 'hop1': False, 'hop2': True, 'preamble': True} all_resolved=False n_resolved=3/4 tokens=(3617,466)
  N=4 real_musique_hop_00056_3hop1__84887_538202_84283 seed=1 arm=full_regen: per_fault={'hop0': True, 'hop1': False, 'hop2': True, 'preamble': True} all_resolved=False n_resolved=3/4 tokens=(3456,654)
  N=4 real_musique_hop_00056_3hop1__84887_538202_84283 seed=1 arm=react: per_fault={'hop0': True, 'hop1': True, 'hop2': True, 'preamble': True} all_resolved=True n_resolved=4/4 tokens=(3529,948)
  N=4 real_musique_hop_00056_3hop1__84887_538202_84283 seed=1 arm=selfcheckgpt: per_fault={'hop0': True, 'hop1': False, 'hop2': True, 'preamble': True} all_resolved=False n_resolved=3/4 tokens=(11795,377)
  N=4 real_musique_hop_00056_3hop1__84887_538202_84283 seed=1 arm=reflexion: per_fault={'hop0': False, 'hop1': False, 'hop2': True, 'preamble': True} all_resolved=False n_resolved=2/4 tokens=(1738,127)
  N=4 real_musique_hop_00056_3hop1__84887_538202_84283 seed=1 arm=intro_specter: per_fault={'hop0': False, 'hop1': False, 'hop2': True, 'preamble': True} all_resolved=False n_resolved=2/4 tokens=(3735,449)
  N=4 real_musique_hop_00056_3hop1__84887_538202_84283 seed=2 arm=direct: per_fault={'hop0': False, 'hop1': False, 'hop2': True, 'preamble': True} all_resolved=False n_resolved=2/4 tokens=(1718,316)
  N=4 real_musique_hop_00056_3hop1__84887_538202_84283 seed=2 arm=self_refine: per_fault={'hop0': False, 'hop1': False, 'hop2': True, 'preamble': True} all_resolved=False n_resolved=2/4 tokens=(3854,843)
  N=4 real_musique_hop_00056_3hop1__84887_538202_84283 seed=2 arm=full_regen: per_fault={'hop0': False, 'hop1': False, 'hop2': True, 'preamble': True} all_resolved=False n_resolved=2/4 tokens=(3436,589)
  N=4 real_musique_hop_00056_3hop1__84887_538202_84283 seed=2 arm=react: per_fault={'hop0': True, 'hop1': False, 'hop2': True, 'preamble': True} all_resolved=False n_resolved=3/4 tokens=(3509,1478)
  N=4 real_musique_hop_00056_3hop1__84887_538202_84283 seed=2 arm=selfcheckgpt: per_fault={'hop0': False, 'hop1': False, 'hop2': True, 'preamble': True} all_resolved=False n_resolved=2/4 tokens=(10009,423)
  N=4 real_musique_hop_00056_3hop1__84887_538202_84283 seed=2 arm=reflexion: per_fault={'hop0': False, 'hop1': False, 'hop2': True, 'preamble': True} all_resolved=False n_resolved=2/4 tokens=(1718,316)
  N=4 real_musique_hop_00056_3hop1__84887_538202_84283 seed=2 arm=intro_specter: per_fault={'hop0': False, 'hop1': False, 'hop2': True, 'preamble': True} all_resolved=False n_resolved=2/4 tokens=(4008,830)
  N=4 real_musique_hop_00057_3hop1__53690_161697_73916 seed=0 arm=direct: per_fault={'hop0': False, 'hop1': False, 'hop2': True, 'bullets': True} all_resolved=False n_resolved=2/4 tokens=(1819,484)
  N=4 real_musique_hop_00057_3hop1__53690_161697_73916 seed=0 arm=self_refine: per_fault={'hop0': False, 'hop1': False, 'hop2': True, 'bullets': True} all_resolved=False n_resolved=2/4 tokens=(4266,1196)
  N=4 real_musique_hop_00057_3hop1__53690_161697_73916 seed=0 arm=full_regen: per_fault={'hop0': True, 'hop1': True, 'hop2': True, 'bullets': True} all_resolved=True n_resolved=4/4 tokens=(3658,1375)
  N=4 real_musique_hop_00057_3hop1__53690_161697_73916 seed=0 arm=react: per_fault={'hop0': True, 'hop1': True, 'hop2': False, 'bullets': True} all_resolved=False n_resolved=3/4 tokens=(3711,1673)
  N=4 real_musique_hop_00057_3hop1__53690_161697_73916 seed=0 arm=selfcheckgpt: per_fault={'hop0': False, 'hop1': False, 'hop2': True, 'bullets': True} all_resolved=False n_resolved=2/4 tokens=(10644,594)
  N=4 real_musique_hop_00057_3hop1__53690_161697_73916 seed=0 arm=reflexion: per_fault={'hop0': False, 'hop1': False, 'hop2': True, 'bullets': True} all_resolved=False n_resolved=2/4 tokens=(1819,484)
  N=4 real_musique_hop_00057_3hop1__53690_161697_73916 seed=0 arm=intro_specter: per_fault={'hop0': False, 'hop1': False, 'hop2': True, 'bullets': True} all_resolved=False n_resolved=2/4 tokens=(4420,1232)
  N=4 real_musique_hop_00057_3hop1__53690_161697_73916 seed=1 arm=direct: per_fault={'hop0': False, 'hop1': False, 'hop2': True, 'bullets': True} all_resolved=False n_resolved=2/4 tokens=(1819,484)
  N=4 real_musique_hop_00057_3hop1__53690_161697_73916 seed=1 arm=self_refine: per_fault={'hop0': False, 'hop1': False, 'hop2': True, 'bullets': True} all_resolved=False n_resolved=2/4 tokens=(4266,1196)
  N=4 real_musique_hop_00057_3hop1__53690_161697_73916 seed=1 arm=full_regen: per_fault={'hop0': False, 'hop1': False, 'hop2': True, 'bullets': True} all_resolved=False n_resolved=2/4 tokens=(3638,756)
  N=4 real_musique_hop_00057_3hop1__53690_161697_73916 seed=1 arm=react: per_fault={'hop0': True, 'hop1': True, 'hop2': False, 'bullets': True} all_resolved=False n_resolved=3/4 tokens=(3711,1673)
  N=4 real_musique_hop_00057_3hop1__53690_161697_73916 seed=1 arm=selfcheckgpt: per_fault={'hop0': False, 'hop1': True, 'hop2': True, 'bullets': True} all_resolved=False n_resolved=3/4 tokens=(12514,757)
  N=4 real_musique_hop_00057_3hop1__53690_161697_73916 seed=1 arm=reflexion: per_fault={'hop0': False, 'hop1': False, 'hop2': True, 'bullets': True} all_resolved=False n_resolved=2/4 tokens=(1819,484)
  N=4 real_musique_hop_00057_3hop1__53690_161697_73916 seed=1 arm=intro_specter: per_fault={'hop0': False, 'hop1': False, 'hop2': True, 'bullets': True} all_resolved=False n_resolved=2/4 tokens=(4420,1232)
  N=4 real_musique_hop_00057_3hop1__53690_161697_73916 seed=2 arm=direct: per_fault={'hop0': False, 'hop1': False, 'hop2': True, 'bullets': True} all_resolved=False n_resolved=2/4 tokens=(1819,339)
  N=4 real_musique_hop_00057_3hop1__53690_161697_73916 seed=2 arm=self_refine: per_fault={'hop0': False, 'hop1': False, 'hop2': True, 'bullets': True} all_resolved=False n_resolved=2/4 tokens=(4100,1023)
  N=4 real_musique_hop_00057_3hop1__53690_161697_73916 seed=2 arm=full_regen: per_fault={'hop0': False, 'hop1': False, 'hop2': True, 'bullets': True} all_resolved=False n_resolved=2/4 tokens=(3638,734)
  N=4 real_musique_hop_00057_3hop1__53690_161697_73916 seed=2 arm=react: per_fault={'hop0': False, 'hop1': False, 'hop2': True, 'bullets': True} all_resolved=False n_resolved=2/4 tokens=(3691,788)
  N=4 real_musique_hop_00057_3hop1__53690_161697_73916 seed=2 arm=selfcheckgpt: per_fault={'hop0': True, 'hop1': True, 'hop2': True, 'bullets': True} all_resolved=True n_resolved=4/4 tokens=(12381,534)
  N=4 real_musique_hop_00057_3hop1__53690_161697_73916 seed=2 arm=reflexion: per_fault={'hop0': False, 'hop1': False, 'hop2': True, 'bullets': True} all_resolved=False n_resolved=2/4 tokens=(1819,339)
  N=4 real_musique_hop_00057_3hop1__53690_161697_73916 seed=2 arm=intro_specter: per_fault={'hop0': False, 'hop1': False, 'hop2': True, 'bullets': True} all_resolved=False n_resolved=2/4 tokens=(4235,962)
  N=4 real_musique_hop_00059_3hop1__53690_161697_49779 seed=0 arm=direct: per_fault={'hop0': True, 'hop1': True, 'hop2': True, 'concise': True} all_resolved=True n_resolved=4/4 tokens=(1702,281)
  N=4 real_musique_hop_00059_3hop1__53690_161697_49779 seed=0 arm=self_refine: per_fault={'hop0': True, 'hop1': True, 'hop2': True, 'concise': True} all_resolved=True n_resolved=4/4 tokens=(3782,721)
  N=4 real_musique_hop_00059_3hop1__53690_161697_49779 seed=0 arm=full_regen: per_fault={'hop0': False, 'hop1': False, 'hop2': True, 'concise': True} all_resolved=False n_resolved=2/4 tokens=(3404,520)
  N=4 real_musique_hop_00059_3hop1__53690_161697_49779 seed=0 arm=react: per_fault={'hop0': False, 'hop1': True, 'hop2': True, 'concise': True} all_resolved=False n_resolved=3/4 tokens=(3493,1028)
  N=4 real_musique_hop_00059_3hop1__53690_161697_49779 seed=0 arm=selfcheckgpt: per_fault={'hop0': True, 'hop1': True, 'hop2': True, 'concise': True} all_resolved=True n_resolved=4/4 tokens=(9942,416)
  N=4 real_musique_hop_00059_3hop1__53690_161697_49779 seed=0 arm=reflexion: per_fault={'hop0': True, 'hop1': True, 'hop2': True, 'concise': True} all_resolved=True n_resolved=4/4 tokens=(1702,281)
  N=4 real_musique_hop_00059_3hop1__53690_161697_49779 seed=0 arm=intro_specter: per_fault={'hop0': True, 'hop1': True, 'hop2': True, 'concise': True} all_resolved=True n_resolved=4/4 tokens=(3900,692)
  N=4 real_musique_hop_00059_3hop1__53690_161697_49779 seed=1 arm=direct: per_fault={'hop0': True, 'hop1': True, 'hop2': True, 'concise': True} all_resolved=True n_resolved=4/4 tokens=(1702,281)
  N=4 real_musique_hop_00059_3hop1__53690_161697_49779 seed=1 arm=self_refine: per_fault={'hop0': True, 'hop1': True, 'hop2': True, 'concise': True} all_resolved=True n_resolved=4/4 tokens=(3782,721)
  N=4 real_musique_hop_00059_3hop1__53690_161697_49779 seed=1 arm=full_regen: per_fault={'hop0': True, 'hop1': True, 'hop2': True, 'concise': True} all_resolved=True n_resolved=4/4 tokens=(3440,869)
  N=4 real_musique_hop_00059_3hop1__53690_161697_49779 seed=1 arm=react: per_fault={'hop0': False, 'hop1': True, 'hop2': True, 'concise': True} all_resolved=False n_resolved=3/4 tokens=(3493,1028)
  N=4 real_musique_hop_00059_3hop1__53690_161697_49779 seed=1 arm=selfcheckgpt: per_fault={'hop0': True, 'hop1': True, 'hop2': True, 'concise': True} all_resolved=True n_resolved=4/4 tokens=(10028,480)
  N=4 real_musique_hop_00059_3hop1__53690_161697_49779 seed=1 arm=reflexion: per_fault={'hop0': True, 'hop1': True, 'hop2': True, 'concise': True} all_resolved=True n_resolved=4/4 tokens=(1702,281)
  N=4 real_musique_hop_00059_3hop1__53690_161697_49779 seed=1 arm=intro_specter: per_fault={'hop0': True, 'hop1': True, 'hop2': True, 'concise': True} all_resolved=True n_resolved=4/4 tokens=(3900,692)
  N=4 real_musique_hop_00059_3hop1__53690_161697_49779 seed=2 arm=direct: per_fault={'hop0': True, 'hop1': True, 'hop2': True, 'concise': True} all_resolved=True n_resolved=4/4 tokens=(1722,581)
  N=4 real_musique_hop_00059_3hop1__53690_161697_49779 seed=2 arm=self_refine: per_fault={'hop0': True, 'hop1': True, 'hop2': True, 'concise': True} all_resolved=True n_resolved=4/4 tokens=(4192,1415)
  N=4 real_musique_hop_00059_3hop1__53690_161697_49779 seed=2 arm=full_regen: per_fault={'hop0': True, 'hop1': True, 'hop2': True, 'concise': True} all_resolved=True n_resolved=4/4 tokens=(3444,966)
  N=4 real_musique_hop_00059_3hop1__53690_161697_49779 seed=2 arm=react: per_fault={'hop0': True, 'hop1': True, 'hop2': True, 'concise': True} all_resolved=True n_resolved=4/4 tokens=(3497,1901)
  N=4 real_musique_hop_00059_3hop1__53690_161697_49779 seed=2 arm=selfcheckgpt: per_fault={'hop0': True, 'hop1': True, 'hop2': True, 'concise': True} all_resolved=True n_resolved=4/4 tokens=(11650,839)
  N=4 real_musique_hop_00059_3hop1__53690_161697_49779 seed=2 arm=reflexion: per_fault={'hop0': True, 'hop1': True, 'hop2': True, 'concise': True} all_resolved=True n_resolved=4/4 tokens=(1722,581)
  N=4 real_musique_hop_00059_3hop1__53690_161697_49779 seed=2 arm=intro_specter: per_fault={'hop0': True, 'hop1': True, 'hop2': True, 'concise': True} all_resolved=True n_resolved=4/4 tokens=(4346,1552)
  N=4 real_musique_hop_00060_3hop1__694534_160088_85460 seed=0 arm=direct: per_fault={'hop0': False, 'hop1': False, 'hop2': True, 'preamble': True} all_resolved=False n_resolved=2/4 tokens=(1845,310)
  N=4 real_musique_hop_00060_3hop1__694534_160088_85460 seed=0 arm=self_refine: per_fault={'hop0': False, 'hop1': False, 'hop2': True, 'preamble': True} all_resolved=False n_resolved=2/4 tokens=(4102,802)
  N=4 real_musique_hop_00060_3hop1__694534_160088_85460 seed=0 arm=full_regen: per_fault={'hop0': False, 'hop1': False, 'hop2': True, 'preamble': True} all_resolved=False n_resolved=2/4 tokens=(3710,427)
  N=4 real_musique_hop_00060_3hop1__694534_160088_85460 seed=0 arm=react: per_fault={'hop0': False, 'hop1': False, 'hop2': True, 'preamble': True} all_resolved=False n_resolved=2/4 tokens=(3763,1677)
  N=4 real_musique_hop_00060_3hop1__694534_160088_85460 seed=0 arm=selfcheckgpt: per_fault={'hop0': False, 'hop1': False, 'hop2': True, 'preamble': True} all_resolved=False n_resolved=2/4 tokens=(12742,669)
  N=4 real_musique_hop_00060_3hop1__694534_160088_85460 seed=0 arm=reflexion: per_fault={'hop0': False, 'hop1': False, 'hop2': True, 'preamble': True} all_resolved=False n_resolved=2/4 tokens=(1845,310)
  N=4 real_musique_hop_00060_3hop1__694534_160088_85460 seed=0 arm=intro_specter: per_fault={'hop0': False, 'hop1': False, 'hop2': True, 'preamble': True} all_resolved=False n_resolved=2/4 tokens=(4236,808)
  N=4 real_musique_hop_00060_3hop1__694534_160088_85460 seed=1 arm=direct: per_fault={'hop0': False, 'hop1': False, 'hop2': True, 'preamble': True} all_resolved=False n_resolved=2/4 tokens=(1845,310)
  N=4 real_musique_hop_00060_3hop1__694534_160088_85460 seed=1 arm=self_refine: per_fault={'hop0': False, 'hop1': False, 'hop2': True, 'preamble': True} all_resolved=False n_resolved=2/4 tokens=(4102,802)
  N=4 real_musique_hop_00060_3hop1__694534_160088_85460 seed=1 arm=full_regen: per_fault={'hop0': False, 'hop1': False, 'hop2': True, 'preamble': True} all_resolved=False n_resolved=2/4 tokens=(3690,617)
  N=4 real_musique_hop_00060_3hop1__694534_160088_85460 seed=1 arm=react: per_fault={'hop0': False, 'hop1': False, 'hop2': True, 'preamble': True} all_resolved=False n_resolved=2/4 tokens=(3763,1677)
  N=4 real_musique_hop_00060_3hop1__694534_160088_85460 seed=1 arm=selfcheckgpt: per_fault={'hop0': False, 'hop1': False, 'hop2': True, 'preamble': True} all_resolved=False n_resolved=2/4 tokens=(12662,566)
  N=4 real_musique_hop_00060_3hop1__694534_160088_85460 seed=1 arm=reflexion: per_fault={'hop0': False, 'hop1': False, 'hop2': True, 'preamble': True} all_resolved=False n_resolved=2/4 tokens=(1845,310)
  N=4 real_musique_hop_00060_3hop1__694534_160088_85460 seed=1 arm=intro_specter: per_fault={'hop0': False, 'hop1': False, 'hop2': True, 'preamble': True} all_resolved=False n_resolved=2/4 tokens=(4236,808)
  N=4 real_musique_hop_00060_3hop1__694534_160088_85460 seed=2 arm=direct: per_fault={'hop0': False, 'hop1': False, 'hop2': True, 'preamble': True} all_resolved=False n_resolved=2/4 tokens=(1865,744)
  N=4 real_musique_hop_00060_3hop1__694534_160088_85460 seed=2 arm=self_refine: per_fault={'hop0': False, 'hop1': False, 'hop2': True, 'preamble': True} all_resolved=False n_resolved=2/4 tokens=(4641,1695)
  N=4 real_musique_hop_00060_3hop1__694534_160088_85460 seed=2 arm=full_regen: per_fault={'hop0': True, 'hop1': True, 'hop2': True, 'preamble': True} all_resolved=True n_resolved=4/4 tokens=(3730,1667)
  N=4 real_musique_hop_00060_3hop1__694534_160088_85460 seed=2 arm=react: per_fault={'hop0': True, 'hop1': True, 'hop2': True, 'preamble': True} all_resolved=True n_resolved=4/4 tokens=(3783,1954)
  N=4 real_musique_hop_00060_3hop1__694534_160088_85460 seed=2 arm=selfcheckgpt: per_fault={'hop0': False, 'hop1': False, 'hop2': True, 'preamble': True} all_resolved=False n_resolved=2/4 tokens=(11030,1124)
  N=4 real_musique_hop_00060_3hop1__694534_160088_85460 seed=2 arm=reflexion: per_fault={'hop0': False, 'hop1': False, 'hop2': True, 'preamble': True} all_resolved=False n_resolved=2/4 tokens=(1865,744)
  N=4 real_musique_hop_00060_3hop1__694534_160088_85460 seed=2 arm=intro_specter: per_fault={'hop0': False, 'hop1': False, 'hop2': True, 'preamble': True} all_resolved=False n_resolved=2/4 tokens=(4815,1746)
  N=4 real_musique_hop_00061_3hop1__694534_160088_73916 seed=0 arm=direct: per_fault={'hop0': False, 'hop1': False, 'hop2': True, 'concise': True} all_resolved=False n_resolved=2/4 tokens=(1625,352)
  N=4 real_musique_hop_00061_3hop1__694534_160088_73916 seed=0 arm=self_refine: per_fault={'hop0': False, 'hop1': False, 'hop2': True, 'concise': True} all_resolved=False n_resolved=2/4 tokens=(3684,1153)
  N=4 real_musique_hop_00061_3hop1__694534_160088_73916 seed=0 arm=full_regen: per_fault={'hop0': True, 'hop1': True, 'hop2': True, 'concise': True} all_resolved=True n_resolved=4/4 tokens=(3270,853)
  N=4 real_musique_hop_00061_3hop1__694534_160088_73916 seed=0 arm=react: per_fault={'hop0': True, 'hop1': True, 'hop2': False, 'concise': True} all_resolved=False n_resolved=3/4 tokens=(3323,1692)
  N=4 real_musique_hop_00061_3hop1__694534_160088_73916 seed=0 arm=selfcheckgpt: per_fault={'hop0': False, 'hop1': False, 'hop2': True, 'concise': False} all_resolved=False n_resolved=1/4 tokens=(11281,686)
  N=4 real_musique_hop_00061_3hop1__694534_160088_73916 seed=0 arm=reflexion: per_fault={'hop0': False, 'hop1': False, 'hop2': True, 'concise': True} all_resolved=False n_resolved=2/4 tokens=(1625,352)
  N=4 real_musique_hop_00061_3hop1__694534_160088_73916 seed=0 arm=intro_specter: per_fault={'hop0': False, 'hop1': False, 'hop2': True, 'concise': True} all_resolved=False n_resolved=2/4 tokens=(3838,790)
  N=4 real_musique_hop_00061_3hop1__694534_160088_73916 seed=1 arm=direct: per_fault={'hop0': False, 'hop1': False, 'hop2': True, 'concise': True} all_resolved=False n_resolved=2/4 tokens=(1625,352)
  N=4 real_musique_hop_00061_3hop1__694534_160088_73916 seed=1 arm=self_refine: per_fault={'hop0': False, 'hop1': False, 'hop2': True, 'concise': True} all_resolved=False n_resolved=2/4 tokens=(3684,1153)
  N=4 real_musique_hop_00061_3hop1__694534_160088_73916 seed=1 arm=full_regen: per_fault={'hop0': True, 'hop1': True, 'hop2': True, 'concise': True} all_resolved=True n_resolved=4/4 tokens=(3270,957)
  N=4 real_musique_hop_00061_3hop1__694534_160088_73916 seed=1 arm=react: per_fault={'hop0': True, 'hop1': True, 'hop2': False, 'concise': True} all_resolved=False n_resolved=3/4 tokens=(3323,1692)
  N=4 real_musique_hop_00061_3hop1__694534_160088_73916 seed=1 arm=selfcheckgpt: per_fault={'hop0': False, 'hop1': False, 'hop2': True, 'concise': True} all_resolved=False n_resolved=2/4 tokens=(11173,631)
  N=4 real_musique_hop_00061_3hop1__694534_160088_73916 seed=1 arm=reflexion: per_fault={'hop0': False, 'hop1': False, 'hop2': True, 'concise': True} all_resolved=False n_resolved=2/4 tokens=(1625,352)
  N=4 real_musique_hop_00061_3hop1__694534_160088_73916 seed=1 arm=intro_specter: per_fault={'hop0': False, 'hop1': False, 'hop2': True, 'concise': True} all_resolved=False n_resolved=2/4 tokens=(3838,790)
  N=4 real_musique_hop_00061_3hop1__694534_160088_73916 seed=2 arm=direct: per_fault={'hop0': True, 'hop1': False, 'hop2': False, 'concise': False} all_resolved=False n_resolved=1/4 tokens=(1645,490)
  N=4 real_musique_hop_00061_3hop1__694534_160088_73916 seed=2 arm=self_refine: per_fault={'hop0': True, 'hop1': True, 'hop2': False, 'concise': False} all_resolved=False n_resolved=2/4 tokens=(3883,1170)
  N=4 real_musique_hop_00061_3hop1__694534_160088_73916 seed=2 arm=full_regen: per_fault={'hop0': False, 'hop1': False, 'hop2': True, 'concise': True} all_resolved=False n_resolved=2/4 tokens=(3270,756)
  N=4 real_musique_hop_00061_3hop1__694534_160088_73916 seed=2 arm=react: per_fault={'hop0': False, 'hop1': False, 'hop2': True, 'concise': False} all_resolved=False n_resolved=1/4 tokens=(3323,1057)
  N=4 real_musique_hop_00061_3hop1__694534_160088_73916 seed=2 arm=selfcheckgpt: per_fault={'hop0': True, 'hop1': False, 'hop2': False, 'concise': False} all_resolved=False n_resolved=1/4 tokens=(11337,713)
  N=4 real_musique_hop_00061_3hop1__694534_160088_73916 seed=2 arm=reflexion: per_fault={'hop0': False, 'hop1': False, 'hop2': True, 'concise': True} all_resolved=False n_resolved=2/4 tokens=(6167,1159)
  N=4 real_musique_hop_00061_3hop1__694534_160088_73916 seed=2 arm=intro_specter: per_fault={'hop0': False, 'hop1': False, 'hop2': True, 'concise': True} all_resolved=False n_resolved=2/4 tokens=(4037,1025)
  N=4 real_musique_hop_00063_3hop1__622497_160088_85460 seed=0 arm=direct: per_fault={'hop0': False, 'hop1': False, 'hop2': True, 'preamble': True} all_resolved=False n_resolved=2/4 tokens=(1760,361)
  N=4 real_musique_hop_00063_3hop1__622497_160088_85460 seed=0 arm=self_refine: per_fault={'hop0': False, 'hop1': False, 'hop2': True, 'preamble': True} all_resolved=False n_resolved=2/4 tokens=(4004,1000)
  N=4 real_musique_hop_00063_3hop1__622497_160088_85460 seed=0 arm=full_regen: per_fault={'hop0': False, 'hop1': True, 'hop2': True, 'preamble': True} all_resolved=False n_resolved=3/4 tokens=(3520,563)
  N=4 real_musique_hop_00063_3hop1__622497_160088_85460 seed=0 arm=react: per_fault={'hop0': False, 'hop1': False, 'hop2': True, 'preamble': True} all_resolved=False n_resolved=2/4 tokens=(3593,1344)
  N=4 real_musique_hop_00063_3hop1__622497_160088_85460 seed=0 arm=selfcheckgpt: per_fault={'hop0': False, 'hop1': False, 'hop2': True, 'preamble': True} all_resolved=False n_resolved=2/4 tokens=(10334,525)
  N=4 real_musique_hop_00063_3hop1__622497_160088_85460 seed=0 arm=reflexion: per_fault={'hop0': False, 'hop1': False, 'hop2': True, 'preamble': True} all_resolved=False n_resolved=2/4 tokens=(1760,361)
  N=4 real_musique_hop_00063_3hop1__622497_160088_85460 seed=0 arm=intro_specter: per_fault={'hop0': False, 'hop1': False, 'hop2': True, 'preamble': True} all_resolved=False n_resolved=2/4 tokens=(4138,1062)
  N=4 real_musique_hop_00063_3hop1__622497_160088_85460 seed=1 arm=direct: per_fault={'hop0': False, 'hop1': False, 'hop2': True, 'preamble': True} all_resolved=False n_resolved=2/4 tokens=(1760,361)
  N=4 real_musique_hop_00063_3hop1__622497_160088_85460 seed=1 arm=self_refine: per_fault={'hop0': False, 'hop1': False, 'hop2': True, 'preamble': True} all_resolved=False n_resolved=2/4 tokens=(4004,1000)
  N=4 real_musique_hop_00063_3hop1__622497_160088_85460 seed=1 arm=full_regen: per_fault={'hop0': True, 'hop1': False, 'hop2': True, 'preamble': True} all_resolved=False n_resolved=3/4 tokens=(3540,738)
  N=4 real_musique_hop_00063_3hop1__622497_160088_85460 seed=1 arm=react: per_fault={'hop0': False, 'hop1': False, 'hop2': True, 'preamble': True} all_resolved=False n_resolved=2/4 tokens=(3593,1344)
  N=4 real_musique_hop_00063_3hop1__622497_160088_85460 seed=1 arm=selfcheckgpt: per_fault={'hop0': False, 'hop1': False, 'hop2': True, 'preamble': True} all_resolved=False n_resolved=2/4 tokens=(10360,600)
  N=4 real_musique_hop_00063_3hop1__622497_160088_85460 seed=1 arm=reflexion: per_fault={'hop0': False, 'hop1': False, 'hop2': True, 'preamble': True} all_resolved=False n_resolved=2/4 tokens=(1760,361)
  N=4 real_musique_hop_00063_3hop1__622497_160088_85460 seed=1 arm=intro_specter: per_fault={'hop0': False, 'hop1': False, 'hop2': True, 'preamble': True} all_resolved=False n_resolved=2/4 tokens=(4138,1062)
  N=4 real_musique_hop_00063_3hop1__622497_160088_85460 seed=2 arm=direct: per_fault={'hop0': False, 'hop1': False, 'hop2': True, 'preamble': True} all_resolved=False n_resolved=2/4 tokens=(1760,286)
  N=4 real_musique_hop_00063_3hop1__622497_160088_85460 seed=2 arm=self_refine: per_fault={'hop0': False, 'hop1': False, 'hop2': True, 'preamble': True} all_resolved=False n_resolved=2/4 tokens=(3867,839)
  N=4 real_musique_hop_00063_3hop1__622497_160088_85460 seed=2 arm=full_regen: per_fault={'hop0': False, 'hop1': True, 'hop2': True, 'preamble': True} all_resolved=False n_resolved=3/4 tokens=(3540,680)
  N=4 real_musique_hop_00063_3hop1__622497_160088_85460 seed=2 arm=react: per_fault={'hop0': False, 'hop1': False, 'hop2': True, 'preamble': True} all_resolved=False n_resolved=2/4 tokens=(3573,1246)
  N=4 real_musique_hop_00063_3hop1__622497_160088_85460 seed=2 arm=selfcheckgpt: per_fault={'hop0': False, 'hop1': True, 'hop2': True, 'preamble': True} all_resolved=False n_resolved=3/4 tokens=(11978,549)
  N=4 real_musique_hop_00063_3hop1__622497_160088_85460 seed=2 arm=reflexion: per_fault={'hop0': False, 'hop1': False, 'hop2': True, 'preamble': True} all_resolved=False n_resolved=2/4 tokens=(1760,286)
  N=4 real_musique_hop_00063_3hop1__622497_160088_85460 seed=2 arm=intro_specter: per_fault={'hop0': False, 'hop1': False, 'hop2': True, 'preamble': True} all_resolved=False n_resolved=2/4 tokens=(4041,619)
  N=4 real_musique_hop_00065_3hop1__622497_160088_73916 seed=0 arm=direct: per_fault={'hop0': False, 'hop1': True, 'hop2': True, 'concise': True} all_resolved=False n_resolved=3/4 tokens=(1622,284)
  N=4 real_musique_hop_00065_3hop1__622497_160088_73916 seed=0 arm=self_refine: per_fault={'hop0': False, 'hop1': True, 'hop2': True, 'concise': False} all_resolved=False n_resolved=2/4 tokens=(3610,1032)
  N=4 real_musique_hop_00065_3hop1__622497_160088_73916 seed=0 arm=full_regen: per_fault={'hop0': True, 'hop1': True, 'hop2': True, 'concise': False} all_resolved=False n_resolved=3/4 tokens=(3280,584)
  N=4 real_musique_hop_00065_3hop1__622497_160088_73916 seed=0 arm=react: per_fault={'hop0': False, 'hop1': False, 'hop2': True, 'concise': False} all_resolved=False n_resolved=1/4 tokens=(3333,832)
  N=4 real_musique_hop_00065_3hop1__622497_160088_73916 seed=0 arm=selfcheckgpt: per_fault={'hop0': False, 'hop1': True, 'hop2': True, 'concise': False} all_resolved=False n_resolved=2/4 tokens=(11218,637)
  N=4 real_musique_hop_00065_3hop1__622497_160088_73916 seed=0 arm=reflexion: per_fault={'hop0': False, 'hop1': True, 'hop2': True, 'concise': True} all_resolved=False n_resolved=3/4 tokens=(1622,284)
  N=4 real_musique_hop_00065_3hop1__622497_160088_73916 seed=0 arm=intro_specter: per_fault={'hop0': False, 'hop1': True, 'hop2': True, 'concise': True} all_resolved=False n_resolved=3/4 tokens=(3784,801)
  N=4 real_musique_hop_00065_3hop1__622497_160088_73916 seed=1 arm=direct: per_fault={'hop0': False, 'hop1': True, 'hop2': True, 'concise': True} all_resolved=False n_resolved=3/4 tokens=(1622,284)
  N=4 real_musique_hop_00065_3hop1__622497_160088_73916 seed=1 arm=self_refine: per_fault={'hop0': False, 'hop1': True, 'hop2': True, 'concise': False} all_resolved=False n_resolved=2/4 tokens=(3610,1032)
  N=4 real_musique_hop_00065_3hop1__622497_160088_73916 seed=1 arm=full_regen: per_fault={'hop0': False, 'hop1': True, 'hop2': True, 'concise': False} all_resolved=False n_resolved=2/4 tokens=(3244,660)
  N=4 real_musique_hop_00065_3hop1__622497_160088_73916 seed=1 arm=react: per_fault={'hop0': False, 'hop1': False, 'hop2': True, 'concise': False} all_resolved=False n_resolved=1/4 tokens=(3333,832)
  N=4 real_musique_hop_00065_3hop1__622497_160088_73916 seed=1 arm=selfcheckgpt: per_fault={'hop0': False, 'hop1': True, 'hop2': True, 'concise': False} all_resolved=False n_resolved=2/4 tokens=(11216,704)
  N=4 real_musique_hop_00065_3hop1__622497_160088_73916 seed=1 arm=reflexion: per_fault={'hop0': False, 'hop1': True, 'hop2': True, 'concise': True} all_resolved=False n_resolved=3/4 tokens=(1622,284)
  N=4 real_musique_hop_00065_3hop1__622497_160088_73916 seed=1 arm=intro_specter: per_fault={'hop0': False, 'hop1': True, 'hop2': True, 'concise': True} all_resolved=False n_resolved=3/4 tokens=(3784,801)
  N=4 real_musique_hop_00065_3hop1__622497_160088_73916 seed=2 arm=direct: per_fault={'hop0': False, 'hop1': True, 'hop2': True, 'concise': True} all_resolved=False n_resolved=3/4 tokens=(1622,284)
  N=4 real_musique_hop_00065_3hop1__622497_160088_73916 seed=2 arm=self_refine: per_fault={'hop0': False, 'hop1': True, 'hop2': True, 'concise': False} all_resolved=False n_resolved=2/4 tokens=(3610,1032)
  N=4 real_musique_hop_00065_3hop1__622497_160088_73916 seed=2 arm=full_regen: per_fault={'hop0': False, 'hop1': True, 'hop2': True, 'concise': False} all_resolved=False n_resolved=2/4 tokens=(3264,991)
  N=4 real_musique_hop_00065_3hop1__622497_160088_73916 seed=2 arm=react: per_fault={'hop0': False, 'hop1': False, 'hop2': True, 'concise': False} all_resolved=False n_resolved=1/4 tokens=(3317,1397)
  N=4 real_musique_hop_00065_3hop1__622497_160088_73916 seed=2 arm=selfcheckgpt: per_fault={'hop0': False, 'hop1': True, 'hop2': True, 'concise': False} all_resolved=False n_resolved=2/4 tokens=(11277,697)
  N=4 real_musique_hop_00065_3hop1__622497_160088_73916 seed=2 arm=reflexion: per_fault={'hop0': False, 'hop1': True, 'hop2': True, 'concise': True} all_resolved=False n_resolved=3/4 tokens=(1622,284)
  N=4 real_musique_hop_00065_3hop1__622497_160088_73916 seed=2 arm=intro_specter: per_fault={'hop0': False, 'hop1': True, 'hop2': True, 'concise': True} all_resolved=False n_resolved=3/4 tokens=(3784,801)
  N=4 real_musique_hop_00067_3hop1__694534_160088_821792 seed=0 arm=direct: per_fault={'hop0': False, 'hop1': False, 'hop2': True, 'concise': True} all_resolved=False n_resolved=2/4 tokens=(1675,373)
  N=4 real_musique_hop_00067_3hop1__694534_160088_821792 seed=0 arm=self_refine: per_fault={'hop0': False, 'hop1': False, 'hop2': True, 'concise': True} all_resolved=False n_resolved=2/4 tokens=(3847,1098)
  N=4 real_musique_hop_00067_3hop1__694534_160088_821792 seed=0 arm=full_regen: per_fault={'hop0': True, 'hop1': False, 'hop2': True, 'concise': True} all_resolved=False n_resolved=3/4 tokens=(3350,794)
  N=4 real_musique_hop_00067_3hop1__694534_160088_821792 seed=0 arm=react: per_fault={'hop0': False, 'hop1': False, 'hop2': True, 'concise': True} all_resolved=False n_resolved=2/4 tokens=(3403,712)
  N=4 real_musique_hop_00067_3hop1__694534_160088_821792 seed=0 arm=selfcheckgpt: per_fault={'hop0': False, 'hop1': False, 'hop2': True, 'concise': True} all_resolved=False n_resolved=2/4 tokens=(9816,547)
  N=4 real_musique_hop_00067_3hop1__694534_160088_821792 seed=0 arm=reflexion: per_fault={'hop0': False, 'hop1': False, 'hop2': True, 'concise': True} all_resolved=False n_resolved=2/4 tokens=(1675,373)
  N=4 real_musique_hop_00067_3hop1__694534_160088_821792 seed=0 arm=intro_specter: per_fault={'hop0': False, 'hop1': False, 'hop2': True, 'concise': True} all_resolved=False n_resolved=2/4 tokens=(4001,1062)
  N=4 real_musique_hop_00067_3hop1__694534_160088_821792 seed=1 arm=direct: per_fault={'hop0': False, 'hop1': False, 'hop2': True, 'concise': True} all_resolved=False n_resolved=2/4 tokens=(1675,373)
  N=4 real_musique_hop_00067_3hop1__694534_160088_821792 seed=1 arm=self_refine: per_fault={'hop0': False, 'hop1': False, 'hop2': True, 'concise': True} all_resolved=False n_resolved=2/4 tokens=(3847,1098)
  N=4 real_musique_hop_00067_3hop1__694534_160088_821792 seed=1 arm=full_regen: per_fault={'hop0': True, 'hop1': False, 'hop2': True, 'concise': True} all_resolved=False n_resolved=3/4 tokens=(3350,940)
  N=4 real_musique_hop_00067_3hop1__694534_160088_821792 seed=1 arm=react: per_fault={'hop0': False, 'hop1': False, 'hop2': True, 'concise': True} all_resolved=False n_resolved=2/4 tokens=(3403,712)
  N=4 real_musique_hop_00067_3hop1__694534_160088_821792 seed=1 arm=selfcheckgpt: per_fault={'hop0': False, 'hop1': False, 'hop2': True, 'concise': False} all_resolved=False n_resolved=1/4 tokens=(11431,589)
  N=4 real_musique_hop_00067_3hop1__694534_160088_821792 seed=1 arm=reflexion: per_fault={'hop0': False, 'hop1': False, 'hop2': True, 'concise': True} all_resolved=False n_resolved=2/4 tokens=(1675,373)
  N=4 real_musique_hop_00067_3hop1__694534_160088_821792 seed=1 arm=intro_specter: per_fault={'hop0': False, 'hop1': False, 'hop2': True, 'concise': True} all_resolved=False n_resolved=2/4 tokens=(4001,1062)
  N=4 real_musique_hop_00067_3hop1__694534_160088_821792 seed=2 arm=direct: per_fault={'hop0': False, 'hop1': False, 'hop2': True, 'concise': True} all_resolved=False n_resolved=2/4 tokens=(1695,434)
  N=4 real_musique_hop_00067_3hop1__694534_160088_821792 seed=2 arm=self_refine: per_fault={'hop0': False, 'hop1': False, 'hop2': True, 'concise': False} all_resolved=False n_resolved=1/4 tokens=(3949,1126)
  N=4 real_musique_hop_00067_3hop1__694534_160088_821792 seed=2 arm=full_regen: per_fault={'hop0': False, 'hop1': False, 'hop2': True, 'concise': True} all_resolved=False n_resolved=2/4 tokens=(3390,1004)
  N=4 real_musique_hop_00067_3hop1__694534_160088_821792 seed=2 arm=react: per_fault={'hop0': True, 'hop1': False, 'hop2': True, 'concise': True} all_resolved=False n_resolved=3/4 tokens=(3443,1789)
  N=4 real_musique_hop_00067_3hop1__694534_160088_821792 seed=2 arm=selfcheckgpt: per_fault={'hop0': False, 'hop1': False, 'hop2': True, 'concise': False} all_resolved=False n_resolved=1/4 tokens=(11505,637)
  N=4 real_musique_hop_00067_3hop1__694534_160088_821792 seed=2 arm=reflexion: per_fault={'hop0': False, 'hop1': False, 'hop2': True, 'concise': True} all_resolved=False n_resolved=2/4 tokens=(1695,434)
  N=4 real_musique_hop_00067_3hop1__694534_160088_821792 seed=2 arm=intro_specter: per_fault={'hop0': False, 'hop1': False, 'hop2': True, 'concise': True} all_resolved=False n_resolved=2/4 tokens=(4123,1061)
  N=4 real_musique_hop_00068_3hop1__536452_15840_36002 seed=0 arm=direct: per_fault={'hop0': True, 'hop1': True, 'hop2': True, 'bullets': True} all_resolved=True n_resolved=4/4 tokens=(1967,609)
  N=4 real_musique_hop_00068_3hop1__536452_15840_36002 seed=0 arm=self_refine: per_fault={'hop0': True, 'hop1': True, 'hop2': True, 'bullets': True} all_resolved=True n_resolved=4/4 tokens=(4730,1621)
  N=4 real_musique_hop_00068_3hop1__536452_15840_36002 seed=0 arm=full_regen: per_fault={'hop0': False, 'hop1': True, 'hop2': True, 'bullets': True} all_resolved=False n_resolved=3/4 tokens=(3914,911)
  N=4 real_musique_hop_00068_3hop1__536452_15840_36002 seed=0 arm=react: per_fault={'hop0': False, 'hop1': True, 'hop2': True, 'bullets': True} all_resolved=False n_resolved=3/4 tokens=(3987,1694)
  N=4 real_musique_hop_00068_3hop1__536452_15840_36002 seed=0 arm=selfcheckgpt: per_fault={'hop0': True, 'hop1': True, 'hop2': True, 'bullets': True} all_resolved=True n_resolved=4/4 tokens=(13404,862)
  N=4 real_musique_hop_00068_3hop1__536452_15840_36002 seed=0 arm=reflexion: per_fault={'hop0': True, 'hop1': True, 'hop2': True, 'bullets': True} all_resolved=True n_resolved=4/4 tokens=(1967,609)
  N=4 real_musique_hop_00068_3hop1__536452_15840_36002 seed=0 arm=intro_specter: per_fault={'hop0': True, 'hop1': True, 'hop2': True, 'bullets': True} all_resolved=True n_resolved=4/4 tokens=(4884,1649)
  N=4 real_musique_hop_00068_3hop1__536452_15840_36002 seed=1 arm=direct: per_fault={'hop0': True, 'hop1': True, 'hop2': True, 'bullets': True} all_resolved=True n_resolved=4/4 tokens=(1967,609)
  N=4 real_musique_hop_00068_3hop1__536452_15840_36002 seed=1 arm=self_refine: per_fault={'hop0': True, 'hop1': True, 'hop2': True, 'bullets': True} all_resolved=True n_resolved=4/4 tokens=(4730,1621)
  N=4 real_musique_hop_00068_3hop1__536452_15840_36002 seed=1 arm=full_regen: per_fault={'hop0': False, 'hop1': True, 'hop2': True, 'bullets': True} all_resolved=False n_resolved=3/4 tokens=(3950,1350)
  N=4 real_musique_hop_00068_3hop1__536452_15840_36002 seed=1 arm=react: per_fault={'hop0': False, 'hop1': True, 'hop2': True, 'bullets': True} all_resolved=False n_resolved=3/4 tokens=(3987,1694)
  N=4 real_musique_hop_00068_3hop1__536452_15840_36002 seed=1 arm=selfcheckgpt: per_fault={'hop0': True, 'hop1': True, 'hop2': True, 'bullets': True} all_resolved=True n_resolved=4/4 tokens=(11504,786)
  N=4 real_musique_hop_00068_3hop1__536452_15840_36002 seed=1 arm=reflexion: per_fault={'hop0': True, 'hop1': True, 'hop2': True, 'bullets': True} all_resolved=True n_resolved=4/4 tokens=(1967,609)
  N=4 real_musique_hop_00068_3hop1__536452_15840_36002 seed=1 arm=intro_specter: per_fault={'hop0': True, 'hop1': True, 'hop2': True, 'bullets': True} all_resolved=True n_resolved=4/4 tokens=(4884,1649)
  N=4 real_musique_hop_00068_3hop1__536452_15840_36002 seed=2 arm=direct: per_fault={'hop0': False, 'hop1': True, 'hop2': True, 'bullets': True} all_resolved=False n_resolved=3/4 tokens=(1967,348)
  N=4 real_musique_hop_00068_3hop1__536452_15840_36002 seed=2 arm=self_refine: per_fault={'hop0': False, 'hop1': True, 'hop2': True, 'bullets': True} all_resolved=False n_resolved=3/4 tokens=(4344,950)
  N=4 real_musique_hop_00068_3hop1__536452_15840_36002 seed=2 arm=full_regen: per_fault={'hop0': True, 'hop1': True, 'hop2': True, 'bullets': True} all_resolved=True n_resolved=4/4 tokens=(3914,814)
  N=4 real_musique_hop_00068_3hop1__536452_15840_36002 seed=2 arm=react: per_fault={'hop0': True, 'hop1': True, 'hop2': False, 'bullets': True} all_resolved=False n_resolved=3/4 tokens=(3987,1365)
  N=4 real_musique_hop_00068_3hop1__536452_15840_36002 seed=2 arm=selfcheckgpt: per_fault={'hop0': False, 'hop1': True, 'hop2': True, 'bullets': True} all_resolved=False n_resolved=3/4 tokens=(11504,577)
  N=4 real_musique_hop_00068_3hop1__536452_15840_36002 seed=2 arm=reflexion: per_fault={'hop0': False, 'hop1': True, 'hop2': True, 'bullets': True} all_resolved=False n_resolved=3/4 tokens=(1967,348)
  N=4 real_musique_hop_00068_3hop1__536452_15840_36002 seed=2 arm=intro_specter: per_fault={'hop0': False, 'hop1': True, 'hop2': True, 'bullets': True} all_resolved=False n_resolved=3/4 tokens=(4498,790)
  N=4 real_musique_hop_00070_3hop1__848113_15840_36002 seed=0 arm=direct: per_fault={'hop0': False, 'hop1': True, 'hop2': True, 'concise': True} all_resolved=False n_resolved=3/4 tokens=(1877,350)
  N=4 real_musique_hop_00070_3hop1__848113_15840_36002 seed=0 arm=self_refine: per_fault={'hop0': True, 'hop1': True, 'hop2': True, 'concise': False} all_resolved=False n_resolved=3/4 tokens=(4227,1390)
  N=4 real_musique_hop_00070_3hop1__848113_15840_36002 seed=0 arm=full_regen: per_fault={'hop0': False, 'hop1': True, 'hop2': True, 'concise': True} all_resolved=False n_resolved=3/4 tokens=(3754,597)
  N=4 real_musique_hop_00070_3hop1__848113_15840_36002 seed=0 arm=react: per_fault={'hop0': False, 'hop1': True, 'hop2': True, 'concise': False} all_resolved=False n_resolved=2/4 tokens=(3807,827)
  N=4 real_musique_hop_00070_3hop1__848113_15840_36002 seed=0 arm=selfcheckgpt: per_fault={'hop0': False, 'hop1': True, 'hop2': True, 'concise': False} all_resolved=False n_resolved=2/4 tokens=(13087,831)
  N=4 real_musique_hop_00070_3hop1__848113_15840_36002 seed=0 arm=reflexion: per_fault={'hop0': False, 'hop1': True, 'hop2': True, 'concise': True} all_resolved=False n_resolved=3/4 tokens=(1877,350)
  N=4 real_musique_hop_00070_3hop1__848113_15840_36002 seed=0 arm=intro_specter: per_fault={'hop0': False, 'hop1': True, 'hop2': True, 'concise': True} all_resolved=False n_resolved=3/4 tokens=(4361,849)
  N=4 real_musique_hop_00070_3hop1__848113_15840_36002 seed=1 arm=direct: per_fault={'hop0': False, 'hop1': True, 'hop2': True, 'concise': True} all_resolved=False n_resolved=3/4 tokens=(1877,350)
  N=4 real_musique_hop_00070_3hop1__848113_15840_36002 seed=1 arm=self_refine: per_fault={'hop0': True, 'hop1': True, 'hop2': True, 'concise': False} all_resolved=False n_resolved=3/4 tokens=(4227,1390)
  N=4 real_musique_hop_00070_3hop1__848113_15840_36002 seed=1 arm=full_regen: per_fault={'hop0': False, 'hop1': True, 'hop2': True, 'concise': False} all_resolved=False n_resolved=2/4 tokens=(3754,775)
  N=4 real_musique_hop_00070_3hop1__848113_15840_36002 seed=1 arm=react: per_fault={'hop0': False, 'hop1': True, 'hop2': True, 'concise': False} all_resolved=False n_resolved=2/4 tokens=(3807,827)
  N=4 real_musique_hop_00070_3hop1__848113_15840_36002 seed=1 arm=selfcheckgpt: per_fault={'hop0': False, 'hop1': True, 'hop2': True, 'concise': True} all_resolved=False n_resolved=3/4 tokens=(11066,557)
  N=4 real_musique_hop_00070_3hop1__848113_15840_36002 seed=1 arm=reflexion: per_fault={'hop0': False, 'hop1': True, 'hop2': True, 'concise': True} all_resolved=False n_resolved=3/4 tokens=(1877,350)
  N=4 real_musique_hop_00070_3hop1__848113_15840_36002 seed=1 arm=intro_specter: per_fault={'hop0': False, 'hop1': True, 'hop2': True, 'concise': True} all_resolved=False n_resolved=3/4 tokens=(4361,849)
  N=4 real_musique_hop_00070_3hop1__848113_15840_36002 seed=2 arm=direct: per_fault={'hop0': True, 'hop1': True, 'hop2': True, 'concise': True} all_resolved=True n_resolved=4/4 tokens=(1897,559)
  N=4 real_musique_hop_00070_3hop1__848113_15840_36002 seed=2 arm=self_refine: per_fault={'hop0': True, 'hop1': True, 'hop2': True, 'concise': False} all_resolved=False n_resolved=3/4 tokens=(4540,1517)
  N=4 real_musique_hop_00070_3hop1__848113_15840_36002 seed=2 arm=full_regen: per_fault={'hop0': False, 'hop1': True, 'hop2': True, 'concise': False} all_resolved=False n_resolved=2/4 tokens=(3810,1589)
  N=4 real_musique_hop_00070_3hop1__848113_15840_36002 seed=2 arm=react: per_fault={'hop0': False, 'hop1': True, 'hop2': True, 'concise': False} all_resolved=False n_resolved=2/4 tokens=(3827,1311)
  N=4 real_musique_hop_00070_3hop1__848113_15840_36002 seed=2 arm=selfcheckgpt: per_fault={'hop0': True, 'hop1': True, 'hop2': True, 'concise': False} all_resolved=False n_resolved=3/4 tokens=(12922,828)
  N=4 real_musique_hop_00070_3hop1__848113_15840_36002 seed=2 arm=reflexion: per_fault={'hop0': True, 'hop1': True, 'hop2': True, 'concise': True} all_resolved=True n_resolved=4/4 tokens=(1897,559)
  N=4 real_musique_hop_00070_3hop1__848113_15840_36002 seed=2 arm=intro_specter: per_fault={'hop0': True, 'hop1': True, 'hop2': True, 'concise': True} all_resolved=True n_resolved=4/4 tokens=(4710,1336)
  N=4 real_musique_hop_00072_3hop1__649930_15840_36002 seed=0 arm=direct: per_fault={'hop0': False, 'hop1': True, 'hop2': True, 'bullets': True} all_resolved=False n_resolved=3/4 tokens=(2014,672)
  N=4 real_musique_hop_00072_3hop1__649930_15840_36002 seed=0 arm=self_refine: per_fault={'hop0': False, 'hop1': True, 'hop2': True, 'bullets': True} all_resolved=False n_resolved=3/4 tokens=(4846,1354)
  N=4 real_musique_hop_00072_3hop1__649930_15840_36002 seed=0 arm=full_regen: per_fault={'hop0': False, 'hop1': True, 'hop2': True, 'bullets': True} all_resolved=False n_resolved=3/4 tokens=(4008,1063)
  N=4 real_musique_hop_00072_3hop1__649930_15840_36002 seed=0 arm=react: per_fault={'hop0': False, 'hop1': True, 'hop2': False, 'bullets': True} all_resolved=False n_resolved=2/4 tokens=(4081,1550)
  N=4 real_musique_hop_00072_3hop1__649930_15840_36002 seed=0 arm=selfcheckgpt: per_fault={'hop0': False, 'hop1': True, 'hop2': True, 'bullets': True} all_resolved=False n_resolved=3/4 tokens=(13733,957)
  N=4 real_musique_hop_00072_3hop1__649930_15840_36002 seed=0 arm=reflexion: per_fault={'hop0': False, 'hop1': True, 'hop2': True, 'bullets': True} all_resolved=False n_resolved=3/4 tokens=(2014,672)
  N=4 real_musique_hop_00072_3hop1__649930_15840_36002 seed=0 arm=intro_specter: per_fault={'hop0': False, 'hop1': True, 'hop2': True, 'bullets': True} all_resolved=False n_resolved=3/4 tokens=(5020,1674)
  N=4 real_musique_hop_00072_3hop1__649930_15840_36002 seed=1 arm=direct: per_fault={'hop0': False, 'hop1': True, 'hop2': True, 'bullets': True} all_resolved=False n_resolved=3/4 tokens=(2014,672)
  N=4 real_musique_hop_00072_3hop1__649930_15840_36002 seed=1 arm=self_refine: per_fault={'hop0': False, 'hop1': True, 'hop2': True, 'bullets': True} all_resolved=False n_resolved=3/4 tokens=(4846,1354)
  N=4 real_musique_hop_00072_3hop1__649930_15840_36002 seed=1 arm=full_regen: per_fault={'hop0': True, 'hop1': True, 'hop2': False, 'bullets': True} all_resolved=False n_resolved=3/4 tokens=(4028,1257)
  N=4 real_musique_hop_00072_3hop1__649930_15840_36002 seed=1 arm=react: per_fault={'hop0': False, 'hop1': True, 'hop2': False, 'bullets': True} all_resolved=False n_resolved=2/4 tokens=(4081,1550)
  N=4 real_musique_hop_00072_3hop1__649930_15840_36002 seed=1 arm=selfcheckgpt: per_fault={'hop0': False, 'hop1': True, 'hop2': True, 'bullets': True} all_resolved=False n_resolved=3/4 tokens=(11721,842)
  N=4 real_musique_hop_00072_3hop1__649930_15840_36002 seed=1 arm=reflexion: per_fault={'hop0': False, 'hop1': True, 'hop2': True, 'bullets': True} all_resolved=False n_resolved=3/4 tokens=(2014,672)
  N=4 real_musique_hop_00072_3hop1__649930_15840_36002 seed=1 arm=intro_specter: per_fault={'hop0': False, 'hop1': True, 'hop2': True, 'bullets': True} all_resolved=False n_resolved=3/4 tokens=(5020,1674)
  N=4 real_musique_hop_00072_3hop1__649930_15840_36002 seed=2 arm=direct: per_fault={'hop0': False, 'hop1': True, 'hop2': True, 'bullets': True} all_resolved=False n_resolved=3/4 tokens=(1994,729)
  N=4 real_musique_hop_00072_3hop1__649930_15840_36002 seed=2 arm=self_refine: per_fault={'hop0': False, 'hop1': True, 'hop2': True, 'bullets': True} all_resolved=False n_resolved=3/4 tokens=(4925,1891)
  N=4 real_musique_hop_00072_3hop1__649930_15840_36002 seed=2 arm=full_regen: per_fault={'hop0': False, 'hop1': True, 'hop2': True, 'bullets': True} all_resolved=False n_resolved=3/4 tokens=(3988,1220)
  N=4 real_musique_hop_00072_3hop1__649930_15840_36002 seed=2 arm=react: per_fault={'hop0': False, 'hop1': True, 'hop2': True, 'bullets': True} all_resolved=False n_resolved=3/4 tokens=(4041,1132)
  N=4 real_musique_hop_00072_3hop1__649930_15840_36002 seed=2 arm=selfcheckgpt: per_fault={'hop0': False, 'hop1': True, 'hop2': True, 'bullets': True} all_resolved=False n_resolved=3/4 tokens=(13709,1017)
  N=4 real_musique_hop_00072_3hop1__649930_15840_36002 seed=2 arm=reflexion: per_fault={'hop0': False, 'hop1': True, 'hop2': True, 'bullets': True} all_resolved=False n_resolved=3/4 tokens=(1994,729)
  N=4 real_musique_hop_00072_3hop1__649930_15840_36002 seed=2 arm=intro_specter: per_fault={'hop0': False, 'hop1': True, 'hop2': True, 'bullets': True} all_resolved=False n_resolved=3/4 tokens=(5079,1659)
  N=4 real_musique_hop_00073_3hop1__791757_15840_36002 seed=0 arm=direct: per_fault={'hop0': False, 'hop1': True, 'hop2': False, 'preamble': True} all_resolved=False n_resolved=2/4 tokens=(1665,329)
  N=4 real_musique_hop_00073_3hop1__791757_15840_36002 seed=0 arm=self_refine: per_fault={'hop0': False, 'hop1': True, 'hop2': False, 'preamble': True} all_resolved=False n_resolved=2/4 tokens=(3761,919)
  N=4 real_musique_hop_00073_3hop1__791757_15840_36002 seed=0 arm=full_regen: per_fault={'hop0': True, 'hop1': True, 'hop2': False, 'preamble': True} all_resolved=False n_resolved=3/4 tokens=(3350,591)
  N=4 real_musique_hop_00073_3hop1__791757_15840_36002 seed=0 arm=react: per_fault={'hop0': True, 'hop1': True, 'hop2': False, 'preamble': True} all_resolved=False n_resolved=3/4 tokens=(3403,1095)
  N=4 real_musique_hop_00073_3hop1__791757_15840_36002 seed=0 arm=selfcheckgpt: per_fault={'hop0': False, 'hop1': True, 'hop2': False, 'preamble': True} all_resolved=False n_resolved=2/4 tokens=(11436,620)
  N=4 real_musique_hop_00073_3hop1__791757_15840_36002 seed=0 arm=reflexion: per_fault={'hop0': False, 'hop1': True, 'hop2': False, 'preamble': True} all_resolved=False n_resolved=2/4 tokens=(1665,329)
  N=4 real_musique_hop_00073_3hop1__791757_15840_36002 seed=0 arm=intro_specter: per_fault={'hop0': False, 'hop1': True, 'hop2': False, 'preamble': True} all_resolved=False n_resolved=2/4 tokens=(3915,538)
  N=4 real_musique_hop_00073_3hop1__791757_15840_36002 seed=1 arm=direct: per_fault={'hop0': False, 'hop1': True, 'hop2': False, 'preamble': True} all_resolved=False n_resolved=2/4 tokens=(1665,329)
  N=4 real_musique_hop_00073_3hop1__791757_15840_36002 seed=1 arm=self_refine: per_fault={'hop0': False, 'hop1': True, 'hop2': False, 'preamble': True} all_resolved=False n_resolved=2/4 tokens=(3761,919)
  N=4 real_musique_hop_00073_3hop1__791757_15840_36002 seed=1 arm=full_regen: per_fault={'hop0': True, 'hop1': True, 'hop2': True, 'preamble': True} all_resolved=True n_resolved=4/4 tokens=(3350,817)
  N=4 real_musique_hop_00073_3hop1__791757_15840_36002 seed=1 arm=react: per_fault={'hop0': True, 'hop1': True, 'hop2': False, 'preamble': True} all_resolved=False n_resolved=3/4 tokens=(3403,1095)
  N=4 real_musique_hop_00073_3hop1__791757_15840_36002 seed=1 arm=selfcheckgpt: per_fault={'hop0': False, 'hop1': True, 'hop2': False, 'preamble': True} all_resolved=False n_resolved=2/4 tokens=(11456,573)
  N=4 real_musique_hop_00073_3hop1__791757_15840_36002 seed=1 arm=reflexion: per_fault={'hop0': False, 'hop1': True, 'hop2': False, 'preamble': True} all_resolved=False n_resolved=2/4 tokens=(1665,329)
  N=4 real_musique_hop_00073_3hop1__791757_15840_36002 seed=1 arm=intro_specter: per_fault={'hop0': False, 'hop1': True, 'hop2': False, 'preamble': True} all_resolved=False n_resolved=2/4 tokens=(3915,538)
  N=4 real_musique_hop_00073_3hop1__791757_15840_36002 seed=2 arm=direct: per_fault={'hop0': False, 'hop1': True, 'hop2': True, 'preamble': True} all_resolved=False n_resolved=3/4 tokens=(1665,346)
  N=4 real_musique_hop_00073_3hop1__791757_15840_36002 seed=2 arm=self_refine: per_fault={'hop0': False, 'hop1': True, 'hop2': True, 'preamble': True} all_resolved=False n_resolved=3/4 tokens=(3758,982)
  N=4 real_musique_hop_00073_3hop1__791757_15840_36002 seed=2 arm=full_regen: per_fault={'hop0': False, 'hop1': True, 'hop2': False, 'preamble': True} all_resolved=False n_resolved=2/4 tokens=(3330,689)
  N=4 real_musique_hop_00073_3hop1__791757_15840_36002 seed=2 arm=react: per_fault={'hop0': True, 'hop1': True, 'hop2': True, 'preamble': True} all_resolved=True n_resolved=4/4 tokens=(3403,1601)
  N=4 real_musique_hop_00073_3hop1__791757_15840_36002 seed=2 arm=selfcheckgpt: per_fault={'hop0': False, 'hop1': True, 'hop2': True, 'preamble': True} all_resolved=False n_resolved=3/4 tokens=(9867,491)
  N=4 real_musique_hop_00073_3hop1__791757_15840_36002 seed=2 arm=reflexion: per_fault={'hop0': False, 'hop1': True, 'hop2': True, 'preamble': True} all_resolved=False n_resolved=3/4 tokens=(1665,346)
  N=4 real_musique_hop_00073_3hop1__791757_15840_36002 seed=2 arm=intro_specter: per_fault={'hop0': False, 'hop1': True, 'hop2': True, 'preamble': True} all_resolved=False n_resolved=3/4 tokens=(3912,763)
  N=4 real_musique_hop_00074_3hop1__346812_15840_36002 seed=0 arm=direct: per_fault={'hop0': True, 'hop1': True, 'hop2': True, 'english': True} all_resolved=True n_resolved=4/4 tokens=(1835,545)
  N=4 real_musique_hop_00074_3hop1__346812_15840_36002 seed=0 arm=self_refine: per_fault={'hop0': False, 'hop1': True, 'hop2': True, 'english': True} all_resolved=False n_resolved=3/4 tokens=(4340,1276)
  N=4 real_musique_hop_00074_3hop1__346812_15840_36002 seed=0 arm=full_regen: per_fault={'hop0': False, 'hop1': True, 'hop2': True, 'english': True} all_resolved=False n_resolved=3/4 tokens=(3650,827)
  N=4 real_musique_hop_00074_3hop1__346812_15840_36002 seed=0 arm=react: per_fault={'hop0': False, 'hop1': True, 'hop2': True, 'english': True} all_resolved=False n_resolved=3/4 tokens=(3758,1675)
  N=4 real_musique_hop_00074_3hop1__346812_15840_36002 seed=0 arm=selfcheckgpt: per_fault={'hop0': True, 'hop1': True, 'hop2': True, 'english': True} all_resolved=True n_resolved=4/4 tokens=(12444,752)
  N=4 real_musique_hop_00074_3hop1__346812_15840_36002 seed=0 arm=reflexion: per_fault={'hop0': True, 'hop1': True, 'hop2': True, 'english': True} all_resolved=True n_resolved=4/4 tokens=(1835,545)
  N=4 real_musique_hop_00074_3hop1__346812_15840_36002 seed=0 arm=intro_specter: per_fault={'hop0': True, 'hop1': True, 'hop2': True, 'english': True} all_resolved=True n_resolved=4/4 tokens=(4494,1410)
  N=4 real_musique_hop_00074_3hop1__346812_15840_36002 seed=1 arm=direct: per_fault={'hop0': True, 'hop1': True, 'hop2': True, 'english': True} all_resolved=True n_resolved=4/4 tokens=(1835,545)
  N=4 real_musique_hop_00074_3hop1__346812_15840_36002 seed=1 arm=self_refine: per_fault={'hop0': False, 'hop1': True, 'hop2': True, 'english': True} all_resolved=False n_resolved=3/4 tokens=(4340,1276)
  N=4 real_musique_hop_00074_3hop1__346812_15840_36002 seed=1 arm=full_regen: per_fault={'hop0': False, 'hop1': True, 'hop2': False, 'english': True} all_resolved=False n_resolved=2/4 tokens=(3670,851)
  N=4 real_musique_hop_00074_3hop1__346812_15840_36002 seed=1 arm=react: per_fault={'hop0': False, 'hop1': True, 'hop2': True, 'english': True} all_resolved=False n_resolved=3/4 tokens=(3758,1675)
  N=4 real_musique_hop_00074_3hop1__346812_15840_36002 seed=1 arm=selfcheckgpt: per_fault={'hop0': True, 'hop1': True, 'hop2': True, 'english': True} all_resolved=True n_resolved=4/4 tokens=(10756,806)
  N=4 real_musique_hop_00074_3hop1__346812_15840_36002 seed=1 arm=reflexion: per_fault={'hop0': True, 'hop1': True, 'hop2': True, 'english': True} all_resolved=True n_resolved=4/4 tokens=(1835,545)
  N=4 real_musique_hop_00074_3hop1__346812_15840_36002 seed=1 arm=intro_specter: per_fault={'hop0': True, 'hop1': True, 'hop2': True, 'english': True} all_resolved=True n_resolved=4/4 tokens=(4494,1410)
  N=4 real_musique_hop_00074_3hop1__346812_15840_36002 seed=2 arm=direct: per_fault={'hop0': False, 'hop1': True, 'hop2': True, 'english': True} all_resolved=False n_resolved=3/4 tokens=(1815,554)
  N=4 real_musique_hop_00074_3hop1__346812_15840_36002 seed=2 arm=self_refine: per_fault={'hop0': True, 'hop1': True, 'hop2': True, 'english': True} all_resolved=True n_resolved=4/4 tokens=(4349,1506)
  N=4 real_musique_hop_00074_3hop1__346812_15840_36002 seed=2 arm=full_regen: per_fault={'hop0': False, 'hop1': True, 'hop2': True, 'english': True} all_resolved=False n_resolved=3/4 tokens=(3650,957)
  N=4 real_musique_hop_00074_3hop1__346812_15840_36002 seed=2 arm=react: per_fault={'hop0': False, 'hop1': True, 'hop2': True, 'english': True} all_resolved=False n_resolved=3/4 tokens=(3703,1547)
  N=4 real_musique_hop_00074_3hop1__346812_15840_36002 seed=2 arm=selfcheckgpt: per_fault={'hop0': False, 'hop1': True, 'hop2': True, 'english': True} all_resolved=False n_resolved=3/4 tokens=(10701,752)
  N=4 real_musique_hop_00074_3hop1__346812_15840_36002 seed=2 arm=reflexion: per_fault={'hop0': False, 'hop1': True, 'hop2': True, 'english': True} all_resolved=False n_resolved=3/4 tokens=(1815,554)
  N=4 real_musique_hop_00074_3hop1__346812_15840_36002 seed=2 arm=intro_specter: per_fault={'hop0': False, 'hop1': True, 'hop2': True, 'english': True} all_resolved=False n_resolved=3/4 tokens=(4503,1403)
  N=4 real_musique_hop_00075_3hop1__836699_15840_36002 seed=0 arm=direct: per_fault={'hop0': False, 'hop1': True, 'hop2': True, 'concise': False} all_resolved=False n_resolved=2/4 tokens=(1781,406)
  N=4 real_musique_hop_00075_3hop1__836699_15840_36002 seed=0 arm=self_refine: per_fault={'hop0': True, 'hop1': True, 'hop2': True, 'concise': False} all_resolved=False n_resolved=3/4 tokens=(4050,1101)
  N=4 real_musique_hop_00075_3hop1__836699_15840_36002 seed=0 arm=full_regen: per_fault={'hop0': False, 'hop1': True, 'hop2': True, 'concise': False} all_resolved=False n_resolved=2/4 tokens=(3598,812)
  N=4 real_musique_hop_00075_3hop1__836699_15840_36002 seed=0 arm=react: per_fault={'hop0': False, 'hop1': True, 'hop2': True, 'concise': False} all_resolved=False n_resolved=2/4 tokens=(3615,1015)
  N=4 real_musique_hop_00075_3hop1__836699_15840_36002 seed=0 arm=selfcheckgpt: per_fault={'hop0': False, 'hop1': True, 'hop2': True, 'concise': False} all_resolved=False n_resolved=2/4 tokens=(10496,570)
  N=4 real_musique_hop_00075_3hop1__836699_15840_36002 seed=0 arm=reflexion: per_fault={'hop0': False, 'hop1': True, 'hop2': True, 'concise': False} all_resolved=False n_resolved=2/4 tokens=(1781,406)
  N=4 real_musique_hop_00075_3hop1__836699_15840_36002 seed=0 arm=intro_specter: per_fault={'hop0': False, 'hop1': True, 'hop2': True, 'concise': False} all_resolved=False n_resolved=2/4 tokens=(4224,744)
  N=4 real_musique_hop_00075_3hop1__836699_15840_36002 seed=1 arm=direct: per_fault={'hop0': False, 'hop1': True, 'hop2': True, 'concise': False} all_resolved=False n_resolved=2/4 tokens=(1781,406)
  N=4 real_musique_hop_00075_3hop1__836699_15840_36002 seed=1 arm=self_refine: per_fault={'hop0': True, 'hop1': True, 'hop2': True, 'concise': False} all_resolved=False n_resolved=3/4 tokens=(4050,1101)
  N=4 real_musique_hop_00075_3hop1__836699_15840_36002 seed=1 arm=full_regen: per_fault={'hop0': True, 'hop1': True, 'hop2': True, 'concise': False} all_resolved=False n_resolved=3/4 tokens=(3562,979)
  N=4 real_musique_hop_00075_3hop1__836699_15840_36002 seed=1 arm=react: per_fault={'hop0': False, 'hop1': True, 'hop2': True, 'concise': False} all_resolved=False n_resolved=2/4 tokens=(3615,1015)
  N=4 real_musique_hop_00075_3hop1__836699_15840_36002 seed=1 arm=selfcheckgpt: per_fault={'hop0': False, 'hop1': True, 'hop2': True, 'concise': False} all_resolved=False n_resolved=2/4 tokens=(12176,614)
  N=4 real_musique_hop_00075_3hop1__836699_15840_36002 seed=1 arm=reflexion: per_fault={'hop0': False, 'hop1': True, 'hop2': True, 'concise': False} all_resolved=False n_resolved=2/4 tokens=(1781,406)
  N=4 real_musique_hop_00075_3hop1__836699_15840_36002 seed=1 arm=intro_specter: per_fault={'hop0': False, 'hop1': True, 'hop2': True, 'concise': False} all_resolved=False n_resolved=2/4 tokens=(4224,744)
  N=4 real_musique_hop_00075_3hop1__836699_15840_36002 seed=2 arm=direct: per_fault={'hop0': False, 'hop1': True, 'hop2': True, 'concise': False} all_resolved=False n_resolved=2/4 tokens=(1781,455)
  N=4 real_musique_hop_00075_3hop1__836699_15840_36002 seed=2 arm=self_refine: per_fault={'hop0': False, 'hop1': True, 'hop2': True, 'concise': False} all_resolved=False n_resolved=2/4 tokens=(4119,1134)
  N=4 real_musique_hop_00075_3hop1__836699_15840_36002 seed=2 arm=full_regen: per_fault={'hop0': False, 'hop1': True, 'hop2': True, 'concise': False} all_resolved=False n_resolved=2/4 tokens=(3562,806)
  N=4 real_musique_hop_00075_3hop1__836699_15840_36002 seed=2 arm=react: per_fault={'hop0': True, 'hop1': True, 'hop2': True, 'concise': False} all_resolved=False n_resolved=3/4 tokens=(3635,1602)
  N=4 real_musique_hop_00075_3hop1__836699_15840_36002 seed=2 arm=selfcheckgpt: per_fault={'hop0': False, 'hop1': True, 'hop2': True, 'concise': False} all_resolved=False n_resolved=2/4 tokens=(10730,725)
  N=4 real_musique_hop_00075_3hop1__836699_15840_36002 seed=2 arm=reflexion: per_fault={'hop0': False, 'hop1': True, 'hop2': True, 'concise': False} all_resolved=False n_resolved=2/4 tokens=(1781,455)
  N=4 real_musique_hop_00075_3hop1__836699_15840_36002 seed=2 arm=intro_specter: per_fault={'hop0': False, 'hop1': True, 'hop2': True, 'concise': False} all_resolved=False n_resolved=2/4 tokens=(4273,1002)
  N=4 real_musique_hop_00076_3hop1__742464_15840_36002 seed=0 arm=direct: per_fault={'hop0': False, 'hop1': True, 'hop2': True, 'concise': False} all_resolved=False n_resolved=2/4 tokens=(1842,450)
  N=4 real_musique_hop_00076_3hop1__742464_15840_36002 seed=0 arm=self_refine: per_fault={'hop0': False, 'hop1': True, 'hop2': True, 'concise': False} all_resolved=False n_resolved=2/4 tokens=(4298,1339)
  N=4 real_musique_hop_00076_3hop1__742464_15840_36002 seed=0 arm=full_regen: per_fault={'hop0': True, 'hop1': True, 'hop2': False, 'concise': True} all_resolved=False n_resolved=3/4 tokens=(3683,767)
  N=4 real_musique_hop_00076_3hop1__742464_15840_36002 seed=0 arm=react: per_fault={'hop0': False, 'hop1': True, 'hop2': True, 'concise': False} all_resolved=False n_resolved=2/4 tokens=(3756,1590)
  N=4 real_musique_hop_00076_3hop1__742464_15840_36002 seed=0 arm=selfcheckgpt: per_fault={'hop0': False, 'hop1': True, 'hop2': True, 'concise': False} all_resolved=False n_resolved=2/4 tokens=(10875,683)
  N=4 real_musique_hop_00076_3hop1__742464_15840_36002 seed=0 arm=reflexion: per_fault={'hop0': False, 'hop1': True, 'hop2': True, 'concise': False} all_resolved=False n_resolved=2/4 tokens=(1842,450)
  N=4 real_musique_hop_00076_3hop1__742464_15840_36002 seed=0 arm=intro_specter: per_fault={'hop0': False, 'hop1': True, 'hop2': True, 'concise': False} all_resolved=False n_resolved=2/4 tokens=(4452,1259)
  N=4 real_musique_hop_00076_3hop1__742464_15840_36002 seed=1 arm=direct: per_fault={'hop0': False, 'hop1': True, 'hop2': True, 'concise': False} all_resolved=False n_resolved=2/4 tokens=(1842,450)
  N=4 real_musique_hop_00076_3hop1__742464_15840_36002 seed=1 arm=self_refine: per_fault={'hop0': False, 'hop1': True, 'hop2': True, 'concise': False} all_resolved=False n_resolved=2/4 tokens=(4298,1339)
  N=4 real_musique_hop_00076_3hop1__742464_15840_36002 seed=1 arm=full_regen: per_fault={'hop0': False, 'hop1': True, 'hop2': False, 'concise': False} all_resolved=False n_resolved=1/4 tokens=(3683,755)
  N=4 real_musique_hop_00076_3hop1__742464_15840_36002 seed=1 arm=react: per_fault={'hop0': False, 'hop1': True, 'hop2': True, 'concise': False} all_resolved=False n_resolved=2/4 tokens=(3756,1590)
  N=4 real_musique_hop_00076_3hop1__742464_15840_36002 seed=1 arm=selfcheckgpt: per_fault={'hop0': False, 'hop1': True, 'hop2': True, 'concise': False} all_resolved=False n_resolved=2/4 tokens=(10854,647)
  N=4 real_musique_hop_00076_3hop1__742464_15840_36002 seed=1 arm=reflexion: per_fault={'hop0': False, 'hop1': True, 'hop2': True, 'concise': False} all_resolved=False n_resolved=2/4 tokens=(1842,450)
  N=4 real_musique_hop_00076_3hop1__742464_15840_36002 seed=1 arm=intro_specter: per_fault={'hop0': False, 'hop1': True, 'hop2': True, 'concise': False} all_resolved=False n_resolved=2/4 tokens=(4452,1259)
  N=4 real_musique_hop_00076_3hop1__742464_15840_36002 seed=2 arm=direct: per_fault={'hop0': True, 'hop1': True, 'hop2': True, 'concise': True} all_resolved=True n_resolved=4/4 tokens=(1877,538)
  N=4 real_musique_hop_00076_3hop1__742464_15840_36002 seed=2 arm=self_refine: per_fault={'hop0': True, 'hop1': True, 'hop2': True, 'concise': True} all_resolved=True n_resolved=4/4 tokens=(4381,1364)
  N=4 real_musique_hop_00076_3hop1__742464_15840_36002 seed=2 arm=full_regen: per_fault={'hop0': True, 'hop1': True, 'hop2': True, 'concise': True} all_resolved=True n_resolved=4/4 tokens=(3738,1033)
  N=4 real_musique_hop_00076_3hop1__742464_15840_36002 seed=2 arm=react: per_fault={'hop0': False, 'hop1': True, 'hop2': True, 'concise': False} all_resolved=False n_resolved=2/4 tokens=(3806,1228)
  N=4 real_musique_hop_00076_3hop1__742464_15840_36002 seed=2 arm=selfcheckgpt: per_fault={'hop0': True, 'hop1': True, 'hop2': True, 'concise': False} all_resolved=False n_resolved=3/4 tokens=(12643,761)
  N=4 real_musique_hop_00076_3hop1__742464_15840_36002 seed=2 arm=reflexion: per_fault={'hop0': True, 'hop1': True, 'hop2': True, 'concise': True} all_resolved=True n_resolved=4/4 tokens=(1877,538)
  N=4 real_musique_hop_00076_3hop1__742464_15840_36002 seed=2 arm=intro_specter: per_fault={'hop0': True, 'hop1': True, 'hop2': True, 'concise': True} all_resolved=True n_resolved=4/4 tokens=(4535,1159)
  N=4 real_musique_hop_00078_3hop1__469478_15840_36002 seed=0 arm=direct: per_fault={'hop0': False, 'hop1': True, 'hop2': True, 'bullets': True} all_resolved=False n_resolved=3/4 tokens=(1741,375)
  N=4 real_musique_hop_00078_3hop1__469478_15840_36002 seed=0 arm=self_refine: per_fault={'hop0': False, 'hop1': True, 'hop2': True, 'bullets': True} all_resolved=False n_resolved=3/4 tokens=(3959,1068)
  N=4 real_musique_hop_00078_3hop1__469478_15840_36002 seed=0 arm=full_regen: per_fault={'hop0': True, 'hop1': True, 'hop2': True, 'bullets': True} all_resolved=True n_resolved=4/4 tokens=(3502,965)
  N=4 real_musique_hop_00078_3hop1__469478_15840_36002 seed=0 arm=react: per_fault={'hop0': True, 'hop1': True, 'hop2': True, 'bullets': True} all_resolved=True n_resolved=4/4 tokens=(3555,1626)
  N=4 real_musique_hop_00078_3hop1__469478_15840_36002 seed=0 arm=selfcheckgpt: per_fault={'hop0': False, 'hop1': True, 'hop2': True, 'bullets': True} all_resolved=False n_resolved=3/4 tokens=(10204,562)
  N=4 real_musique_hop_00078_3hop1__469478_15840_36002 seed=0 arm=reflexion: per_fault={'hop0': False, 'hop1': True, 'hop2': True, 'bullets': True} all_resolved=False n_resolved=3/4 tokens=(1741,375)
  N=4 real_musique_hop_00078_3hop1__469478_15840_36002 seed=0 arm=intro_specter: per_fault={'hop0': False, 'hop1': True, 'hop2': True, 'bullets': True} all_resolved=False n_resolved=3/4 tokens=(4113,919)
  N=4 real_musique_hop_00078_3hop1__469478_15840_36002 seed=1 arm=direct: per_fault={'hop0': False, 'hop1': True, 'hop2': True, 'bullets': True} all_resolved=False n_resolved=3/4 tokens=(1741,375)
  N=4 real_musique_hop_00078_3hop1__469478_15840_36002 seed=1 arm=self_refine: per_fault={'hop0': False, 'hop1': True, 'hop2': True, 'bullets': True} all_resolved=False n_resolved=3/4 tokens=(3959,1068)
  N=4 real_musique_hop_00078_3hop1__469478_15840_36002 seed=1 arm=full_regen: per_fault={'hop0': False, 'hop1': True, 'hop2': True, 'bullets': True} all_resolved=False n_resolved=3/4 tokens=(3482,950)
  N=4 real_musique_hop_00078_3hop1__469478_15840_36002 seed=1 arm=react: per_fault={'hop0': True, 'hop1': True, 'hop2': True, 'bullets': True} all_resolved=True n_resolved=4/4 tokens=(3555,1626)
  N=4 real_musique_hop_00078_3hop1__469478_15840_36002 seed=1 arm=selfcheckgpt: per_fault={'hop0': False, 'hop1': True, 'hop2': True, 'bullets': True} all_resolved=False n_resolved=3/4 tokens=(11945,648)
  N=4 real_musique_hop_00078_3hop1__469478_15840_36002 seed=1 arm=reflexion: per_fault={'hop0': False, 'hop1': True, 'hop2': True, 'bullets': True} all_resolved=False n_resolved=3/4 tokens=(1741,375)
  N=4 real_musique_hop_00078_3hop1__469478_15840_36002 seed=1 arm=intro_specter: per_fault={'hop0': False, 'hop1': True, 'hop2': True, 'bullets': True} all_resolved=False n_resolved=3/4 tokens=(4113,919)
  N=4 real_musique_hop_00078_3hop1__469478_15840_36002 seed=2 arm=direct: per_fault={'hop0': True, 'hop1': True, 'hop2': True, 'bullets': True} all_resolved=True n_resolved=4/4 tokens=(1742,644)
  N=4 real_musique_hop_00078_3hop1__469478_15840_36002 seed=2 arm=self_refine: per_fault={'hop0': True, 'hop1': True, 'hop2': True, 'bullets': True} all_resolved=True n_resolved=4/4 tokens=(4293,1624)
  N=4 real_musique_hop_00078_3hop1__469478_15840_36002 seed=2 arm=full_regen: per_fault={'hop0': False, 'hop1': True, 'hop2': True, 'bullets': True} all_resolved=False n_resolved=3/4 tokens=(3503,918)
  N=4 real_musique_hop_00078_3hop1__469478_15840_36002 seed=2 arm=react: per_fault={'hop0': True, 'hop1': True, 'hop2': True, 'bullets': True} all_resolved=True n_resolved=4/4 tokens=(3556,1512)
  N=4 real_musique_hop_00078_3hop1__469478_15840_36002 seed=2 arm=selfcheckgpt: per_fault={'hop0': True, 'hop1': True, 'hop2': True, 'bullets': True} all_resolved=True n_resolved=4/4 tokens=(11948,897)
  N=4 real_musique_hop_00078_3hop1__469478_15840_36002 seed=2 arm=reflexion: per_fault={'hop0': True, 'hop1': True, 'hop2': True, 'bullets': True} all_resolved=True n_resolved=4/4 tokens=(1742,644)
  N=4 real_musique_hop_00078_3hop1__469478_15840_36002 seed=2 arm=intro_specter: per_fault={'hop0': True, 'hop1': True, 'hop2': True, 'bullets': True} all_resolved=True n_resolved=4/4 tokens=(4447,1566)
  N=4 real_musique_hop_00079_3hop1__622497_160088_821792 seed=0 arm=direct: per_fault={'hop0': True, 'hop1': False, 'hop2': False, 'english': True} all_resolved=False n_resolved=2/4 tokens=(1881,489)
  N=4 real_musique_hop_00079_3hop1__622497_160088_821792 seed=0 arm=self_refine: per_fault={'hop0': True, 'hop1': False, 'hop2': True, 'english': True} all_resolved=False n_resolved=3/4 tokens=(4397,1144)
  N=4 real_musique_hop_00079_3hop1__622497_160088_821792 seed=0 arm=full_regen: per_fault={'hop0': True, 'hop1': True, 'hop2': True, 'english': True} all_resolved=True n_resolved=4/4 tokens=(3742,846)
  N=4 real_musique_hop_00079_3hop1__622497_160088_821792 seed=0 arm=react: per_fault={'hop0': False, 'hop1': False, 'hop2': False, 'english': True} all_resolved=False n_resolved=1/4 tokens=(3830,1013)
  N=4 real_musique_hop_00079_3hop1__622497_160088_821792 seed=0 arm=selfcheckgpt: per_fault={'hop0': True, 'hop1': False, 'hop2': True, 'english': True} all_resolved=False n_resolved=3/4 tokens=(12849,634)
  N=4 real_musique_hop_00079_3hop1__622497_160088_821792 seed=0 arm=reflexion: per_fault={'hop0': True, 'hop1': False, 'hop2': False, 'english': True} all_resolved=False n_resolved=2/4 tokens=(1881,489)
  N=4 real_musique_hop_00079_3hop1__622497_160088_821792 seed=0 arm=intro_specter: per_fault={'hop0': True, 'hop1': False, 'hop2': False, 'english': True} all_resolved=False n_resolved=2/4 tokens=(4587,900)
  N=4 real_musique_hop_00079_3hop1__622497_160088_821792 seed=1 arm=direct: per_fault={'hop0': True, 'hop1': False, 'hop2': False, 'english': True} all_resolved=False n_resolved=2/4 tokens=(1881,489)
  N=4 real_musique_hop_00079_3hop1__622497_160088_821792 seed=1 arm=self_refine: per_fault={'hop0': True, 'hop1': False, 'hop2': True, 'english': True} all_resolved=False n_resolved=3/4 tokens=(4397,1144)
  N=4 real_musique_hop_00079_3hop1__622497_160088_821792 seed=1 arm=full_regen: per_fault={'hop0': False, 'hop1': False, 'hop2': True, 'english': True} all_resolved=False n_resolved=2/4 tokens=(3742,750)
  N=4 real_musique_hop_00079_3hop1__622497_160088_821792 seed=1 arm=react: per_fault={'hop0': False, 'hop1': False, 'hop2': False, 'english': True} all_resolved=False n_resolved=1/4 tokens=(3830,1013)
  N=4 real_musique_hop_00079_3hop1__622497_160088_821792 seed=1 arm=selfcheckgpt: per_fault={'hop0': True, 'hop1': False, 'hop2': True, 'english': True} all_resolved=False n_resolved=3/4 tokens=(12950,740)
  N=4 real_musique_hop_00079_3hop1__622497_160088_821792 seed=1 arm=reflexion: per_fault={'hop0': True, 'hop1': False, 'hop2': False, 'english': True} all_resolved=False n_resolved=2/4 tokens=(1881,489)
  N=4 real_musique_hop_00079_3hop1__622497_160088_821792 seed=1 arm=intro_specter: per_fault={'hop0': True, 'hop1': False, 'hop2': False, 'english': True} all_resolved=False n_resolved=2/4 tokens=(4587,900)
  N=4 real_musique_hop_00079_3hop1__622497_160088_821792 seed=2 arm=direct: per_fault={'hop0': True, 'hop1': True, 'hop2': True, 'english': True} all_resolved=True n_resolved=4/4 tokens=(1881,580)
  N=4 real_musique_hop_00079_3hop1__622497_160088_821792 seed=2 arm=self_refine: per_fault={'hop0': True, 'hop1': True, 'hop2': True, 'english': True} all_resolved=True n_resolved=4/4 tokens=(4529,1414)
  N=4 real_musique_hop_00079_3hop1__622497_160088_821792 seed=2 arm=full_regen: per_fault={'hop0': False, 'hop1': False, 'hop2': False, 'english': True} all_resolved=False n_resolved=1/4 tokens=(3778,2491)
  N=4 real_musique_hop_00079_3hop1__622497_160088_821792 seed=2 arm=react: per_fault={'hop0': False, 'hop1': True, 'hop2': True, 'english': True} all_resolved=False n_resolved=3/4 tokens=(3815,1680)
  N=4 real_musique_hop_00079_3hop1__622497_160088_821792 seed=2 arm=selfcheckgpt: per_fault={'hop0': True, 'hop1': True, 'hop2': True, 'english': True} all_resolved=True n_resolved=4/4 tokens=(12884,901)
  N=4 real_musique_hop_00079_3hop1__622497_160088_821792 seed=2 arm=reflexion: per_fault={'hop0': True, 'hop1': True, 'hop2': True, 'english': True} all_resolved=True n_resolved=4/4 tokens=(1881,580)
  N=4 real_musique_hop_00079_3hop1__622497_160088_821792 seed=2 arm=intro_specter: per_fault={'hop0': True, 'hop1': True, 'hop2': True, 'english': True} all_resolved=True n_resolved=4/4 tokens=(4663,1612)
  N=4 real_musique_hop_00080_3hop2__304722_397371_63959 seed=0 arm=direct: per_fault={'hop0': False, 'hop1': False, 'hop2': True, 'bullets': True} all_resolved=False n_resolved=2/4 tokens=(1857,526)
  N=4 real_musique_hop_00080_3hop2__304722_397371_63959 seed=0 arm=self_refine: per_fault={'hop0': False, 'hop1': False, 'hop2': False, 'bullets': True} all_resolved=False n_resolved=1/4 tokens=(4447,1336)
  N=4 real_musique_hop_00080_3hop2__304722_397371_63959 seed=0 arm=full_regen: per_fault={'hop0': True, 'hop1': True, 'hop2': True, 'bullets': True} all_resolved=True n_resolved=4/4 tokens=(3714,758)
  N=4 real_musique_hop_00080_3hop2__304722_397371_63959 seed=0 arm=react: per_fault={'hop0': False, 'hop1': False, 'hop2': True, 'bullets': True} all_resolved=False n_resolved=2/4 tokens=(3767,1575)
  N=4 real_musique_hop_00080_3hop2__304722_397371_63959 seed=0 arm=selfcheckgpt: per_fault={'hop0': False, 'hop1': False, 'hop2': True, 'bullets': True} all_resolved=False n_resolved=2/4 tokens=(12959,887)
  N=4 real_musique_hop_00080_3hop2__304722_397371_63959 seed=0 arm=reflexion: per_fault={'hop0': False, 'hop1': False, 'hop2': True, 'bullets': True} all_resolved=False n_resolved=2/4 tokens=(1857,526)
  N=4 real_musique_hop_00080_3hop2__304722_397371_63959 seed=0 arm=intro_specter: per_fault={'hop0': False, 'hop1': False, 'hop2': True, 'bullets': True} all_resolved=False n_resolved=2/4 tokens=(4601,1447)
  N=4 real_musique_hop_00080_3hop2__304722_397371_63959 seed=1 arm=direct: per_fault={'hop0': False, 'hop1': False, 'hop2': True, 'bullets': True} all_resolved=False n_resolved=2/4 tokens=(1857,526)
  N=4 real_musique_hop_00080_3hop2__304722_397371_63959 seed=1 arm=self_refine: per_fault={'hop0': False, 'hop1': False, 'hop2': False, 'bullets': True} all_resolved=False n_resolved=1/4 tokens=(4447,1336)
  N=4 real_musique_hop_00080_3hop2__304722_397371_63959 seed=1 arm=full_regen: per_fault={'hop0': False, 'hop1': False, 'hop2': True, 'bullets': True} all_resolved=False n_resolved=2/4 tokens=(3734,927)
  N=4 real_musique_hop_00080_3hop2__304722_397371_63959 seed=1 arm=react: per_fault={'hop0': False, 'hop1': False, 'hop2': True, 'bullets': True} all_resolved=False n_resolved=2/4 tokens=(3767,1575)
  N=4 real_musique_hop_00080_3hop2__304722_397371_63959 seed=1 arm=selfcheckgpt: per_fault={'hop0': False, 'hop1': False, 'hop2': True, 'bullets': True} all_resolved=False n_resolved=2/4 tokens=(12886,788)
  N=4 real_musique_hop_00080_3hop2__304722_397371_63959 seed=1 arm=reflexion: per_fault={'hop0': False, 'hop1': False, 'hop2': True, 'bullets': True} all_resolved=False n_resolved=2/4 tokens=(1857,526)
  N=4 real_musique_hop_00080_3hop2__304722_397371_63959 seed=1 arm=intro_specter: per_fault={'hop0': False, 'hop1': False, 'hop2': True, 'bullets': True} all_resolved=False n_resolved=2/4 tokens=(4601,1447)
  N=4 real_musique_hop_00080_3hop2__304722_397371_63959 seed=2 arm=direct: per_fault={'hop0': False, 'hop1': False, 'hop2': True, 'bullets': True} all_resolved=False n_resolved=2/4 tokens=(1877,591)
  N=4 real_musique_hop_00080_3hop2__304722_397371_63959 seed=2 arm=self_refine: per_fault={'hop0': False, 'hop1': False, 'hop2': True, 'bullets': True} all_resolved=False n_resolved=2/4 tokens=(4533,1324)
  N=4 real_musique_hop_00080_3hop2__304722_397371_63959 seed=2 arm=full_regen: per_fault={'hop0': False, 'hop1': False, 'hop2': True, 'bullets': True} all_resolved=False n_resolved=2/4 tokens=(3734,882)
  N=4 real_musique_hop_00080_3hop2__304722_397371_63959 seed=2 arm=react: per_fault={'hop0': False, 'hop1': False, 'hop2': True, 'bullets': True} all_resolved=False n_resolved=2/4 tokens=(3787,1061)
  N=4 real_musique_hop_00080_3hop2__304722_397371_63959 seed=2 arm=selfcheckgpt: per_fault={'hop0': False, 'hop1': False, 'hop2': True, 'bullets': True} all_resolved=False n_resolved=2/4 tokens=(12879,840)
  N=4 real_musique_hop_00080_3hop2__304722_397371_63959 seed=2 arm=reflexion: per_fault={'hop0': False, 'hop1': False, 'hop2': True, 'bullets': True} all_resolved=False n_resolved=2/4 tokens=(1877,591)
  N=4 real_musique_hop_00080_3hop2__304722_397371_63959 seed=2 arm=intro_specter: per_fault={'hop0': False, 'hop1': False, 'hop2': True, 'bullets': True} all_resolved=False n_resolved=2/4 tokens=(4687,1772)
  N=4 real_musique_hop_00081_3hop2__304722_590317_63959 seed=0 arm=direct: per_fault={'hop0': False, 'hop1': False, 'hop2': True, 'bullets': True} all_resolved=False n_resolved=2/4 tokens=(1940,144)
  N=4 real_musique_hop_00081_3hop2__304722_590317_63959 seed=0 arm=self_refine: per_fault={'hop0': True, 'hop1': True, 'hop2': True, 'bullets': True} all_resolved=True n_resolved=4/4 tokens=(4002,648)
  N=4 real_musique_hop_00081_3hop2__304722_590317_63959 seed=0 arm=full_regen: per_fault={'hop0': True, 'hop1': True, 'hop2': True, 'bullets': True} all_resolved=True n_resolved=4/4 tokens=(3880,705)
  N=4 real_musique_hop_00081_3hop2__304722_590317_63959 seed=0 arm=react: per_fault={'hop0': False, 'hop1': False, 'hop2': True, 'bullets': True} all_resolved=False n_resolved=2/4 tokens=(3914,615)
  N=4 real_musique_hop_00081_3hop2__304722_590317_63959 seed=0 arm=selfcheckgpt: per_fault={'hop0': False, 'hop1': False, 'hop2': True, 'bullets': True} all_resolved=False n_resolved=2/4 tokens=(13421,622)
  N=4 real_musique_hop_00081_3hop2__304722_590317_63959 seed=0 arm=reflexion: per_fault={'hop0': False, 'hop1': False, 'hop2': True, 'bullets': True} all_resolved=False n_resolved=2/4 tokens=(1940,144)
  N=4 real_musique_hop_00081_3hop2__304722_590317_63959 seed=0 arm=intro_specter: per_fault={'hop0': False, 'hop1': False, 'hop2': True, 'bullets': True} all_resolved=False n_resolved=2/4 tokens=(4156,577)
  N=4 real_musique_hop_00081_3hop2__304722_590317_63959 seed=1 arm=direct: per_fault={'hop0': False, 'hop1': False, 'hop2': True, 'bullets': True} all_resolved=False n_resolved=2/4 tokens=(1940,144)
  N=4 real_musique_hop_00081_3hop2__304722_590317_63959 seed=1 arm=self_refine: per_fault={'hop0': True, 'hop1': True, 'hop2': True, 'bullets': True} all_resolved=True n_resolved=4/4 tokens=(4002,648)
  N=4 real_musique_hop_00081_3hop2__304722_590317_63959 seed=1 arm=full_regen: per_fault={'hop0': False, 'hop1': False, 'hop2': True, 'bullets': True} all_resolved=False n_resolved=2/4 tokens=(3880,273)
  N=4 real_musique_hop_00081_3hop2__304722_590317_63959 seed=1 arm=react: per_fault={'hop0': False, 'hop1': False, 'hop2': True, 'bullets': True} all_resolved=False n_resolved=2/4 tokens=(3914,615)
  N=4 real_musique_hop_00081_3hop2__304722_590317_63959 seed=1 arm=selfcheckgpt: per_fault={'hop0': False, 'hop1': False, 'hop2': True, 'bullets': True} all_resolved=False n_resolved=2/4 tokens=(11591,591)
  N=4 real_musique_hop_00081_3hop2__304722_590317_63959 seed=1 arm=reflexion: per_fault={'hop0': False, 'hop1': False, 'hop2': True, 'bullets': True} all_resolved=False n_resolved=2/4 tokens=(1940,144)
  N=4 real_musique_hop_00081_3hop2__304722_590317_63959 seed=1 arm=intro_specter: per_fault={'hop0': False, 'hop1': False, 'hop2': True, 'bullets': True} all_resolved=False n_resolved=2/4 tokens=(4156,577)
  N=4 real_musique_hop_00081_3hop2__304722_590317_63959 seed=2 arm=direct: per_fault={'hop0': False, 'hop1': False, 'hop2': True, 'bullets': True} all_resolved=False n_resolved=2/4 tokens=(1940,123)
  N=4 real_musique_hop_00081_3hop2__304722_590317_63959 seed=2 arm=self_refine: per_fault={'hop0': False, 'hop1': False, 'hop2': True, 'bullets': True} all_resolved=False n_resolved=2/4 tokens=(4001,369)
  N=4 real_musique_hop_00081_3hop2__304722_590317_63959 seed=2 arm=full_regen: per_fault={'hop0': False, 'hop1': False, 'hop2': True, 'bullets': True} all_resolved=False n_resolved=2/4 tokens=(3860,544)
  N=4 real_musique_hop_00081_3hop2__304722_590317_63959 seed=2 arm=react: per_fault={'hop0': True, 'hop1': True, 'hop2': True, 'bullets': True} all_resolved=True n_resolved=4/4 tokens=(3933,1124)
  N=4 real_musique_hop_00081_3hop2__304722_590317_63959 seed=2 arm=selfcheckgpt: per_fault={'hop0': False, 'hop1': False, 'hop2': True, 'bullets': True} all_resolved=False n_resolved=2/4 tokens=(13337,491)
  N=4 real_musique_hop_00081_3hop2__304722_590317_63959 seed=2 arm=reflexion: per_fault={'hop0': False, 'hop1': False, 'hop2': True, 'bullets': True} all_resolved=False n_resolved=2/4 tokens=(1940,123)
  N=4 real_musique_hop_00081_3hop2__304722_590317_63959 seed=2 arm=intro_specter: per_fault={'hop0': False, 'hop1': False, 'hop2': True, 'bullets': True} all_resolved=False n_resolved=2/4 tokens=(4171,583)
  N=4 real_musique_hop_00082_3hop2__304722_747004_63959 seed=0 arm=direct: per_fault={'hop0': False, 'hop1': False, 'hop2': True, 'preamble': True} all_resolved=False n_resolved=2/4 tokens=(1775,612)
  N=4 real_musique_hop_00082_3hop2__304722_747004_63959 seed=0 arm=self_refine: per_fault={'hop0': True, 'hop1': True, 'hop2': True, 'preamble': True} all_resolved=True n_resolved=4/4 tokens=(4344,1608)
  N=4 real_musique_hop_00082_3hop2__304722_747004_63959 seed=0 arm=full_regen: per_fault={'hop0': True, 'hop1': False, 'hop2': True, 'preamble': True} all_resolved=False n_resolved=3/4 tokens=(3530,1033)
  N=4 real_musique_hop_00082_3hop2__304722_747004_63959 seed=0 arm=react: per_fault={'hop0': True, 'hop1': False, 'hop2': True, 'preamble': True} all_resolved=False n_resolved=3/4 tokens=(3638,1782)
  N=4 real_musique_hop_00082_3hop2__304722_747004_63959 seed=0 arm=selfcheckgpt: per_fault={'hop0': False, 'hop1': False, 'hop2': True, 'preamble': True} all_resolved=False n_resolved=2/4 tokens=(10416,838)
  N=4 real_musique_hop_00082_3hop2__304722_747004_63959 seed=0 arm=reflexion: per_fault={'hop0': False, 'hop1': False, 'hop2': True, 'preamble': True} all_resolved=False n_resolved=2/4 tokens=(1775,612)
  N=4 real_musique_hop_00082_3hop2__304722_747004_63959 seed=0 arm=intro_specter: per_fault={'hop0': False, 'hop1': False, 'hop2': True, 'preamble': True} all_resolved=False n_resolved=2/4 tokens=(4462,1540)
  N=4 real_musique_hop_00082_3hop2__304722_747004_63959 seed=1 arm=direct: per_fault={'hop0': False, 'hop1': False, 'hop2': True, 'preamble': True} all_resolved=False n_resolved=2/4 tokens=(1775,612)
  N=4 real_musique_hop_00082_3hop2__304722_747004_63959 seed=1 arm=self_refine: per_fault={'hop0': True, 'hop1': True, 'hop2': True, 'preamble': True} all_resolved=True n_resolved=4/4 tokens=(4344,1608)
  N=4 real_musique_hop_00082_3hop2__304722_747004_63959 seed=1 arm=full_regen: per_fault={'hop0': True, 'hop1': False, 'hop2': True, 'preamble': True} all_resolved=False n_resolved=3/4 tokens=(3550,887)
  N=4 real_musique_hop_00082_3hop2__304722_747004_63959 seed=1 arm=react: per_fault={'hop0': True, 'hop1': False, 'hop2': True, 'preamble': True} all_resolved=False n_resolved=3/4 tokens=(3638,1782)
  N=4 real_musique_hop_00082_3hop2__304722_747004_63959 seed=1 arm=selfcheckgpt: per_fault={'hop0': False, 'hop1': False, 'hop2': True, 'preamble': True} all_resolved=False n_resolved=2/4 tokens=(12067,860)
  N=4 real_musique_hop_00082_3hop2__304722_747004_63959 seed=1 arm=reflexion: per_fault={'hop0': False, 'hop1': False, 'hop2': True, 'preamble': True} all_resolved=False n_resolved=2/4 tokens=(1775,612)
  N=4 real_musique_hop_00082_3hop2__304722_747004_63959 seed=1 arm=intro_specter: per_fault={'hop0': False, 'hop1': False, 'hop2': True, 'preamble': True} all_resolved=False n_resolved=2/4 tokens=(4462,1540)
  N=4 real_musique_hop_00082_3hop2__304722_747004_63959 seed=2 arm=direct: per_fault={'hop0': True, 'hop1': False, 'hop2': True, 'preamble': True} all_resolved=False n_resolved=3/4 tokens=(1755,337)
  N=4 real_musique_hop_00082_3hop2__304722_747004_63959 seed=2 arm=self_refine: per_fault={'hop0': True, 'hop1': False, 'hop2': True, 'preamble': True} all_resolved=False n_resolved=3/4 tokens=(3929,833)
  N=4 real_musique_hop_00082_3hop2__304722_747004_63959 seed=2 arm=full_regen: per_fault={'hop0': True, 'hop1': True, 'hop2': True, 'preamble': True} all_resolved=True n_resolved=4/4 tokens=(3510,1036)
  N=4 real_musique_hop_00082_3hop2__304722_747004_63959 seed=2 arm=react: per_fault={'hop0': False, 'hop1': False, 'hop2': True, 'preamble': True} all_resolved=False n_resolved=2/4 tokens=(3618,1256)
  N=4 real_musique_hop_00082_3hop2__304722_747004_63959 seed=2 arm=selfcheckgpt: per_fault={'hop0': True, 'hop1': False, 'hop2': True, 'preamble': True} all_resolved=False n_resolved=3/4 tokens=(10480,601)
  N=4 real_musique_hop_00082_3hop2__304722_747004_63959 seed=2 arm=reflexion: per_fault={'hop0': True, 'hop1': False, 'hop2': True, 'preamble': True} all_resolved=False n_resolved=3/4 tokens=(1755,337)
  N=4 real_musique_hop_00082_3hop2__304722_747004_63959 seed=2 arm=intro_specter: per_fault={'hop0': True, 'hop1': False, 'hop2': True, 'preamble': True} all_resolved=False n_resolved=3/4 tokens=(4103,853)

--- run summary (N=4, model=llama-3.1-8b) ---
rows written: 897  errors: 0
total tokens_input=3980240  total tokens_output=757985  grand_total=4738225
