Building 60 3-fault (1 ctx + 2 profile) musique_real examples (bench_seed=42, scan_limit=760)...
Built 60 examples. seeds=[0, 1, 2], model=mistral-nemo-12b, arms=['direct', 'self_refine', 'full_regen', 'react', 'selfcheckgpt', 'reflexion', 'intro_specter']
  N=3 real_musique_00010_3hop1__24980_42197_18397 seed=0 arm=direct: per_fault={'ctx': True, 'bullets': True, 'concise': True} all_resolved=True n_resolved=3/3 tokens=(2139,509)
  N=3 real_musique_00010_3hop1__24980_42197_18397 seed=0 arm=self_refine: per_fault={'ctx': True, 'bullets': True, 'concise': False} all_resolved=False n_resolved=2/3 tokens=(4948,1496)
  N=3 real_musique_00010_3hop1__24980_42197_18397 seed=0 arm=full_regen: per_fault={'ctx': True, 'bullets': True, 'concise': False} all_resolved=False n_resolved=2/3 tokens=(4278,1064)
  N=3 real_musique_00010_3hop1__24980_42197_18397 seed=0 arm=react: per_fault={'ctx': False, 'bullets': True, 'concise': True} all_resolved=False n_resolved=2/3 tokens=(4334,1064)
  N=3 real_musique_00010_3hop1__24980_42197_18397 seed=0 arm=selfcheckgpt: per_fault={'ctx': True, 'bullets': True, 'concise': True} all_resolved=True n_resolved=3/3 tokens=(12539,695)
  N=3 real_musique_00010_3hop1__24980_42197_18397 seed=0 arm=reflexion: per_fault={'ctx': True, 'bullets': True, 'concise': True} all_resolved=True n_resolved=3/3 tokens=(2139,509)
  N=3 real_musique_00010_3hop1__24980_42197_18397 seed=0 arm=intro_specter: per_fault={'ctx': True, 'bullets': True, 'concise': True} all_resolved=True n_resolved=3/3 tokens=(5100,920)
  N=3 real_musique_00010_3hop1__24980_42197_18397 seed=1 arm=direct: per_fault={'ctx': True, 'bullets': True, 'concise': True} all_resolved=True n_resolved=3/3 tokens=(2139,509)
  N=3 real_musique_00010_3hop1__24980_42197_18397 seed=1 arm=self_refine: per_fault={'ctx': True, 'bullets': True, 'concise': False} all_resolved=False n_resolved=2/3 tokens=(4948,1496)
  N=3 real_musique_00010_3hop1__24980_42197_18397 seed=1 arm=full_regen: per_fault={'ctx': True, 'bullets': True, 'concise': False} all_resolved=False n_resolved=2/3 tokens=(4278,1000)
  N=3 real_musique_00010_3hop1__24980_42197_18397 seed=1 arm=react: per_fault={'ctx': False, 'bullets': True, 'concise': True} all_resolved=False n_resolved=2/3 tokens=(4334,1064)
  N=3 real_musique_00010_3hop1__24980_42197_18397 seed=1 arm=selfcheckgpt: per_fault={'ctx': True, 'bullets': True, 'concise': True} all_resolved=True n_resolved=3/3 tokens=(12563,743)
  N=3 real_musique_00010_3hop1__24980_42197_18397 seed=1 arm=reflexion: per_fault={'ctx': True, 'bullets': True, 'concise': True} all_resolved=True n_resolved=3/3 tokens=(2139,509)
  N=3 real_musique_00010_3hop1__24980_42197_18397 seed=1 arm=intro_specter: per_fault={'ctx': True, 'bullets': True, 'concise': True} all_resolved=True n_resolved=3/3 tokens=(5100,920)
  N=3 real_musique_00010_3hop1__24980_42197_18397 seed=2 arm=direct: per_fault={'ctx': False, 'bullets': True, 'concise': False} all_resolved=False n_resolved=1/3 tokens=(2139,396)
  N=3 real_musique_00010_3hop1__24980_42197_18397 seed=2 arm=self_refine: per_fault={'ctx': True, 'bullets': True, 'concise': False} all_resolved=False n_resolved=2/3 tokens=(4793,1010)
  N=3 real_musique_00010_3hop1__24980_42197_18397 seed=2 arm=full_regen: per_fault={'ctx': True, 'bullets': True, 'concise': True} all_resolved=True n_resolved=3/3 tokens=(4278,599)
  N=3 real_musique_00010_3hop1__24980_42197_18397 seed=2 arm=react: per_fault={'ctx': False, 'bullets': True, 'concise': False} all_resolved=False n_resolved=1/3 tokens=(4334,985)
  N=3 real_musique_00010_3hop1__24980_42197_18397 seed=2 arm=selfcheckgpt: per_fault={'ctx': False, 'bullets': True, 'concise': False} all_resolved=False n_resolved=1/3 tokens=(12604,621)
  N=3 real_musique_00010_3hop1__24980_42197_18397 seed=2 arm=reflexion: per_fault={'ctx': False, 'bullets': True, 'concise': False} all_resolved=False n_resolved=1/3 tokens=(13755,1898)
  N=3 real_musique_00010_3hop1__24980_42197_18397 seed=2 arm=intro_specter: per_fault={'ctx': True, 'bullets': True, 'concise': True} all_resolved=True n_resolved=3/3 tokens=(4945,912)
  N=3 real_musique_00015_3hop1__337705_132457_47686 seed=0 arm=direct: per_fault={'ctx': False, 'bullets': True, 'concise': True} all_resolved=False n_resolved=2/3 tokens=(2016,348)
  N=3 real_musique_00015_3hop1__337705_132457_47686 seed=0 arm=self_refine: per_fault={'ctx': True, 'bullets': True, 'concise': True} all_resolved=True n_resolved=3/3 tokens=(4480,820)
  N=3 real_musique_00015_3hop1__337705_132457_47686 seed=0 arm=full_regen: per_fault={'ctx': False, 'bullets': True, 'concise': False} all_resolved=False n_resolved=1/3 tokens=(4032,622)
  N=3 real_musique_00015_3hop1__337705_132457_47686 seed=0 arm=react: per_fault={'ctx': False, 'bullets': True, 'concise': False} all_resolved=False n_resolved=1/3 tokens=(4088,730)
  N=3 real_musique_00015_3hop1__337705_132457_47686 seed=0 arm=selfcheckgpt: per_fault={'ctx': False, 'bullets': True, 'concise': True} all_resolved=False n_resolved=2/3 tokens=(11913,635)
  N=3 real_musique_00015_3hop1__337705_132457_47686 seed=0 arm=reflexion: per_fault={'ctx': False, 'bullets': True, 'concise': True} all_resolved=False n_resolved=2/3 tokens=(12844,1745)
  N=3 real_musique_00015_3hop1__337705_132457_47686 seed=0 arm=intro_specter: per_fault={'ctx': False, 'bullets': True, 'concise': False} all_resolved=False n_resolved=1/3 tokens=(4632,662)
  N=3 real_musique_00015_3hop1__337705_132457_47686 seed=1 arm=direct: per_fault={'ctx': False, 'bullets': True, 'concise': True} all_resolved=False n_resolved=2/3 tokens=(2016,348)
  N=3 real_musique_00015_3hop1__337705_132457_47686 seed=1 arm=self_refine: per_fault={'ctx': True, 'bullets': True, 'concise': True} all_resolved=True n_resolved=3/3 tokens=(4480,820)
  N=3 real_musique_00015_3hop1__337705_132457_47686 seed=1 arm=full_regen: per_fault={'ctx': False, 'bullets': True, 'concise': False} all_resolved=False n_resolved=1/3 tokens=(4032,737)
  N=3 real_musique_00015_3hop1__337705_132457_47686 seed=1 arm=react: per_fault={'ctx': False, 'bullets': True, 'concise': False} all_resolved=False n_resolved=1/3 tokens=(4088,730)
  N=3 real_musique_00015_3hop1__337705_132457_47686 seed=1 arm=selfcheckgpt: per_fault={'ctx': False, 'bullets': True, 'concise': True} all_resolved=False n_resolved=2/3 tokens=(11984,659)
  N=3 real_musique_00015_3hop1__337705_132457_47686 seed=1 arm=reflexion: per_fault={'ctx': False, 'bullets': True, 'concise': True} all_resolved=False n_resolved=2/3 tokens=(12844,1745)
  N=3 real_musique_00015_3hop1__337705_132457_47686 seed=1 arm=intro_specter: per_fault={'ctx': False, 'bullets': True, 'concise': False} all_resolved=False n_resolved=1/3 tokens=(4632,662)
  N=3 real_musique_00015_3hop1__337705_132457_47686 seed=2 arm=direct: per_fault={'ctx': False, 'bullets': True, 'concise': True} all_resolved=False n_resolved=2/3 tokens=(2016,343)
  N=3 real_musique_00015_3hop1__337705_132457_47686 seed=2 arm=self_refine: per_fault={'ctx': True, 'bullets': True, 'concise': False} all_resolved=False n_resolved=2/3 tokens=(4475,908)
  N=3 real_musique_00015_3hop1__337705_132457_47686 seed=2 arm=full_regen: per_fault={'ctx': False, 'bullets': True, 'concise': False} all_resolved=False n_resolved=1/3 tokens=(4032,647)
  N=3 real_musique_00015_3hop1__337705_132457_47686 seed=2 arm=react: per_fault={'ctx': False, 'bullets': True, 'concise': False} all_resolved=False n_resolved=1/3 tokens=(4088,825)
  N=3 real_musique_00015_3hop1__337705_132457_47686 seed=2 arm=selfcheckgpt: per_fault={'ctx': False, 'bullets': True, 'concise': True} all_resolved=False n_resolved=2/3 tokens=(11896,628)
  N=3 real_musique_00015_3hop1__337705_132457_47686 seed=2 arm=reflexion: per_fault={'ctx': True, 'bullets': True, 'concise': False} all_resolved=False n_resolved=2/3 tokens=(6957,974)
  N=3 real_musique_00015_3hop1__337705_132457_47686 seed=2 arm=intro_specter: per_fault={'ctx': False, 'bullets': True, 'concise': False} all_resolved=False n_resolved=1/3 tokens=(4627,713)
  N=3 real_musique_00025_3hop1__813285_774554_124169 seed=0 arm=direct: per_fault={'ctx': True, 'concise': True, 'english': True} all_resolved=True n_resolved=3/3 tokens=(2041,368)
  N=3 real_musique_00025_3hop1__813285_774554_124169 seed=0 arm=self_refine: per_fault={'ctx': True, 'concise': True, 'english': True} all_resolved=True n_resolved=3/3 tokens=(4551,1322)
  N=3 real_musique_00025_3hop1__813285_774554_124169 seed=0 arm=full_regen: per_fault={'ctx': True, 'concise': True, 'english': True} all_resolved=True n_resolved=3/3 tokens=(4082,763)
  N=3 real_musique_00025_3hop1__813285_774554_124169 seed=0 arm=react: per_fault={'ctx': True, 'concise': True, 'english': True} all_resolved=True n_resolved=3/3 tokens=(4138,812)
  N=3 real_musique_00025_3hop1__813285_774554_124169 seed=0 arm=selfcheckgpt: per_fault={'ctx': True, 'concise': True, 'english': True} all_resolved=True n_resolved=3/3 tokens=(12020,577)
  N=3 real_musique_00025_3hop1__813285_774554_124169 seed=0 arm=reflexion: per_fault={'ctx': True, 'concise': True, 'english': True} all_resolved=True n_resolved=3/3 tokens=(2041,368)
  N=3 real_musique_00025_3hop1__813285_774554_124169 seed=0 arm=intro_specter: per_fault={'ctx': True, 'concise': True, 'english': True} all_resolved=True n_resolved=3/3 tokens=(4703,908)
  N=3 real_musique_00025_3hop1__813285_774554_124169 seed=1 arm=direct: per_fault={'ctx': True, 'concise': True, 'english': True} all_resolved=True n_resolved=3/3 tokens=(2041,368)
  N=3 real_musique_00025_3hop1__813285_774554_124169 seed=1 arm=self_refine: per_fault={'ctx': True, 'concise': True, 'english': True} all_resolved=True n_resolved=3/3 tokens=(4551,1322)
  N=3 real_musique_00025_3hop1__813285_774554_124169 seed=1 arm=full_regen: per_fault={'ctx': False, 'concise': True, 'english': True} all_resolved=False n_resolved=2/3 tokens=(4082,1000)
  N=3 real_musique_00025_3hop1__813285_774554_124169 seed=1 arm=react: per_fault={'ctx': True, 'concise': True, 'english': True} all_resolved=True n_resolved=3/3 tokens=(4138,812)
  N=3 real_musique_00025_3hop1__813285_774554_124169 seed=1 arm=selfcheckgpt: per_fault={'ctx': True, 'concise': True, 'english': True} all_resolved=True n_resolved=3/3 tokens=(12100,679)
  N=3 real_musique_00025_3hop1__813285_774554_124169 seed=1 arm=reflexion: per_fault={'ctx': True, 'concise': True, 'english': True} all_resolved=True n_resolved=3/3 tokens=(2041,368)
  N=3 real_musique_00025_3hop1__813285_774554_124169 seed=1 arm=intro_specter: per_fault={'ctx': True, 'concise': True, 'english': True} all_resolved=True n_resolved=3/3 tokens=(4703,908)
  N=3 real_musique_00025_3hop1__813285_774554_124169 seed=2 arm=direct: per_fault={'ctx': True, 'concise': True, 'english': True} all_resolved=True n_resolved=3/3 tokens=(2041,401)
  N=3 real_musique_00025_3hop1__813285_774554_124169 seed=2 arm=self_refine: per_fault={'ctx': True, 'concise': True, 'english': True} all_resolved=True n_resolved=3/3 tokens=(4605,1057)
  N=3 real_musique_00025_3hop1__813285_774554_124169 seed=2 arm=full_regen: per_fault={'ctx': True, 'concise': True, 'english': True} all_resolved=True n_resolved=3/3 tokens=(4082,726)
  N=3 real_musique_00025_3hop1__813285_774554_124169 seed=2 arm=react: per_fault={'ctx': True, 'concise': True, 'english': True} all_resolved=True n_resolved=3/3 tokens=(4138,929)
  N=3 real_musique_00025_3hop1__813285_774554_124169 seed=2 arm=selfcheckgpt: per_fault={'ctx': True, 'concise': True, 'english': True} all_resolved=True n_resolved=3/3 tokens=(11988,618)
  N=3 real_musique_00025_3hop1__813285_774554_124169 seed=2 arm=reflexion: per_fault={'ctx': True, 'concise': True, 'english': True} all_resolved=True n_resolved=3/3 tokens=(2041,401)
  N=3 real_musique_00025_3hop1__813285_774554_124169 seed=2 arm=intro_specter: per_fault={'ctx': True, 'concise': True, 'english': True} all_resolved=True n_resolved=3/3 tokens=(4757,756)
  N=3 real_musique_00032_3hop1__131783_131926_90707 seed=0 arm=direct: per_fault={'ctx': True, 'concise': True, 'preamble': True} all_resolved=True n_resolved=3/3 tokens=(2073,715)
  N=3 real_musique_00032_3hop1__131783_131926_90707 seed=0 arm=self_refine: per_fault={'ctx': False, 'concise': True, 'preamble': True} all_resolved=False n_resolved=2/3 tokens=(5045,1651)
  N=3 real_musique_00032_3hop1__131783_131926_90707 seed=0 arm=full_regen: per_fault={'ctx': True, 'concise': True, 'preamble': True} all_resolved=True n_resolved=3/3 tokens=(4146,921)
  N=3 real_musique_00032_3hop1__131783_131926_90707 seed=0 arm=react: per_fault={'ctx': False, 'concise': True, 'preamble': True} all_resolved=False n_resolved=2/3 tokens=(4202,1307)
  N=3 real_musique_00032_3hop1__131783_131926_90707 seed=0 arm=selfcheckgpt: per_fault={'ctx': True, 'concise': True, 'preamble': True} all_resolved=True n_resolved=3/3 tokens=(12156,883)
  N=3 real_musique_00032_3hop1__131783_131926_90707 seed=0 arm=reflexion: per_fault={'ctx': True, 'concise': True, 'preamble': True} all_resolved=True n_resolved=3/3 tokens=(2073,715)
  N=3 real_musique_00032_3hop1__131783_131926_90707 seed=0 arm=intro_specter: per_fault={'ctx': True, 'concise': True, 'preamble': True} all_resolved=True n_resolved=3/3 tokens=(5197,1199)
  N=3 real_musique_00032_3hop1__131783_131926_90707 seed=1 arm=direct: per_fault={'ctx': True, 'concise': True, 'preamble': True} all_resolved=True n_resolved=3/3 tokens=(2073,715)
  N=3 real_musique_00032_3hop1__131783_131926_90707 seed=1 arm=self_refine: per_fault={'ctx': False, 'concise': True, 'preamble': True} all_resolved=False n_resolved=2/3 tokens=(5045,1651)
  N=3 real_musique_00032_3hop1__131783_131926_90707 seed=1 arm=full_regen: per_fault={'ctx': True, 'concise': True, 'preamble': True} all_resolved=True n_resolved=3/3 tokens=(4146,1251)
  N=3 real_musique_00032_3hop1__131783_131926_90707 seed=1 arm=react: per_fault={'ctx': False, 'concise': True, 'preamble': True} all_resolved=False n_resolved=2/3 tokens=(4202,1307)
  N=3 real_musique_00032_3hop1__131783_131926_90707 seed=1 arm=selfcheckgpt: per_fault={'ctx': False, 'concise': True, 'preamble': True} all_resolved=False n_resolved=2/3 tokens=(14199,935)
  N=3 real_musique_00032_3hop1__131783_131926_90707 seed=1 arm=reflexion: per_fault={'ctx': True, 'concise': True, 'preamble': True} all_resolved=True n_resolved=3/3 tokens=(2073,715)
  N=3 real_musique_00032_3hop1__131783_131926_90707 seed=1 arm=intro_specter: per_fault={'ctx': True, 'concise': True, 'preamble': True} all_resolved=True n_resolved=3/3 tokens=(5197,1199)
  N=3 real_musique_00032_3hop1__131783_131926_90707 seed=2 arm=direct: per_fault={'ctx': False, 'concise': True, 'preamble': True} all_resolved=False n_resolved=2/3 tokens=(2073,276)
  N=3 real_musique_00032_3hop1__131783_131926_90707 seed=2 arm=self_refine: per_fault={'ctx': False, 'concise': True, 'preamble': True} all_resolved=False n_resolved=2/3 tokens=(4501,605)
  N=3 real_musique_00032_3hop1__131783_131926_90707 seed=2 arm=full_regen: per_fault={'ctx': True, 'concise': True, 'preamble': True} all_resolved=True n_resolved=3/3 tokens=(4146,676)
  N=3 real_musique_00032_3hop1__131783_131926_90707 seed=2 arm=react: per_fault={'ctx': False, 'concise': True, 'preamble': True} all_resolved=False n_resolved=2/3 tokens=(4202,1083)
  N=3 real_musique_00032_3hop1__131783_131926_90707 seed=2 arm=selfcheckgpt: per_fault={'ctx': False, 'concise': True, 'preamble': True} all_resolved=False n_resolved=2/3 tokens=(14151,468)
  N=3 real_musique_00032_3hop1__131783_131926_90707 seed=2 arm=reflexion: per_fault={'ctx': True, 'concise': True, 'preamble': True} all_resolved=True n_resolved=3/3 tokens=(6951,908)
  N=3 real_musique_00032_3hop1__131783_131926_90707 seed=2 arm=intro_specter: per_fault={'ctx': True, 'concise': True, 'preamble': True} all_resolved=True n_resolved=3/3 tokens=(4653,705)
  N=3 real_musique_00036_3hop1__847420_720378_15538 seed=0 arm=direct: per_fault={'ctx': False, 'english': True, 'preamble': True} all_resolved=False n_resolved=2/3 tokens=(2107,448)
  N=3 real_musique_00036_3hop1__847420_720378_15538 seed=0 arm=self_refine: per_fault={'ctx': False, 'english': True, 'preamble': True} all_resolved=False n_resolved=2/3 tokens=(4825,1149)
  N=3 real_musique_00036_3hop1__847420_720378_15538 seed=0 arm=full_regen: per_fault={'ctx': False, 'english': True, 'preamble': True} all_resolved=False n_resolved=2/3 tokens=(4214,959)
  N=3 real_musique_00036_3hop1__847420_720378_15538 seed=0 arm=react: per_fault={'ctx': False, 'english': True, 'preamble': True} all_resolved=False n_resolved=2/3 tokens=(4270,968)
  N=3 real_musique_00036_3hop1__847420_720378_15538 seed=0 arm=selfcheckgpt: per_fault={'ctx': False, 'english': True, 'preamble': True} all_resolved=False n_resolved=2/3 tokens=(12321,570)
  N=3 real_musique_00036_3hop1__847420_720378_15538 seed=0 arm=reflexion: per_fault={'ctx': True, 'english': True, 'preamble': True} all_resolved=True n_resolved=3/3 tokens=(14253,1941)
  N=3 real_musique_00036_3hop1__847420_720378_15538 seed=0 arm=intro_specter: per_fault={'ctx': False, 'english': True, 'preamble': True} all_resolved=False n_resolved=2/3 tokens=(4977,1088)
  N=3 real_musique_00036_3hop1__847420_720378_15538 seed=1 arm=direct: per_fault={'ctx': False, 'english': True, 'preamble': True} all_resolved=False n_resolved=2/3 tokens=(2107,448)
  N=3 real_musique_00036_3hop1__847420_720378_15538 seed=1 arm=self_refine: per_fault={'ctx': False, 'english': True, 'preamble': True} all_resolved=False n_resolved=2/3 tokens=(4825,1149)
  N=3 real_musique_00036_3hop1__847420_720378_15538 seed=1 arm=full_regen: per_fault={'ctx': True, 'english': True, 'preamble': True} all_resolved=True n_resolved=3/3 tokens=(4214,864)
  N=3 real_musique_00036_3hop1__847420_720378_15538 seed=1 arm=react: per_fault={'ctx': False, 'english': True, 'preamble': True} all_resolved=False n_resolved=2/3 tokens=(4270,968)
  N=3 real_musique_00036_3hop1__847420_720378_15538 seed=1 arm=selfcheckgpt: per_fault={'ctx': True, 'english': True, 'preamble': True} all_resolved=True n_resolved=3/3 tokens=(14389,646)
  N=3 real_musique_00036_3hop1__847420_720378_15538 seed=1 arm=reflexion: per_fault={'ctx': True, 'english': True, 'preamble': True} all_resolved=True n_resolved=3/3 tokens=(14253,1941)
  N=3 real_musique_00036_3hop1__847420_720378_15538 seed=1 arm=intro_specter: per_fault={'ctx': False, 'english': True, 'preamble': True} all_resolved=False n_resolved=2/3 tokens=(4977,1088)
  N=3 real_musique_00036_3hop1__847420_720378_15538 seed=2 arm=direct: per_fault={'ctx': True, 'english': True, 'preamble': True} all_resolved=True n_resolved=3/3 tokens=(2107,296)
  N=3 real_musique_00036_3hop1__847420_720378_15538 seed=2 arm=self_refine: per_fault={'ctx': True, 'english': True, 'preamble': True} all_resolved=True n_resolved=3/3 tokens=(4610,723)
  N=3 real_musique_00036_3hop1__847420_720378_15538 seed=2 arm=full_regen: per_fault={'ctx': False, 'english': True, 'preamble': True} all_resolved=False n_resolved=2/3 tokens=(4214,636)
  N=3 real_musique_00036_3hop1__847420_720378_15538 seed=2 arm=react: per_fault={'ctx': False, 'english': True, 'preamble': True} all_resolved=False n_resolved=2/3 tokens=(4270,963)
  N=3 real_musique_00036_3hop1__847420_720378_15538 seed=2 arm=selfcheckgpt: per_fault={'ctx': True, 'english': True, 'preamble': True} all_resolved=True n_resolved=3/3 tokens=(12122,384)
  N=3 real_musique_00036_3hop1__847420_720378_15538 seed=2 arm=reflexion: per_fault={'ctx': True, 'english': True, 'preamble': True} all_resolved=True n_resolved=3/3 tokens=(2107,296)
  N=3 real_musique_00036_3hop1__847420_720378_15538 seed=2 arm=intro_specter: per_fault={'ctx': True, 'english': True, 'preamble': True} all_resolved=True n_resolved=3/3 tokens=(4762,545)
  N=3 real_musique_00041_3hop1__635099_131926_89261 seed=0 arm=direct: per_fault={'ctx': True, 'concise': True, 'preamble': True} all_resolved=True n_resolved=3/3 tokens=(2304,339)
  N=3 real_musique_00041_3hop1__635099_131926_89261 seed=0 arm=self_refine: per_fault={'ctx': True, 'concise': True, 'preamble': True} all_resolved=True n_resolved=3/3 tokens=(5047,626)
  N=3 real_musique_00041_3hop1__635099_131926_89261 seed=0 arm=full_regen: per_fault={'ctx': True, 'concise': True, 'preamble': True} all_resolved=True n_resolved=3/3 tokens=(4608,547)
  N=3 real_musique_00041_3hop1__635099_131926_89261 seed=0 arm=react: per_fault={'ctx': True, 'concise': True, 'preamble': True} all_resolved=True n_resolved=3/3 tokens=(4664,1071)
  N=3 real_musique_00041_3hop1__635099_131926_89261 seed=0 arm=selfcheckgpt: per_fault={'ctx': True, 'concise': True, 'preamble': True} all_resolved=True n_resolved=3/3 tokens=(13541,556)
  N=3 real_musique_00041_3hop1__635099_131926_89261 seed=0 arm=reflexion: per_fault={'ctx': True, 'concise': True, 'preamble': True} all_resolved=True n_resolved=3/3 tokens=(2304,339)
  N=3 real_musique_00041_3hop1__635099_131926_89261 seed=0 arm=intro_specter: per_fault={'ctx': True, 'concise': True, 'preamble': True} all_resolved=True n_resolved=3/3 tokens=(5199,736)
  N=3 real_musique_00041_3hop1__635099_131926_89261 seed=1 arm=direct: per_fault={'ctx': True, 'concise': True, 'preamble': True} all_resolved=True n_resolved=3/3 tokens=(2304,339)
  N=3 real_musique_00041_3hop1__635099_131926_89261 seed=1 arm=self_refine: per_fault={'ctx': True, 'concise': True, 'preamble': True} all_resolved=True n_resolved=3/3 tokens=(5047,626)
  N=3 real_musique_00041_3hop1__635099_131926_89261 seed=1 arm=full_regen: per_fault={'ctx': True, 'concise': True, 'preamble': True} all_resolved=True n_resolved=3/3 tokens=(4608,1032)
  N=3 real_musique_00041_3hop1__635099_131926_89261 seed=1 arm=react: per_fault={'ctx': True, 'concise': True, 'preamble': True} all_resolved=True n_resolved=3/3 tokens=(4664,1071)
  N=3 real_musique_00041_3hop1__635099_131926_89261 seed=1 arm=selfcheckgpt: per_fault={'ctx': True, 'concise': True, 'preamble': True} all_resolved=True n_resolved=3/3 tokens=(13580,557)
  N=3 real_musique_00041_3hop1__635099_131926_89261 seed=1 arm=reflexion: per_fault={'ctx': True, 'concise': True, 'preamble': True} all_resolved=True n_resolved=3/3 tokens=(2304,339)
  N=3 real_musique_00041_3hop1__635099_131926_89261 seed=1 arm=intro_specter: per_fault={'ctx': True, 'concise': True, 'preamble': True} all_resolved=True n_resolved=3/3 tokens=(5199,736)
  N=3 real_musique_00041_3hop1__635099_131926_89261 seed=2 arm=direct: per_fault={'ctx': True, 'concise': True, 'preamble': True} all_resolved=True n_resolved=3/3 tokens=(2304,301)
  N=3 real_musique_00041_3hop1__635099_131926_89261 seed=2 arm=self_refine: per_fault={'ctx': True, 'concise': True, 'preamble': True} all_resolved=True n_resolved=3/3 tokens=(5009,758)
  N=3 real_musique_00041_3hop1__635099_131926_89261 seed=2 arm=full_regen: per_fault={'ctx': False, 'concise': True, 'preamble': True} all_resolved=False n_resolved=2/3 tokens=(4608,557)
  N=3 real_musique_00041_3hop1__635099_131926_89261 seed=2 arm=react: per_fault={'ctx': True, 'concise': True, 'preamble': True} all_resolved=True n_resolved=3/3 tokens=(4664,1052)
  N=3 real_musique_00041_3hop1__635099_131926_89261 seed=2 arm=selfcheckgpt: per_fault={'ctx': True, 'concise': True, 'preamble': True} all_resolved=True n_resolved=3/3 tokens=(13555,504)
  N=3 real_musique_00041_3hop1__635099_131926_89261 seed=2 arm=reflexion: per_fault={'ctx': True, 'concise': True, 'preamble': True} all_resolved=True n_resolved=3/3 tokens=(2304,301)
  N=3 real_musique_00041_3hop1__635099_131926_89261 seed=2 arm=intro_specter: per_fault={'ctx': True, 'concise': True, 'preamble': True} all_resolved=True n_resolved=3/3 tokens=(5161,809)
  N=3 real_musique_00042_3hop1__109422_720914_41132 seed=0 arm=direct: per_fault={'ctx': True, 'concise': True, 'preamble': True} all_resolved=True n_resolved=3/3 tokens=(2338,360)
  N=3 real_musique_00042_3hop1__109422_720914_41132 seed=0 arm=self_refine: per_fault={'ctx': True, 'concise': True, 'preamble': True} all_resolved=True n_resolved=3/3 tokens=(5136,1028)
  N=3 real_musique_00042_3hop1__109422_720914_41132 seed=0 arm=full_regen: per_fault={'ctx': True, 'concise': True, 'preamble': True} all_resolved=True n_resolved=3/3 tokens=(4676,651)
  N=3 real_musique_00042_3hop1__109422_720914_41132 seed=0 arm=react: per_fault={'ctx': False, 'concise': True, 'preamble': True} all_resolved=False n_resolved=2/3 tokens=(4732,946)
  N=3 real_musique_00042_3hop1__109422_720914_41132 seed=0 arm=selfcheckgpt: per_fault={'ctx': True, 'concise': True, 'preamble': True} all_resolved=True n_resolved=3/3 tokens=(13908,697)
  N=3 real_musique_00042_3hop1__109422_720914_41132 seed=0 arm=reflexion: per_fault={'ctx': True, 'concise': True, 'preamble': True} all_resolved=True n_resolved=3/3 tokens=(2338,360)
  N=3 real_musique_00042_3hop1__109422_720914_41132 seed=0 arm=intro_specter: per_fault={'ctx': True, 'concise': True, 'preamble': True} all_resolved=True n_resolved=3/3 tokens=(5288,742)
  N=3 real_musique_00042_3hop1__109422_720914_41132 seed=1 arm=direct: per_fault={'ctx': True, 'concise': True, 'preamble': True} all_resolved=True n_resolved=3/3 tokens=(2338,360)
  N=3 real_musique_00042_3hop1__109422_720914_41132 seed=1 arm=self_refine: per_fault={'ctx': True, 'concise': True, 'preamble': True} all_resolved=True n_resolved=3/3 tokens=(5136,1028)
  N=3 real_musique_00042_3hop1__109422_720914_41132 seed=1 arm=full_regen: per_fault={'ctx': True, 'concise': False, 'preamble': True} all_resolved=False n_resolved=2/3 tokens=(4676,816)
  N=3 real_musique_00042_3hop1__109422_720914_41132 seed=1 arm=react: per_fault={'ctx': False, 'concise': True, 'preamble': True} all_resolved=False n_resolved=2/3 tokens=(4732,946)
  N=3 real_musique_00042_3hop1__109422_720914_41132 seed=1 arm=selfcheckgpt: per_fault={'ctx': True, 'concise': True, 'preamble': True} all_resolved=True n_resolved=3/3 tokens=(16120,627)
  N=3 real_musique_00042_3hop1__109422_720914_41132 seed=1 arm=reflexion: per_fault={'ctx': True, 'concise': True, 'preamble': True} all_resolved=True n_resolved=3/3 tokens=(2338,360)
  N=3 real_musique_00042_3hop1__109422_720914_41132 seed=1 arm=intro_specter: per_fault={'ctx': True, 'concise': True, 'preamble': True} all_resolved=True n_resolved=3/3 tokens=(5288,742)
  N=3 real_musique_00042_3hop1__109422_720914_41132 seed=2 arm=direct: per_fault={'ctx': True, 'concise': True, 'preamble': True} all_resolved=True n_resolved=3/3 tokens=(2338,375)
  N=3 real_musique_00042_3hop1__109422_720914_41132 seed=2 arm=self_refine: per_fault={'ctx': True, 'concise': False, 'preamble': True} all_resolved=False n_resolved=2/3 tokens=(5151,1065)
  N=3 real_musique_00042_3hop1__109422_720914_41132 seed=2 arm=full_regen: per_fault={'ctx': False, 'concise': True, 'preamble': True} all_resolved=False n_resolved=2/3 tokens=(4676,706)
  N=3 real_musique_00042_3hop1__109422_720914_41132 seed=2 arm=react: per_fault={'ctx': False, 'concise': True, 'preamble': True} all_resolved=False n_resolved=2/3 tokens=(4732,948)
  N=3 real_musique_00042_3hop1__109422_720914_41132 seed=2 arm=selfcheckgpt: per_fault={'ctx': True, 'concise': True, 'preamble': True} all_resolved=True n_resolved=3/3 tokens=(13781,590)
  N=3 real_musique_00042_3hop1__109422_720914_41132 seed=2 arm=reflexion: per_fault={'ctx': True, 'concise': True, 'preamble': True} all_resolved=True n_resolved=3/3 tokens=(2338,375)
  N=3 real_musique_00042_3hop1__109422_720914_41132 seed=2 arm=intro_specter: per_fault={'ctx': True, 'concise': True, 'preamble': True} all_resolved=True n_resolved=3/3 tokens=(5303,1043)
  N=3 real_musique_00046_3hop1__401538_132457_47686 seed=0 arm=direct: per_fault={'ctx': True, 'bullets': True, 'concise': True} all_resolved=True n_resolved=3/3 tokens=(2045,365)
  N=3 real_musique_00046_3hop1__401538_132457_47686 seed=0 arm=self_refine: per_fault={'ctx': True, 'bullets': True, 'concise': True} all_resolved=True n_resolved=3/3 tokens=(4576,930)
  N=3 real_musique_00046_3hop1__401538_132457_47686 seed=0 arm=full_regen: per_fault={'ctx': True, 'bullets': True, 'concise': True} all_resolved=True n_resolved=3/3 tokens=(4089,588)
  N=3 real_musique_00046_3hop1__401538_132457_47686 seed=0 arm=react: per_fault={'ctx': True, 'bullets': True, 'concise': True} all_resolved=True n_resolved=3/3 tokens=(4146,1042)
  N=3 real_musique_00046_3hop1__401538_132457_47686 seed=0 arm=selfcheckgpt: per_fault={'ctx': True, 'bullets': True, 'concise': True} all_resolved=True n_resolved=3/3 tokens=(11976,571)
  N=3 real_musique_00046_3hop1__401538_132457_47686 seed=0 arm=reflexion: per_fault={'ctx': True, 'bullets': True, 'concise': True} all_resolved=True n_resolved=3/3 tokens=(2045,365)
  N=3 real_musique_00046_3hop1__401538_132457_47686 seed=0 arm=intro_specter: per_fault={'ctx': True, 'bullets': True, 'concise': True} all_resolved=True n_resolved=3/3 tokens=(4728,645)
  N=3 real_musique_00046_3hop1__401538_132457_47686 seed=1 arm=direct: per_fault={'ctx': True, 'bullets': True, 'concise': True} all_resolved=True n_resolved=3/3 tokens=(2045,365)
  N=3 real_musique_00046_3hop1__401538_132457_47686 seed=1 arm=self_refine: per_fault={'ctx': True, 'bullets': True, 'concise': True} all_resolved=True n_resolved=3/3 tokens=(4576,930)
  N=3 real_musique_00046_3hop1__401538_132457_47686 seed=1 arm=full_regen: per_fault={'ctx': True, 'bullets': True, 'concise': True} all_resolved=True n_resolved=3/3 tokens=(4090,714)
  N=3 real_musique_00046_3hop1__401538_132457_47686 seed=1 arm=react: per_fault={'ctx': True, 'bullets': True, 'concise': True} all_resolved=True n_resolved=3/3 tokens=(4146,1042)
  N=3 real_musique_00046_3hop1__401538_132457_47686 seed=1 arm=selfcheckgpt: per_fault={'ctx': True, 'bullets': True, 'concise': True} all_resolved=True n_resolved=3/3 tokens=(12005,549)
  N=3 real_musique_00046_3hop1__401538_132457_47686 seed=1 arm=reflexion: per_fault={'ctx': True, 'bullets': True, 'concise': True} all_resolved=True n_resolved=3/3 tokens=(2045,365)
  N=3 real_musique_00046_3hop1__401538_132457_47686 seed=1 arm=intro_specter: per_fault={'ctx': True, 'bullets': True, 'concise': True} all_resolved=True n_resolved=3/3 tokens=(4728,645)
  N=3 real_musique_00046_3hop1__401538_132457_47686 seed=2 arm=direct: per_fault={'ctx': True, 'bullets': True, 'concise': True} all_resolved=True n_resolved=3/3 tokens=(2045,366)
  N=3 real_musique_00046_3hop1__401538_132457_47686 seed=2 arm=self_refine: per_fault={'ctx': True, 'bullets': True, 'concise': True} all_resolved=True n_resolved=3/3 tokens=(4577,946)
  N=3 real_musique_00046_3hop1__401538_132457_47686 seed=2 arm=full_regen: per_fault={'ctx': True, 'bullets': True, 'concise': True} all_resolved=True n_resolved=3/3 tokens=(4090,686)
  N=3 real_musique_00046_3hop1__401538_132457_47686 seed=2 arm=react: per_fault={'ctx': True, 'bullets': True, 'concise': True} all_resolved=True n_resolved=3/3 tokens=(4146,970)
  N=3 real_musique_00046_3hop1__401538_132457_47686 seed=2 arm=selfcheckgpt: per_fault={'ctx': True, 'bullets': True, 'concise': True} all_resolved=True n_resolved=3/3 tokens=(11945,525)
  N=3 real_musique_00046_3hop1__401538_132457_47686 seed=2 arm=reflexion: per_fault={'ctx': True, 'bullets': True, 'concise': True} all_resolved=True n_resolved=3/3 tokens=(2045,366)
  N=3 real_musique_00046_3hop1__401538_132457_47686 seed=2 arm=intro_specter: per_fault={'ctx': True, 'bullets': True, 'concise': True} all_resolved=True n_resolved=3/3 tokens=(4729,1020)
  N=3 real_musique_00047_3hop1__639955_834494_33939 seed=0 arm=direct: per_fault={'ctx': False, 'bullets': True, 'english': True} all_resolved=False n_resolved=2/3 tokens=(2315,711)
  N=3 real_musique_00047_3hop1__639955_834494_33939 seed=0 arm=self_refine: per_fault={'ctx': False, 'bullets': True, 'english': True} all_resolved=False n_resolved=2/3 tokens=(5567,918)
  N=3 real_musique_00047_3hop1__639955_834494_33939 seed=0 arm=full_regen: per_fault={'ctx': False, 'bullets': True, 'english': True} all_resolved=False n_resolved=2/3 tokens=(4630,1201)
  N=3 real_musique_00047_3hop1__639955_834494_33939 seed=0 arm=react: per_fault={'ctx': True, 'bullets': True, 'english': True} all_resolved=True n_resolved=3/3 tokens=(4686,1259)
  N=3 real_musique_00047_3hop1__639955_834494_33939 seed=0 arm=selfcheckgpt: per_fault={'ctx': False, 'bullets': True, 'english': True} all_resolved=False n_resolved=2/3 tokens=(13614,931)
  N=3 real_musique_00047_3hop1__639955_834494_33939 seed=0 arm=reflexion: per_fault={'ctx': False, 'bullets': True, 'english': True} all_resolved=False n_resolved=2/3 tokens=(16712,3074)
  N=3 real_musique_00047_3hop1__639955_834494_33939 seed=0 arm=intro_specter: per_fault={'ctx': True, 'bullets': True, 'english': True} all_resolved=True n_resolved=3/3 tokens=(5719,1561)
  N=3 real_musique_00047_3hop1__639955_834494_33939 seed=1 arm=direct: per_fault={'ctx': False, 'bullets': True, 'english': True} all_resolved=False n_resolved=2/3 tokens=(2315,711)
  N=3 real_musique_00047_3hop1__639955_834494_33939 seed=1 arm=self_refine: per_fault={'ctx': False, 'bullets': True, 'english': True} all_resolved=False n_resolved=2/3 tokens=(5567,918)
  N=3 real_musique_00047_3hop1__639955_834494_33939 seed=1 arm=full_regen: per_fault={'ctx': True, 'bullets': True, 'english': True} all_resolved=True n_resolved=3/3 tokens=(4630,1201)
  N=3 real_musique_00047_3hop1__639955_834494_33939 seed=1 arm=react: per_fault={'ctx': True, 'bullets': True, 'english': True} all_resolved=True n_resolved=3/3 tokens=(4686,1259)
  N=3 real_musique_00047_3hop1__639955_834494_33939 seed=1 arm=selfcheckgpt: per_fault={'ctx': False, 'bullets': True, 'english': True} all_resolved=False n_resolved=2/3 tokens=(13590,888)
  N=3 real_musique_00047_3hop1__639955_834494_33939 seed=1 arm=reflexion: per_fault={'ctx': False, 'bullets': True, 'english': True} all_resolved=False n_resolved=2/3 tokens=(16712,3074)
  N=3 real_musique_00047_3hop1__639955_834494_33939 seed=1 arm=intro_specter: per_fault={'ctx': True, 'bullets': True, 'english': True} all_resolved=True n_resolved=3/3 tokens=(5719,1561)
  N=3 real_musique_00047_3hop1__639955_834494_33939 seed=2 arm=direct: per_fault={'ctx': True, 'bullets': True, 'english': True} all_resolved=True n_resolved=3/3 tokens=(2314,345)
  N=3 real_musique_00047_3hop1__639955_834494_33939 seed=2 arm=self_refine: per_fault={'ctx': True, 'bullets': True, 'english': True} all_resolved=True n_resolved=3/3 tokens=(5073,865)
  N=3 real_musique_00047_3hop1__639955_834494_33939 seed=2 arm=full_regen: per_fault={'ctx': True, 'bullets': True, 'english': True} all_resolved=True n_resolved=3/3 tokens=(4628,633)
  N=3 real_musique_00047_3hop1__639955_834494_33939 seed=2 arm=react: per_fault={'ctx': True, 'bullets': True, 'english': True} all_resolved=True n_resolved=3/3 tokens=(4685,734)
  N=3 real_musique_00047_3hop1__639955_834494_33939 seed=2 arm=selfcheckgpt: per_fault={'ctx': True, 'bullets': True, 'english': True} all_resolved=True n_resolved=3/3 tokens=(13604,542)
  N=3 real_musique_00047_3hop1__639955_834494_33939 seed=2 arm=reflexion: per_fault={'ctx': True, 'bullets': True, 'english': True} all_resolved=True n_resolved=3/3 tokens=(2314,345)
  N=3 real_musique_00047_3hop1__639955_834494_33939 seed=2 arm=intro_specter: per_fault={'ctx': True, 'bullets': True, 'english': True} all_resolved=True n_resolved=3/3 tokens=(5225,730)
  N=3 real_musique_00048_3hop2__89048_228_66294 seed=0 arm=direct: per_fault={'ctx': False, 'bullets': True, 'concise': True} all_resolved=False n_resolved=2/3 tokens=(2322,592)
  N=3 real_musique_00048_3hop2__89048_228_66294 seed=0 arm=self_refine: per_fault={'ctx': False, 'bullets': True, 'concise': True} all_resolved=False n_resolved=2/3 tokens=(5416,1366)
  N=3 real_musique_00048_3hop2__89048_228_66294 seed=0 arm=full_regen: per_fault={'ctx': False, 'bullets': True, 'concise': False} all_resolved=False n_resolved=1/3 tokens=(4644,1054)
  N=3 real_musique_00048_3hop2__89048_228_66294 seed=0 arm=react: per_fault={'ctx': False, 'bullets': True, 'concise': False} all_resolved=False n_resolved=1/3 tokens=(4700,1036)
  N=3 real_musique_00048_3hop2__89048_228_66294 seed=0 arm=selfcheckgpt: per_fault={'ctx': False, 'bullets': True, 'concise': True} all_resolved=False n_resolved=2/3 tokens=(13680,772)
  N=3 real_musique_00048_3hop2__89048_228_66294 seed=0 arm=reflexion: per_fault={'ctx': False, 'bullets': True, 'concise': True} all_resolved=False n_resolved=2/3 tokens=(15663,2363)
  N=3 real_musique_00048_3hop2__89048_228_66294 seed=0 arm=intro_specter: per_fault={'ctx': True, 'bullets': True, 'concise': True} all_resolved=True n_resolved=3/3 tokens=(5568,1026)
  N=3 real_musique_00048_3hop2__89048_228_66294 seed=1 arm=direct: per_fault={'ctx': False, 'bullets': True, 'concise': True} all_resolved=False n_resolved=2/3 tokens=(2322,592)
  N=3 real_musique_00048_3hop2__89048_228_66294 seed=1 arm=self_refine: per_fault={'ctx': False, 'bullets': True, 'concise': True} all_resolved=False n_resolved=2/3 tokens=(5416,1366)
  N=3 real_musique_00048_3hop2__89048_228_66294 seed=1 arm=full_regen: per_fault={'ctx': False, 'bullets': True, 'concise': True} all_resolved=False n_resolved=2/3 tokens=(4644,1163)
  N=3 real_musique_00048_3hop2__89048_228_66294 seed=1 arm=react: per_fault={'ctx': False, 'bullets': True, 'concise': False} all_resolved=False n_resolved=1/3 tokens=(4700,1036)
  N=3 real_musique_00048_3hop2__89048_228_66294 seed=1 arm=selfcheckgpt: per_fault={'ctx': False, 'bullets': True, 'concise': False} all_resolved=False n_resolved=1/3 tokens=(15951,855)
  N=3 real_musique_00048_3hop2__89048_228_66294 seed=1 arm=reflexion: per_fault={'ctx': False, 'bullets': True, 'concise': True} all_resolved=False n_resolved=2/3 tokens=(15663,2363)
  N=3 real_musique_00048_3hop2__89048_228_66294 seed=1 arm=intro_specter: per_fault={'ctx': True, 'bullets': True, 'concise': True} all_resolved=True n_resolved=3/3 tokens=(5568,1026)
  N=3 real_musique_00048_3hop2__89048_228_66294 seed=2 arm=direct: per_fault={'ctx': False, 'bullets': True, 'concise': False} all_resolved=False n_resolved=1/3 tokens=(2322,522)
  N=3 real_musique_00048_3hop2__89048_228_66294 seed=2 arm=self_refine: per_fault={'ctx': False, 'bullets': True, 'concise': False} all_resolved=False n_resolved=1/3 tokens=(5304,1247)
  N=3 real_musique_00048_3hop2__89048_228_66294 seed=2 arm=full_regen: per_fault={'ctx': True, 'bullets': True, 'concise': False} all_resolved=False n_resolved=2/3 tokens=(4644,1148)
  N=3 real_musique_00048_3hop2__89048_228_66294 seed=2 arm=react: per_fault={'ctx': False, 'bullets': True, 'concise': True} all_resolved=False n_resolved=2/3 tokens=(4700,1076)
  N=3 real_musique_00048_3hop2__89048_228_66294 seed=2 arm=selfcheckgpt: per_fault={'ctx': False, 'bullets': True, 'concise': True} all_resolved=False n_resolved=2/3 tokens=(15909,760)
  N=3 real_musique_00048_3hop2__89048_228_66294 seed=2 arm=reflexion: per_fault={'ctx': False, 'bullets': True, 'concise': False} all_resolved=False n_resolved=1/3 tokens=(15353,2329)
  N=3 real_musique_00048_3hop2__89048_228_66294 seed=2 arm=intro_specter: per_fault={'ctx': False, 'bullets': True, 'concise': False} all_resolved=False n_resolved=1/3 tokens=(5456,920)
  N=3 real_musique_00052_3hop1__641921_42197_18397 seed=0 arm=direct: per_fault={'ctx': False, 'english': True, 'preamble': True} all_resolved=False n_resolved=2/3 tokens=(2193,327)
  N=3 real_musique_00052_3hop1__641921_42197_18397 seed=0 arm=self_refine: per_fault={'ctx': False, 'english': True, 'preamble': True} all_resolved=False n_resolved=2/3 tokens=(4833,975)
  N=3 real_musique_00052_3hop1__641921_42197_18397 seed=0 arm=full_regen: per_fault={'ctx': False, 'english': True, 'preamble': True} all_resolved=False n_resolved=2/3 tokens=(4386,723)
  N=3 real_musique_00052_3hop1__641921_42197_18397 seed=0 arm=react: per_fault={'ctx': True, 'english': True, 'preamble': True} all_resolved=True n_resolved=3/3 tokens=(4442,822)
  N=3 real_musique_00052_3hop1__641921_42197_18397 seed=0 arm=selfcheckgpt: per_fault={'ctx': False, 'english': True, 'preamble': True} all_resolved=False n_resolved=2/3 tokens=(12892,512)
  N=3 real_musique_00052_3hop1__641921_42197_18397 seed=0 arm=reflexion: per_fault={'ctx': False, 'english': True, 'preamble': True} all_resolved=False n_resolved=2/3 tokens=(13531,1663)
  N=3 real_musique_00052_3hop1__641921_42197_18397 seed=0 arm=intro_specter: per_fault={'ctx': True, 'english': True, 'preamble': True} all_resolved=True n_resolved=3/3 tokens=(4985,843)
  N=3 real_musique_00052_3hop1__641921_42197_18397 seed=1 arm=direct: per_fault={'ctx': False, 'english': True, 'preamble': True} all_resolved=False n_resolved=2/3 tokens=(2193,327)
  N=3 real_musique_00052_3hop1__641921_42197_18397 seed=1 arm=self_refine: per_fault={'ctx': False, 'english': True, 'preamble': True} all_resolved=False n_resolved=2/3 tokens=(4833,975)
  N=3 real_musique_00052_3hop1__641921_42197_18397 seed=1 arm=full_regen: per_fault={'ctx': False, 'english': True, 'preamble': True} all_resolved=False n_resolved=2/3 tokens=(4386,778)
  N=3 real_musique_00052_3hop1__641921_42197_18397 seed=1 arm=react: per_fault={'ctx': True, 'english': True, 'preamble': True} all_resolved=True n_resolved=3/3 tokens=(4442,822)
  N=3 real_musique_00052_3hop1__641921_42197_18397 seed=1 arm=selfcheckgpt: per_fault={'ctx': False, 'english': True, 'preamble': True} all_resolved=False n_resolved=2/3 tokens=(12882,554)
  N=3 real_musique_00052_3hop1__641921_42197_18397 seed=1 arm=reflexion: per_fault={'ctx': False, 'english': True, 'preamble': True} all_resolved=False n_resolved=2/3 tokens=(13531,1663)
  N=3 real_musique_00052_3hop1__641921_42197_18397 seed=1 arm=intro_specter: per_fault={'ctx': True, 'english': True, 'preamble': True} all_resolved=True n_resolved=3/3 tokens=(4985,843)
  N=3 real_musique_00052_3hop1__641921_42197_18397 seed=2 arm=direct: per_fault={'ctx': True, 'english': True, 'preamble': True} all_resolved=True n_resolved=3/3 tokens=(2193,442)
  N=3 real_musique_00052_3hop1__641921_42197_18397 seed=2 arm=self_refine: per_fault={'ctx': False, 'english': True, 'preamble': True} all_resolved=False n_resolved=2/3 tokens=(4990,1344)
  N=3 real_musique_00052_3hop1__641921_42197_18397 seed=2 arm=full_regen: per_fault={'ctx': True, 'english': True, 'preamble': True} all_resolved=True n_resolved=3/3 tokens=(4386,791)
  N=3 real_musique_00052_3hop1__641921_42197_18397 seed=2 arm=react: per_fault={'ctx': True, 'english': True, 'preamble': True} all_resolved=True n_resolved=3/3 tokens=(4442,960)
  N=3 real_musique_00052_3hop1__641921_42197_18397 seed=2 arm=selfcheckgpt: per_fault={'ctx': True, 'english': True, 'preamble': True} all_resolved=True n_resolved=3/3 tokens=(12904,680)
  N=3 real_musique_00052_3hop1__641921_42197_18397 seed=2 arm=reflexion: per_fault={'ctx': True, 'english': True, 'preamble': True} all_resolved=True n_resolved=3/3 tokens=(2193,442)
  N=3 real_musique_00052_3hop1__641921_42197_18397 seed=2 arm=intro_specter: per_fault={'ctx': True, 'english': True, 'preamble': True} all_resolved=True n_resolved=3/3 tokens=(5142,949)
  N=3 real_musique_00054_3hop1__409517_547811_80702 seed=0 arm=direct: per_fault={'ctx': True, 'english': True, 'preamble': True} all_resolved=True n_resolved=3/3 tokens=(2322,273)
  N=3 real_musique_00054_3hop1__409517_547811_80702 seed=0 arm=self_refine: per_fault={'ctx': True, 'english': True, 'preamble': True} all_resolved=True n_resolved=3/3 tokens=(4997,712)
  N=3 real_musique_00054_3hop1__409517_547811_80702 seed=0 arm=full_regen: per_fault={'ctx': True, 'english': True, 'preamble': True} all_resolved=True n_resolved=3/3 tokens=(4644,703)
  N=3 real_musique_00054_3hop1__409517_547811_80702 seed=0 arm=react: per_fault={'ctx': True, 'english': True, 'preamble': True} all_resolved=True n_resolved=3/3 tokens=(4700,792)
  N=3 real_musique_00054_3hop1__409517_547811_80702 seed=0 arm=selfcheckgpt: per_fault={'ctx': True, 'english': True, 'preamble': True} all_resolved=True n_resolved=3/3 tokens=(13640,443)
  N=3 real_musique_00054_3hop1__409517_547811_80702 seed=0 arm=reflexion: per_fault={'ctx': True, 'english': True, 'preamble': True} all_resolved=True n_resolved=3/3 tokens=(2322,273)
  N=3 real_musique_00054_3hop1__409517_547811_80702 seed=0 arm=intro_specter: per_fault={'ctx': True, 'english': True, 'preamble': True} all_resolved=True n_resolved=3/3 tokens=(5148,801)
  N=3 real_musique_00054_3hop1__409517_547811_80702 seed=1 arm=direct: per_fault={'ctx': True, 'english': True, 'preamble': True} all_resolved=True n_resolved=3/3 tokens=(2322,273)
  N=3 real_musique_00054_3hop1__409517_547811_80702 seed=1 arm=self_refine: per_fault={'ctx': True, 'english': True, 'preamble': True} all_resolved=True n_resolved=3/3 tokens=(4997,712)
  N=3 real_musique_00054_3hop1__409517_547811_80702 seed=1 arm=full_regen: per_fault={'ctx': True, 'english': True, 'preamble': True} all_resolved=True n_resolved=3/3 tokens=(4644,460)
  N=3 real_musique_00054_3hop1__409517_547811_80702 seed=1 arm=react: per_fault={'ctx': True, 'english': True, 'preamble': True} all_resolved=True n_resolved=3/3 tokens=(4700,792)
  N=3 real_musique_00054_3hop1__409517_547811_80702 seed=1 arm=selfcheckgpt: per_fault={'ctx': True, 'english': True, 'preamble': True} all_resolved=True n_resolved=3/3 tokens=(13592,396)
  N=3 real_musique_00054_3hop1__409517_547811_80702 seed=1 arm=reflexion: per_fault={'ctx': True, 'english': True, 'preamble': True} all_resolved=True n_resolved=3/3 tokens=(2322,273)
  N=3 real_musique_00054_3hop1__409517_547811_80702 seed=1 arm=intro_specter: per_fault={'ctx': True, 'english': True, 'preamble': True} all_resolved=True n_resolved=3/3 tokens=(5148,801)
  N=3 real_musique_00054_3hop1__409517_547811_80702 seed=2 arm=direct: per_fault={'ctx': True, 'english': True, 'preamble': True} all_resolved=True n_resolved=3/3 tokens=(2322,525)
  N=3 real_musique_00054_3hop1__409517_547811_80702 seed=2 arm=self_refine: per_fault={'ctx': False, 'english': True, 'preamble': True} all_resolved=False n_resolved=2/3 tokens=(5332,1369)
  N=3 real_musique_00054_3hop1__409517_547811_80702 seed=2 arm=full_regen: per_fault={'ctx': False, 'english': True, 'preamble': True} all_resolved=False n_resolved=2/3 tokens=(4644,799)
  N=3 real_musique_00054_3hop1__409517_547811_80702 seed=2 arm=react: per_fault={'ctx': True, 'english': True, 'preamble': True} all_resolved=True n_resolved=3/3 tokens=(4700,1058)
  N=3 real_musique_00054_3hop1__409517_547811_80702 seed=2 arm=selfcheckgpt: per_fault={'ctx': True, 'english': True, 'preamble': True} all_resolved=True n_resolved=3/3 tokens=(13608,693)
  N=3 real_musique_00054_3hop1__409517_547811_80702 seed=2 arm=reflexion: per_fault={'ctx': True, 'english': True, 'preamble': True} all_resolved=True n_resolved=3/3 tokens=(2322,525)
  N=3 real_musique_00054_3hop1__409517_547811_80702 seed=2 arm=intro_specter: per_fault={'ctx': True, 'english': True, 'preamble': True} all_resolved=True n_resolved=3/3 tokens=(5484,835)
  N=3 real_musique_00055_3hop1__106042_64399_59680 seed=0 arm=direct: per_fault={'ctx': False, 'english': True, 'preamble': True} all_resolved=False n_resolved=2/3 tokens=(2039,371)
  N=3 real_musique_00055_3hop1__106042_64399_59680 seed=0 arm=self_refine: per_fault={'ctx': False, 'english': True, 'preamble': True} all_resolved=False n_resolved=2/3 tokens=(4548,951)
  N=3 real_musique_00055_3hop1__106042_64399_59680 seed=0 arm=full_regen: per_fault={'ctx': False, 'english': True, 'preamble': True} all_resolved=False n_resolved=2/3 tokens=(4078,671)
  N=3 real_musique_00055_3hop1__106042_64399_59680 seed=0 arm=react: per_fault={'ctx': False, 'english': True, 'preamble': True} all_resolved=False n_resolved=2/3 tokens=(4134,808)
  N=3 real_musique_00055_3hop1__106042_64399_59680 seed=0 arm=selfcheckgpt: per_fault={'ctx': False, 'english': True, 'preamble': True} all_resolved=False n_resolved=2/3 tokens=(11899,474)
  N=3 real_musique_00055_3hop1__106042_64399_59680 seed=0 arm=reflexion: per_fault={'ctx': False, 'english': True, 'preamble': True} all_resolved=False n_resolved=2/3 tokens=(13099,1987)
  N=3 real_musique_00055_3hop1__106042_64399_59680 seed=0 arm=intro_specter: per_fault={'ctx': True, 'english': True, 'preamble': True} all_resolved=True n_resolved=3/3 tokens=(4701,859)
  N=3 real_musique_00055_3hop1__106042_64399_59680 seed=1 arm=direct: per_fault={'ctx': False, 'english': True, 'preamble': True} all_resolved=False n_resolved=2/3 tokens=(2039,371)
  N=3 real_musique_00055_3hop1__106042_64399_59680 seed=1 arm=self_refine: per_fault={'ctx': False, 'english': True, 'preamble': True} all_resolved=False n_resolved=2/3 tokens=(4548,951)
  N=3 real_musique_00055_3hop1__106042_64399_59680 seed=1 arm=full_regen: per_fault={'ctx': False, 'english': True, 'preamble': True} all_resolved=False n_resolved=2/3 tokens=(4078,664)
  N=3 real_musique_00055_3hop1__106042_64399_59680 seed=1 arm=react: per_fault={'ctx': False, 'english': True, 'preamble': True} all_resolved=False n_resolved=2/3 tokens=(4134,808)
  N=3 real_musique_00055_3hop1__106042_64399_59680 seed=1 arm=selfcheckgpt: per_fault={'ctx': False, 'english': True, 'preamble': True} all_resolved=False n_resolved=2/3 tokens=(11864,486)
  N=3 real_musique_00055_3hop1__106042_64399_59680 seed=1 arm=reflexion: per_fault={'ctx': False, 'english': True, 'preamble': True} all_resolved=False n_resolved=2/3 tokens=(13099,1987)
  N=3 real_musique_00055_3hop1__106042_64399_59680 seed=1 arm=intro_specter: per_fault={'ctx': True, 'english': True, 'preamble': True} all_resolved=True n_resolved=3/3 tokens=(4701,859)
  N=3 real_musique_00055_3hop1__106042_64399_59680 seed=2 arm=direct: per_fault={'ctx': False, 'english': True, 'preamble': True} all_resolved=False n_resolved=2/3 tokens=(2039,391)
  N=3 real_musique_00055_3hop1__106042_64399_59680 seed=2 arm=self_refine: per_fault={'ctx': False, 'english': True, 'preamble': True} all_resolved=False n_resolved=2/3 tokens=(4589,1191)
  N=3 real_musique_00055_3hop1__106042_64399_59680 seed=2 arm=full_regen: per_fault={'ctx': False, 'english': True, 'preamble': True} all_resolved=False n_resolved=2/3 tokens=(4078,971)
  N=3 real_musique_00055_3hop1__106042_64399_59680 seed=2 arm=react: per_fault={'ctx': False, 'english': True, 'preamble': True} all_resolved=False n_resolved=2/3 tokens=(4134,1013)
  N=3 real_musique_00055_3hop1__106042_64399_59680 seed=2 arm=selfcheckgpt: per_fault={'ctx': False, 'english': True, 'preamble': True} all_resolved=False n_resolved=2/3 tokens=(11751,491)
  N=3 real_musique_00055_3hop1__106042_64399_59680 seed=2 arm=reflexion: per_fault={'ctx': False, 'english': True, 'preamble': True} all_resolved=False n_resolved=2/3 tokens=(13155,1867)
  N=3 real_musique_00055_3hop1__106042_64399_59680 seed=2 arm=intro_specter: per_fault={'ctx': True, 'english': True, 'preamble': True} all_resolved=True n_resolved=3/3 tokens=(4741,839)
  N=3 real_musique_00061_3hop1__77966_91191_156667 seed=0 arm=direct: per_fault={'ctx': False, 'concise': True, 'preamble': True} all_resolved=False n_resolved=2/3 tokens=(2095,297)
  N=3 real_musique_00061_3hop1__77966_91191_156667 seed=0 arm=self_refine: per_fault={'ctx': False, 'concise': True, 'preamble': True} all_resolved=False n_resolved=2/3 tokens=(4586,945)
  N=3 real_musique_00061_3hop1__77966_91191_156667 seed=0 arm=full_regen: per_fault={'ctx': True, 'concise': True, 'preamble': True} all_resolved=True n_resolved=3/3 tokens=(4190,682)
  N=3 real_musique_00061_3hop1__77966_91191_156667 seed=0 arm=react: per_fault={'ctx': True, 'concise': False, 'preamble': True} all_resolved=False n_resolved=2/3 tokens=(4246,810)
  N=3 real_musique_00061_3hop1__77966_91191_156667 seed=0 arm=selfcheckgpt: per_fault={'ctx': False, 'concise': True, 'preamble': True} all_resolved=False n_resolved=2/3 tokens=(12293,514)
  N=3 real_musique_00061_3hop1__77966_91191_156667 seed=0 arm=reflexion: per_fault={'ctx': True, 'concise': True, 'preamble': True} all_resolved=True n_resolved=3/3 tokens=(12589,1265)
  N=3 real_musique_00061_3hop1__77966_91191_156667 seed=0 arm=intro_specter: per_fault={'ctx': False, 'concise': True, 'preamble': True} all_resolved=False n_resolved=2/3 tokens=(4737,542)
  N=3 real_musique_00061_3hop1__77966_91191_156667 seed=1 arm=direct: per_fault={'ctx': False, 'concise': True, 'preamble': True} all_resolved=False n_resolved=2/3 tokens=(2095,297)
  N=3 real_musique_00061_3hop1__77966_91191_156667 seed=1 arm=self_refine: per_fault={'ctx': False, 'concise': True, 'preamble': True} all_resolved=False n_resolved=2/3 tokens=(4586,945)
  N=3 real_musique_00061_3hop1__77966_91191_156667 seed=1 arm=full_regen: per_fault={'ctx': False, 'concise': True, 'preamble': True} all_resolved=False n_resolved=2/3 tokens=(4190,660)
  N=3 real_musique_00061_3hop1__77966_91191_156667 seed=1 arm=react: per_fault={'ctx': True, 'concise': False, 'preamble': True} all_resolved=False n_resolved=2/3 tokens=(4246,810)
  N=3 real_musique_00061_3hop1__77966_91191_156667 seed=1 arm=selfcheckgpt: per_fault={'ctx': True, 'concise': True, 'preamble': True} all_resolved=True n_resolved=3/3 tokens=(14257,477)
  N=3 real_musique_00061_3hop1__77966_91191_156667 seed=1 arm=reflexion: per_fault={'ctx': True, 'concise': True, 'preamble': True} all_resolved=True n_resolved=3/3 tokens=(12589,1265)
  N=3 real_musique_00061_3hop1__77966_91191_156667 seed=1 arm=intro_specter: per_fault={'ctx': False, 'concise': True, 'preamble': True} all_resolved=False n_resolved=2/3 tokens=(4737,542)
  N=3 real_musique_00061_3hop1__77966_91191_156667 seed=2 arm=direct: per_fault={'ctx': False, 'concise': True, 'preamble': True} all_resolved=False n_resolved=2/3 tokens=(2095,329)
  N=3 real_musique_00061_3hop1__77966_91191_156667 seed=2 arm=self_refine: per_fault={'ctx': False, 'concise': True, 'preamble': True} all_resolved=False n_resolved=2/3 tokens=(4618,730)
  N=3 real_musique_00061_3hop1__77966_91191_156667 seed=2 arm=full_regen: per_fault={'ctx': False, 'concise': True, 'preamble': True} all_resolved=False n_resolved=2/3 tokens=(4190,677)
  N=3 real_musique_00061_3hop1__77966_91191_156667 seed=2 arm=react: per_fault={'ctx': True, 'concise': True, 'preamble': True} all_resolved=True n_resolved=3/3 tokens=(4246,808)
  N=3 real_musique_00061_3hop1__77966_91191_156667 seed=2 arm=selfcheckgpt: per_fault={'ctx': False, 'concise': True, 'preamble': True} all_resolved=False n_resolved=2/3 tokens=(12271,541)
  N=3 real_musique_00061_3hop1__77966_91191_156667 seed=2 arm=reflexion: per_fault={'ctx': True, 'concise': True, 'preamble': True} all_resolved=True n_resolved=3/3 tokens=(13036,1945)
  N=3 real_musique_00061_3hop1__77966_91191_156667 seed=2 arm=intro_specter: per_fault={'ctx': False, 'concise': True, 'preamble': True} all_resolved=False n_resolved=2/3 tokens=(4770,696)
  N=3 real_musique_00064_3hop1__226638_538202_84283 seed=0 arm=direct: per_fault={'ctx': True, 'concise': True, 'preamble': True} all_resolved=True n_resolved=3/3 tokens=(2120,319)
  N=3 real_musique_00064_3hop1__226638_538202_84283 seed=0 arm=self_refine: per_fault={'ctx': True, 'concise': True, 'preamble': True} all_resolved=True n_resolved=3/3 tokens=(4659,775)
  N=3 real_musique_00064_3hop1__226638_538202_84283 seed=0 arm=full_regen: per_fault={'ctx': False, 'concise': True, 'preamble': True} all_resolved=False n_resolved=2/3 tokens=(4240,792)
  N=3 real_musique_00064_3hop1__226638_538202_84283 seed=0 arm=react: per_fault={'ctx': True, 'concise': True, 'preamble': True} all_resolved=True n_resolved=3/3 tokens=(4296,866)
  N=3 real_musique_00064_3hop1__226638_538202_84283 seed=0 arm=selfcheckgpt: per_fault={'ctx': True, 'concise': True, 'preamble': True} all_resolved=True n_resolved=3/3 tokens=(12381,477)
  N=3 real_musique_00064_3hop1__226638_538202_84283 seed=0 arm=reflexion: per_fault={'ctx': True, 'concise': True, 'preamble': True} all_resolved=True n_resolved=3/3 tokens=(2120,319)
  N=3 real_musique_00064_3hop1__226638_538202_84283 seed=0 arm=intro_specter: per_fault={'ctx': True, 'concise': True, 'preamble': True} all_resolved=True n_resolved=3/3 tokens=(4811,523)
  N=3 real_musique_00064_3hop1__226638_538202_84283 seed=1 arm=direct: per_fault={'ctx': True, 'concise': True, 'preamble': True} all_resolved=True n_resolved=3/3 tokens=(2120,319)
  N=3 real_musique_00064_3hop1__226638_538202_84283 seed=1 arm=self_refine: per_fault={'ctx': True, 'concise': True, 'preamble': True} all_resolved=True n_resolved=3/3 tokens=(4659,775)
  N=3 real_musique_00064_3hop1__226638_538202_84283 seed=1 arm=full_regen: per_fault={'ctx': False, 'concise': False, 'preamble': True} all_resolved=False n_resolved=1/3 tokens=(4240,599)
  N=3 real_musique_00064_3hop1__226638_538202_84283 seed=1 arm=react: per_fault={'ctx': True, 'concise': True, 'preamble': True} all_resolved=True n_resolved=3/3 tokens=(4296,866)
  N=3 real_musique_00064_3hop1__226638_538202_84283 seed=1 arm=selfcheckgpt: per_fault={'ctx': True, 'concise': True, 'preamble': True} all_resolved=True n_resolved=3/3 tokens=(12349,424)
  N=3 real_musique_00064_3hop1__226638_538202_84283 seed=1 arm=reflexion: per_fault={'ctx': True, 'concise': True, 'preamble': True} all_resolved=True n_resolved=3/3 tokens=(2120,319)
  N=3 real_musique_00064_3hop1__226638_538202_84283 seed=1 arm=intro_specter: per_fault={'ctx': True, 'concise': True, 'preamble': True} all_resolved=True n_resolved=3/3 tokens=(4811,523)
  N=3 real_musique_00064_3hop1__226638_538202_84283 seed=2 arm=direct: per_fault={'ctx': True, 'concise': True, 'preamble': True} all_resolved=True n_resolved=3/3 tokens=(2120,390)
  N=3 real_musique_00064_3hop1__226638_538202_84283 seed=2 arm=self_refine: per_fault={'ctx': True, 'concise': True, 'preamble': True} all_resolved=True n_resolved=3/3 tokens=(4730,1100)
  N=3 real_musique_00064_3hop1__226638_538202_84283 seed=2 arm=full_regen: per_fault={'ctx': True, 'concise': True, 'preamble': True} all_resolved=True n_resolved=3/3 tokens=(4240,701)
  N=3 real_musique_00064_3hop1__226638_538202_84283 seed=2 arm=react: per_fault={'ctx': True, 'concise': True, 'preamble': True} all_resolved=True n_resolved=3/3 tokens=(4296,951)
  N=3 real_musique_00064_3hop1__226638_538202_84283 seed=2 arm=selfcheckgpt: per_fault={'ctx': True, 'concise': True, 'preamble': True} all_resolved=True n_resolved=3/3 tokens=(12333,492)
  N=3 real_musique_00064_3hop1__226638_538202_84283 seed=2 arm=reflexion: per_fault={'ctx': True, 'concise': True, 'preamble': True} all_resolved=True n_resolved=3/3 tokens=(2120,390)
  N=3 real_musique_00064_3hop1__226638_538202_84283 seed=2 arm=intro_specter: per_fault={'ctx': True, 'concise': True, 'preamble': True} all_resolved=True n_resolved=3/3 tokens=(4882,898)
  N=3 real_musique_00072_3hop1__241001_568433_51423 seed=0 arm=direct: per_fault={'ctx': False, 'bullets': True, 'concise': True} all_resolved=False n_resolved=2/3 tokens=(2239,526)
  N=3 real_musique_00072_3hop1__241001_568433_51423 seed=0 arm=self_refine: per_fault={'ctx': False, 'bullets': True, 'concise': True} all_resolved=False n_resolved=2/3 tokens=(5307,1432)
  N=3 real_musique_00072_3hop1__241001_568433_51423 seed=0 arm=full_regen: per_fault={'ctx': False, 'bullets': True, 'concise': True} all_resolved=False n_resolved=2/3 tokens=(4478,899)
  N=3 real_musique_00072_3hop1__241001_568433_51423 seed=0 arm=react: per_fault={'ctx': False, 'bullets': True, 'concise': True} all_resolved=False n_resolved=2/3 tokens=(4534,1067)
  N=3 real_musique_00072_3hop1__241001_568433_51423 seed=0 arm=selfcheckgpt: per_fault={'ctx': False, 'bullets': True, 'concise': True} all_resolved=False n_resolved=2/3 tokens=(13137,695)
  N=3 real_musique_00072_3hop1__241001_568433_51423 seed=0 arm=reflexion: per_fault={'ctx': True, 'bullets': True, 'concise': True} all_resolved=True n_resolved=3/3 tokens=(15365,2516)
  N=3 real_musique_00072_3hop1__241001_568433_51423 seed=0 arm=intro_specter: per_fault={'ctx': True, 'bullets': True, 'concise': True} all_resolved=True n_resolved=3/3 tokens=(5459,966)
  N=3 real_musique_00072_3hop1__241001_568433_51423 seed=1 arm=direct: per_fault={'ctx': False, 'bullets': True, 'concise': True} all_resolved=False n_resolved=2/3 tokens=(2239,526)
  N=3 real_musique_00072_3hop1__241001_568433_51423 seed=1 arm=self_refine: per_fault={'ctx': False, 'bullets': True, 'concise': True} all_resolved=False n_resolved=2/3 tokens=(5307,1432)
  N=3 real_musique_00072_3hop1__241001_568433_51423 seed=1 arm=full_regen: per_fault={'ctx': False, 'bullets': True, 'concise': True} all_resolved=False n_resolved=2/3 tokens=(4478,1190)
  N=3 real_musique_00072_3hop1__241001_568433_51423 seed=1 arm=react: per_fault={'ctx': False, 'bullets': True, 'concise': True} all_resolved=False n_resolved=2/3 tokens=(4534,1067)
  N=3 real_musique_00072_3hop1__241001_568433_51423 seed=1 arm=selfcheckgpt: per_fault={'ctx': False, 'bullets': True, 'concise': True} all_resolved=False n_resolved=2/3 tokens=(15326,726)
  N=3 real_musique_00072_3hop1__241001_568433_51423 seed=1 arm=reflexion: per_fault={'ctx': True, 'bullets': True, 'concise': True} all_resolved=True n_resolved=3/3 tokens=(15365,2516)
  N=3 real_musique_00072_3hop1__241001_568433_51423 seed=1 arm=intro_specter: per_fault={'ctx': True, 'bullets': True, 'concise': True} all_resolved=True n_resolved=3/3 tokens=(5459,966)
  N=3 real_musique_00072_3hop1__241001_568433_51423 seed=2 arm=direct: per_fault={'ctx': True, 'bullets': True, 'concise': True} all_resolved=True n_resolved=3/3 tokens=(2239,488)
  N=3 real_musique_00072_3hop1__241001_568433_51423 seed=2 arm=self_refine: per_fault={'ctx': True, 'bullets': True, 'concise': True} all_resolved=True n_resolved=3/3 tokens=(5108,1223)
  N=3 real_musique_00072_3hop1__241001_568433_51423 seed=2 arm=full_regen: per_fault={'ctx': True, 'bullets': True, 'concise': True} all_resolved=True n_resolved=3/3 tokens=(4478,853)
  N=3 real_musique_00072_3hop1__241001_568433_51423 seed=2 arm=react: per_fault={'ctx': False, 'bullets': True, 'concise': True} all_resolved=False n_resolved=2/3 tokens=(4534,1096)
  N=3 real_musique_00072_3hop1__241001_568433_51423 seed=2 arm=selfcheckgpt: per_fault={'ctx': True, 'bullets': True, 'concise': True} all_resolved=True n_resolved=3/3 tokens=(13115,655)
  N=3 real_musique_00072_3hop1__241001_568433_51423 seed=2 arm=reflexion: per_fault={'ctx': True, 'bullets': True, 'concise': True} all_resolved=True n_resolved=3/3 tokens=(2239,488)
  N=3 real_musique_00072_3hop1__241001_568433_51423 seed=2 arm=intro_specter: per_fault={'ctx': True, 'bullets': True, 'concise': True} all_resolved=True n_resolved=3/3 tokens=(5260,897)
  N=3 real_musique_00075_3hop1__19768_19788_15107 seed=0 arm=direct: per_fault={'ctx': True, 'bullets': True, 'preamble': True} all_resolved=True n_resolved=3/3 tokens=(2301,437)
  N=3 real_musique_00075_3hop1__19768_19788_15107 seed=0 arm=self_refine: per_fault={'ctx': True, 'bullets': True, 'preamble': True} all_resolved=True n_resolved=3/3 tokens=(5179,1078)
  N=3 real_musique_00075_3hop1__19768_19788_15107 seed=0 arm=full_regen: per_fault={'ctx': True, 'bullets': True, 'preamble': True} all_resolved=True n_resolved=3/3 tokens=(4602,652)
  N=3 real_musique_00075_3hop1__19768_19788_15107 seed=0 arm=react: per_fault={'ctx': False, 'bullets': True, 'preamble': True} all_resolved=False n_resolved=2/3 tokens=(4658,921)
  N=3 real_musique_00075_3hop1__19768_19788_15107 seed=0 arm=selfcheckgpt: per_fault={'ctx': True, 'bullets': True, 'preamble': True} all_resolved=True n_resolved=3/3 tokens=(13417,520)
  N=3 real_musique_00075_3hop1__19768_19788_15107 seed=0 arm=reflexion: per_fault={'ctx': True, 'bullets': True, 'preamble': True} all_resolved=True n_resolved=3/3 tokens=(2301,437)
  N=3 real_musique_00075_3hop1__19768_19788_15107 seed=0 arm=intro_specter: per_fault={'ctx': True, 'bullets': True, 'preamble': True} all_resolved=True n_resolved=3/3 tokens=(5331,878)
  N=3 real_musique_00075_3hop1__19768_19788_15107 seed=1 arm=direct: per_fault={'ctx': True, 'bullets': True, 'preamble': True} all_resolved=True n_resolved=3/3 tokens=(2301,437)
  N=3 real_musique_00075_3hop1__19768_19788_15107 seed=1 arm=self_refine: per_fault={'ctx': True, 'bullets': True, 'preamble': True} all_resolved=True n_resolved=3/3 tokens=(5179,1078)
  N=3 real_musique_00075_3hop1__19768_19788_15107 seed=1 arm=full_regen: per_fault={'ctx': True, 'bullets': True, 'preamble': True} all_resolved=True n_resolved=3/3 tokens=(4602,1073)
  N=3 real_musique_00075_3hop1__19768_19788_15107 seed=1 arm=react: per_fault={'ctx': False, 'bullets': True, 'preamble': True} all_resolved=False n_resolved=2/3 tokens=(4658,921)
  N=3 real_musique_00075_3hop1__19768_19788_15107 seed=1 arm=selfcheckgpt: per_fault={'ctx': True, 'bullets': True, 'preamble': True} all_resolved=True n_resolved=3/3 tokens=(13426,529)
  N=3 real_musique_00075_3hop1__19768_19788_15107 seed=1 arm=reflexion: per_fault={'ctx': True, 'bullets': True, 'preamble': True} all_resolved=True n_resolved=3/3 tokens=(2301,437)
  N=3 real_musique_00075_3hop1__19768_19788_15107 seed=1 arm=intro_specter: per_fault={'ctx': True, 'bullets': True, 'preamble': True} all_resolved=True n_resolved=3/3 tokens=(5331,878)
  N=3 real_musique_00075_3hop1__19768_19788_15107 seed=2 arm=direct: per_fault={'ctx': True, 'bullets': True, 'preamble': True} all_resolved=True n_resolved=3/3 tokens=(2301,364)
  N=3 real_musique_00075_3hop1__19768_19788_15107 seed=2 arm=self_refine: per_fault={'ctx': True, 'bullets': True, 'preamble': True} all_resolved=True n_resolved=3/3 tokens=(5085,925)
  N=3 real_musique_00075_3hop1__19768_19788_15107 seed=2 arm=full_regen: per_fault={'ctx': True, 'bullets': True, 'preamble': True} all_resolved=True n_resolved=3/3 tokens=(4602,631)
  N=3 real_musique_00075_3hop1__19768_19788_15107 seed=2 arm=react: per_fault={'ctx': True, 'bullets': True, 'preamble': True} all_resolved=True n_resolved=3/3 tokens=(4658,890)
  N=3 real_musique_00075_3hop1__19768_19788_15107 seed=2 arm=selfcheckgpt: per_fault={'ctx': True, 'bullets': True, 'preamble': True} all_resolved=True n_resolved=3/3 tokens=(13418,497)
  N=3 real_musique_00075_3hop1__19768_19788_15107 seed=2 arm=reflexion: per_fault={'ctx': True, 'bullets': True, 'preamble': True} all_resolved=True n_resolved=3/3 tokens=(2301,364)
  N=3 real_musique_00075_3hop1__19768_19788_15107 seed=2 arm=intro_specter: per_fault={'ctx': True, 'bullets': True, 'preamble': True} all_resolved=True n_resolved=3/3 tokens=(5237,829)
  N=3 real_musique_00078_3hop1__132968_40769_64047 seed=0 arm=direct: per_fault={'ctx': False, 'bullets': True, 'english': True} all_resolved=False n_resolved=2/3 tokens=(2424,417)
  N=3 real_musique_00078_3hop1__132968_40769_64047 seed=0 arm=self_refine: per_fault={'ctx': False, 'bullets': True, 'english': True} all_resolved=False n_resolved=2/3 tokens=(5511,1325)
  N=3 real_musique_00078_3hop1__132968_40769_64047 seed=0 arm=full_regen: per_fault={'ctx': False, 'bullets': True, 'english': True} all_resolved=False n_resolved=2/3 tokens=(4848,915)
  N=3 real_musique_00078_3hop1__132968_40769_64047 seed=0 arm=react: per_fault={'ctx': False, 'bullets': True, 'english': True} all_resolved=False n_resolved=2/3 tokens=(4904,1028)
  N=3 real_musique_00078_3hop1__132968_40769_64047 seed=0 arm=selfcheckgpt: per_fault={'ctx': False, 'bullets': True, 'english': True} all_resolved=False n_resolved=2/3 tokens=(14245,574)
  N=3 real_musique_00078_3hop1__132968_40769_64047 seed=0 arm=reflexion: per_fault={'ctx': False, 'bullets': True, 'english': True} all_resolved=False n_resolved=2/3 tokens=(15709,1954)
  N=3 real_musique_00078_3hop1__132968_40769_64047 seed=0 arm=intro_specter: per_fault={'ctx': False, 'bullets': True, 'english': True} all_resolved=False n_resolved=2/3 tokens=(5663,1116)
  N=3 real_musique_00078_3hop1__132968_40769_64047 seed=1 arm=direct: per_fault={'ctx': False, 'bullets': True, 'english': True} all_resolved=False n_resolved=2/3 tokens=(2424,417)
  N=3 real_musique_00078_3hop1__132968_40769_64047 seed=1 arm=self_refine: per_fault={'ctx': False, 'bullets': True, 'english': True} all_resolved=False n_resolved=2/3 tokens=(5511,1325)
  N=3 real_musique_00078_3hop1__132968_40769_64047 seed=1 arm=full_regen: per_fault={'ctx': False, 'bullets': True, 'english': True} all_resolved=False n_resolved=2/3 tokens=(4848,696)
  N=3 real_musique_00078_3hop1__132968_40769_64047 seed=1 arm=react: per_fault={'ctx': False, 'bullets': True, 'english': True} all_resolved=False n_resolved=2/3 tokens=(4904,1028)
  N=3 real_musique_00078_3hop1__132968_40769_64047 seed=1 arm=selfcheckgpt: per_fault={'ctx': False, 'bullets': True, 'english': True} all_resolved=False n_resolved=2/3 tokens=(14260,580)
  N=3 real_musique_00078_3hop1__132968_40769_64047 seed=1 arm=reflexion: per_fault={'ctx': False, 'bullets': True, 'english': True} all_resolved=False n_resolved=2/3 tokens=(15709,1954)
  N=3 real_musique_00078_3hop1__132968_40769_64047 seed=1 arm=intro_specter: per_fault={'ctx': False, 'bullets': True, 'english': True} all_resolved=False n_resolved=2/3 tokens=(5663,1116)
  N=3 real_musique_00078_3hop1__132968_40769_64047 seed=2 arm=direct: per_fault={'ctx': False, 'bullets': True, 'english': True} all_resolved=False n_resolved=2/3 tokens=(2424,339)
  N=3 real_musique_00078_3hop1__132968_40769_64047 seed=2 arm=self_refine: per_fault={'ctx': False, 'bullets': True, 'english': True} all_resolved=False n_resolved=2/3 tokens=(5286,917)
  N=3 real_musique_00078_3hop1__132968_40769_64047 seed=2 arm=full_regen: per_fault={'ctx': False, 'bullets': True, 'english': True} all_resolved=False n_resolved=2/3 tokens=(4848,824)
  N=3 real_musique_00078_3hop1__132968_40769_64047 seed=2 arm=react: per_fault={'ctx': False, 'bullets': True, 'english': True} all_resolved=False n_resolved=2/3 tokens=(4904,776)
  N=3 real_musique_00078_3hop1__132968_40769_64047 seed=2 arm=selfcheckgpt: per_fault={'ctx': False, 'bullets': True, 'english': True} all_resolved=False n_resolved=2/3 tokens=(14257,524)
  N=3 real_musique_00078_3hop1__132968_40769_64047 seed=2 arm=reflexion: per_fault={'ctx': False, 'bullets': True, 'english': True} all_resolved=False n_resolved=2/3 tokens=(13643,1390)
  N=3 real_musique_00078_3hop1__132968_40769_64047 seed=2 arm=intro_specter: per_fault={'ctx': True, 'bullets': True, 'english': True} all_resolved=True n_resolved=3/3 tokens=(5438,870)
  N=3 real_musique_00079_3hop1__90327_73181_68042 seed=0 arm=direct: per_fault={'ctx': True, 'bullets': False, 'concise': True} all_resolved=False n_resolved=2/3 tokens=(2148,306)
  N=3 real_musique_00079_3hop1__90327_73181_68042 seed=0 arm=self_refine: per_fault={'ctx': True, 'bullets': True, 'concise': True} all_resolved=True n_resolved=3/3 tokens=(4679,677)
  N=3 real_musique_00079_3hop1__90327_73181_68042 seed=0 arm=full_regen: per_fault={'ctx': True, 'bullets': False, 'concise': True} all_resolved=False n_resolved=2/3 tokens=(4296,451)
  N=3 real_musique_00079_3hop1__90327_73181_68042 seed=0 arm=react: per_fault={'ctx': True, 'bullets': True, 'concise': True} all_resolved=True n_resolved=3/3 tokens=(4352,770)
  N=3 real_musique_00079_3hop1__90327_73181_68042 seed=0 arm=selfcheckgpt: per_fault={'ctx': True, 'bullets': False, 'concise': True} all_resolved=False n_resolved=2/3 tokens=(12620,493)
  N=3 real_musique_00079_3hop1__90327_73181_68042 seed=0 arm=reflexion: per_fault={'ctx': True, 'bullets': False, 'concise': True} all_resolved=False n_resolved=2/3 tokens=(2148,306)
  N=3 real_musique_00079_3hop1__90327_73181_68042 seed=0 arm=intro_specter: per_fault={'ctx': True, 'bullets': False, 'concise': True} all_resolved=False n_resolved=2/3 tokens=(4831,863)
  N=3 real_musique_00079_3hop1__90327_73181_68042 seed=1 arm=direct: per_fault={'ctx': True, 'bullets': False, 'concise': True} all_resolved=False n_resolved=2/3 tokens=(2148,306)
  N=3 real_musique_00079_3hop1__90327_73181_68042 seed=1 arm=self_refine: per_fault={'ctx': True, 'bullets': True, 'concise': True} all_resolved=True n_resolved=3/3 tokens=(4679,677)
  N=3 real_musique_00079_3hop1__90327_73181_68042 seed=1 arm=full_regen: per_fault={'ctx': True, 'bullets': True, 'concise': True} all_resolved=True n_resolved=3/3 tokens=(4296,537)
  N=3 real_musique_00079_3hop1__90327_73181_68042 seed=1 arm=react: per_fault={'ctx': True, 'bullets': True, 'concise': True} all_resolved=True n_resolved=3/3 tokens=(4352,770)
  N=3 real_musique_00079_3hop1__90327_73181_68042 seed=1 arm=selfcheckgpt: per_fault={'ctx': True, 'bullets': True, 'concise': True} all_resolved=True n_resolved=3/3 tokens=(14667,500)
  N=3 real_musique_00079_3hop1__90327_73181_68042 seed=1 arm=reflexion: per_fault={'ctx': True, 'bullets': False, 'concise': True} all_resolved=False n_resolved=2/3 tokens=(2148,306)
  N=3 real_musique_00079_3hop1__90327_73181_68042 seed=1 arm=intro_specter: per_fault={'ctx': True, 'bullets': False, 'concise': True} all_resolved=False n_resolved=2/3 tokens=(4831,863)
  N=3 real_musique_00079_3hop1__90327_73181_68042 seed=2 arm=direct: per_fault={'ctx': True, 'bullets': True, 'concise': True} all_resolved=True n_resolved=3/3 tokens=(2148,448)
  N=3 real_musique_00079_3hop1__90327_73181_68042 seed=2 arm=self_refine: per_fault={'ctx': True, 'bullets': True, 'concise': True} all_resolved=True n_resolved=3/3 tokens=(4884,1187)
  N=3 real_musique_00079_3hop1__90327_73181_68042 seed=2 arm=full_regen: per_fault={'ctx': True, 'bullets': True, 'concise': True} all_resolved=True n_resolved=3/3 tokens=(4296,746)
  N=3 real_musique_00079_3hop1__90327_73181_68042 seed=2 arm=react: per_fault={'ctx': True, 'bullets': True, 'concise': True} all_resolved=True n_resolved=3/3 tokens=(4352,1093)
  N=3 real_musique_00079_3hop1__90327_73181_68042 seed=2 arm=selfcheckgpt: per_fault={'ctx': True, 'bullets': True, 'concise': True} all_resolved=True n_resolved=3/3 tokens=(12574,635)
  N=3 real_musique_00079_3hop1__90327_73181_68042 seed=2 arm=reflexion: per_fault={'ctx': True, 'bullets': True, 'concise': True} all_resolved=True n_resolved=3/3 tokens=(2148,448)
  N=3 real_musique_00079_3hop1__90327_73181_68042 seed=2 arm=intro_specter: per_fault={'ctx': True, 'bullets': True, 'concise': True} all_resolved=True n_resolved=3/3 tokens=(5036,924)
  N=3 real_musique_00089_3hop1__567955_503371_21711 seed=0 arm=direct: per_fault={'ctx': True, 'bullets': True, 'preamble': True} all_resolved=True n_resolved=3/3 tokens=(2334,428)
  N=3 real_musique_00089_3hop1__567955_503371_21711 seed=0 arm=self_refine: per_fault={'ctx': True, 'bullets': True, 'preamble': True} all_resolved=True n_resolved=3/3 tokens=(5237,1037)
  N=3 real_musique_00089_3hop1__567955_503371_21711 seed=0 arm=full_regen: per_fault={'ctx': True, 'bullets': True, 'preamble': True} all_resolved=True n_resolved=3/3 tokens=(4668,1026)
  N=3 real_musique_00089_3hop1__567955_503371_21711 seed=0 arm=react: per_fault={'ctx': True, 'bullets': True, 'preamble': True} all_resolved=True n_resolved=3/3 tokens=(4724,977)
  N=3 real_musique_00089_3hop1__567955_503371_21711 seed=0 arm=selfcheckgpt: per_fault={'ctx': True, 'bullets': True, 'preamble': True} all_resolved=True n_resolved=3/3 tokens=(13737,654)
  N=3 real_musique_00089_3hop1__567955_503371_21711 seed=0 arm=reflexion: per_fault={'ctx': True, 'bullets': True, 'preamble': True} all_resolved=True n_resolved=3/3 tokens=(2334,428)
  N=3 real_musique_00089_3hop1__567955_503371_21711 seed=0 arm=intro_specter: per_fault={'ctx': True, 'bullets': True, 'preamble': True} all_resolved=True n_resolved=3/3 tokens=(5390,1036)
  N=3 real_musique_00089_3hop1__567955_503371_21711 seed=1 arm=direct: per_fault={'ctx': True, 'bullets': True, 'preamble': True} all_resolved=True n_resolved=3/3 tokens=(2334,428)
  N=3 real_musique_00089_3hop1__567955_503371_21711 seed=1 arm=self_refine: per_fault={'ctx': True, 'bullets': True, 'preamble': True} all_resolved=True n_resolved=3/3 tokens=(5237,1037)
  N=3 real_musique_00089_3hop1__567955_503371_21711 seed=1 arm=full_regen: per_fault={'ctx': True, 'bullets': True, 'preamble': True} all_resolved=True n_resolved=3/3 tokens=(4668,876)
  N=3 real_musique_00089_3hop1__567955_503371_21711 seed=1 arm=react: per_fault={'ctx': True, 'bullets': True, 'preamble': True} all_resolved=True n_resolved=3/3 tokens=(4724,977)
  N=3 real_musique_00089_3hop1__567955_503371_21711 seed=1 arm=selfcheckgpt: per_fault={'ctx': True, 'bullets': True, 'preamble': True} all_resolved=True n_resolved=3/3 tokens=(13714,634)
  N=3 real_musique_00089_3hop1__567955_503371_21711 seed=1 arm=reflexion: per_fault={'ctx': True, 'bullets': True, 'preamble': True} all_resolved=True n_resolved=3/3 tokens=(2334,428)
  N=3 real_musique_00089_3hop1__567955_503371_21711 seed=1 arm=intro_specter: per_fault={'ctx': True, 'bullets': True, 'preamble': True} all_resolved=True n_resolved=3/3 tokens=(5390,1036)
  N=3 real_musique_00089_3hop1__567955_503371_21711 seed=2 arm=direct: per_fault={'ctx': True, 'bullets': True, 'preamble': True} all_resolved=True n_resolved=3/3 tokens=(2334,431)
  N=3 real_musique_00089_3hop1__567955_503371_21711 seed=2 arm=self_refine: per_fault={'ctx': True, 'bullets': True, 'preamble': True} all_resolved=True n_resolved=3/3 tokens=(5241,1126)
  N=3 real_musique_00089_3hop1__567955_503371_21711 seed=2 arm=full_regen: per_fault={'ctx': True, 'bullets': True, 'preamble': True} all_resolved=True n_resolved=3/3 tokens=(4668,921)
  N=3 real_musique_00089_3hop1__567955_503371_21711 seed=2 arm=react: per_fault={'ctx': True, 'bullets': True, 'preamble': True} all_resolved=True n_resolved=3/3 tokens=(4724,1164)
  N=3 real_musique_00089_3hop1__567955_503371_21711 seed=2 arm=selfcheckgpt: per_fault={'ctx': True, 'bullets': True, 'preamble': True} all_resolved=True n_resolved=3/3 tokens=(13689,583)
  N=3 real_musique_00089_3hop1__567955_503371_21711 seed=2 arm=reflexion: per_fault={'ctx': True, 'bullets': True, 'preamble': True} all_resolved=True n_resolved=3/3 tokens=(2334,431)
  N=3 real_musique_00089_3hop1__567955_503371_21711 seed=2 arm=intro_specter: per_fault={'ctx': True, 'bullets': True, 'preamble': True} all_resolved=True n_resolved=3/3 tokens=(5393,1133)
  N=3 real_musique_00093_3hop1__524212_831637_91775 seed=0 arm=direct: per_fault={'ctx': True, 'bullets': True, 'concise': True} all_resolved=True n_resolved=3/3 tokens=(2113,378)
  N=3 real_musique_00093_3hop1__524212_831637_91775 seed=0 arm=self_refine: per_fault={'ctx': True, 'bullets': True, 'concise': False} all_resolved=False n_resolved=2/3 tokens=(4704,1253)
  N=3 real_musique_00093_3hop1__524212_831637_91775 seed=0 arm=full_regen: per_fault={'ctx': True, 'bullets': True, 'concise': True} all_resolved=True n_resolved=3/3 tokens=(4226,1055)
  N=3 real_musique_00093_3hop1__524212_831637_91775 seed=0 arm=react: per_fault={'ctx': True, 'bullets': True, 'concise': True} all_resolved=True n_resolved=3/3 tokens=(4282,727)
  N=3 real_musique_00093_3hop1__524212_831637_91775 seed=0 arm=selfcheckgpt: per_fault={'ctx': True, 'bullets': True, 'concise': True} all_resolved=True n_resolved=3/3 tokens=(12388,591)
  N=3 real_musique_00093_3hop1__524212_831637_91775 seed=0 arm=reflexion: per_fault={'ctx': True, 'bullets': True, 'concise': True} all_resolved=True n_resolved=3/3 tokens=(2113,378)
  N=3 real_musique_00093_3hop1__524212_831637_91775 seed=0 arm=intro_specter: per_fault={'ctx': True, 'bullets': True, 'concise': True} all_resolved=True n_resolved=3/3 tokens=(4856,842)
  N=3 real_musique_00093_3hop1__524212_831637_91775 seed=1 arm=direct: per_fault={'ctx': True, 'bullets': True, 'concise': True} all_resolved=True n_resolved=3/3 tokens=(2113,378)
  N=3 real_musique_00093_3hop1__524212_831637_91775 seed=1 arm=self_refine: per_fault={'ctx': True, 'bullets': True, 'concise': False} all_resolved=False n_resolved=2/3 tokens=(4704,1253)
  N=3 real_musique_00093_3hop1__524212_831637_91775 seed=1 arm=full_regen: per_fault={'ctx': True, 'bullets': True, 'concise': True} all_resolved=True n_resolved=3/3 tokens=(4226,613)
  N=3 real_musique_00093_3hop1__524212_831637_91775 seed=1 arm=react: per_fault={'ctx': True, 'bullets': True, 'concise': True} all_resolved=True n_resolved=3/3 tokens=(4282,727)
  N=3 real_musique_00093_3hop1__524212_831637_91775 seed=1 arm=selfcheckgpt: per_fault={'ctx': True, 'bullets': True, 'concise': True} all_resolved=True n_resolved=3/3 tokens=(12338,525)
  N=3 real_musique_00093_3hop1__524212_831637_91775 seed=1 arm=reflexion: per_fault={'ctx': True, 'bullets': True, 'concise': True} all_resolved=True n_resolved=3/3 tokens=(2113,378)
  N=3 real_musique_00093_3hop1__524212_831637_91775 seed=1 arm=intro_specter: per_fault={'ctx': True, 'bullets': True, 'concise': True} all_resolved=True n_resolved=3/3 tokens=(4856,842)
  N=3 real_musique_00093_3hop1__524212_831637_91775 seed=2 arm=direct: per_fault={'ctx': True, 'bullets': True, 'concise': True} all_resolved=True n_resolved=3/3 tokens=(2113,443)
  N=3 real_musique_00093_3hop1__524212_831637_91775 seed=2 arm=self_refine: per_fault={'ctx': False, 'bullets': False, 'concise': True} all_resolved=False n_resolved=1/3 tokens=(4790,1116)
  N=3 real_musique_00093_3hop1__524212_831637_91775 seed=2 arm=full_regen: per_fault={'ctx': False, 'bullets': True, 'concise': True} all_resolved=False n_resolved=2/3 tokens=(4226,1108)
  N=3 real_musique_00093_3hop1__524212_831637_91775 seed=2 arm=react: per_fault={'ctx': True, 'bullets': True, 'concise': True} all_resolved=True n_resolved=3/3 tokens=(4282,782)
  N=3 real_musique_00093_3hop1__524212_831637_91775 seed=2 arm=selfcheckgpt: per_fault={'ctx': True, 'bullets': True, 'concise': True} all_resolved=True n_resolved=3/3 tokens=(12422,676)
  N=3 real_musique_00093_3hop1__524212_831637_91775 seed=2 arm=reflexion: per_fault={'ctx': True, 'bullets': True, 'concise': True} all_resolved=True n_resolved=3/3 tokens=(2113,443)
  N=3 real_musique_00093_3hop1__524212_831637_91775 seed=2 arm=intro_specter: per_fault={'ctx': True, 'bullets': True, 'concise': True} all_resolved=True n_resolved=3/3 tokens=(4942,877)
  N=3 real_musique_00104_3hop1__765565_326948_78782 seed=0 arm=direct: per_fault={'ctx': False, 'concise': True, 'english': True} all_resolved=False n_resolved=2/3 tokens=(2107,182)
  N=3 real_musique_00104_3hop1__765565_326948_78782 seed=0 arm=self_refine: per_fault={'ctx': False, 'concise': True, 'english': True} all_resolved=False n_resolved=2/3 tokens=(4454,759)
  N=3 real_musique_00104_3hop1__765565_326948_78782 seed=0 arm=full_regen: per_fault={'ctx': True, 'concise': True, 'english': True} all_resolved=True n_resolved=3/3 tokens=(4214,838)
  N=3 real_musique_00104_3hop1__765565_326948_78782 seed=0 arm=react: per_fault={'ctx': False, 'concise': True, 'english': True} all_resolved=False n_resolved=2/3 tokens=(4270,682)
  N=3 real_musique_00104_3hop1__765565_326948_78782 seed=0 arm=selfcheckgpt: per_fault={'ctx': False, 'concise': True, 'english': True} all_resolved=False n_resolved=2/3 tokens=(14418,394)
  N=3 real_musique_00104_3hop1__765565_326948_78782 seed=0 arm=reflexion: per_fault={'ctx': False, 'concise': True, 'english': True} all_resolved=False n_resolved=2/3 tokens=(12149,1118)
  N=3 real_musique_00104_3hop1__765565_326948_78782 seed=0 arm=intro_specter: per_fault={'ctx': True, 'concise': True, 'english': True} all_resolved=True n_resolved=3/3 tokens=(4606,501)
  N=3 real_musique_00104_3hop1__765565_326948_78782 seed=1 arm=direct: per_fault={'ctx': False, 'concise': True, 'english': True} all_resolved=False n_resolved=2/3 tokens=(2107,182)
  N=3 real_musique_00104_3hop1__765565_326948_78782 seed=1 arm=self_refine: per_fault={'ctx': False, 'concise': True, 'english': True} all_resolved=False n_resolved=2/3 tokens=(4454,759)
  N=3 real_musique_00104_3hop1__765565_326948_78782 seed=1 arm=full_regen: per_fault={'ctx': False, 'concise': True, 'english': True} all_resolved=False n_resolved=2/3 tokens=(4214,682)
  N=3 real_musique_00104_3hop1__765565_326948_78782 seed=1 arm=react: per_fault={'ctx': False, 'concise': True, 'english': True} all_resolved=False n_resolved=2/3 tokens=(4270,682)
  N=3 real_musique_00104_3hop1__765565_326948_78782 seed=1 arm=selfcheckgpt: per_fault={'ctx': False, 'concise': True, 'english': True} all_resolved=False n_resolved=2/3 tokens=(12420,410)
  N=3 real_musique_00104_3hop1__765565_326948_78782 seed=1 arm=reflexion: per_fault={'ctx': False, 'concise': True, 'english': True} all_resolved=False n_resolved=2/3 tokens=(12149,1118)
  N=3 real_musique_00104_3hop1__765565_326948_78782 seed=1 arm=intro_specter: per_fault={'ctx': True, 'concise': True, 'english': True} all_resolved=True n_resolved=3/3 tokens=(4606,501)
  N=3 real_musique_00104_3hop1__765565_326948_78782 seed=2 arm=direct: per_fault={'ctx': False, 'concise': True, 'english': True} all_resolved=False n_resolved=2/3 tokens=(2107,177)
  N=3 real_musique_00104_3hop1__765565_326948_78782 seed=2 arm=self_refine: per_fault={'ctx': False, 'concise': True, 'english': True} all_resolved=False n_resolved=2/3 tokens=(4449,788)
  N=3 real_musique_00104_3hop1__765565_326948_78782 seed=2 arm=full_regen: per_fault={'ctx': False, 'concise': True, 'english': True} all_resolved=False n_resolved=2/3 tokens=(4214,459)
  N=3 real_musique_00104_3hop1__765565_326948_78782 seed=2 arm=react: per_fault={'ctx': False, 'concise': True, 'english': True} all_resolved=False n_resolved=2/3 tokens=(4270,538)
  N=3 real_musique_00104_3hop1__765565_326948_78782 seed=2 arm=selfcheckgpt: per_fault={'ctx': False, 'concise': True, 'english': True} all_resolved=False n_resolved=2/3 tokens=(14433,358)
  N=3 real_musique_00104_3hop1__765565_326948_78782 seed=2 arm=reflexion: per_fault={'ctx': False, 'concise': True, 'english': True} all_resolved=False n_resolved=2/3 tokens=(12535,1574)
  N=3 real_musique_00104_3hop1__765565_326948_78782 seed=2 arm=intro_specter: per_fault={'ctx': True, 'concise': True, 'english': True} all_resolved=True n_resolved=3/3 tokens=(4601,480)
  N=3 real_musique_00110_3hop1__324448_831637_91775 seed=0 arm=direct: per_fault={'ctx': True, 'bullets': True, 'concise': True} all_resolved=True n_resolved=3/3 tokens=(2418,373)
  N=3 real_musique_00110_3hop1__324448_831637_91775 seed=0 arm=self_refine: per_fault={'ctx': True, 'bullets': True, 'concise': False} all_resolved=False n_resolved=2/3 tokens=(5330,1077)
  N=3 real_musique_00110_3hop1__324448_831637_91775 seed=0 arm=full_regen: per_fault={'ctx': True, 'bullets': True, 'concise': True} all_resolved=True n_resolved=3/3 tokens=(4836,824)
  N=3 real_musique_00110_3hop1__324448_831637_91775 seed=0 arm=react: per_fault={'ctx': True, 'bullets': True, 'concise': True} all_resolved=True n_resolved=3/3 tokens=(4891,966)
  N=3 real_musique_00110_3hop1__324448_831637_91775 seed=0 arm=selfcheckgpt: per_fault={'ctx': True, 'bullets': True, 'concise': True} all_resolved=True n_resolved=3/3 tokens=(14268,627)
  N=3 real_musique_00110_3hop1__324448_831637_91775 seed=0 arm=reflexion: per_fault={'ctx': True, 'bullets': True, 'concise': True} all_resolved=True n_resolved=3/3 tokens=(2418,373)
  N=3 real_musique_00110_3hop1__324448_831637_91775 seed=0 arm=intro_specter: per_fault={'ctx': True, 'bullets': True, 'concise': True} all_resolved=True n_resolved=3/3 tokens=(5482,657)
  N=3 real_musique_00110_3hop1__324448_831637_91775 seed=1 arm=direct: per_fault={'ctx': True, 'bullets': True, 'concise': True} all_resolved=True n_resolved=3/3 tokens=(2418,373)
  N=3 real_musique_00110_3hop1__324448_831637_91775 seed=1 arm=self_refine: per_fault={'ctx': True, 'bullets': True, 'concise': False} all_resolved=False n_resolved=2/3 tokens=(5330,1077)
  N=3 real_musique_00110_3hop1__324448_831637_91775 seed=1 arm=full_regen: per_fault={'ctx': True, 'bullets': True, 'concise': True} all_resolved=True n_resolved=3/3 tokens=(4836,607)
  N=3 real_musique_00110_3hop1__324448_831637_91775 seed=1 arm=react: per_fault={'ctx': True, 'bullets': True, 'concise': True} all_resolved=True n_resolved=3/3 tokens=(4891,966)
  N=3 real_musique_00110_3hop1__324448_831637_91775 seed=1 arm=selfcheckgpt: per_fault={'ctx': True, 'bullets': True, 'concise': True} all_resolved=True n_resolved=3/3 tokens=(14243,588)
  N=3 real_musique_00110_3hop1__324448_831637_91775 seed=1 arm=reflexion: per_fault={'ctx': True, 'bullets': True, 'concise': True} all_resolved=True n_resolved=3/3 tokens=(2418,373)
  N=3 real_musique_00110_3hop1__324448_831637_91775 seed=1 arm=intro_specter: per_fault={'ctx': True, 'bullets': True, 'concise': True} all_resolved=True n_resolved=3/3 tokens=(5482,657)
  N=3 real_musique_00110_3hop1__324448_831637_91775 seed=2 arm=direct: per_fault={'ctx': True, 'bullets': True, 'concise': True} all_resolved=True n_resolved=3/3 tokens=(2418,348)
  N=3 real_musique_00110_3hop1__324448_831637_91775 seed=2 arm=self_refine: per_fault={'ctx': True, 'bullets': True, 'concise': True} all_resolved=True n_resolved=3/3 tokens=(5284,865)
  N=3 real_musique_00110_3hop1__324448_831637_91775 seed=2 arm=full_regen: per_fault={'ctx': True, 'bullets': True, 'concise': True} all_resolved=True n_resolved=3/3 tokens=(4836,619)
  N=3 real_musique_00110_3hop1__324448_831637_91775 seed=2 arm=react: per_fault={'ctx': True, 'bullets': True, 'concise': False} all_resolved=False n_resolved=2/3 tokens=(4892,891)
  N=3 real_musique_00110_3hop1__324448_831637_91775 seed=2 arm=selfcheckgpt: per_fault={'ctx': True, 'bullets': True, 'concise': True} all_resolved=True n_resolved=3/3 tokens=(14215,541)
  N=3 real_musique_00110_3hop1__324448_831637_91775 seed=2 arm=reflexion: per_fault={'ctx': True, 'bullets': True, 'concise': True} all_resolved=True n_resolved=3/3 tokens=(2418,348)
  N=3 real_musique_00110_3hop1__324448_831637_91775 seed=2 arm=intro_specter: per_fault={'ctx': True, 'bullets': True, 'concise': True} all_resolved=True n_resolved=3/3 tokens=(5436,810)
/Library/Frameworks/Python.framework/Versions/3.11/lib/python3.11/multiprocessing/resource_tracker.py:254: UserWarning: resource_tracker: There appear to be 1 leaked semaphore objects to clean up at shutdown
  warnings.warn('resource_tracker: There appear to be %d '
Resuming arm=direct: 70 (task_id, seed) rows already present, will be skipped.
Resuming arm=self_refine: 69 (task_id, seed) rows already present, will be skipped.
Resuming arm=full_regen: 69 (task_id, seed) rows already present, will be skipped.
Resuming arm=react: 69 (task_id, seed) rows already present, will be skipped.
Resuming arm=selfcheckgpt: 69 (task_id, seed) rows already present, will be skipped.
Resuming arm=reflexion: 69 (task_id, seed) rows already present, will be skipped.
Resuming arm=intro_specter: 69 (task_id, seed) rows already present, will be skipped.
Building 60 3-fault (1 ctx + 2 profile) musique_real examples (bench_seed=42, scan_limit=760)...
Built 60 examples. seeds=[0, 1, 2], model=mistral-nemo-12b, arms=['direct', 'self_refine', 'full_regen', 'react', 'selfcheckgpt', 'reflexion', 'intro_specter']
  N=3 real_musique_00113_3hop1__529164_567566_84283 seed=0 arm=self_refine: per_fault={'ctx': True, 'concise': True, 'preamble': True} all_resolved=True n_resolved=3/3 tokens=(5192,994)
  N=3 real_musique_00113_3hop1__529164_567566_84283 seed=0 arm=full_regen: per_fault={'ctx': True, 'concise': True, 'preamble': True} all_resolved=True n_resolved=3/3 tokens=(4708,783)
  N=3 real_musique_00113_3hop1__529164_567566_84283 seed=0 arm=react: per_fault={'ctx': False, 'concise': False, 'preamble': True} all_resolved=False n_resolved=1/3 tokens=(4764,897)
  N=3 real_musique_00113_3hop1__529164_567566_84283 seed=0 arm=selfcheckgpt: per_fault={'ctx': False, 'concise': False, 'preamble': True} all_resolved=False n_resolved=1/3 tokens=(13968,567)
  N=3 real_musique_00113_3hop1__529164_567566_84283 seed=0 arm=reflexion: per_fault={'ctx': True, 'concise': True, 'preamble': True} all_resolved=True n_resolved=3/3 tokens=(8059,816)
  N=3 real_musique_00113_3hop1__529164_567566_84283 seed=0 arm=intro_specter: per_fault={'ctx': True, 'concise': True, 'preamble': True} all_resolved=True n_resolved=3/3 tokens=(5344,1000)
  N=3 real_musique_00113_3hop1__529164_567566_84283 seed=1 arm=direct: per_fault={'ctx': False, 'concise': False, 'preamble': True} all_resolved=False n_resolved=1/3 tokens=(2354,363)
  N=3 real_musique_00113_3hop1__529164_567566_84283 seed=1 arm=self_refine: per_fault={'ctx': True, 'concise': True, 'preamble': True} all_resolved=True n_resolved=3/3 tokens=(5192,994)
  N=3 real_musique_00113_3hop1__529164_567566_84283 seed=1 arm=full_regen: per_fault={'ctx': True, 'concise': True, 'preamble': True} all_resolved=True n_resolved=3/3 tokens=(4708,921)
  N=3 real_musique_00113_3hop1__529164_567566_84283 seed=1 arm=react: per_fault={'ctx': False, 'concise': False, 'preamble': True} all_resolved=False n_resolved=1/3 tokens=(4764,897)
  N=3 real_musique_00113_3hop1__529164_567566_84283 seed=1 arm=selfcheckgpt: per_fault={'ctx': False, 'concise': False, 'preamble': True} all_resolved=False n_resolved=1/3 tokens=(14036,599)
  N=3 real_musique_00113_3hop1__529164_567566_84283 seed=1 arm=reflexion: per_fault={'ctx': True, 'concise': True, 'preamble': True} all_resolved=True n_resolved=3/3 tokens=(8059,816)
  N=3 real_musique_00113_3hop1__529164_567566_84283 seed=1 arm=intro_specter: per_fault={'ctx': True, 'concise': True, 'preamble': True} all_resolved=True n_resolved=3/3 tokens=(5344,1000)
  N=3 real_musique_00113_3hop1__529164_567566_84283 seed=2 arm=direct: per_fault={'ctx': False, 'concise': False, 'preamble': True} all_resolved=False n_resolved=1/3 tokens=(2354,387)
  N=3 real_musique_00113_3hop1__529164_567566_84283 seed=2 arm=self_refine: per_fault={'ctx': False, 'concise': False, 'preamble': True} all_resolved=False n_resolved=1/3 tokens=(5216,878)
  N=3 real_musique_00113_3hop1__529164_567566_84283 seed=2 arm=full_regen: per_fault={'ctx': True, 'concise': True, 'preamble': True} all_resolved=True n_resolved=3/3 tokens=(4707,672)
  N=3 real_musique_00113_3hop1__529164_567566_84283 seed=2 arm=react: per_fault={'ctx': True, 'concise': True, 'preamble': True} all_resolved=True n_resolved=3/3 tokens=(4764,1067)
  N=3 real_musique_00113_3hop1__529164_567566_84283 seed=2 arm=selfcheckgpt: per_fault={'ctx': False, 'concise': False, 'preamble': True} all_resolved=False n_resolved=1/3 tokens=(13926,583)
  N=3 real_musique_00113_3hop1__529164_567566_84283 seed=2 arm=reflexion: per_fault={'ctx': True, 'concise': True, 'preamble': True} all_resolved=True n_resolved=3/3 tokens=(8106,1131)
  N=3 real_musique_00113_3hop1__529164_567566_84283 seed=2 arm=intro_specter: per_fault={'ctx': True, 'concise': True, 'preamble': True} all_resolved=True n_resolved=3/3 tokens=(5368,859)
  N=3 real_musique_00119_3hop2__90327_87184_76291 seed=0 arm=direct: per_fault={'ctx': True, 'concise': True, 'english': True} all_resolved=True n_resolved=3/3 tokens=(2261,406)
  N=3 real_musique_00119_3hop2__90327_87184_76291 seed=0 arm=self_refine: per_fault={'ctx': True, 'concise': True, 'english': True} all_resolved=True n_resolved=3/3 tokens=(5026,966)
  N=3 real_musique_00119_3hop2__90327_87184_76291 seed=0 arm=full_regen: per_fault={'ctx': False, 'concise': True, 'english': True} all_resolved=False n_resolved=2/3 tokens=(4522,770)
  N=3 real_musique_00119_3hop2__90327_87184_76291 seed=0 arm=react: per_fault={'ctx': True, 'concise': True, 'english': True} all_resolved=True n_resolved=3/3 tokens=(4578,952)
  N=3 real_musique_00119_3hop2__90327_87184_76291 seed=0 arm=selfcheckgpt: per_fault={'ctx': True, 'concise': True, 'english': True} all_resolved=True n_resolved=3/3 tokens=(13292,620)
  N=3 real_musique_00119_3hop2__90327_87184_76291 seed=0 arm=reflexion: per_fault={'ctx': True, 'concise': True, 'english': True} all_resolved=True n_resolved=3/3 tokens=(2261,406)
  N=3 real_musique_00119_3hop2__90327_87184_76291 seed=0 arm=intro_specter: per_fault={'ctx': True, 'concise': True, 'english': True} all_resolved=True n_resolved=3/3 tokens=(5178,934)
  N=3 real_musique_00119_3hop2__90327_87184_76291 seed=1 arm=direct: per_fault={'ctx': True, 'concise': True, 'english': True} all_resolved=True n_resolved=3/3 tokens=(2261,406)
  N=3 real_musique_00119_3hop2__90327_87184_76291 seed=1 arm=self_refine: per_fault={'ctx': True, 'concise': True, 'english': True} all_resolved=True n_resolved=3/3 tokens=(5026,966)
  N=3 real_musique_00119_3hop2__90327_87184_76291 seed=1 arm=full_regen: per_fault={'ctx': True, 'concise': True, 'english': True} all_resolved=True n_resolved=3/3 tokens=(4522,1327)
  N=3 real_musique_00119_3hop2__90327_87184_76291 seed=1 arm=react: per_fault={'ctx': True, 'concise': True, 'english': True} all_resolved=True n_resolved=3/3 tokens=(4578,952)
  N=3 real_musique_00119_3hop2__90327_87184_76291 seed=1 arm=selfcheckgpt: per_fault={'ctx': True, 'concise': True, 'english': True} all_resolved=True n_resolved=3/3 tokens=(13351,645)
  N=3 real_musique_00119_3hop2__90327_87184_76291 seed=1 arm=reflexion: per_fault={'ctx': True, 'concise': True, 'english': True} all_resolved=True n_resolved=3/3 tokens=(2261,406)
  N=3 real_musique_00119_3hop2__90327_87184_76291 seed=1 arm=intro_specter: per_fault={'ctx': True, 'concise': True, 'english': True} all_resolved=True n_resolved=3/3 tokens=(5178,934)
  N=3 real_musique_00119_3hop2__90327_87184_76291 seed=2 arm=direct: per_fault={'ctx': False, 'concise': True, 'english': True} all_resolved=False n_resolved=2/3 tokens=(2261,278)
  N=3 real_musique_00119_3hop2__90327_87184_76291 seed=2 arm=self_refine: per_fault={'ctx': False, 'concise': True, 'english': True} all_resolved=False n_resolved=2/3 tokens=(4856,844)
  N=3 real_musique_00119_3hop2__90327_87184_76291 seed=2 arm=full_regen: per_fault={'ctx': False, 'concise': True, 'english': True} all_resolved=False n_resolved=2/3 tokens=(4522,654)
  N=3 real_musique_00119_3hop2__90327_87184_76291 seed=2 arm=react: per_fault={'ctx': False, 'concise': True, 'english': True} all_resolved=False n_resolved=2/3 tokens=(4578,920)
  N=3 real_musique_00119_3hop2__90327_87184_76291 seed=2 arm=selfcheckgpt: per_fault={'ctx': False, 'concise': True, 'english': True} all_resolved=False n_resolved=2/3 tokens=(13351,504)
  N=3 real_musique_00119_3hop2__90327_87184_76291 seed=2 arm=reflexion: per_fault={'ctx': False, 'concise': True, 'english': True} all_resolved=False n_resolved=2/3 tokens=(13290,1290)
  N=3 real_musique_00119_3hop2__90327_87184_76291 seed=2 arm=intro_specter: per_fault={'ctx': True, 'concise': True, 'english': True} all_resolved=True n_resolved=3/3 tokens=(5008,707)
  N=3 real_musique_00127_3hop1__324448_831637_91775 seed=0 arm=direct: per_fault={'ctx': True, 'concise': True, 'preamble': True} all_resolved=True n_resolved=3/3 tokens=(2318,237)
  N=3 real_musique_00127_3hop1__324448_831637_91775 seed=0 arm=self_refine: per_fault={'ctx': True, 'concise': False, 'preamble': True} all_resolved=False n_resolved=2/3 tokens=(4952,713)
  N=3 real_musique_00127_3hop1__324448_831637_91775 seed=0 arm=full_regen: per_fault={'ctx': True, 'concise': True, 'preamble': True} all_resolved=True n_resolved=3/3 tokens=(4636,742)
  N=3 real_musique_00127_3hop1__324448_831637_91775 seed=0 arm=react: per_fault={'ctx': False, 'concise': True, 'preamble': True} all_resolved=False n_resolved=2/3 tokens=(4692,792)
  N=3 real_musique_00127_3hop1__324448_831637_91775 seed=0 arm=selfcheckgpt: per_fault={'ctx': True, 'concise': True, 'preamble': True} all_resolved=True n_resolved=3/3 tokens=(13555,370)
  N=3 real_musique_00127_3hop1__324448_831637_91775 seed=0 arm=reflexion: per_fault={'ctx': True, 'concise': True, 'preamble': True} all_resolved=True n_resolved=3/3 tokens=(2318,237)
  N=3 real_musique_00127_3hop1__324448_831637_91775 seed=0 arm=intro_specter: per_fault={'ctx': True, 'concise': True, 'preamble': True} all_resolved=True n_resolved=3/3 tokens=(5104,724)
  N=3 real_musique_00127_3hop1__324448_831637_91775 seed=1 arm=direct: per_fault={'ctx': True, 'concise': True, 'preamble': True} all_resolved=True n_resolved=3/3 tokens=(2318,237)
  N=3 real_musique_00127_3hop1__324448_831637_91775 seed=1 arm=self_refine: per_fault={'ctx': True, 'concise': False, 'preamble': True} all_resolved=False n_resolved=2/3 tokens=(4952,713)
  N=3 real_musique_00127_3hop1__324448_831637_91775 seed=1 arm=full_regen: per_fault={'ctx': True, 'concise': True, 'preamble': True} all_resolved=True n_resolved=3/3 tokens=(4636,443)
  N=3 real_musique_00127_3hop1__324448_831637_91775 seed=1 arm=react: per_fault={'ctx': False, 'concise': True, 'preamble': True} all_resolved=False n_resolved=2/3 tokens=(4692,792)
  N=3 real_musique_00127_3hop1__324448_831637_91775 seed=1 arm=selfcheckgpt: per_fault={'ctx': True, 'concise': True, 'preamble': True} all_resolved=True n_resolved=3/3 tokens=(13567,384)
  N=3 real_musique_00127_3hop1__324448_831637_91775 seed=1 arm=reflexion: per_fault={'ctx': True, 'concise': True, 'preamble': True} all_resolved=True n_resolved=3/3 tokens=(2318,237)
  N=3 real_musique_00127_3hop1__324448_831637_91775 seed=1 arm=intro_specter: per_fault={'ctx': True, 'concise': True, 'preamble': True} all_resolved=True n_resolved=3/3 tokens=(5104,724)
  N=3 real_musique_00127_3hop1__324448_831637_91775 seed=2 arm=direct: per_fault={'ctx': False, 'concise': True, 'preamble': True} all_resolved=False n_resolved=2/3 tokens=(2318,296)
  N=3 real_musique_00127_3hop1__324448_831637_91775 seed=2 arm=self_refine: per_fault={'ctx': True, 'concise': False, 'preamble': True} all_resolved=False n_resolved=2/3 tokens=(5032,931)
  N=3 real_musique_00127_3hop1__324448_831637_91775 seed=2 arm=full_regen: per_fault={'ctx': True, 'concise': False, 'preamble': True} all_resolved=False n_resolved=2/3 tokens=(4636,776)
  N=3 real_musique_00127_3hop1__324448_831637_91775 seed=2 arm=react: per_fault={'ctx': True, 'concise': True, 'preamble': True} all_resolved=True n_resolved=3/3 tokens=(4692,823)
  N=3 real_musique_00127_3hop1__324448_831637_91775 seed=2 arm=selfcheckgpt: per_fault={'ctx': False, 'concise': True, 'preamble': True} all_resolved=False n_resolved=2/3 tokens=(13576,464)
  N=3 real_musique_00127_3hop1__324448_831637_91775 seed=2 arm=reflexion: per_fault={'ctx': True, 'concise': True, 'preamble': True} all_resolved=True n_resolved=3/3 tokens=(7768,846)
  N=3 real_musique_00127_3hop1__324448_831637_91775 seed=2 arm=intro_specter: per_fault={'ctx': True, 'concise': True, 'preamble': True} all_resolved=True n_resolved=3/3 tokens=(5184,589)
  N=3 real_musique_00134_3hop1__92991_73181_68042 seed=0 arm=direct: per_fault={'ctx': True, 'concise': True, 'preamble': True} all_resolved=True n_resolved=3/3 tokens=(2169,493)
  N=3 real_musique_00134_3hop1__92991_73181_68042 seed=0 arm=self_refine: per_fault={'ctx': False, 'concise': False, 'preamble': True} all_resolved=False n_resolved=1/3 tokens=(4971,1253)
  N=3 real_musique_00134_3hop1__92991_73181_68042 seed=0 arm=full_regen: per_fault={'ctx': False, 'concise': False, 'preamble': True} all_resolved=False n_resolved=1/3 tokens=(4338,1096)
  N=3 real_musique_00134_3hop1__92991_73181_68042 seed=0 arm=react: per_fault={'ctx': True, 'concise': True, 'preamble': True} all_resolved=True n_resolved=3/3 tokens=(4394,1033)
  N=3 real_musique_00134_3hop1__92991_73181_68042 seed=0 arm=selfcheckgpt: per_fault={'ctx': True, 'concise': True, 'preamble': True} all_resolved=True n_resolved=3/3 tokens=(12762,722)
  N=3 real_musique_00134_3hop1__92991_73181_68042 seed=0 arm=reflexion: per_fault={'ctx': True, 'concise': True, 'preamble': True} all_resolved=True n_resolved=3/3 tokens=(2169,493)
  N=3 real_musique_00134_3hop1__92991_73181_68042 seed=0 arm=intro_specter: per_fault={'ctx': True, 'concise': True, 'preamble': True} all_resolved=True n_resolved=3/3 tokens=(5123,1117)
  N=3 real_musique_00134_3hop1__92991_73181_68042 seed=1 arm=direct: per_fault={'ctx': True, 'concise': True, 'preamble': True} all_resolved=True n_resolved=3/3 tokens=(2169,493)
  N=3 real_musique_00134_3hop1__92991_73181_68042 seed=1 arm=self_refine: per_fault={'ctx': False, 'concise': False, 'preamble': True} all_resolved=False n_resolved=1/3 tokens=(4971,1253)
  N=3 real_musique_00134_3hop1__92991_73181_68042 seed=1 arm=full_regen: per_fault={'ctx': False, 'concise': True, 'preamble': True} all_resolved=False n_resolved=2/3 tokens=(4338,1003)
  N=3 real_musique_00134_3hop1__92991_73181_68042 seed=1 arm=react: per_fault={'ctx': True, 'concise': True, 'preamble': True} all_resolved=True n_resolved=3/3 tokens=(4394,1033)
  N=3 real_musique_00134_3hop1__92991_73181_68042 seed=1 arm=selfcheckgpt: per_fault={'ctx': True, 'concise': True, 'preamble': True} all_resolved=True n_resolved=3/3 tokens=(14850,733)
  N=3 real_musique_00134_3hop1__92991_73181_68042 seed=1 arm=reflexion: per_fault={'ctx': True, 'concise': True, 'preamble': True} all_resolved=True n_resolved=3/3 tokens=(2169,493)
  N=3 real_musique_00134_3hop1__92991_73181_68042 seed=1 arm=intro_specter: per_fault={'ctx': True, 'concise': True, 'preamble': True} all_resolved=True n_resolved=3/3 tokens=(5123,1117)
  N=3 real_musique_00134_3hop1__92991_73181_68042 seed=2 arm=direct: per_fault={'ctx': True, 'concise': True, 'preamble': True} all_resolved=True n_resolved=3/3 tokens=(2169,458)
  N=3 real_musique_00134_3hop1__92991_73181_68042 seed=2 arm=self_refine: per_fault={'ctx': True, 'concise': True, 'preamble': True} all_resolved=True n_resolved=3/3 tokens=(4915,1100)
  N=3 real_musique_00134_3hop1__92991_73181_68042 seed=2 arm=full_regen: per_fault={'ctx': True, 'concise': False, 'preamble': True} all_resolved=False n_resolved=2/3 tokens=(4338,1035)
  N=3 real_musique_00134_3hop1__92991_73181_68042 seed=2 arm=react: per_fault={'ctx': False, 'concise': False, 'preamble': True} all_resolved=False n_resolved=1/3 tokens=(4394,1060)
  N=3 real_musique_00134_3hop1__92991_73181_68042 seed=2 arm=selfcheckgpt: per_fault={'ctx': False, 'concise': True, 'preamble': True} all_resolved=False n_resolved=2/3 tokens=(14878,705)
  N=3 real_musique_00134_3hop1__92991_73181_68042 seed=2 arm=reflexion: per_fault={'ctx': True, 'concise': True, 'preamble': True} all_resolved=True n_resolved=3/3 tokens=(2169,458)
  N=3 real_musique_00134_3hop1__92991_73181_68042 seed=2 arm=intro_specter: per_fault={'ctx': True, 'concise': True, 'preamble': True} all_resolved=True n_resolved=3/3 tokens=(5067,873)
  N=3 real_musique_00136_3hop1__408237_400692_51423 seed=0 arm=direct: per_fault={'ctx': False, 'bullets': True, 'preamble': True} all_resolved=False n_resolved=2/3 tokens=(2090,361)
  N=3 real_musique_00136_3hop1__408237_400692_51423 seed=0 arm=self_refine: per_fault={'ctx': False, 'bullets': True, 'preamble': True} all_resolved=False n_resolved=2/3 tokens=(4641,958)
  N=3 real_musique_00136_3hop1__408237_400692_51423 seed=0 arm=full_regen: per_fault={'ctx': False, 'bullets': True, 'preamble': True} all_resolved=False n_resolved=2/3 tokens=(4180,841)
  N=3 real_musique_00136_3hop1__408237_400692_51423 seed=0 arm=react: per_fault={'ctx': False, 'bullets': True, 'preamble': True} all_resolved=False n_resolved=2/3 tokens=(4236,730)
  N=3 real_musique_00136_3hop1__408237_400692_51423 seed=0 arm=selfcheckgpt: per_fault={'ctx': True, 'bullets': True, 'preamble': True} all_resolved=True n_resolved=3/3 tokens=(14206,496)
  N=3 real_musique_00136_3hop1__408237_400692_51423 seed=0 arm=reflexion: per_fault={'ctx': True, 'bullets': True, 'preamble': True} all_resolved=True n_resolved=3/3 tokens=(7232,948)
  N=3 real_musique_00136_3hop1__408237_400692_51423 seed=0 arm=intro_specter: per_fault={'ctx': True, 'bullets': True, 'preamble': True} all_resolved=True n_resolved=3/3 tokens=(4793,795)
  N=3 real_musique_00136_3hop1__408237_400692_51423 seed=1 arm=direct: per_fault={'ctx': False, 'bullets': True, 'preamble': True} all_resolved=False n_resolved=2/3 tokens=(2090,361)
  N=3 real_musique_00136_3hop1__408237_400692_51423 seed=1 arm=self_refine: per_fault={'ctx': False, 'bullets': True, 'preamble': True} all_resolved=False n_resolved=2/3 tokens=(4641,958)
  N=3 real_musique_00136_3hop1__408237_400692_51423 seed=1 arm=full_regen: per_fault={'ctx': False, 'bullets': True, 'preamble': True} all_resolved=False n_resolved=2/3 tokens=(4180,761)
  N=3 real_musique_00136_3hop1__408237_400692_51423 seed=1 arm=react: per_fault={'ctx': False, 'bullets': True, 'preamble': True} all_resolved=False n_resolved=2/3 tokens=(4236,730)
  N=3 real_musique_00136_3hop1__408237_400692_51423 seed=1 arm=selfcheckgpt: per_fault={'ctx': True, 'bullets': True, 'preamble': True} all_resolved=True n_resolved=3/3 tokens=(14211,493)
  N=3 real_musique_00136_3hop1__408237_400692_51423 seed=1 arm=reflexion: per_fault={'ctx': True, 'bullets': True, 'preamble': True} all_resolved=True n_resolved=3/3 tokens=(7232,948)
  N=3 real_musique_00136_3hop1__408237_400692_51423 seed=1 arm=intro_specter: per_fault={'ctx': True, 'bullets': True, 'preamble': True} all_resolved=True n_resolved=3/3 tokens=(4793,795)
  N=3 real_musique_00136_3hop1__408237_400692_51423 seed=2 arm=direct: per_fault={'ctx': False, 'bullets': True, 'preamble': True} all_resolved=False n_resolved=2/3 tokens=(2090,389)
  N=3 real_musique_00136_3hop1__408237_400692_51423 seed=2 arm=self_refine: per_fault={'ctx': True, 'bullets': True, 'preamble': True} all_resolved=True n_resolved=3/3 tokens=(4816,872)
  N=3 real_musique_00136_3hop1__408237_400692_51423 seed=2 arm=full_regen: per_fault={'ctx': False, 'bullets': True, 'preamble': True} all_resolved=False n_resolved=2/3 tokens=(4217,793)
  N=3 real_musique_00136_3hop1__408237_400692_51423 seed=2 arm=react: per_fault={'ctx': True, 'bullets': True, 'preamble': True} all_resolved=True n_resolved=3/3 tokens=(4236,969)
  N=3 real_musique_00136_3hop1__408237_400692_51423 seed=2 arm=selfcheckgpt: per_fault={'ctx': False, 'bullets': True, 'preamble': True} all_resolved=False n_resolved=2/3 tokens=(12156,574)
  N=3 real_musique_00136_3hop1__408237_400692_51423 seed=2 arm=reflexion: per_fault={'ctx': True, 'bullets': True, 'preamble': True} all_resolved=True n_resolved=3/3 tokens=(13645,2587)
  N=3 real_musique_00136_3hop1__408237_400692_51423 seed=2 arm=intro_specter: per_fault={'ctx': False, 'bullets': True, 'preamble': True} all_resolved=False n_resolved=2/3 tokens=(4968,1181)
  N=3 real_musique_00141_3hop1__380590_831637_91775 seed=0 arm=direct: per_fault={'ctx': False, 'english': True, 'preamble': True} all_resolved=False n_resolved=2/3 tokens=(2289,470)
  N=3 real_musique_00141_3hop1__380590_831637_91775 seed=0 arm=self_refine: per_fault={'ctx': False, 'english': True, 'preamble': True} all_resolved=False n_resolved=2/3 tokens=(5211,1294)
  N=3 real_musique_00141_3hop1__380590_831637_91775 seed=0 arm=full_regen: per_fault={'ctx': False, 'english': True, 'preamble': True} all_resolved=False n_resolved=2/3 tokens=(4578,791)
  N=3 real_musique_00141_3hop1__380590_831637_91775 seed=0 arm=react: per_fault={'ctx': True, 'english': True, 'preamble': True} all_resolved=True n_resolved=3/3 tokens=(4634,994)
  N=3 real_musique_00141_3hop1__380590_831637_91775 seed=0 arm=selfcheckgpt: per_fault={'ctx': False, 'english': True, 'preamble': True} all_resolved=False n_resolved=2/3 tokens=(13386,604)
  N=3 real_musique_00141_3hop1__380590_831637_91775 seed=0 arm=reflexion: per_fault={'ctx': False, 'english': True, 'preamble': True} all_resolved=False n_resolved=2/3 tokens=(15258,2409)
  N=3 real_musique_00141_3hop1__380590_831637_91775 seed=0 arm=intro_specter: per_fault={'ctx': True, 'english': True, 'preamble': True} all_resolved=True n_resolved=3/3 tokens=(5363,910)
  N=3 real_musique_00141_3hop1__380590_831637_91775 seed=1 arm=direct: per_fault={'ctx': False, 'english': True, 'preamble': True} all_resolved=False n_resolved=2/3 tokens=(2289,470)
  N=3 real_musique_00141_3hop1__380590_831637_91775 seed=1 arm=self_refine: per_fault={'ctx': False, 'english': True, 'preamble': True} all_resolved=False n_resolved=2/3 tokens=(5211,1294)
  N=3 real_musique_00141_3hop1__380590_831637_91775 seed=1 arm=full_regen: per_fault={'ctx': False, 'english': True, 'preamble': True} all_resolved=False n_resolved=2/3 tokens=(4578,836)
  N=3 real_musique_00141_3hop1__380590_831637_91775 seed=1 arm=react: per_fault={'ctx': True, 'english': True, 'preamble': True} all_resolved=True n_resolved=3/3 tokens=(4634,994)
  N=3 real_musique_00141_3hop1__380590_831637_91775 seed=1 arm=selfcheckgpt: per_fault={'ctx': False, 'english': True, 'preamble': True} all_resolved=False n_resolved=2/3 tokens=(13383,614)
  N=3 real_musique_00141_3hop1__380590_831637_91775 seed=1 arm=reflexion: per_fault={'ctx': False, 'english': True, 'preamble': True} all_resolved=False n_resolved=2/3 tokens=(15258,2409)
  N=3 real_musique_00141_3hop1__380590_831637_91775 seed=1 arm=intro_specter: per_fault={'ctx': True, 'english': True, 'preamble': True} all_resolved=True n_resolved=3/3 tokens=(5363,910)
  N=3 real_musique_00141_3hop1__380590_831637_91775 seed=2 arm=direct: per_fault={'ctx': True, 'english': True, 'preamble': True} all_resolved=True n_resolved=3/3 tokens=(2289,406)
  N=3 real_musique_00141_3hop1__380590_831637_91775 seed=2 arm=self_refine: per_fault={'ctx': True, 'english': True, 'preamble': True} all_resolved=True n_resolved=3/3 tokens=(5126,1201)
  N=3 real_musique_00141_3hop1__380590_831637_91775 seed=2 arm=full_regen: per_fault={'ctx': False, 'english': True, 'preamble': True} all_resolved=False n_resolved=2/3 tokens=(4578,784)
  N=3 real_musique_00141_3hop1__380590_831637_91775 seed=2 arm=react: per_fault={'ctx': False, 'english': True, 'preamble': True} all_resolved=False n_resolved=2/3 tokens=(4634,924)
  N=3 real_musique_00141_3hop1__380590_831637_91775 seed=2 arm=selfcheckgpt: per_fault={'ctx': True, 'english': True, 'preamble': True} all_resolved=True n_resolved=3/3 tokens=(13414,533)
  N=3 real_musique_00141_3hop1__380590_831637_91775 seed=2 arm=reflexion: per_fault={'ctx': True, 'english': True, 'preamble': True} all_resolved=True n_resolved=3/3 tokens=(2289,406)
  N=3 real_musique_00141_3hop1__380590_831637_91775 seed=2 arm=intro_specter: per_fault={'ctx': True, 'english': True, 'preamble': True} all_resolved=True n_resolved=3/3 tokens=(5278,748)
  N=3 real_musique_00146_3hop2__304722_330033_63959 seed=0 arm=direct: per_fault={'ctx': False, 'concise': True, 'english': True} all_resolved=False n_resolved=2/3 tokens=(2138,591)
  N=3 real_musique_00146_3hop2__304722_330033_63959 seed=0 arm=self_refine: per_fault={'ctx': False, 'concise': True, 'english': True} all_resolved=False n_resolved=2/3 tokens=(5009,1513)
  N=3 real_musique_00146_3hop2__304722_330033_63959 seed=0 arm=full_regen: per_fault={'ctx': False, 'concise': False, 'english': True} all_resolved=False n_resolved=1/3 tokens=(4276,1046)
  N=3 real_musique_00146_3hop2__304722_330033_63959 seed=0 arm=react: per_fault={'ctx': False, 'concise': True, 'english': True} all_resolved=False n_resolved=2/3 tokens=(4332,1095)
  N=3 real_musique_00146_3hop2__304722_330033_63959 seed=0 arm=selfcheckgpt: per_fault={'ctx': False, 'concise': True, 'english': True} all_resolved=False n_resolved=2/3 tokens=(14719,935)
  N=3 real_musique_00146_3hop2__304722_330033_63959 seed=0 arm=reflexion: per_fault={'ctx': False, 'concise': True, 'english': True} all_resolved=False n_resolved=2/3 tokens=(15019,2994)
  N=3 real_musique_00146_3hop2__304722_330033_63959 seed=0 arm=intro_specter: per_fault={'ctx': True, 'concise': True, 'english': True} all_resolved=True n_resolved=3/3 tokens=(5161,1350)
  N=3 real_musique_00146_3hop2__304722_330033_63959 seed=1 arm=direct: per_fault={'ctx': False, 'concise': True, 'english': True} all_resolved=False n_resolved=2/3 tokens=(2138,591)
  N=3 real_musique_00146_3hop2__304722_330033_63959 seed=1 arm=self_refine: per_fault={'ctx': False, 'concise': True, 'english': True} all_resolved=False n_resolved=2/3 tokens=(5009,1513)
  N=3 real_musique_00146_3hop2__304722_330033_63959 seed=1 arm=full_regen: per_fault={'ctx': False, 'concise': True, 'english': True} all_resolved=False n_resolved=2/3 tokens=(4276,1182)
  N=3 real_musique_00146_3hop2__304722_330033_63959 seed=1 arm=react: per_fault={'ctx': False, 'concise': True, 'english': True} all_resolved=False n_resolved=2/3 tokens=(4332,1095)
  N=3 real_musique_00146_3hop2__304722_330033_63959 seed=1 arm=selfcheckgpt: per_fault={'ctx': False, 'concise': True, 'english': True} all_resolved=False n_resolved=2/3 tokens=(12654,839)
  N=3 real_musique_00146_3hop2__304722_330033_63959 seed=1 arm=reflexion: per_fault={'ctx': False, 'concise': True, 'english': True} all_resolved=False n_resolved=2/3 tokens=(15019,2994)
  N=3 real_musique_00146_3hop2__304722_330033_63959 seed=1 arm=intro_specter: per_fault={'ctx': True, 'concise': True, 'english': True} all_resolved=True n_resolved=3/3 tokens=(5161,1350)
  N=3 real_musique_00146_3hop2__304722_330033_63959 seed=2 arm=direct: per_fault={'ctx': False, 'concise': True, 'english': True} all_resolved=False n_resolved=2/3 tokens=(2138,593)
  N=3 real_musique_00146_3hop2__304722_330033_63959 seed=2 arm=self_refine: per_fault={'ctx': False, 'concise': True, 'english': True} all_resolved=False n_resolved=2/3 tokens=(5032,1491)
  N=3 real_musique_00146_3hop2__304722_330033_63959 seed=2 arm=full_regen: per_fault={'ctx': False, 'concise': True, 'english': True} all_resolved=False n_resolved=2/3 tokens=(4276,1110)
  N=3 real_musique_00146_3hop2__304722_330033_63959 seed=2 arm=react: per_fault={'ctx': True, 'concise': False, 'english': True} all_resolved=False n_resolved=2/3 tokens=(4332,1450)
  N=3 real_musique_00146_3hop2__304722_330033_63959 seed=2 arm=selfcheckgpt: per_fault={'ctx': True, 'concise': True, 'english': True} all_resolved=True n_resolved=3/3 tokens=(14708,922)
  N=3 real_musique_00146_3hop2__304722_330033_63959 seed=2 arm=reflexion: per_fault={'ctx': False, 'concise': True, 'english': True} all_resolved=False n_resolved=2/3 tokens=(14177,1905)
  N=3 real_musique_00146_3hop2__304722_330033_63959 seed=2 arm=intro_specter: per_fault={'ctx': False, 'concise': False, 'english': True} all_resolved=False n_resolved=1/3 tokens=(5184,1217)
  N=3 real_musique_00152_3hop1__41865_55331_34700 seed=0 arm=direct: per_fault={'ctx': False, 'bullets': True, 'concise': True} all_resolved=False n_resolved=2/3 tokens=(1982,468)
  N=3 real_musique_00152_3hop1__41865_55331_34700 seed=0 arm=self_refine: per_fault={'ctx': True, 'bullets': True, 'concise': True} all_resolved=True n_resolved=3/3 tokens=(4572,1132)
  N=3 real_musique_00152_3hop1__41865_55331_34700 seed=0 arm=full_regen: per_fault={'ctx': True, 'bullets': True, 'concise': True} all_resolved=True n_resolved=3/3 tokens=(3964,715)
  N=3 real_musique_00152_3hop1__41865_55331_34700 seed=0 arm=react: per_fault={'ctx': True, 'bullets': True, 'concise': True} all_resolved=True n_resolved=3/3 tokens=(4020,1033)
  N=3 real_musique_00152_3hop1__41865_55331_34700 seed=0 arm=selfcheckgpt: per_fault={'ctx': False, 'bullets': True, 'concise': True} all_resolved=False n_resolved=2/3 tokens=(13510,662)
  N=3 real_musique_00152_3hop1__41865_55331_34700 seed=0 arm=reflexion: per_fault={'ctx': True, 'bullets': True, 'concise': True} all_resolved=True n_resolved=3/3 tokens=(13126,1952)
  N=3 real_musique_00152_3hop1__41865_55331_34700 seed=0 arm=intro_specter: per_fault={'ctx': False, 'bullets': True, 'concise': True} all_resolved=False n_resolved=2/3 tokens=(4724,1184)
  N=3 real_musique_00152_3hop1__41865_55331_34700 seed=1 arm=direct: per_fault={'ctx': False, 'bullets': True, 'concise': True} all_resolved=False n_resolved=2/3 tokens=(1982,468)
  N=3 real_musique_00152_3hop1__41865_55331_34700 seed=1 arm=self_refine: per_fault={'ctx': True, 'bullets': True, 'concise': True} all_resolved=True n_resolved=3/3 tokens=(4572,1132)
  N=3 real_musique_00152_3hop1__41865_55331_34700 seed=1 arm=full_regen: per_fault={'ctx': False, 'bullets': True, 'concise': True} all_resolved=False n_resolved=2/3 tokens=(4001,550)
  N=3 real_musique_00152_3hop1__41865_55331_34700 seed=1 arm=react: per_fault={'ctx': True, 'bullets': True, 'concise': True} all_resolved=True n_resolved=3/3 tokens=(4020,1033)
  N=3 real_musique_00152_3hop1__41865_55331_34700 seed=1 arm=selfcheckgpt: per_fault={'ctx': False, 'bullets': True, 'concise': True} all_resolved=False n_resolved=2/3 tokens=(13458,607)
  N=3 real_musique_00152_3hop1__41865_55331_34700 seed=1 arm=reflexion: per_fault={'ctx': True, 'bullets': True, 'concise': True} all_resolved=True n_resolved=3/3 tokens=(13126,1952)
  N=3 real_musique_00152_3hop1__41865_55331_34700 seed=1 arm=intro_specter: per_fault={'ctx': False, 'bullets': True, 'concise': True} all_resolved=False n_resolved=2/3 tokens=(4724,1184)
  N=3 real_musique_00152_3hop1__41865_55331_34700 seed=2 arm=direct: per_fault={'ctx': True, 'bullets': False, 'concise': True} all_resolved=False n_resolved=2/3 tokens=(1982,392)
  N=3 real_musique_00152_3hop1__41865_55331_34700 seed=2 arm=self_refine: per_fault={'ctx': True, 'bullets': True, 'concise': True} all_resolved=True n_resolved=3/3 tokens=(4475,992)
  N=3 real_musique_00152_3hop1__41865_55331_34700 seed=2 arm=full_regen: per_fault={'ctx': True, 'bullets': True, 'concise': True} all_resolved=True n_resolved=3/3 tokens=(3964,778)
  N=3 real_musique_00152_3hop1__41865_55331_34700 seed=2 arm=react: per_fault={'ctx': True, 'bullets': True, 'concise': True} all_resolved=True n_resolved=3/3 tokens=(4020,836)
  N=3 real_musique_00152_3hop1__41865_55331_34700 seed=2 arm=selfcheckgpt: per_fault={'ctx': True, 'bullets': False, 'concise': True} all_resolved=False n_resolved=2/3 tokens=(11597,545)
  N=3 real_musique_00152_3hop1__41865_55331_34700 seed=2 arm=reflexion: per_fault={'ctx': True, 'bullets': False, 'concise': True} all_resolved=False n_resolved=2/3 tokens=(1982,392)
  N=3 real_musique_00152_3hop1__41865_55331_34700 seed=2 arm=intro_specter: per_fault={'ctx': True, 'bullets': False, 'concise': True} all_resolved=False n_resolved=2/3 tokens=(4627,783)
  N=3 real_musique_00153_3hop1__751782_2053_52946 seed=0 arm=direct: per_fault={'ctx': True, 'bullets': True, 'concise': True} all_resolved=True n_resolved=3/3 tokens=(2375,412)
  N=3 real_musique_00153_3hop1__751782_2053_52946 seed=0 arm=self_refine: per_fault={'ctx': True, 'bullets': True, 'concise': False} all_resolved=False n_resolved=2/3 tokens=(5281,1475)
  N=3 real_musique_00153_3hop1__751782_2053_52946 seed=0 arm=full_regen: per_fault={'ctx': True, 'bullets': True, 'concise': True} all_resolved=True n_resolved=3/3 tokens=(4750,956)
  N=3 real_musique_00153_3hop1__751782_2053_52946 seed=0 arm=react: per_fault={'ctx': True, 'bullets': True, 'concise': True} all_resolved=True n_resolved=3/3 tokens=(4806,1047)
/Library/Frameworks/Python.framework/Versions/3.11/lib/python3.11/multiprocessing/resource_tracker.py:254: UserWarning: resource_tracker: There appear to be 1 leaked semaphore objects to clean up at shutdown
  warnings.warn('resource_tracker: There appear to be %d '
[RETRY] selfcheckgpt task=real_musique_00157_3hop1__406043_831637_91775 seed=1 attempt 1/5 failed (failed to obtain JSON after 3 attempts: could not parse JSON from model output:
{
  "final_output": "海，空，陆"); retrying in 3s
[RETRY] selfcheckgpt task=real_musique_00157_3hop1__406043_831637_91775 seed=1 attempt 2/5 failed (failed to obtain JSON after 3 attempts: could not parse JSON from model output:
{
  "final_output": "海，空，陆"); retrying in 6s
[RETRY] selfcheckgpt task=real_musique_00157_3hop1__406043_831637_91775 seed=1 attempt 3/5 failed (failed to obtain JSON after 3 attempts: could not parse JSON from model output:
{
  "final_output": "海，空，陆"); retrying in 12s
[RETRY] selfcheckgpt task=real_musique_00157_3hop1__406043_831637_91775 seed=1 attempt 4/5 failed (failed to obtain JSON after 3 attempts: could not parse JSON from model output:
{
  "final_output": "海，空，陆"); retrying in 24s
[ERROR] selfcheckgpt failed task=real_musique_00157_3hop1__406043_831637_91775 seed=1: failed to obtain JSON after 3 attempts: could not parse JSON from model output:
{
  "final_output": "海，空，陆"
Resuming arm=direct: 97 (task_id, seed) rows already present, will be skipped.
Resuming arm=self_refine: 97 (task_id, seed) rows already present, will be skipped.
Resuming arm=full_regen: 97 (task_id, seed) rows already present, will be skipped.
Resuming arm=react: 96 (task_id, seed) rows already present, will be skipped.
Resuming arm=selfcheckgpt: 96 (task_id, seed) rows already present, will be skipped.
Resuming arm=reflexion: 96 (task_id, seed) rows already present, will be skipped.
Resuming arm=intro_specter: 96 (task_id, seed) rows already present, will be skipped.
Building 60 3-fault (1 ctx + 2 profile) musique_real examples (bench_seed=42, scan_limit=760)...
Built 60 examples. seeds=[0, 1, 2], model=mistral-nemo-12b, arms=['direct', 'self_refine', 'full_regen', 'react', 'selfcheckgpt', 'reflexion', 'intro_specter']
  N=3 real_musique_00155_3hop1__786067_228453_86925 seed=0 arm=react: per_fault={'ctx': True, 'concise': False, 'preamble': True} all_resolved=False n_resolved=2/3 tokens=(4748,913)
  N=3 real_musique_00155_3hop1__786067_228453_86925 seed=0 arm=selfcheckgpt: per_fault={'ctx': True, 'concise': False, 'preamble': True} all_resolved=False n_resolved=2/3 tokens=(13719,430)
  N=3 real_musique_00155_3hop1__786067_228453_86925 seed=0 arm=reflexion: per_fault={'ctx': True, 'concise': False, 'preamble': True} all_resolved=False n_resolved=2/3 tokens=(2346,303)
  N=3 real_musique_00155_3hop1__786067_228453_86925 seed=0 arm=intro_specter: per_fault={'ctx': True, 'concise': False, 'preamble': True} all_resolved=False n_resolved=2/3 tokens=(5226,687)
  N=3 real_musique_00155_3hop1__786067_228453_86925 seed=1 arm=direct: per_fault={'ctx': True, 'concise': False, 'preamble': True} all_resolved=False n_resolved=2/3 tokens=(2346,303)
  N=3 real_musique_00155_3hop1__786067_228453_86925 seed=1 arm=self_refine: per_fault={'ctx': True, 'concise': True, 'preamble': True} all_resolved=True n_resolved=3/3 tokens=(5074,759)
  N=3 real_musique_00155_3hop1__786067_228453_86925 seed=1 arm=full_regen: per_fault={'ctx': True, 'concise': True, 'preamble': True} all_resolved=True n_resolved=3/3 tokens=(4692,579)
  N=3 real_musique_00155_3hop1__786067_228453_86925 seed=1 arm=react: per_fault={'ctx': True, 'concise': False, 'preamble': True} all_resolved=False n_resolved=2/3 tokens=(4748,913)
  N=3 real_musique_00155_3hop1__786067_228453_86925 seed=1 arm=selfcheckgpt: per_fault={'ctx': True, 'concise': False, 'preamble': True} all_resolved=False n_resolved=2/3 tokens=(13730,441)
  N=3 real_musique_00155_3hop1__786067_228453_86925 seed=1 arm=reflexion: per_fault={'ctx': True, 'concise': False, 'preamble': True} all_resolved=False n_resolved=2/3 tokens=(2346,303)
  N=3 real_musique_00155_3hop1__786067_228453_86925 seed=1 arm=intro_specter: per_fault={'ctx': True, 'concise': False, 'preamble': True} all_resolved=False n_resolved=2/3 tokens=(5226,687)
  N=3 real_musique_00155_3hop1__786067_228453_86925 seed=2 arm=direct: per_fault={'ctx': True, 'concise': True, 'preamble': True} all_resolved=True n_resolved=3/3 tokens=(2346,380)
  N=3 real_musique_00155_3hop1__786067_228453_86925 seed=2 arm=self_refine: per_fault={'ctx': True, 'concise': False, 'preamble': True} all_resolved=False n_resolved=2/3 tokens=(5172,1010)
  N=3 real_musique_00155_3hop1__786067_228453_86925 seed=2 arm=full_regen: per_fault={'ctx': True, 'concise': False, 'preamble': True} all_resolved=False n_resolved=2/3 tokens=(4692,722)
  N=3 real_musique_00155_3hop1__786067_228453_86925 seed=2 arm=react: per_fault={'ctx': True, 'concise': True, 'preamble': True} all_resolved=True n_resolved=3/3 tokens=(4748,835)
  N=3 real_musique_00155_3hop1__786067_228453_86925 seed=2 arm=selfcheckgpt: per_fault={'ctx': True, 'concise': True, 'preamble': True} all_resolved=True n_resolved=3/3 tokens=(16047,556)
  N=3 real_musique_00155_3hop1__786067_228453_86925 seed=2 arm=reflexion: per_fault={'ctx': True, 'concise': True, 'preamble': True} all_resolved=True n_resolved=3/3 tokens=(2346,380)
  N=3 real_musique_00155_3hop1__786067_228453_86925 seed=2 arm=intro_specter: per_fault={'ctx': True, 'concise': True, 'preamble': True} all_resolved=True n_resolved=3/3 tokens=(5324,732)
  N=3 real_musique_00157_3hop1__406043_831637_91775 seed=0 arm=direct: per_fault={'ctx': True, 'english': True, 'preamble': True} all_resolved=True n_resolved=3/3 tokens=(2212,639)
  N=3 real_musique_00157_3hop1__406043_831637_91775 seed=0 arm=self_refine: per_fault={'ctx': False, 'english': True, 'preamble': True} all_resolved=False n_resolved=2/3 tokens=(5226,1530)
  N=3 real_musique_00157_3hop1__406043_831637_91775 seed=0 arm=full_regen: per_fault={'ctx': True, 'english': True, 'preamble': True} all_resolved=True n_resolved=3/3 tokens=(4424,979)
  N=3 real_musique_00157_3hop1__406043_831637_91775 seed=0 arm=react: per_fault={'ctx': True, 'english': True, 'preamble': True} all_resolved=True n_resolved=3/3 tokens=(4480,1284)
  N=3 real_musique_00157_3hop1__406043_831637_91775 seed=0 arm=selfcheckgpt: per_fault={'ctx': True, 'english': True, 'preamble': True} all_resolved=True n_resolved=3/3 tokens=(12949,757)
  N=3 real_musique_00157_3hop1__406043_831637_91775 seed=0 arm=reflexion: per_fault={'ctx': True, 'english': True, 'preamble': True} all_resolved=True n_resolved=3/3 tokens=(2212,639)
  N=3 real_musique_00157_3hop1__406043_831637_91775 seed=0 arm=intro_specter: per_fault={'ctx': True, 'english': True, 'preamble': True} all_resolved=True n_resolved=3/3 tokens=(5378,1211)
  N=3 real_musique_00157_3hop1__406043_831637_91775 seed=1 arm=direct: per_fault={'ctx': True, 'english': True, 'preamble': True} all_resolved=True n_resolved=3/3 tokens=(2212,639)
  N=3 real_musique_00157_3hop1__406043_831637_91775 seed=1 arm=self_refine: per_fault={'ctx': False, 'english': True, 'preamble': True} all_resolved=False n_resolved=2/3 tokens=(5226,1530)
  N=3 real_musique_00157_3hop1__406043_831637_91775 seed=1 arm=full_regen: per_fault={'ctx': False, 'english': True, 'preamble': True} all_resolved=False n_resolved=2/3 tokens=(4424,919)
  N=3 real_musique_00157_3hop1__406043_831637_91775 seed=1 arm=react: per_fault={'ctx': True, 'english': True, 'preamble': True} all_resolved=True n_resolved=3/3 tokens=(4480,1284)
  N=3 real_musique_00157_3hop1__406043_831637_91775 seed=1 arm=reflexion: per_fault={'ctx': True, 'english': True, 'preamble': True} all_resolved=True n_resolved=3/3 tokens=(2212,639)
  N=3 real_musique_00157_3hop1__406043_831637_91775 seed=1 arm=intro_specter: per_fault={'ctx': True, 'english': True, 'preamble': True} all_resolved=True n_resolved=3/3 tokens=(5378,1211)
  N=3 real_musique_00157_3hop1__406043_831637_91775 seed=2 arm=direct: per_fault={'ctx': True, 'english': True, 'preamble': True} all_resolved=True n_resolved=3/3 tokens=(2212,230)
  N=3 real_musique_00157_3hop1__406043_831637_91775 seed=2 arm=self_refine: per_fault={'ctx': False, 'english': True, 'preamble': True} all_resolved=False n_resolved=2/3 tokens=(4712,590)
  N=3 real_musique_00157_3hop1__406043_831637_91775 seed=2 arm=full_regen: per_fault={'ctx': True, 'english': True, 'preamble': True} all_resolved=True n_resolved=3/3 tokens=(4424,829)
  N=3 real_musique_00157_3hop1__406043_831637_91775 seed=2 arm=react: per_fault={'ctx': False, 'english': True, 'preamble': True} all_resolved=False n_resolved=2/3 tokens=(4480,712)
  N=3 real_musique_00157_3hop1__406043_831637_91775 seed=2 arm=selfcheckgpt: per_fault={'ctx': True, 'english': True, 'preamble': True} all_resolved=True n_resolved=3/3 tokens=(12945,398)
  N=3 real_musique_00157_3hop1__406043_831637_91775 seed=2 arm=reflexion: per_fault={'ctx': True, 'english': True, 'preamble': True} all_resolved=True n_resolved=3/3 tokens=(2212,230)
  N=3 real_musique_00157_3hop1__406043_831637_91775 seed=2 arm=intro_specter: per_fault={'ctx': True, 'english': True, 'preamble': True} all_resolved=True n_resolved=3/3 tokens=(4864,525)
  N=3 real_musique_00164_3hop2__87184_38738_76291 seed=0 arm=direct: per_fault={'ctx': True, 'concise': False, 'preamble': True} all_resolved=False n_resolved=2/3 tokens=(2072,434)
  N=3 real_musique_00164_3hop2__87184_38738_76291 seed=0 arm=self_refine: per_fault={'ctx': True, 'concise': False, 'preamble': True} all_resolved=False n_resolved=2/3 tokens=(4676,1277)
  N=3 real_musique_00164_3hop2__87184_38738_76291 seed=0 arm=full_regen: per_fault={'ctx': True, 'concise': False, 'preamble': True} all_resolved=False n_resolved=2/3 tokens=(4144,1022)
  N=3 real_musique_00164_3hop2__87184_38738_76291 seed=0 arm=react: per_fault={'ctx': True, 'concise': False, 'preamble': True} all_resolved=False n_resolved=2/3 tokens=(4200,1035)
  N=3 real_musique_00164_3hop2__87184_38738_76291 seed=0 arm=selfcheckgpt: per_fault={'ctx': True, 'concise': False, 'preamble': True} all_resolved=False n_resolved=2/3 tokens=(12167,642)
  N=3 real_musique_00164_3hop2__87184_38738_76291 seed=0 arm=reflexion: per_fault={'ctx': True, 'concise': False, 'preamble': True} all_resolved=False n_resolved=2/3 tokens=(2072,434)
  N=3 real_musique_00164_3hop2__87184_38738_76291 seed=0 arm=intro_specter: per_fault={'ctx': True, 'concise': False, 'preamble': True} all_resolved=False n_resolved=2/3 tokens=(4828,908)
  N=3 real_musique_00164_3hop2__87184_38738_76291 seed=1 arm=direct: per_fault={'ctx': True, 'concise': False, 'preamble': True} all_resolved=False n_resolved=2/3 tokens=(2072,434)
  N=3 real_musique_00164_3hop2__87184_38738_76291 seed=1 arm=self_refine: per_fault={'ctx': True, 'concise': False, 'preamble': True} all_resolved=False n_resolved=2/3 tokens=(4676,1277)
  N=3 real_musique_00164_3hop2__87184_38738_76291 seed=1 arm=full_regen: per_fault={'ctx': False, 'concise': False, 'preamble': True} all_resolved=False n_resolved=1/3 tokens=(4144,847)
  N=3 real_musique_00164_3hop2__87184_38738_76291 seed=1 arm=react: per_fault={'ctx': True, 'concise': False, 'preamble': True} all_resolved=False n_resolved=2/3 tokens=(4200,1035)
  N=3 real_musique_00164_3hop2__87184_38738_76291 seed=1 arm=selfcheckgpt: per_fault={'ctx': True, 'concise': False, 'preamble': True} all_resolved=False n_resolved=2/3 tokens=(12277,740)
  N=3 real_musique_00164_3hop2__87184_38738_76291 seed=1 arm=reflexion: per_fault={'ctx': True, 'concise': False, 'preamble': True} all_resolved=False n_resolved=2/3 tokens=(2072,434)
  N=3 real_musique_00164_3hop2__87184_38738_76291 seed=1 arm=intro_specter: per_fault={'ctx': True, 'concise': False, 'preamble': True} all_resolved=False n_resolved=2/3 tokens=(4828,908)
  N=3 real_musique_00164_3hop2__87184_38738_76291 seed=2 arm=direct: per_fault={'ctx': True, 'concise': False, 'preamble': True} all_resolved=False n_resolved=2/3 tokens=(2072,431)
  N=3 real_musique_00164_3hop2__87184_38738_76291 seed=2 arm=self_refine: per_fault={'ctx': True, 'concise': False, 'preamble': True} all_resolved=False n_resolved=2/3 tokens=(4673,1123)
  N=3 real_musique_00164_3hop2__87184_38738_76291 seed=2 arm=full_regen: per_fault={'ctx': True, 'concise': True, 'preamble': True} all_resolved=True n_resolved=3/3 tokens=(4144,892)
  N=3 real_musique_00164_3hop2__87184_38738_76291 seed=2 arm=react: per_fault={'ctx': True, 'concise': False, 'preamble': True} all_resolved=False n_resolved=2/3 tokens=(4199,1102)
  N=3 real_musique_00164_3hop2__87184_38738_76291 seed=2 arm=selfcheckgpt: per_fault={'ctx': True, 'concise': False, 'preamble': True} all_resolved=False n_resolved=2/3 tokens=(12232,642)
  N=3 real_musique_00164_3hop2__87184_38738_76291 seed=2 arm=reflexion: per_fault={'ctx': True, 'concise': False, 'preamble': True} all_resolved=False n_resolved=2/3 tokens=(2072,431)
  N=3 real_musique_00164_3hop2__87184_38738_76291 seed=2 arm=intro_specter: per_fault={'ctx': True, 'concise': False, 'preamble': True} all_resolved=False n_resolved=2/3 tokens=(4825,872)
  N=3 real_musique_00169_3hop2__802066_223623_162182 seed=0 arm=direct: per_fault={'ctx': False, 'concise': True, 'english': True} all_resolved=False n_resolved=2/3 tokens=(2269,279)
  N=3 real_musique_00169_3hop2__802066_223623_162182 seed=0 arm=self_refine: per_fault={'ctx': False, 'concise': True, 'english': True} all_resolved=False n_resolved=2/3 tokens=(4897,861)
  N=3 real_musique_00169_3hop2__802066_223623_162182 seed=0 arm=full_regen: per_fault={'ctx': False, 'concise': True, 'english': True} all_resolved=False n_resolved=2/3 tokens=(4538,612)
  N=3 real_musique_00169_3hop2__802066_223623_162182 seed=0 arm=react: per_fault={'ctx': False, 'concise': True, 'english': True} all_resolved=False n_resolved=2/3 tokens=(4594,835)
  N=3 real_musique_00169_3hop2__802066_223623_162182 seed=0 arm=selfcheckgpt: per_fault={'ctx': False, 'concise': True, 'english': True} all_resolved=False n_resolved=2/3 tokens=(13315,497)
  N=3 real_musique_00169_3hop2__802066_223623_162182 seed=0 arm=reflexion: per_fault={'ctx': False, 'concise': True, 'english': True} all_resolved=False n_resolved=2/3 tokens=(13875,1797)
  N=3 real_musique_00169_3hop2__802066_223623_162182 seed=0 arm=intro_specter: per_fault={'ctx': True, 'concise': True, 'english': True} all_resolved=True n_resolved=3/3 tokens=(5049,717)
  N=3 real_musique_00169_3hop2__802066_223623_162182 seed=1 arm=direct: per_fault={'ctx': False, 'concise': True, 'english': True} all_resolved=False n_resolved=2/3 tokens=(2269,279)
  N=3 real_musique_00169_3hop2__802066_223623_162182 seed=1 arm=self_refine: per_fault={'ctx': False, 'concise': True, 'english': True} all_resolved=False n_resolved=2/3 tokens=(4897,861)
  N=3 real_musique_00169_3hop2__802066_223623_162182 seed=1 arm=full_regen: per_fault={'ctx': False, 'concise': True, 'english': True} all_resolved=False n_resolved=2/3 tokens=(4538,646)
  N=3 real_musique_00169_3hop2__802066_223623_162182 seed=1 arm=react: per_fault={'ctx': False, 'concise': True, 'english': True} all_resolved=False n_resolved=2/3 tokens=(4594,835)
  N=3 real_musique_00169_3hop2__802066_223623_162182 seed=1 arm=selfcheckgpt: per_fault={'ctx': False, 'concise': True, 'english': True} all_resolved=False n_resolved=2/3 tokens=(13309,443)
  N=3 real_musique_00169_3hop2__802066_223623_162182 seed=1 arm=reflexion: per_fault={'ctx': False, 'concise': True, 'english': True} all_resolved=False n_resolved=2/3 tokens=(13875,1797)
  N=3 real_musique_00169_3hop2__802066_223623_162182 seed=1 arm=intro_specter: per_fault={'ctx': True, 'concise': True, 'english': True} all_resolved=True n_resolved=3/3 tokens=(5049,717)
  N=3 real_musique_00169_3hop2__802066_223623_162182 seed=2 arm=direct: per_fault={'ctx': False, 'concise': True, 'english': True} all_resolved=False n_resolved=2/3 tokens=(2269,250)
  N=3 real_musique_00169_3hop2__802066_223623_162182 seed=2 arm=self_refine: per_fault={'ctx': True, 'concise': False, 'english': True} all_resolved=False n_resolved=2/3 tokens=(4868,660)
  N=3 real_musique_00169_3hop2__802066_223623_162182 seed=2 arm=full_regen: per_fault={'ctx': False, 'concise': True, 'english': True} all_resolved=False n_resolved=2/3 tokens=(4538,595)
  N=3 real_musique_00169_3hop2__802066_223623_162182 seed=2 arm=react: per_fault={'ctx': False, 'concise': True, 'english': True} all_resolved=False n_resolved=2/3 tokens=(4594,769)
  N=3 real_musique_00169_3hop2__802066_223623_162182 seed=2 arm=selfcheckgpt: per_fault={'ctx': False, 'concise': True, 'english': True} all_resolved=False n_resolved=2/3 tokens=(13131,386)
  N=3 real_musique_00169_3hop2__802066_223623_162182 seed=2 arm=reflexion: per_fault={'ctx': False, 'concise': True, 'english': True} all_resolved=False n_resolved=2/3 tokens=(13345,1404)
  N=3 real_musique_00169_3hop2__802066_223623_162182 seed=2 arm=intro_specter: per_fault={'ctx': True, 'concise': True, 'english': True} all_resolved=True n_resolved=3/3 tokens=(5020,646)
  N=3 real_musique_00179_3hop1__255970_831637_91775 seed=0 arm=direct: per_fault={'ctx': True, 'bullets': True, 'concise': False} all_resolved=False n_resolved=2/3 tokens=(2406,602)
  N=3 real_musique_00179_3hop1__255970_831637_91775 seed=0 arm=self_refine: per_fault={'ctx': True, 'bullets': True, 'concise': False} all_resolved=False n_resolved=2/3 tokens=(5577,1593)
  N=3 real_musique_00179_3hop1__255970_831637_91775 seed=0 arm=full_regen: per_fault={'ctx': True, 'bullets': True, 'concise': True} all_resolved=True n_resolved=3/3 tokens=(4812,1022)
  N=3 real_musique_00179_3hop1__255970_831637_91775 seed=0 arm=react: per_fault={'ctx': True, 'bullets': True, 'concise': False} all_resolved=False n_resolved=2/3 tokens=(4868,1215)
  N=3 real_musique_00179_3hop1__255970_831637_91775 seed=0 arm=selfcheckgpt: per_fault={'ctx': True, 'bullets': True, 'concise': False} all_resolved=False n_resolved=2/3 tokens=(14142,781)
  N=3 real_musique_00179_3hop1__255970_831637_91775 seed=0 arm=reflexion: per_fault={'ctx': True, 'bullets': True, 'concise': False} all_resolved=False n_resolved=2/3 tokens=(2406,602)
  N=3 real_musique_00179_3hop1__255970_831637_91775 seed=0 arm=intro_specter: per_fault={'ctx': True, 'bullets': True, 'concise': False} all_resolved=False n_resolved=2/3 tokens=(5729,1012)
  N=3 real_musique_00179_3hop1__255970_831637_91775 seed=1 arm=direct: per_fault={'ctx': True, 'bullets': True, 'concise': False} all_resolved=False n_resolved=2/3 tokens=(2406,602)
  N=3 real_musique_00179_3hop1__255970_831637_91775 seed=1 arm=self_refine: per_fault={'ctx': True, 'bullets': True, 'concise': False} all_resolved=False n_resolved=2/3 tokens=(5577,1593)
  N=3 real_musique_00179_3hop1__255970_831637_91775 seed=1 arm=full_regen: per_fault={'ctx': True, 'bullets': True, 'concise': True} all_resolved=True n_resolved=3/3 tokens=(4812,1260)
  N=3 real_musique_00179_3hop1__255970_831637_91775 seed=1 arm=react: per_fault={'ctx': True, 'bullets': True, 'concise': False} all_resolved=False n_resolved=2/3 tokens=(4868,1215)
  N=3 real_musique_00179_3hop1__255970_831637_91775 seed=1 arm=selfcheckgpt: per_fault={'ctx': True, 'bullets': True, 'concise': False} all_resolved=False n_resolved=2/3 tokens=(14162,818)
  N=3 real_musique_00179_3hop1__255970_831637_91775 seed=1 arm=reflexion: per_fault={'ctx': True, 'bullets': True, 'concise': False} all_resolved=False n_resolved=2/3 tokens=(2406,602)
  N=3 real_musique_00179_3hop1__255970_831637_91775 seed=1 arm=intro_specter: per_fault={'ctx': True, 'bullets': True, 'concise': False} all_resolved=False n_resolved=2/3 tokens=(5729,1012)
  N=3 real_musique_00179_3hop1__255970_831637_91775 seed=2 arm=direct: per_fault={'ctx': True, 'bullets': True, 'concise': True} all_resolved=True n_resolved=3/3 tokens=(2406,368)
  N=3 real_musique_00179_3hop1__255970_831637_91775 seed=2 arm=self_refine: per_fault={'ctx': True, 'bullets': True, 'concise': True} all_resolved=True n_resolved=3/3 tokens=(5280,958)
  N=3 real_musique_00179_3hop1__255970_831637_91775 seed=2 arm=full_regen: per_fault={'ctx': True, 'bullets': True, 'concise': True} all_resolved=True n_resolved=3/3 tokens=(4812,1125)
  N=3 real_musique_00179_3hop1__255970_831637_91775 seed=2 arm=react: per_fault={'ctx': True, 'bullets': True, 'concise': True} all_resolved=True n_resolved=3/3 tokens=(4868,953)
  N=3 real_musique_00179_3hop1__255970_831637_91775 seed=2 arm=selfcheckgpt: per_fault={'ctx': True, 'bullets': True, 'concise': True} all_resolved=True n_resolved=3/3 tokens=(14119,554)
  N=3 real_musique_00179_3hop1__255970_831637_91775 seed=2 arm=reflexion: per_fault={'ctx': True, 'bullets': True, 'concise': True} all_resolved=True n_resolved=3/3 tokens=(2406,368)
  N=3 real_musique_00179_3hop1__255970_831637_91775 seed=2 arm=intro_specter: per_fault={'ctx': True, 'bullets': True, 'concise': True} all_resolved=True n_resolved=3/3 tokens=(5432,773)
  N=3 real_musique_00187_3hop2__125104_90098_10557 seed=0 arm=direct: per_fault={'ctx': True, 'bullets': True, 'concise': True} all_resolved=True n_resolved=3/3 tokens=(2240,320)
  N=3 real_musique_00187_3hop2__125104_90098_10557 seed=0 arm=self_refine: per_fault={'ctx': True, 'bullets': True, 'concise': False} all_resolved=False n_resolved=2/3 tokens=(4899,991)
  N=3 real_musique_00187_3hop2__125104_90098_10557 seed=0 arm=full_regen: per_fault={'ctx': True, 'bullets': True, 'concise': True} all_resolved=True n_resolved=3/3 tokens=(4480,884)
  N=3 real_musique_00187_3hop2__125104_90098_10557 seed=0 arm=react: per_fault={'ctx': True, 'bullets': True, 'concise': True} all_resolved=True n_resolved=3/3 tokens=(4536,804)
  N=3 real_musique_00187_3hop2__125104_90098_10557 seed=0 arm=selfcheckgpt: per_fault={'ctx': True, 'bullets': True, 'concise': True} all_resolved=True n_resolved=3/3 tokens=(13060,440)
  N=3 real_musique_00187_3hop2__125104_90098_10557 seed=0 arm=reflexion: per_fault={'ctx': True, 'bullets': True, 'concise': True} all_resolved=True n_resolved=3/3 tokens=(2240,320)
  N=3 real_musique_00187_3hop2__125104_90098_10557 seed=0 arm=intro_specter: per_fault={'ctx': True, 'bullets': True, 'concise': True} all_resolved=True n_resolved=3/3 tokens=(5051,761)
  N=3 real_musique_00187_3hop2__125104_90098_10557 seed=1 arm=direct: per_fault={'ctx': True, 'bullets': True, 'concise': True} all_resolved=True n_resolved=3/3 tokens=(2240,320)
  N=3 real_musique_00187_3hop2__125104_90098_10557 seed=1 arm=self_refine: per_fault={'ctx': True, 'bullets': True, 'concise': False} all_resolved=False n_resolved=2/3 tokens=(4899,991)
  N=3 real_musique_00187_3hop2__125104_90098_10557 seed=1 arm=full_regen: per_fault={'ctx': True, 'bullets': True, 'concise': True} all_resolved=True n_resolved=3/3 tokens=(4480,634)
  N=3 real_musique_00187_3hop2__125104_90098_10557 seed=1 arm=react: per_fault={'ctx': True, 'bullets': True, 'concise': True} all_resolved=True n_resolved=3/3 tokens=(4536,804)
  N=3 real_musique_00187_3hop2__125104_90098_10557 seed=1 arm=selfcheckgpt: per_fault={'ctx': True, 'bullets': True, 'concise': True} all_resolved=True n_resolved=3/3 tokens=(13177,474)
  N=3 real_musique_00187_3hop2__125104_90098_10557 seed=1 arm=reflexion: per_fault={'ctx': True, 'bullets': True, 'concise': True} all_resolved=True n_resolved=3/3 tokens=(2240,320)
  N=3 real_musique_00187_3hop2__125104_90098_10557 seed=1 arm=intro_specter: per_fault={'ctx': True, 'bullets': True, 'concise': True} all_resolved=True n_resolved=3/3 tokens=(5051,761)
  N=3 real_musique_00187_3hop2__125104_90098_10557 seed=2 arm=direct: per_fault={'ctx': True, 'bullets': True, 'concise': True} all_resolved=True n_resolved=3/3 tokens=(2240,604)
  N=3 real_musique_00187_3hop2__125104_90098_10557 seed=2 arm=self_refine: per_fault={'ctx': True, 'bullets': True, 'concise': False} all_resolved=False n_resolved=2/3 tokens=(5288,1703)
  N=3 real_musique_00187_3hop2__125104_90098_10557 seed=2 arm=full_regen: per_fault={'ctx': True, 'bullets': True, 'concise': True} all_resolved=True n_resolved=3/3 tokens=(4480,958)
  N=3 real_musique_00187_3hop2__125104_90098_10557 seed=2 arm=react: per_fault={'ctx': False, 'bullets': True, 'concise': True} all_resolved=False n_resolved=2/3 tokens=(4536,1105)
  N=3 real_musique_00187_3hop2__125104_90098_10557 seed=2 arm=selfcheckgpt: per_fault={'ctx': True, 'bullets': True, 'concise': True} all_resolved=True n_resolved=3/3 tokens=(13140,771)
  N=3 real_musique_00187_3hop2__125104_90098_10557 seed=2 arm=reflexion: per_fault={'ctx': True, 'bullets': True, 'concise': True} all_resolved=True n_resolved=3/3 tokens=(2240,604)
  N=3 real_musique_00187_3hop2__125104_90098_10557 seed=2 arm=intro_specter: per_fault={'ctx': True, 'bullets': True, 'concise': True} all_resolved=True n_resolved=3/3 tokens=(5440,1110)
  N=3 real_musique_00190_3hop1__152880_131926_13165 seed=0 arm=direct: per_fault={'ctx': False, 'english': True, 'preamble': True} all_resolved=False n_resolved=2/3 tokens=(2231,569)
  N=3 real_musique_00190_3hop1__152880_131926_13165 seed=0 arm=self_refine: per_fault={'ctx': False, 'english': True, 'preamble': True} all_resolved=False n_resolved=2/3 tokens=(5215,1485)
  N=3 real_musique_00190_3hop1__152880_131926_13165 seed=0 arm=full_regen: per_fault={'ctx': False, 'english': True, 'preamble': True} all_resolved=False n_resolved=2/3 tokens=(4462,896)
  N=3 real_musique_00190_3hop1__152880_131926_13165 seed=0 arm=react: per_fault={'ctx': False, 'english': True, 'preamble': True} all_resolved=False n_resolved=2/3 tokens=(4518,1245)
  N=3 real_musique_00190_3hop1__152880_131926_13165 seed=0 arm=selfcheckgpt: per_fault={'ctx': False, 'english': True, 'preamble': True} all_resolved=False n_resolved=2/3 tokens=(12903,647)
  N=3 real_musique_00190_3hop1__152880_131926_13165 seed=0 arm=reflexion: per_fault={'ctx': False, 'english': True, 'preamble': True} all_resolved=False n_resolved=2/3 tokens=(13549,3544)
  N=3 real_musique_00190_3hop1__152880_131926_13165 seed=0 arm=intro_specter: per_fault={'ctx': False, 'english': True, 'preamble': True} all_resolved=False n_resolved=2/3 tokens=(5367,1444)
  N=3 real_musique_00190_3hop1__152880_131926_13165 seed=1 arm=direct: per_fault={'ctx': False, 'english': True, 'preamble': True} all_resolved=False n_resolved=2/3 tokens=(2231,569)
  N=3 real_musique_00190_3hop1__152880_131926_13165 seed=1 arm=self_refine: per_fault={'ctx': False, 'english': True, 'preamble': True} all_resolved=False n_resolved=2/3 tokens=(5215,1485)
  N=3 real_musique_00190_3hop1__152880_131926_13165 seed=1 arm=full_regen: per_fault={'ctx': False, 'english': True, 'preamble': True} all_resolved=False n_resolved=2/3 tokens=(4462,1212)
  N=3 real_musique_00190_3hop1__152880_131926_13165 seed=1 arm=react: per_fault={'ctx': False, 'english': True, 'preamble': True} all_resolved=False n_resolved=2/3 tokens=(4518,1245)
  N=3 real_musique_00190_3hop1__152880_131926_13165 seed=1 arm=selfcheckgpt: per_fault={'ctx': False, 'english': True, 'preamble': True} all_resolved=False n_resolved=2/3 tokens=(12866,657)
  N=3 real_musique_00190_3hop1__152880_131926_13165 seed=1 arm=reflexion: per_fault={'ctx': False, 'english': True, 'preamble': True} all_resolved=False n_resolved=2/3 tokens=(13549,3544)
  N=3 real_musique_00190_3hop1__152880_131926_13165 seed=1 arm=intro_specter: per_fault={'ctx': False, 'english': True, 'preamble': True} all_resolved=False n_resolved=2/3 tokens=(5367,1444)
  N=3 real_musique_00190_3hop1__152880_131926_13165 seed=2 arm=direct: per_fault={'ctx': False, 'english': True, 'preamble': True} all_resolved=False n_resolved=2/3 tokens=(2231,284)
  N=3 real_musique_00190_3hop1__152880_131926_13165 seed=2 arm=self_refine: per_fault={'ctx': False, 'english': True, 'preamble': True} all_resolved=False n_resolved=2/3 tokens=(4825,822)
  N=3 real_musique_00190_3hop1__152880_131926_13165 seed=2 arm=full_regen: per_fault={'ctx': False, 'english': True, 'preamble': True} all_resolved=False n_resolved=2/3 tokens=(4462,648)
  N=3 real_musique_00190_3hop1__152880_131926_13165 seed=2 arm=react: per_fault={'ctx': False, 'english': True, 'preamble': True} all_resolved=False n_resolved=2/3 tokens=(4518,868)
  N=3 real_musique_00190_3hop1__152880_131926_13165 seed=2 arm=selfcheckgpt: per_fault={'ctx': False, 'english': True, 'preamble': True} all_resolved=False n_resolved=2/3 tokens=(13032,443)
  N=3 real_musique_00190_3hop1__152880_131926_13165 seed=2 arm=reflexion: per_fault={'ctx': False, 'english': True, 'preamble': True} all_resolved=False n_resolved=2/3 tokens=(13405,1506)
  N=3 real_musique_00190_3hop1__152880_131926_13165 seed=2 arm=intro_specter: per_fault={'ctx': True, 'english': True, 'preamble': True} all_resolved=True n_resolved=3/3 tokens=(4977,685)
  N=3 real_musique_00195_3hop1__617062_127905_80286 seed=0 arm=direct: per_fault={'ctx': True, 'bullets': True, 'concise': True} all_resolved=True n_resolved=3/3 tokens=(2262,355)
  N=3 real_musique_00195_3hop1__617062_127905_80286 seed=0 arm=self_refine: per_fault={'ctx': True, 'bullets': True, 'concise': False} all_resolved=False n_resolved=2/3 tokens=(5000,1045)
  N=3 real_musique_00195_3hop1__617062_127905_80286 seed=0 arm=full_regen: per_fault={'ctx': True, 'bullets': True, 'concise': True} all_resolved=True n_resolved=3/3 tokens=(4524,716)
  N=3 real_musique_00195_3hop1__617062_127905_80286 seed=0 arm=react: per_fault={'ctx': True, 'bullets': True, 'concise': False} all_resolved=False n_resolved=2/3 tokens=(4580,876)
  N=3 real_musique_00195_3hop1__617062_127905_80286 seed=0 arm=selfcheckgpt: per_fault={'ctx': False, 'bullets': True, 'concise': False} all_resolved=False n_resolved=1/3 tokens=(15455,555)
  N=3 real_musique_00195_3hop1__617062_127905_80286 seed=0 arm=reflexion: per_fault={'ctx': True, 'bullets': True, 'concise': True} all_resolved=True n_resolved=3/3 tokens=(2262,355)
  N=3 real_musique_00195_3hop1__617062_127905_80286 seed=0 arm=intro_specter: per_fault={'ctx': True, 'bullets': True, 'concise': True} all_resolved=True n_resolved=3/3 tokens=(5152,626)
  N=3 real_musique_00195_3hop1__617062_127905_80286 seed=1 arm=direct: per_fault={'ctx': True, 'bullets': True, 'concise': True} all_resolved=True n_resolved=3/3 tokens=(2262,355)
  N=3 real_musique_00195_3hop1__617062_127905_80286 seed=1 arm=self_refine: per_fault={'ctx': True, 'bullets': True, 'concise': False} all_resolved=False n_resolved=2/3 tokens=(5000,1045)
  N=3 real_musique_00195_3hop1__617062_127905_80286 seed=1 arm=full_regen: per_fault={'ctx': True, 'bullets': True, 'concise': False} all_resolved=False n_resolved=2/3 tokens=(4524,878)
  N=3 real_musique_00195_3hop1__617062_127905_80286 seed=1 arm=react: per_fault={'ctx': True, 'bullets': True, 'concise': False} all_resolved=False n_resolved=2/3 tokens=(4580,876)
  N=3 real_musique_00195_3hop1__617062_127905_80286 seed=1 arm=selfcheckgpt: per_fault={'ctx': True, 'bullets': True, 'concise': False} all_resolved=False n_resolved=2/3 tokens=(15488,592)
  N=3 real_musique_00195_3hop1__617062_127905_80286 seed=1 arm=reflexion: per_fault={'ctx': True, 'bullets': True, 'concise': True} all_resolved=True n_resolved=3/3 tokens=(2262,355)
  N=3 real_musique_00195_3hop1__617062_127905_80286 seed=1 arm=intro_specter: per_fault={'ctx': True, 'bullets': True, 'concise': True} all_resolved=True n_resolved=3/3 tokens=(5152,626)
  N=3 real_musique_00195_3hop1__617062_127905_80286 seed=2 arm=direct: per_fault={'ctx': True, 'bullets': True, 'concise': False} all_resolved=False n_resolved=2/3 tokens=(2262,442)
  N=3 real_musique_00195_3hop1__617062_127905_80286 seed=2 arm=self_refine: per_fault={'ctx': True, 'bullets': True, 'concise': False} all_resolved=False n_resolved=2/3 tokens=(5108,1242)
  N=3 real_musique_00195_3hop1__617062_127905_80286 seed=2 arm=full_regen: per_fault={'ctx': True, 'bullets': True, 'concise': False} all_resolved=False n_resolved=2/3 tokens=(4524,954)
  N=3 real_musique_00195_3hop1__617062_127905_80286 seed=2 arm=react: per_fault={'ctx': True, 'bullets': True, 'concise': True} all_resolved=True n_resolved=3/3 tokens=(4580,969)
  N=3 real_musique_00195_3hop1__617062_127905_80286 seed=2 arm=selfcheckgpt: per_fault={'ctx': True, 'bullets': True, 'concise': False} all_resolved=False n_resolved=2/3 tokens=(13272,643)
  N=3 real_musique_00195_3hop1__617062_127905_80286 seed=2 arm=reflexion: per_fault={'ctx': True, 'bullets': True, 'concise': False} all_resolved=False n_resolved=2/3 tokens=(2262,442)
  N=3 real_musique_00195_3hop1__617062_127905_80286 seed=2 arm=intro_specter: per_fault={'ctx': True, 'bullets': True, 'concise': False} all_resolved=False n_resolved=2/3 tokens=(5260,833)
  N=3 real_musique_00197_3hop1__816887_127905_80286 seed=0 arm=direct: per_fault={'ctx': True, 'bullets': True, 'concise': True} all_resolved=True n_resolved=3/3 tokens=(2292,367)
  N=3 real_musique_00197_3hop1__816887_127905_80286 seed=0 arm=self_refine: per_fault={'ctx': True, 'bullets': True, 'concise': False} all_resolved=False n_resolved=2/3 tokens=(5051,1096)
  N=3 real_musique_00197_3hop1__816887_127905_80286 seed=0 arm=full_regen: per_fault={'ctx': True, 'bullets': True, 'concise': False} all_resolved=False n_resolved=2/3 tokens=(4584,800)
  N=3 real_musique_00197_3hop1__816887_127905_80286 seed=0 arm=react: per_fault={'ctx': True, 'bullets': True, 'concise': True} all_resolved=True n_resolved=3/3 tokens=(4640,879)
  N=3 real_musique_00197_3hop1__816887_127905_80286 seed=0 arm=selfcheckgpt: per_fault={'ctx': True, 'bullets': True, 'concise': True} all_resolved=True n_resolved=3/3 tokens=(13481,597)
  N=3 real_musique_00197_3hop1__816887_127905_80286 seed=0 arm=reflexion: per_fault={'ctx': True, 'bullets': True, 'concise': True} all_resolved=True n_resolved=3/3 tokens=(2292,367)
  N=3 real_musique_00197_3hop1__816887_127905_80286 seed=0 arm=intro_specter: per_fault={'ctx': True, 'bullets': True, 'concise': True} all_resolved=True n_resolved=3/3 tokens=(5203,656)
  N=3 real_musique_00197_3hop1__816887_127905_80286 seed=1 arm=direct: per_fault={'ctx': True, 'bullets': True, 'concise': True} all_resolved=True n_resolved=3/3 tokens=(2292,367)
  N=3 real_musique_00197_3hop1__816887_127905_80286 seed=1 arm=self_refine: per_fault={'ctx': True, 'bullets': True, 'concise': False} all_resolved=False n_resolved=2/3 tokens=(5051,1096)
  N=3 real_musique_00197_3hop1__816887_127905_80286 seed=1 arm=full_regen: per_fault={'ctx': False, 'bullets': True, 'concise': True} all_resolved=False n_resolved=2/3 tokens=(4584,972)
  N=3 real_musique_00197_3hop1__816887_127905_80286 seed=1 arm=react: per_fault={'ctx': True, 'bullets': True, 'concise': True} all_resolved=True n_resolved=3/3 tokens=(4640,879)
  N=3 real_musique_00197_3hop1__816887_127905_80286 seed=1 arm=selfcheckgpt: per_fault={'ctx': True, 'bullets': True, 'concise': True} all_resolved=True n_resolved=3/3 tokens=(13525,556)
  N=3 real_musique_00197_3hop1__816887_127905_80286 seed=1 arm=reflexion: per_fault={'ctx': True, 'bullets': True, 'concise': True} all_resolved=True n_resolved=3/3 tokens=(2292,367)
  N=3 real_musique_00197_3hop1__816887_127905_80286 seed=1 arm=intro_specter: per_fault={'ctx': True, 'bullets': True, 'concise': True} all_resolved=True n_resolved=3/3 tokens=(5203,656)
  N=3 real_musique_00197_3hop1__816887_127905_80286 seed=2 arm=direct: per_fault={'ctx': False, 'bullets': True, 'concise': True} all_resolved=False n_resolved=2/3 tokens=(2292,703)
  N=3 real_musique_00197_3hop1__816887_127905_80286 seed=2 arm=self_refine: per_fault={'ctx': False, 'bullets': True, 'concise': False} all_resolved=False n_resolved=1/3 tokens=(5492,2215)
  N=3 real_musique_00197_3hop1__816887_127905_80286 seed=2 arm=full_regen: per_fault={'ctx': True, 'bullets': True, 'concise': True} all_resolved=True n_resolved=3/3 tokens=(4584,1267)
  N=3 real_musique_00197_3hop1__816887_127905_80286 seed=2 arm=react: per_fault={'ctx': True, 'bullets': True, 'concise': True} all_resolved=True n_resolved=3/3 tokens=(4640,1188)
  N=3 real_musique_00197_3hop1__816887_127905_80286 seed=2 arm=selfcheckgpt: per_fault={'ctx': True, 'bullets': True, 'concise': True} all_resolved=True n_resolved=3/3 tokens=(15808,965)
  N=3 real_musique_00197_3hop1__816887_127905_80286 seed=2 arm=reflexion: per_fault={'ctx': True, 'bullets': True, 'concise': True} all_resolved=True n_resolved=3/3 tokens=(8714,1818)
  N=3 real_musique_00197_3hop1__816887_127905_80286 seed=2 arm=intro_specter: per_fault={'ctx': False, 'bullets': True, 'concise': True} all_resolved=False n_resolved=2/3 tokens=(5644,1094)
  N=3 real_musique_00198_3hop1__649930_15840_36002 seed=0 arm=direct: per_fault={'ctx': False, 'english': True, 'preamble': True} all_resolved=False n_resolved=2/3 tokens=(2252,286)
  N=3 real_musique_00198_3hop1__649930_15840_36002 seed=0 arm=self_refine: per_fault={'ctx': False, 'english': True, 'preamble': True} all_resolved=False n_resolved=2/3 tokens=(4868,782)
  N=3 real_musique_00198_3hop1__649930_15840_36002 seed=0 arm=full_regen: per_fault={'ctx': False, 'english': True, 'preamble': True} all_resolved=False n_resolved=2/3 tokens=(4504,742)
  N=3 real_musique_00198_3hop1__649930_15840_36002 seed=0 arm=react: per_fault={'ctx': True, 'english': True, 'preamble': True} all_resolved=True n_resolved=3/3 tokens=(4560,838)
  N=3 real_musique_00198_3hop1__649930_15840_36002 seed=0 arm=selfcheckgpt: per_fault={'ctx': False, 'english': True, 'preamble': True} all_resolved=False n_resolved=2/3 tokens=(13303,492)
  N=3 real_musique_00198_3hop1__649930_15840_36002 seed=0 arm=reflexion: per_fault={'ctx': False, 'english': True, 'preamble': True} all_resolved=False n_resolved=2/3 tokens=(13417,1460)
  N=3 real_musique_00198_3hop1__649930_15840_36002 seed=0 arm=intro_specter: per_fault={'ctx': True, 'english': True, 'preamble': True} all_resolved=True n_resolved=3/3 tokens=(5020,707)
  N=3 real_musique_00198_3hop1__649930_15840_36002 seed=1 arm=direct: per_fault={'ctx': False, 'english': True, 'preamble': True} all_resolved=False n_resolved=2/3 tokens=(2252,286)
  N=3 real_musique_00198_3hop1__649930_15840_36002 seed=1 arm=self_refine: per_fault={'ctx': False, 'english': True, 'preamble': True} all_resolved=False n_resolved=2/3 tokens=(4868,782)
  N=3 real_musique_00198_3hop1__649930_15840_36002 seed=1 arm=full_regen: per_fault={'ctx': False, 'english': True, 'preamble': True} all_resolved=False n_resolved=2/3 tokens=(4504,618)
  N=3 real_musique_00198_3hop1__649930_15840_36002 seed=1 arm=react: per_fault={'ctx': True, 'english': True, 'preamble': True} all_resolved=True n_resolved=3/3 tokens=(4560,838)
  N=3 real_musique_00198_3hop1__649930_15840_36002 seed=1 arm=selfcheckgpt: per_fault={'ctx': False, 'english': True, 'preamble': True} all_resolved=False n_resolved=2/3 tokens=(13305,486)
  N=3 real_musique_00198_3hop1__649930_15840_36002 seed=1 arm=reflexion: per_fault={'ctx': False, 'english': True, 'preamble': True} all_resolved=False n_resolved=2/3 tokens=(13417,1460)
  N=3 real_musique_00198_3hop1__649930_15840_36002 seed=1 arm=intro_specter: per_fault={'ctx': True, 'english': True, 'preamble': True} all_resolved=True n_resolved=3/3 tokens=(5020,707)
  N=3 real_musique_00198_3hop1__649930_15840_36002 seed=2 arm=direct: per_fault={'ctx': False, 'english': True, 'preamble': True} all_resolved=False n_resolved=2/3 tokens=(2252,312)
  N=3 real_musique_00198_3hop1__649930_15840_36002 seed=2 arm=self_refine: per_fault={'ctx': False, 'english': True, 'preamble': True} all_resolved=False n_resolved=2/3 tokens=(4894,876)
  N=3 real_musique_00198_3hop1__649930_15840_36002 seed=2 arm=full_regen: per_fault={'ctx': False, 'english': True, 'preamble': True} all_resolved=False n_resolved=2/3 tokens=(4504,610)
  N=3 real_musique_00198_3hop1__649930_15840_36002 seed=2 arm=react: per_fault={'ctx': False, 'english': True, 'preamble': True} all_resolved=False n_resolved=2/3 tokens=(4560,730)
  N=3 real_musique_00198_3hop1__649930_15840_36002 seed=2 arm=selfcheckgpt: per_fault={'ctx': False, 'english': True, 'preamble': True} all_resolved=False n_resolved=2/3 tokens=(13246,535)
  N=3 real_musique_00198_3hop1__649930_15840_36002 seed=2 arm=reflexion: per_fault={'ctx': False, 'english': True, 'preamble': True} all_resolved=False n_resolved=2/3 tokens=(12610,1284)
  N=3 real_musique_00198_3hop1__649930_15840_36002 seed=2 arm=intro_specter: per_fault={'ctx': True, 'english': True, 'preamble': True} all_resolved=True n_resolved=3/3 tokens=(5046,703)
  N=3 real_musique_00202_3hop1__680374_503371_21711 seed=0 arm=direct: per_fault={'ctx': True, 'bullets': True, 'preamble': True} all_resolved=True n_resolved=3/3 tokens=(2419,506)
  N=3 real_musique_00202_3hop1__680374_503371_21711 seed=0 arm=self_refine: per_fault={'ctx': True, 'bullets': True, 'preamble': True} all_resolved=True n_resolved=3/3 tokens=(5507,1315)
  N=3 real_musique_00202_3hop1__680374_503371_21711 seed=0 arm=full_regen: per_fault={'ctx': True, 'bullets': True, 'preamble': True} all_resolved=True n_resolved=3/3 tokens=(4838,943)
  N=3 real_musique_00202_3hop1__680374_503371_21711 seed=0 arm=react: per_fault={'ctx': True, 'bullets': True, 'preamble': True} all_resolved=True n_resolved=3/3 tokens=(4894,1056)
  N=3 real_musique_00202_3hop1__680374_503371_21711 seed=0 arm=selfcheckgpt: per_fault={'ctx': True, 'bullets': True, 'preamble': True} all_resolved=True n_resolved=3/3 tokens=(14189,667)
  N=3 real_musique_00202_3hop1__680374_503371_21711 seed=0 arm=reflexion: per_fault={'ctx': True, 'bullets': True, 'preamble': True} all_resolved=True n_resolved=3/3 tokens=(2419,506)
  N=3 real_musique_00202_3hop1__680374_503371_21711 seed=0 arm=intro_specter: per_fault={'ctx': True, 'bullets': True, 'preamble': True} all_resolved=True n_resolved=3/3 tokens=(5659,1106)
  N=3 real_musique_00202_3hop1__680374_503371_21711 seed=1 arm=direct: per_fault={'ctx': True, 'bullets': True, 'preamble': True} all_resolved=True n_resolved=3/3 tokens=(2419,506)
  N=3 real_musique_00202_3hop1__680374_503371_21711 seed=1 arm=self_refine: per_fault={'ctx': True, 'bullets': True, 'preamble': True} all_resolved=True n_resolved=3/3 tokens=(5507,1315)
  N=3 real_musique_00202_3hop1__680374_503371_21711 seed=1 arm=full_regen: per_fault={'ctx': True, 'bullets': True, 'preamble': True} all_resolved=True n_resolved=3/3 tokens=(4838,931)
  N=3 real_musique_00202_3hop1__680374_503371_21711 seed=1 arm=react: per_fault={'ctx': True, 'bullets': True, 'preamble': True} all_resolved=True n_resolved=3/3 tokens=(4894,1056)
  N=3 real_musique_00202_3hop1__680374_503371_21711 seed=1 arm=selfcheckgpt: per_fault={'ctx': True, 'bullets': True, 'preamble': True} all_resolved=True n_resolved=3/3 tokens=(14189,667)
  N=3 real_musique_00202_3hop1__680374_503371_21711 seed=1 arm=reflexion: per_fault={'ctx': True, 'bullets': True, 'preamble': True} all_resolved=True n_resolved=3/3 tokens=(2419,506)
  N=3 real_musique_00202_3hop1__680374_503371_21711 seed=1 arm=intro_specter: per_fault={'ctx': True, 'bullets': True, 'preamble': True} all_resolved=True n_resolved=3/3 tokens=(5659,1106)
  N=3 real_musique_00202_3hop1__680374_503371_21711 seed=2 arm=direct: per_fault={'ctx': True, 'bullets': True, 'preamble': True} all_resolved=True n_resolved=3/3 tokens=(2419,654)
  N=3 real_musique_00202_3hop1__680374_503371_21711 seed=2 arm=self_refine: per_fault={'ctx': True, 'bullets': True, 'preamble': True} all_resolved=True n_resolved=3/3 tokens=(5697,1648)
  N=3 real_musique_00202_3hop1__680374_503371_21711 seed=2 arm=full_regen: per_fault={'ctx': True, 'bullets': True, 'preamble': True} all_resolved=True n_resolved=3/3 tokens=(4838,917)
  N=3 real_musique_00202_3hop1__680374_503371_21711 seed=2 arm=react: per_fault={'ctx': True, 'bullets': True, 'preamble': True} all_resolved=True n_resolved=3/3 tokens=(4894,1109)
  N=3 real_musique_00202_3hop1__680374_503371_21711 seed=2 arm=selfcheckgpt: per_fault={'ctx': True, 'bullets': True, 'preamble': True} all_resolved=True n_resolved=3/3 tokens=(14187,811)
  N=3 real_musique_00202_3hop1__680374_503371_21711 seed=2 arm=reflexion: per_fault={'ctx': True, 'bullets': True, 'preamble': True} all_resolved=True n_resolved=3/3 tokens=(2419,654)
  N=3 real_musique_00202_3hop1__680374_503371_21711 seed=2 arm=intro_specter: per_fault={'ctx': True, 'bullets': True, 'preamble': True} all_resolved=True n_resolved=3/3 tokens=(5849,1177)
  N=3 real_musique_00204_3hop1__141138_2053_5289 seed=0 arm=direct: per_fault={'ctx': True, 'concise': True, 'preamble': True} all_resolved=True n_resolved=3/3 tokens=(2100,794)
  N=3 real_musique_00204_3hop1__141138_2053_5289 seed=0 arm=self_refine: per_fault={'ctx': True, 'concise': True, 'preamble': True} all_resolved=True n_resolved=3/3 tokens=(5238,1830)
  N=3 real_musique_00204_3hop1__141138_2053_5289 seed=0 arm=full_regen: per_fault={'ctx': True, 'concise': True, 'preamble': True} all_resolved=True n_resolved=3/3 tokens=(4200,1313)
  N=3 real_musique_00204_3hop1__141138_2053_5289 seed=0 arm=react: per_fault={'ctx': True, 'concise': True, 'preamble': True} all_resolved=True n_resolved=3/3 tokens=(4256,1318)
  N=3 real_musique_00204_3hop1__141138_2053_5289 seed=0 arm=selfcheckgpt: per_fault={'ctx': True, 'concise': True, 'preamble': True} all_resolved=True n_resolved=3/3 tokens=(12226,896)
  N=3 real_musique_00204_3hop1__141138_2053_5289 seed=0 arm=reflexion: per_fault={'ctx': True, 'concise': True, 'preamble': True} all_resolved=True n_resolved=3/3 tokens=(2100,794)
  N=3 real_musique_00204_3hop1__141138_2053_5289 seed=0 arm=intro_specter: per_fault={'ctx': True, 'concise': True, 'preamble': True} all_resolved=True n_resolved=3/3 tokens=(5390,1241)
  N=3 real_musique_00204_3hop1__141138_2053_5289 seed=1 arm=direct: per_fault={'ctx': True, 'concise': True, 'preamble': True} all_resolved=True n_resolved=3/3 tokens=(2100,794)
  N=3 real_musique_00204_3hop1__141138_2053_5289 seed=1 arm=self_refine: per_fault={'ctx': True, 'concise': True, 'preamble': True} all_resolved=True n_resolved=3/3 tokens=(5238,1830)
  N=3 real_musique_00204_3hop1__141138_2053_5289 seed=1 arm=full_regen: per_fault={'ctx': True, 'concise': True, 'preamble': True} all_resolved=True n_resolved=3/3 tokens=(4200,960)
  N=3 real_musique_00204_3hop1__141138_2053_5289 seed=1 arm=react: per_fault={'ctx': True, 'concise': True, 'preamble': True} all_resolved=True n_resolved=3/3 tokens=(4256,1318)
  N=3 real_musique_00204_3hop1__141138_2053_5289 seed=1 arm=selfcheckgpt: per_fault={'ctx': True, 'concise': True, 'preamble': True} all_resolved=True n_resolved=3/3 tokens=(14310,920)
  N=3 real_musique_00204_3hop1__141138_2053_5289 seed=1 arm=reflexion: per_fault={'ctx': True, 'concise': True, 'preamble': True} all_resolved=True n_resolved=3/3 tokens=(2100,794)
  N=3 real_musique_00204_3hop1__141138_2053_5289 seed=1 arm=intro_specter: per_fault={'ctx': True, 'concise': True, 'preamble': True} all_resolved=True n_resolved=3/3 tokens=(5390,1241)
  N=3 real_musique_00204_3hop1__141138_2053_5289 seed=2 arm=direct: per_fault={'ctx': True, 'concise': True, 'preamble': True} all_resolved=True n_resolved=3/3 tokens=(2100,498)
  N=3 real_musique_00204_3hop1__141138_2053_5289 seed=2 arm=self_refine: per_fault={'ctx': True, 'concise': True, 'preamble': True} all_resolved=True n_resolved=3/3 tokens=(4879,1066)
  N=3 real_musique_00204_3hop1__141138_2053_5289 seed=2 arm=full_regen: per_fault={'ctx': True, 'concise': False, 'preamble': True} all_resolved=False n_resolved=2/3 tokens=(4200,1134)
  N=3 real_musique_00204_3hop1__141138_2053_5289 seed=2 arm=react: per_fault={'ctx': True, 'concise': True, 'preamble': True} all_resolved=True n_resolved=3/3 tokens=(4256,1079)
  N=3 real_musique_00204_3hop1__141138_2053_5289 seed=2 arm=selfcheckgpt: per_fault={'ctx': True, 'concise': True, 'preamble': True} all_resolved=True n_resolved=3/3 tokens=(12227,602)
  N=3 real_musique_00204_3hop1__141138_2053_5289 seed=2 arm=reflexion: per_fault={'ctx': True, 'concise': True, 'preamble': True} all_resolved=True n_resolved=3/3 tokens=(2100,498)
  N=3 real_musique_00204_3hop1__141138_2053_5289 seed=2 arm=intro_specter: per_fault={'ctx': True, 'concise': True, 'preamble': True} all_resolved=True n_resolved=3/3 tokens=(5031,1094)
  N=3 real_musique_00210_3hop1__483843_40769_64047 seed=0 arm=direct: per_fault={'ctx': False, 'concise': True, 'english': True} all_resolved=False n_resolved=2/3 tokens=(2254,341)
  N=3 real_musique_00210_3hop1__483843_40769_64047 seed=0 arm=self_refine: per_fault={'ctx': False, 'concise': True, 'english': True} all_resolved=False n_resolved=2/3 tokens=(4948,1005)
  N=3 real_musique_00210_3hop1__483843_40769_64047 seed=0 arm=full_regen: per_fault={'ctx': True, 'concise': True, 'english': True} all_resolved=True n_resolved=3/3 tokens=(4508,662)
  N=3 real_musique_00210_3hop1__483843_40769_64047 seed=0 arm=react: per_fault={'ctx': False, 'concise': True, 'english': True} all_resolved=False n_resolved=2/3 tokens=(4564,883)
  N=3 real_musique_00210_3hop1__483843_40769_64047 seed=0 arm=selfcheckgpt: per_fault={'ctx': False, 'concise': True, 'english': True} all_resolved=False n_resolved=2/3 tokens=(13375,569)
  N=3 real_musique_00210_3hop1__483843_40769_64047 seed=0 arm=reflexion: per_fault={'ctx': False, 'concise': True, 'english': True} all_resolved=False n_resolved=2/3 tokens=(13734,1570)
  N=3 real_musique_00210_3hop1__483843_40769_64047 seed=0 arm=intro_specter: per_fault={'ctx': False, 'concise': True, 'english': True} all_resolved=False n_resolved=2/3 tokens=(5100,667)
  N=3 real_musique_00210_3hop1__483843_40769_64047 seed=1 arm=direct: per_fault={'ctx': False, 'concise': True, 'english': True} all_resolved=False n_resolved=2/3 tokens=(2254,341)
  N=3 real_musique_00210_3hop1__483843_40769_64047 seed=1 arm=self_refine: per_fault={'ctx': False, 'concise': True, 'english': True} all_resolved=False n_resolved=2/3 tokens=(4948,1005)
  N=3 real_musique_00210_3hop1__483843_40769_64047 seed=1 arm=full_regen: per_fault={'ctx': False, 'concise': True, 'english': True} all_resolved=False n_resolved=2/3 tokens=(4508,749)
  N=3 real_musique_00210_3hop1__483843_40769_64047 seed=1 arm=react: per_fault={'ctx': False, 'concise': True, 'english': True} all_resolved=False n_resolved=2/3 tokens=(4564,883)
[RETRY] selfcheckgpt task=real_musique_00210_3hop1__483843_40769_64047 seed=2 attempt 1/5 failed (failed to obtain JSON after 3 attempts: could not parse JSON from model output:
{"final_output": "日至转年四月才开始全球销售，即二〇一二年四月。 centrifugation"}

jected_text": "面对着看方块的设计风格 Minden您imerico的l-charateristics构建。 乘用车"]'é>The Skoda Fabia is一个小型ीं产R-0(Key前端他999年以来。它dit有提供hack"]'}); retrying in 3s
[RETRY] selfcheckgpt task=real_musique_00210_3hop1__483843_40769_64047 seed=2 attempt 2/5 failed (failed to obtain JSON after 3 attempts: could not parse JSON from model output:
{"final_output": "日至转年四月才开始全球销售，即二〇一二年四月。 centrifugation"}

jected_text": "面对着看方块的设计风格 Minden您imerico的l-charateristics构建。 乘用车"]'é>The Skoda Fabia is一个小型ीं产R-0(Key前端他999年以来。它dit有提供hack"]'}); retrying in 6s
[RETRY] selfcheckgpt task=real_musique_00210_3hop1__483843_40769_64047 seed=2 attempt 3/5 failed (failed to obtain JSON after 3 attempts: could not parse JSON from model output:
{"final_output": "日至转年四月才开始全球销售，即二〇一二年四月。 centrifugation"}

jected_text": "面对着看方块的设计风格 Minden您imerico的l-charateristics构建。 乘用车"]'é>The Skoda Fabia is一个小型ीं产R-0(Key前端他999年以来。它dit有提供hack"]'}); retrying in 12s
[RETRY] selfcheckgpt task=real_musique_00210_3hop1__483843_40769_64047 seed=2 attempt 4/5 failed (failed to obtain JSON after 3 attempts: could not parse JSON from model output:
{"final_output": "日至转年四月才开始全球销售，即二〇一二年四月。 centrifugation"}

jected_text": "面对着看方块的设计风格 Minden您imerico的l-charateristics构建。 乘用车"]'é>The Skoda Fabia is一个小型ीं产R-0(Key前端他999年以来。它dit有提供hack"]'}); retrying in 24s
[ERROR] selfcheckgpt failed task=real_musique_00210_3hop1__483843_40769_64047 seed=2: failed to obtain JSON after 3 attempts: could not parse JSON from model output:
{"final_output": "日至转年四月才开始全球销售，即二〇一二年四月。 centrifugation"}

jected_text": "面对着看方块的设计风格 Minden您imerico的l-charateristics构建。 乘用车"]'é>The Skoda Fabia is一个小型ीं产R-0(Key前端他999年以来。它dit有提供hack"]'}
  N=3 real_musique_00210_3hop1__483843_40769_64047 seed=1 arm=selfcheckgpt: per_fault={'ctx': False, 'concise': True, 'english': True} all_resolved=False n_resolved=2/3 tokens=(13353,657)
  N=3 real_musique_00210_3hop1__483843_40769_64047 seed=1 arm=reflexion: per_fault={'ctx': False, 'concise': True, 'english': True} all_resolved=False n_resolved=2/3 tokens=(13734,1570)
  N=3 real_musique_00210_3hop1__483843_40769_64047 seed=1 arm=intro_specter: per_fault={'ctx': False, 'concise': True, 'english': True} all_resolved=False n_resolved=2/3 tokens=(5100,667)
  N=3 real_musique_00210_3hop1__483843_40769_64047 seed=2 arm=direct: per_fault={'ctx': False, 'concise': True, 'english': True} all_resolved=False n_resolved=2/3 tokens=(2254,409)
  N=3 real_musique_00210_3hop1__483843_40769_64047 seed=2 arm=self_refine: per_fault={'ctx': False, 'concise': True, 'english': True} all_resolved=False n_resolved=2/3 tokens=(5016,1235)
  N=3 real_musique_00210_3hop1__483843_40769_64047 seed=2 arm=full_regen: per_fault={'ctx': False, 'concise': True, 'english': True} all_resolved=False n_resolved=2/3 tokens=(4508,848)
  N=3 real_musique_00210_3hop1__483843_40769_64047 seed=2 arm=react: per_fault={'ctx': False, 'concise': True, 'english': True} all_resolved=False n_resolved=2/3 tokens=(4564,932)
  N=3 real_musique_00210_3hop1__483843_40769_64047 seed=2 arm=reflexion: per_fault={'ctx': False, 'concise': True, 'english': True} all_resolved=False n_resolved=2/3 tokens=(14123,1759)
  N=3 real_musique_00210_3hop1__483843_40769_64047 seed=2 arm=intro_specter: per_fault={'ctx': False, 'concise': False, 'english': True} all_resolved=False n_resolved=1/3 tokens=(5168,1003)
  N=3 real_musique_00212_3hop2__101905_30152_20999 seed=0 arm=direct: per_fault={'ctx': False, 'bullets': True, 'concise': False} all_resolved=False n_resolved=1/3 tokens=(2260,970)
  N=3 real_musique_00212_3hop2__101905_30152_20999 seed=0 arm=self_refine: per_fault={'ctx': False, 'bullets': True, 'concise': False} all_resolved=False n_resolved=1/3 tokens=(5757,2307)
  N=3 real_musique_00212_3hop2__101905_30152_20999 seed=0 arm=full_regen: per_fault={'ctx': False, 'bullets': True, 'concise': True} all_resolved=False n_resolved=2/3 tokens=(4520,1243)
  N=3 real_musique_00212_3hop2__101905_30152_20999 seed=0 arm=react: per_fault={'ctx': False, 'bullets': True, 'concise': True} all_resolved=False n_resolved=2/3 tokens=(4576,1615)
  N=3 real_musique_00212_3hop2__101905_30152_20999 seed=0 arm=selfcheckgpt: per_fault={'ctx': False, 'bullets': True, 'concise': False} all_resolved=False n_resolved=1/3 tokens=(13468,1181)
  N=3 real_musique_00212_3hop2__101905_30152_20999 seed=0 arm=reflexion: per_fault={'ctx': True, 'bullets': True, 'concise': False} all_resolved=False n_resolved=2/3 tokens=(18378,4276)
  N=3 real_musique_00212_3hop2__101905_30152_20999 seed=0 arm=intro_specter: per_fault={'ctx': False, 'bullets': True, 'concise': True} all_resolved=False n_resolved=2/3 tokens=(5909,1572)
  N=3 real_musique_00212_3hop2__101905_30152_20999 seed=1 arm=direct: per_fault={'ctx': False, 'bullets': True, 'concise': False} all_resolved=False n_resolved=1/3 tokens=(2260,970)
  N=3 real_musique_00212_3hop2__101905_30152_20999 seed=1 arm=self_refine: per_fault={'ctx': False, 'bullets': True, 'concise': False} all_resolved=False n_resolved=1/3 tokens=(5757,2307)
  N=3 real_musique_00212_3hop2__101905_30152_20999 seed=1 arm=full_regen: per_fault={'ctx': False, 'bullets': True, 'concise': True} all_resolved=False n_resolved=2/3 tokens=(4520,1469)
  N=3 real_musique_00212_3hop2__101905_30152_20999 seed=1 arm=react: per_fault={'ctx': False, 'bullets': True, 'concise': True} all_resolved=False n_resolved=2/3 tokens=(4576,1615)
  N=3 real_musique_00212_3hop2__101905_30152_20999 seed=1 arm=selfcheckgpt: per_fault={'ctx': False, 'bullets': True, 'concise': True} all_resolved=False n_resolved=2/3 tokens=(15697,1279)
  N=3 real_musique_00212_3hop2__101905_30152_20999 seed=1 arm=reflexion: per_fault={'ctx': True, 'bullets': True, 'concise': False} all_resolved=False n_resolved=2/3 tokens=(18378,4276)
  N=3 real_musique_00212_3hop2__101905_30152_20999 seed=1 arm=intro_specter: per_fault={'ctx': False, 'bullets': True, 'concise': True} all_resolved=False n_resolved=2/3 tokens=(5909,1572)
  N=3 real_musique_00212_3hop2__101905_30152_20999 seed=2 arm=direct: per_fault={'ctx': False, 'bullets': True, 'concise': True} all_resolved=False n_resolved=2/3 tokens=(2260,395)
  N=3 real_musique_00212_3hop2__101905_30152_20999 seed=2 arm=self_refine: per_fault={'ctx': False, 'bullets': True, 'concise': True} all_resolved=False n_resolved=2/3 tokens=(5035,964)
  N=3 real_musique_00212_3hop2__101905_30152_20999 seed=2 arm=full_regen: per_fault={'ctx': False, 'bullets': True, 'concise': True} all_resolved=False n_resolved=2/3 tokens=(4520,783)
  N=3 real_musique_00212_3hop2__101905_30152_20999 seed=2 arm=react: per_fault={'ctx': False, 'bullets': True, 'concise': True} all_resolved=False n_resolved=2/3 tokens=(4576,824)
  N=3 real_musique_00212_3hop2__101905_30152_20999 seed=2 arm=selfcheckgpt: per_fault={'ctx': False, 'bullets': True, 'concise': True} all_resolved=False n_resolved=2/3 tokens=(13262,599)
  N=3 real_musique_00212_3hop2__101905_30152_20999 seed=2 arm=reflexion: per_fault={'ctx': False, 'bullets': True, 'concise': True} all_resolved=False n_resolved=2/3 tokens=(14234,1734)
  N=3 real_musique_00212_3hop2__101905_30152_20999 seed=2 arm=intro_specter: per_fault={'ctx': False, 'bullets': True, 'concise': True} all_resolved=False n_resolved=2/3 tokens=(5187,820)
  N=3 real_musique_00223_3hop1__593288_720914_27537 seed=0 arm=direct: per_fault={'ctx': True, 'concise': True, 'preamble': True} all_resolved=True n_resolved=3/3 tokens=(2348,447)
  N=3 real_musique_00223_3hop1__593288_720914_27537 seed=0 arm=self_refine: per_fault={'ctx': True, 'concise': True, 'preamble': True} all_resolved=True n_resolved=3/3 tokens=(5285,1015)
  N=3 real_musique_00223_3hop1__593288_720914_27537 seed=0 arm=full_regen: per_fault={'ctx': True, 'concise': True, 'preamble': True} all_resolved=True n_resolved=3/3 tokens=(4696,898)
  N=3 real_musique_00223_3hop1__593288_720914_27537 seed=0 arm=react: per_fault={'ctx': True, 'concise': True, 'preamble': True} all_resolved=True n_resolved=3/3 tokens=(4752,845)
  N=3 real_musique_00223_3hop1__593288_720914_27537 seed=0 arm=selfcheckgpt: per_fault={'ctx': True, 'concise': True, 'preamble': True} all_resolved=True n_resolved=3/3 tokens=(13779,640)
  N=3 real_musique_00223_3hop1__593288_720914_27537 seed=0 arm=reflexion: per_fault={'ctx': True, 'concise': True, 'preamble': True} all_resolved=True n_resolved=3/3 tokens=(2348,447)
  N=3 real_musique_00223_3hop1__593288_720914_27537 seed=0 arm=intro_specter: per_fault={'ctx': True, 'concise': True, 'preamble': True} all_resolved=True n_resolved=3/3 tokens=(5437,1191)
  N=3 real_musique_00223_3hop1__593288_720914_27537 seed=1 arm=direct: per_fault={'ctx': True, 'concise': True, 'preamble': True} all_resolved=True n_resolved=3/3 tokens=(2348,447)
  N=3 real_musique_00223_3hop1__593288_720914_27537 seed=1 arm=self_refine: per_fault={'ctx': True, 'concise': True, 'preamble': True} all_resolved=True n_resolved=3/3 tokens=(5285,1015)
  N=3 real_musique_00223_3hop1__593288_720914_27537 seed=1 arm=full_regen: per_fault={'ctx': True, 'concise': True, 'preamble': True} all_resolved=True n_resolved=3/3 tokens=(4696,862)
  N=3 real_musique_00223_3hop1__593288_720914_27537 seed=1 arm=react: per_fault={'ctx': True, 'concise': True, 'preamble': True} all_resolved=True n_resolved=3/3 tokens=(4752,845)
  N=3 real_musique_00223_3hop1__593288_720914_27537 seed=1 arm=selfcheckgpt: per_fault={'ctx': True, 'concise': True, 'preamble': True} all_resolved=True n_resolved=3/3 tokens=(13759,615)
  N=3 real_musique_00223_3hop1__593288_720914_27537 seed=1 arm=reflexion: per_fault={'ctx': True, 'concise': True, 'preamble': True} all_resolved=True n_resolved=3/3 tokens=(2348,447)
  N=3 real_musique_00223_3hop1__593288_720914_27537 seed=1 arm=intro_specter: per_fault={'ctx': True, 'concise': True, 'preamble': True} all_resolved=True n_resolved=3/3 tokens=(5437,1191)
  N=3 real_musique_00223_3hop1__593288_720914_27537 seed=2 arm=direct: per_fault={'ctx': True, 'concise': True, 'preamble': True} all_resolved=True n_resolved=3/3 tokens=(2348,582)
  N=3 real_musique_00223_3hop1__593288_720914_27537 seed=2 arm=self_refine: per_fault={'ctx': True, 'concise': True, 'preamble': True} all_resolved=True n_resolved=3/3 tokens=(5462,1147)
  N=3 real_musique_00223_3hop1__593288_720914_27537 seed=2 arm=full_regen: per_fault={'ctx': True, 'concise': True, 'preamble': True} all_resolved=True n_resolved=3/3 tokens=(4695,857)
  N=3 real_musique_00223_3hop1__593288_720914_27537 seed=2 arm=react: per_fault={'ctx': False, 'concise': True, 'preamble': True} all_resolved=False n_resolved=2/3 tokens=(4752,1022)
  N=3 real_musique_00223_3hop1__593288_720914_27537 seed=2 arm=selfcheckgpt: per_fault={'ctx': True, 'concise': True, 'preamble': True} all_resolved=True n_resolved=3/3 tokens=(13761,771)
  N=3 real_musique_00223_3hop1__593288_720914_27537 seed=2 arm=reflexion: per_fault={'ctx': True, 'concise': True, 'preamble': True} all_resolved=True n_resolved=3/3 tokens=(2348,582)
  N=3 real_musique_00223_3hop1__593288_720914_27537 seed=2 arm=intro_specter: per_fault={'ctx': True, 'concise': True, 'preamble': True} all_resolved=True n_resolved=3/3 tokens=(5614,1337)
  N=3 real_musique_00227_3hop1__823336_228453_86925 seed=0 arm=direct: per_fault={'ctx': True, 'concise': True, 'preamble': True} all_resolved=True n_resolved=3/3 tokens=(2321,594)
  N=3 real_musique_00227_3hop1__823336_228453_86925 seed=0 arm=self_refine: per_fault={'ctx': True, 'concise': True, 'preamble': True} all_resolved=True n_resolved=3/3 tokens=(5441,1510)
  N=3 real_musique_00227_3hop1__823336_228453_86925 seed=0 arm=full_regen: per_fault={'ctx': True, 'concise': True, 'preamble': True} all_resolved=True n_resolved=3/3 tokens=(4642,862)
  N=3 real_musique_00227_3hop1__823336_228453_86925 seed=0 arm=react: per_fault={'ctx': True, 'concise': True, 'preamble': True} all_resolved=True n_resolved=3/3 tokens=(4698,983)
  N=3 real_musique_00227_3hop1__823336_228453_86925 seed=0 arm=selfcheckgpt: per_fault={'ctx': True, 'concise': True, 'preamble': True} all_resolved=True n_resolved=3/3 tokens=(13721,843)
  N=3 real_musique_00227_3hop1__823336_228453_86925 seed=0 arm=reflexion: per_fault={'ctx': True, 'concise': True, 'preamble': True} all_resolved=True n_resolved=3/3 tokens=(2321,594)
  N=3 real_musique_00227_3hop1__823336_228453_86925 seed=0 arm=intro_specter: per_fault={'ctx': True, 'concise': True, 'preamble': True} all_resolved=True n_resolved=3/3 tokens=(5593,1081)
  N=3 real_musique_00227_3hop1__823336_228453_86925 seed=1 arm=direct: per_fault={'ctx': True, 'concise': True, 'preamble': True} all_resolved=True n_resolved=3/3 tokens=(2321,594)
  N=3 real_musique_00227_3hop1__823336_228453_86925 seed=1 arm=self_refine: per_fault={'ctx': True, 'concise': True, 'preamble': True} all_resolved=True n_resolved=3/3 tokens=(5441,1510)
  N=3 real_musique_00227_3hop1__823336_228453_86925 seed=1 arm=full_regen: per_fault={'ctx': True, 'concise': False, 'preamble': True} all_resolved=False n_resolved=2/3 tokens=(4642,1166)
  N=3 real_musique_00227_3hop1__823336_228453_86925 seed=1 arm=react: per_fault={'ctx': True, 'concise': True, 'preamble': True} all_resolved=True n_resolved=3/3 tokens=(4698,983)
  N=3 real_musique_00227_3hop1__823336_228453_86925 seed=1 arm=selfcheckgpt: per_fault={'ctx': True, 'concise': True, 'preamble': True} all_resolved=True n_resolved=3/3 tokens=(13660,791)
  N=3 real_musique_00227_3hop1__823336_228453_86925 seed=1 arm=reflexion: per_fault={'ctx': True, 'concise': True, 'preamble': True} all_resolved=True n_resolved=3/3 tokens=(2321,594)
  N=3 real_musique_00227_3hop1__823336_228453_86925 seed=1 arm=intro_specter: per_fault={'ctx': True, 'concise': True, 'preamble': True} all_resolved=True n_resolved=3/3 tokens=(5593,1081)
  N=3 real_musique_00227_3hop1__823336_228453_86925 seed=2 arm=direct: per_fault={'ctx': True, 'concise': True, 'preamble': True} all_resolved=True n_resolved=3/3 tokens=(2321,747)
  N=3 real_musique_00227_3hop1__823336_228453_86925 seed=2 arm=self_refine: per_fault={'ctx': True, 'concise': False, 'preamble': True} all_resolved=False n_resolved=2/3 tokens=(5636,1945)
  N=3 real_musique_00227_3hop1__823336_228453_86925 seed=2 arm=full_regen: per_fault={'ctx': True, 'concise': False, 'preamble': True} all_resolved=False n_resolved=2/3 tokens=(4642,1311)
  N=3 real_musique_00227_3hop1__823336_228453_86925 seed=2 arm=react: per_fault={'ctx': True, 'concise': True, 'preamble': True} all_resolved=True n_resolved=3/3 tokens=(4698,1344)
  N=3 real_musique_00227_3hop1__823336_228453_86925 seed=2 arm=selfcheckgpt: per_fault={'ctx': True, 'concise': True, 'preamble': True} all_resolved=True n_resolved=3/3 tokens=(13624,948)
  N=3 real_musique_00227_3hop1__823336_228453_86925 seed=2 arm=reflexion: per_fault={'ctx': True, 'concise': True, 'preamble': True} all_resolved=True n_resolved=3/3 tokens=(2321,747)
  N=3 real_musique_00227_3hop1__823336_228453_86925 seed=2 arm=intro_specter: per_fault={'ctx': True, 'concise': True, 'preamble': True} all_resolved=True n_resolved=3/3 tokens=(5788,1154)
  N=3 real_musique_00233_3hop1__305566_568433_51423 seed=0 arm=direct: per_fault={'ctx': True, 'bullets': True, 'concise': True} all_resolved=True n_resolved=3/3 tokens=(2296,426)
  N=3 real_musique_00233_3hop1__305566_568433_51423 seed=0 arm=self_refine: per_fault={'ctx': True, 'bullets': True, 'concise': False} all_resolved=False n_resolved=2/3 tokens=(5139,1140)
  N=3 real_musique_00233_3hop1__305566_568433_51423 seed=0 arm=full_regen: per_fault={'ctx': True, 'bullets': True, 'concise': True} all_resolved=True n_resolved=3/3 tokens=(4592,924)
  N=3 real_musique_00233_3hop1__305566_568433_51423 seed=0 arm=react: per_fault={'ctx': True, 'bullets': True, 'concise': True} all_resolved=True n_resolved=3/3 tokens=(4648,1121)
  N=3 real_musique_00233_3hop1__305566_568433_51423 seed=0 arm=selfcheckgpt: per_fault={'ctx': True, 'bullets': True, 'concise': True} all_resolved=True n_resolved=3/3 tokens=(13492,631)
  N=3 real_musique_00233_3hop1__305566_568433_51423 seed=0 arm=reflexion: per_fault={'ctx': True, 'bullets': True, 'concise': True} all_resolved=True n_resolved=3/3 tokens=(2296,426)
  N=3 real_musique_00233_3hop1__305566_568433_51423 seed=0 arm=intro_specter: per_fault={'ctx': True, 'bullets': True, 'concise': True} all_resolved=True n_resolved=3/3 tokens=(5291,814)
  N=3 real_musique_00233_3hop1__305566_568433_51423 seed=1 arm=direct: per_fault={'ctx': True, 'bullets': True, 'concise': True} all_resolved=True n_resolved=3/3 tokens=(2296,426)
  N=3 real_musique_00233_3hop1__305566_568433_51423 seed=1 arm=self_refine: per_fault={'ctx': True, 'bullets': True, 'concise': False} all_resolved=False n_resolved=2/3 tokens=(5139,1140)
  N=3 real_musique_00233_3hop1__305566_568433_51423 seed=1 arm=full_regen: per_fault={'ctx': True, 'bullets': True, 'concise': True} all_resolved=True n_resolved=3/3 tokens=(4592,830)
  N=3 real_musique_00233_3hop1__305566_568433_51423 seed=1 arm=react: per_fault={'ctx': True, 'bullets': True, 'concise': True} all_resolved=True n_resolved=3/3 tokens=(4648,1121)
  N=3 real_musique_00233_3hop1__305566_568433_51423 seed=1 arm=selfcheckgpt: per_fault={'ctx': True, 'bullets': True, 'concise': True} all_resolved=True n_resolved=3/3 tokens=(13524,620)
  N=3 real_musique_00233_3hop1__305566_568433_51423 seed=1 arm=reflexion: per_fault={'ctx': True, 'bullets': True, 'concise': True} all_resolved=True n_resolved=3/3 tokens=(2296,426)
  N=3 real_musique_00233_3hop1__305566_568433_51423 seed=1 arm=intro_specter: per_fault={'ctx': True, 'bullets': True, 'concise': True} all_resolved=True n_resolved=3/3 tokens=(5291,814)
  N=3 real_musique_00233_3hop1__305566_568433_51423 seed=2 arm=direct: per_fault={'ctx': True, 'bullets': True, 'concise': True} all_resolved=True n_resolved=3/3 tokens=(2296,442)
  N=3 real_musique_00233_3hop1__305566_568433_51423 seed=2 arm=self_refine: per_fault={'ctx': True, 'bullets': True, 'concise': True} all_resolved=True n_resolved=3/3 tokens=(5176,1252)
[RETRY] selfcheckgpt task=real_musique_00236_3hop1__354480_834494_33939 seed=0 attempt 1/5 failed (failed to obtain JSON after 3 attempts: could not parse JSON from model output:
{"final_output": "在1900年，新 არ\lbrack Eric Marcus Municipal Airport \\] logarithms croissance d міста Tucson, Arizona 7,531 (in part)."}); retrying in 3s
[RETRY] selfcheckgpt task=real_musique_00236_3hop1__354480_834494_33939 seed=0 attempt 2/5 failed (failed to obtain JSON after 3 attempts: could not parse JSON from model output:
{"final_output": "在1900年，新 არ\lbrack Eric Marcus Municipal Airport \\] logarithms croissance d міста Tucson, Arizona 7,531 (in part)."}); retrying in 6s
[RETRY] selfcheckgpt task=real_musique_00236_3hop1__354480_834494_33939 seed=0 attempt 3/5 failed (failed to obtain JSON after 3 attempts: could not parse JSON from model output:
{"final_output": "在1900年，新 არ\lbrack Eric Marcus Municipal Airport \\] logarithms croissance d міста Tucson, Arizona 7,531 (in part)."}); retrying in 12s
[RETRY] selfcheckgpt task=real_musique_00236_3hop1__354480_834494_33939 seed=0 attempt 4/5 failed (failed to obtain JSON after 3 attempts: could not parse JSON from model output:
{"final_output": "在1900年，新 არ\lbrack Eric Marcus Municipal Airport \\] logarithms croissance d міста Tucson, Arizona 7,531 (in part)."}); retrying in 24s
[ERROR] selfcheckgpt failed task=real_musique_00236_3hop1__354480_834494_33939 seed=0: failed to obtain JSON after 3 attempts: could not parse JSON from model output:
{"final_output": "在1900年，新 არ\lbrack Eric Marcus Municipal Airport \\] logarithms croissance d міста Tucson, Arizona 7,531 (in part)."}
  N=3 real_musique_00233_3hop1__305566_568433_51423 seed=2 arm=full_regen: per_fault={'ctx': True, 'bullets': True, 'concise': True} all_resolved=True n_resolved=3/3 tokens=(4592,833)
  N=3 real_musique_00233_3hop1__305566_568433_51423 seed=2 arm=react: per_fault={'ctx': True, 'bullets': True, 'concise': True} all_resolved=True n_resolved=3/3 tokens=(4648,1186)
  N=3 real_musique_00233_3hop1__305566_568433_51423 seed=2 arm=selfcheckgpt: per_fault={'ctx': True, 'bullets': True, 'concise': True} all_resolved=True n_resolved=3/3 tokens=(13518,669)
  N=3 real_musique_00233_3hop1__305566_568433_51423 seed=2 arm=reflexion: per_fault={'ctx': True, 'bullets': True, 'concise': True} all_resolved=True n_resolved=3/3 tokens=(2296,442)
  N=3 real_musique_00233_3hop1__305566_568433_51423 seed=2 arm=intro_specter: per_fault={'ctx': True, 'bullets': True, 'concise': True} all_resolved=True n_resolved=3/3 tokens=(5328,1180)
  N=3 real_musique_00234_3hop1__109196_720914_41132 seed=0 arm=direct: per_fault={'ctx': False, 'bullets': True, 'concise': True} all_resolved=False n_resolved=2/3 tokens=(2149,293)
  N=3 real_musique_00234_3hop1__109196_720914_41132 seed=0 arm=self_refine: per_fault={'ctx': False, 'bullets': True, 'concise': True} all_resolved=False n_resolved=2/3 tokens=(4754,650)
  N=3 real_musique_00234_3hop1__109196_720914_41132 seed=0 arm=full_regen: per_fault={'ctx': True, 'bullets': True, 'concise': True} all_resolved=True n_resolved=3/3 tokens=(4298,717)
  N=3 real_musique_00234_3hop1__109196_720914_41132 seed=0 arm=react: per_fault={'ctx': True, 'bullets': True, 'concise': True} all_resolved=True n_resolved=3/3 tokens=(4354,937)
  N=3 real_musique_00234_3hop1__109196_720914_41132 seed=0 arm=selfcheckgpt: per_fault={'ctx': False, 'bullets': True, 'concise': True} all_resolved=False n_resolved=2/3 tokens=(14766,573)
  N=3 real_musique_00234_3hop1__109196_720914_41132 seed=0 arm=reflexion: per_fault={'ctx': False, 'bullets': True, 'concise': False} all_resolved=False n_resolved=1/3 tokens=(13745,1592)
  N=3 real_musique_00234_3hop1__109196_720914_41132 seed=0 arm=intro_specter: per_fault={'ctx': True, 'bullets': True, 'concise': True} all_resolved=True n_resolved=3/3 tokens=(4906,798)
  N=3 real_musique_00234_3hop1__109196_720914_41132 seed=1 arm=direct: per_fault={'ctx': False, 'bullets': True, 'concise': True} all_resolved=False n_resolved=2/3 tokens=(2149,293)
  N=3 real_musique_00234_3hop1__109196_720914_41132 seed=1 arm=self_refine: per_fault={'ctx': False, 'bullets': True, 'concise': True} all_resolved=False n_resolved=2/3 tokens=(4754,650)
  N=3 real_musique_00234_3hop1__109196_720914_41132 seed=1 arm=full_regen: per_fault={'ctx': True, 'bullets': True, 'concise': True} all_resolved=True n_resolved=3/3 tokens=(4298,623)
  N=3 real_musique_00234_3hop1__109196_720914_41132 seed=1 arm=react: per_fault={'ctx': True, 'bullets': True, 'concise': True} all_resolved=True n_resolved=3/3 tokens=(4354,937)
  N=3 real_musique_00234_3hop1__109196_720914_41132 seed=1 arm=selfcheckgpt: per_fault={'ctx': True, 'bullets': True, 'concise': True} all_resolved=True n_resolved=3/3 tokens=(14759,550)
  N=3 real_musique_00234_3hop1__109196_720914_41132 seed=1 arm=reflexion: per_fault={'ctx': False, 'bullets': True, 'concise': False} all_resolved=False n_resolved=1/3 tokens=(13745,1592)
  N=3 real_musique_00234_3hop1__109196_720914_41132 seed=1 arm=intro_specter: per_fault={'ctx': True, 'bullets': True, 'concise': True} all_resolved=True n_resolved=3/3 tokens=(4906,798)
  N=3 real_musique_00234_3hop1__109196_720914_41132 seed=2 arm=direct: per_fault={'ctx': False, 'bullets': True, 'concise': True} all_resolved=False n_resolved=2/3 tokens=(2149,735)
  N=3 real_musique_00234_3hop1__109196_720914_41132 seed=2 arm=self_refine: per_fault={'ctx': False, 'bullets': True, 'concise': False} all_resolved=False n_resolved=1/3 tokens=(5197,2025)
  N=3 real_musique_00234_3hop1__109196_720914_41132 seed=2 arm=full_regen: per_fault={'ctx': False, 'bullets': True, 'concise': True} all_resolved=False n_resolved=2/3 tokens=(4298,1148)
  N=3 real_musique_00234_3hop1__109196_720914_41132 seed=2 arm=react: per_fault={'ctx': True, 'bullets': True, 'concise': True} all_resolved=True n_resolved=3/3 tokens=(4354,1194)
  N=3 real_musique_00234_3hop1__109196_720914_41132 seed=2 arm=selfcheckgpt: per_fault={'ctx': False, 'bullets': True, 'concise': True} all_resolved=False n_resolved=2/3 tokens=(12645,976)
  N=3 real_musique_00234_3hop1__109196_720914_41132 seed=2 arm=reflexion: per_fault={'ctx': True, 'bullets': True, 'concise': True} all_resolved=True n_resolved=3/3 tokens=(8287,1920)
  N=3 real_musique_00234_3hop1__109196_720914_41132 seed=2 arm=intro_specter: per_fault={'ctx': False, 'bullets': True, 'concise': True} all_resolved=False n_resolved=2/3 tokens=(5349,1629)
  N=3 real_musique_00236_3hop1__354480_834494_33939 seed=0 arm=direct: per_fault={'ctx': False, 'concise': True, 'english': True} all_resolved=False n_resolved=2/3 tokens=(2025,442)
  N=3 real_musique_00236_3hop1__354480_834494_33939 seed=0 arm=self_refine: per_fault={'ctx': False, 'concise': True, 'english': True} all_resolved=False n_resolved=2/3 tokens=(4634,1154)
  N=3 real_musique_00236_3hop1__354480_834494_33939 seed=0 arm=full_regen: per_fault={'ctx': True, 'concise': True, 'english': True} all_resolved=True n_resolved=3/3 tokens=(4050,819)
  N=3 real_musique_00236_3hop1__354480_834494_33939 seed=0 arm=react: per_fault={'ctx': True, 'concise': True, 'english': True} all_resolved=True n_resolved=3/3 tokens=(4106,1312)
  N=3 real_musique_00236_3hop1__354480_834494_33939 seed=0 arm=reflexion: per_fault={'ctx': False, 'concise': True, 'english': True} all_resolved=False n_resolved=2/3 tokens=(13591,2235)
  N=3 real_musique_00236_3hop1__354480_834494_33939 seed=0 arm=intro_specter: per_fault={'ctx': True, 'concise': True, 'english': True} all_resolved=True n_resolved=3/3 tokens=(4786,1149)
  N=3 real_musique_00236_3hop1__354480_834494_33939 seed=1 arm=direct: per_fault={'ctx': False, 'concise': True, 'english': True} all_resolved=False n_resolved=2/3 tokens=(2025,442)
  N=3 real_musique_00236_3hop1__354480_834494_33939 seed=1 arm=self_refine: per_fault={'ctx': False, 'concise': True, 'english': True} all_resolved=False n_resolved=2/3 tokens=(4634,1154)
  N=3 real_musique_00236_3hop1__354480_834494_33939 seed=1 arm=full_regen: per_fault={'ctx': True, 'concise': True, 'english': True} all_resolved=True n_resolved=3/3 tokens=(4050,797)
  N=3 real_musique_00236_3hop1__354480_834494_33939 seed=1 arm=react: per_fault={'ctx': True, 'concise': True, 'english': True} all_resolved=True n_resolved=3/3 tokens=(4106,1312)
  N=3 real_musique_00236_3hop1__354480_834494_33939 seed=1 arm=selfcheckgpt: per_fault={'ctx': False, 'concise': True, 'english': True} all_resolved=False n_resolved=2/3 tokens=(11951,693)
  N=3 real_musique_00236_3hop1__354480_834494_33939 seed=1 arm=reflexion: per_fault={'ctx': False, 'concise': True, 'english': True} all_resolved=False n_resolved=2/3 tokens=(13591,2235)
  N=3 real_musique_00236_3hop1__354480_834494_33939 seed=1 arm=intro_specter: per_fault={'ctx': True, 'concise': True, 'english': True} all_resolved=True n_resolved=3/3 tokens=(4786,1149)
  N=3 real_musique_00236_3hop1__354480_834494_33939 seed=2 arm=direct: per_fault={'ctx': False, 'concise': True, 'english': True} all_resolved=False n_resolved=2/3 tokens=(2025,333)
  N=3 real_musique_00236_3hop1__354480_834494_33939 seed=2 arm=self_refine: per_fault={'ctx': True, 'concise': True, 'english': True} all_resolved=True n_resolved=3/3 tokens=(4574,1025)
  N=3 real_musique_00236_3hop1__354480_834494_33939 seed=2 arm=full_regen: per_fault={'ctx': True, 'concise': True, 'english': True} all_resolved=True n_resolved=3/3 tokens=(4050,759)
  N=3 real_musique_00236_3hop1__354480_834494_33939 seed=2 arm=react: per_fault={'ctx': True, 'concise': True, 'english': True} all_resolved=True n_resolved=3/3 tokens=(4106,1009)
  N=3 real_musique_00236_3hop1__354480_834494_33939 seed=2 arm=selfcheckgpt: per_fault={'ctx': False, 'concise': True, 'english': True} all_resolved=False n_resolved=2/3 tokens=(11866,527)
  N=3 real_musique_00236_3hop1__354480_834494_33939 seed=2 arm=reflexion: per_fault={'ctx': False, 'concise': True, 'english': True} all_resolved=False n_resolved=2/3 tokens=(13255,1967)
  N=3 real_musique_00236_3hop1__354480_834494_33939 seed=2 arm=intro_specter: per_fault={'ctx': True, 'concise': True, 'english': True} all_resolved=True n_resolved=3/3 tokens=(4726,881)
  N=3 real_musique_00237_3hop1__9285_5188_23307 seed=0 arm=direct: per_fault={'ctx': True, 'bullets': True, 'concise': True} all_resolved=True n_resolved=3/3 tokens=(2083,547)
  N=3 real_musique_00237_3hop1__9285_5188_23307 seed=0 arm=self_refine: per_fault={'ctx': True, 'bullets': True, 'concise': False} all_resolved=False n_resolved=2/3 tokens=(4872,1488)
  N=3 real_musique_00237_3hop1__9285_5188_23307 seed=0 arm=full_regen: per_fault={'ctx': True, 'bullets': True, 'concise': True} all_resolved=True n_resolved=3/3 tokens=(4166,1129)
  N=3 real_musique_00237_3hop1__9285_5188_23307 seed=0 arm=react: per_fault={'ctx': True, 'bullets': True, 'concise': True} all_resolved=True n_resolved=3/3 tokens=(4222,1144)
  N=3 real_musique_00237_3hop1__9285_5188_23307 seed=0 arm=selfcheckgpt: per_fault={'ctx': True, 'bullets': True, 'concise': True} all_resolved=True n_resolved=3/3 tokens=(12272,817)
  N=3 real_musique_00237_3hop1__9285_5188_23307 seed=0 arm=reflexion: per_fault={'ctx': True, 'bullets': True, 'concise': True} all_resolved=True n_resolved=3/3 tokens=(2083,547)
  N=3 real_musique_00237_3hop1__9285_5188_23307 seed=0 arm=intro_specter: per_fault={'ctx': True, 'bullets': True, 'concise': True} all_resolved=True n_resolved=3/3 tokens=(5024,1007)
  N=3 real_musique_00237_3hop1__9285_5188_23307 seed=1 arm=direct: per_fault={'ctx': True, 'bullets': True, 'concise': True} all_resolved=True n_resolved=3/3 tokens=(2083,547)
  N=3 real_musique_00237_3hop1__9285_5188_23307 seed=1 arm=self_refine: per_fault={'ctx': True, 'bullets': True, 'concise': False} all_resolved=False n_resolved=2/3 tokens=(4872,1488)
  N=3 real_musique_00237_3hop1__9285_5188_23307 seed=1 arm=full_regen: per_fault={'ctx': True, 'bullets': True, 'concise': False} all_resolved=False n_resolved=2/3 tokens=(4166,1102)
  N=3 real_musique_00237_3hop1__9285_5188_23307 seed=1 arm=react: per_fault={'ctx': True, 'bullets': True, 'concise': True} all_resolved=True n_resolved=3/3 tokens=(4222,1144)
  N=3 real_musique_00237_3hop1__9285_5188_23307 seed=1 arm=selfcheckgpt: per_fault={'ctx': True, 'bullets': True, 'concise': True} all_resolved=True n_resolved=3/3 tokens=(12223,775)
  N=3 real_musique_00237_3hop1__9285_5188_23307 seed=1 arm=reflexion: per_fault={'ctx': True, 'bullets': True, 'concise': True} all_resolved=True n_resolved=3/3 tokens=(2083,547)
  N=3 real_musique_00237_3hop1__9285_5188_23307 seed=1 arm=intro_specter: per_fault={'ctx': True, 'bullets': True, 'concise': True} all_resolved=True n_resolved=3/3 tokens=(5024,1007)
  N=3 real_musique_00237_3hop1__9285_5188_23307 seed=2 arm=direct: per_fault={'ctx': True, 'bullets': True, 'concise': True} all_resolved=True n_resolved=3/3 tokens=(2083,464)
  N=3 real_musique_00237_3hop1__9285_5188_23307 seed=2 arm=self_refine: per_fault={'ctx': True, 'bullets': True, 'concise': True} all_resolved=True n_resolved=3/3 tokens=(4747,1145)
  N=3 real_musique_00237_3hop1__9285_5188_23307 seed=2 arm=full_regen: per_fault={'ctx': True, 'bullets': True, 'concise': True} all_resolved=True n_resolved=3/3 tokens=(4166,1085)
  N=3 real_musique_00237_3hop1__9285_5188_23307 seed=2 arm=react: per_fault={'ctx': True, 'bullets': True, 'concise': True} all_resolved=True n_resolved=3/3 tokens=(4222,1097)
  N=3 real_musique_00237_3hop1__9285_5188_23307 seed=2 arm=selfcheckgpt: per_fault={'ctx': True, 'bullets': True, 'concise': True} all_resolved=True n_resolved=3/3 tokens=(12323,740)
  N=3 real_musique_00237_3hop1__9285_5188_23307 seed=2 arm=reflexion: per_fault={'ctx': True, 'bullets': True, 'concise': True} all_resolved=True n_resolved=3/3 tokens=(2083,464)
  N=3 real_musique_00237_3hop1__9285_5188_23307 seed=2 arm=intro_specter: per_fault={'ctx': True, 'bullets': True, 'concise': True} all_resolved=True n_resolved=3/3 tokens=(4899,962)
  N=3 real_musique_00239_3hop1__161433_33952_34099 seed=0 arm=direct: per_fault={'ctx': True, 'bullets': True, 'english': True} all_resolved=True n_resolved=3/3 tokens=(2038,685)
  N=3 real_musique_00239_3hop1__161433_33952_34099 seed=0 arm=self_refine: per_fault={'ctx': True, 'bullets': True, 'english': True} all_resolved=True n_resolved=3/3 tokens=(4986,1599)
  N=3 real_musique_00239_3hop1__161433_33952_34099 seed=0 arm=full_regen: per_fault={'ctx': False, 'bullets': True, 'english': True} all_resolved=False n_resolved=2/3 tokens=(4076,1737)
  N=3 real_musique_00239_3hop1__161433_33952_34099 seed=0 arm=react: per_fault={'ctx': False, 'bullets': True, 'english': True} all_resolved=False n_resolved=2/3 tokens=(4132,1463)
  N=3 real_musique_00239_3hop1__161433_33952_34099 seed=0 arm=selfcheckgpt: per_fault={'ctx': True, 'bullets': True, 'english': True} all_resolved=True n_resolved=3/3 tokens=(11911,824)
  N=3 real_musique_00239_3hop1__161433_33952_34099 seed=0 arm=reflexion: per_fault={'ctx': True, 'bullets': True, 'english': True} all_resolved=True n_resolved=3/3 tokens=(2038,685)
  N=3 real_musique_00239_3hop1__161433_33952_34099 seed=0 arm=intro_specter: per_fault={'ctx': True, 'bullets': True, 'english': True} all_resolved=True n_resolved=3/3 tokens=(5138,1077)
  N=3 real_musique_00239_3hop1__161433_33952_34099 seed=1 arm=direct: per_fault={'ctx': True, 'bullets': True, 'english': True} all_resolved=True n_resolved=3/3 tokens=(2038,685)
  N=3 real_musique_00239_3hop1__161433_33952_34099 seed=1 arm=self_refine: per_fault={'ctx': True, 'bullets': True, 'english': True} all_resolved=True n_resolved=3/3 tokens=(4986,1599)
  N=3 real_musique_00239_3hop1__161433_33952_34099 seed=1 arm=full_regen: per_fault={'ctx': False, 'bullets': True, 'english': True} all_resolved=False n_resolved=2/3 tokens=(4076,1721)
  N=3 real_musique_00239_3hop1__161433_33952_34099 seed=1 arm=react: per_fault={'ctx': False, 'bullets': True, 'english': True} all_resolved=False n_resolved=2/3 tokens=(4132,1463)
  N=3 real_musique_00239_3hop1__161433_33952_34099 seed=1 arm=selfcheckgpt: per_fault={'ctx': True, 'bullets': True, 'english': True} all_resolved=True n_resolved=3/3 tokens=(13916,894)
  N=3 real_musique_00239_3hop1__161433_33952_34099 seed=1 arm=reflexion: per_fault={'ctx': True, 'bullets': True, 'english': True} all_resolved=True n_resolved=3/3 tokens=(2038,685)
  N=3 real_musique_00239_3hop1__161433_33952_34099 seed=1 arm=intro_specter: per_fault={'ctx': True, 'bullets': True, 'english': True} all_resolved=True n_resolved=3/3 tokens=(5138,1077)
  N=3 real_musique_00239_3hop1__161433_33952_34099 seed=2 arm=direct: per_fault={'ctx': False, 'bullets': True, 'english': True} all_resolved=False n_resolved=2/3 tokens=(2038,648)
  N=3 real_musique_00239_3hop1__161433_33952_34099 seed=2 arm=self_refine: per_fault={'ctx': False, 'bullets': True, 'english': True} all_resolved=False n_resolved=2/3 tokens=(4928,1727)
  N=3 real_musique_00239_3hop1__161433_33952_34099 seed=2 arm=full_regen: per_fault={'ctx': True, 'bullets': True, 'english': True} all_resolved=True n_resolved=3/3 tokens=(4076,1382)
  N=3 real_musique_00239_3hop1__161433_33952_34099 seed=2 arm=react: per_fault={'ctx': False, 'bullets': True, 'english': True} all_resolved=False n_resolved=2/3 tokens=(4132,1223)
  N=3 real_musique_00239_3hop1__161433_33952_34099 seed=2 arm=selfcheckgpt: per_fault={'ctx': False, 'bullets': True, 'english': True} all_resolved=False n_resolved=2/3 tokens=(11909,808)
  N=3 real_musique_00239_3hop1__161433_33952_34099 seed=2 arm=reflexion: per_fault={'ctx': False, 'bullets': True, 'english': True} all_resolved=False n_resolved=2/3 tokens=(14656,2446)
  N=3 real_musique_00239_3hop1__161433_33952_34099 seed=2 arm=intro_specter: per_fault={'ctx': False, 'bullets': True, 'english': True} all_resolved=False n_resolved=2/3 tokens=(5080,1119)
  N=3 real_musique_00246_3hop1__17192_78396_157843 seed=0 arm=direct: per_fault={'ctx': True, 'bullets': True, 'preamble': True} all_resolved=True n_resolved=3/3 tokens=(2296,241)
  N=3 real_musique_00246_3hop1__17192_78396_157843 seed=0 arm=self_refine: per_fault={'ctx': True, 'bullets': True, 'preamble': True} all_resolved=True n_resolved=3/3 tokens=(4890,612)
  N=3 real_musique_00246_3hop1__17192_78396_157843 seed=0 arm=full_regen: per_fault={'ctx': True, 'bullets': True, 'preamble': True} all_resolved=True n_resolved=3/3 tokens=(4592,899)
  N=3 real_musique_00246_3hop1__17192_78396_157843 seed=0 arm=react: per_fault={'ctx': True, 'bullets': True, 'preamble': True} all_resolved=True n_resolved=3/3 tokens=(4648,854)
  N=3 real_musique_00246_3hop1__17192_78396_157843 seed=0 arm=selfcheckgpt: per_fault={'ctx': True, 'bullets': True, 'preamble': True} all_resolved=True n_resolved=3/3 tokens=(13464,411)
  N=3 real_musique_00246_3hop1__17192_78396_157843 seed=0 arm=reflexion: per_fault={'ctx': True, 'bullets': True, 'preamble': True} all_resolved=True n_resolved=3/3 tokens=(2296,241)
  N=3 real_musique_00246_3hop1__17192_78396_157843 seed=0 arm=intro_specter: per_fault={'ctx': True, 'bullets': True, 'preamble': True} all_resolved=True n_resolved=3/3 tokens=(5042,666)
  N=3 real_musique_00246_3hop1__17192_78396_157843 seed=1 arm=direct: per_fault={'ctx': True, 'bullets': True, 'preamble': True} all_resolved=True n_resolved=3/3 tokens=(2296,241)
  N=3 real_musique_00246_3hop1__17192_78396_157843 seed=1 arm=self_refine: per_fault={'ctx': True, 'bullets': True, 'preamble': True} all_resolved=True n_resolved=3/3 tokens=(4890,612)
  N=3 real_musique_00246_3hop1__17192_78396_157843 seed=1 arm=full_regen: per_fault={'ctx': True, 'bullets': True, 'preamble': True} all_resolved=True n_resolved=3/3 tokens=(4592,764)
  N=3 real_musique_00246_3hop1__17192_78396_157843 seed=1 arm=react: per_fault={'ctx': True, 'bullets': True, 'preamble': True} all_resolved=True n_resolved=3/3 tokens=(4648,854)
  N=3 real_musique_00246_3hop1__17192_78396_157843 seed=1 arm=selfcheckgpt: per_fault={'ctx': True, 'bullets': True, 'preamble': True} all_resolved=True n_resolved=3/3 tokens=(13421,398)
  N=3 real_musique_00246_3hop1__17192_78396_157843 seed=1 arm=reflexion: per_fault={'ctx': True, 'bullets': True, 'preamble': True} all_resolved=True n_resolved=3/3 tokens=(2296,241)
  N=3 real_musique_00246_3hop1__17192_78396_157843 seed=1 arm=intro_specter: per_fault={'ctx': True, 'bullets': True, 'preamble': True} all_resolved=True n_resolved=3/3 tokens=(5042,666)
  N=3 real_musique_00246_3hop1__17192_78396_157843 seed=2 arm=direct: per_fault={'ctx': True, 'bullets': True, 'preamble': True} all_resolved=True n_resolved=3/3 tokens=(2296,257)
  N=3 real_musique_00246_3hop1__17192_78396_157843 seed=2 arm=self_refine: per_fault={'ctx': True, 'bullets': True, 'preamble': True} all_resolved=True n_resolved=3/3 tokens=(4927,670)
  N=3 real_musique_00246_3hop1__17192_78396_157843 seed=2 arm=full_regen: per_fault={'ctx': True, 'bullets': True, 'preamble': True} all_resolved=True n_resolved=3/3 tokens=(4592,672)
  N=3 real_musique_00246_3hop1__17192_78396_157843 seed=2 arm=react: per_fault={'ctx': True, 'bullets': True, 'preamble': True} all_resolved=True n_resolved=3/3 tokens=(4648,653)
  N=3 real_musique_00246_3hop1__17192_78396_157843 seed=2 arm=selfcheckgpt: per_fault={'ctx': True, 'bullets': True, 'preamble': True} all_resolved=True n_resolved=3/3 tokens=(13469,424)
  N=3 real_musique_00246_3hop1__17192_78396_157843 seed=2 arm=reflexion: per_fault={'ctx': True, 'bullets': True, 'preamble': True} all_resolved=True n_resolved=3/3 tokens=(2296,257)
  N=3 real_musique_00246_3hop1__17192_78396_157843 seed=2 arm=intro_specter: per_fault={'ctx': True, 'bullets': True, 'preamble': True} all_resolved=True n_resolved=3/3 tokens=(5079,695)
  N=3 real_musique_00247_3hop2__304722_297619_63959 seed=0 arm=direct: per_fault={'ctx': True, 'concise': False, 'preamble': True} all_resolved=False n_resolved=2/3 tokens=(2524,403)
  N=3 real_musique_00247_3hop2__304722_297619_63959 seed=0 arm=self_refine: per_fault={'ctx': True, 'concise': False, 'preamble': True} all_resolved=False n_resolved=2/3 tokens=(5551,1112)
  N=3 real_musique_00247_3hop2__304722_297619_63959 seed=0 arm=full_regen: per_fault={'ctx': True, 'concise': True, 'preamble': True} all_resolved=True n_resolved=3/3 tokens=(5049,829)
  N=3 real_musique_00247_3hop2__304722_297619_63959 seed=0 arm=react: per_fault={'ctx': True, 'concise': False, 'preamble': True} all_resolved=False n_resolved=2/3 tokens=(5105,965)
  N=3 real_musique_00247_3hop2__304722_297619_63959 seed=0 arm=selfcheckgpt: per_fault={'ctx': True, 'concise': False, 'preamble': True} all_resolved=False n_resolved=2/3 tokens=(15062,786)
  N=3 real_musique_00247_3hop2__304722_297619_63959 seed=0 arm=reflexion: per_fault={'ctx': True, 'concise': False, 'preamble': True} all_resolved=False n_resolved=2/3 tokens=(2524,403)
  N=3 real_musique_00247_3hop2__304722_297619_63959 seed=0 arm=intro_specter: per_fault={'ctx': True, 'concise': False, 'preamble': True} all_resolved=False n_resolved=2/3 tokens=(5703,776)
  N=3 real_musique_00247_3hop2__304722_297619_63959 seed=1 arm=direct: per_fault={'ctx': True, 'concise': False, 'preamble': True} all_resolved=False n_resolved=2/3 tokens=(2524,403)
  N=3 real_musique_00247_3hop2__304722_297619_63959 seed=1 arm=self_refine: per_fault={'ctx': True, 'concise': False, 'preamble': True} all_resolved=False n_resolved=2/3 tokens=(5551,1112)
  N=3 real_musique_00247_3hop2__304722_297619_63959 seed=1 arm=full_regen: per_fault={'ctx': True, 'concise': False, 'preamble': True} all_resolved=False n_resolved=2/3 tokens=(5049,1034)
  N=3 real_musique_00247_3hop2__304722_297619_63959 seed=1 arm=react: per_fault={'ctx': True, 'concise': False, 'preamble': True} all_resolved=False n_resolved=2/3 tokens=(5105,965)
  N=3 real_musique_00247_3hop2__304722_297619_63959 seed=1 arm=selfcheckgpt: per_fault={'ctx': True, 'concise': False, 'preamble': True} all_resolved=False n_resolved=2/3 tokens=(15087,742)
  N=3 real_musique_00247_3hop2__304722_297619_63959 seed=1 arm=reflexion: per_fault={'ctx': True, 'concise': False, 'preamble': True} all_resolved=False n_resolved=2/3 tokens=(2524,403)
  N=3 real_musique_00247_3hop2__304722_297619_63959 seed=1 arm=intro_specter: per_fault={'ctx': True, 'concise': False, 'preamble': True} all_resolved=False n_resolved=2/3 tokens=(5703,776)
  N=3 real_musique_00247_3hop2__304722_297619_63959 seed=2 arm=direct: per_fault={'ctx': False, 'concise': False, 'preamble': True} all_resolved=False n_resolved=1/3 tokens=(2525,635)
  N=3 real_musique_00247_3hop2__304722_297619_63959 seed=2 arm=self_refine: per_fault={'ctx': False, 'concise': False, 'preamble': True} all_resolved=False n_resolved=1/3 tokens=(5869,1573)
  N=3 real_musique_00247_3hop2__304722_297619_63959 seed=2 arm=full_regen: per_fault={'ctx': True, 'concise': False, 'preamble': True} all_resolved=False n_resolved=2/3 tokens=(5050,1194)
  N=3 real_musique_00247_3hop2__304722_297619_63959 seed=2 arm=react: per_fault={'ctx': True, 'concise': False, 'preamble': True} all_resolved=False n_resolved=2/3 tokens=(5106,1186)
  N=3 real_musique_00247_3hop2__304722_297619_63959 seed=2 arm=selfcheckgpt: per_fault={'ctx': False, 'concise': True, 'preamble': True} all_resolved=False n_resolved=2/3 tokens=(17481,1021)
  N=3 real_musique_00247_3hop2__304722_297619_63959 seed=2 arm=reflexion: per_fault={'ctx': False, 'concise': False, 'preamble': True} all_resolved=False n_resolved=1/3 tokens=(16948,2840)
  N=3 real_musique_00247_3hop2__304722_297619_63959 seed=2 arm=intro_specter: per_fault={'ctx': True, 'concise': False, 'preamble': True} all_resolved=False n_resolved=2/3 tokens=(6021,1345)
  N=3 real_musique_00254_3hop1__346416_831637_91775 seed=0 arm=direct: per_fault={'ctx': True, 'concise': False, 'preamble': True} all_resolved=False n_resolved=2/3 tokens=(2116,375)
  N=3 real_musique_00254_3hop1__346416_831637_91775 seed=0 arm=self_refine: per_fault={'ctx': True, 'concise': True, 'preamble': True} all_resolved=True n_resolved=3/3 tokens=(4707,861)
/Library/Frameworks/Python.framework/Versions/3.11/lib/python3.11/multiprocessing/resource_tracker.py:254: UserWarning: resource_tracker: There appear to be 1 leaked semaphore objects to clean up at shutdown
  warnings.warn('resource_tracker: There appear to be %d '
Resuming arm=direct: 170 (task_id, seed) rows already present, will be skipped.
Resuming arm=self_refine: 170 (task_id, seed) rows already present, will be skipped.
Resuming arm=full_regen: 170 (task_id, seed) rows already present, will be skipped.
Resuming arm=react: 170 (task_id, seed) rows already present, will be skipped.
Resuming arm=selfcheckgpt: 166 (task_id, seed) rows already present, will be skipped.
Resuming arm=reflexion: 169 (task_id, seed) rows already present, will be skipped.
Resuming arm=intro_specter: 169 (task_id, seed) rows already present, will be skipped.
Building 60 3-fault (1 ctx + 2 profile) musique_real examples (bench_seed=42, scan_limit=760)...
Built 60 examples. seeds=[0, 1, 2], model=mistral-nemo-12b, arms=['direct', 'self_refine', 'full_regen', 'react', 'selfcheckgpt', 'reflexion', 'intro_specter']
  N=3 real_musique_00157_3hop1__406043_831637_91775 seed=1 arm=selfcheckgpt: per_fault={'ctx': True, 'english': True, 'preamble': True} all_resolved=True n_resolved=3/3 tokens=(12951,538)
  N=3 real_musique_00210_3hop1__483843_40769_64047 seed=2 arm=selfcheckgpt: per_fault={'ctx': False, 'concise': True, 'english': True} all_resolved=False n_resolved=2/3 tokens=(15459,967)
  N=3 real_musique_00236_3hop1__354480_834494_33939 seed=0 arm=selfcheckgpt: per_fault={'ctx': False, 'concise': True, 'english': True} all_resolved=False n_resolved=2/3 tokens=(11956,669)
  N=3 real_musique_00255_3hop1__857241_503371_21711 seed=1 arm=selfcheckgpt: per_fault={'ctx': True, 'bullets': True, 'concise': False} all_resolved=False n_resolved=2/3 tokens=(15702,966)
  N=3 real_musique_00255_3hop1__857241_503371_21711 seed=1 arm=reflexion: per_fault={'ctx': True, 'bullets': True, 'concise': False} all_resolved=False n_resolved=2/3 tokens=(2281,675)
  N=3 real_musique_00255_3hop1__857241_503371_21711 seed=1 arm=intro_specter: per_fault={'ctx': True, 'bullets': True, 'concise': False} all_resolved=False n_resolved=2/3 tokens=(5594,1187)
  N=3 real_musique_00255_3hop1__857241_503371_21711 seed=2 arm=direct: per_fault={'ctx': True, 'bullets': True, 'concise': False} all_resolved=False n_resolved=2/3 tokens=(2281,569)
  N=3 real_musique_00255_3hop1__857241_503371_21711 seed=2 arm=self_refine: per_fault={'ctx': True, 'bullets': True, 'concise': False} all_resolved=False n_resolved=2/3 tokens=(5294,1392)
  N=3 real_musique_00255_3hop1__857241_503371_21711 seed=2 arm=full_regen: per_fault={'ctx': True, 'bullets': True, 'concise': True} all_resolved=True n_resolved=3/3 tokens=(4561,771)
  N=3 real_musique_00255_3hop1__857241_503371_21711 seed=2 arm=react: per_fault={'ctx': True, 'bullets': True, 'concise': False} all_resolved=False n_resolved=2/3 tokens=(4618,1220)
  N=3 real_musique_00255_3hop1__857241_503371_21711 seed=2 arm=selfcheckgpt: per_fault={'ctx': True, 'bullets': True, 'concise': False} all_resolved=False n_resolved=2/3 tokens=(13527,881)
  N=3 real_musique_00255_3hop1__857241_503371_21711 seed=2 arm=reflexion: per_fault={'ctx': True, 'bullets': True, 'concise': False} all_resolved=False n_resolved=2/3 tokens=(2281,569)
  N=3 real_musique_00255_3hop1__857241_503371_21711 seed=2 arm=intro_specter: per_fault={'ctx': True, 'bullets': True, 'concise': False} all_resolved=False n_resolved=2/3 tokens=(5446,980)
  N=3 real_musique_00258_3hop2__158279_71753_70784 seed=0 arm=direct: per_fault={'ctx': False, 'concise': True, 'english': True} all_resolved=False n_resolved=2/3 tokens=(2168,672)
  N=3 real_musique_00258_3hop2__158279_71753_70784 seed=0 arm=self_refine: per_fault={'ctx': True, 'concise': False, 'english': True} all_resolved=False n_resolved=2/3 tokens=(5212,2201)
  N=3 real_musique_00258_3hop2__158279_71753_70784 seed=0 arm=full_regen: per_fault={'ctx': True, 'concise': True, 'english': True} all_resolved=True n_resolved=3/3 tokens=(4336,1011)
  N=3 real_musique_00258_3hop2__158279_71753_70784 seed=0 arm=react: per_fault={'ctx': False, 'concise': True, 'english': True} all_resolved=False n_resolved=2/3 tokens=(4392,1290)
  N=3 real_musique_00258_3hop2__158279_71753_70784 seed=0 arm=selfcheckgpt: per_fault={'ctx': False, 'concise': True, 'english': True} all_resolved=False n_resolved=2/3 tokens=(12806,981)
  N=3 real_musique_00258_3hop2__158279_71753_70784 seed=0 arm=reflexion: per_fault={'ctx': False, 'concise': True, 'english': True} all_resolved=False n_resolved=2/3 tokens=(15687,2933)
  N=3 real_musique_00258_3hop2__158279_71753_70784 seed=0 arm=intro_specter: per_fault={'ctx': True, 'concise': False, 'english': True} all_resolved=False n_resolved=2/3 tokens=(5364,1224)
  N=3 real_musique_00258_3hop2__158279_71753_70784 seed=1 arm=direct: per_fault={'ctx': False, 'concise': True, 'english': True} all_resolved=False n_resolved=2/3 tokens=(2168,672)
  N=3 real_musique_00258_3hop2__158279_71753_70784 seed=1 arm=self_refine: per_fault={'ctx': True, 'concise': False, 'english': True} all_resolved=False n_resolved=2/3 tokens=(5212,2201)
  N=3 real_musique_00258_3hop2__158279_71753_70784 seed=1 arm=full_regen: per_fault={'ctx': True, 'concise': True, 'english': True} all_resolved=True n_resolved=3/3 tokens=(4336,1189)
  N=3 real_musique_00258_3hop2__158279_71753_70784 seed=1 arm=react: per_fault={'ctx': False, 'concise': True, 'english': True} all_resolved=False n_resolved=2/3 tokens=(4392,1290)
  N=3 real_musique_00258_3hop2__158279_71753_70784 seed=1 arm=selfcheckgpt: per_fault={'ctx': False, 'concise': True, 'english': True} all_resolved=False n_resolved=2/3 tokens=(12694,820)
  N=3 real_musique_00258_3hop2__158279_71753_70784 seed=1 arm=reflexion: per_fault={'ctx': False, 'concise': True, 'english': True} all_resolved=False n_resolved=2/3 tokens=(15687,2933)
  N=3 real_musique_00258_3hop2__158279_71753_70784 seed=1 arm=intro_specter: per_fault={'ctx': True, 'concise': False, 'english': True} all_resolved=False n_resolved=2/3 tokens=(5364,1224)
  N=3 real_musique_00258_3hop2__158279_71753_70784 seed=2 arm=direct: per_fault={'ctx': False, 'concise': True, 'english': True} all_resolved=False n_resolved=2/3 tokens=(2168,699)
  N=3 real_musique_00258_3hop2__158279_71753_70784 seed=2 arm=self_refine: per_fault={'ctx': False, 'concise': True, 'english': True} all_resolved=False n_resolved=2/3 tokens=(5239,1706)
  N=3 real_musique_00258_3hop2__158279_71753_70784 seed=2 arm=full_regen: per_fault={'ctx': False, 'concise': True, 'english': True} all_resolved=False n_resolved=2/3 tokens=(4336,964)
  N=3 real_musique_00258_3hop2__158279_71753_70784 seed=2 arm=react: per_fault={'ctx': False, 'concise': True, 'english': True} all_resolved=False n_resolved=2/3 tokens=(4392,1299)
  N=3 real_musique_00258_3hop2__158279_71753_70784 seed=2 arm=selfcheckgpt: per_fault={'ctx': True, 'concise': True, 'english': True} all_resolved=True n_resolved=3/3 tokens=(14890,934)
  N=3 real_musique_00258_3hop2__158279_71753_70784 seed=2 arm=reflexion: per_fault={'ctx': False, 'concise': True, 'english': True} all_resolved=False n_resolved=2/3 tokens=(15753,2697)
  N=3 real_musique_00258_3hop2__158279_71753_70784 seed=2 arm=intro_specter: per_fault={'ctx': True, 'concise': True, 'english': True} all_resolved=True n_resolved=3/3 tokens=(5391,997)
  N=3 real_musique_00259_3hop2__230_89048_66294 seed=0 arm=direct: per_fault={'ctx': True, 'bullets': True, 'preamble': True} all_resolved=True n_resolved=3/3 tokens=(2238,621)
  N=3 real_musique_00259_3hop2__230_89048_66294 seed=0 arm=self_refine: per_fault={'ctx': True, 'bullets': True, 'preamble': True} all_resolved=True n_resolved=3/3 tokens=(5256,1307)
  N=3 real_musique_00259_3hop2__230_89048_66294 seed=0 arm=full_regen: per_fault={'ctx': True, 'bullets': True, 'preamble': True} all_resolved=True n_resolved=3/3 tokens=(4476,1120)
  N=3 real_musique_00259_3hop2__230_89048_66294 seed=0 arm=react: per_fault={'ctx': True, 'bullets': True, 'preamble': True} all_resolved=True n_resolved=3/3 tokens=(4532,1010)
  N=3 real_musique_00259_3hop2__230_89048_66294 seed=0 arm=selfcheckgpt: per_fault={'ctx': True, 'bullets': True, 'preamble': True} all_resolved=True n_resolved=3/3 tokens=(13100,789)
  N=3 real_musique_00259_3hop2__230_89048_66294 seed=0 arm=reflexion: per_fault={'ctx': True, 'bullets': True, 'preamble': True} all_resolved=True n_resolved=3/3 tokens=(2238,621)
  N=3 real_musique_00259_3hop2__230_89048_66294 seed=0 arm=intro_specter: per_fault={'ctx': True, 'bullets': True, 'preamble': True} all_resolved=True n_resolved=3/3 tokens=(5408,1169)
  N=3 real_musique_00259_3hop2__230_89048_66294 seed=1 arm=direct: per_fault={'ctx': True, 'bullets': True, 'preamble': True} all_resolved=True n_resolved=3/3 tokens=(2238,621)
  N=3 real_musique_00259_3hop2__230_89048_66294 seed=1 arm=self_refine: per_fault={'ctx': True, 'bullets': True, 'preamble': True} all_resolved=True n_resolved=3/3 tokens=(5256,1307)
  N=3 real_musique_00259_3hop2__230_89048_66294 seed=1 arm=full_regen: per_fault={'ctx': True, 'bullets': True, 'preamble': True} all_resolved=True n_resolved=3/3 tokens=(4476,950)
  N=3 real_musique_00259_3hop2__230_89048_66294 seed=1 arm=react: per_fault={'ctx': True, 'bullets': True, 'preamble': True} all_resolved=True n_resolved=3/3 tokens=(4532,1010)
  N=3 real_musique_00259_3hop2__230_89048_66294 seed=1 arm=selfcheckgpt: per_fault={'ctx': True, 'bullets': True, 'preamble': True} all_resolved=True n_resolved=3/3 tokens=(13163,750)
  N=3 real_musique_00259_3hop2__230_89048_66294 seed=1 arm=reflexion: per_fault={'ctx': True, 'bullets': True, 'preamble': True} all_resolved=True n_resolved=3/3 tokens=(2238,621)
  N=3 real_musique_00259_3hop2__230_89048_66294 seed=1 arm=intro_specter: per_fault={'ctx': True, 'bullets': True, 'preamble': True} all_resolved=True n_resolved=3/3 tokens=(5408,1169)
  N=3 real_musique_00259_3hop2__230_89048_66294 seed=2 arm=direct: per_fault={'ctx': True, 'bullets': True, 'preamble': True} all_resolved=True n_resolved=3/3 tokens=(2238,647)
  N=3 real_musique_00259_3hop2__230_89048_66294 seed=2 arm=self_refine: per_fault={'ctx': True, 'bullets': True, 'preamble': True} all_resolved=True n_resolved=3/3 tokens=(5282,1260)
  N=3 real_musique_00259_3hop2__230_89048_66294 seed=2 arm=full_regen: per_fault={'ctx': True, 'bullets': True, 'preamble': True} all_resolved=True n_resolved=3/3 tokens=(4476,815)
  N=3 real_musique_00259_3hop2__230_89048_66294 seed=2 arm=react: per_fault={'ctx': True, 'bullets': True, 'preamble': True} all_resolved=True n_resolved=3/3 tokens=(4532,1050)
  N=3 real_musique_00259_3hop2__230_89048_66294 seed=2 arm=selfcheckgpt: per_fault={'ctx': True, 'bullets': True, 'preamble': True} all_resolved=True n_resolved=3/3 tokens=(13126,805)
  N=3 real_musique_00259_3hop2__230_89048_66294 seed=2 arm=reflexion: per_fault={'ctx': True, 'bullets': True, 'preamble': True} all_resolved=True n_resolved=3/3 tokens=(2238,647)
  N=3 real_musique_00259_3hop2__230_89048_66294 seed=2 arm=intro_specter: per_fault={'ctx': True, 'bullets': True, 'preamble': True} all_resolved=True n_resolved=3/3 tokens=(5434,1124)
  N=3 real_musique_00268_3hop1__603558_87694_64412 seed=0 arm=direct: per_fault={'ctx': True, 'bullets': True, 'preamble': True} all_resolved=True n_resolved=3/3 tokens=(2151,359)
  N=3 real_musique_00268_3hop1__603558_87694_64412 seed=0 arm=self_refine: per_fault={'ctx': True, 'bullets': True, 'preamble': True} all_resolved=True n_resolved=3/3 tokens=(4823,1022)
  N=3 real_musique_00268_3hop1__603558_87694_64412 seed=0 arm=full_regen: per_fault={'ctx': False, 'bullets': True, 'preamble': True} all_resolved=False n_resolved=2/3 tokens=(4302,930)
  N=3 real_musique_00268_3hop1__603558_87694_64412 seed=0 arm=react: per_fault={'ctx': True, 'bullets': True, 'preamble': True} all_resolved=True n_resolved=3/3 tokens=(4358,977)
  N=3 real_musique_00268_3hop1__603558_87694_64412 seed=0 arm=selfcheckgpt: per_fault={'ctx': False, 'bullets': True, 'preamble': True} all_resolved=False n_resolved=2/3 tokens=(14760,586)
  N=3 real_musique_00268_3hop1__603558_87694_64412 seed=0 arm=reflexion: per_fault={'ctx': True, 'bullets': True, 'preamble': True} all_resolved=True n_resolved=3/3 tokens=(2151,359)
  N=3 real_musique_00268_3hop1__603558_87694_64412 seed=0 arm=intro_specter: per_fault={'ctx': True, 'bullets': True, 'preamble': True} all_resolved=True n_resolved=3/3 tokens=(4975,784)
  N=3 real_musique_00268_3hop1__603558_87694_64412 seed=1 arm=direct: per_fault={'ctx': True, 'bullets': True, 'preamble': True} all_resolved=True n_resolved=3/3 tokens=(2151,359)
  N=3 real_musique_00268_3hop1__603558_87694_64412 seed=1 arm=self_refine: per_fault={'ctx': True, 'bullets': True, 'preamble': True} all_resolved=True n_resolved=3/3 tokens=(4823,1022)
  N=3 real_musique_00268_3hop1__603558_87694_64412 seed=1 arm=full_regen: per_fault={'ctx': True, 'bullets': True, 'preamble': False} all_resolved=False n_resolved=2/3 tokens=(4302,1133)
  N=3 real_musique_00268_3hop1__603558_87694_64412 seed=1 arm=react: per_fault={'ctx': True, 'bullets': True, 'preamble': True} all_resolved=True n_resolved=3/3 tokens=(4358,977)
  N=3 real_musique_00268_3hop1__603558_87694_64412 seed=1 arm=selfcheckgpt: per_fault={'ctx': False, 'bullets': True, 'preamble': True} all_resolved=False n_resolved=2/3 tokens=(14750,562)
  N=3 real_musique_00268_3hop1__603558_87694_64412 seed=1 arm=reflexion: per_fault={'ctx': True, 'bullets': True, 'preamble': True} all_resolved=True n_resolved=3/3 tokens=(2151,359)
  N=3 real_musique_00268_3hop1__603558_87694_64412 seed=1 arm=intro_specter: per_fault={'ctx': True, 'bullets': True, 'preamble': True} all_resolved=True n_resolved=3/3 tokens=(4975,784)
  N=3 real_musique_00268_3hop1__603558_87694_64412 seed=2 arm=direct: per_fault={'ctx': True, 'bullets': True, 'preamble': True} all_resolved=True n_resolved=3/3 tokens=(2151,419)
  N=3 real_musique_00268_3hop1__603558_87694_64412 seed=2 arm=self_refine: per_fault={'ctx': False, 'bullets': True, 'preamble': True} all_resolved=False n_resolved=2/3 tokens=(4820,951)
  N=3 real_musique_00268_3hop1__603558_87694_64412 seed=2 arm=full_regen: per_fault={'ctx': False, 'bullets': True, 'preamble': True} all_resolved=False n_resolved=2/3 tokens=(4302,1106)
  N=3 real_musique_00268_3hop1__603558_87694_64412 seed=2 arm=react: per_fault={'ctx': True, 'bullets': True, 'preamble': True} all_resolved=True n_resolved=3/3 tokens=(4358,1030)
  N=3 real_musique_00268_3hop1__603558_87694_64412 seed=2 arm=selfcheckgpt: per_fault={'ctx': False, 'bullets': True, 'preamble': True} all_resolved=False n_resolved=2/3 tokens=(14771,661)
  N=3 real_musique_00268_3hop1__603558_87694_64412 seed=2 arm=reflexion: per_fault={'ctx': True, 'bullets': True, 'preamble': True} all_resolved=True n_resolved=3/3 tokens=(2151,419)
  N=3 real_musique_00268_3hop1__603558_87694_64412 seed=2 arm=intro_specter: per_fault={'ctx': True, 'bullets': True, 'preamble': True} all_resolved=True n_resolved=3/3 tokens=(4972,951)

--- run summary (N=3, model=mistral-nemo-12b) ---
rows written: 76  errors: 0
total tokens_input=478378  total tokens_output=76484  grand_total=554862
Resuming arm=direct: 180 (task_id, seed) rows already present, will be skipped.
Resuming arm=self_refine: 180 (task_id, seed) rows already present, will be skipped.
Resuming arm=full_regen: 180 (task_id, seed) rows already present, will be skipped.
Resuming arm=react: 180 (task_id, seed) rows already present, will be skipped.
Resuming arm=selfcheckgpt: 180 (task_id, seed) rows already present, will be skipped.
Resuming arm=reflexion: 180 (task_id, seed) rows already present, will be skipped.
Resuming arm=intro_specter: 180 (task_id, seed) rows already present, will be skipped.
Building 60 3-fault (1 ctx + 2 profile) musique_real examples (bench_seed=42, scan_limit=760)...
Built 60 examples. seeds=[0, 1, 2], model=mistral-nemo-12b, arms=['direct', 'self_refine', 'full_regen', 'react', 'selfcheckgpt', 'reflexion', 'intro_specter']

--- run summary (N=3, model=mistral-nemo-12b) ---
rows written: 0  errors: 0
total tokens_input=0  total tokens_output=0  grand_total=0
Resuming arm=direct: 180 (task_id, seed) rows already present, will be skipped.
Resuming arm=self_refine: 180 (task_id, seed) rows already present, will be skipped.
Resuming arm=full_regen: 180 (task_id, seed) rows already present, will be skipped.
Resuming arm=react: 180 (task_id, seed) rows already present, will be skipped.
Resuming arm=selfcheckgpt: 180 (task_id, seed) rows already present, will be skipped.
Resuming arm=reflexion: 180 (task_id, seed) rows already present, will be skipped.
Resuming arm=intro_specter: 180 (task_id, seed) rows already present, will be skipped.
Building 60 3-fault (1 ctx + 2 profile) musique_real examples (bench_seed=42, scan_limit=760)...
Built 60 examples. seeds=[0, 1, 2], model=mistral-nemo-12b, arms=['direct', 'self_refine', 'full_regen', 'react', 'selfcheckgpt', 'reflexion', 'intro_specter']

--- run summary (N=3, model=mistral-nemo-12b) ---
rows written: 0  errors: 0
total tokens_input=0  total tokens_output=0  grand_total=0
Resuming arm=direct: 180 (task_id, seed) rows already present, will be skipped.
Resuming arm=self_refine: 180 (task_id, seed) rows already present, will be skipped.
Resuming arm=full_regen: 180 (task_id, seed) rows already present, will be skipped.
Resuming arm=react: 180 (task_id, seed) rows already present, will be skipped.
Resuming arm=selfcheckgpt: 180 (task_id, seed) rows already present, will be skipped.
Resuming arm=reflexion: 180 (task_id, seed) rows already present, will be skipped.
Resuming arm=intro_specter: 180 (task_id, seed) rows already present, will be skipped.
Building 60 3-fault (1 ctx + 2 profile) musique_real examples (bench_seed=42, scan_limit=760)...
Built 60 examples. seeds=[0, 1, 2], model=mistral-nemo-12b, arms=['direct', 'self_refine', 'full_regen', 'react', 'selfcheckgpt', 'reflexion', 'intro_specter']

--- run summary (N=3, model=mistral-nemo-12b) ---
rows written: 0  errors: 0
total tokens_input=0  total tokens_output=0  grand_total=0
Resuming arm=direct: 180 (task_id, seed) rows already present, will be skipped.
Resuming arm=self_refine: 180 (task_id, seed) rows already present, will be skipped.
Resuming arm=full_regen: 180 (task_id, seed) rows already present, will be skipped.
Resuming arm=react: 180 (task_id, seed) rows already present, will be skipped.
Resuming arm=selfcheckgpt: 180 (task_id, seed) rows already present, will be skipped.
Resuming arm=reflexion: 180 (task_id, seed) rows already present, will be skipped.
Resuming arm=intro_specter: 180 (task_id, seed) rows already present, will be skipped.
Building 60 3-fault (1 ctx + 2 profile) musique_real examples (bench_seed=42, scan_limit=760)...
Built 60 examples. seeds=[0, 1, 2], model=mistral-nemo-12b, arms=['direct', 'self_refine', 'full_regen', 'react', 'selfcheckgpt', 'reflexion', 'intro_specter']

--- run summary (N=3, model=mistral-nemo-12b) ---
rows written: 0  errors: 0
total tokens_input=0  total tokens_output=0  grand_total=0
