Building 60 5-fault (3 hop + 2 profile) musique_real hop examples (bench_seed=42, scan_limit=760)...
Built 60 examples. seeds=[0, 1, 2], model=qwen-2.5-7b, arms=['direct', 'self_refine', 'full_regen', 'react', 'selfcheckgpt', 'reflexion', 'intro_specter']
  N=5 real_musique_hop_00001_3hop1__145290_443779_52195 seed=0 arm=direct: per_fault={'hop0': False, 'hop1': False, 'hop2': True, 'concise': True, 'english': True} all_resolved=False n_resolved=3/5 tokens=(1751,352)
  N=5 real_musique_hop_00001_3hop1__145290_443779_52195 seed=0 arm=self_refine: per_fault={'hop0': False, 'hop1': False, 'hop2': True, 'concise': True, 'english': True} all_resolved=False n_resolved=3/5 tokens=(4001,917)
  N=5 real_musique_hop_00001_3hop1__145290_443779_52195 seed=0 arm=full_regen: per_fault={'hop0': False, 'hop1': False, 'hop2': True, 'concise': True, 'english': True} all_resolved=False n_resolved=3/5 tokens=(3502,703)
  N=5 real_musique_hop_00001_3hop1__145290_443779_52195 seed=0 arm=react: per_fault={'hop0': False, 'hop1': False, 'hop2': True, 'concise': True, 'english': True} all_resolved=False n_resolved=3/5 tokens=(3555,1298)
  N=5 real_musique_hop_00001_3hop1__145290_443779_52195 seed=0 arm=selfcheckgpt: per_fault={'hop0': False, 'hop1': False, 'hop2': True, 'concise': True, 'english': True} all_resolved=False n_resolved=3/5 tokens=(10211,548)
  N=5 real_musique_hop_00001_3hop1__145290_443779_52195 seed=0 arm=reflexion: per_fault={'hop0': False, 'hop1': False, 'hop2': True, 'concise': True, 'english': True} all_resolved=False n_resolved=3/5 tokens=(1751,352)
  N=5 real_musique_hop_00001_3hop1__145290_443779_52195 seed=0 arm=intro_specter: per_fault={'hop0': False, 'hop1': False, 'hop2': True, 'concise': True, 'english': True} all_resolved=False n_resolved=3/5 tokens=(4155,952)
  N=5 real_musique_hop_00001_3hop1__145290_443779_52195 seed=1 arm=direct: per_fault={'hop0': False, 'hop1': False, 'hop2': True, 'concise': True, 'english': True} all_resolved=False n_resolved=3/5 tokens=(1751,352)
  N=5 real_musique_hop_00001_3hop1__145290_443779_52195 seed=1 arm=self_refine: per_fault={'hop0': False, 'hop1': False, 'hop2': True, 'concise': True, 'english': True} all_resolved=False n_resolved=3/5 tokens=(4001,917)
  N=5 real_musique_hop_00001_3hop1__145290_443779_52195 seed=1 arm=full_regen: per_fault={'hop0': False, 'hop1': False, 'hop2': False, 'concise': True, 'english': True} all_resolved=False n_resolved=2/5 tokens=(3502,514)
  N=5 real_musique_hop_00001_3hop1__145290_443779_52195 seed=1 arm=react: per_fault={'hop0': False, 'hop1': False, 'hop2': True, 'concise': True, 'english': True} all_resolved=False n_resolved=3/5 tokens=(3555,1298)
  N=5 real_musique_hop_00001_3hop1__145290_443779_52195 seed=1 arm=selfcheckgpt: per_fault={'hop0': False, 'hop1': False, 'hop2': True, 'concise': True, 'english': True} all_resolved=False n_resolved=3/5 tokens=(12026,691)
  N=5 real_musique_hop_00001_3hop1__145290_443779_52195 seed=1 arm=reflexion: per_fault={'hop0': False, 'hop1': False, 'hop2': True, 'concise': True, 'english': True} all_resolved=False n_resolved=3/5 tokens=(1751,352)
  N=5 real_musique_hop_00001_3hop1__145290_443779_52195 seed=1 arm=intro_specter: per_fault={'hop0': False, 'hop1': False, 'hop2': True, 'concise': True, 'english': True} all_resolved=False n_resolved=3/5 tokens=(4155,952)
  N=5 real_musique_hop_00001_3hop1__145290_443779_52195 seed=2 arm=direct: per_fault={'hop0': False, 'hop1': False, 'hop2': False, 'concise': True, 'english': True} all_resolved=False n_resolved=2/5 tokens=(1751,428)
  N=5 real_musique_hop_00001_3hop1__145290_443779_52195 seed=2 arm=self_refine: per_fault={'hop0': False, 'hop1': False, 'hop2': False, 'concise': True, 'english': True} all_resolved=False n_resolved=2/5 tokens=(4041,1052)
  N=5 real_musique_hop_00001_3hop1__145290_443779_52195 seed=2 arm=full_regen: per_fault={'hop0': False, 'hop1': False, 'hop2': False, 'concise': True, 'english': True} all_resolved=False n_resolved=2/5 tokens=(3502,587)
  N=5 real_musique_hop_00001_3hop1__145290_443779_52195 seed=2 arm=react: per_fault={'hop0': False, 'hop1': False, 'hop2': True, 'concise': True, 'english': True} all_resolved=False n_resolved=3/5 tokens=(3555,1016)
  N=5 real_musique_hop_00001_3hop1__145290_443779_52195 seed=2 arm=selfcheckgpt: per_fault={'hop0': False, 'hop1': False, 'hop2': False, 'concise': True, 'english': True} all_resolved=False n_resolved=2/5 tokens=(11915,683)
  N=5 real_musique_hop_00001_3hop1__145290_443779_52195 seed=2 arm=reflexion: per_fault={'hop0': False, 'hop1': False, 'hop2': False, 'concise': True, 'english': True} all_resolved=False n_resolved=2/5 tokens=(11579,1690)
  N=5 real_musique_hop_00001_3hop1__145290_443779_52195 seed=2 arm=intro_specter: per_fault={'hop0': False, 'hop1': False, 'hop2': True, 'concise': True, 'english': True} all_resolved=False n_resolved=3/5 tokens=(4195,1049)
  N=5 real_musique_hop_00002_3hop1__105767_443779_52195 seed=0 arm=direct: per_fault={'hop0': True, 'hop1': False, 'hop2': True, 'bullets': True, 'concise': True} all_resolved=False n_resolved=4/5 tokens=(1906,276)
  N=5 real_musique_hop_00002_3hop1__105767_443779_52195 seed=0 arm=self_refine: per_fault={'hop0': True, 'hop1': False, 'hop2': True, 'bullets': True, 'concise': False} all_resolved=False n_resolved=3/5 tokens=(4190,759)
  N=5 real_musique_hop_00002_3hop1__105767_443779_52195 seed=0 arm=full_regen: per_fault={'hop0': False, 'hop1': False, 'hop2': True, 'bullets': True, 'concise': True} all_resolved=False n_resolved=3/5 tokens=(3812,548)
  N=5 real_musique_hop_00002_3hop1__105767_443779_52195 seed=0 arm=react: per_fault={'hop0': True, 'hop1': True, 'hop2': True, 'bullets': True, 'concise': True} all_resolved=True n_resolved=5/5 tokens=(3865,977)
  N=5 real_musique_hop_00002_3hop1__105767_443779_52195 seed=0 arm=selfcheckgpt: per_fault={'hop0': True, 'hop1': False, 'hop2': True, 'bullets': True, 'concise': True} all_resolved=False n_resolved=4/5 tokens=(11221,514)
  N=5 real_musique_hop_00002_3hop1__105767_443779_52195 seed=0 arm=reflexion: per_fault={'hop0': True, 'hop1': False, 'hop2': True, 'bullets': True, 'concise': True} all_resolved=False n_resolved=4/5 tokens=(1906,276)
  N=5 real_musique_hop_00002_3hop1__105767_443779_52195 seed=0 arm=intro_specter: per_fault={'hop0': True, 'hop1': False, 'hop2': True, 'bullets': True, 'concise': True} all_resolved=False n_resolved=4/5 tokens=(4344,697)
  N=5 real_musique_hop_00002_3hop1__105767_443779_52195 seed=1 arm=direct: per_fault={'hop0': True, 'hop1': False, 'hop2': True, 'bullets': True, 'concise': True} all_resolved=False n_resolved=4/5 tokens=(1906,276)
  N=5 real_musique_hop_00002_3hop1__105767_443779_52195 seed=1 arm=self_refine: per_fault={'hop0': True, 'hop1': False, 'hop2': True, 'bullets': True, 'concise': False} all_resolved=False n_resolved=3/5 tokens=(4190,759)
  N=5 real_musique_hop_00002_3hop1__105767_443779_52195 seed=1 arm=full_regen: per_fault={'hop0': False, 'hop1': False, 'hop2': True, 'bullets': True, 'concise': True} all_resolved=False n_resolved=3/5 tokens=(3812,523)
  N=5 real_musique_hop_00002_3hop1__105767_443779_52195 seed=1 arm=react: per_fault={'hop0': True, 'hop1': True, 'hop2': True, 'bullets': True, 'concise': True} all_resolved=True n_resolved=5/5 tokens=(3865,977)
  N=5 real_musique_hop_00002_3hop1__105767_443779_52195 seed=1 arm=selfcheckgpt: per_fault={'hop0': True, 'hop1': False, 'hop2': True, 'bullets': True, 'concise': True} all_resolved=False n_resolved=4/5 tokens=(11221,518)
  N=5 real_musique_hop_00002_3hop1__105767_443779_52195 seed=1 arm=reflexion: per_fault={'hop0': True, 'hop1': False, 'hop2': True, 'bullets': True, 'concise': True} all_resolved=False n_resolved=4/5 tokens=(1906,276)
  N=5 real_musique_hop_00002_3hop1__105767_443779_52195 seed=1 arm=intro_specter: per_fault={'hop0': True, 'hop1': False, 'hop2': True, 'bullets': True, 'concise': True} all_resolved=False n_resolved=4/5 tokens=(4344,697)
  N=5 real_musique_hop_00002_3hop1__105767_443779_52195 seed=2 arm=direct: per_fault={'hop0': False, 'hop1': False, 'hop2': True, 'bullets': True, 'concise': True} all_resolved=False n_resolved=3/5 tokens=(1906,298)
  N=5 real_musique_hop_00002_3hop1__105767_443779_52195 seed=2 arm=self_refine: per_fault={'hop0': False, 'hop1': False, 'hop2': True, 'bullets': True, 'concise': True} all_resolved=False n_resolved=3/5 tokens=(4240,724)
  N=5 real_musique_hop_00002_3hop1__105767_443779_52195 seed=2 arm=full_regen: per_fault={'hop0': True, 'hop1': True, 'hop2': True, 'bullets': True, 'concise': True} all_resolved=True n_resolved=5/5 tokens=(3812,805)
  N=5 real_musique_hop_00002_3hop1__105767_443779_52195 seed=2 arm=react: per_fault={'hop0': True, 'hop1': True, 'hop2': True, 'bullets': True, 'concise': True} all_resolved=True n_resolved=5/5 tokens=(3865,1191)
  N=5 real_musique_hop_00002_3hop1__105767_443779_52195 seed=2 arm=selfcheckgpt: per_fault={'hop0': False, 'hop1': False, 'hop2': True, 'bullets': True, 'concise': True} all_resolved=False n_resolved=3/5 tokens=(11236,571)
  N=5 real_musique_hop_00002_3hop1__105767_443779_52195 seed=2 arm=reflexion: per_fault={'hop0': False, 'hop1': False, 'hop2': True, 'bullets': True, 'concise': True} all_resolved=False n_resolved=3/5 tokens=(1906,298)
  N=5 real_musique_hop_00002_3hop1__105767_443779_52195 seed=2 arm=intro_specter: per_fault={'hop0': False, 'hop1': False, 'hop2': True, 'bullets': True, 'concise': True} all_resolved=False n_resolved=3/5 tokens=(4394,805)
  N=5 real_musique_hop_00004_3hop1__103881_443779_52195 seed=0 arm=direct: per_fault={'hop0': False, 'hop1': False, 'hop2': True, 'concise': True, 'preamble': True} all_resolved=False n_resolved=3/5 tokens=(1842,212)
  N=5 real_musique_hop_00004_3hop1__103881_443779_52195 seed=0 arm=self_refine: per_fault={'hop0': False, 'hop1': False, 'hop2': True, 'concise': False, 'preamble': True} all_resolved=False n_resolved=2/5 tokens=(3998,649)
  N=5 real_musique_hop_00004_3hop1__103881_443779_52195 seed=0 arm=full_regen: per_fault={'hop0': False, 'hop1': False, 'hop2': True, 'concise': True, 'preamble': True} all_resolved=False n_resolved=3/5 tokens=(3684,436)
  N=5 real_musique_hop_00004_3hop1__103881_443779_52195 seed=0 arm=react: per_fault={'hop0': True, 'hop1': True, 'hop2': True, 'concise': True, 'preamble': True} all_resolved=True n_resolved=5/5 tokens=(3737,926)
  N=5 real_musique_hop_00004_3hop1__103881_443779_52195 seed=0 arm=selfcheckgpt: per_fault={'hop0': False, 'hop1': False, 'hop2': True, 'concise': True, 'preamble': True} all_resolved=False n_resolved=3/5 tokens=(10668,315)
  N=5 real_musique_hop_00004_3hop1__103881_443779_52195 seed=0 arm=reflexion: per_fault={'hop0': False, 'hop1': False, 'hop2': True, 'concise': True, 'preamble': True} all_resolved=False n_resolved=3/5 tokens=(1842,212)
  N=5 real_musique_hop_00004_3hop1__103881_443779_52195 seed=0 arm=intro_specter: per_fault={'hop0': False, 'hop1': False, 'hop2': True, 'concise': True, 'preamble': True} all_resolved=False n_resolved=3/5 tokens=(4152,627)
  N=5 real_musique_hop_00004_3hop1__103881_443779_52195 seed=1 arm=direct: per_fault={'hop0': False, 'hop1': False, 'hop2': True, 'concise': True, 'preamble': True} all_resolved=False n_resolved=3/5 tokens=(1842,212)
  N=5 real_musique_hop_00004_3hop1__103881_443779_52195 seed=1 arm=self_refine: per_fault={'hop0': False, 'hop1': False, 'hop2': True, 'concise': False, 'preamble': True} all_resolved=False n_resolved=2/5 tokens=(3998,649)
  N=5 real_musique_hop_00004_3hop1__103881_443779_52195 seed=1 arm=full_regen: per_fault={'hop0': True, 'hop1': True, 'hop2': True, 'concise': True, 'preamble': True} all_resolved=True n_resolved=5/5 tokens=(3684,547)
  N=5 real_musique_hop_00004_3hop1__103881_443779_52195 seed=1 arm=react: per_fault={'hop0': True, 'hop1': True, 'hop2': True, 'concise': True, 'preamble': True} all_resolved=True n_resolved=5/5 tokens=(3737,926)
  N=5 real_musique_hop_00004_3hop1__103881_443779_52195 seed=1 arm=selfcheckgpt: per_fault={'hop0': False, 'hop1': False, 'hop2': True, 'concise': True, 'preamble': True} all_resolved=False n_resolved=3/5 tokens=(10668,313)
  N=5 real_musique_hop_00004_3hop1__103881_443779_52195 seed=1 arm=reflexion: per_fault={'hop0': False, 'hop1': False, 'hop2': True, 'concise': True, 'preamble': True} all_resolved=False n_resolved=3/5 tokens=(1842,212)
  N=5 real_musique_hop_00004_3hop1__103881_443779_52195 seed=1 arm=intro_specter: per_fault={'hop0': False, 'hop1': False, 'hop2': True, 'concise': True, 'preamble': True} all_resolved=False n_resolved=3/5 tokens=(4152,627)
  N=5 real_musique_hop_00004_3hop1__103881_443779_52195 seed=2 arm=direct: per_fault={'hop0': False, 'hop1': False, 'hop2': True, 'concise': True, 'preamble': True} all_resolved=False n_resolved=3/5 tokens=(1842,299)
  N=5 real_musique_hop_00004_3hop1__103881_443779_52195 seed=2 arm=self_refine: per_fault={'hop0': False, 'hop1': True, 'hop2': True, 'concise': False, 'preamble': True} all_resolved=False n_resolved=3/5 tokens=(4079,794)
  N=5 real_musique_hop_00004_3hop1__103881_443779_52195 seed=2 arm=full_regen: per_fault={'hop0': True, 'hop1': True, 'hop2': True, 'concise': True, 'preamble': True} all_resolved=True n_resolved=5/5 tokens=(3684,751)
  N=5 real_musique_hop_00004_3hop1__103881_443779_52195 seed=2 arm=react: per_fault={'hop0': True, 'hop1': True, 'hop2': True, 'concise': True, 'preamble': True} all_resolved=True n_resolved=5/5 tokens=(3737,980)
  N=5 real_musique_hop_00004_3hop1__103881_443779_52195 seed=2 arm=selfcheckgpt: per_fault={'hop0': False, 'hop1': False, 'hop2': True, 'concise': True, 'preamble': True} all_resolved=False n_resolved=3/5 tokens=(10668,402)
  N=5 real_musique_hop_00004_3hop1__103881_443779_52195 seed=2 arm=reflexion: per_fault={'hop0': False, 'hop1': False, 'hop2': True, 'concise': True, 'preamble': True} all_resolved=False n_resolved=3/5 tokens=(1842,299)
  N=5 real_musique_hop_00004_3hop1__103881_443779_52195 seed=2 arm=intro_specter: per_fault={'hop0': False, 'hop1': False, 'hop2': True, 'concise': True, 'preamble': True} all_resolved=False n_resolved=3/5 tokens=(4233,860)
  N=5 real_musique_hop_00005_3hop1__106094_443779_52195 seed=0 arm=direct: per_fault={'hop0': True, 'hop1': False, 'hop2': True, 'bullets': True, 'concise': False} all_resolved=False n_resolved=3/5 tokens=(1992,258)
  N=5 real_musique_hop_00005_3hop1__106094_443779_52195 seed=0 arm=self_refine: per_fault={'hop0': True, 'hop1': False, 'hop2': True, 'bullets': True, 'concise': False} all_resolved=False n_resolved=3/5 tokens=(4344,716)
  N=5 real_musique_hop_00005_3hop1__106094_443779_52195 seed=0 arm=full_regen: per_fault={'hop0': True, 'hop1': False, 'hop2': True, 'bullets': True, 'concise': True} all_resolved=False n_resolved=4/5 tokens=(3984,682)
  N=5 real_musique_hop_00005_3hop1__106094_443779_52195 seed=0 arm=react: per_fault={'hop0': True, 'hop1': True, 'hop2': True, 'bullets': True, 'concise': False} all_resolved=False n_resolved=4/5 tokens=(4037,1108)
  N=5 real_musique_hop_00005_3hop1__106094_443779_52195 seed=0 arm=selfcheckgpt: per_fault={'hop0': True, 'hop1': False, 'hop2': True, 'bullets': True, 'concise': False} all_resolved=False n_resolved=3/5 tokens=(11717,479)
  N=5 real_musique_hop_00005_3hop1__106094_443779_52195 seed=0 arm=reflexion: per_fault={'hop0': True, 'hop1': False, 'hop2': True, 'bullets': True, 'concise': False} all_resolved=False n_resolved=3/5 tokens=(1992,258)
  N=5 real_musique_hop_00005_3hop1__106094_443779_52195 seed=0 arm=intro_specter: per_fault={'hop0': True, 'hop1': False, 'hop2': True, 'bullets': True, 'concise': False} all_resolved=False n_resolved=3/5 tokens=(4498,714)
  N=5 real_musique_hop_00005_3hop1__106094_443779_52195 seed=1 arm=direct: per_fault={'hop0': True, 'hop1': False, 'hop2': True, 'bullets': True, 'concise': False} all_resolved=False n_resolved=3/5 tokens=(1992,258)
  N=5 real_musique_hop_00005_3hop1__106094_443779_52195 seed=1 arm=self_refine: per_fault={'hop0': True, 'hop1': False, 'hop2': True, 'bullets': True, 'concise': False} all_resolved=False n_resolved=3/5 tokens=(4344,716)
  N=5 real_musique_hop_00005_3hop1__106094_443779_52195 seed=1 arm=full_regen: per_fault={'hop0': True, 'hop1': True, 'hop2': True, 'bullets': True, 'concise': False} all_resolved=False n_resolved=4/5 tokens=(3984,604)
  N=5 real_musique_hop_00005_3hop1__106094_443779_52195 seed=1 arm=react: per_fault={'hop0': True, 'hop1': True, 'hop2': True, 'bullets': True, 'concise': False} all_resolved=False n_resolved=4/5 tokens=(4037,1108)
  N=5 real_musique_hop_00005_3hop1__106094_443779_52195 seed=1 arm=selfcheckgpt: per_fault={'hop0': True, 'hop1': False, 'hop2': True, 'bullets': True, 'concise': False} all_resolved=False n_resolved=3/5 tokens=(11722,490)
  N=5 real_musique_hop_00005_3hop1__106094_443779_52195 seed=1 arm=reflexion: per_fault={'hop0': True, 'hop1': False, 'hop2': True, 'bullets': True, 'concise': False} all_resolved=False n_resolved=3/5 tokens=(1992,258)
  N=5 real_musique_hop_00005_3hop1__106094_443779_52195 seed=1 arm=intro_specter: per_fault={'hop0': True, 'hop1': False, 'hop2': True, 'bullets': True, 'concise': False} all_resolved=False n_resolved=3/5 tokens=(4498,714)
  N=5 real_musique_hop_00005_3hop1__106094_443779_52195 seed=2 arm=direct: per_fault={'hop0': True, 'hop1': True, 'hop2': True, 'bullets': True, 'concise': False} all_resolved=False n_resolved=4/5 tokens=(1992,415)
  N=5 real_musique_hop_00005_3hop1__106094_443779_52195 seed=2 arm=self_refine: per_fault={'hop0': True, 'hop1': True, 'hop2': True, 'bullets': True, 'concise': True} all_resolved=True n_resolved=5/5 tokens=(4557,1030)
  N=5 real_musique_hop_00005_3hop1__106094_443779_52195 seed=2 arm=full_regen: per_fault={'hop0': True, 'hop1': True, 'hop2': True, 'bullets': True, 'concise': False} all_resolved=False n_resolved=4/5 tokens=(3984,832)
  N=5 real_musique_hop_00005_3hop1__106094_443779_52195 seed=2 arm=react: per_fault={'hop0': True, 'hop1': True, 'hop2': True, 'bullets': True, 'concise': False} all_resolved=False n_resolved=4/5 tokens=(4037,1242)
  N=5 real_musique_hop_00005_3hop1__106094_443779_52195 seed=2 arm=selfcheckgpt: per_fault={'hop0': True, 'hop1': True, 'hop2': True, 'bullets': True, 'concise': False} all_resolved=False n_resolved=4/5 tokens=(13699,707)
  N=5 real_musique_hop_00005_3hop1__106094_443779_52195 seed=2 arm=reflexion: per_fault={'hop0': True, 'hop1': True, 'hop2': True, 'bullets': True, 'concise': False} all_resolved=False n_resolved=4/5 tokens=(1992,415)
  N=5 real_musique_hop_00005_3hop1__106094_443779_52195 seed=2 arm=intro_specter: per_fault={'hop0': True, 'hop1': True, 'hop2': True, 'bullets': True, 'concise': False} all_resolved=False n_resolved=4/5 tokens=(4711,1159)
  N=5 real_musique_hop_00007_3hop1__144678_443779_52195 seed=0 arm=direct: per_fault={'hop0': False, 'hop1': False, 'hop2': True, 'concise': True, 'english': True} all_resolved=False n_resolved=3/5 tokens=(1843,243)
  N=5 real_musique_hop_00007_3hop1__144678_443779_52195 seed=0 arm=self_refine: per_fault={'hop0': False, 'hop1': False, 'hop2': True, 'concise': True, 'english': True} all_resolved=False n_resolved=3/5 tokens=(4024,594)
  N=5 real_musique_hop_00007_3hop1__144678_443779_52195 seed=0 arm=full_regen: per_fault={'hop0': False, 'hop1': False, 'hop2': True, 'concise': True, 'english': True} all_resolved=False n_resolved=3/5 tokens=(3686,583)
  N=5 real_musique_hop_00007_3hop1__144678_443779_52195 seed=0 arm=react: per_fault={'hop0': False, 'hop1': False, 'hop2': True, 'concise': True, 'english': True} all_resolved=False n_resolved=3/5 tokens=(3739,1094)
  N=5 real_musique_hop_00007_3hop1__144678_443779_52195 seed=0 arm=selfcheckgpt: per_fault={'hop0': False, 'hop1': False, 'hop2': True, 'concise': True, 'english': True} all_resolved=False n_resolved=3/5 tokens=(12609,535)
  N=5 real_musique_hop_00007_3hop1__144678_443779_52195 seed=0 arm=reflexion: per_fault={'hop0': False, 'hop1': False, 'hop2': True, 'concise': True, 'english': True} all_resolved=False n_resolved=3/5 tokens=(1843,243)
  N=5 real_musique_hop_00007_3hop1__144678_443779_52195 seed=0 arm=intro_specter: per_fault={'hop0': False, 'hop1': False, 'hop2': True, 'concise': True, 'english': True} all_resolved=False n_resolved=3/5 tokens=(4178,661)
  N=5 real_musique_hop_00007_3hop1__144678_443779_52195 seed=1 arm=direct: per_fault={'hop0': False, 'hop1': False, 'hop2': True, 'concise': True, 'english': True} all_resolved=False n_resolved=3/5 tokens=(1843,243)
  N=5 real_musique_hop_00007_3hop1__144678_443779_52195 seed=1 arm=self_refine: per_fault={'hop0': False, 'hop1': False, 'hop2': True, 'concise': True, 'english': True} all_resolved=False n_resolved=3/5 tokens=(4024,594)
  N=5 real_musique_hop_00007_3hop1__144678_443779_52195 seed=1 arm=full_regen: per_fault={'hop0': False, 'hop1': False, 'hop2': True, 'concise': True, 'english': True} all_resolved=False n_resolved=3/5 tokens=(3686,493)
  N=5 real_musique_hop_00007_3hop1__144678_443779_52195 seed=1 arm=react: per_fault={'hop0': False, 'hop1': False, 'hop2': True, 'concise': True, 'english': True} all_resolved=False n_resolved=3/5 tokens=(3739,1094)
  N=5 real_musique_hop_00007_3hop1__144678_443779_52195 seed=1 arm=selfcheckgpt: per_fault={'hop0': False, 'hop1': False, 'hop2': True, 'concise': True, 'english': True} all_resolved=False n_resolved=3/5 tokens=(12605,536)
  N=5 real_musique_hop_00007_3hop1__144678_443779_52195 seed=1 arm=reflexion: per_fault={'hop0': False, 'hop1': False, 'hop2': True, 'concise': True, 'english': True} all_resolved=False n_resolved=3/5 tokens=(1843,243)
  N=5 real_musique_hop_00007_3hop1__144678_443779_52195 seed=1 arm=intro_specter: per_fault={'hop0': False, 'hop1': False, 'hop2': True, 'concise': True, 'english': True} all_resolved=False n_resolved=3/5 tokens=(4178,661)
  N=5 real_musique_hop_00007_3hop1__144678_443779_52195 seed=2 arm=direct: per_fault={'hop0': False, 'hop1': False, 'hop2': True, 'concise': True, 'english': True} all_resolved=False n_resolved=3/5 tokens=(1843,256)
  N=5 real_musique_hop_00007_3hop1__144678_443779_52195 seed=2 arm=self_refine: per_fault={'hop0': False, 'hop1': False, 'hop2': True, 'concise': True, 'english': True} all_resolved=False n_resolved=3/5 tokens=(4073,695)
  N=5 real_musique_hop_00007_3hop1__144678_443779_52195 seed=2 arm=full_regen: per_fault={'hop0': False, 'hop1': False, 'hop2': True, 'concise': True, 'english': True} all_resolved=False n_resolved=3/5 tokens=(3686,750)
  N=5 real_musique_hop_00007_3hop1__144678_443779_52195 seed=2 arm=react: per_fault={'hop0': False, 'hop1': False, 'hop2': True, 'concise': True, 'english': True} all_resolved=False n_resolved=3/5 tokens=(3739,689)
  N=5 real_musique_hop_00007_3hop1__144678_443779_52195 seed=2 arm=selfcheckgpt: per_fault={'hop0': False, 'hop1': False, 'hop2': True, 'concise': True, 'english': True} all_resolved=False n_resolved=3/5 tokens=(12591,524)
  N=5 real_musique_hop_00007_3hop1__144678_443779_52195 seed=2 arm=reflexion: per_fault={'hop0': False, 'hop1': False, 'hop2': True, 'concise': True, 'english': True} all_resolved=False n_resolved=3/5 tokens=(1843,256)
  N=5 real_musique_hop_00007_3hop1__144678_443779_52195 seed=2 arm=intro_specter: per_fault={'hop0': False, 'hop1': False, 'hop2': True, 'concise': True, 'english': True} all_resolved=False n_resolved=3/5 tokens=(4227,684)
  N=5 real_musique_hop_00009_3hop1__144439_443779_52195 seed=0 arm=direct: per_fault={'hop0': True, 'hop1': False, 'hop2': True, 'bullets': True, 'preamble': True} all_resolved=False n_resolved=4/5 tokens=(1959,460)
  N=5 real_musique_hop_00009_3hop1__144439_443779_52195 seed=0 arm=self_refine: per_fault={'hop0': True, 'hop1': False, 'hop2': True, 'bullets': True, 'preamble': True} all_resolved=False n_resolved=4/5 tokens=(4592,1141)
  N=5 real_musique_hop_00009_3hop1__144439_443779_52195 seed=0 arm=full_regen: per_fault={'hop0': True, 'hop1': True, 'hop2': True, 'bullets': True, 'preamble': True} all_resolved=True n_resolved=5/5 tokens=(3918,754)
  N=5 real_musique_hop_00009_3hop1__144439_443779_52195 seed=0 arm=react: per_fault={'hop0': True, 'hop1': False, 'hop2': True, 'bullets': True, 'preamble': True} all_resolved=False n_resolved=4/5 tokens=(3971,1170)
  N=5 real_musique_hop_00009_3hop1__144439_443779_52195 seed=0 arm=selfcheckgpt: per_fault={'hop0': True, 'hop1': False, 'hop2': True, 'bullets': True, 'preamble': True} all_resolved=False n_resolved=4/5 tokens=(11370,563)
  N=5 real_musique_hop_00009_3hop1__144439_443779_52195 seed=0 arm=reflexion: per_fault={'hop0': True, 'hop1': False, 'hop2': True, 'bullets': True, 'preamble': True} all_resolved=False n_resolved=4/5 tokens=(1959,460)
  N=5 real_musique_hop_00009_3hop1__144439_443779_52195 seed=0 arm=intro_specter: per_fault={'hop0': True, 'hop1': False, 'hop2': True, 'bullets': True, 'preamble': True} all_resolved=False n_resolved=4/5 tokens=(4746,1264)
  N=5 real_musique_hop_00009_3hop1__144439_443779_52195 seed=1 arm=direct: per_fault={'hop0': True, 'hop1': False, 'hop2': True, 'bullets': True, 'preamble': True} all_resolved=False n_resolved=4/5 tokens=(1959,460)
  N=5 real_musique_hop_00009_3hop1__144439_443779_52195 seed=1 arm=self_refine: per_fault={'hop0': True, 'hop1': False, 'hop2': True, 'bullets': True, 'preamble': True} all_resolved=False n_resolved=4/5 tokens=(4592,1141)
  N=5 real_musique_hop_00009_3hop1__144439_443779_52195 seed=1 arm=full_regen: per_fault={'hop0': True, 'hop1': False, 'hop2': True, 'bullets': True, 'preamble': True} all_resolved=False n_resolved=4/5 tokens=(3918,743)
  N=5 real_musique_hop_00009_3hop1__144439_443779_52195 seed=1 arm=react: per_fault={'hop0': True, 'hop1': False, 'hop2': True, 'bullets': True, 'preamble': True} all_resolved=False n_resolved=4/5 tokens=(3971,1170)
  N=5 real_musique_hop_00009_3hop1__144439_443779_52195 seed=1 arm=selfcheckgpt: per_fault={'hop0': True, 'hop1': False, 'hop2': True, 'bullets': True, 'preamble': True} all_resolved=False n_resolved=4/5 tokens=(11398,595)
  N=5 real_musique_hop_00009_3hop1__144439_443779_52195 seed=1 arm=reflexion: per_fault={'hop0': True, 'hop1': False, 'hop2': True, 'bullets': True, 'preamble': True} all_resolved=False n_resolved=4/5 tokens=(1959,460)
  N=5 real_musique_hop_00009_3hop1__144439_443779_52195 seed=1 arm=intro_specter: per_fault={'hop0': True, 'hop1': False, 'hop2': True, 'bullets': True, 'preamble': True} all_resolved=False n_resolved=4/5 tokens=(4746,1264)
  N=5 real_musique_hop_00009_3hop1__144439_443779_52195 seed=2 arm=direct: per_fault={'hop0': True, 'hop1': False, 'hop2': True, 'bullets': True, 'preamble': True} all_resolved=False n_resolved=4/5 tokens=(1959,365)
  N=5 real_musique_hop_00009_3hop1__144439_443779_52195 seed=2 arm=self_refine: per_fault={'hop0': True, 'hop1': False, 'hop2': True, 'bullets': True, 'preamble': True} all_resolved=False n_resolved=4/5 tokens=(4470,969)
  N=5 real_musique_hop_00009_3hop1__144439_443779_52195 seed=2 arm=full_regen: per_fault={'hop0': True, 'hop1': False, 'hop2': True, 'bullets': True, 'preamble': True} all_resolved=False n_resolved=4/5 tokens=(3918,676)
  N=5 real_musique_hop_00009_3hop1__144439_443779_52195 seed=2 arm=react: per_fault={'hop0': True, 'hop1': False, 'hop2': True, 'bullets': True, 'preamble': True} all_resolved=False n_resolved=4/5 tokens=(3971,1074)
  N=5 real_musique_hop_00009_3hop1__144439_443779_52195 seed=2 arm=selfcheckgpt: per_fault={'hop0': True, 'hop1': False, 'hop2': True, 'bullets': True, 'preamble': True} all_resolved=False n_resolved=4/5 tokens=(11370,468)
  N=5 real_musique_hop_00009_3hop1__144439_443779_52195 seed=2 arm=reflexion: per_fault={'hop0': True, 'hop1': False, 'hop2': True, 'bullets': True, 'preamble': True} all_resolved=False n_resolved=4/5 tokens=(1959,365)
  N=5 real_musique_hop_00009_3hop1__144439_443779_52195 seed=2 arm=intro_specter: per_fault={'hop0': True, 'hop1': False, 'hop2': True, 'bullets': True, 'preamble': True} all_resolved=False n_resolved=4/5 tokens=(4624,772)
  N=5 real_musique_hop_00010_3hop1__103440_443779_52195 seed=0 arm=direct: per_fault={'hop0': True, 'hop1': True, 'hop2': False, 'concise': True, 'preamble': True} all_resolved=False n_resolved=4/5 tokens=(1765,383)
  N=5 real_musique_hop_00010_3hop1__103440_443779_52195 seed=0 arm=self_refine: per_fault={'hop0': True, 'hop1': True, 'hop2': True, 'concise': True, 'preamble': True} all_resolved=True n_resolved=5/5 tokens=(4043,845)
  N=5 real_musique_hop_00010_3hop1__103440_443779_52195 seed=0 arm=full_regen: per_fault={'hop0': True, 'hop1': True, 'hop2': True, 'concise': True, 'preamble': True} all_resolved=True n_resolved=5/5 tokens=(3530,776)
  N=5 real_musique_hop_00010_3hop1__103440_443779_52195 seed=0 arm=react: per_fault={'hop0': True, 'hop1': True, 'hop2': True, 'concise': True, 'preamble': True} all_resolved=True n_resolved=5/5 tokens=(3583,1039)
  N=5 real_musique_hop_00010_3hop1__103440_443779_52195 seed=0 arm=selfcheckgpt: per_fault={'hop0': True, 'hop1': True, 'hop2': True, 'concise': True, 'preamble': True} all_resolved=True n_resolved=5/5 tokens=(12032,617)
  N=5 real_musique_hop_00010_3hop1__103440_443779_52195 seed=0 arm=reflexion: per_fault={'hop0': True, 'hop1': True, 'hop2': True, 'concise': True, 'preamble': True} all_resolved=True n_resolved=5/5 tokens=(6377,1014)
  N=5 real_musique_hop_00010_3hop1__103440_443779_52195 seed=0 arm=intro_specter: per_fault={'hop0': True, 'hop1': True, 'hop2': True, 'concise': True, 'preamble': True} all_resolved=True n_resolved=5/5 tokens=(4197,929)
  N=5 real_musique_hop_00010_3hop1__103440_443779_52195 seed=1 arm=direct: per_fault={'hop0': True, 'hop1': True, 'hop2': False, 'concise': True, 'preamble': True} all_resolved=False n_resolved=4/5 tokens=(1765,383)
  N=5 real_musique_hop_00010_3hop1__103440_443779_52195 seed=1 arm=self_refine: per_fault={'hop0': True, 'hop1': True, 'hop2': True, 'concise': True, 'preamble': True} all_resolved=True n_resolved=5/5 tokens=(4043,845)
  N=5 real_musique_hop_00010_3hop1__103440_443779_52195 seed=1 arm=full_regen: per_fault={'hop0': True, 'hop1': True, 'hop2': True, 'concise': True, 'preamble': True} all_resolved=True n_resolved=5/5 tokens=(3530,673)
  N=5 real_musique_hop_00010_3hop1__103440_443779_52195 seed=1 arm=react: per_fault={'hop0': True, 'hop1': True, 'hop2': True, 'concise': True, 'preamble': True} all_resolved=True n_resolved=5/5 tokens=(3583,1039)
  N=5 real_musique_hop_00010_3hop1__103440_443779_52195 seed=1 arm=selfcheckgpt: per_fault={'hop0': True, 'hop1': True, 'hop2': True, 'concise': True, 'preamble': True} all_resolved=True n_resolved=5/5 tokens=(12013,598)
  N=5 real_musique_hop_00010_3hop1__103440_443779_52195 seed=1 arm=reflexion: per_fault={'hop0': True, 'hop1': True, 'hop2': True, 'concise': True, 'preamble': True} all_resolved=True n_resolved=5/5 tokens=(6377,1014)
  N=5 real_musique_hop_00010_3hop1__103440_443779_52195 seed=1 arm=intro_specter: per_fault={'hop0': True, 'hop1': True, 'hop2': True, 'concise': True, 'preamble': True} all_resolved=True n_resolved=5/5 tokens=(4197,929)
  N=5 real_musique_hop_00010_3hop1__103440_443779_52195 seed=2 arm=direct: per_fault={'hop0': True, 'hop1': True, 'hop2': True, 'concise': True, 'preamble': True} all_resolved=True n_resolved=5/5 tokens=(1765,359)
  N=5 real_musique_hop_00010_3hop1__103440_443779_52195 seed=2 arm=self_refine: per_fault={'hop0': True, 'hop1': True, 'hop2': True, 'concise': True, 'preamble': True} all_resolved=True n_resolved=5/5 tokens=(3985,757)
  N=5 real_musique_hop_00010_3hop1__103440_443779_52195 seed=2 arm=full_regen: per_fault={'hop0': True, 'hop1': True, 'hop2': True, 'concise': True, 'preamble': True} all_resolved=True n_resolved=5/5 tokens=(3530,704)
  N=5 real_musique_hop_00010_3hop1__103440_443779_52195 seed=2 arm=react: per_fault={'hop0': True, 'hop1': True, 'hop2': True, 'concise': True, 'preamble': True} all_resolved=True n_resolved=5/5 tokens=(3583,1029)
  N=5 real_musique_hop_00010_3hop1__103440_443779_52195 seed=2 arm=selfcheckgpt: per_fault={'hop0': True, 'hop1': True, 'hop2': True, 'concise': True, 'preamble': True} all_resolved=True n_resolved=5/5 tokens=(10297,551)
  N=5 real_musique_hop_00010_3hop1__103440_443779_52195 seed=2 arm=reflexion: per_fault={'hop0': True, 'hop1': True, 'hop2': True, 'concise': True, 'preamble': True} all_resolved=True n_resolved=5/5 tokens=(1765,359)
  N=5 real_musique_hop_00010_3hop1__103440_443779_52195 seed=2 arm=intro_specter: per_fault={'hop0': True, 'hop1': True, 'hop2': True, 'concise': True, 'preamble': True} all_resolved=True n_resolved=5/5 tokens=(4139,876)
  N=5 real_musique_hop_00013_3hop1__654651_55349_651302 seed=0 arm=direct: per_fault={'hop0': False, 'hop1': False, 'hop2': True, 'concise': True, 'preamble': True} all_resolved=False n_resolved=3/5 tokens=(1937,220)
  N=5 real_musique_hop_00013_3hop1__654651_55349_651302 seed=0 arm=self_refine: per_fault={'hop0': False, 'hop1': False, 'hop2': True, 'concise': False, 'preamble': True} all_resolved=False n_resolved=2/5 tokens=(4224,696)
  N=5 real_musique_hop_00013_3hop1__654651_55349_651302 seed=0 arm=full_regen: per_fault={'hop0': True, 'hop1': False, 'hop2': True, 'concise': True, 'preamble': True} all_resolved=False n_resolved=4/5 tokens=(3874,434)
  N=5 real_musique_hop_00013_3hop1__654651_55349_651302 seed=0 arm=react: per_fault={'hop0': False, 'hop1': False, 'hop2': False, 'concise': True, 'preamble': True} all_resolved=False n_resolved=2/5 tokens=(3927,666)
  N=5 real_musique_hop_00013_3hop1__654651_55349_651302 seed=0 arm=selfcheckgpt: per_fault={'hop0': False, 'hop1': False, 'hop2': True, 'concise': True, 'preamble': True} all_resolved=False n_resolved=3/5 tokens=(11112,278)
  N=5 real_musique_hop_00013_3hop1__654651_55349_651302 seed=0 arm=reflexion: per_fault={'hop0': False, 'hop1': False, 'hop2': True, 'concise': True, 'preamble': True} all_resolved=False n_resolved=3/5 tokens=(1937,220)
  N=5 real_musique_hop_00013_3hop1__654651_55349_651302 seed=0 arm=intro_specter: per_fault={'hop0': False, 'hop1': False, 'hop2': True, 'concise': True, 'preamble': True} all_resolved=False n_resolved=3/5 tokens=(4378,604)
  N=5 real_musique_hop_00013_3hop1__654651_55349_651302 seed=1 arm=direct: per_fault={'hop0': False, 'hop1': False, 'hop2': True, 'concise': True, 'preamble': True} all_resolved=False n_resolved=3/5 tokens=(1937,220)
  N=5 real_musique_hop_00013_3hop1__654651_55349_651302 seed=1 arm=self_refine: per_fault={'hop0': False, 'hop1': False, 'hop2': True, 'concise': False, 'preamble': True} all_resolved=False n_resolved=2/5 tokens=(4224,696)
  N=5 real_musique_hop_00013_3hop1__654651_55349_651302 seed=1 arm=full_regen: per_fault={'hop0': True, 'hop1': True, 'hop2': True, 'concise': True, 'preamble': True} all_resolved=True n_resolved=5/5 tokens=(3874,429)
  N=5 real_musique_hop_00013_3hop1__654651_55349_651302 seed=1 arm=react: per_fault={'hop0': False, 'hop1': False, 'hop2': False, 'concise': True, 'preamble': True} all_resolved=False n_resolved=2/5 tokens=(3927,666)
  N=5 real_musique_hop_00013_3hop1__654651_55349_651302 seed=1 arm=selfcheckgpt: per_fault={'hop0': False, 'hop1': False, 'hop2': True, 'concise': True, 'preamble': True} all_resolved=False n_resolved=3/5 tokens=(11112,278)
  N=5 real_musique_hop_00013_3hop1__654651_55349_651302 seed=1 arm=reflexion: per_fault={'hop0': False, 'hop1': False, 'hop2': True, 'concise': True, 'preamble': True} all_resolved=False n_resolved=3/5 tokens=(1937,220)
  N=5 real_musique_hop_00013_3hop1__654651_55349_651302 seed=1 arm=intro_specter: per_fault={'hop0': False, 'hop1': False, 'hop2': True, 'concise': True, 'preamble': True} all_resolved=False n_resolved=3/5 tokens=(4378,604)
  N=5 real_musique_hop_00013_3hop1__654651_55349_651302 seed=2 arm=direct: per_fault={'hop0': False, 'hop1': False, 'hop2': True, 'concise': True, 'preamble': True} all_resolved=False n_resolved=3/5 tokens=(1937,187)
  N=5 real_musique_hop_00013_3hop1__654651_55349_651302 seed=2 arm=self_refine: per_fault={'hop0': False, 'hop1': False, 'hop2': True, 'concise': False, 'preamble': True} all_resolved=False n_resolved=2/5 tokens=(4163,591)
  N=5 real_musique_hop_00013_3hop1__654651_55349_651302 seed=2 arm=full_regen: per_fault={'hop0': False, 'hop1': False, 'hop2': True, 'concise': True, 'preamble': True} all_resolved=False n_resolved=3/5 tokens=(3874,385)
  N=5 real_musique_hop_00013_3hop1__654651_55349_651302 seed=2 arm=react: per_fault={'hop0': False, 'hop1': False, 'hop2': True, 'concise': True, 'preamble': True} all_resolved=False n_resolved=3/5 tokens=(3927,743)
  N=5 real_musique_hop_00013_3hop1__654651_55349_651302 seed=2 arm=selfcheckgpt: per_fault={'hop0': False, 'hop1': False, 'hop2': True, 'concise': True, 'preamble': True} all_resolved=False n_resolved=3/5 tokens=(11226,284)
  N=5 real_musique_hop_00013_3hop1__654651_55349_651302 seed=2 arm=reflexion: per_fault={'hop0': False, 'hop1': False, 'hop2': True, 'concise': True, 'preamble': True} all_resolved=False n_resolved=3/5 tokens=(1937,187)
  N=5 real_musique_hop_00013_3hop1__654651_55349_651302 seed=2 arm=intro_specter: per_fault={'hop0': False, 'hop1': False, 'hop2': True, 'concise': True, 'preamble': True} all_resolved=False n_resolved=3/5 tokens=(4317,568)
  N=5 real_musique_hop_00022_3hop1__106688_160713_77246 seed=0 arm=direct: per_fault={'hop0': False, 'hop1': False, 'hop2': False, 'concise': True, 'english': True} all_resolved=False n_resolved=2/5 tokens=(2061,302)
  N=5 real_musique_hop_00022_3hop1__106688_160713_77246 seed=0 arm=self_refine: per_fault={'hop0': False, 'hop1': False, 'hop2': False, 'concise': True, 'english': True} all_resolved=False n_resolved=2/5 tokens=(4571,834)
  N=5 real_musique_hop_00022_3hop1__106688_160713_77246 seed=0 arm=full_regen: per_fault={'hop0': False, 'hop1': False, 'hop2': False, 'concise': True, 'english': True} all_resolved=False n_resolved=2/5 tokens=(4122,765)
  N=5 real_musique_hop_00022_3hop1__106688_160713_77246 seed=0 arm=react: per_fault={'hop0': False, 'hop1': False, 'hop2': False, 'concise': True, 'english': True} all_resolved=False n_resolved=2/5 tokens=(4175,759)
  N=5 real_musique_hop_00022_3hop1__106688_160713_77246 seed=0 arm=selfcheckgpt: per_fault={'hop0': False, 'hop1': False, 'hop2': False, 'concise': True, 'english': True} all_resolved=False n_resolved=2/5 tokens=(14025,470)
  N=5 real_musique_hop_00022_3hop1__106688_160713_77246 seed=0 arm=reflexion: per_fault={'hop0': False, 'hop1': False, 'hop2': False, 'concise': True, 'english': True} all_resolved=False n_resolved=2/5 tokens=(12851,1698)
  N=5 real_musique_hop_00022_3hop1__106688_160713_77246 seed=0 arm=intro_specter: per_fault={'hop0': False, 'hop1': False, 'hop2': False, 'concise': True, 'english': True} all_resolved=False n_resolved=2/5 tokens=(4725,690)
  N=5 real_musique_hop_00022_3hop1__106688_160713_77246 seed=1 arm=direct: per_fault={'hop0': False, 'hop1': False, 'hop2': False, 'concise': True, 'english': True} all_resolved=False n_resolved=2/5 tokens=(2061,302)
  N=5 real_musique_hop_00022_3hop1__106688_160713_77246 seed=1 arm=self_refine: per_fault={'hop0': False, 'hop1': False, 'hop2': False, 'concise': True, 'english': True} all_resolved=False n_resolved=2/5 tokens=(4571,834)
  N=5 real_musique_hop_00022_3hop1__106688_160713_77246 seed=1 arm=full_regen: per_fault={'hop0': False, 'hop1': False, 'hop2': False, 'concise': True, 'english': True} all_resolved=False n_resolved=2/5 tokens=(4122,594)
  N=5 real_musique_hop_00022_3hop1__106688_160713_77246 seed=1 arm=react: per_fault={'hop0': False, 'hop1': False, 'hop2': False, 'concise': True, 'english': True} all_resolved=False n_resolved=2/5 tokens=(4175,759)
  N=5 real_musique_hop_00022_3hop1__106688_160713_77246 seed=1 arm=selfcheckgpt: per_fault={'hop0': False, 'hop1': False, 'hop2': False, 'concise': True, 'english': True} all_resolved=False n_resolved=2/5 tokens=(14120,569)
  N=5 real_musique_hop_00022_3hop1__106688_160713_77246 seed=1 arm=reflexion: per_fault={'hop0': False, 'hop1': False, 'hop2': False, 'concise': True, 'english': True} all_resolved=False n_resolved=2/5 tokens=(12851,1698)
  N=5 real_musique_hop_00022_3hop1__106688_160713_77246 seed=1 arm=intro_specter: per_fault={'hop0': False, 'hop1': False, 'hop2': False, 'concise': True, 'english': True} all_resolved=False n_resolved=2/5 tokens=(4725,690)
  N=5 real_musique_hop_00022_3hop1__106688_160713_77246 seed=2 arm=direct: per_fault={'hop0': False, 'hop1': False, 'hop2': False, 'concise': True, 'english': True} all_resolved=False n_resolved=2/5 tokens=(2061,373)
  N=5 real_musique_hop_00022_3hop1__106688_160713_77246 seed=2 arm=self_refine: per_fault={'hop0': False, 'hop1': False, 'hop2': False, 'concise': True, 'english': True} all_resolved=False n_resolved=2/5 tokens=(4606,954)
  N=5 real_musique_hop_00022_3hop1__106688_160713_77246 seed=2 arm=full_regen: per_fault={'hop0': False, 'hop1': False, 'hop2': False, 'concise': True, 'english': True} all_resolved=False n_resolved=2/5 tokens=(4122,964)
  N=5 real_musique_hop_00022_3hop1__106688_160713_77246 seed=2 arm=react: per_fault={'hop0': False, 'hop1': False, 'hop2': False, 'concise': True, 'english': True} all_resolved=False n_resolved=2/5 tokens=(4175,939)
  N=5 real_musique_hop_00022_3hop1__106688_160713_77246 seed=2 arm=selfcheckgpt: per_fault={'hop0': False, 'hop1': False, 'hop2': False, 'concise': True, 'english': True} all_resolved=False n_resolved=2/5 tokens=(12054,713)
  N=5 real_musique_hop_00022_3hop1__106688_160713_77246 seed=2 arm=reflexion: per_fault={'hop0': False, 'hop1': False, 'hop2': False, 'concise': True, 'english': True} all_resolved=False n_resolved=2/5 tokens=(12881,1785)
  N=5 real_musique_hop_00022_3hop1__106688_160713_77246 seed=2 arm=intro_specter: per_fault={'hop0': False, 'hop1': False, 'hop2': False, 'concise': True, 'english': True} all_resolved=False n_resolved=2/5 tokens=(4760,870)
  N=5 real_musique_hop_00032_3hop1__498954_160713_77246 seed=0 arm=direct: per_fault={'hop0': True, 'hop1': True, 'hop2': True, 'concise': True, 'preamble': True} all_resolved=True n_resolved=5/5 tokens=(1891,560)
  N=5 real_musique_hop_00032_3hop1__498954_160713_77246 seed=0 arm=self_refine: per_fault={'hop0': True, 'hop1': True, 'hop2': False, 'concise': True, 'preamble': True} all_resolved=False n_resolved=4/5 tokens=(4480,1293)
  N=5 real_musique_hop_00032_3hop1__498954_160713_77246 seed=0 arm=full_regen: per_fault={'hop0': True, 'hop1': True, 'hop2': True, 'concise': True, 'preamble': True} all_resolved=True n_resolved=5/5 tokens=(3782,982)
  N=5 real_musique_hop_00032_3hop1__498954_160713_77246 seed=0 arm=react: per_fault={'hop0': True, 'hop1': True, 'hop2': False, 'concise': True, 'preamble': True} all_resolved=False n_resolved=4/5 tokens=(3835,1682)
  N=5 real_musique_hop_00032_3hop1__498954_160713_77246 seed=0 arm=selfcheckgpt: per_fault={'hop0': True, 'hop1': True, 'hop2': True, 'concise': True, 'preamble': True} all_resolved=True n_resolved=5/5 tokens=(12961,790)
  N=5 real_musique_hop_00032_3hop1__498954_160713_77246 seed=0 arm=reflexion: per_fault={'hop0': True, 'hop1': True, 'hop2': True, 'concise': True, 'preamble': True} all_resolved=True n_resolved=5/5 tokens=(1891,560)
  N=5 real_musique_hop_00032_3hop1__498954_160713_77246 seed=0 arm=intro_specter: per_fault={'hop0': True, 'hop1': True, 'hop2': True, 'concise': True, 'preamble': True} all_resolved=True n_resolved=5/5 tokens=(4634,1213)
  N=5 real_musique_hop_00032_3hop1__498954_160713_77246 seed=1 arm=direct: per_fault={'hop0': True, 'hop1': True, 'hop2': True, 'concise': True, 'preamble': True} all_resolved=True n_resolved=5/5 tokens=(1891,560)
  N=5 real_musique_hop_00032_3hop1__498954_160713_77246 seed=1 arm=self_refine: per_fault={'hop0': True, 'hop1': True, 'hop2': False, 'concise': True, 'preamble': True} all_resolved=False n_resolved=4/5 tokens=(4480,1293)
  N=5 real_musique_hop_00032_3hop1__498954_160713_77246 seed=1 arm=full_regen: per_fault={'hop0': True, 'hop1': True, 'hop2': True, 'concise': True, 'preamble': True} all_resolved=True n_resolved=5/5 tokens=(3782,862)
  N=5 real_musique_hop_00032_3hop1__498954_160713_77246 seed=1 arm=react: per_fault={'hop0': True, 'hop1': True, 'hop2': False, 'concise': True, 'preamble': True} all_resolved=False n_resolved=4/5 tokens=(3835,1682)
  N=5 real_musique_hop_00032_3hop1__498954_160713_77246 seed=1 arm=selfcheckgpt: per_fault={'hop0': True, 'hop1': True, 'hop2': True, 'concise': True, 'preamble': True} all_resolved=True n_resolved=5/5 tokens=(12922,725)
  N=5 real_musique_hop_00032_3hop1__498954_160713_77246 seed=1 arm=reflexion: per_fault={'hop0': True, 'hop1': True, 'hop2': True, 'concise': True, 'preamble': True} all_resolved=True n_resolved=5/5 tokens=(1891,560)
  N=5 real_musique_hop_00032_3hop1__498954_160713_77246 seed=1 arm=intro_specter: per_fault={'hop0': True, 'hop1': True, 'hop2': True, 'concise': True, 'preamble': True} all_resolved=True n_resolved=5/5 tokens=(4634,1213)
  N=5 real_musique_hop_00032_3hop1__498954_160713_77246 seed=2 arm=direct: per_fault={'hop0': True, 'hop1': True, 'hop2': True, 'concise': True, 'preamble': True} all_resolved=True n_resolved=5/5 tokens=(1891,518)
  N=5 real_musique_hop_00032_3hop1__498954_160713_77246 seed=2 arm=self_refine: per_fault={'hop0': True, 'hop1': True, 'hop2': True, 'concise': True, 'preamble': True} all_resolved=True n_resolved=5/5 tokens=(4438,1062)
  N=5 real_musique_hop_00032_3hop1__498954_160713_77246 seed=2 arm=full_regen: per_fault={'hop0': True, 'hop1': True, 'hop2': False, 'concise': True, 'preamble': True} all_resolved=False n_resolved=4/5 tokens=(3782,788)
  N=5 real_musique_hop_00032_3hop1__498954_160713_77246 seed=2 arm=react: per_fault={'hop0': True, 'hop1': True, 'hop2': False, 'concise': True, 'preamble': True} all_resolved=False n_resolved=4/5 tokens=(3835,1421)
  N=5 real_musique_hop_00032_3hop1__498954_160713_77246 seed=2 arm=selfcheckgpt: per_fault={'hop0': True, 'hop1': True, 'hop2': True, 'concise': True, 'preamble': True} all_resolved=True n_resolved=5/5 tokens=(12935,728)
  N=5 real_musique_hop_00032_3hop1__498954_160713_77246 seed=2 arm=reflexion: per_fault={'hop0': True, 'hop1': True, 'hop2': True, 'concise': True, 'preamble': True} all_resolved=True n_resolved=5/5 tokens=(1891,518)
  N=5 real_musique_hop_00032_3hop1__498954_160713_77246 seed=2 arm=intro_specter: per_fault={'hop0': True, 'hop1': True, 'hop2': True, 'concise': True, 'preamble': True} all_resolved=True n_resolved=5/5 tokens=(4592,1264)
  N=5 real_musique_hop_00040_3hop1__107195_160713_77246 seed=0 arm=direct: per_fault={'hop0': False, 'hop1': False, 'hop2': False, 'concise': True, 'english': True} all_resolved=False n_resolved=2/5 tokens=(2086,315)
  N=5 real_musique_hop_00040_3hop1__107195_160713_77246 seed=0 arm=self_refine: per_fault={'hop0': False, 'hop1': False, 'hop2': False, 'concise': True, 'english': True} all_resolved=False n_resolved=2/5 tokens=(4558,758)
  N=5 real_musique_hop_00040_3hop1__107195_160713_77246 seed=0 arm=full_regen: per_fault={'hop0': False, 'hop1': False, 'hop2': False, 'concise': True, 'english': True} all_resolved=False n_resolved=2/5 tokens=(4172,741)
  N=5 real_musique_hop_00040_3hop1__107195_160713_77246 seed=0 arm=react: per_fault={'hop0': False, 'hop1': False, 'hop2': True, 'concise': True, 'english': True} all_resolved=False n_resolved=3/5 tokens=(4225,973)
  N=5 real_musique_hop_00040_3hop1__107195_160713_77246 seed=0 arm=selfcheckgpt: per_fault={'hop0': False, 'hop1': False, 'hop2': False, 'concise': True, 'english': True} all_resolved=False n_resolved=2/5 tokens=(12289,564)
  N=5 real_musique_hop_00040_3hop1__107195_160713_77246 seed=0 arm=reflexion: per_fault={'hop0': False, 'hop1': False, 'hop2': False, 'concise': True, 'english': True} all_resolved=False n_resolved=2/5 tokens=(12519,1282)
  N=5 real_musique_hop_00040_3hop1__107195_160713_77246 seed=0 arm=intro_specter: per_fault={'hop0': False, 'hop1': False, 'hop2': True, 'concise': True, 'english': True} all_resolved=False n_resolved=3/5 tokens=(4712,801)
  N=5 real_musique_hop_00040_3hop1__107195_160713_77246 seed=1 arm=direct: per_fault={'hop0': False, 'hop1': False, 'hop2': False, 'concise': True, 'english': True} all_resolved=False n_resolved=2/5 tokens=(2086,315)
  N=5 real_musique_hop_00040_3hop1__107195_160713_77246 seed=1 arm=self_refine: per_fault={'hop0': False, 'hop1': False, 'hop2': False, 'concise': True, 'english': True} all_resolved=False n_resolved=2/5 tokens=(4558,758)
  N=5 real_musique_hop_00040_3hop1__107195_160713_77246 seed=1 arm=full_regen: per_fault={'hop0': False, 'hop1': False, 'hop2': False, 'concise': True, 'english': True} all_resolved=False n_resolved=2/5 tokens=(4172,698)
  N=5 real_musique_hop_00040_3hop1__107195_160713_77246 seed=1 arm=react: per_fault={'hop0': False, 'hop1': False, 'hop2': True, 'concise': True, 'english': True} all_resolved=False n_resolved=3/5 tokens=(4225,973)
  N=5 real_musique_hop_00040_3hop1__107195_160713_77246 seed=1 arm=selfcheckgpt: per_fault={'hop0': False, 'hop1': False, 'hop2': False, 'concise': True, 'english': True} all_resolved=False n_resolved=2/5 tokens=(12272,554)
  N=5 real_musique_hop_00040_3hop1__107195_160713_77246 seed=1 arm=reflexion: per_fault={'hop0': False, 'hop1': False, 'hop2': False, 'concise': True, 'english': True} all_resolved=False n_resolved=2/5 tokens=(12519,1282)
  N=5 real_musique_hop_00040_3hop1__107195_160713_77246 seed=1 arm=intro_specter: per_fault={'hop0': False, 'hop1': False, 'hop2': True, 'concise': True, 'english': True} all_resolved=False n_resolved=3/5 tokens=(4712,801)
  N=5 real_musique_hop_00040_3hop1__107195_160713_77246 seed=2 arm=direct: per_fault={'hop0': False, 'hop1': False, 'hop2': False, 'concise': True, 'english': True} all_resolved=False n_resolved=2/5 tokens=(2086,374)
  N=5 real_musique_hop_00040_3hop1__107195_160713_77246 seed=2 arm=self_refine: per_fault={'hop0': False, 'hop1': False, 'hop2': False, 'concise': True, 'english': True} all_resolved=False n_resolved=2/5 tokens=(4637,756)
  N=5 real_musique_hop_00040_3hop1__107195_160713_77246 seed=2 arm=full_regen: per_fault={'hop0': False, 'hop1': False, 'hop2': False, 'concise': True, 'english': True} all_resolved=False n_resolved=2/5 tokens=(4172,776)
  N=5 real_musique_hop_00040_3hop1__107195_160713_77246 seed=2 arm=react: per_fault={'hop0': False, 'hop1': False, 'hop2': False, 'concise': True, 'english': True} all_resolved=False n_resolved=2/5 tokens=(4225,894)
  N=5 real_musique_hop_00040_3hop1__107195_160713_77246 seed=2 arm=selfcheckgpt: per_fault={'hop0': False, 'hop1': False, 'hop2': False, 'concise': True, 'english': True} all_resolved=False n_resolved=2/5 tokens=(14358,668)
  N=5 real_musique_hop_00040_3hop1__107195_160713_77246 seed=2 arm=reflexion: per_fault={'hop0': False, 'hop1': False, 'hop2': False, 'concise': True, 'english': True} all_resolved=False n_resolved=2/5 tokens=(12886,1436)
  N=5 real_musique_hop_00040_3hop1__107195_160713_77246 seed=2 arm=intro_specter: per_fault={'hop0': False, 'hop1': False, 'hop2': False, 'concise': True, 'english': True} all_resolved=False n_resolved=2/5 tokens=(4791,910)
  N=5 real_musique_hop_00041_3hop1__275261_443779_52195 seed=0 arm=direct: per_fault={'hop0': True, 'hop1': True, 'hop2': True, 'concise': True, 'preamble': True} all_resolved=True n_resolved=5/5 tokens=(1664,417)
  N=5 real_musique_hop_00041_3hop1__275261_443779_52195 seed=0 arm=self_refine: per_fault={'hop0': True, 'hop1': True, 'hop2': True, 'concise': True, 'preamble': True} all_resolved=True n_resolved=5/5 tokens=(3883,893)
  N=5 real_musique_hop_00041_3hop1__275261_443779_52195 seed=0 arm=full_regen: per_fault={'hop0': False, 'hop1': True, 'hop2': True, 'concise': True, 'preamble': True} all_resolved=False n_resolved=4/5 tokens=(3328,688)
  N=5 real_musique_hop_00041_3hop1__275261_443779_52195 seed=0 arm=react: per_fault={'hop0': True, 'hop1': True, 'hop2': True, 'concise': True, 'preamble': True} all_resolved=True n_resolved=5/5 tokens=(3381,1261)
  N=5 real_musique_hop_00041_3hop1__275261_443779_52195 seed=0 arm=selfcheckgpt: per_fault={'hop0': True, 'hop1': True, 'hop2': True, 'concise': True, 'preamble': True} all_resolved=True n_resolved=5/5 tokens=(9629,568)
  N=5 real_musique_hop_00041_3hop1__275261_443779_52195 seed=0 arm=reflexion: per_fault={'hop0': True, 'hop1': True, 'hop2': True, 'concise': True, 'preamble': True} all_resolved=True n_resolved=5/5 tokens=(1664,417)
  N=5 real_musique_hop_00041_3hop1__275261_443779_52195 seed=0 arm=intro_specter: per_fault={'hop0': True, 'hop1': True, 'hop2': True, 'concise': True, 'preamble': True} all_resolved=True n_resolved=5/5 tokens=(4037,931)
  N=5 real_musique_hop_00041_3hop1__275261_443779_52195 seed=1 arm=direct: per_fault={'hop0': True, 'hop1': True, 'hop2': True, 'concise': True, 'preamble': True} all_resolved=True n_resolved=5/5 tokens=(1664,417)
  N=5 real_musique_hop_00041_3hop1__275261_443779_52195 seed=1 arm=self_refine: per_fault={'hop0': True, 'hop1': True, 'hop2': True, 'concise': True, 'preamble': True} all_resolved=True n_resolved=5/5 tokens=(3883,893)
  N=5 real_musique_hop_00041_3hop1__275261_443779_52195 seed=1 arm=full_regen: per_fault={'hop0': True, 'hop1': True, 'hop2': True, 'concise': True, 'preamble': True} all_resolved=True n_resolved=5/5 tokens=(3328,910)
  N=5 real_musique_hop_00041_3hop1__275261_443779_52195 seed=1 arm=react: per_fault={'hop0': True, 'hop1': True, 'hop2': True, 'concise': True, 'preamble': True} all_resolved=True n_resolved=5/5 tokens=(3381,1261)
  N=5 real_musique_hop_00041_3hop1__275261_443779_52195 seed=1 arm=selfcheckgpt: per_fault={'hop0': True, 'hop1': True, 'hop2': True, 'concise': True, 'preamble': True} all_resolved=True n_resolved=5/5 tokens=(9629,550)
  N=5 real_musique_hop_00041_3hop1__275261_443779_52195 seed=1 arm=reflexion: per_fault={'hop0': True, 'hop1': True, 'hop2': True, 'concise': True, 'preamble': True} all_resolved=True n_resolved=5/5 tokens=(1664,417)
  N=5 real_musique_hop_00041_3hop1__275261_443779_52195 seed=1 arm=intro_specter: per_fault={'hop0': True, 'hop1': True, 'hop2': True, 'concise': True, 'preamble': True} all_resolved=True n_resolved=5/5 tokens=(4037,931)
  N=5 real_musique_hop_00041_3hop1__275261_443779_52195 seed=2 arm=direct: per_fault={'hop0': True, 'hop1': True, 'hop2': True, 'concise': True, 'preamble': True} all_resolved=True n_resolved=5/5 tokens=(1664,411)
  N=5 real_musique_hop_00041_3hop1__275261_443779_52195 seed=2 arm=self_refine: per_fault={'hop0': True, 'hop1': True, 'hop2': True, 'concise': True, 'preamble': True} all_resolved=True n_resolved=5/5 tokens=(3877,1064)
  N=5 real_musique_hop_00041_3hop1__275261_443779_52195 seed=2 arm=full_regen: per_fault={'hop0': False, 'hop1': True, 'hop2': True, 'concise': True, 'preamble': True} all_resolved=False n_resolved=4/5 tokens=(3328,741)
  N=5 real_musique_hop_00041_3hop1__275261_443779_52195 seed=2 arm=react: per_fault={'hop0': False, 'hop1': True, 'hop2': True, 'concise': True, 'preamble': True} all_resolved=False n_resolved=4/5 tokens=(3381,1029)
  N=5 real_musique_hop_00041_3hop1__275261_443779_52195 seed=2 arm=selfcheckgpt: per_fault={'hop0': True, 'hop1': True, 'hop2': True, 'concise': True, 'preamble': True} all_resolved=True n_resolved=5/5 tokens=(9649,573)
  N=5 real_musique_hop_00041_3hop1__275261_443779_52195 seed=2 arm=reflexion: per_fault={'hop0': True, 'hop1': True, 'hop2': True, 'concise': True, 'preamble': True} all_resolved=True n_resolved=5/5 tokens=(1664,411)
  N=5 real_musique_hop_00041_3hop1__275261_443779_52195 seed=2 arm=intro_specter: per_fault={'hop0': True, 'hop1': True, 'hop2': True, 'concise': True, 'preamble': True} all_resolved=True n_resolved=5/5 tokens=(4031,909)
  N=5 real_musique_hop_00043_3hop1__104996_160713_77246 seed=0 arm=direct: per_fault={'hop0': False, 'hop1': False, 'hop2': False, 'bullets': True, 'english': True} all_resolved=False n_resolved=2/5 tokens=(1789,182)
  N=5 real_musique_hop_00043_3hop1__104996_160713_77246 seed=0 arm=self_refine: per_fault={'hop0': False, 'hop1': False, 'hop2': False, 'bullets': True, 'english': True} all_resolved=False n_resolved=2/5 tokens=(3811,510)
  N=5 real_musique_hop_00043_3hop1__104996_160713_77246 seed=0 arm=full_regen: per_fault={'hop0': False, 'hop1': False, 'hop2': False, 'bullets': True, 'english': True} all_resolved=False n_resolved=2/5 tokens=(3578,586)
  N=5 real_musique_hop_00043_3hop1__104996_160713_77246 seed=0 arm=react: per_fault={'hop0': False, 'hop1': False, 'hop2': False, 'bullets': True, 'english': True} all_resolved=False n_resolved=2/5 tokens=(3631,842)
  N=5 real_musique_hop_00043_3hop1__104996_160713_77246 seed=0 arm=selfcheckgpt: per_fault={'hop0': False, 'hop1': False, 'hop2': False, 'bullets': True, 'english': True} all_resolved=False n_resolved=2/5 tokens=(10367,294)
  N=5 real_musique_hop_00043_3hop1__104996_160713_77246 seed=0 arm=reflexion: per_fault={'hop0': False, 'hop1': False, 'hop2': False, 'bullets': True, 'english': True} all_resolved=False n_resolved=2/5 tokens=(10222,802)
  N=5 real_musique_hop_00043_3hop1__104996_160713_77246 seed=0 arm=intro_specter: per_fault={'hop0': False, 'hop1': False, 'hop2': False, 'bullets': True, 'english': True} all_resolved=False n_resolved=2/5 tokens=(3965,489)
  N=5 real_musique_hop_00043_3hop1__104996_160713_77246 seed=1 arm=direct: per_fault={'hop0': False, 'hop1': False, 'hop2': False, 'bullets': True, 'english': True} all_resolved=False n_resolved=2/5 tokens=(1789,182)
  N=5 real_musique_hop_00043_3hop1__104996_160713_77246 seed=1 arm=self_refine: per_fault={'hop0': False, 'hop1': False, 'hop2': False, 'bullets': True, 'english': True} all_resolved=False n_resolved=2/5 tokens=(3811,510)
  N=5 real_musique_hop_00043_3hop1__104996_160713_77246 seed=1 arm=full_regen: per_fault={'hop0': False, 'hop1': False, 'hop2': True, 'bullets': True, 'english': True} all_resolved=False n_resolved=3/5 tokens=(3578,495)
  N=5 real_musique_hop_00043_3hop1__104996_160713_77246 seed=1 arm=react: per_fault={'hop0': False, 'hop1': False, 'hop2': False, 'bullets': True, 'english': True} all_resolved=False n_resolved=2/5 tokens=(3631,842)
  N=5 real_musique_hop_00043_3hop1__104996_160713_77246 seed=1 arm=selfcheckgpt: per_fault={'hop0': False, 'hop1': False, 'hop2': False, 'bullets': True, 'english': True} all_resolved=False n_resolved=2/5 tokens=(10355,283)
  N=5 real_musique_hop_00043_3hop1__104996_160713_77246 seed=1 arm=reflexion: per_fault={'hop0': False, 'hop1': False, 'hop2': False, 'bullets': True, 'english': True} all_resolved=False n_resolved=2/5 tokens=(10222,802)
  N=5 real_musique_hop_00043_3hop1__104996_160713_77246 seed=1 arm=intro_specter: per_fault={'hop0': False, 'hop1': False, 'hop2': False, 'bullets': True, 'english': True} all_resolved=False n_resolved=2/5 tokens=(3965,489)
  N=5 real_musique_hop_00043_3hop1__104996_160713_77246 seed=2 arm=direct: per_fault={'hop0': False, 'hop1': False, 'hop2': False, 'bullets': True, 'english': True} all_resolved=False n_resolved=2/5 tokens=(1789,187)
  N=5 real_musique_hop_00043_3hop1__104996_160713_77246 seed=2 arm=self_refine: per_fault={'hop0': False, 'hop1': False, 'hop2': False, 'bullets': True, 'english': True} all_resolved=False n_resolved=2/5 tokens=(3819,491)
  N=5 real_musique_hop_00043_3hop1__104996_160713_77246 seed=2 arm=full_regen: per_fault={'hop0': False, 'hop1': False, 'hop2': False, 'bullets': True, 'english': True} all_resolved=False n_resolved=2/5 tokens=(3578,522)
  N=5 real_musique_hop_00043_3hop1__104996_160713_77246 seed=2 arm=react: per_fault={'hop0': False, 'hop1': False, 'hop2': False, 'bullets': True, 'english': True} all_resolved=False n_resolved=2/5 tokens=(3631,665)
  N=5 real_musique_hop_00043_3hop1__104996_160713_77246 seed=2 arm=selfcheckgpt: per_fault={'hop0': False, 'hop1': False, 'hop2': False, 'bullets': True, 'english': True} all_resolved=False n_resolved=2/5 tokens=(12084,300)
  N=5 real_musique_hop_00043_3hop1__104996_160713_77246 seed=2 arm=reflexion: per_fault={'hop0': False, 'hop1': False, 'hop2': False, 'bullets': True, 'english': True} all_resolved=False n_resolved=2/5 tokens=(10324,886)
  N=5 real_musique_hop_00043_3hop1__104996_160713_77246 seed=2 arm=intro_specter: per_fault={'hop0': False, 'hop1': False, 'hop2': False, 'bullets': True, 'english': True} all_resolved=False n_resolved=2/5 tokens=(3973,490)
  N=5 real_musique_hop_00045_3hop1__835193_160713_77246 seed=0 arm=direct: per_fault={'hop0': False, 'hop1': True, 'hop2': False, 'bullets': True, 'concise': False} all_resolved=False n_resolved=2/5 tokens=(1977,437)
  N=5 real_musique_hop_00045_3hop1__835193_160713_77246 seed=0 arm=self_refine: per_fault={'hop0': False, 'hop1': True, 'hop2': False, 'bullets': True, 'concise': False} all_resolved=False n_resolved=2/5 tokens=(4549,1070)
  N=5 real_musique_hop_00045_3hop1__835193_160713_77246 seed=0 arm=full_regen: per_fault={'hop0': False, 'hop1': False, 'hop2': True, 'bullets': True, 'concise': False} all_resolved=False n_resolved=2/5 tokens=(3954,810)
  N=5 real_musique_hop_00045_3hop1__835193_160713_77246 seed=0 arm=react: per_fault={'hop0': True, 'hop1': True, 'hop2': True, 'bullets': True, 'concise': False} all_resolved=False n_resolved=4/5 tokens=(4007,1285)
  N=5 real_musique_hop_00045_3hop1__835193_160713_77246 seed=0 arm=selfcheckgpt: per_fault={'hop0': False, 'hop1': True, 'hop2': False, 'bullets': True, 'concise': False} all_resolved=False n_resolved=2/5 tokens=(11802,685)
  N=5 real_musique_hop_00045_3hop1__835193_160713_77246 seed=0 arm=reflexion: per_fault={'hop0': False, 'hop1': True, 'hop2': False, 'bullets': True, 'concise': False} all_resolved=False n_resolved=2/5 tokens=(1977,437)
  N=5 real_musique_hop_00045_3hop1__835193_160713_77246 seed=0 arm=intro_specter: per_fault={'hop0': False, 'hop1': True, 'hop2': False, 'bullets': True, 'concise': False} all_resolved=False n_resolved=2/5 tokens=(4703,1069)
  N=5 real_musique_hop_00045_3hop1__835193_160713_77246 seed=1 arm=direct: per_fault={'hop0': False, 'hop1': True, 'hop2': False, 'bullets': True, 'concise': False} all_resolved=False n_resolved=2/5 tokens=(1977,437)
  N=5 real_musique_hop_00045_3hop1__835193_160713_77246 seed=1 arm=self_refine: per_fault={'hop0': False, 'hop1': True, 'hop2': False, 'bullets': True, 'concise': False} all_resolved=False n_resolved=2/5 tokens=(4549,1070)
  N=5 real_musique_hop_00045_3hop1__835193_160713_77246 seed=1 arm=full_regen: per_fault={'hop0': False, 'hop1': True, 'hop2': True, 'bullets': True, 'concise': False} all_resolved=False n_resolved=3/5 tokens=(3954,797)
  N=5 real_musique_hop_00045_3hop1__835193_160713_77246 seed=1 arm=react: per_fault={'hop0': True, 'hop1': True, 'hop2': True, 'bullets': True, 'concise': False} all_resolved=False n_resolved=4/5 tokens=(4007,1285)
  N=5 real_musique_hop_00045_3hop1__835193_160713_77246 seed=1 arm=selfcheckgpt: per_fault={'hop0': False, 'hop1': True, 'hop2': True, 'bullets': True, 'concise': True} all_resolved=False n_resolved=4/5 tokens=(13723,678)
  N=5 real_musique_hop_00045_3hop1__835193_160713_77246 seed=1 arm=reflexion: per_fault={'hop0': False, 'hop1': True, 'hop2': False, 'bullets': True, 'concise': False} all_resolved=False n_resolved=2/5 tokens=(1977,437)
  N=5 real_musique_hop_00045_3hop1__835193_160713_77246 seed=1 arm=intro_specter: per_fault={'hop0': False, 'hop1': True, 'hop2': False, 'bullets': True, 'concise': False} all_resolved=False n_resolved=2/5 tokens=(4703,1069)
  N=5 real_musique_hop_00045_3hop1__835193_160713_77246 seed=2 arm=direct: per_fault={'hop0': True, 'hop1': True, 'hop2': True, 'bullets': True, 'concise': False} all_resolved=False n_resolved=4/5 tokens=(1977,360)
  N=5 real_musique_hop_00045_3hop1__835193_160713_77246 seed=2 arm=self_refine: per_fault={'hop0': False, 'hop1': True, 'hop2': True, 'bullets': True, 'concise': True} all_resolved=False n_resolved=4/5 tokens=(4416,797)
  N=5 real_musique_hop_00045_3hop1__835193_160713_77246 seed=2 arm=full_regen: per_fault={'hop0': True, 'hop1': True, 'hop2': True, 'bullets': True, 'concise': False} all_resolved=False n_resolved=4/5 tokens=(3954,896)
  N=5 real_musique_hop_00045_3hop1__835193_160713_77246 seed=2 arm=react: per_fault={'hop0': False, 'hop1': False, 'hop2': True, 'bullets': True, 'concise': False} all_resolved=False n_resolved=2/5 tokens=(4007,833)
  N=5 real_musique_hop_00045_3hop1__835193_160713_77246 seed=2 arm=selfcheckgpt: per_fault={'hop0': True, 'hop1': True, 'hop2': True, 'bullets': True, 'concise': False} all_resolved=False n_resolved=4/5 tokens=(11885,667)
  N=5 real_musique_hop_00045_3hop1__835193_160713_77246 seed=2 arm=reflexion: per_fault={'hop0': True, 'hop1': True, 'hop2': True, 'bullets': True, 'concise': False} all_resolved=False n_resolved=4/5 tokens=(1977,360)
  N=5 real_musique_hop_00045_3hop1__835193_160713_77246 seed=2 arm=intro_specter: per_fault={'hop0': True, 'hop1': True, 'hop2': True, 'bullets': True, 'concise': False} all_resolved=False n_resolved=4/5 tokens=(4570,839)
  N=5 real_musique_hop_00050_3hop1__804367_160713_77246 seed=0 arm=direct: per_fault={'hop0': False, 'hop1': False, 'hop2': True, 'bullets': True, 'concise': True} all_resolved=False n_resolved=3/5 tokens=(1959,390)
  N=5 real_musique_hop_00050_3hop1__804367_160713_77246 seed=0 arm=self_refine: per_fault={'hop0': False, 'hop1': True, 'hop2': False, 'bullets': True, 'concise': False} all_resolved=False n_resolved=2/5 tokens=(4494,1054)
  N=5 real_musique_hop_00050_3hop1__804367_160713_77246 seed=0 arm=full_regen: per_fault={'hop0': True, 'hop1': True, 'hop2': True, 'bullets': True, 'concise': True} all_resolved=True n_resolved=5/5 tokens=(3918,834)
  N=5 real_musique_hop_00050_3hop1__804367_160713_77246 seed=0 arm=react: per_fault={'hop0': True, 'hop1': True, 'hop2': False, 'bullets': True, 'concise': True} all_resolved=False n_resolved=4/5 tokens=(3971,1445)
  N=5 real_musique_hop_00050_3hop1__804367_160713_77246 seed=0 arm=selfcheckgpt: per_fault={'hop0': False, 'hop1': False, 'hop2': True, 'bullets': True, 'concise': True} all_resolved=False n_resolved=3/5 tokens=(11566,684)
  N=5 real_musique_hop_00050_3hop1__804367_160713_77246 seed=0 arm=reflexion: per_fault={'hop0': False, 'hop1': False, 'hop2': True, 'bullets': True, 'concise': True} all_resolved=False n_resolved=3/5 tokens=(1959,390)
  N=5 real_musique_hop_00050_3hop1__804367_160713_77246 seed=0 arm=intro_specter: per_fault={'hop0': False, 'hop1': False, 'hop2': True, 'bullets': True, 'concise': True} all_resolved=False n_resolved=3/5 tokens=(4648,1117)
  N=5 real_musique_hop_00050_3hop1__804367_160713_77246 seed=1 arm=direct: per_fault={'hop0': False, 'hop1': False, 'hop2': True, 'bullets': True, 'concise': True} all_resolved=False n_resolved=3/5 tokens=(1959,390)
  N=5 real_musique_hop_00050_3hop1__804367_160713_77246 seed=1 arm=self_refine: per_fault={'hop0': False, 'hop1': True, 'hop2': False, 'bullets': True, 'concise': False} all_resolved=False n_resolved=2/5 tokens=(4494,1054)
  N=5 real_musique_hop_00050_3hop1__804367_160713_77246 seed=1 arm=full_regen: per_fault={'hop0': True, 'hop1': True, 'hop2': True, 'bullets': True, 'concise': True} all_resolved=True n_resolved=5/5 tokens=(3918,860)
  N=5 real_musique_hop_00050_3hop1__804367_160713_77246 seed=1 arm=react: per_fault={'hop0': True, 'hop1': True, 'hop2': False, 'bullets': True, 'concise': True} all_resolved=False n_resolved=4/5 tokens=(3971,1445)
  N=5 real_musique_hop_00050_3hop1__804367_160713_77246 seed=1 arm=selfcheckgpt: per_fault={'hop0': False, 'hop1': False, 'hop2': True, 'bullets': True, 'concise': True} all_resolved=False n_resolved=3/5 tokens=(11552,657)
  N=5 real_musique_hop_00050_3hop1__804367_160713_77246 seed=1 arm=reflexion: per_fault={'hop0': False, 'hop1': False, 'hop2': True, 'bullets': True, 'concise': True} all_resolved=False n_resolved=3/5 tokens=(1959,390)
  N=5 real_musique_hop_00050_3hop1__804367_160713_77246 seed=1 arm=intro_specter: per_fault={'hop0': False, 'hop1': False, 'hop2': True, 'bullets': True, 'concise': True} all_resolved=False n_resolved=3/5 tokens=(4648,1117)
  N=5 real_musique_hop_00050_3hop1__804367_160713_77246 seed=2 arm=direct: per_fault={'hop0': False, 'hop1': False, 'hop2': True, 'bullets': True, 'concise': True} all_resolved=False n_resolved=3/5 tokens=(1959,423)
  N=5 real_musique_hop_00050_3hop1__804367_160713_77246 seed=2 arm=self_refine: per_fault={'hop0': False, 'hop1': True, 'hop2': False, 'bullets': True, 'concise': False} all_resolved=False n_resolved=2/5 tokens=(4527,1122)
  N=5 real_musique_hop_00050_3hop1__804367_160713_77246 seed=2 arm=full_regen: per_fault={'hop0': True, 'hop1': True, 'hop2': True, 'bullets': True, 'concise': True} all_resolved=True n_resolved=5/5 tokens=(3918,808)
  N=5 real_musique_hop_00050_3hop1__804367_160713_77246 seed=2 arm=react: per_fault={'hop0': False, 'hop1': True, 'hop2': False, 'bullets': True, 'concise': True} all_resolved=False n_resolved=3/5 tokens=(3971,1175)
  N=5 real_musique_hop_00050_3hop1__804367_160713_77246 seed=2 arm=selfcheckgpt: per_fault={'hop0': False, 'hop1': True, 'hop2': True, 'bullets': True, 'concise': True} all_resolved=False n_resolved=4/5 tokens=(13470,723)
  N=5 real_musique_hop_00050_3hop1__804367_160713_77246 seed=2 arm=reflexion: per_fault={'hop0': False, 'hop1': False, 'hop2': True, 'bullets': True, 'concise': True} all_resolved=False n_resolved=3/5 tokens=(1959,423)
  N=5 real_musique_hop_00050_3hop1__804367_160713_77246 seed=2 arm=intro_specter: per_fault={'hop0': False, 'hop1': False, 'hop2': True, 'bullets': True, 'concise': True} all_resolved=False n_resolved=3/5 tokens=(4681,1131)
  N=5 real_musique_hop_00053_3hop1__45612_502967_84283 seed=0 arm=direct: per_fault={'hop0': False, 'hop1': True, 'hop2': True, 'concise': True, 'preamble': True} all_resolved=False n_resolved=4/5 tokens=(1921,236)
  N=5 real_musique_hop_00053_3hop1__45612_502967_84283 seed=0 arm=self_refine: per_fault={'hop0': False, 'hop1': False, 'hop2': True, 'concise': True, 'preamble': True} all_resolved=False n_resolved=3/5 tokens=(4207,583)
  N=5 real_musique_hop_00053_3hop1__45612_502967_84283 seed=0 arm=full_regen: per_fault={'hop0': False, 'hop1': True, 'hop2': True, 'concise': True, 'preamble': True} all_resolved=False n_resolved=4/5 tokens=(3842,624)
  N=5 real_musique_hop_00053_3hop1__45612_502967_84283 seed=0 arm=react: per_fault={'hop0': True, 'hop1': True, 'hop2': True, 'concise': True, 'preamble': True} all_resolved=True n_resolved=5/5 tokens=(3895,996)
  N=5 real_musique_hop_00053_3hop1__45612_502967_84283 seed=0 arm=selfcheckgpt: per_fault={'hop0': False, 'hop1': True, 'hop2': True, 'concise': True, 'preamble': True} all_resolved=False n_resolved=4/5 tokens=(11136,334)
  N=5 real_musique_hop_00053_3hop1__45612_502967_84283 seed=0 arm=reflexion: per_fault={'hop0': False, 'hop1': True, 'hop2': True, 'concise': True, 'preamble': True} all_resolved=False n_resolved=4/5 tokens=(1921,236)
  N=5 real_musique_hop_00053_3hop1__45612_502967_84283 seed=0 arm=intro_specter: per_fault={'hop0': False, 'hop1': True, 'hop2': True, 'concise': True, 'preamble': True} all_resolved=False n_resolved=4/5 tokens=(4361,706)
  N=5 real_musique_hop_00053_3hop1__45612_502967_84283 seed=1 arm=direct: per_fault={'hop0': False, 'hop1': True, 'hop2': True, 'concise': True, 'preamble': True} all_resolved=False n_resolved=4/5 tokens=(1921,236)
  N=5 real_musique_hop_00053_3hop1__45612_502967_84283 seed=1 arm=self_refine: per_fault={'hop0': False, 'hop1': False, 'hop2': True, 'concise': True, 'preamble': True} all_resolved=False n_resolved=3/5 tokens=(4207,583)
  N=5 real_musique_hop_00053_3hop1__45612_502967_84283 seed=1 arm=full_regen: per_fault={'hop0': False, 'hop1': False, 'hop2': True, 'concise': True, 'preamble': True} all_resolved=False n_resolved=3/5 tokens=(3842,442)
  N=5 real_musique_hop_00053_3hop1__45612_502967_84283 seed=1 arm=react: per_fault={'hop0': True, 'hop1': True, 'hop2': True, 'concise': True, 'preamble': True} all_resolved=True n_resolved=5/5 tokens=(3895,996)
  N=5 real_musique_hop_00053_3hop1__45612_502967_84283 seed=1 arm=selfcheckgpt: per_fault={'hop0': False, 'hop1': True, 'hop2': True, 'concise': True, 'preamble': True} all_resolved=False n_resolved=4/5 tokens=(11136,334)
  N=5 real_musique_hop_00053_3hop1__45612_502967_84283 seed=1 arm=reflexion: per_fault={'hop0': False, 'hop1': True, 'hop2': True, 'concise': True, 'preamble': True} all_resolved=False n_resolved=4/5 tokens=(1921,236)
  N=5 real_musique_hop_00053_3hop1__45612_502967_84283 seed=1 arm=intro_specter: per_fault={'hop0': False, 'hop1': True, 'hop2': True, 'concise': True, 'preamble': True} all_resolved=False n_resolved=4/5 tokens=(4361,706)
  N=5 real_musique_hop_00053_3hop1__45612_502967_84283 seed=2 arm=direct: per_fault={'hop0': False, 'hop1': True, 'hop2': True, 'concise': True, 'preamble': True} all_resolved=False n_resolved=4/5 tokens=(1921,264)
  N=5 real_musique_hop_00053_3hop1__45612_502967_84283 seed=2 arm=self_refine: per_fault={'hop0': False, 'hop1': False, 'hop2': True, 'concise': True, 'preamble': True} all_resolved=False n_resolved=3/5 tokens=(4235,638)
  N=5 real_musique_hop_00053_3hop1__45612_502967_84283 seed=2 arm=full_regen: per_fault={'hop0': False, 'hop1': True, 'hop2': True, 'concise': True, 'preamble': True} all_resolved=False n_resolved=4/5 tokens=(3842,683)
  N=5 real_musique_hop_00053_3hop1__45612_502967_84283 seed=2 arm=react: per_fault={'hop0': True, 'hop1': True, 'hop2': True, 'concise': True, 'preamble': True} all_resolved=True n_resolved=5/5 tokens=(3895,1169)
  N=5 real_musique_hop_00053_3hop1__45612_502967_84283 seed=2 arm=selfcheckgpt: per_fault={'hop0': False, 'hop1': True, 'hop2': True, 'concise': True, 'preamble': True} all_resolved=False n_resolved=4/5 tokens=(11150,364)
  N=5 real_musique_hop_00053_3hop1__45612_502967_84283 seed=2 arm=reflexion: per_fault={'hop0': False, 'hop1': True, 'hop2': True, 'concise': True, 'preamble': True} all_resolved=False n_resolved=4/5 tokens=(1921,264)
  N=5 real_musique_hop_00053_3hop1__45612_502967_84283 seed=2 arm=intro_specter: per_fault={'hop0': False, 'hop1': True, 'hop2': True, 'concise': True, 'preamble': True} all_resolved=False n_resolved=4/5 tokens=(4389,751)
  N=5 real_musique_hop_00054_3hop1__142044_538202_84283 seed=0 arm=direct: per_fault={'hop0': True, 'hop1': True, 'hop2': True, 'concise': True, 'preamble': True} all_resolved=True n_resolved=5/5 tokens=(1951,389)
  N=5 real_musique_hop_00054_3hop1__142044_538202_84283 seed=0 arm=self_refine: per_fault={'hop0': False, 'hop1': False, 'hop2': True, 'concise': True, 'preamble': True} all_resolved=False n_resolved=3/5 tokens=(4505,849)
  N=5 real_musique_hop_00054_3hop1__142044_538202_84283 seed=0 arm=full_regen: per_fault={'hop0': True, 'hop1': False, 'hop2': True, 'concise': False, 'preamble': True} all_resolved=False n_resolved=3/5 tokens=(3902,687)
  N=5 real_musique_hop_00054_3hop1__142044_538202_84283 seed=0 arm=react: per_fault={'hop0': True, 'hop1': True, 'hop2': True, 'concise': True, 'preamble': True} all_resolved=True n_resolved=5/5 tokens=(3955,2012)
  N=5 real_musique_hop_00054_3hop1__142044_538202_84283 seed=0 arm=selfcheckgpt: per_fault={'hop0': True, 'hop1': True, 'hop2': True, 'concise': True, 'preamble': True} all_resolved=True n_resolved=5/5 tokens=(11316,487)
  N=5 real_musique_hop_00054_3hop1__142044_538202_84283 seed=0 arm=reflexion: per_fault={'hop0': True, 'hop1': True, 'hop2': True, 'concise': True, 'preamble': True} all_resolved=True n_resolved=5/5 tokens=(1951,389)
  N=5 real_musique_hop_00054_3hop1__142044_538202_84283 seed=0 arm=intro_specter: per_fault={'hop0': True, 'hop1': True, 'hop2': True, 'concise': True, 'preamble': True} all_resolved=True n_resolved=5/5 tokens=(4659,1086)
  N=5 real_musique_hop_00054_3hop1__142044_538202_84283 seed=1 arm=direct: per_fault={'hop0': True, 'hop1': True, 'hop2': True, 'concise': True, 'preamble': True} all_resolved=True n_resolved=5/5 tokens=(1951,389)
  N=5 real_musique_hop_00054_3hop1__142044_538202_84283 seed=1 arm=self_refine: per_fault={'hop0': False, 'hop1': False, 'hop2': True, 'concise': True, 'preamble': True} all_resolved=False n_resolved=3/5 tokens=(4505,849)
  N=5 real_musique_hop_00054_3hop1__142044_538202_84283 seed=1 arm=full_regen: per_fault={'hop0': False, 'hop1': False, 'hop2': True, 'concise': True, 'preamble': True} all_resolved=False n_resolved=3/5 tokens=(3902,664)
  N=5 real_musique_hop_00054_3hop1__142044_538202_84283 seed=1 arm=react: per_fault={'hop0': True, 'hop1': True, 'hop2': True, 'concise': True, 'preamble': True} all_resolved=True n_resolved=5/5 tokens=(3955,2012)
  N=5 real_musique_hop_00054_3hop1__142044_538202_84283 seed=1 arm=selfcheckgpt: per_fault={'hop0': True, 'hop1': True, 'hop2': True, 'concise': True, 'preamble': True} all_resolved=True n_resolved=5/5 tokens=(11316,487)
  N=5 real_musique_hop_00054_3hop1__142044_538202_84283 seed=1 arm=reflexion: per_fault={'hop0': True, 'hop1': True, 'hop2': True, 'concise': True, 'preamble': True} all_resolved=True n_resolved=5/5 tokens=(1951,389)
  N=5 real_musique_hop_00054_3hop1__142044_538202_84283 seed=1 arm=intro_specter: per_fault={'hop0': True, 'hop1': True, 'hop2': True, 'concise': True, 'preamble': True} all_resolved=True n_resolved=5/5 tokens=(4659,1086)
  N=5 real_musique_hop_00054_3hop1__142044_538202_84283 seed=2 arm=direct: per_fault={'hop0': True, 'hop1': True, 'hop2': True, 'concise': True, 'preamble': True} all_resolved=True n_resolved=5/5 tokens=(1951,303)
  N=5 real_musique_hop_00054_3hop1__142044_538202_84283 seed=2 arm=self_refine: per_fault={'hop0': False, 'hop1': True, 'hop2': True, 'concise': True, 'preamble': True} all_resolved=False n_resolved=4/5 tokens=(4363,797)
  N=5 real_musique_hop_00054_3hop1__142044_538202_84283 seed=2 arm=full_regen: per_fault={'hop0': True, 'hop1': False, 'hop2': True, 'concise': True, 'preamble': True} all_resolved=False n_resolved=4/5 tokens=(3902,677)
  N=5 real_musique_hop_00054_3hop1__142044_538202_84283 seed=2 arm=react: per_fault={'hop0': True, 'hop1': False, 'hop2': True, 'concise': True, 'preamble': True} all_resolved=False n_resolved=4/5 tokens=(3955,966)
  N=5 real_musique_hop_00054_3hop1__142044_538202_84283 seed=2 arm=selfcheckgpt: per_fault={'hop0': True, 'hop1': True, 'hop2': True, 'concise': True, 'preamble': True} all_resolved=True n_resolved=5/5 tokens=(11316,401)
  N=5 real_musique_hop_00054_3hop1__142044_538202_84283 seed=2 arm=reflexion: per_fault={'hop0': True, 'hop1': True, 'hop2': True, 'concise': True, 'preamble': True} all_resolved=True n_resolved=5/5 tokens=(1951,303)
  N=5 real_musique_hop_00054_3hop1__142044_538202_84283 seed=2 arm=intro_specter: per_fault={'hop0': True, 'hop1': True, 'hop2': True, 'concise': True, 'preamble': True} all_resolved=True n_resolved=5/5 tokens=(4517,800)
  N=5 real_musique_hop_00055_3hop1__63037_567566_84283 seed=0 arm=direct: per_fault={'hop0': False, 'hop1': False, 'hop2': True, 'concise': True, 'preamble': True} all_resolved=False n_resolved=3/5 tokens=(1770,245)
  N=5 real_musique_hop_00055_3hop1__63037_567566_84283 seed=0 arm=self_refine: per_fault={'hop0': True, 'hop1': False, 'hop2': True, 'concise': True, 'preamble': True} all_resolved=False n_resolved=4/5 tokens=(3914,530)
  N=5 real_musique_hop_00055_3hop1__63037_567566_84283 seed=0 arm=full_regen: per_fault={'hop0': False, 'hop1': False, 'hop2': True, 'concise': True, 'preamble': True} all_resolved=False n_resolved=3/5 tokens=(3540,454)
  N=5 real_musique_hop_00055_3hop1__63037_567566_84283 seed=0 arm=react: per_fault={'hop0': False, 'hop1': True, 'hop2': True, 'concise': True, 'preamble': True} all_resolved=False n_resolved=4/5 tokens=(3593,908)
  N=5 real_musique_hop_00055_3hop1__63037_567566_84283 seed=0 arm=selfcheckgpt: per_fault={'hop0': False, 'hop1': False, 'hop2': True, 'concise': True, 'preamble': True} all_resolved=False n_resolved=3/5 tokens=(10230,343)
  N=5 real_musique_hop_00055_3hop1__63037_567566_84283 seed=0 arm=reflexion: per_fault={'hop0': False, 'hop1': False, 'hop2': True, 'concise': True, 'preamble': True} all_resolved=False n_resolved=3/5 tokens=(1770,245)
  N=5 real_musique_hop_00055_3hop1__63037_567566_84283 seed=0 arm=intro_specter: per_fault={'hop0': False, 'hop1': False, 'hop2': True, 'concise': True, 'preamble': True} all_resolved=False n_resolved=3/5 tokens=(4068,769)
  N=5 real_musique_hop_00055_3hop1__63037_567566_84283 seed=1 arm=direct: per_fault={'hop0': False, 'hop1': False, 'hop2': True, 'concise': True, 'preamble': True} all_resolved=False n_resolved=3/5 tokens=(1770,245)
  N=5 real_musique_hop_00055_3hop1__63037_567566_84283 seed=1 arm=self_refine: per_fault={'hop0': True, 'hop1': False, 'hop2': True, 'concise': True, 'preamble': True} all_resolved=False n_resolved=4/5 tokens=(3914,530)
  N=5 real_musique_hop_00055_3hop1__63037_567566_84283 seed=1 arm=full_regen: per_fault={'hop0': False, 'hop1': False, 'hop2': True, 'concise': True, 'preamble': True} all_resolved=False n_resolved=3/5 tokens=(3540,483)
  N=5 real_musique_hop_00055_3hop1__63037_567566_84283 seed=1 arm=react: per_fault={'hop0': False, 'hop1': True, 'hop2': True, 'concise': True, 'preamble': True} all_resolved=False n_resolved=4/5 tokens=(3593,908)
  N=5 real_musique_hop_00055_3hop1__63037_567566_84283 seed=1 arm=selfcheckgpt: per_fault={'hop0': False, 'hop1': False, 'hop2': True, 'concise': True, 'preamble': True} all_resolved=False n_resolved=3/5 tokens=(10230,343)
  N=5 real_musique_hop_00055_3hop1__63037_567566_84283 seed=1 arm=reflexion: per_fault={'hop0': False, 'hop1': False, 'hop2': True, 'concise': True, 'preamble': True} all_resolved=False n_resolved=3/5 tokens=(1770,245)
  N=5 real_musique_hop_00055_3hop1__63037_567566_84283 seed=1 arm=intro_specter: per_fault={'hop0': False, 'hop1': False, 'hop2': True, 'concise': True, 'preamble': True} all_resolved=False n_resolved=3/5 tokens=(4068,769)
  N=5 real_musique_hop_00055_3hop1__63037_567566_84283 seed=2 arm=direct: per_fault={'hop0': False, 'hop1': False, 'hop2': True, 'concise': True, 'preamble': True} all_resolved=False n_resolved=3/5 tokens=(1770,205)
  N=5 real_musique_hop_00055_3hop1__63037_567566_84283 seed=2 arm=self_refine: per_fault={'hop0': False, 'hop1': True, 'hop2': True, 'concise': False, 'preamble': True} all_resolved=False n_resolved=3/5 tokens=(3846,650)
  N=5 real_musique_hop_00055_3hop1__63037_567566_84283 seed=2 arm=full_regen: per_fault={'hop0': False, 'hop1': False, 'hop2': True, 'concise': True, 'preamble': True} all_resolved=False n_resolved=3/5 tokens=(3540,314)
  N=5 real_musique_hop_00055_3hop1__63037_567566_84283 seed=2 arm=react: per_fault={'hop0': False, 'hop1': True, 'hop2': True, 'concise': True, 'preamble': True} all_resolved=False n_resolved=4/5 tokens=(3593,873)
  N=5 real_musique_hop_00055_3hop1__63037_567566_84283 seed=2 arm=selfcheckgpt: per_fault={'hop0': False, 'hop1': False, 'hop2': True, 'concise': True, 'preamble': True} all_resolved=False n_resolved=3/5 tokens=(10230,303)
  N=5 real_musique_hop_00055_3hop1__63037_567566_84283 seed=2 arm=reflexion: per_fault={'hop0': False, 'hop1': False, 'hop2': True, 'concise': True, 'preamble': True} all_resolved=False n_resolved=3/5 tokens=(1770,205)
  N=5 real_musique_hop_00055_3hop1__63037_567566_84283 seed=2 arm=intro_specter: per_fault={'hop0': False, 'hop1': False, 'hop2': True, 'concise': True, 'preamble': True} all_resolved=False n_resolved=3/5 tokens=(4000,604)
  N=5 real_musique_hop_00072_3hop1__649930_15840_36002 seed=0 arm=direct: per_fault={'hop0': True, 'hop1': True, 'hop2': True, 'bullets': True, 'preamble': True} all_resolved=True n_resolved=5/5 tokens=(2098,355)
  N=5 real_musique_hop_00072_3hop1__649930_15840_36002 seed=0 arm=self_refine: per_fault={'hop0': True, 'hop1': True, 'hop2': True, 'bullets': True, 'preamble': True} all_resolved=True n_resolved=5/5 tokens=(4646,723)
  N=5 real_musique_hop_00072_3hop1__649930_15840_36002 seed=0 arm=full_regen: per_fault={'hop0': True, 'hop1': True, 'hop2': True, 'bullets': True, 'preamble': True} all_resolved=True n_resolved=5/5 tokens=(4196,739)
  N=5 real_musique_hop_00072_3hop1__649930_15840_36002 seed=0 arm=react: per_fault={'hop0': False, 'hop1': True, 'hop2': True, 'bullets': True, 'preamble': True} all_resolved=False n_resolved=4/5 tokens=(4249,1013)
  N=5 real_musique_hop_00072_3hop1__649930_15840_36002 seed=0 arm=selfcheckgpt: per_fault={'hop0': True, 'hop1': True, 'hop2': True, 'bullets': True, 'preamble': True} all_resolved=True n_resolved=5/5 tokens=(12334,578)
  N=5 real_musique_hop_00072_3hop1__649930_15840_36002 seed=0 arm=reflexion: per_fault={'hop0': True, 'hop1': True, 'hop2': True, 'bullets': True, 'preamble': True} all_resolved=True n_resolved=5/5 tokens=(2098,355)
  N=5 real_musique_hop_00072_3hop1__649930_15840_36002 seed=0 arm=intro_specter: per_fault={'hop0': True, 'hop1': True, 'hop2': True, 'bullets': True, 'preamble': True} all_resolved=True n_resolved=5/5 tokens=(4800,800)
  N=5 real_musique_hop_00072_3hop1__649930_15840_36002 seed=1 arm=direct: per_fault={'hop0': True, 'hop1': True, 'hop2': True, 'bullets': True, 'preamble': True} all_resolved=True n_resolved=5/5 tokens=(2098,355)
  N=5 real_musique_hop_00072_3hop1__649930_15840_36002 seed=1 arm=self_refine: per_fault={'hop0': True, 'hop1': True, 'hop2': True, 'bullets': True, 'preamble': True} all_resolved=True n_resolved=5/5 tokens=(4646,723)
  N=5 real_musique_hop_00072_3hop1__649930_15840_36002 seed=1 arm=full_regen: per_fault={'hop0': False, 'hop1': True, 'hop2': True, 'bullets': True, 'preamble': True} all_resolved=False n_resolved=4/5 tokens=(4196,574)
  N=5 real_musique_hop_00072_3hop1__649930_15840_36002 seed=1 arm=react: per_fault={'hop0': False, 'hop1': True, 'hop2': True, 'bullets': True, 'preamble': True} all_resolved=False n_resolved=4/5 tokens=(4249,1013)
  N=5 real_musique_hop_00072_3hop1__649930_15840_36002 seed=1 arm=selfcheckgpt: per_fault={'hop0': True, 'hop1': True, 'hop2': True, 'bullets': True, 'preamble': True} all_resolved=True n_resolved=5/5 tokens=(12312,567)
  N=5 real_musique_hop_00072_3hop1__649930_15840_36002 seed=1 arm=reflexion: per_fault={'hop0': True, 'hop1': True, 'hop2': True, 'bullets': True, 'preamble': True} all_resolved=True n_resolved=5/5 tokens=(2098,355)
  N=5 real_musique_hop_00072_3hop1__649930_15840_36002 seed=1 arm=intro_specter: per_fault={'hop0': True, 'hop1': True, 'hop2': True, 'bullets': True, 'preamble': True} all_resolved=True n_resolved=5/5 tokens=(4800,800)
  N=5 real_musique_hop_00072_3hop1__649930_15840_36002 seed=2 arm=direct: per_fault={'hop0': True, 'hop1': True, 'hop2': False, 'bullets': True, 'preamble': True} all_resolved=False n_resolved=4/5 tokens=(2098,332)
  N=5 real_musique_hop_00072_3hop1__649930_15840_36002 seed=2 arm=self_refine: per_fault={'hop0': True, 'hop1': True, 'hop2': False, 'bullets': True, 'preamble': True} all_resolved=False n_resolved=4/5 tokens=(4623,802)
  N=5 real_musique_hop_00072_3hop1__649930_15840_36002 seed=2 arm=full_regen: per_fault={'hop0': True, 'hop1': True, 'hop2': True, 'bullets': True, 'preamble': True} all_resolved=True n_resolved=5/5 tokens=(4196,618)
  N=5 real_musique_hop_00072_3hop1__649930_15840_36002 seed=2 arm=react: per_fault={'hop0': False, 'hop1': True, 'hop2': True, 'bullets': True, 'preamble': True} all_resolved=False n_resolved=4/5 tokens=(4249,958)
  N=5 real_musique_hop_00072_3hop1__649930_15840_36002 seed=2 arm=selfcheckgpt: per_fault={'hop0': True, 'hop1': True, 'hop2': False, 'bullets': True, 'preamble': True} all_resolved=False n_resolved=4/5 tokens=(12296,525)
  N=5 real_musique_hop_00072_3hop1__649930_15840_36002 seed=2 arm=reflexion: per_fault={'hop0': True, 'hop1': True, 'hop2': False, 'bullets': True, 'preamble': True} all_resolved=False n_resolved=4/5 tokens=(2098,332)
  N=5 real_musique_hop_00072_3hop1__649930_15840_36002 seed=2 arm=intro_specter: per_fault={'hop0': True, 'hop1': True, 'hop2': False, 'bullets': True, 'preamble': True} all_resolved=False n_resolved=4/5 tokens=(4777,741)
  N=5 real_musique_hop_00076_3hop1__742464_15840_36002 seed=0 arm=direct: per_fault={'hop0': False, 'hop1': True, 'hop2': False, 'concise': True, 'english': True} all_resolved=False n_resolved=3/5 tokens=(1887,153)
  N=5 real_musique_hop_00076_3hop1__742464_15840_36002 seed=0 arm=self_refine: per_fault={'hop0': True, 'hop1': True, 'hop2': False, 'concise': True, 'english': True} all_resolved=False n_resolved=4/5 tokens=(3959,427)
  N=5 real_musique_hop_00076_3hop1__742464_15840_36002 seed=0 arm=full_regen: per_fault={'hop0': False, 'hop1': True, 'hop2': False, 'concise': True, 'english': True} all_resolved=False n_resolved=3/5 tokens=(3774,488)
  N=5 real_musique_hop_00076_3hop1__742464_15840_36002 seed=0 arm=react: per_fault={'hop0': False, 'hop1': True, 'hop2': False, 'concise': True, 'english': True} all_resolved=False n_resolved=3/5 tokens=(3827,895)
  N=5 real_musique_hop_00076_3hop1__742464_15840_36002 seed=0 arm=selfcheckgpt: per_fault={'hop0': False, 'hop1': True, 'hop2': False, 'concise': True, 'english': True} all_resolved=False n_resolved=3/5 tokens=(11092,404)
  N=5 real_musique_hop_00076_3hop1__742464_15840_36002 seed=0 arm=reflexion: per_fault={'hop0': False, 'hop1': True, 'hop2': False, 'concise': True, 'english': True} all_resolved=False n_resolved=3/5 tokens=(10521,698)
  N=5 real_musique_hop_00076_3hop1__742464_15840_36002 seed=0 arm=intro_specter: per_fault={'hop0': False, 'hop1': True, 'hop2': False, 'concise': True, 'english': True} all_resolved=False n_resolved=3/5 tokens=(4113,351)
  N=5 real_musique_hop_00076_3hop1__742464_15840_36002 seed=1 arm=direct: per_fault={'hop0': False, 'hop1': True, 'hop2': False, 'concise': True, 'english': True} all_resolved=False n_resolved=3/5 tokens=(1887,153)
  N=5 real_musique_hop_00076_3hop1__742464_15840_36002 seed=1 arm=self_refine: per_fault={'hop0': True, 'hop1': True, 'hop2': False, 'concise': True, 'english': True} all_resolved=False n_resolved=4/5 tokens=(3959,427)
  N=5 real_musique_hop_00076_3hop1__742464_15840_36002 seed=1 arm=full_regen: per_fault={'hop0': False, 'hop1': True, 'hop2': True, 'concise': True, 'english': True} all_resolved=False n_resolved=4/5 tokens=(3774,408)
  N=5 real_musique_hop_00076_3hop1__742464_15840_36002 seed=1 arm=react: per_fault={'hop0': False, 'hop1': True, 'hop2': False, 'concise': True, 'english': True} all_resolved=False n_resolved=3/5 tokens=(3827,895)
  N=5 real_musique_hop_00076_3hop1__742464_15840_36002 seed=1 arm=selfcheckgpt: per_fault={'hop0': False, 'hop1': True, 'hop2': False, 'concise': True, 'english': True} all_resolved=False n_resolved=3/5 tokens=(11057,365)
  N=5 real_musique_hop_00076_3hop1__742464_15840_36002 seed=1 arm=reflexion: per_fault={'hop0': False, 'hop1': True, 'hop2': False, 'concise': True, 'english': True} all_resolved=False n_resolved=3/5 tokens=(10521,698)
  N=5 real_musique_hop_00076_3hop1__742464_15840_36002 seed=1 arm=intro_specter: per_fault={'hop0': False, 'hop1': True, 'hop2': False, 'concise': True, 'english': True} all_resolved=False n_resolved=3/5 tokens=(4113,351)
  N=5 real_musique_hop_00076_3hop1__742464_15840_36002 seed=2 arm=direct: per_fault={'hop0': False, 'hop1': True, 'hop2': False, 'concise': True, 'english': True} all_resolved=False n_resolved=3/5 tokens=(1887,200)
  N=5 real_musique_hop_00076_3hop1__742464_15840_36002 seed=2 arm=self_refine: per_fault={'hop0': False, 'hop1': True, 'hop2': False, 'concise': True, 'english': True} all_resolved=False n_resolved=3/5 tokens=(4075,708)
  N=5 real_musique_hop_00076_3hop1__742464_15840_36002 seed=2 arm=full_regen: per_fault={'hop0': False, 'hop1': True, 'hop2': True, 'concise': True, 'english': True} all_resolved=False n_resolved=4/5 tokens=(3774,518)
  N=5 real_musique_hop_00076_3hop1__742464_15840_36002 seed=2 arm=react: per_fault={'hop0': False, 'hop1': True, 'hop2': False, 'concise': True, 'english': True} all_resolved=False n_resolved=3/5 tokens=(3827,744)
  N=5 real_musique_hop_00076_3hop1__742464_15840_36002 seed=2 arm=selfcheckgpt: per_fault={'hop0': False, 'hop1': True, 'hop2': False, 'concise': True, 'english': True} all_resolved=False n_resolved=3/5 tokens=(11073,434)
  N=5 real_musique_hop_00076_3hop1__742464_15840_36002 seed=2 arm=reflexion: per_fault={'hop0': False, 'hop1': True, 'hop2': False, 'concise': True, 'english': True} all_resolved=False n_resolved=3/5 tokens=(11108,990)
  N=5 real_musique_hop_00076_3hop1__742464_15840_36002 seed=2 arm=intro_specter: per_fault={'hop0': False, 'hop1': True, 'hop2': False, 'concise': True, 'english': True} all_resolved=False n_resolved=3/5 tokens=(4229,516)
  N=5 real_musique_hop_00078_3hop1__469478_15840_36002 seed=0 arm=direct: per_fault={'hop0': False, 'hop1': True, 'hop2': False, 'bullets': True, 'english': True} all_resolved=False n_resolved=3/5 tokens=(1793,466)
  N=5 real_musique_hop_00078_3hop1__469478_15840_36002 seed=0 arm=self_refine: per_fault={'hop0': False, 'hop1': True, 'hop2': False, 'bullets': True, 'english': True} all_resolved=False n_resolved=3/5 tokens=(4202,1150)
  N=5 real_musique_hop_00078_3hop1__469478_15840_36002 seed=0 arm=full_regen: per_fault={'hop0': True, 'hop1': True, 'hop2': False, 'bullets': True, 'english': True} all_resolved=False n_resolved=4/5 tokens=(3586,733)
  N=5 real_musique_hop_00078_3hop1__469478_15840_36002 seed=0 arm=react: per_fault={'hop0': False, 'hop1': True, 'hop2': False, 'bullets': True, 'english': True} all_resolved=False n_resolved=3/5 tokens=(3639,1005)
  N=5 real_musique_hop_00078_3hop1__469478_15840_36002 seed=0 arm=selfcheckgpt: per_fault={'hop0': False, 'hop1': True, 'hop2': False, 'bullets': True, 'english': True} all_resolved=False n_resolved=3/5 tokens=(10483,682)
  N=5 real_musique_hop_00078_3hop1__469478_15840_36002 seed=0 arm=reflexion: per_fault={'hop0': False, 'hop1': True, 'hop2': False, 'bullets': True, 'english': True} all_resolved=False n_resolved=3/5 tokens=(12195,1864)
  N=5 real_musique_hop_00078_3hop1__469478_15840_36002 seed=0 arm=intro_specter: per_fault={'hop0': False, 'hop1': True, 'hop2': False, 'bullets': True, 'english': True} all_resolved=False n_resolved=3/5 tokens=(4356,1168)
  N=5 real_musique_hop_00078_3hop1__469478_15840_36002 seed=1 arm=direct: per_fault={'hop0': False, 'hop1': True, 'hop2': False, 'bullets': True, 'english': True} all_resolved=False n_resolved=3/5 tokens=(1793,466)
  N=5 real_musique_hop_00078_3hop1__469478_15840_36002 seed=1 arm=self_refine: per_fault={'hop0': False, 'hop1': True, 'hop2': False, 'bullets': True, 'english': True} all_resolved=False n_resolved=3/5 tokens=(4202,1150)
  N=5 real_musique_hop_00078_3hop1__469478_15840_36002 seed=1 arm=full_regen: per_fault={'hop0': False, 'hop1': True, 'hop2': False, 'bullets': True, 'english': True} all_resolved=False n_resolved=3/5 tokens=(3586,732)
  N=5 real_musique_hop_00078_3hop1__469478_15840_36002 seed=1 arm=react: per_fault={'hop0': False, 'hop1': True, 'hop2': False, 'bullets': True, 'english': True} all_resolved=False n_resolved=3/5 tokens=(3639,1005)
  N=5 real_musique_hop_00078_3hop1__469478_15840_36002 seed=1 arm=selfcheckgpt: per_fault={'hop0': False, 'hop1': True, 'hop2': False, 'bullets': True, 'english': True} all_resolved=False n_resolved=3/5 tokens=(10490,684)
  N=5 real_musique_hop_00078_3hop1__469478_15840_36002 seed=1 arm=reflexion: per_fault={'hop0': False, 'hop1': True, 'hop2': False, 'bullets': True, 'english': True} all_resolved=False n_resolved=3/5 tokens=(12195,1864)
  N=5 real_musique_hop_00078_3hop1__469478_15840_36002 seed=1 arm=intro_specter: per_fault={'hop0': False, 'hop1': True, 'hop2': False, 'bullets': True, 'english': True} all_resolved=False n_resolved=3/5 tokens=(4356,1168)
  N=5 real_musique_hop_00078_3hop1__469478_15840_36002 seed=2 arm=direct: per_fault={'hop0': False, 'hop1': True, 'hop2': False, 'bullets': True, 'english': True} all_resolved=False n_resolved=3/5 tokens=(1793,312)
  N=5 real_musique_hop_00078_3hop1__469478_15840_36002 seed=2 arm=self_refine: per_fault={'hop0': False, 'hop1': True, 'hop2': False, 'bullets': True, 'english': True} all_resolved=False n_resolved=3/5 tokens=(3993,778)
  N=5 real_musique_hop_00078_3hop1__469478_15840_36002 seed=2 arm=full_regen: per_fault={'hop0': False, 'hop1': True, 'hop2': False, 'bullets': True, 'english': True} all_resolved=False n_resolved=3/5 tokens=(3586,691)
  N=5 real_musique_hop_00078_3hop1__469478_15840_36002 seed=2 arm=react: per_fault={'hop0': False, 'hop1': True, 'hop2': False, 'bullets': True, 'english': True} all_resolved=False n_resolved=3/5 tokens=(3639,760)
  N=5 real_musique_hop_00078_3hop1__469478_15840_36002 seed=2 arm=selfcheckgpt: per_fault={'hop0': False, 'hop1': True, 'hop2': False, 'bullets': True, 'english': True} all_resolved=False n_resolved=3/5 tokens=(10518,554)
  N=5 real_musique_hop_00078_3hop1__469478_15840_36002 seed=2 arm=reflexion: per_fault={'hop0': False, 'hop1': True, 'hop2': False, 'bullets': True, 'english': True} all_resolved=False n_resolved=3/5 tokens=(11204,1352)
  N=5 real_musique_hop_00078_3hop1__469478_15840_36002 seed=2 arm=intro_specter: per_fault={'hop0': False, 'hop1': True, 'hop2': False, 'bullets': True, 'english': True} all_resolved=False n_resolved=3/5 tokens=(4147,835)
  N=5 real_musique_hop_00080_3hop2__304722_397371_63959 seed=0 arm=direct: per_fault={'hop0': True, 'hop1': True, 'hop2': True, 'bullets': True, 'concise': True} all_resolved=True n_resolved=5/5 tokens=(1975,363)
  N=5 real_musique_hop_00080_3hop2__304722_397371_63959 seed=0 arm=self_refine: per_fault={'hop0': True, 'hop1': True, 'hop2': True, 'bullets': True, 'concise': True} all_resolved=True n_resolved=5/5 tokens=(4471,927)
  N=5 real_musique_hop_00080_3hop2__304722_397371_63959 seed=0 arm=full_regen: per_fault={'hop0': True, 'hop1': True, 'hop2': True, 'bullets': True, 'concise': False} all_resolved=False n_resolved=4/5 tokens=(3950,727)
  N=5 real_musique_hop_00080_3hop2__304722_397371_63959 seed=0 arm=react: per_fault={'hop0': False, 'hop1': False, 'hop2': True, 'bullets': True, 'concise': False} all_resolved=False n_resolved=2/5 tokens=(4003,1209)
  N=5 real_musique_hop_00080_3hop2__304722_397371_63959 seed=0 arm=selfcheckgpt: per_fault={'hop0': True, 'hop1': True, 'hop2': True, 'bullets': True, 'concise': True} all_resolved=True n_resolved=5/5 tokens=(11647,622)
  N=5 real_musique_hop_00080_3hop2__304722_397371_63959 seed=0 arm=reflexion: per_fault={'hop0': True, 'hop1': True, 'hop2': True, 'bullets': True, 'concise': True} all_resolved=True n_resolved=5/5 tokens=(1975,363)
  N=5 real_musique_hop_00080_3hop2__304722_397371_63959 seed=0 arm=intro_specter: per_fault={'hop0': True, 'hop1': True, 'hop2': True, 'bullets': True, 'concise': True} all_resolved=True n_resolved=5/5 tokens=(4625,1019)
  N=5 real_musique_hop_00080_3hop2__304722_397371_63959 seed=1 arm=direct: per_fault={'hop0': True, 'hop1': True, 'hop2': True, 'bullets': True, 'concise': True} all_resolved=True n_resolved=5/5 tokens=(1975,363)
  N=5 real_musique_hop_00080_3hop2__304722_397371_63959 seed=1 arm=self_refine: per_fault={'hop0': True, 'hop1': True, 'hop2': True, 'bullets': True, 'concise': True} all_resolved=True n_resolved=5/5 tokens=(4471,927)
  N=5 real_musique_hop_00080_3hop2__304722_397371_63959 seed=1 arm=full_regen: per_fault={'hop0': False, 'hop1': False, 'hop2': True, 'bullets': True, 'concise': True} all_resolved=False n_resolved=3/5 tokens=(3950,583)
  N=5 real_musique_hop_00080_3hop2__304722_397371_63959 seed=1 arm=react: per_fault={'hop0': False, 'hop1': False, 'hop2': True, 'bullets': True, 'concise': False} all_resolved=False n_resolved=2/5 tokens=(4003,1209)
  N=5 real_musique_hop_00080_3hop2__304722_397371_63959 seed=1 arm=selfcheckgpt: per_fault={'hop0': True, 'hop1': True, 'hop2': True, 'bullets': True, 'concise': True} all_resolved=True n_resolved=5/5 tokens=(11601,571)
  N=5 real_musique_hop_00080_3hop2__304722_397371_63959 seed=1 arm=reflexion: per_fault={'hop0': True, 'hop1': True, 'hop2': True, 'bullets': True, 'concise': True} all_resolved=True n_resolved=5/5 tokens=(1975,363)
  N=5 real_musique_hop_00080_3hop2__304722_397371_63959 seed=1 arm=intro_specter: per_fault={'hop0': True, 'hop1': True, 'hop2': True, 'bullets': True, 'concise': True} all_resolved=True n_resolved=5/5 tokens=(4625,1019)
  N=5 real_musique_hop_00080_3hop2__304722_397371_63959 seed=2 arm=direct: per_fault={'hop0': False, 'hop1': False, 'hop2': True, 'bullets': True, 'concise': True} all_resolved=False n_resolved=3/5 tokens=(1975,512)
  N=5 real_musique_hop_00080_3hop2__304722_397371_63959 seed=2 arm=self_refine: per_fault={'hop0': False, 'hop1': False, 'hop2': True, 'bullets': True, 'concise': False} all_resolved=False n_resolved=2/5 tokens=(4733,1468)
  N=5 real_musique_hop_00080_3hop2__304722_397371_63959 seed=2 arm=full_regen: per_fault={'hop0': True, 'hop1': True, 'hop2': True, 'bullets': True, 'concise': False} all_resolved=False n_resolved=4/5 tokens=(3950,886)
  N=5 real_musique_hop_00080_3hop2__304722_397371_63959 seed=2 arm=react: per_fault={'hop0': False, 'hop1': False, 'hop2': True, 'bullets': True, 'concise': True} all_resolved=False n_resolved=3/5 tokens=(4003,1008)
  N=5 real_musique_hop_00080_3hop2__304722_397371_63959 seed=2 arm=selfcheckgpt: per_fault={'hop0': False, 'hop1': False, 'hop2': True, 'bullets': True, 'concise': True} all_resolved=False n_resolved=3/5 tokens=(11624,770)
  N=5 real_musique_hop_00080_3hop2__304722_397371_63959 seed=2 arm=reflexion: per_fault={'hop0': False, 'hop1': False, 'hop2': True, 'bullets': True, 'concise': True} all_resolved=False n_resolved=3/5 tokens=(1975,512)
  N=5 real_musique_hop_00080_3hop2__304722_397371_63959 seed=2 arm=intro_specter: per_fault={'hop0': False, 'hop1': False, 'hop2': True, 'bullets': True, 'concise': True} all_resolved=False n_resolved=3/5 tokens=(4887,1131)
  N=5 real_musique_hop_00081_3hop2__304722_590317_63959 seed=0 arm=direct: per_fault={'hop0': False, 'hop1': False, 'hop2': True, 'bullets': True, 'preamble': True} all_resolved=False n_resolved=3/5 tokens=(2049,377)
  N=5 real_musique_hop_00081_3hop2__304722_590317_63959 seed=0 arm=self_refine: per_fault={'hop0': False, 'hop1': False, 'hop2': True, 'bullets': True, 'preamble': True} all_resolved=False n_resolved=3/5 tokens=(4605,941)
  N=5 real_musique_hop_00081_3hop2__304722_590317_63959 seed=0 arm=full_regen: per_fault={'hop0': False, 'hop1': False, 'hop2': True, 'bullets': True, 'preamble': True} all_resolved=False n_resolved=3/5 tokens=(4098,697)
  N=5 real_musique_hop_00081_3hop2__304722_590317_63959 seed=0 arm=react: per_fault={'hop0': True, 'hop1': False, 'hop2': True, 'bullets': True, 'preamble': True} all_resolved=False n_resolved=4/5 tokens=(4151,1135)
  N=5 real_musique_hop_00081_3hop2__304722_590317_63959 seed=0 arm=selfcheckgpt: per_fault={'hop0': False, 'hop1': False, 'hop2': True, 'bullets': True, 'preamble': True} all_resolved=False n_resolved=3/5 tokens=(12017,572)
  N=5 real_musique_hop_00081_3hop2__304722_590317_63959 seed=0 arm=reflexion: per_fault={'hop0': False, 'hop1': False, 'hop2': True, 'bullets': True, 'preamble': True} all_resolved=False n_resolved=3/5 tokens=(2049,377)
  N=5 real_musique_hop_00081_3hop2__304722_590317_63959 seed=0 arm=intro_specter: per_fault={'hop0': False, 'hop1': False, 'hop2': True, 'bullets': True, 'preamble': True} all_resolved=False n_resolved=3/5 tokens=(4759,906)
  N=5 real_musique_hop_00081_3hop2__304722_590317_63959 seed=1 arm=direct: per_fault={'hop0': False, 'hop1': False, 'hop2': True, 'bullets': True, 'preamble': True} all_resolved=False n_resolved=3/5 tokens=(2049,377)
  N=5 real_musique_hop_00081_3hop2__304722_590317_63959 seed=1 arm=self_refine: per_fault={'hop0': False, 'hop1': False, 'hop2': True, 'bullets': True, 'preamble': True} all_resolved=False n_resolved=3/5 tokens=(4605,941)
  N=5 real_musique_hop_00081_3hop2__304722_590317_63959 seed=1 arm=full_regen: per_fault={'hop0': True, 'hop1': True, 'hop2': True, 'bullets': True, 'preamble': True} all_resolved=True n_resolved=5/5 tokens=(4098,820)
  N=5 real_musique_hop_00081_3hop2__304722_590317_63959 seed=1 arm=react: per_fault={'hop0': True, 'hop1': False, 'hop2': True, 'bullets': True, 'preamble': True} all_resolved=False n_resolved=4/5 tokens=(4151,1135)
  N=5 real_musique_hop_00081_3hop2__304722_590317_63959 seed=1 arm=selfcheckgpt: per_fault={'hop0': False, 'hop1': False, 'hop2': True, 'bullets': True, 'preamble': True} all_resolved=False n_resolved=3/5 tokens=(13977,550)
  N=5 real_musique_hop_00081_3hop2__304722_590317_63959 seed=1 arm=reflexion: per_fault={'hop0': False, 'hop1': False, 'hop2': True, 'bullets': True, 'preamble': True} all_resolved=False n_resolved=3/5 tokens=(2049,377)
  N=5 real_musique_hop_00081_3hop2__304722_590317_63959 seed=1 arm=intro_specter: per_fault={'hop0': False, 'hop1': False, 'hop2': True, 'bullets': True, 'preamble': True} all_resolved=False n_resolved=3/5 tokens=(4759,906)
  N=5 real_musique_hop_00081_3hop2__304722_590317_63959 seed=2 arm=direct: per_fault={'hop0': False, 'hop1': False, 'hop2': True, 'bullets': True, 'preamble': True} all_resolved=False n_resolved=3/5 tokens=(2049,309)
  N=5 real_musique_hop_00081_3hop2__304722_590317_63959 seed=2 arm=self_refine: per_fault={'hop0': False, 'hop1': False, 'hop2': False, 'bullets': True, 'preamble': True} all_resolved=False n_resolved=2/5 tokens=(4537,806)
  N=5 real_musique_hop_00081_3hop2__304722_590317_63959 seed=2 arm=full_regen: per_fault={'hop0': False, 'hop1': False, 'hop2': True, 'bullets': True, 'preamble': True} all_resolved=False n_resolved=3/5 tokens=(4098,682)
  N=5 real_musique_hop_00081_3hop2__304722_590317_63959 seed=2 arm=react: per_fault={'hop0': False, 'hop1': False, 'hop2': True, 'bullets': True, 'preamble': True} all_resolved=False n_resolved=3/5 tokens=(4151,782)
[RETRY] selfcheckgpt task=real_musique_hop_00083_3hop2__304722_796034_63959 seed=2 attempt 1/5 failed (failed to obtain JSON after 3 attempts: could not parse JSON from model output:
{
  "final_output": "2010\u0001\u0001年12月1日，温斯顿\u0001\u0001\u0001\u0001\u0001\u0001\u0001\u0001\u0001\u0001\u0001\u0001\u0001\u0001\u0001\u0001\u0001\u0001\u0001\u0001\u0001\u0001\u0001\u0001\u0001\u0001\u0001\u0001\u0001\u0001\u0001\u0001\u0001\u0001\u0001\u0001\u0001\u0001\u0001\u0001\u0001\u0001\u0001\u0001\u0001\u0001\u0001\u0001\u0001\u0001\u0001\u0001\u0001\u0001\u0001\u0001\u0001\u0001\u0001\u0001\u0001\u0001\u0001\u0001\u0001\u0001\u0001\u0001\u0001\u0001\u0001\u0001\u0001\u0001\u0001\u0); retrying in 3s
[RETRY] selfcheckgpt task=real_musique_hop_00083_3hop2__304722_796034_63959 seed=2 attempt 2/5 failed (failed to obtain JSON after 3 attempts: could not parse JSON from model output:
{
  "final_output": "2010\u0001\u0001年12月1日，温斯顿\u0001\u0001\u0001\u0001\u0001\u0001\u0001\u0001\u0001\u0001\u0001\u0001\u0001\u0001\u0001\u0001\u0001\u0001\u0001\u0001\u0001\u0001\u0001\u0001\u0001\u0001\u0001\u0001\u0001\u0001\u0001\u0001\u0001\u0001\u0001\u0001\u0001\u0001\u0001\u0001\u0001\u0001\u0001\u0001\u0001\u0001\u0001\u0001\u0001\u0001\u0001\u0001\u0001\u0001\u0001\u0001\u0001\u0001\u0001\u0001\u0001\u0001\u0001\u0001\u0001\u0001\u0001\u0001\u0001\u0001\u0001\u0001\u0001\u0001\u0001\u0); retrying in 6s
[RETRY] selfcheckgpt task=real_musique_hop_00083_3hop2__304722_796034_63959 seed=2 attempt 3/5 failed (failed to obtain JSON after 3 attempts: could not parse JSON from model output:
{
  "final_output": "2010\u0001\u0001年12月1日，温斯顿\u0001\u0001\u0001\u0001\u0001\u0001\u0001\u0001\u0001\u0001\u0001\u0001\u0001\u0001\u0001\u0001\u0001\u0001\u0001\u0001\u0001\u0001\u0001\u0001\u0001\u0001\u0001\u0001\u0001\u0001\u0001\u0001\u0001\u0001\u0001\u0001\u0001\u0001\u0001\u0001\u0001\u0001\u0001\u0001\u0001\u0001\u0001\u0001\u0001\u0001\u0001\u0001\u0001\u0001\u0001\u0001\u0001\u0001\u0001\u0001\u0001\u0001\u0001\u0001\u0001\u0001\u0001\u0001\u0001\u0001\u0001\u0001\u0001\u0001\u0001\u0); retrying in 12s
[RETRY] selfcheckgpt task=real_musique_hop_00083_3hop2__304722_796034_63959 seed=2 attempt 4/5 failed (failed to obtain JSON after 3 attempts: could not parse JSON from model output:
{
  "final_output": "2010\u0001\u0001年12月1日，温斯顿\u0001\u0001\u0001\u0001\u0001\u0001\u0001\u0001\u0001\u0001\u0001\u0001\u0001\u0001\u0001\u0001\u0001\u0001\u0001\u0001\u0001\u0001\u0001\u0001\u0001\u0001\u0001\u0001\u0001\u0001\u0001\u0001\u0001\u0001\u0001\u0001\u0001\u0001\u0001\u0001\u0001\u0001\u0001\u0001\u0001\u0001\u0001\u0001\u0001\u0001\u0001\u0001\u0001\u0001\u0001\u0001\u0001\u0001\u0001\u0001\u0001\u0001\u0001\u0001\u0001\u0001\u0001\u0001\u0001\u0001\u0001\u0001\u0001\u0001\u0001\u0); retrying in 24s
[ERROR] selfcheckgpt failed task=real_musique_hop_00083_3hop2__304722_796034_63959 seed=2: failed to obtain JSON after 3 attempts: could not parse JSON from model output:
{
  "final_output": "2010\u0001\u0001年12月1日，温斯顿\u0001\u0001\u0001\u0001\u0001\u0001\u0001\u0001\u0001\u0001\u0001\u0001\u0001\u0001\u0001\u0001\u0001\u0001\u0001\u0001\u0001\u0001\u0001\u0001\u0001\u0001\u0001\u0001\u0001\u0001\u0001\u0001\u0001\u0001\u0001\u0001\u0001\u0001\u0001\u0001\u0001\u0001\u0001\u0001\u0001\u0001\u0001\u0001\u0001\u0001\u0001\u0001\u0001\u0001\u0001\u0001\u0001\u0001\u0001\u0001\u0001\u0001\u0001\u0001\u0001\u0001\u0001\u0001\u0001\u0001\u0001\u0001\u0001\u0001\u0001\u0
  N=5 real_musique_hop_00081_3hop2__304722_590317_63959 seed=2 arm=selfcheckgpt: per_fault={'hop0': False, 'hop1': False, 'hop2': True, 'bullets': True, 'preamble': True} all_resolved=False n_resolved=3/5 tokens=(13996,514)
  N=5 real_musique_hop_00081_3hop2__304722_590317_63959 seed=2 arm=reflexion: per_fault={'hop0': False, 'hop1': False, 'hop2': True, 'bullets': True, 'preamble': True} all_resolved=False n_resolved=3/5 tokens=(2049,309)
  N=5 real_musique_hop_00081_3hop2__304722_590317_63959 seed=2 arm=intro_specter: per_fault={'hop0': False, 'hop1': False, 'hop2': True, 'bullets': True, 'preamble': True} all_resolved=False n_resolved=3/5 tokens=(4691,875)
  N=5 real_musique_hop_00083_3hop2__304722_796034_63959 seed=0 arm=direct: per_fault={'hop0': False, 'hop1': False, 'hop2': False, 'concise': True, 'english': True} all_resolved=False n_resolved=2/5 tokens=(1949,434)
  N=5 real_musique_hop_00083_3hop2__304722_796034_63959 seed=0 arm=self_refine: per_fault={'hop0': False, 'hop1': False, 'hop2': False, 'concise': True, 'english': True} all_resolved=False n_resolved=2/5 tokens=(4505,1100)
  N=5 real_musique_hop_00083_3hop2__304722_796034_63959 seed=0 arm=full_regen: per_fault={'hop0': True, 'hop1': True, 'hop2': False, 'concise': True, 'english': True} all_resolved=False n_resolved=4/5 tokens=(3898,855)
  N=5 real_musique_hop_00083_3hop2__304722_796034_63959 seed=0 arm=react: per_fault={'hop0': True, 'hop1': True, 'hop2': False, 'concise': True, 'english': True} all_resolved=False n_resolved=4/5 tokens=(3951,1415)
  N=5 real_musique_hop_00083_3hop2__304722_796034_63959 seed=0 arm=selfcheckgpt: per_fault={'hop0': False, 'hop1': False, 'hop2': False, 'concise': True, 'english': True} all_resolved=False n_resolved=2/5 tokens=(11512,734)
  N=5 real_musique_hop_00083_3hop2__304722_796034_63959 seed=0 arm=reflexion: per_fault={'hop0': False, 'hop1': False, 'hop2': False, 'concise': True, 'english': True} all_resolved=False n_resolved=2/5 tokens=(12934,1837)
  N=5 real_musique_hop_00083_3hop2__304722_796034_63959 seed=0 arm=intro_specter: per_fault={'hop0': False, 'hop1': False, 'hop2': False, 'concise': True, 'english': True} all_resolved=False n_resolved=2/5 tokens=(4659,1069)
  N=5 real_musique_hop_00083_3hop2__304722_796034_63959 seed=1 arm=direct: per_fault={'hop0': False, 'hop1': False, 'hop2': False, 'concise': True, 'english': True} all_resolved=False n_resolved=2/5 tokens=(1949,434)
  N=5 real_musique_hop_00083_3hop2__304722_796034_63959 seed=1 arm=self_refine: per_fault={'hop0': False, 'hop1': False, 'hop2': False, 'concise': True, 'english': True} all_resolved=False n_resolved=2/5 tokens=(4505,1100)
  N=5 real_musique_hop_00083_3hop2__304722_796034_63959 seed=1 arm=full_regen: per_fault={'hop0': True, 'hop1': True, 'hop2': False, 'concise': True, 'english': True} all_resolved=False n_resolved=4/5 tokens=(3898,762)
  N=5 real_musique_hop_00083_3hop2__304722_796034_63959 seed=1 arm=react: per_fault={'hop0': True, 'hop1': True, 'hop2': False, 'concise': True, 'english': True} all_resolved=False n_resolved=4/5 tokens=(3951,1415)
  N=5 real_musique_hop_00083_3hop2__304722_796034_63959 seed=1 arm=selfcheckgpt: per_fault={'hop0': False, 'hop1': False, 'hop2': False, 'concise': True, 'english': True} all_resolved=False n_resolved=2/5 tokens=(11477,707)
  N=5 real_musique_hop_00083_3hop2__304722_796034_63959 seed=1 arm=reflexion: per_fault={'hop0': False, 'hop1': False, 'hop2': False, 'concise': True, 'english': True} all_resolved=False n_resolved=2/5 tokens=(12934,1837)
  N=5 real_musique_hop_00083_3hop2__304722_796034_63959 seed=1 arm=intro_specter: per_fault={'hop0': False, 'hop1': False, 'hop2': False, 'concise': True, 'english': True} all_resolved=False n_resolved=2/5 tokens=(4659,1069)
  N=5 real_musique_hop_00083_3hop2__304722_796034_63959 seed=2 arm=direct: per_fault={'hop0': False, 'hop1': False, 'hop2': False, 'concise': True, 'english': True} all_resolved=False n_resolved=2/5 tokens=(1949,469)
  N=5 real_musique_hop_00083_3hop2__304722_796034_63959 seed=2 arm=self_refine: per_fault={'hop0': False, 'hop1': False, 'hop2': False, 'concise': True, 'english': True} all_resolved=False n_resolved=2/5 tokens=(4566,1198)
  N=5 real_musique_hop_00083_3hop2__304722_796034_63959 seed=2 arm=full_regen: per_fault={'hop0': True, 'hop1': False, 'hop2': False, 'concise': True, 'english': True} all_resolved=False n_resolved=3/5 tokens=(3898,842)
  N=5 real_musique_hop_00083_3hop2__304722_796034_63959 seed=2 arm=react: per_fault={'hop0': False, 'hop1': False, 'hop2': False, 'concise': True, 'english': True} all_resolved=False n_resolved=2/5 tokens=(3951,880)
  N=5 real_musique_hop_00083_3hop2__304722_796034_63959 seed=2 arm=reflexion: per_fault={'hop0': False, 'hop1': False, 'hop2': False, 'concise': True, 'english': True} all_resolved=False n_resolved=2/5 tokens=(13205,1959)
  N=5 real_musique_hop_00083_3hop2__304722_796034_63959 seed=2 arm=intro_specter: per_fault={'hop0': False, 'hop1': False, 'hop2': False, 'concise': True, 'english': True} all_resolved=False n_resolved=2/5 tokens=(4720,1074)
  N=5 real_musique_hop_00098_3hop2__304722_330033_63959 seed=0 arm=direct: per_fault={'hop0': False, 'hop1': False, 'hop2': True, 'concise': True, 'preamble': True} all_resolved=False n_resolved=3/5 tokens=(1968,253)
  N=5 real_musique_hop_00098_3hop2__304722_330033_63959 seed=0 arm=self_refine: per_fault={'hop0': False, 'hop1': False, 'hop2': True, 'concise': True, 'preamble': True} all_resolved=False n_resolved=3/5 tokens=(4291,687)
  N=5 real_musique_hop_00098_3hop2__304722_330033_63959 seed=0 arm=full_regen: per_fault={'hop0': True, 'hop1': True, 'hop2': True, 'concise': True, 'preamble': True} all_resolved=True n_resolved=5/5 tokens=(3936,632)
  N=5 real_musique_hop_00098_3hop2__304722_330033_63959 seed=0 arm=react: per_fault={'hop0': False, 'hop1': False, 'hop2': True, 'concise': True, 'preamble': True} all_resolved=False n_resolved=3/5 tokens=(3989,727)
  N=5 real_musique_hop_00098_3hop2__304722_330033_63959 seed=0 arm=selfcheckgpt: per_fault={'hop0': False, 'hop1': False, 'hop2': True, 'concise': True, 'preamble': True} all_resolved=False n_resolved=3/5 tokens=(11453,387)
  N=5 real_musique_hop_00098_3hop2__304722_330033_63959 seed=0 arm=reflexion: per_fault={'hop0': False, 'hop1': False, 'hop2': True, 'concise': True, 'preamble': True} all_resolved=False n_resolved=3/5 tokens=(1968,253)
  N=5 real_musique_hop_00098_3hop2__304722_330033_63959 seed=0 arm=intro_specter: per_fault={'hop0': False, 'hop1': False, 'hop2': True, 'concise': True, 'preamble': True} all_resolved=False n_resolved=3/5 tokens=(4445,572)
  N=5 real_musique_hop_00098_3hop2__304722_330033_63959 seed=1 arm=direct: per_fault={'hop0': False, 'hop1': False, 'hop2': True, 'concise': True, 'preamble': True} all_resolved=False n_resolved=3/5 tokens=(1968,253)
  N=5 real_musique_hop_00098_3hop2__304722_330033_63959 seed=1 arm=self_refine: per_fault={'hop0': False, 'hop1': False, 'hop2': True, 'concise': True, 'preamble': True} all_resolved=False n_resolved=3/5 tokens=(4291,687)
  N=5 real_musique_hop_00098_3hop2__304722_330033_63959 seed=1 arm=full_regen: per_fault={'hop0': False, 'hop1': False, 'hop2': True, 'concise': True, 'preamble': True} all_resolved=False n_resolved=3/5 tokens=(3936,479)
  N=5 real_musique_hop_00098_3hop2__304722_330033_63959 seed=1 arm=react: per_fault={'hop0': False, 'hop1': False, 'hop2': True, 'concise': True, 'preamble': True} all_resolved=False n_resolved=3/5 tokens=(3989,727)
  N=5 real_musique_hop_00098_3hop2__304722_330033_63959 seed=1 arm=selfcheckgpt: per_fault={'hop0': False, 'hop1': False, 'hop2': True, 'concise': True, 'preamble': True} all_resolved=False n_resolved=3/5 tokens=(11450,368)
  N=5 real_musique_hop_00098_3hop2__304722_330033_63959 seed=1 arm=reflexion: per_fault={'hop0': False, 'hop1': False, 'hop2': True, 'concise': True, 'preamble': True} all_resolved=False n_resolved=3/5 tokens=(1968,253)
  N=5 real_musique_hop_00098_3hop2__304722_330033_63959 seed=1 arm=intro_specter: per_fault={'hop0': False, 'hop1': False, 'hop2': True, 'concise': True, 'preamble': True} all_resolved=False n_resolved=3/5 tokens=(4445,572)
  N=5 real_musique_hop_00098_3hop2__304722_330033_63959 seed=2 arm=direct: per_fault={'hop0': True, 'hop1': True, 'hop2': True, 'concise': True, 'preamble': True} all_resolved=True n_resolved=5/5 tokens=(1968,270)
  N=5 real_musique_hop_00098_3hop2__304722_330033_63959 seed=2 arm=self_refine: per_fault={'hop0': True, 'hop1': True, 'hop2': True, 'concise': False, 'preamble': False} all_resolved=False n_resolved=3/5 tokens=(4337,906)
  N=5 real_musique_hop_00098_3hop2__304722_330033_63959 seed=2 arm=full_regen: per_fault={'hop0': False, 'hop1': False, 'hop2': True, 'concise': True, 'preamble': True} all_resolved=False n_resolved=3/5 tokens=(3936,447)
  N=5 real_musique_hop_00098_3hop2__304722_330033_63959 seed=2 arm=react: per_fault={'hop0': False, 'hop1': False, 'hop2': True, 'concise': True, 'preamble': True} all_resolved=False n_resolved=3/5 tokens=(3989,749)
  N=5 real_musique_hop_00098_3hop2__304722_330033_63959 seed=2 arm=selfcheckgpt: per_fault={'hop0': True, 'hop1': True, 'hop2': True, 'concise': True, 'preamble': True} all_resolved=True n_resolved=5/5 tokens=(11452,404)
  N=5 real_musique_hop_00098_3hop2__304722_330033_63959 seed=2 arm=reflexion: per_fault={'hop0': True, 'hop1': True, 'hop2': True, 'concise': True, 'preamble': True} all_resolved=True n_resolved=5/5 tokens=(1968,270)
  N=5 real_musique_hop_00098_3hop2__304722_330033_63959 seed=2 arm=intro_specter: per_fault={'hop0': True, 'hop1': True, 'hop2': True, 'concise': True, 'preamble': True} all_resolved=True n_resolved=5/5 tokens=(4491,728)
  N=5 real_musique_hop_00100_3hop2__304722_238553_63959 seed=0 arm=direct: per_fault={'hop0': True, 'hop1': True, 'hop2': False, 'concise': True, 'english': True} all_resolved=False n_resolved=4/5 tokens=(2131,443)
  N=5 real_musique_hop_00100_3hop2__304722_238553_63959 seed=0 arm=self_refine: per_fault={'hop0': True, 'hop1': True, 'hop2': False, 'concise': True, 'english': True} all_resolved=False n_resolved=4/5 tokens=(4836,1080)
  N=5 real_musique_hop_00100_3hop2__304722_238553_63959 seed=0 arm=full_regen: per_fault={'hop0': True, 'hop1': True, 'hop2': False, 'concise': True, 'english': True} all_resolved=False n_resolved=4/5 tokens=(4262,865)
  N=5 real_musique_hop_00100_3hop2__304722_238553_63959 seed=0 arm=react: per_fault={'hop0': False, 'hop1': False, 'hop2': False, 'concise': True, 'english': True} all_resolved=False n_resolved=2/5 tokens=(4315,914)
  N=5 real_musique_hop_00100_3hop2__304722_238553_63959 seed=0 arm=selfcheckgpt: per_fault={'hop0': True, 'hop1': True, 'hop2': False, 'concise': True, 'english': True} all_resolved=False n_resolved=4/5 tokens=(12555,743)
  N=5 real_musique_hop_00100_3hop2__304722_238553_63959 seed=0 arm=reflexion: per_fault={'hop0': True, 'hop1': True, 'hop2': False, 'concise': True, 'english': True} all_resolved=False n_resolved=4/5 tokens=(13695,1778)
  N=5 real_musique_hop_00100_3hop2__304722_238553_63959 seed=0 arm=intro_specter: per_fault={'hop0': True, 'hop1': True, 'hop2': False, 'concise': True, 'english': True} all_resolved=False n_resolved=4/5 tokens=(4990,1191)
  N=5 real_musique_hop_00100_3hop2__304722_238553_63959 seed=1 arm=direct: per_fault={'hop0': True, 'hop1': True, 'hop2': False, 'concise': True, 'english': True} all_resolved=False n_resolved=4/5 tokens=(2131,443)
  N=5 real_musique_hop_00100_3hop2__304722_238553_63959 seed=1 arm=self_refine: per_fault={'hop0': True, 'hop1': True, 'hop2': False, 'concise': True, 'english': True} all_resolved=False n_resolved=4/5 tokens=(4836,1080)
  N=5 real_musique_hop_00100_3hop2__304722_238553_63959 seed=1 arm=full_regen: per_fault={'hop0': False, 'hop1': False, 'hop2': False, 'concise': True, 'english': True} all_resolved=False n_resolved=2/5 tokens=(4262,814)
  N=5 real_musique_hop_00100_3hop2__304722_238553_63959 seed=1 arm=react: per_fault={'hop0': False, 'hop1': False, 'hop2': False, 'concise': True, 'english': True} all_resolved=False n_resolved=2/5 tokens=(4315,914)
  N=5 real_musique_hop_00100_3hop2__304722_238553_63959 seed=1 arm=selfcheckgpt: per_fault={'hop0': True, 'hop1': True, 'hop2': False, 'concise': True, 'english': True} all_resolved=False n_resolved=4/5 tokens=(14659,764)
  N=5 real_musique_hop_00100_3hop2__304722_238553_63959 seed=1 arm=reflexion: per_fault={'hop0': True, 'hop1': True, 'hop2': False, 'concise': True, 'english': True} all_resolved=False n_resolved=4/5 tokens=(13695,1778)
  N=5 real_musique_hop_00100_3hop2__304722_238553_63959 seed=1 arm=intro_specter: per_fault={'hop0': True, 'hop1': True, 'hop2': False, 'concise': True, 'english': True} all_resolved=False n_resolved=4/5 tokens=(4990,1191)
  N=5 real_musique_hop_00100_3hop2__304722_238553_63959 seed=2 arm=direct: per_fault={'hop0': False, 'hop1': False, 'hop2': False, 'concise': True, 'english': True} all_resolved=False n_resolved=2/5 tokens=(2131,213)
  N=5 real_musique_hop_00100_3hop2__304722_238553_63959 seed=2 arm=self_refine: per_fault={'hop0': False, 'hop1': False, 'hop2': False, 'concise': True, 'english': True} all_resolved=False n_resolved=2/5 tokens=(4525,605)
  N=5 real_musique_hop_00100_3hop2__304722_238553_63959 seed=2 arm=full_regen: per_fault={'hop0': False, 'hop1': False, 'hop2': False, 'concise': True, 'english': True} all_resolved=False n_resolved=2/5 tokens=(4262,560)
  N=5 real_musique_hop_00100_3hop2__304722_238553_63959 seed=2 arm=react: per_fault={'hop0': False, 'hop1': False, 'hop2': False, 'concise': True, 'english': True} all_resolved=False n_resolved=2/5 tokens=(4315,901)
  N=5 real_musique_hop_00100_3hop2__304722_238553_63959 seed=2 arm=selfcheckgpt: per_fault={'hop0': False, 'hop1': False, 'hop2': False, 'concise': True, 'english': True} all_resolved=False n_resolved=2/5 tokens=(12600,561)
  N=5 real_musique_hop_00100_3hop2__304722_238553_63959 seed=2 arm=reflexion: per_fault={'hop0': False, 'hop1': False, 'hop2': False, 'concise': True, 'english': True} all_resolved=False n_resolved=2/5 tokens=(12108,905)
  N=5 real_musique_hop_00100_3hop2__304722_238553_63959 seed=2 arm=intro_specter: per_fault={'hop0': False, 'hop1': False, 'hop2': False, 'concise': True, 'english': True} all_resolved=False n_resolved=2/5 tokens=(4679,434)
  N=5 real_musique_hop_00115_3hop1__836699_15840_36014 seed=0 arm=direct: per_fault={'hop0': True, 'hop1': False, 'hop2': False, 'concise': True, 'english': True} all_resolved=False n_resolved=3/5 tokens=(1891,266)
  N=5 real_musique_hop_00115_3hop1__836699_15840_36014 seed=0 arm=self_refine: per_fault={'hop0': True, 'hop1': False, 'hop2': False, 'concise': True, 'english': True} all_resolved=False n_resolved=3/5 tokens=(4118,680)
  N=5 real_musique_hop_00115_3hop1__836699_15840_36014 seed=0 arm=full_regen: per_fault={'hop0': True, 'hop1': False, 'hop2': False, 'concise': True, 'english': True} all_resolved=False n_resolved=3/5 tokens=(3782,571)
  N=5 real_musique_hop_00115_3hop1__836699_15840_36014 seed=0 arm=react: per_fault={'hop0': False, 'hop1': False, 'hop2': False, 'concise': True, 'english': True} all_resolved=False n_resolved=2/5 tokens=(3835,667)
  N=5 real_musique_hop_00115_3hop1__836699_15840_36014 seed=0 arm=selfcheckgpt: per_fault={'hop0': True, 'hop1': False, 'hop2': False, 'concise': True, 'english': True} all_resolved=False n_resolved=3/5 tokens=(11005,417)
  N=5 real_musique_hop_00115_3hop1__836699_15840_36014 seed=0 arm=reflexion: per_fault={'hop0': True, 'hop1': False, 'hop2': False, 'concise': True, 'english': True} all_resolved=False n_resolved=3/5 tokens=(11261,1104)
  N=5 real_musique_hop_00115_3hop1__836699_15840_36014 seed=0 arm=intro_specter: per_fault={'hop0': False, 'hop1': False, 'hop2': False, 'concise': True, 'english': True} all_resolved=False n_resolved=2/5 tokens=(4272,695)
  N=5 real_musique_hop_00115_3hop1__836699_15840_36014 seed=1 arm=direct: per_fault={'hop0': True, 'hop1': False, 'hop2': False, 'concise': True, 'english': True} all_resolved=False n_resolved=3/5 tokens=(1891,266)
  N=5 real_musique_hop_00115_3hop1__836699_15840_36014 seed=1 arm=self_refine: per_fault={'hop0': True, 'hop1': False, 'hop2': False, 'concise': True, 'english': True} all_resolved=False n_resolved=3/5 tokens=(4118,680)
  N=5 real_musique_hop_00115_3hop1__836699_15840_36014 seed=1 arm=full_regen: per_fault={'hop0': True, 'hop1': True, 'hop2': False, 'concise': True, 'english': True} all_resolved=False n_resolved=4/5 tokens=(3782,604)
  N=5 real_musique_hop_00115_3hop1__836699_15840_36014 seed=1 arm=react: per_fault={'hop0': False, 'hop1': False, 'hop2': False, 'concise': True, 'english': True} all_resolved=False n_resolved=2/5 tokens=(3835,667)
  N=5 real_musique_hop_00115_3hop1__836699_15840_36014 seed=1 arm=selfcheckgpt: per_fault={'hop0': True, 'hop1': False, 'hop2': False, 'concise': True, 'english': True} all_resolved=False n_resolved=3/5 tokens=(11033,440)
  N=5 real_musique_hop_00115_3hop1__836699_15840_36014 seed=1 arm=reflexion: per_fault={'hop0': True, 'hop1': False, 'hop2': False, 'concise': True, 'english': True} all_resolved=False n_resolved=3/5 tokens=(11261,1104)
  N=5 real_musique_hop_00115_3hop1__836699_15840_36014 seed=1 arm=intro_specter: per_fault={'hop0': False, 'hop1': False, 'hop2': False, 'concise': True, 'english': True} all_resolved=False n_resolved=2/5 tokens=(4272,695)
  N=5 real_musique_hop_00115_3hop1__836699_15840_36014 seed=2 arm=direct: per_fault={'hop0': True, 'hop1': False, 'hop2': False, 'concise': True, 'english': True} all_resolved=False n_resolved=3/5 tokens=(1891,254)
  N=5 real_musique_hop_00115_3hop1__836699_15840_36014 seed=2 arm=self_refine: per_fault={'hop0': True, 'hop1': False, 'hop2': False, 'concise': True, 'english': True} all_resolved=False n_resolved=3/5 tokens=(4106,818)
  N=5 real_musique_hop_00115_3hop1__836699_15840_36014 seed=2 arm=full_regen: per_fault={'hop0': True, 'hop1': False, 'hop2': False, 'concise': True, 'english': True} all_resolved=False n_resolved=3/5 tokens=(3782,571)
  N=5 real_musique_hop_00115_3hop1__836699_15840_36014 seed=2 arm=react: per_fault={'hop0': False, 'hop1': False, 'hop2': False, 'concise': True, 'english': True} all_resolved=False n_resolved=2/5 tokens=(3835,701)
  N=5 real_musique_hop_00115_3hop1__836699_15840_36014 seed=2 arm=selfcheckgpt: per_fault={'hop0': True, 'hop1': False, 'hop2': False, 'concise': True, 'english': True} all_resolved=False n_resolved=3/5 tokens=(10993,388)
  N=5 real_musique_hop_00115_3hop1__836699_15840_36014 seed=2 arm=reflexion: per_fault={'hop0': True, 'hop1': False, 'hop2': False, 'concise': True, 'english': True} all_resolved=False n_resolved=3/5 tokens=(11228,1086)
  N=5 real_musique_hop_00115_3hop1__836699_15840_36014 seed=2 arm=intro_specter: per_fault={'hop0': True, 'hop1': False, 'hop2': False, 'concise': True, 'english': True} all_resolved=False n_resolved=3/5 tokens=(4260,556)
  N=5 real_musique_hop_00122_3hop1__754160_831637_91775 seed=0 arm=direct: per_fault={'hop0': False, 'hop1': False, 'hop2': True, 'concise': True, 'preamble': True} all_resolved=False n_resolved=3/5 tokens=(2048,215)
  N=5 real_musique_hop_00122_3hop1__754160_831637_91775 seed=0 arm=self_refine: per_fault={'hop0': False, 'hop1': False, 'hop2': True, 'concise': True, 'preamble': True} all_resolved=False n_resolved=3/5 tokens=(4413,613)
  N=5 real_musique_hop_00122_3hop1__754160_831637_91775 seed=0 arm=full_regen: per_fault={'hop0': True, 'hop1': True, 'hop2': True, 'concise': True, 'preamble': True} all_resolved=True n_resolved=5/5 tokens=(4096,708)
  N=5 real_musique_hop_00122_3hop1__754160_831637_91775 seed=0 arm=react: per_fault={'hop0': False, 'hop1': True, 'hop2': True, 'concise': True, 'preamble': True} all_resolved=False n_resolved=4/5 tokens=(4149,645)
  N=5 real_musique_hop_00122_3hop1__754160_831637_91775 seed=0 arm=selfcheckgpt: per_fault={'hop0': False, 'hop1': False, 'hop2': True, 'concise': True, 'preamble': True} all_resolved=False n_resolved=3/5 tokens=(11956,367)
  N=5 real_musique_hop_00122_3hop1__754160_831637_91775 seed=0 arm=reflexion: per_fault={'hop0': False, 'hop1': False, 'hop2': True, 'concise': True, 'preamble': True} all_resolved=False n_resolved=3/5 tokens=(2048,215)
  N=5 real_musique_hop_00122_3hop1__754160_831637_91775 seed=0 arm=intro_specter: per_fault={'hop0': False, 'hop1': False, 'hop2': True, 'concise': True, 'preamble': True} all_resolved=False n_resolved=3/5 tokens=(4567,613)
  N=5 real_musique_hop_00122_3hop1__754160_831637_91775 seed=1 arm=direct: per_fault={'hop0': False, 'hop1': False, 'hop2': True, 'concise': True, 'preamble': True} all_resolved=False n_resolved=3/5 tokens=(2048,215)
  N=5 real_musique_hop_00122_3hop1__754160_831637_91775 seed=1 arm=self_refine: per_fault={'hop0': False, 'hop1': False, 'hop2': True, 'concise': True, 'preamble': True} all_resolved=False n_resolved=3/5 tokens=(4413,613)
  N=5 real_musique_hop_00122_3hop1__754160_831637_91775 seed=1 arm=full_regen: per_fault={'hop0': False, 'hop1': True, 'hop2': True, 'concise': True, 'preamble': True} all_resolved=False n_resolved=4/5 tokens=(4096,460)
  N=5 real_musique_hop_00122_3hop1__754160_831637_91775 seed=1 arm=react: per_fault={'hop0': False, 'hop1': True, 'hop2': True, 'concise': True, 'preamble': True} all_resolved=False n_resolved=4/5 tokens=(4149,645)
  N=5 real_musique_hop_00122_3hop1__754160_831637_91775 seed=1 arm=selfcheckgpt: per_fault={'hop0': False, 'hop1': False, 'hop2': True, 'concise': True, 'preamble': True} all_resolved=False n_resolved=3/5 tokens=(11977,396)
  N=5 real_musique_hop_00122_3hop1__754160_831637_91775 seed=1 arm=reflexion: per_fault={'hop0': False, 'hop1': False, 'hop2': True, 'concise': True, 'preamble': True} all_resolved=False n_resolved=3/5 tokens=(2048,215)
  N=5 real_musique_hop_00122_3hop1__754160_831637_91775 seed=1 arm=intro_specter: per_fault={'hop0': False, 'hop1': False, 'hop2': True, 'concise': True, 'preamble': True} all_resolved=False n_resolved=3/5 tokens=(4567,613)
  N=5 real_musique_hop_00122_3hop1__754160_831637_91775 seed=2 arm=direct: per_fault={'hop0': False, 'hop1': True, 'hop2': True, 'concise': False, 'preamble': True} all_resolved=False n_resolved=3/5 tokens=(2048,290)
  N=5 real_musique_hop_00122_3hop1__754160_831637_91775 seed=2 arm=self_refine: per_fault={'hop0': False, 'hop1': True, 'hop2': True, 'concise': False, 'preamble': True} all_resolved=False n_resolved=3/5 tokens=(4488,813)
  N=5 real_musique_hop_00122_3hop1__754160_831637_91775 seed=2 arm=full_regen: per_fault={'hop0': False, 'hop1': True, 'hop2': True, 'concise': False, 'preamble': True} all_resolved=False n_resolved=3/5 tokens=(4096,620)
  N=5 real_musique_hop_00122_3hop1__754160_831637_91775 seed=2 arm=react: per_fault={'hop0': False, 'hop1': True, 'hop2': True, 'concise': False, 'preamble': True} all_resolved=False n_resolved=3/5 tokens=(4149,818)
  N=5 real_musique_hop_00122_3hop1__754160_831637_91775 seed=2 arm=selfcheckgpt: per_fault={'hop0': False, 'hop1': True, 'hop2': True, 'concise': False, 'preamble': True} all_resolved=False n_resolved=3/5 tokens=(11974,455)
  N=5 real_musique_hop_00122_3hop1__754160_831637_91775 seed=2 arm=reflexion: per_fault={'hop0': False, 'hop1': True, 'hop2': True, 'concise': False, 'preamble': True} all_resolved=False n_resolved=3/5 tokens=(2048,290)
  N=5 real_musique_hop_00122_3hop1__754160_831637_91775 seed=2 arm=intro_specter: per_fault={'hop0': False, 'hop1': True, 'hop2': True, 'concise': False, 'preamble': True} all_resolved=False n_resolved=3/5 tokens=(4642,711)
  N=5 real_musique_hop_00123_3hop1__324448_831637_91775 seed=0 arm=direct: per_fault={'hop0': False, 'hop1': False, 'hop2': True, 'concise': True, 'english': True} all_resolved=False n_resolved=3/5 tokens=(2100,225)
  N=5 real_musique_hop_00123_3hop1__324448_831637_91775 seed=0 arm=self_refine: per_fault={'hop0': False, 'hop1': False, 'hop2': True, 'concise': True, 'english': True} all_resolved=False n_resolved=3/5 tokens=(4522,624)
  N=5 real_musique_hop_00123_3hop1__324448_831637_91775 seed=0 arm=full_regen: per_fault={'hop0': False, 'hop1': False, 'hop2': True, 'concise': True, 'english': True} all_resolved=False n_resolved=3/5 tokens=(4200,497)
  N=5 real_musique_hop_00123_3hop1__324448_831637_91775 seed=0 arm=react: per_fault={'hop0': False, 'hop1': False, 'hop2': True, 'concise': True, 'english': True} all_resolved=False n_resolved=3/5 tokens=(4253,832)
/Library/Frameworks/Python.framework/Versions/3.11/lib/python3.11/multiprocessing/resource_tracker.py:254: UserWarning: resource_tracker: There appear to be 1 leaked semaphore objects to clean up at shutdown
  warnings.warn('resource_tracker: There appear to be %d '
Resuming arm=direct: 86 (task_id, seed) rows already present, will be skipped.
Resuming arm=self_refine: 86 (task_id, seed) rows already present, will be skipped.
Resuming arm=full_regen: 86 (task_id, seed) rows already present, will be skipped.
Resuming arm=react: 86 (task_id, seed) rows already present, will be skipped.
Resuming arm=selfcheckgpt: 85 (task_id, seed) rows already present, will be skipped.
Resuming arm=reflexion: 86 (task_id, seed) rows already present, will be skipped.
Resuming arm=intro_specter: 86 (task_id, seed) rows already present, will be skipped.
Building 60 5-fault (3 hop + 2 profile) musique_real hop examples (bench_seed=42, scan_limit=760)...
Built 60 examples. seeds=[0, 1, 2], model=qwen-2.5-7b, arms=['direct', 'self_refine', 'full_regen', 'react', 'selfcheckgpt', 'reflexion', 'intro_specter']
  N=5 real_musique_hop_00083_3hop2__304722_796034_63959 seed=2 arm=selfcheckgpt: per_fault={'hop0': False, 'hop1': False, 'hop2': False, 'concise': True, 'english': True} all_resolved=False n_resolved=2/5 tokens=(11533,749)
  N=5 real_musique_hop_00123_3hop1__324448_831637_91775 seed=2 arm=direct: per_fault={'hop0': False, 'hop1': False, 'hop2': True, 'concise': True, 'english': True} all_resolved=False n_resolved=3/5 tokens=(2100,264)
  N=5 real_musique_hop_00123_3hop1__324448_831637_91775 seed=2 arm=self_refine: per_fault={'hop0': False, 'hop1': False, 'hop2': True, 'concise': True, 'english': True} all_resolved=False n_resolved=3/5 tokens=(4535,754)
  N=5 real_musique_hop_00123_3hop1__324448_831637_91775 seed=2 arm=full_regen: per_fault={'hop0': False, 'hop1': False, 'hop2': True, 'concise': True, 'english': True} all_resolved=False n_resolved=3/5 tokens=(4200,548)
  N=5 real_musique_hop_00123_3hop1__324448_831637_91775 seed=2 arm=react: per_fault={'hop0': False, 'hop1': False, 'hop2': True, 'concise': True, 'english': True} all_resolved=False n_resolved=3/5 tokens=(4253,792)
  N=5 real_musique_hop_00123_3hop1__324448_831637_91775 seed=2 arm=selfcheckgpt: per_fault={'hop0': False, 'hop1': False, 'hop2': True, 'concise': True, 'english': True} all_resolved=False n_resolved=3/5 tokens=(12291,440)
  N=5 real_musique_hop_00123_3hop1__324448_831637_91775 seed=2 arm=reflexion: per_fault={'hop0': False, 'hop1': False, 'hop2': True, 'concise': True, 'english': True} all_resolved=False n_resolved=3/5 tokens=(2100,264)
  N=5 real_musique_hop_00123_3hop1__324448_831637_91775 seed=2 arm=intro_specter: per_fault={'hop0': False, 'hop1': False, 'hop2': True, 'concise': True, 'english': True} all_resolved=False n_resolved=3/5 tokens=(4689,671)
  N=5 real_musique_hop_00128_3hop1__797496_831637_91775 seed=0 arm=direct: per_fault={'hop0': False, 'hop1': False, 'hop2': True, 'english': True, 'preamble': True} all_resolved=False n_resolved=3/5 tokens=(1836,118)
  N=5 real_musique_hop_00128_3hop1__797496_831637_91775 seed=0 arm=self_refine: per_fault={'hop0': False, 'hop1': False, 'hop2': False, 'english': True, 'preamble': True} all_resolved=False n_resolved=2/5 tokens=(3823,310)
  N=5 real_musique_hop_00128_3hop1__797496_831637_91775 seed=0 arm=full_regen: per_fault={'hop0': False, 'hop1': False, 'hop2': False, 'english': True, 'preamble': True} all_resolved=False n_resolved=2/5 tokens=(3672,305)
  N=5 real_musique_hop_00128_3hop1__797496_831637_91775 seed=0 arm=react: per_fault={'hop0': False, 'hop1': False, 'hop2': True, 'english': True, 'preamble': True} all_resolved=False n_resolved=3/5 tokens=(3725,507)
  N=5 real_musique_hop_00128_3hop1__797496_831637_91775 seed=0 arm=selfcheckgpt: per_fault={'hop0': False, 'hop1': False, 'hop2': True, 'english': True, 'preamble': True} all_resolved=False n_resolved=3/5 tokens=(10646,229)
  N=5 real_musique_hop_00128_3hop1__797496_831637_91775 seed=0 arm=reflexion: per_fault={'hop0': False, 'hop1': False, 'hop2': True, 'english': True, 'preamble': True} all_resolved=False n_resolved=3/5 tokens=(1836,118)
  N=5 real_musique_hop_00128_3hop1__797496_831637_91775 seed=0 arm=intro_specter: per_fault={'hop0': False, 'hop1': False, 'hop2': True, 'english': True, 'preamble': True} all_resolved=False n_resolved=3/5 tokens=(3977,319)
  N=5 real_musique_hop_00128_3hop1__797496_831637_91775 seed=1 arm=direct: per_fault={'hop0': False, 'hop1': False, 'hop2': True, 'english': True, 'preamble': True} all_resolved=False n_resolved=3/5 tokens=(1836,118)
  N=5 real_musique_hop_00128_3hop1__797496_831637_91775 seed=1 arm=self_refine: per_fault={'hop0': False, 'hop1': False, 'hop2': False, 'english': True, 'preamble': True} all_resolved=False n_resolved=2/5 tokens=(3823,310)
  N=5 real_musique_hop_00128_3hop1__797496_831637_91775 seed=1 arm=full_regen: per_fault={'hop0': False, 'hop1': False, 'hop2': False, 'english': True, 'preamble': True} all_resolved=False n_resolved=2/5 tokens=(3672,291)
  N=5 real_musique_hop_00128_3hop1__797496_831637_91775 seed=1 arm=react: per_fault={'hop0': False, 'hop1': False, 'hop2': True, 'english': True, 'preamble': True} all_resolved=False n_resolved=3/5 tokens=(3725,507)
  N=5 real_musique_hop_00128_3hop1__797496_831637_91775 seed=1 arm=selfcheckgpt: per_fault={'hop0': False, 'hop1': False, 'hop2': True, 'english': True, 'preamble': True} all_resolved=False n_resolved=3/5 tokens=(10645,269)
  N=5 real_musique_hop_00128_3hop1__797496_831637_91775 seed=1 arm=reflexion: per_fault={'hop0': False, 'hop1': False, 'hop2': True, 'english': True, 'preamble': True} all_resolved=False n_resolved=3/5 tokens=(1836,118)
  N=5 real_musique_hop_00128_3hop1__797496_831637_91775 seed=1 arm=intro_specter: per_fault={'hop0': False, 'hop1': False, 'hop2': True, 'english': True, 'preamble': True} all_resolved=False n_resolved=3/5 tokens=(3977,319)
  N=5 real_musique_hop_00128_3hop1__797496_831637_91775 seed=2 arm=direct: per_fault={'hop0': False, 'hop1': False, 'hop2': True, 'english': True, 'preamble': True} all_resolved=False n_resolved=3/5 tokens=(1836,119)
  N=5 real_musique_hop_00128_3hop1__797496_831637_91775 seed=2 arm=self_refine: per_fault={'hop0': False, 'hop1': False, 'hop2': False, 'english': True, 'preamble': True} all_resolved=False n_resolved=2/5 tokens=(3824,329)
  N=5 real_musique_hop_00128_3hop1__797496_831637_91775 seed=2 arm=full_regen: per_fault={'hop0': False, 'hop1': False, 'hop2': False, 'english': True, 'preamble': True} all_resolved=False n_resolved=2/5 tokens=(3672,291)
  N=5 real_musique_hop_00128_3hop1__797496_831637_91775 seed=2 arm=react: per_fault={'hop0': False, 'hop1': False, 'hop2': True, 'english': True, 'preamble': True} all_resolved=False n_resolved=3/5 tokens=(3725,435)
  N=5 real_musique_hop_00128_3hop1__797496_831637_91775 seed=2 arm=selfcheckgpt: per_fault={'hop0': False, 'hop1': False, 'hop2': True, 'english': True, 'preamble': True} all_resolved=False n_resolved=3/5 tokens=(10648,238)
  N=5 real_musique_hop_00128_3hop1__797496_831637_91775 seed=2 arm=reflexion: per_fault={'hop0': False, 'hop1': False, 'hop2': True, 'english': True, 'preamble': True} all_resolved=False n_resolved=3/5 tokens=(1836,119)
  N=5 real_musique_hop_00128_3hop1__797496_831637_91775 seed=2 arm=intro_specter: per_fault={'hop0': False, 'hop1': False, 'hop2': True, 'english': True, 'preamble': True} all_resolved=False n_resolved=3/5 tokens=(3978,310)
  N=5 real_musique_hop_00131_3hop1__232315_831637_91775 seed=0 arm=direct: per_fault={'hop0': False, 'hop1': False, 'hop2': True, 'bullets': True, 'concise': True} all_resolved=False n_resolved=3/5 tokens=(2005,282)
  N=5 real_musique_hop_00131_3hop1__232315_831637_91775 seed=0 arm=self_refine: per_fault={'hop0': False, 'hop1': True, 'hop2': True, 'bullets': True, 'concise': False} all_resolved=False n_resolved=3/5 tokens=(4422,867)
  N=5 real_musique_hop_00131_3hop1__232315_831637_91775 seed=0 arm=full_regen: per_fault={'hop0': True, 'hop1': True, 'hop2': True, 'bullets': True, 'concise': False} all_resolved=False n_resolved=4/5 tokens=(4010,745)
  N=5 real_musique_hop_00131_3hop1__232315_831637_91775 seed=0 arm=react: per_fault={'hop0': True, 'hop1': False, 'hop2': True, 'bullets': True, 'concise': False} all_resolved=False n_resolved=3/5 tokens=(4063,800)
  N=5 real_musique_hop_00131_3hop1__232315_831637_91775 seed=0 arm=selfcheckgpt: per_fault={'hop0': False, 'hop1': False, 'hop2': True, 'bullets': True, 'concise': True} all_resolved=False n_resolved=3/5 tokens=(11782,532)
  N=5 real_musique_hop_00131_3hop1__232315_831637_91775 seed=0 arm=reflexion: per_fault={'hop0': False, 'hop1': False, 'hop2': True, 'bullets': True, 'concise': True} all_resolved=False n_resolved=3/5 tokens=(2005,282)
  N=5 real_musique_hop_00131_3hop1__232315_831637_91775 seed=0 arm=intro_specter: per_fault={'hop0': False, 'hop1': False, 'hop2': True, 'bullets': True, 'concise': True} all_resolved=False n_resolved=3/5 tokens=(4576,702)
  N=5 real_musique_hop_00131_3hop1__232315_831637_91775 seed=1 arm=direct: per_fault={'hop0': False, 'hop1': False, 'hop2': True, 'bullets': True, 'concise': True} all_resolved=False n_resolved=3/5 tokens=(2005,282)
  N=5 real_musique_hop_00131_3hop1__232315_831637_91775 seed=1 arm=self_refine: per_fault={'hop0': False, 'hop1': True, 'hop2': True, 'bullets': True, 'concise': False} all_resolved=False n_resolved=3/5 tokens=(4422,867)
  N=5 real_musique_hop_00131_3hop1__232315_831637_91775 seed=1 arm=full_regen: per_fault={'hop0': False, 'hop1': True, 'hop2': True, 'bullets': True, 'concise': False} all_resolved=False n_resolved=3/5 tokens=(4010,653)
  N=5 real_musique_hop_00131_3hop1__232315_831637_91775 seed=1 arm=react: per_fault={'hop0': True, 'hop1': False, 'hop2': True, 'bullets': True, 'concise': False} all_resolved=False n_resolved=3/5 tokens=(4063,800)
  N=5 real_musique_hop_00131_3hop1__232315_831637_91775 seed=1 arm=selfcheckgpt: per_fault={'hop0': False, 'hop1': False, 'hop2': True, 'bullets': True, 'concise': True} all_resolved=False n_resolved=3/5 tokens=(11769,513)
  N=5 real_musique_hop_00131_3hop1__232315_831637_91775 seed=1 arm=reflexion: per_fault={'hop0': False, 'hop1': False, 'hop2': True, 'bullets': True, 'concise': True} all_resolved=False n_resolved=3/5 tokens=(2005,282)
  N=5 real_musique_hop_00131_3hop1__232315_831637_91775 seed=1 arm=intro_specter: per_fault={'hop0': False, 'hop1': False, 'hop2': True, 'bullets': True, 'concise': True} all_resolved=False n_resolved=3/5 tokens=(4576,702)
  N=5 real_musique_hop_00131_3hop1__232315_831637_91775 seed=2 arm=direct: per_fault={'hop0': True, 'hop1': False, 'hop2': True, 'bullets': True, 'concise': False} all_resolved=False n_resolved=3/5 tokens=(2005,351)
  N=5 real_musique_hop_00131_3hop1__232315_831637_91775 seed=2 arm=self_refine: per_fault={'hop0': True, 'hop1': False, 'hop2': True, 'bullets': True, 'concise': False} all_resolved=False n_resolved=3/5 tokens=(4519,787)
  N=5 real_musique_hop_00131_3hop1__232315_831637_91775 seed=2 arm=full_regen: per_fault={'hop0': True, 'hop1': True, 'hop2': True, 'bullets': True, 'concise': True} all_resolved=True n_resolved=5/5 tokens=(4010,597)
  N=5 real_musique_hop_00131_3hop1__232315_831637_91775 seed=2 arm=react: per_fault={'hop0': False, 'hop1': True, 'hop2': True, 'bullets': True, 'concise': False} all_resolved=False n_resolved=3/5 tokens=(4063,1164)
  N=5 real_musique_hop_00131_3hop1__232315_831637_91775 seed=2 arm=selfcheckgpt: per_fault={'hop0': True, 'hop1': False, 'hop2': True, 'bullets': True, 'concise': False} all_resolved=False n_resolved=3/5 tokens=(12077,665)
  N=5 real_musique_hop_00131_3hop1__232315_831637_91775 seed=2 arm=reflexion: per_fault={'hop0': True, 'hop1': False, 'hop2': True, 'bullets': True, 'concise': False} all_resolved=False n_resolved=3/5 tokens=(2005,351)
  N=5 real_musique_hop_00131_3hop1__232315_831637_91775 seed=2 arm=intro_specter: per_fault={'hop0': True, 'hop1': False, 'hop2': True, 'bullets': True, 'concise': False} all_resolved=False n_resolved=3/5 tokens=(4673,901)
  N=5 real_musique_hop_00138_3hop1__511157_709625_84283 seed=0 arm=direct: per_fault={'hop0': True, 'hop1': True, 'hop2': True, 'concise': True, 'preamble': True} all_resolved=True n_resolved=5/5 tokens=(1729,356)
  N=5 real_musique_hop_00138_3hop1__511157_709625_84283 seed=0 arm=self_refine: per_fault={'hop0': True, 'hop1': True, 'hop2': True, 'concise': True, 'preamble': True} all_resolved=True n_resolved=5/5 tokens=(3931,896)
  N=5 real_musique_hop_00138_3hop1__511157_709625_84283 seed=0 arm=full_regen: per_fault={'hop0': False, 'hop1': False, 'hop2': True, 'concise': True, 'preamble': True} all_resolved=False n_resolved=3/5 tokens=(3458,619)
  N=5 real_musique_hop_00138_3hop1__511157_709625_84283 seed=0 arm=react: per_fault={'hop0': False, 'hop1': True, 'hop2': True, 'concise': True, 'preamble': True} all_resolved=False n_resolved=4/5 tokens=(3511,837)
  N=5 real_musique_hop_00138_3hop1__511157_709625_84283 seed=0 arm=selfcheckgpt: per_fault={'hop0': True, 'hop1': True, 'hop2': True, 'concise': True, 'preamble': True} all_resolved=True n_resolved=5/5 tokens=(9984,454)
  N=5 real_musique_hop_00138_3hop1__511157_709625_84283 seed=0 arm=reflexion: per_fault={'hop0': True, 'hop1': True, 'hop2': True, 'concise': True, 'preamble': True} all_resolved=True n_resolved=5/5 tokens=(1729,356)
  N=5 real_musique_hop_00138_3hop1__511157_709625_84283 seed=0 arm=intro_specter: per_fault={'hop0': True, 'hop1': True, 'hop2': True, 'concise': True, 'preamble': True} all_resolved=True n_resolved=5/5 tokens=(4085,841)
  N=5 real_musique_hop_00138_3hop1__511157_709625_84283 seed=1 arm=direct: per_fault={'hop0': True, 'hop1': True, 'hop2': True, 'concise': True, 'preamble': True} all_resolved=True n_resolved=5/5 tokens=(1729,356)
  N=5 real_musique_hop_00138_3hop1__511157_709625_84283 seed=1 arm=self_refine: per_fault={'hop0': True, 'hop1': True, 'hop2': True, 'concise': True, 'preamble': True} all_resolved=True n_resolved=5/5 tokens=(3931,896)
  N=5 real_musique_hop_00138_3hop1__511157_709625_84283 seed=1 arm=full_regen: per_fault={'hop0': True, 'hop1': True, 'hop2': True, 'concise': True, 'preamble': True} all_resolved=True n_resolved=5/5 tokens=(3458,719)
  N=5 real_musique_hop_00138_3hop1__511157_709625_84283 seed=1 arm=react: per_fault={'hop0': False, 'hop1': True, 'hop2': True, 'concise': True, 'preamble': True} all_resolved=False n_resolved=4/5 tokens=(3511,837)
  N=5 real_musique_hop_00138_3hop1__511157_709625_84283 seed=1 arm=selfcheckgpt: per_fault={'hop0': True, 'hop1': True, 'hop2': True, 'concise': True, 'preamble': True} all_resolved=True n_resolved=5/5 tokens=(9984,454)
  N=5 real_musique_hop_00138_3hop1__511157_709625_84283 seed=1 arm=reflexion: per_fault={'hop0': True, 'hop1': True, 'hop2': True, 'concise': True, 'preamble': True} all_resolved=True n_resolved=5/5 tokens=(1729,356)
  N=5 real_musique_hop_00138_3hop1__511157_709625_84283 seed=1 arm=intro_specter: per_fault={'hop0': True, 'hop1': True, 'hop2': True, 'concise': True, 'preamble': True} all_resolved=True n_resolved=5/5 tokens=(4085,841)
  N=5 real_musique_hop_00138_3hop1__511157_709625_84283 seed=2 arm=direct: per_fault={'hop0': True, 'hop1': True, 'hop2': True, 'concise': True, 'preamble': True} all_resolved=True n_resolved=5/5 tokens=(1729,342)
  N=5 real_musique_hop_00138_3hop1__511157_709625_84283 seed=2 arm=self_refine: per_fault={'hop0': True, 'hop1': True, 'hop2': True, 'concise': True, 'preamble': True} all_resolved=True n_resolved=5/5 tokens=(3917,873)
  N=5 real_musique_hop_00138_3hop1__511157_709625_84283 seed=2 arm=full_regen: per_fault={'hop0': False, 'hop1': False, 'hop2': True, 'concise': True, 'preamble': True} all_resolved=False n_resolved=3/5 tokens=(3458,573)
  N=5 real_musique_hop_00138_3hop1__511157_709625_84283 seed=2 arm=react: per_fault={'hop0': True, 'hop1': True, 'hop2': True, 'concise': True, 'preamble': True} all_resolved=True n_resolved=5/5 tokens=(3511,861)
  N=5 real_musique_hop_00138_3hop1__511157_709625_84283 seed=2 arm=selfcheckgpt: per_fault={'hop0': True, 'hop1': True, 'hop2': True, 'concise': True, 'preamble': True} all_resolved=True n_resolved=5/5 tokens=(9995,454)
  N=5 real_musique_hop_00138_3hop1__511157_709625_84283 seed=2 arm=reflexion: per_fault={'hop0': True, 'hop1': True, 'hop2': True, 'concise': True, 'preamble': True} all_resolved=True n_resolved=5/5 tokens=(1729,342)
  N=5 real_musique_hop_00138_3hop1__511157_709625_84283 seed=2 arm=intro_specter: per_fault={'hop0': True, 'hop1': True, 'hop2': True, 'concise': True, 'preamble': True} all_resolved=True n_resolved=5/5 tokens=(4071,847)
  N=5 real_musique_hop_00143_3hop1__390489_502967_84283 seed=0 arm=direct: per_fault={'hop0': False, 'hop1': False, 'hop2': True, 'bullets': True, 'english': True} all_resolved=False n_resolved=3/5 tokens=(2086,193)
  N=5 real_musique_hop_00143_3hop1__390489_502967_84283 seed=0 arm=self_refine: per_fault={'hop0': False, 'hop1': True, 'hop2': True, 'bullets': True, 'english': True} all_resolved=False n_resolved=4/5 tokens=(4435,592)
  N=5 real_musique_hop_00143_3hop1__390489_502967_84283 seed=0 arm=full_regen: per_fault={'hop0': False, 'hop1': False, 'hop2': False, 'bullets': True, 'english': True} all_resolved=False n_resolved=2/5 tokens=(4172,500)
  N=5 real_musique_hop_00143_3hop1__390489_502967_84283 seed=0 arm=react: per_fault={'hop0': False, 'hop1': False, 'hop2': True, 'bullets': True, 'english': True} all_resolved=False n_resolved=3/5 tokens=(4225,612)
  N=5 real_musique_hop_00143_3hop1__390489_502967_84283 seed=0 arm=selfcheckgpt: per_fault={'hop0': False, 'hop1': False, 'hop2': True, 'bullets': True, 'english': True} all_resolved=False n_resolved=3/5 tokens=(12145,293)
  N=5 real_musique_hop_00143_3hop1__390489_502967_84283 seed=0 arm=reflexion: per_fault={'hop0': False, 'hop1': False, 'hop2': True, 'bullets': True, 'english': True} all_resolved=False n_resolved=3/5 tokens=(2086,193)
  N=5 real_musique_hop_00143_3hop1__390489_502967_84283 seed=0 arm=intro_specter: per_fault={'hop0': False, 'hop1': False, 'hop2': True, 'bullets': True, 'english': True} all_resolved=False n_resolved=3/5 tokens=(4589,528)
  N=5 real_musique_hop_00143_3hop1__390489_502967_84283 seed=1 arm=direct: per_fault={'hop0': False, 'hop1': False, 'hop2': True, 'bullets': True, 'english': True} all_resolved=False n_resolved=3/5 tokens=(2086,193)
  N=5 real_musique_hop_00143_3hop1__390489_502967_84283 seed=1 arm=self_refine: per_fault={'hop0': False, 'hop1': True, 'hop2': True, 'bullets': True, 'english': True} all_resolved=False n_resolved=4/5 tokens=(4435,592)
  N=5 real_musique_hop_00143_3hop1__390489_502967_84283 seed=1 arm=full_regen: per_fault={'hop0': False, 'hop1': False, 'hop2': False, 'bullets': True, 'english': True} all_resolved=False n_resolved=2/5 tokens=(4172,423)
  N=5 real_musique_hop_00143_3hop1__390489_502967_84283 seed=1 arm=react: per_fault={'hop0': False, 'hop1': False, 'hop2': True, 'bullets': True, 'english': True} all_resolved=False n_resolved=3/5 tokens=(4225,612)
  N=5 real_musique_hop_00143_3hop1__390489_502967_84283 seed=1 arm=selfcheckgpt: per_fault={'hop0': False, 'hop1': False, 'hop2': True, 'bullets': True, 'english': True} all_resolved=False n_resolved=3/5 tokens=(12148,296)
  N=5 real_musique_hop_00143_3hop1__390489_502967_84283 seed=1 arm=reflexion: per_fault={'hop0': False, 'hop1': False, 'hop2': True, 'bullets': True, 'english': True} all_resolved=False n_resolved=3/5 tokens=(2086,193)
  N=5 real_musique_hop_00143_3hop1__390489_502967_84283 seed=1 arm=intro_specter: per_fault={'hop0': False, 'hop1': False, 'hop2': True, 'bullets': True, 'english': True} all_resolved=False n_resolved=3/5 tokens=(4589,528)
  N=5 real_musique_hop_00143_3hop1__390489_502967_84283 seed=2 arm=direct: per_fault={'hop0': False, 'hop1': False, 'hop2': True, 'bullets': True, 'english': True} all_resolved=False n_resolved=3/5 tokens=(2086,251)
  N=5 real_musique_hop_00143_3hop1__390489_502967_84283 seed=2 arm=self_refine: per_fault={'hop0': False, 'hop1': False, 'hop2': True, 'bullets': True, 'english': True} all_resolved=False n_resolved=3/5 tokens=(4520,691)
  N=5 real_musique_hop_00143_3hop1__390489_502967_84283 seed=2 arm=full_regen: per_fault={'hop0': False, 'hop1': False, 'hop2': True, 'bullets': True, 'english': True} all_resolved=False n_resolved=3/5 tokens=(4172,426)
  N=5 real_musique_hop_00143_3hop1__390489_502967_84283 seed=2 arm=react: per_fault={'hop0': True, 'hop1': False, 'hop2': True, 'bullets': True, 'english': True} all_resolved=False n_resolved=4/5 tokens=(4225,717)
  N=5 real_musique_hop_00143_3hop1__390489_502967_84283 seed=2 arm=selfcheckgpt: per_fault={'hop0': False, 'hop1': False, 'hop2': True, 'bullets': True, 'english': True} all_resolved=False n_resolved=3/5 tokens=(12162,361)
  N=5 real_musique_hop_00143_3hop1__390489_502967_84283 seed=2 arm=reflexion: per_fault={'hop0': False, 'hop1': False, 'hop2': True, 'bullets': True, 'english': True} all_resolved=False n_resolved=3/5 tokens=(2086,251)
  N=5 real_musique_hop_00143_3hop1__390489_502967_84283 seed=2 arm=intro_specter: per_fault={'hop0': False, 'hop1': False, 'hop2': True, 'bullets': True, 'english': True} all_resolved=False n_resolved=3/5 tokens=(4674,694)
  N=5 real_musique_hop_00148_3hop1__326941_366209_84283 seed=0 arm=direct: per_fault={'hop0': False, 'hop1': True, 'hop2': True, 'bullets': True, 'english': True} all_resolved=False n_resolved=4/5 tokens=(2011,221)
  N=5 real_musique_hop_00148_3hop1__326941_366209_84283 seed=0 arm=self_refine: per_fault={'hop0': False, 'hop1': True, 'hop2': True, 'bullets': True, 'english': True} all_resolved=False n_resolved=4/5 tokens=(4344,597)
  N=5 real_musique_hop_00148_3hop1__326941_366209_84283 seed=0 arm=full_regen: per_fault={'hop0': True, 'hop1': True, 'hop2': True, 'bullets': True, 'english': True} all_resolved=True n_resolved=5/5 tokens=(4022,572)
  N=5 real_musique_hop_00148_3hop1__326941_366209_84283 seed=0 arm=react: per_fault={'hop0': True, 'hop1': True, 'hop2': True, 'bullets': True, 'english': True} all_resolved=True n_resolved=5/5 tokens=(4075,898)
  N=5 real_musique_hop_00148_3hop1__326941_366209_84283 seed=0 arm=selfcheckgpt: per_fault={'hop0': False, 'hop1': True, 'hop2': True, 'bullets': True, 'english': True} all_resolved=False n_resolved=4/5 tokens=(11737,375)
  N=5 real_musique_hop_00148_3hop1__326941_366209_84283 seed=0 arm=reflexion: per_fault={'hop0': False, 'hop1': True, 'hop2': True, 'bullets': True, 'english': True} all_resolved=False n_resolved=4/5 tokens=(2011,221)
  N=5 real_musique_hop_00148_3hop1__326941_366209_84283 seed=0 arm=intro_specter: per_fault={'hop0': False, 'hop1': True, 'hop2': True, 'bullets': True, 'english': True} all_resolved=False n_resolved=4/5 tokens=(4498,593)
  N=5 real_musique_hop_00148_3hop1__326941_366209_84283 seed=1 arm=direct: per_fault={'hop0': False, 'hop1': True, 'hop2': True, 'bullets': True, 'english': True} all_resolved=False n_resolved=4/5 tokens=(2011,221)
  N=5 real_musique_hop_00148_3hop1__326941_366209_84283 seed=1 arm=self_refine: per_fault={'hop0': False, 'hop1': True, 'hop2': True, 'bullets': True, 'english': True} all_resolved=False n_resolved=4/5 tokens=(4344,597)
  N=5 real_musique_hop_00148_3hop1__326941_366209_84283 seed=1 arm=full_regen: per_fault={'hop0': True, 'hop1': True, 'hop2': True, 'bullets': True, 'english': True} all_resolved=True n_resolved=5/5 tokens=(4022,517)
  N=5 real_musique_hop_00148_3hop1__326941_366209_84283 seed=1 arm=react: per_fault={'hop0': True, 'hop1': True, 'hop2': True, 'bullets': True, 'english': True} all_resolved=True n_resolved=5/5 tokens=(4075,898)
  N=5 real_musique_hop_00148_3hop1__326941_366209_84283 seed=1 arm=selfcheckgpt: per_fault={'hop0': False, 'hop1': True, 'hop2': True, 'bullets': True, 'english': True} all_resolved=False n_resolved=4/5 tokens=(11712,351)
  N=5 real_musique_hop_00148_3hop1__326941_366209_84283 seed=1 arm=reflexion: per_fault={'hop0': False, 'hop1': True, 'hop2': True, 'bullets': True, 'english': True} all_resolved=False n_resolved=4/5 tokens=(2011,221)
  N=5 real_musique_hop_00148_3hop1__326941_366209_84283 seed=1 arm=intro_specter: per_fault={'hop0': False, 'hop1': True, 'hop2': True, 'bullets': True, 'english': True} all_resolved=False n_resolved=4/5 tokens=(4498,593)
  N=5 real_musique_hop_00148_3hop1__326941_366209_84283 seed=2 arm=direct: per_fault={'hop0': True, 'hop1': True, 'hop2': True, 'bullets': True, 'english': True} all_resolved=True n_resolved=5/5 tokens=(2011,231)
  N=5 real_musique_hop_00148_3hop1__326941_366209_84283 seed=2 arm=self_refine: per_fault={'hop0': True, 'hop1': True, 'hop2': True, 'bullets': True, 'english': True} all_resolved=True n_resolved=5/5 tokens=(4351,626)
  N=5 real_musique_hop_00148_3hop1__326941_366209_84283 seed=2 arm=full_regen: per_fault={'hop0': False, 'hop1': False, 'hop2': True, 'bullets': True, 'english': True} all_resolved=False n_resolved=3/5 tokens=(4022,450)
  N=5 real_musique_hop_00148_3hop1__326941_366209_84283 seed=2 arm=react: per_fault={'hop0': True, 'hop1': True, 'hop2': True, 'bullets': True, 'english': True} all_resolved=True n_resolved=5/5 tokens=(4075,1022)
  N=5 real_musique_hop_00148_3hop1__326941_366209_84283 seed=2 arm=selfcheckgpt: per_fault={'hop0': True, 'hop1': True, 'hop2': True, 'bullets': True, 'english': True} all_resolved=True n_resolved=5/5 tokens=(11727,378)
  N=5 real_musique_hop_00148_3hop1__326941_366209_84283 seed=2 arm=reflexion: per_fault={'hop0': True, 'hop1': True, 'hop2': True, 'bullets': True, 'english': True} all_resolved=True n_resolved=5/5 tokens=(2011,231)
  N=5 real_musique_hop_00148_3hop1__326941_366209_84283 seed=2 arm=intro_specter: per_fault={'hop0': True, 'hop1': True, 'hop2': True, 'bullets': True, 'english': True} all_resolved=True n_resolved=5/5 tokens=(4505,628)
  N=5 real_musique_hop_00150_3hop1__285585_538202_84283 seed=0 arm=direct: per_fault={'hop0': True, 'hop1': False, 'hop2': True, 'bullets': True, 'concise': True} all_resolved=False n_resolved=4/5 tokens=(1837,441)
  N=5 real_musique_hop_00150_3hop1__285585_538202_84283 seed=0 arm=self_refine: per_fault={'hop0': True, 'hop1': False, 'hop2': True, 'bullets': True, 'concise': True} all_resolved=False n_resolved=4/5 tokens=(4329,799)
  N=5 real_musique_hop_00150_3hop1__285585_538202_84283 seed=0 arm=full_regen: per_fault={'hop0': True, 'hop1': True, 'hop2': True, 'bullets': True, 'concise': True} all_resolved=True n_resolved=5/5 tokens=(3674,877)
  N=5 real_musique_hop_00150_3hop1__285585_538202_84283 seed=0 arm=react: per_fault={'hop0': True, 'hop1': True, 'hop2': True, 'bullets': True, 'concise': False} all_resolved=False n_resolved=4/5 tokens=(3727,1192)
  N=5 real_musique_hop_00150_3hop1__285585_538202_84283 seed=0 arm=selfcheckgpt: per_fault={'hop0': True, 'hop1': False, 'hop2': True, 'bullets': True, 'concise': True} all_resolved=False n_resolved=4/5 tokens=(10845,767)
  N=5 real_musique_hop_00150_3hop1__285585_538202_84283 seed=0 arm=reflexion: per_fault={'hop0': True, 'hop1': False, 'hop2': True, 'bullets': True, 'concise': True} all_resolved=False n_resolved=4/5 tokens=(1837,441)
  N=5 real_musique_hop_00150_3hop1__285585_538202_84283 seed=0 arm=intro_specter: per_fault={'hop0': True, 'hop1': False, 'hop2': True, 'bullets': True, 'concise': True} all_resolved=False n_resolved=4/5 tokens=(4483,1230)
  N=5 real_musique_hop_00150_3hop1__285585_538202_84283 seed=1 arm=direct: per_fault={'hop0': True, 'hop1': False, 'hop2': True, 'bullets': True, 'concise': True} all_resolved=False n_resolved=4/5 tokens=(1837,441)
  N=5 real_musique_hop_00150_3hop1__285585_538202_84283 seed=1 arm=self_refine: per_fault={'hop0': True, 'hop1': False, 'hop2': True, 'bullets': True, 'concise': True} all_resolved=False n_resolved=4/5 tokens=(4329,799)
  N=5 real_musique_hop_00150_3hop1__285585_538202_84283 seed=1 arm=full_regen: per_fault={'hop0': True, 'hop1': True, 'hop2': True, 'bullets': True, 'concise': False} all_resolved=False n_resolved=4/5 tokens=(3674,827)
  N=5 real_musique_hop_00150_3hop1__285585_538202_84283 seed=1 arm=react: per_fault={'hop0': True, 'hop1': True, 'hop2': True, 'bullets': True, 'concise': False} all_resolved=False n_resolved=4/5 tokens=(3727,1192)
  N=5 real_musique_hop_00150_3hop1__285585_538202_84283 seed=1 arm=selfcheckgpt: per_fault={'hop0': True, 'hop1': False, 'hop2': True, 'bullets': True, 'concise': True} all_resolved=False n_resolved=4/5 tokens=(10822,725)
  N=5 real_musique_hop_00150_3hop1__285585_538202_84283 seed=1 arm=reflexion: per_fault={'hop0': True, 'hop1': False, 'hop2': True, 'bullets': True, 'concise': True} all_resolved=False n_resolved=4/5 tokens=(1837,441)
  N=5 real_musique_hop_00150_3hop1__285585_538202_84283 seed=1 arm=intro_specter: per_fault={'hop0': True, 'hop1': False, 'hop2': True, 'bullets': True, 'concise': True} all_resolved=False n_resolved=4/5 tokens=(4483,1230)
  N=5 real_musique_hop_00150_3hop1__285585_538202_84283 seed=2 arm=direct: per_fault={'hop0': True, 'hop1': False, 'hop2': True, 'bullets': True, 'concise': True} all_resolved=False n_resolved=4/5 tokens=(1837,667)
  N=5 real_musique_hop_00150_3hop1__285585_538202_84283 seed=2 arm=self_refine: per_fault={'hop0': True, 'hop1': False, 'hop2': True, 'bullets': True, 'concise': True} all_resolved=False n_resolved=4/5 tokens=(4667,1560)
  N=5 real_musique_hop_00150_3hop1__285585_538202_84283 seed=2 arm=full_regen: per_fault={'hop0': True, 'hop1': False, 'hop2': True, 'bullets': True, 'concise': False} all_resolved=False n_resolved=3/5 tokens=(3674,897)
  N=5 real_musique_hop_00150_3hop1__285585_538202_84283 seed=2 arm=react: per_fault={'hop0': True, 'hop1': True, 'hop2': True, 'bullets': True, 'concise': True} all_resolved=True n_resolved=5/5 tokens=(3727,1401)
  N=5 real_musique_hop_00150_3hop1__285585_538202_84283 seed=2 arm=selfcheckgpt: per_fault={'hop0': True, 'hop1': False, 'hop2': True, 'bullets': True, 'concise': True} all_resolved=False n_resolved=4/5 tokens=(10757,887)
  N=5 real_musique_hop_00150_3hop1__285585_538202_84283 seed=2 arm=reflexion: per_fault={'hop0': True, 'hop1': False, 'hop2': True, 'bullets': True, 'concise': True} all_resolved=False n_resolved=4/5 tokens=(1837,667)
  N=5 real_musique_hop_00150_3hop1__285585_538202_84283 seed=2 arm=intro_specter: per_fault={'hop0': True, 'hop1': False, 'hop2': True, 'bullets': True, 'concise': True} all_resolved=False n_resolved=4/5 tokens=(4821,1841)
  N=5 real_musique_hop_00152_3hop1__816887_127905_80286 seed=0 arm=direct: per_fault={'hop0': True, 'hop1': False, 'hop2': True, 'concise': True, 'english': True} all_resolved=False n_resolved=4/5 tokens=(1965,255)
  N=5 real_musique_hop_00152_3hop1__816887_127905_80286 seed=0 arm=self_refine: per_fault={'hop0': True, 'hop1': False, 'hop2': True, 'concise': True, 'english': True} all_resolved=False n_resolved=4/5 tokens=(4316,639)
  N=5 real_musique_hop_00152_3hop1__816887_127905_80286 seed=0 arm=full_regen: per_fault={'hop0': False, 'hop1': False, 'hop2': True, 'concise': True, 'english': True} all_resolved=False n_resolved=3/5 tokens=(3930,495)
  N=5 real_musique_hop_00152_3hop1__816887_127905_80286 seed=0 arm=react: per_fault={'hop0': False, 'hop1': False, 'hop2': True, 'concise': True, 'english': True} all_resolved=False n_resolved=3/5 tokens=(3983,614)
  N=5 real_musique_hop_00152_3hop1__816887_127905_80286 seed=0 arm=selfcheckgpt: per_fault={'hop0': True, 'hop1': False, 'hop2': True, 'concise': True, 'english': True} all_resolved=False n_resolved=4/5 tokens=(13400,488)
  N=5 real_musique_hop_00152_3hop1__816887_127905_80286 seed=0 arm=reflexion: per_fault={'hop0': True, 'hop1': False, 'hop2': True, 'concise': True, 'english': True} all_resolved=False n_resolved=4/5 tokens=(6684,720)
  N=5 real_musique_hop_00152_3hop1__816887_127905_80286 seed=0 arm=intro_specter: per_fault={'hop0': True, 'hop1': False, 'hop2': True, 'concise': True, 'english': True} all_resolved=False n_resolved=4/5 tokens=(4470,762)
  N=5 real_musique_hop_00152_3hop1__816887_127905_80286 seed=1 arm=direct: per_fault={'hop0': True, 'hop1': False, 'hop2': True, 'concise': True, 'english': True} all_resolved=False n_resolved=4/5 tokens=(1965,255)
  N=5 real_musique_hop_00152_3hop1__816887_127905_80286 seed=1 arm=self_refine: per_fault={'hop0': True, 'hop1': False, 'hop2': True, 'concise': True, 'english': True} all_resolved=False n_resolved=4/5 tokens=(4316,639)
  N=5 real_musique_hop_00152_3hop1__816887_127905_80286 seed=1 arm=full_regen: per_fault={'hop0': False, 'hop1': True, 'hop2': True, 'concise': True, 'english': True} all_resolved=False n_resolved=4/5 tokens=(3930,659)
  N=5 real_musique_hop_00152_3hop1__816887_127905_80286 seed=1 arm=react: per_fault={'hop0': False, 'hop1': False, 'hop2': True, 'concise': True, 'english': True} all_resolved=False n_resolved=3/5 tokens=(3983,614)
  N=5 real_musique_hop_00152_3hop1__816887_127905_80286 seed=1 arm=selfcheckgpt: per_fault={'hop0': True, 'hop1': False, 'hop2': True, 'concise': True, 'english': True} all_resolved=False n_resolved=4/5 tokens=(13400,482)
  N=5 real_musique_hop_00152_3hop1__816887_127905_80286 seed=1 arm=reflexion: per_fault={'hop0': True, 'hop1': False, 'hop2': True, 'concise': True, 'english': True} all_resolved=False n_resolved=4/5 tokens=(6684,720)
  N=5 real_musique_hop_00152_3hop1__816887_127905_80286 seed=1 arm=intro_specter: per_fault={'hop0': True, 'hop1': False, 'hop2': True, 'concise': True, 'english': True} all_resolved=False n_resolved=4/5 tokens=(4470,762)
  N=5 real_musique_hop_00152_3hop1__816887_127905_80286 seed=2 arm=direct: per_fault={'hop0': True, 'hop1': True, 'hop2': True, 'concise': True, 'english': True} all_resolved=True n_resolved=5/5 tokens=(1965,412)
  N=5 real_musique_hop_00152_3hop1__816887_127905_80286 seed=2 arm=self_refine: per_fault={'hop0': False, 'hop1': False, 'hop2': False, 'concise': True, 'english': True} all_resolved=False n_resolved=2/5 tokens=(4585,792)
  N=5 real_musique_hop_00152_3hop1__816887_127905_80286 seed=2 arm=full_regen: per_fault={'hop0': False, 'hop1': False, 'hop2': False, 'concise': True, 'english': True} all_resolved=False n_resolved=2/5 tokens=(3930,687)
  N=5 real_musique_hop_00152_3hop1__816887_127905_80286 seed=2 arm=react: per_fault={'hop0': True, 'hop1': True, 'hop2': True, 'concise': True, 'english': True} all_resolved=True n_resolved=5/5 tokens=(3983,1100)
  N=5 real_musique_hop_00152_3hop1__816887_127905_80286 seed=2 arm=selfcheckgpt: per_fault={'hop0': True, 'hop1': True, 'hop2': True, 'concise': True, 'english': True} all_resolved=True n_resolved=5/5 tokens=(11494,609)
  N=5 real_musique_hop_00152_3hop1__816887_127905_80286 seed=2 arm=reflexion: per_fault={'hop0': True, 'hop1': True, 'hop2': True, 'concise': True, 'english': True} all_resolved=True n_resolved=5/5 tokens=(1965,412)
  N=5 real_musique_hop_00152_3hop1__816887_127905_80286 seed=2 arm=intro_specter: per_fault={'hop0': True, 'hop1': True, 'hop2': True, 'concise': True, 'english': True} all_resolved=True n_resolved=5/5 tokens=(4739,968)
  N=5 real_musique_hop_00156_3hop1__617062_127905_46894 seed=0 arm=direct: per_fault={'hop0': True, 'hop1': True, 'hop2': True, 'concise': True, 'english': True} all_resolved=True n_resolved=5/5 tokens=(2024,466)
  N=5 real_musique_hop_00156_3hop1__617062_127905_46894 seed=0 arm=self_refine: per_fault={'hop0': True, 'hop1': True, 'hop2': True, 'concise': True, 'english': True} all_resolved=True n_resolved=5/5 tokens=(4813,1316)
  N=5 real_musique_hop_00156_3hop1__617062_127905_46894 seed=0 arm=full_regen: per_fault={'hop0': True, 'hop1': True, 'hop2': True, 'concise': True, 'english': True} all_resolved=True n_resolved=5/5 tokens=(4048,892)
  N=5 real_musique_hop_00156_3hop1__617062_127905_46894 seed=0 arm=react: per_fault={'hop0': True, 'hop1': True, 'hop2': True, 'concise': True, 'english': True} all_resolved=True n_resolved=5/5 tokens=(4101,1119)
  N=5 real_musique_hop_00156_3hop1__617062_127905_46894 seed=0 arm=selfcheckgpt: per_fault={'hop0': True, 'hop1': True, 'hop2': True, 'concise': True, 'english': True} all_resolved=True n_resolved=5/5 tokens=(11776,583)
  N=5 real_musique_hop_00156_3hop1__617062_127905_46894 seed=0 arm=reflexion: per_fault={'hop0': True, 'hop1': True, 'hop2': True, 'concise': True, 'english': True} all_resolved=True n_resolved=5/5 tokens=(2024,466)
  N=5 real_musique_hop_00156_3hop1__617062_127905_46894 seed=0 arm=intro_specter: per_fault={'hop0': True, 'hop1': True, 'hop2': True, 'concise': True, 'english': True} all_resolved=True n_resolved=5/5 tokens=(4967,1554)
  N=5 real_musique_hop_00156_3hop1__617062_127905_46894 seed=1 arm=direct: per_fault={'hop0': True, 'hop1': True, 'hop2': True, 'concise': True, 'english': True} all_resolved=True n_resolved=5/5 tokens=(2024,466)
  N=5 real_musique_hop_00156_3hop1__617062_127905_46894 seed=1 arm=self_refine: per_fault={'hop0': True, 'hop1': True, 'hop2': True, 'concise': True, 'english': True} all_resolved=True n_resolved=5/5 tokens=(4813,1316)
  N=5 real_musique_hop_00156_3hop1__617062_127905_46894 seed=1 arm=full_regen: per_fault={'hop0': False, 'hop1': False, 'hop2': True, 'concise': False, 'english': True} all_resolved=False n_resolved=2/5 tokens=(4048,653)
  N=5 real_musique_hop_00156_3hop1__617062_127905_46894 seed=1 arm=react: per_fault={'hop0': True, 'hop1': True, 'hop2': True, 'concise': True, 'english': True} all_resolved=True n_resolved=5/5 tokens=(4101,1119)
  N=5 real_musique_hop_00156_3hop1__617062_127905_46894 seed=1 arm=selfcheckgpt: per_fault={'hop0': True, 'hop1': True, 'hop2': True, 'concise': True, 'english': True} all_resolved=True n_resolved=5/5 tokens=(11805,612)
  N=5 real_musique_hop_00156_3hop1__617062_127905_46894 seed=1 arm=reflexion: per_fault={'hop0': True, 'hop1': True, 'hop2': True, 'concise': True, 'english': True} all_resolved=True n_resolved=5/5 tokens=(2024,466)
  N=5 real_musique_hop_00156_3hop1__617062_127905_46894 seed=1 arm=intro_specter: per_fault={'hop0': True, 'hop1': True, 'hop2': True, 'concise': True, 'english': True} all_resolved=True n_resolved=5/5 tokens=(4967,1554)
  N=5 real_musique_hop_00156_3hop1__617062_127905_46894 seed=2 arm=direct: per_fault={'hop0': True, 'hop1': False, 'hop2': True, 'concise': True, 'english': True} all_resolved=False n_resolved=4/5 tokens=(2024,291)
  N=5 real_musique_hop_00156_3hop1__617062_127905_46894 seed=2 arm=self_refine: per_fault={'hop0': False, 'hop1': False, 'hop2': True, 'concise': True, 'english': True} all_resolved=False n_resolved=3/5 tokens=(4440,646)
  N=5 real_musique_hop_00156_3hop1__617062_127905_46894 seed=2 arm=full_regen: per_fault={'hop0': False, 'hop1': False, 'hop2': False, 'concise': False, 'english': True} all_resolved=False n_resolved=1/5 tokens=(4048,577)
  N=5 real_musique_hop_00156_3hop1__617062_127905_46894 seed=2 arm=react: per_fault={'hop0': False, 'hop1': False, 'hop2': True, 'concise': True, 'english': True} all_resolved=False n_resolved=3/5 tokens=(4101,780)
  N=5 real_musique_hop_00156_3hop1__617062_127905_46894 seed=2 arm=selfcheckgpt: per_fault={'hop0': True, 'hop1': False, 'hop2': True, 'concise': True, 'english': True} all_resolved=False n_resolved=4/5 tokens=(11851,427)
  N=5 real_musique_hop_00156_3hop1__617062_127905_46894 seed=2 arm=reflexion: per_fault={'hop0': True, 'hop1': False, 'hop2': True, 'concise': True, 'english': True} all_resolved=False n_resolved=4/5 tokens=(2024,291)
  N=5 real_musique_hop_00156_3hop1__617062_127905_46894 seed=2 arm=intro_specter: per_fault={'hop0': True, 'hop1': False, 'hop2': True, 'concise': True, 'english': True} all_resolved=False n_resolved=4/5 tokens=(4594,601)
  N=5 real_musique_hop_00160_3hop1__617062_127905_80487 seed=0 arm=direct: per_fault={'hop0': True, 'hop1': True, 'hop2': True, 'bullets': True, 'preamble': True} all_resolved=True n_resolved=5/5 tokens=(1983,302)
  N=5 real_musique_hop_00160_3hop1__617062_127905_80487 seed=0 arm=self_refine: per_fault={'hop0': True, 'hop1': True, 'hop2': True, 'bullets': True, 'preamble': True} all_resolved=True n_resolved=5/5 tokens=(4398,796)
  N=5 real_musique_hop_00160_3hop1__617062_127905_80487 seed=0 arm=full_regen: per_fault={'hop0': True, 'hop1': True, 'hop2': True, 'bullets': True, 'preamble': True} all_resolved=True n_resolved=5/5 tokens=(3966,759)
  N=5 real_musique_hop_00160_3hop1__617062_127905_80487 seed=0 arm=react: per_fault={'hop0': True, 'hop1': True, 'hop2': False, 'bullets': True, 'preamble': True} all_resolved=False n_resolved=4/5 tokens=(4019,1135)
  N=5 real_musique_hop_00160_3hop1__617062_127905_80487 seed=0 arm=selfcheckgpt: per_fault={'hop0': True, 'hop1': True, 'hop2': True, 'bullets': True, 'preamble': True} all_resolved=True n_resolved=5/5 tokens=(11639,510)
  N=5 real_musique_hop_00160_3hop1__617062_127905_80487 seed=0 arm=reflexion: per_fault={'hop0': True, 'hop1': True, 'hop2': True, 'bullets': True, 'preamble': True} all_resolved=True n_resolved=5/5 tokens=(1983,302)
  N=5 real_musique_hop_00160_3hop1__617062_127905_80487 seed=0 arm=intro_specter: per_fault={'hop0': True, 'hop1': True, 'hop2': True, 'bullets': True, 'preamble': True} all_resolved=True n_resolved=5/5 tokens=(4552,624)
  N=5 real_musique_hop_00160_3hop1__617062_127905_80487 seed=1 arm=direct: per_fault={'hop0': True, 'hop1': True, 'hop2': True, 'bullets': True, 'preamble': True} all_resolved=True n_resolved=5/5 tokens=(1983,302)
  N=5 real_musique_hop_00160_3hop1__617062_127905_80487 seed=1 arm=self_refine: per_fault={'hop0': True, 'hop1': True, 'hop2': True, 'bullets': True, 'preamble': True} all_resolved=True n_resolved=5/5 tokens=(4398,796)
  N=5 real_musique_hop_00160_3hop1__617062_127905_80487 seed=1 arm=full_regen: per_fault={'hop0': True, 'hop1': False, 'hop2': True, 'bullets': True, 'preamble': True} all_resolved=False n_resolved=4/5 tokens=(3966,546)
  N=5 real_musique_hop_00160_3hop1__617062_127905_80487 seed=1 arm=react: per_fault={'hop0': True, 'hop1': True, 'hop2': False, 'bullets': True, 'preamble': True} all_resolved=False n_resolved=4/5 tokens=(4019,1135)
  N=5 real_musique_hop_00160_3hop1__617062_127905_80487 seed=1 arm=selfcheckgpt: per_fault={'hop0': True, 'hop1': True, 'hop2': True, 'bullets': True, 'preamble': True} all_resolved=True n_resolved=5/5 tokens=(11647,514)
  N=5 real_musique_hop_00160_3hop1__617062_127905_80487 seed=1 arm=reflexion: per_fault={'hop0': True, 'hop1': True, 'hop2': True, 'bullets': True, 'preamble': True} all_resolved=True n_resolved=5/5 tokens=(1983,302)
  N=5 real_musique_hop_00160_3hop1__617062_127905_80487 seed=1 arm=intro_specter: per_fault={'hop0': True, 'hop1': True, 'hop2': True, 'bullets': True, 'preamble': True} all_resolved=True n_resolved=5/5 tokens=(4552,624)
  N=5 real_musique_hop_00160_3hop1__617062_127905_80487 seed=2 arm=direct: per_fault={'hop0': True, 'hop1': True, 'hop2': True, 'bullets': True, 'preamble': True} all_resolved=True n_resolved=5/5 tokens=(1983,417)
  N=5 real_musique_hop_00160_3hop1__617062_127905_80487 seed=2 arm=self_refine: per_fault={'hop0': True, 'hop1': True, 'hop2': True, 'bullets': True, 'preamble': True} all_resolved=True n_resolved=5/5 tokens=(4597,1114)
  N=5 real_musique_hop_00160_3hop1__617062_127905_80487 seed=2 arm=full_regen: per_fault={'hop0': True, 'hop1': True, 'hop2': True, 'bullets': True, 'preamble': True} all_resolved=True n_resolved=5/5 tokens=(3966,873)
  N=5 real_musique_hop_00160_3hop1__617062_127905_80487 seed=2 arm=react: per_fault={'hop0': True, 'hop1': True, 'hop2': False, 'bullets': True, 'preamble': True} all_resolved=False n_resolved=4/5 tokens=(4019,1299)
  N=5 real_musique_hop_00160_3hop1__617062_127905_80487 seed=2 arm=selfcheckgpt: per_fault={'hop0': True, 'hop1': True, 'hop2': True, 'bullets': True, 'preamble': True} all_resolved=True n_resolved=5/5 tokens=(11645,630)
  N=5 real_musique_hop_00160_3hop1__617062_127905_80487 seed=2 arm=reflexion: per_fault={'hop0': True, 'hop1': True, 'hop2': True, 'bullets': True, 'preamble': True} all_resolved=True n_resolved=5/5 tokens=(1983,417)
  N=5 real_musique_hop_00160_3hop1__617062_127905_80487 seed=2 arm=intro_specter: per_fault={'hop0': True, 'hop1': True, 'hop2': True, 'bullets': True, 'preamble': True} all_resolved=True n_resolved=5/5 tokens=(4751,1251)
  N=5 real_musique_hop_00169_3hop1__389069_132457_47686 seed=0 arm=direct: per_fault={'hop0': True, 'hop1': True, 'hop2': True, 'concise': True, 'preamble': True} all_resolved=True n_resolved=5/5 tokens=(1955,208)
  N=5 real_musique_hop_00169_3hop1__389069_132457_47686 seed=0 arm=self_refine: per_fault={'hop0': True, 'hop1': True, 'hop2': True, 'concise': False, 'preamble': True} all_resolved=False n_resolved=4/5 tokens=(4220,632)
  N=5 real_musique_hop_00169_3hop1__389069_132457_47686 seed=0 arm=full_regen: per_fault={'hop0': False, 'hop1': True, 'hop2': True, 'concise': True, 'preamble': True} all_resolved=False n_resolved=4/5 tokens=(3910,394)
  N=5 real_musique_hop_00169_3hop1__389069_132457_47686 seed=0 arm=react: per_fault={'hop0': True, 'hop1': True, 'hop2': True, 'concise': True, 'preamble': True} all_resolved=True n_resolved=5/5 tokens=(3963,949)
  N=5 real_musique_hop_00169_3hop1__389069_132457_47686 seed=0 arm=selfcheckgpt: per_fault={'hop0': True, 'hop1': True, 'hop2': True, 'concise': True, 'preamble': True} all_resolved=True n_resolved=5/5 tokens=(11340,301)
  N=5 real_musique_hop_00169_3hop1__389069_132457_47686 seed=0 arm=reflexion: per_fault={'hop0': True, 'hop1': True, 'hop2': True, 'concise': True, 'preamble': True} all_resolved=True n_resolved=5/5 tokens=(1955,208)
  N=5 real_musique_hop_00169_3hop1__389069_132457_47686 seed=0 arm=intro_specter: per_fault={'hop0': True, 'hop1': True, 'hop2': True, 'concise': True, 'preamble': True} all_resolved=True n_resolved=5/5 tokens=(4374,593)
  N=5 real_musique_hop_00169_3hop1__389069_132457_47686 seed=1 arm=direct: per_fault={'hop0': True, 'hop1': True, 'hop2': True, 'concise': True, 'preamble': True} all_resolved=True n_resolved=5/5 tokens=(1955,208)
  N=5 real_musique_hop_00169_3hop1__389069_132457_47686 seed=1 arm=self_refine: per_fault={'hop0': True, 'hop1': True, 'hop2': True, 'concise': False, 'preamble': True} all_resolved=False n_resolved=4/5 tokens=(4220,632)
  N=5 real_musique_hop_00169_3hop1__389069_132457_47686 seed=1 arm=full_regen: per_fault={'hop0': True, 'hop1': True, 'hop2': True, 'concise': True, 'preamble': True} all_resolved=True n_resolved=5/5 tokens=(3910,467)
  N=5 real_musique_hop_00169_3hop1__389069_132457_47686 seed=1 arm=react: per_fault={'hop0': True, 'hop1': True, 'hop2': True, 'concise': True, 'preamble': True} all_resolved=True n_resolved=5/5 tokens=(3963,949)
  N=5 real_musique_hop_00169_3hop1__389069_132457_47686 seed=1 arm=selfcheckgpt: per_fault={'hop0': True, 'hop1': True, 'hop2': True, 'concise': True, 'preamble': True} all_resolved=True n_resolved=5/5 tokens=(11340,301)
  N=5 real_musique_hop_00169_3hop1__389069_132457_47686 seed=1 arm=reflexion: per_fault={'hop0': True, 'hop1': True, 'hop2': True, 'concise': True, 'preamble': True} all_resolved=True n_resolved=5/5 tokens=(1955,208)
  N=5 real_musique_hop_00169_3hop1__389069_132457_47686 seed=1 arm=intro_specter: per_fault={'hop0': True, 'hop1': True, 'hop2': True, 'concise': True, 'preamble': True} all_resolved=True n_resolved=5/5 tokens=(4374,593)
  N=5 real_musique_hop_00169_3hop1__389069_132457_47686 seed=2 arm=direct: per_fault={'hop0': True, 'hop1': True, 'hop2': True, 'concise': True, 'preamble': True} all_resolved=True n_resolved=5/5 tokens=(1955,209)
  N=5 real_musique_hop_00169_3hop1__389069_132457_47686 seed=2 arm=self_refine: per_fault={'hop0': True, 'hop1': True, 'hop2': True, 'concise': True, 'preamble': True} all_resolved=True n_resolved=5/5 tokens=(4221,464)
  N=5 real_musique_hop_00169_3hop1__389069_132457_47686 seed=2 arm=full_regen: per_fault={'hop0': True, 'hop1': True, 'hop2': True, 'concise': True, 'preamble': True} all_resolved=True n_resolved=5/5 tokens=(3910,369)
  N=5 real_musique_hop_00169_3hop1__389069_132457_47686 seed=2 arm=react: per_fault={'hop0': True, 'hop1': True, 'hop2': True, 'concise': True, 'preamble': True} all_resolved=True n_resolved=5/5 tokens=(3963,774)
  N=5 real_musique_hop_00169_3hop1__389069_132457_47686 seed=2 arm=selfcheckgpt: per_fault={'hop0': True, 'hop1': True, 'hop2': True, 'concise': True, 'preamble': True} all_resolved=True n_resolved=5/5 tokens=(11340,302)
  N=5 real_musique_hop_00169_3hop1__389069_132457_47686 seed=2 arm=reflexion: per_fault={'hop0': True, 'hop1': True, 'hop2': True, 'concise': True, 'preamble': True} all_resolved=True n_resolved=5/5 tokens=(1955,209)
  N=5 real_musique_hop_00169_3hop1__389069_132457_47686 seed=2 arm=intro_specter: per_fault={'hop0': True, 'hop1': True, 'hop2': True, 'concise': True, 'preamble': True} all_resolved=True n_resolved=5/5 tokens=(4375,592)
  N=5 real_musique_hop_00182_3hop1__506062_792411_51423 seed=0 arm=direct: per_fault={'hop0': False, 'hop1': False, 'hop2': True, 'concise': True, 'preamble': True} all_resolved=False n_resolved=3/5 tokens=(2001,188)
  N=5 real_musique_hop_00182_3hop1__506062_792411_51423 seed=0 arm=self_refine: per_fault={'hop0': False, 'hop1': False, 'hop2': True, 'concise': True, 'preamble': True} all_resolved=False n_resolved=3/5 tokens=(4292,533)
  N=5 real_musique_hop_00182_3hop1__506062_792411_51423 seed=0 arm=full_regen: per_fault={'hop0': True, 'hop1': True, 'hop2': True, 'concise': True, 'preamble': True} all_resolved=True n_resolved=5/5 tokens=(4002,533)
  N=5 real_musique_hop_00182_3hop1__506062_792411_51423 seed=0 arm=react: per_fault={'hop0': True, 'hop1': True, 'hop2': True, 'concise': True, 'preamble': True} all_resolved=True n_resolved=5/5 tokens=(4055,850)
  N=5 real_musique_hop_00182_3hop1__506062_792411_51423 seed=0 arm=selfcheckgpt: per_fault={'hop0': False, 'hop1': False, 'hop2': True, 'concise': True, 'preamble': True} all_resolved=False n_resolved=3/5 tokens=(11616,286)
  N=5 real_musique_hop_00182_3hop1__506062_792411_51423 seed=0 arm=reflexion: per_fault={'hop0': False, 'hop1': False, 'hop2': True, 'concise': True, 'preamble': True} all_resolved=False n_resolved=3/5 tokens=(2001,188)
  N=5 real_musique_hop_00182_3hop1__506062_792411_51423 seed=0 arm=intro_specter: per_fault={'hop0': False, 'hop1': False, 'hop2': True, 'concise': True, 'preamble': True} all_resolved=False n_resolved=3/5 tokens=(4446,570)
  N=5 real_musique_hop_00182_3hop1__506062_792411_51423 seed=1 arm=direct: per_fault={'hop0': False, 'hop1': False, 'hop2': True, 'concise': True, 'preamble': True} all_resolved=False n_resolved=3/5 tokens=(2001,188)
  N=5 real_musique_hop_00182_3hop1__506062_792411_51423 seed=1 arm=self_refine: per_fault={'hop0': False, 'hop1': False, 'hop2': True, 'concise': True, 'preamble': True} all_resolved=False n_resolved=3/5 tokens=(4292,533)
  N=5 real_musique_hop_00182_3hop1__506062_792411_51423 seed=1 arm=full_regen: per_fault={'hop0': True, 'hop1': True, 'hop2': True, 'concise': True, 'preamble': True} all_resolved=True n_resolved=5/5 tokens=(4002,535)
  N=5 real_musique_hop_00182_3hop1__506062_792411_51423 seed=1 arm=react: per_fault={'hop0': True, 'hop1': True, 'hop2': True, 'concise': True, 'preamble': True} all_resolved=True n_resolved=5/5 tokens=(4055,850)
  N=5 real_musique_hop_00182_3hop1__506062_792411_51423 seed=1 arm=selfcheckgpt: per_fault={'hop0': False, 'hop1': False, 'hop2': True, 'concise': True, 'preamble': True} all_resolved=False n_resolved=3/5 tokens=(11616,286)
  N=5 real_musique_hop_00182_3hop1__506062_792411_51423 seed=1 arm=reflexion: per_fault={'hop0': False, 'hop1': False, 'hop2': True, 'concise': True, 'preamble': True} all_resolved=False n_resolved=3/5 tokens=(2001,188)
  N=5 real_musique_hop_00182_3hop1__506062_792411_51423 seed=1 arm=intro_specter: per_fault={'hop0': False, 'hop1': False, 'hop2': True, 'concise': True, 'preamble': True} all_resolved=False n_resolved=3/5 tokens=(4446,570)
  N=5 real_musique_hop_00182_3hop1__506062_792411_51423 seed=2 arm=direct: per_fault={'hop0': True, 'hop1': True, 'hop2': True, 'concise': True, 'preamble': True} all_resolved=True n_resolved=5/5 tokens=(2001,284)
  N=5 real_musique_hop_00182_3hop1__506062_792411_51423 seed=2 arm=self_refine: per_fault={'hop0': False, 'hop1': True, 'hop2': True, 'concise': True, 'preamble': True} all_resolved=False n_resolved=4/5 tokens=(4416,525)
  N=5 real_musique_hop_00182_3hop1__506062_792411_51423 seed=2 arm=full_regen: per_fault={'hop0': True, 'hop1': True, 'hop2': True, 'concise': True, 'preamble': True} all_resolved=True n_resolved=5/5 tokens=(4002,594)
  N=5 real_musique_hop_00182_3hop1__506062_792411_51423 seed=2 arm=react: per_fault={'hop0': True, 'hop1': True, 'hop2': True, 'concise': True, 'preamble': True} all_resolved=True n_resolved=5/5 tokens=(4055,1171)
  N=5 real_musique_hop_00182_3hop1__506062_792411_51423 seed=2 arm=selfcheckgpt: per_fault={'hop0': True, 'hop1': True, 'hop2': True, 'concise': True, 'preamble': True} all_resolved=True n_resolved=5/5 tokens=(11616,382)
  N=5 real_musique_hop_00182_3hop1__506062_792411_51423 seed=2 arm=reflexion: per_fault={'hop0': True, 'hop1': True, 'hop2': True, 'concise': True, 'preamble': True} all_resolved=True n_resolved=5/5 tokens=(2001,284)
  N=5 real_musique_hop_00182_3hop1__506062_792411_51423 seed=2 arm=intro_specter: per_fault={'hop0': True, 'hop1': True, 'hop2': True, 'concise': True, 'preamble': True} all_resolved=True n_resolved=5/5 tokens=(4570,857)
  N=5 real_musique_hop_00187_3hop1__305566_568433_47686 seed=0 arm=direct: per_fault={'hop0': True, 'hop1': False, 'hop2': False, 'concise': True, 'english': True} all_resolved=False n_resolved=3/5 tokens=(1891,492)
  N=5 real_musique_hop_00187_3hop1__305566_568433_47686 seed=0 arm=self_refine: per_fault={'hop0': True, 'hop1': False, 'hop2': False, 'concise': True, 'english': True} all_resolved=False n_resolved=3/5 tokens=(4425,1054)
  N=5 real_musique_hop_00187_3hop1__305566_568433_47686 seed=0 arm=full_regen: per_fault={'hop0': True, 'hop1': True, 'hop2': True, 'concise': True, 'english': True} all_resolved=True n_resolved=5/5 tokens=(3782,787)
  N=5 real_musique_hop_00187_3hop1__305566_568433_47686 seed=0 arm=react: per_fault={'hop0': True, 'hop1': True, 'hop2': True, 'concise': False, 'english': True} all_resolved=False n_resolved=4/5 tokens=(3835,1476)
  N=5 real_musique_hop_00187_3hop1__305566_568433_47686 seed=0 arm=selfcheckgpt: per_fault={'hop0': True, 'hop1': False, 'hop2': False, 'concise': True, 'english': True} all_resolved=False n_resolved=3/5 tokens=(11055,689)
  N=5 real_musique_hop_00187_3hop1__305566_568433_47686 seed=0 arm=reflexion: per_fault={'hop0': True, 'hop1': False, 'hop2': False, 'concise': True, 'english': True} all_resolved=False n_resolved=3/5 tokens=(12856,1997)
  N=5 real_musique_hop_00187_3hop1__305566_568433_47686 seed=0 arm=intro_specter: per_fault={'hop0': True, 'hop1': True, 'hop2': True, 'concise': True, 'english': True} all_resolved=True n_resolved=5/5 tokens=(4579,1288)
  N=5 real_musique_hop_00187_3hop1__305566_568433_47686 seed=1 arm=direct: per_fault={'hop0': True, 'hop1': False, 'hop2': False, 'concise': True, 'english': True} all_resolved=False n_resolved=3/5 tokens=(1891,492)
  N=5 real_musique_hop_00187_3hop1__305566_568433_47686 seed=1 arm=self_refine: per_fault={'hop0': True, 'hop1': False, 'hop2': False, 'concise': True, 'english': True} all_resolved=False n_resolved=3/5 tokens=(4425,1054)
  N=5 real_musique_hop_00187_3hop1__305566_568433_47686 seed=1 arm=full_regen: per_fault={'hop0': True, 'hop1': False, 'hop2': False, 'concise': True, 'english': True} all_resolved=False n_resolved=3/5 tokens=(3782,921)
  N=5 real_musique_hop_00187_3hop1__305566_568433_47686 seed=1 arm=react: per_fault={'hop0': True, 'hop1': True, 'hop2': True, 'concise': False, 'english': True} all_resolved=False n_resolved=4/5 tokens=(3835,1476)
  N=5 real_musique_hop_00187_3hop1__305566_568433_47686 seed=1 arm=selfcheckgpt: per_fault={'hop0': True, 'hop1': False, 'hop2': False, 'concise': True, 'english': True} all_resolved=False n_resolved=3/5 tokens=(11091,719)
  N=5 real_musique_hop_00187_3hop1__305566_568433_47686 seed=1 arm=reflexion: per_fault={'hop0': True, 'hop1': False, 'hop2': False, 'concise': True, 'english': True} all_resolved=False n_resolved=3/5 tokens=(12856,1997)
  N=5 real_musique_hop_00187_3hop1__305566_568433_47686 seed=1 arm=intro_specter: per_fault={'hop0': True, 'hop1': True, 'hop2': True, 'concise': True, 'english': True} all_resolved=True n_resolved=5/5 tokens=(4579,1288)
  N=5 real_musique_hop_00187_3hop1__305566_568433_47686 seed=2 arm=direct: per_fault={'hop0': True, 'hop1': False, 'hop2': False, 'concise': True, 'english': True} all_resolved=False n_resolved=3/5 tokens=(1891,365)
  N=5 real_musique_hop_00187_3hop1__305566_568433_47686 seed=2 arm=self_refine: per_fault={'hop0': True, 'hop1': False, 'hop2': False, 'concise': True, 'english': True} all_resolved=False n_resolved=3/5 tokens=(4258,923)
  N=5 real_musique_hop_00187_3hop1__305566_568433_47686 seed=2 arm=full_regen: per_fault={'hop0': True, 'hop1': False, 'hop2': False, 'concise': True, 'english': True} all_resolved=False n_resolved=3/5 tokens=(3782,663)
  N=5 real_musique_hop_00187_3hop1__305566_568433_47686 seed=2 arm=react: per_fault={'hop0': False, 'hop1': True, 'hop2': True, 'concise': True, 'english': True} all_resolved=False n_resolved=4/5 tokens=(3835,737)
  N=5 real_musique_hop_00187_3hop1__305566_568433_47686 seed=2 arm=selfcheckgpt: per_fault={'hop0': True, 'hop1': False, 'hop2': False, 'concise': True, 'english': True} all_resolved=False n_resolved=3/5 tokens=(11067,574)
  N=5 real_musique_hop_00187_3hop1__305566_568433_47686 seed=2 arm=reflexion: per_fault={'hop0': True, 'hop1': False, 'hop2': False, 'concise': True, 'english': True} all_resolved=False n_resolved=3/5 tokens=(11945,1465)
  N=5 real_musique_hop_00187_3hop1__305566_568433_47686 seed=2 arm=intro_specter: per_fault={'hop0': True, 'hop1': False, 'hop2': False, 'concise': True, 'english': True} all_resolved=False n_resolved=3/5 tokens=(4412,842)
  N=5 real_musique_hop_00192_3hop1__38738_73181_68042 seed=0 arm=direct: per_fault={'hop0': True, 'hop1': True, 'hop2': True, 'bullets': True, 'preamble': True} all_resolved=True n_resolved=5/5 tokens=(1802,508)
  N=5 real_musique_hop_00192_3hop1__38738_73181_68042 seed=0 arm=self_refine: per_fault={'hop0': True, 'hop1': True, 'hop2': True, 'bullets': True, 'preamble': True} all_resolved=True n_resolved=5/5 tokens=(4248,995)
  N=5 real_musique_hop_00192_3hop1__38738_73181_68042 seed=0 arm=full_regen: per_fault={'hop0': True, 'hop1': True, 'hop2': True, 'bullets': True, 'preamble': True} all_resolved=True n_resolved=5/5 tokens=(3604,946)
  N=5 real_musique_hop_00192_3hop1__38738_73181_68042 seed=0 arm=react: per_fault={'hop0': False, 'hop1': False, 'hop2': True, 'bullets': True, 'preamble': True} all_resolved=False n_resolved=3/5 tokens=(3657,1069)
  N=5 real_musique_hop_00192_3hop1__38738_73181_68042 seed=0 arm=selfcheckgpt: per_fault={'hop0': True, 'hop1': True, 'hop2': True, 'bullets': True, 'preamble': True} all_resolved=True n_resolved=5/5 tokens=(10475,628)
  N=5 real_musique_hop_00192_3hop1__38738_73181_68042 seed=0 arm=reflexion: per_fault={'hop0': True, 'hop1': True, 'hop2': True, 'bullets': True, 'preamble': True} all_resolved=True n_resolved=5/5 tokens=(1802,508)
  N=5 real_musique_hop_00192_3hop1__38738_73181_68042 seed=0 arm=intro_specter: per_fault={'hop0': True, 'hop1': True, 'hop2': True, 'bullets': True, 'preamble': True} all_resolved=True n_resolved=5/5 tokens=(4402,1094)
  N=5 real_musique_hop_00192_3hop1__38738_73181_68042 seed=1 arm=direct: per_fault={'hop0': True, 'hop1': True, 'hop2': True, 'bullets': True, 'preamble': True} all_resolved=True n_resolved=5/5 tokens=(1802,508)
  N=5 real_musique_hop_00192_3hop1__38738_73181_68042 seed=1 arm=self_refine: per_fault={'hop0': True, 'hop1': True, 'hop2': True, 'bullets': True, 'preamble': True} all_resolved=True n_resolved=5/5 tokens=(4248,995)
  N=5 real_musique_hop_00192_3hop1__38738_73181_68042 seed=1 arm=full_regen: per_fault={'hop0': False, 'hop1': False, 'hop2': True, 'bullets': True, 'preamble': True} all_resolved=False n_resolved=3/5 tokens=(3604,681)
  N=5 real_musique_hop_00192_3hop1__38738_73181_68042 seed=1 arm=react: per_fault={'hop0': False, 'hop1': False, 'hop2': True, 'bullets': True, 'preamble': True} all_resolved=False n_resolved=3/5 tokens=(3657,1069)
  N=5 real_musique_hop_00192_3hop1__38738_73181_68042 seed=1 arm=selfcheckgpt: per_fault={'hop0': True, 'hop1': True, 'hop2': True, 'bullets': True, 'preamble': True} all_resolved=True n_resolved=5/5 tokens=(10475,627)
  N=5 real_musique_hop_00192_3hop1__38738_73181_68042 seed=1 arm=reflexion: per_fault={'hop0': True, 'hop1': True, 'hop2': True, 'bullets': True, 'preamble': True} all_resolved=True n_resolved=5/5 tokens=(1802,508)
  N=5 real_musique_hop_00192_3hop1__38738_73181_68042 seed=1 arm=intro_specter: per_fault={'hop0': True, 'hop1': True, 'hop2': True, 'bullets': True, 'preamble': True} all_resolved=True n_resolved=5/5 tokens=(4402,1094)
  N=5 real_musique_hop_00192_3hop1__38738_73181_68042 seed=2 arm=direct: per_fault={'hop0': False, 'hop1': True, 'hop2': True, 'bullets': True, 'preamble': True} all_resolved=False n_resolved=4/5 tokens=(1802,276)
  N=5 real_musique_hop_00192_3hop1__38738_73181_68042 seed=2 arm=self_refine: per_fault={'hop0': False, 'hop1': True, 'hop2': True, 'bullets': True, 'preamble': True} all_resolved=False n_resolved=4/5 tokens=(4008,764)
  N=5 real_musique_hop_00192_3hop1__38738_73181_68042 seed=2 arm=full_regen: per_fault={'hop0': True, 'hop1': True, 'hop2': True, 'bullets': True, 'preamble': True} all_resolved=True n_resolved=5/5 tokens=(3604,711)
  N=5 real_musique_hop_00192_3hop1__38738_73181_68042 seed=2 arm=react: per_fault={'hop0': False, 'hop1': False, 'hop2': True, 'bullets': True, 'preamble': True} all_resolved=False n_resolved=3/5 tokens=(3657,856)
  N=5 real_musique_hop_00192_3hop1__38738_73181_68042 seed=2 arm=selfcheckgpt: per_fault={'hop0': False, 'hop1': True, 'hop2': True, 'bullets': True, 'preamble': True} all_resolved=False n_resolved=4/5 tokens=(10446,388)
  N=5 real_musique_hop_00192_3hop1__38738_73181_68042 seed=2 arm=reflexion: per_fault={'hop0': False, 'hop1': True, 'hop2': True, 'bullets': True, 'preamble': True} all_resolved=False n_resolved=4/5 tokens=(1802,276)
  N=5 real_musique_hop_00192_3hop1__38738_73181_68042 seed=2 arm=intro_specter: per_fault={'hop0': False, 'hop1': True, 'hop2': True, 'bullets': True, 'preamble': True} all_resolved=False n_resolved=4/5 tokens=(4162,844)
  N=5 real_musique_hop_00194_3hop1__671542_665330_51423 seed=0 arm=direct: per_fault={'hop0': False, 'hop1': False, 'hop2': True, 'concise': True, 'preamble': True} all_resolved=False n_resolved=3/5 tokens=(1763,59)
  N=5 real_musique_hop_00194_3hop1__671542_665330_51423 seed=0 arm=self_refine: per_fault={'hop0': True, 'hop1': True, 'hop2': True, 'concise': False, 'preamble': True} all_resolved=False n_resolved=4/5 tokens=(3603,490)
  N=5 real_musique_hop_00194_3hop1__671542_665330_51423 seed=0 arm=full_regen: per_fault={'hop0': False, 'hop1': False, 'hop2': True, 'concise': True, 'preamble': True} all_resolved=False n_resolved=3/5 tokens=(3526,266)
  N=5 real_musique_hop_00194_3hop1__671542_665330_51423 seed=0 arm=react: per_fault={'hop0': True, 'hop1': True, 'hop2': True, 'concise': True, 'preamble': True} all_resolved=True n_resolved=5/5 tokens=(3579,542)
  N=5 real_musique_hop_00194_3hop1__671542_665330_51423 seed=0 arm=selfcheckgpt: per_fault={'hop0': False, 'hop1': False, 'hop2': True, 'concise': True, 'preamble': True} all_resolved=False n_resolved=3/5 tokens=(10188,157)
  N=5 real_musique_hop_00194_3hop1__671542_665330_51423 seed=0 arm=reflexion: per_fault={'hop0': False, 'hop1': False, 'hop2': True, 'concise': True, 'preamble': True} all_resolved=False n_resolved=3/5 tokens=(1763,59)
  N=5 real_musique_hop_00194_3hop1__671542_665330_51423 seed=0 arm=intro_specter: per_fault={'hop0': False, 'hop1': False, 'hop2': True, 'concise': True, 'preamble': True} all_resolved=False n_resolved=3/5 tokens=(3757,248)
  N=5 real_musique_hop_00194_3hop1__671542_665330_51423 seed=1 arm=direct: per_fault={'hop0': False, 'hop1': False, 'hop2': True, 'concise': True, 'preamble': True} all_resolved=False n_resolved=3/5 tokens=(1763,59)
  N=5 real_musique_hop_00194_3hop1__671542_665330_51423 seed=1 arm=self_refine: per_fault={'hop0': True, 'hop1': True, 'hop2': True, 'concise': False, 'preamble': True} all_resolved=False n_resolved=4/5 tokens=(3603,490)
  N=5 real_musique_hop_00194_3hop1__671542_665330_51423 seed=1 arm=full_regen: per_fault={'hop0': True, 'hop1': True, 'hop2': True, 'concise': True, 'preamble': True} all_resolved=True n_resolved=5/5 tokens=(3526,608)
  N=5 real_musique_hop_00194_3hop1__671542_665330_51423 seed=1 arm=react: per_fault={'hop0': True, 'hop1': True, 'hop2': True, 'concise': True, 'preamble': True} all_resolved=True n_resolved=5/5 tokens=(3579,542)
  N=5 real_musique_hop_00194_3hop1__671542_665330_51423 seed=1 arm=selfcheckgpt: per_fault={'hop0': False, 'hop1': False, 'hop2': True, 'concise': True, 'preamble': True} all_resolved=False n_resolved=3/5 tokens=(10188,157)
  N=5 real_musique_hop_00194_3hop1__671542_665330_51423 seed=1 arm=reflexion: per_fault={'hop0': False, 'hop1': False, 'hop2': True, 'concise': True, 'preamble': True} all_resolved=False n_resolved=3/5 tokens=(1763,59)
  N=5 real_musique_hop_00194_3hop1__671542_665330_51423 seed=1 arm=intro_specter: per_fault={'hop0': False, 'hop1': False, 'hop2': True, 'concise': True, 'preamble': True} all_resolved=False n_resolved=3/5 tokens=(3757,248)
  N=5 real_musique_hop_00194_3hop1__671542_665330_51423 seed=2 arm=direct: per_fault={'hop0': True, 'hop1': True, 'hop2': True, 'concise': True, 'preamble': True} all_resolved=True n_resolved=5/5 tokens=(1763,296)
  N=5 real_musique_hop_00194_3hop1__671542_665330_51423 seed=2 arm=self_refine: per_fault={'hop0': True, 'hop1': True, 'hop2': True, 'concise': True, 'preamble': True} all_resolved=True n_resolved=5/5 tokens=(3918,657)
  N=5 real_musique_hop_00194_3hop1__671542_665330_51423 seed=2 arm=full_regen: per_fault={'hop0': True, 'hop1': True, 'hop2': True, 'concise': True, 'preamble': True} all_resolved=True n_resolved=5/5 tokens=(3526,568)
  N=5 real_musique_hop_00194_3hop1__671542_665330_51423 seed=2 arm=react: per_fault={'hop0': True, 'hop1': True, 'hop2': True, 'concise': True, 'preamble': True} all_resolved=True n_resolved=5/5 tokens=(3579,840)
  N=5 real_musique_hop_00194_3hop1__671542_665330_51423 seed=2 arm=selfcheckgpt: per_fault={'hop0': True, 'hop1': True, 'hop2': True, 'concise': True, 'preamble': True} all_resolved=True n_resolved=5/5 tokens=(10188,394)
  N=5 real_musique_hop_00194_3hop1__671542_665330_51423 seed=2 arm=reflexion: per_fault={'hop0': True, 'hop1': True, 'hop2': True, 'concise': True, 'preamble': True} all_resolved=True n_resolved=5/5 tokens=(1763,296)
  N=5 real_musique_hop_00194_3hop1__671542_665330_51423 seed=2 arm=intro_specter: per_fault={'hop0': True, 'hop1': True, 'hop2': True, 'concise': True, 'preamble': True} all_resolved=True n_resolved=5/5 tokens=(4072,691)
  N=5 real_musique_hop_00197_3hop2__89854_38738_76291 seed=0 arm=direct: per_fault={'hop0': False, 'hop1': False, 'hop2': True, 'bullets': True, 'concise': False} all_resolved=False n_resolved=2/5 tokens=(1894,401)
  N=5 real_musique_hop_00197_3hop2__89854_38738_76291 seed=0 arm=self_refine: per_fault={'hop0': False, 'hop1': False, 'hop2': True, 'bullets': True, 'concise': False} all_resolved=False n_resolved=2/5 tokens=(4373,1069)
  N=5 real_musique_hop_00197_3hop2__89854_38738_76291 seed=0 arm=full_regen: per_fault={'hop0': True, 'hop1': False, 'hop2': True, 'bullets': True, 'concise': False} all_resolved=False n_resolved=3/5 tokens=(3788,850)
  N=5 real_musique_hop_00197_3hop2__89854_38738_76291 seed=0 arm=react: per_fault={'hop0': True, 'hop1': False, 'hop2': True, 'bullets': True, 'concise': True} all_resolved=False n_resolved=4/5 tokens=(3841,1018)
  N=5 real_musique_hop_00197_3hop2__89854_38738_76291 seed=0 arm=selfcheckgpt: per_fault={'hop0': False, 'hop1': False, 'hop2': True, 'bullets': True, 'concise': False} all_resolved=False n_resolved=2/5 tokens=(11127,652)
  N=5 real_musique_hop_00197_3hop2__89854_38738_76291 seed=0 arm=reflexion: per_fault={'hop0': False, 'hop1': False, 'hop2': True, 'bullets': True, 'concise': False} all_resolved=False n_resolved=2/5 tokens=(1894,401)
  N=5 real_musique_hop_00197_3hop2__89854_38738_76291 seed=0 arm=intro_specter: per_fault={'hop0': False, 'hop1': False, 'hop2': True, 'bullets': True, 'concise': False} all_resolved=False n_resolved=2/5 tokens=(4527,1163)
  N=5 real_musique_hop_00197_3hop2__89854_38738_76291 seed=1 arm=direct: per_fault={'hop0': False, 'hop1': False, 'hop2': True, 'bullets': True, 'concise': False} all_resolved=False n_resolved=2/5 tokens=(1894,401)
  N=5 real_musique_hop_00197_3hop2__89854_38738_76291 seed=1 arm=self_refine: per_fault={'hop0': False, 'hop1': False, 'hop2': True, 'bullets': True, 'concise': False} all_resolved=False n_resolved=2/5 tokens=(4373,1069)
  N=5 real_musique_hop_00197_3hop2__89854_38738_76291 seed=1 arm=full_regen: per_fault={'hop0': True, 'hop1': True, 'hop2': True, 'bullets': True, 'concise': True} all_resolved=True n_resolved=5/5 tokens=(3788,906)
  N=5 real_musique_hop_00197_3hop2__89854_38738_76291 seed=1 arm=react: per_fault={'hop0': True, 'hop1': False, 'hop2': True, 'bullets': True, 'concise': True} all_resolved=False n_resolved=4/5 tokens=(3841,1018)
  N=5 real_musique_hop_00197_3hop2__89854_38738_76291 seed=1 arm=selfcheckgpt: per_fault={'hop0': False, 'hop1': False, 'hop2': True, 'bullets': True, 'concise': False} all_resolved=False n_resolved=2/5 tokens=(11083,609)
  N=5 real_musique_hop_00197_3hop2__89854_38738_76291 seed=1 arm=reflexion: per_fault={'hop0': False, 'hop1': False, 'hop2': True, 'bullets': True, 'concise': False} all_resolved=False n_resolved=2/5 tokens=(1894,401)
  N=5 real_musique_hop_00197_3hop2__89854_38738_76291 seed=1 arm=intro_specter: per_fault={'hop0': False, 'hop1': False, 'hop2': True, 'bullets': True, 'concise': False} all_resolved=False n_resolved=2/5 tokens=(4527,1163)
  N=5 real_musique_hop_00197_3hop2__89854_38738_76291 seed=2 arm=direct: per_fault={'hop0': False, 'hop1': False, 'hop2': True, 'bullets': True, 'concise': False} all_resolved=False n_resolved=2/5 tokens=(1894,385)
  N=5 real_musique_hop_00197_3hop2__89854_38738_76291 seed=2 arm=self_refine: per_fault={'hop0': False, 'hop1': False, 'hop2': True, 'bullets': True, 'concise': False} all_resolved=False n_resolved=2/5 tokens=(4329,985)
  N=5 real_musique_hop_00197_3hop2__89854_38738_76291 seed=2 arm=full_regen: per_fault={'hop0': True, 'hop1': False, 'hop2': True, 'bullets': True, 'concise': False} all_resolved=False n_resolved=3/5 tokens=(3788,829)
  N=5 real_musique_hop_00197_3hop2__89854_38738_76291 seed=2 arm=react: per_fault={'hop0': False, 'hop1': False, 'hop2': True, 'bullets': True, 'concise': False} all_resolved=False n_resolved=2/5 tokens=(3841,909)
  N=5 real_musique_hop_00197_3hop2__89854_38738_76291 seed=2 arm=selfcheckgpt: per_fault={'hop0': False, 'hop1': False, 'hop2': True, 'bullets': True, 'concise': False} all_resolved=False n_resolved=2/5 tokens=(11113,623)
  N=5 real_musique_hop_00197_3hop2__89854_38738_76291 seed=2 arm=reflexion: per_fault={'hop0': False, 'hop1': False, 'hop2': True, 'bullets': True, 'concise': False} all_resolved=False n_resolved=2/5 tokens=(1894,385)
  N=5 real_musique_hop_00197_3hop2__89854_38738_76291 seed=2 arm=intro_specter: per_fault={'hop0': False, 'hop1': False, 'hop2': True, 'bullets': True, 'concise': False} all_resolved=False n_resolved=2/5 tokens=(4483,1007)
  N=5 real_musique_hop_00210_3hop1__90327_73181_68042 seed=0 arm=direct: per_fault={'hop0': True, 'hop1': True, 'hop2': True, 'bullets': True, 'preamble': True} all_resolved=True n_resolved=5/5 tokens=(1822,401)
  N=5 real_musique_hop_00210_3hop1__90327_73181_68042 seed=0 arm=self_refine: per_fault={'hop0': True, 'hop1': True, 'hop2': True, 'bullets': True, 'preamble': True} all_resolved=True n_resolved=5/5 tokens=(4160,770)
  N=5 real_musique_hop_00210_3hop1__90327_73181_68042 seed=0 arm=full_regen: per_fault={'hop0': True, 'hop1': False, 'hop2': True, 'bullets': True, 'preamble': True} all_resolved=False n_resolved=4/5 tokens=(3644,717)
  N=5 real_musique_hop_00210_3hop1__90327_73181_68042 seed=0 arm=react: per_fault={'hop0': False, 'hop1': False, 'hop2': True, 'bullets': True, 'preamble': True} all_resolved=False n_resolved=3/5 tokens=(3697,1053)
  N=5 real_musique_hop_00210_3hop1__90327_73181_68042 seed=0 arm=selfcheckgpt: per_fault={'hop0': True, 'hop1': True, 'hop2': True, 'bullets': True, 'preamble': True} all_resolved=True n_resolved=5/5 tokens=(10584,521)
  N=5 real_musique_hop_00210_3hop1__90327_73181_68042 seed=0 arm=reflexion: per_fault={'hop0': True, 'hop1': True, 'hop2': True, 'bullets': True, 'preamble': True} all_resolved=True n_resolved=5/5 tokens=(1822,401)
  N=5 real_musique_hop_00210_3hop1__90327_73181_68042 seed=0 arm=intro_specter: per_fault={'hop0': True, 'hop1': True, 'hop2': True, 'bullets': True, 'preamble': True} all_resolved=True n_resolved=5/5 tokens=(4314,1060)
  N=5 real_musique_hop_00210_3hop1__90327_73181_68042 seed=1 arm=direct: per_fault={'hop0': True, 'hop1': True, 'hop2': True, 'bullets': True, 'preamble': True} all_resolved=True n_resolved=5/5 tokens=(1822,401)
  N=5 real_musique_hop_00210_3hop1__90327_73181_68042 seed=1 arm=self_refine: per_fault={'hop0': True, 'hop1': True, 'hop2': True, 'bullets': True, 'preamble': True} all_resolved=True n_resolved=5/5 tokens=(4160,770)
  N=5 real_musique_hop_00210_3hop1__90327_73181_68042 seed=1 arm=full_regen: per_fault={'hop0': True, 'hop1': False, 'hop2': True, 'bullets': True, 'preamble': True} all_resolved=False n_resolved=4/5 tokens=(3644,737)
  N=5 real_musique_hop_00210_3hop1__90327_73181_68042 seed=1 arm=react: per_fault={'hop0': False, 'hop1': False, 'hop2': True, 'bullets': True, 'preamble': True} all_resolved=False n_resolved=3/5 tokens=(3697,1053)
  N=5 real_musique_hop_00210_3hop1__90327_73181_68042 seed=1 arm=selfcheckgpt: per_fault={'hop0': True, 'hop1': True, 'hop2': True, 'bullets': True, 'preamble': True} all_resolved=True n_resolved=5/5 tokens=(10584,521)
  N=5 real_musique_hop_00210_3hop1__90327_73181_68042 seed=1 arm=reflexion: per_fault={'hop0': True, 'hop1': True, 'hop2': True, 'bullets': True, 'preamble': True} all_resolved=True n_resolved=5/5 tokens=(1822,401)
  N=5 real_musique_hop_00210_3hop1__90327_73181_68042 seed=1 arm=intro_specter: per_fault={'hop0': True, 'hop1': True, 'hop2': True, 'bullets': True, 'preamble': True} all_resolved=True n_resolved=5/5 tokens=(4314,1060)
  N=5 real_musique_hop_00210_3hop1__90327_73181_68042 seed=2 arm=direct: per_fault={'hop0': True, 'hop1': False, 'hop2': True, 'bullets': True, 'preamble': True} all_resolved=False n_resolved=4/5 tokens=(1822,337)
  N=5 real_musique_hop_00210_3hop1__90327_73181_68042 seed=2 arm=self_refine: per_fault={'hop0': True, 'hop1': False, 'hop2': True, 'bullets': True, 'preamble': True} all_resolved=False n_resolved=4/5 tokens=(4075,770)
  N=5 real_musique_hop_00210_3hop1__90327_73181_68042 seed=2 arm=full_regen: per_fault={'hop0': True, 'hop1': False, 'hop2': True, 'bullets': True, 'preamble': True} all_resolved=False n_resolved=4/5 tokens=(3644,657)
  N=5 real_musique_hop_00210_3hop1__90327_73181_68042 seed=2 arm=react: per_fault={'hop0': False, 'hop1': False, 'hop2': True, 'bullets': True, 'preamble': True} all_resolved=False n_resolved=3/5 tokens=(3697,886)
  N=5 real_musique_hop_00210_3hop1__90327_73181_68042 seed=2 arm=selfcheckgpt: per_fault={'hop0': True, 'hop1': False, 'hop2': True, 'bullets': True, 'preamble': True} all_resolved=False n_resolved=4/5 tokens=(10566,449)
  N=5 real_musique_hop_00210_3hop1__90327_73181_68042 seed=2 arm=reflexion: per_fault={'hop0': True, 'hop1': False, 'hop2': True, 'bullets': True, 'preamble': True} all_resolved=False n_resolved=4/5 tokens=(1822,337)
  N=5 real_musique_hop_00210_3hop1__90327_73181_68042 seed=2 arm=intro_specter: per_fault={'hop0': True, 'hop1': False, 'hop2': True, 'bullets': True, 'preamble': True} all_resolved=False n_resolved=4/5 tokens=(4229,892)
  N=5 real_musique_hop_00212_3hop1__36497_78276_68042 seed=0 arm=direct: per_fault={'hop0': True, 'hop1': False, 'hop2': True, 'bullets': True, 'preamble': True} all_resolved=False n_resolved=4/5 tokens=(1611,442)
  N=5 real_musique_hop_00212_3hop1__36497_78276_68042 seed=0 arm=self_refine: per_fault={'hop0': False, 'hop1': False, 'hop2': True, 'bullets': True, 'preamble': True} all_resolved=False n_resolved=3/5 tokens=(3800,906)
  N=5 real_musique_hop_00212_3hop1__36497_78276_68042 seed=0 arm=full_regen: per_fault={'hop0': False, 'hop1': True, 'hop2': True, 'bullets': True, 'preamble': True} all_resolved=False n_resolved=4/5 tokens=(3222,720)
  N=5 real_musique_hop_00212_3hop1__36497_78276_68042 seed=0 arm=react: per_fault={'hop0': False, 'hop1': False, 'hop2': True, 'bullets': True, 'preamble': True} all_resolved=False n_resolved=3/5 tokens=(3275,1263)
  N=5 real_musique_hop_00212_3hop1__36497_78276_68042 seed=0 arm=selfcheckgpt: per_fault={'hop0': True, 'hop1': False, 'hop2': True, 'bullets': True, 'preamble': True} all_resolved=False n_resolved=4/5 tokens=(9300,554)
  N=5 real_musique_hop_00212_3hop1__36497_78276_68042 seed=0 arm=reflexion: per_fault={'hop0': True, 'hop1': False, 'hop2': True, 'bullets': True, 'preamble': True} all_resolved=False n_resolved=4/5 tokens=(1611,442)
  N=5 real_musique_hop_00212_3hop1__36497_78276_68042 seed=0 arm=intro_specter: per_fault={'hop0': True, 'hop1': False, 'hop2': True, 'bullets': True, 'preamble': True} all_resolved=False n_resolved=4/5 tokens=(3954,973)
  N=5 real_musique_hop_00212_3hop1__36497_78276_68042 seed=1 arm=direct: per_fault={'hop0': True, 'hop1': False, 'hop2': True, 'bullets': True, 'preamble': True} all_resolved=False n_resolved=4/5 tokens=(1611,442)
  N=5 real_musique_hop_00212_3hop1__36497_78276_68042 seed=1 arm=self_refine: per_fault={'hop0': False, 'hop1': False, 'hop2': True, 'bullets': True, 'preamble': True} all_resolved=False n_resolved=3/5 tokens=(3800,906)
  N=5 real_musique_hop_00212_3hop1__36497_78276_68042 seed=1 arm=full_regen: per_fault={'hop0': False, 'hop1': False, 'hop2': True, 'bullets': True, 'preamble': True} all_resolved=False n_resolved=3/5 tokens=(3222,757)
  N=5 real_musique_hop_00212_3hop1__36497_78276_68042 seed=1 arm=react: per_fault={'hop0': False, 'hop1': False, 'hop2': True, 'bullets': True, 'preamble': True} all_resolved=False n_resolved=3/5 tokens=(3275,1263)
  N=5 real_musique_hop_00212_3hop1__36497_78276_68042 seed=1 arm=selfcheckgpt: per_fault={'hop0': True, 'hop1': False, 'hop2': True, 'bullets': True, 'preamble': True} all_resolved=False n_resolved=4/5 tokens=(9300,554)
  N=5 real_musique_hop_00212_3hop1__36497_78276_68042 seed=1 arm=reflexion: per_fault={'hop0': True, 'hop1': False, 'hop2': True, 'bullets': True, 'preamble': True} all_resolved=False n_resolved=4/5 tokens=(1611,442)
  N=5 real_musique_hop_00212_3hop1__36497_78276_68042 seed=1 arm=intro_specter: per_fault={'hop0': True, 'hop1': False, 'hop2': True, 'bullets': True, 'preamble': True} all_resolved=False n_resolved=4/5 tokens=(3954,973)
  N=5 real_musique_hop_00212_3hop1__36497_78276_68042 seed=2 arm=direct: per_fault={'hop0': False, 'hop1': False, 'hop2': True, 'bullets': True, 'preamble': True} all_resolved=False n_resolved=3/5 tokens=(1611,183)
  N=5 real_musique_hop_00212_3hop1__36497_78276_68042 seed=2 arm=self_refine: per_fault={'hop0': False, 'hop1': False, 'hop2': True, 'bullets': True, 'preamble': True} all_resolved=False n_resolved=3/5 tokens=(3457,332)
  N=5 real_musique_hop_00212_3hop1__36497_78276_68042 seed=2 arm=full_regen: per_fault={'hop0': False, 'hop1': False, 'hop2': True, 'bullets': True, 'preamble': True} all_resolved=False n_resolved=3/5 tokens=(3222,429)
  N=5 real_musique_hop_00212_3hop1__36497_78276_68042 seed=2 arm=react: per_fault={'hop0': False, 'hop1': False, 'hop2': True, 'bullets': True, 'preamble': True} all_resolved=False n_resolved=3/5 tokens=(3275,803)
  N=5 real_musique_hop_00212_3hop1__36497_78276_68042 seed=2 arm=selfcheckgpt: per_fault={'hop0': False, 'hop1': False, 'hop2': True, 'bullets': True, 'preamble': True} all_resolved=False n_resolved=3/5 tokens=(9300,295)
  N=5 real_musique_hop_00212_3hop1__36497_78276_68042 seed=2 arm=reflexion: per_fault={'hop0': False, 'hop1': False, 'hop2': True, 'bullets': True, 'preamble': True} all_resolved=False n_resolved=3/5 tokens=(1611,183)
  N=5 real_musique_hop_00212_3hop1__36497_78276_68042 seed=2 arm=intro_specter: per_fault={'hop0': False, 'hop1': False, 'hop2': True, 'bullets': True, 'preamble': True} all_resolved=False n_resolved=3/5 tokens=(3611,477)
  N=5 real_musique_hop_00216_3hop2__92991_72083_76291 seed=0 arm=direct: per_fault={'hop0': False, 'hop1': False, 'hop2': False, 'english': True, 'preamble': True} all_resolved=False n_resolved=2/5 tokens=(1967,177)
  N=5 real_musique_hop_00216_3hop2__92991_72083_76291 seed=0 arm=self_refine: per_fault={'hop0': False, 'hop1': False, 'hop2': False, 'english': True, 'preamble': True} all_resolved=False n_resolved=2/5 tokens=(4154,448)
  N=5 real_musique_hop_00216_3hop2__92991_72083_76291 seed=0 arm=full_regen: per_fault={'hop0': False, 'hop1': False, 'hop2': True, 'english': True, 'preamble': True} all_resolved=False n_resolved=3/5 tokens=(3934,586)
  N=5 real_musique_hop_00216_3hop2__92991_72083_76291 seed=0 arm=react: per_fault={'hop0': False, 'hop1': False, 'hop2': False, 'english': True, 'preamble': True} all_resolved=False n_resolved=2/5 tokens=(3987,658)
  N=5 real_musique_hop_00216_3hop2__92991_72083_76291 seed=0 arm=selfcheckgpt: per_fault={'hop0': False, 'hop1': False, 'hop2': False, 'english': True, 'preamble': True} all_resolved=False n_resolved=2/5 tokens=(13520,524)
  N=5 real_musique_hop_00216_3hop2__92991_72083_76291 seed=0 arm=reflexion: per_fault={'hop0': False, 'hop1': False, 'hop2': True, 'english': True, 'preamble': True} all_resolved=False n_resolved=3/5 tokens=(11118,740)
  N=5 real_musique_hop_00216_3hop2__92991_72083_76291 seed=0 arm=intro_specter: per_fault={'hop0': False, 'hop1': False, 'hop2': True, 'english': True, 'preamble': True} all_resolved=False n_resolved=3/5 tokens=(4308,515)
  N=5 real_musique_hop_00216_3hop2__92991_72083_76291 seed=1 arm=direct: per_fault={'hop0': False, 'hop1': False, 'hop2': False, 'english': True, 'preamble': True} all_resolved=False n_resolved=2/5 tokens=(1967,177)
  N=5 real_musique_hop_00216_3hop2__92991_72083_76291 seed=1 arm=self_refine: per_fault={'hop0': False, 'hop1': False, 'hop2': False, 'english': True, 'preamble': True} all_resolved=False n_resolved=2/5 tokens=(4154,448)
  N=5 real_musique_hop_00216_3hop2__92991_72083_76291 seed=1 arm=full_regen: per_fault={'hop0': False, 'hop1': False, 'hop2': False, 'english': True, 'preamble': True} all_resolved=False n_resolved=2/5 tokens=(3934,480)
  N=5 real_musique_hop_00216_3hop2__92991_72083_76291 seed=1 arm=react: per_fault={'hop0': False, 'hop1': False, 'hop2': False, 'english': True, 'preamble': True} all_resolved=False n_resolved=2/5 tokens=(3987,658)
  N=5 real_musique_hop_00216_3hop2__92991_72083_76291 seed=1 arm=selfcheckgpt: per_fault={'hop0': False, 'hop1': False, 'hop2': False, 'english': True, 'preamble': True} all_resolved=False n_resolved=2/5 tokens=(11590,437)
  N=5 real_musique_hop_00216_3hop2__92991_72083_76291 seed=1 arm=reflexion: per_fault={'hop0': False, 'hop1': False, 'hop2': True, 'english': True, 'preamble': True} all_resolved=False n_resolved=3/5 tokens=(11118,740)
  N=5 real_musique_hop_00216_3hop2__92991_72083_76291 seed=1 arm=intro_specter: per_fault={'hop0': False, 'hop1': False, 'hop2': True, 'english': True, 'preamble': True} all_resolved=False n_resolved=3/5 tokens=(4308,515)
  N=5 real_musique_hop_00216_3hop2__92991_72083_76291 seed=2 arm=direct: per_fault={'hop0': False, 'hop1': False, 'hop2': False, 'english': True, 'preamble': True} all_resolved=False n_resolved=2/5 tokens=(1967,235)
  N=5 real_musique_hop_00216_3hop2__92991_72083_76291 seed=2 arm=self_refine: per_fault={'hop0': False, 'hop1': False, 'hop2': False, 'english': True, 'preamble': True} all_resolved=False n_resolved=2/5 tokens=(4241,629)
  N=5 real_musique_hop_00216_3hop2__92991_72083_76291 seed=2 arm=full_regen: per_fault={'hop0': False, 'hop1': False, 'hop2': False, 'english': True, 'preamble': True} all_resolved=False n_resolved=2/5 tokens=(3934,426)
  N=5 real_musique_hop_00216_3hop2__92991_72083_76291 seed=2 arm=react: per_fault={'hop0': False, 'hop1': False, 'hop2': False, 'english': True, 'preamble': True} all_resolved=False n_resolved=2/5 tokens=(3987,648)
  N=5 real_musique_hop_00216_3hop2__92991_72083_76291 seed=2 arm=selfcheckgpt: per_fault={'hop0': False, 'hop1': False, 'hop2': False, 'english': True, 'preamble': True} all_resolved=False n_resolved=2/5 tokens=(13530,544)
  N=5 real_musique_hop_00216_3hop2__92991_72083_76291 seed=2 arm=reflexion: per_fault={'hop0': False, 'hop1': False, 'hop2': False, 'english': True, 'preamble': True} all_resolved=False n_resolved=2/5 tokens=(11527,1038)
  N=5 real_musique_hop_00216_3hop2__92991_72083_76291 seed=2 arm=intro_specter: per_fault={'hop0': False, 'hop1': False, 'hop2': False, 'english': True, 'preamble': True} all_resolved=False n_resolved=2/5 tokens=(4395,548)
  N=5 real_musique_hop_00220_3hop2__87184_36497_76291 seed=0 arm=direct: per_fault={'hop0': False, 'hop1': False, 'hop2': False, 'bullets': True, 'english': True} all_resolved=False n_resolved=2/5 tokens=(1869,314)
  N=5 real_musique_hop_00220_3hop2__87184_36497_76291 seed=0 arm=self_refine: per_fault={'hop0': False, 'hop1': False, 'hop2': False, 'bullets': True, 'english': True} all_resolved=False n_resolved=2/5 tokens=(4197,834)
  N=5 real_musique_hop_00220_3hop2__87184_36497_76291 seed=0 arm=full_regen: per_fault={'hop0': False, 'hop1': False, 'hop2': False, 'bullets': True, 'english': True} all_resolved=False n_resolved=2/5 tokens=(3738,717)
  N=5 real_musique_hop_00220_3hop2__87184_36497_76291 seed=0 arm=react: per_fault={'hop0': False, 'hop1': False, 'hop2': False, 'bullets': True, 'english': True} all_resolved=False n_resolved=2/5 tokens=(3791,861)
  N=5 real_musique_hop_00220_3hop2__87184_36497_76291 seed=0 arm=selfcheckgpt: per_fault={'hop0': False, 'hop1': False, 'hop2': False, 'bullets': True, 'english': True} all_resolved=False n_resolved=2/5 tokens=(12910,1062)
  N=5 real_musique_hop_00220_3hop2__87184_36497_76291 seed=0 arm=reflexion: per_fault={'hop0': False, 'hop1': False, 'hop2': False, 'bullets': True, 'english': True} all_resolved=False n_resolved=2/5 tokens=(11803,1476)
  N=5 real_musique_hop_00220_3hop2__87184_36497_76291 seed=0 arm=intro_specter: per_fault={'hop0': False, 'hop1': False, 'hop2': False, 'bullets': True, 'english': True} all_resolved=False n_resolved=2/5 tokens=(4351,727)
  N=5 real_musique_hop_00220_3hop2__87184_36497_76291 seed=1 arm=direct: per_fault={'hop0': False, 'hop1': False, 'hop2': False, 'bullets': True, 'english': True} all_resolved=False n_resolved=2/5 tokens=(1869,314)
  N=5 real_musique_hop_00220_3hop2__87184_36497_76291 seed=1 arm=self_refine: per_fault={'hop0': False, 'hop1': False, 'hop2': False, 'bullets': True, 'english': True} all_resolved=False n_resolved=2/5 tokens=(4197,834)
  N=5 real_musique_hop_00220_3hop2__87184_36497_76291 seed=1 arm=full_regen: per_fault={'hop0': False, 'hop1': False, 'hop2': False, 'bullets': True, 'english': True} all_resolved=False n_resolved=2/5 tokens=(3738,643)
  N=5 real_musique_hop_00220_3hop2__87184_36497_76291 seed=1 arm=react: per_fault={'hop0': False, 'hop1': False, 'hop2': False, 'bullets': True, 'english': True} all_resolved=False n_resolved=2/5 tokens=(3791,861)
  N=5 real_musique_hop_00220_3hop2__87184_36497_76291 seed=1 arm=selfcheckgpt: per_fault={'hop0': False, 'hop1': False, 'hop2': False, 'bullets': True, 'english': True} all_resolved=False n_resolved=2/5 tokens=(12845,665)
  N=5 real_musique_hop_00220_3hop2__87184_36497_76291 seed=1 arm=reflexion: per_fault={'hop0': False, 'hop1': False, 'hop2': False, 'bullets': True, 'english': True} all_resolved=False n_resolved=2/5 tokens=(11803,1476)
  N=5 real_musique_hop_00220_3hop2__87184_36497_76291 seed=1 arm=intro_specter: per_fault={'hop0': False, 'hop1': False, 'hop2': False, 'bullets': True, 'english': True} all_resolved=False n_resolved=2/5 tokens=(4351,727)
  N=5 real_musique_hop_00220_3hop2__87184_36497_76291 seed=2 arm=direct: per_fault={'hop0': False, 'hop1': False, 'hop2': False, 'bullets': True, 'english': True} all_resolved=False n_resolved=2/5 tokens=(1869,378)
  N=5 real_musique_hop_00220_3hop2__87184_36497_76291 seed=2 arm=self_refine: per_fault={'hop0': False, 'hop1': False, 'hop2': False, 'bullets': True, 'english': True} all_resolved=False n_resolved=2/5 tokens=(4261,958)
  N=5 real_musique_hop_00220_3hop2__87184_36497_76291 seed=2 arm=full_regen: per_fault={'hop0': False, 'hop1': False, 'hop2': False, 'bullets': True, 'english': True} all_resolved=False n_resolved=2/5 tokens=(3738,636)
  N=5 real_musique_hop_00220_3hop2__87184_36497_76291 seed=2 arm=react: per_fault={'hop0': False, 'hop1': False, 'hop2': False, 'bullets': True, 'english': True} all_resolved=False n_resolved=2/5 tokens=(3791,991)
  N=5 real_musique_hop_00220_3hop2__87184_36497_76291 seed=2 arm=selfcheckgpt: per_fault={'hop0': False, 'hop1': False, 'hop2': False, 'bullets': True, 'english': True} all_resolved=False n_resolved=2/5 tokens=(11010,677)
  N=5 real_musique_hop_00220_3hop2__87184_36497_76291 seed=2 arm=reflexion: per_fault={'hop0': False, 'hop1': False, 'hop2': False, 'bullets': True, 'english': True} all_resolved=False n_resolved=2/5 tokens=(12117,1631)
  N=5 real_musique_hop_00220_3hop2__87184_36497_76291 seed=2 arm=intro_specter: per_fault={'hop0': False, 'hop1': False, 'hop2': False, 'bullets': True, 'english': True} all_resolved=False n_resolved=2/5 tokens=(4415,768)
  N=5 real_musique_hop_00221_3hop1__587540_514761_594810 seed=0 arm=direct: per_fault={'hop0': True, 'hop1': True, 'hop2': True, 'concise': True, 'preamble': True} all_resolved=True n_resolved=5/5 tokens=(1788,270)
  N=5 real_musique_hop_00221_3hop1__587540_514761_594810 seed=0 arm=self_refine: per_fault={'hop0': True, 'hop1': True, 'hop2': True, 'concise': True, 'preamble': True} all_resolved=True n_resolved=5/5 tokens=(3943,733)
  N=5 real_musique_hop_00221_3hop1__587540_514761_594810 seed=0 arm=full_regen: per_fault={'hop0': True, 'hop1': True, 'hop2': True, 'concise': True, 'preamble': True} all_resolved=True n_resolved=5/5 tokens=(3576,555)
  N=5 real_musique_hop_00221_3hop1__587540_514761_594810 seed=0 arm=react: per_fault={'hop0': False, 'hop1': False, 'hop2': True, 'concise': True, 'preamble': True} all_resolved=False n_resolved=3/5 tokens=(3629,711)
  N=5 real_musique_hop_00221_3hop1__587540_514761_594810 seed=0 arm=selfcheckgpt: per_fault={'hop0': True, 'hop1': True, 'hop2': True, 'concise': True, 'preamble': True} all_resolved=True n_resolved=5/5 tokens=(10465,401)
  N=5 real_musique_hop_00221_3hop1__587540_514761_594810 seed=0 arm=reflexion: per_fault={'hop0': True, 'hop1': True, 'hop2': True, 'concise': True, 'preamble': True} all_resolved=True n_resolved=5/5 tokens=(1788,270)
  N=5 real_musique_hop_00221_3hop1__587540_514761_594810 seed=0 arm=intro_specter: per_fault={'hop0': True, 'hop1': True, 'hop2': True, 'concise': True, 'preamble': True} all_resolved=True n_resolved=5/5 tokens=(4097,756)
  N=5 real_musique_hop_00221_3hop1__587540_514761_594810 seed=1 arm=direct: per_fault={'hop0': True, 'hop1': True, 'hop2': True, 'concise': True, 'preamble': True} all_resolved=True n_resolved=5/5 tokens=(1788,270)
  N=5 real_musique_hop_00221_3hop1__587540_514761_594810 seed=1 arm=self_refine: per_fault={'hop0': True, 'hop1': True, 'hop2': True, 'concise': True, 'preamble': True} all_resolved=True n_resolved=5/5 tokens=(3943,733)
  N=5 real_musique_hop_00221_3hop1__587540_514761_594810 seed=1 arm=full_regen: per_fault={'hop0': True, 'hop1': True, 'hop2': True, 'concise': True, 'preamble': True} all_resolved=True n_resolved=5/5 tokens=(3576,557)
  N=5 real_musique_hop_00221_3hop1__587540_514761_594810 seed=1 arm=react: per_fault={'hop0': False, 'hop1': False, 'hop2': True, 'concise': True, 'preamble': True} all_resolved=False n_resolved=3/5 tokens=(3629,711)
  N=5 real_musique_hop_00221_3hop1__587540_514761_594810 seed=1 arm=selfcheckgpt: per_fault={'hop0': True, 'hop1': True, 'hop2': True, 'concise': True, 'preamble': True} all_resolved=True n_resolved=5/5 tokens=(10465,399)
  N=5 real_musique_hop_00221_3hop1__587540_514761_594810 seed=1 arm=reflexion: per_fault={'hop0': True, 'hop1': True, 'hop2': True, 'concise': True, 'preamble': True} all_resolved=True n_resolved=5/5 tokens=(1788,270)
  N=5 real_musique_hop_00221_3hop1__587540_514761_594810 seed=1 arm=intro_specter: per_fault={'hop0': True, 'hop1': True, 'hop2': True, 'concise': True, 'preamble': True} all_resolved=True n_resolved=5/5 tokens=(4097,756)
  N=5 real_musique_hop_00221_3hop1__587540_514761_594810 seed=2 arm=direct: per_fault={'hop0': True, 'hop1': True, 'hop2': True, 'concise': True, 'preamble': True} all_resolved=True n_resolved=5/5 tokens=(1788,289)
  N=5 real_musique_hop_00221_3hop1__587540_514761_594810 seed=2 arm=self_refine: per_fault={'hop0': True, 'hop1': True, 'hop2': True, 'concise': True, 'preamble': True} all_resolved=True n_resolved=5/5 tokens=(3962,784)
  N=5 real_musique_hop_00221_3hop1__587540_514761_594810 seed=2 arm=full_regen: per_fault={'hop0': True, 'hop1': True, 'hop2': True, 'concise': True, 'preamble': True} all_resolved=True n_resolved=5/5 tokens=(3576,500)
  N=5 real_musique_hop_00221_3hop1__587540_514761_594810 seed=2 arm=react: per_fault={'hop0': True, 'hop1': True, 'hop2': True, 'concise': True, 'preamble': True} all_resolved=True n_resolved=5/5 tokens=(3629,856)
  N=5 real_musique_hop_00221_3hop1__587540_514761_594810 seed=2 arm=selfcheckgpt: per_fault={'hop0': True, 'hop1': True, 'hop2': True, 'concise': True, 'preamble': True} all_resolved=True n_resolved=5/5 tokens=(10465,420)
  N=5 real_musique_hop_00221_3hop1__587540_514761_594810 seed=2 arm=reflexion: per_fault={'hop0': True, 'hop1': True, 'hop2': True, 'concise': True, 'preamble': True} all_resolved=True n_resolved=5/5 tokens=(1788,289)
  N=5 real_musique_hop_00221_3hop1__587540_514761_594810 seed=2 arm=intro_specter: per_fault={'hop0': True, 'hop1': True, 'hop2': True, 'concise': True, 'preamble': True} all_resolved=True n_resolved=5/5 tokens=(4116,771)
  N=5 real_musique_hop_00222_3hop2__89854_36497_76291 seed=0 arm=direct: per_fault={'hop0': False, 'hop1': False, 'hop2': False, 'concise': True, 'english': True} all_resolved=False n_resolved=2/5 tokens=(1916,222)
  N=5 real_musique_hop_00222_3hop2__89854_36497_76291 seed=0 arm=self_refine: per_fault={'hop0': False, 'hop1': False, 'hop2': False, 'concise': True, 'english': True} all_resolved=False n_resolved=2/5 tokens=(4121,580)
  N=5 real_musique_hop_00222_3hop2__89854_36497_76291 seed=0 arm=full_regen: per_fault={'hop0': False, 'hop1': False, 'hop2': False, 'concise': True, 'english': True} all_resolved=False n_resolved=2/5 tokens=(3832,539)
  N=5 real_musique_hop_00222_3hop2__89854_36497_76291 seed=0 arm=react: per_fault={'hop0': False, 'hop1': False, 'hop2': False, 'concise': True, 'english': True} all_resolved=False n_resolved=2/5 tokens=(3885,812)
  N=5 real_musique_hop_00222_3hop2__89854_36497_76291 seed=0 arm=selfcheckgpt: per_fault={'hop0': False, 'hop1': False, 'hop2': False, 'concise': True, 'english': True} all_resolved=False n_resolved=2/5 tokens=(11303,511)
  N=5 real_musique_hop_00222_3hop2__89854_36497_76291 seed=0 arm=reflexion: per_fault={'hop0': False, 'hop1': False, 'hop2': False, 'concise': True, 'english': True} all_resolved=False n_resolved=2/5 tokens=(11152,960)
  N=5 real_musique_hop_00222_3hop2__89854_36497_76291 seed=0 arm=intro_specter: per_fault={'hop0': False, 'hop1': False, 'hop2': False, 'concise': True, 'english': True} all_resolved=False n_resolved=2/5 tokens=(4275,552)
  N=5 real_musique_hop_00222_3hop2__89854_36497_76291 seed=1 arm=direct: per_fault={'hop0': False, 'hop1': False, 'hop2': False, 'concise': True, 'english': True} all_resolved=False n_resolved=2/5 tokens=(1916,222)
  N=5 real_musique_hop_00222_3hop2__89854_36497_76291 seed=1 arm=self_refine: per_fault={'hop0': False, 'hop1': False, 'hop2': False, 'concise': True, 'english': True} all_resolved=False n_resolved=2/5 tokens=(4121,580)
  N=5 real_musique_hop_00222_3hop2__89854_36497_76291 seed=1 arm=full_regen: per_fault={'hop0': False, 'hop1': False, 'hop2': False, 'concise': True, 'english': True} all_resolved=False n_resolved=2/5 tokens=(3832,587)
  N=5 real_musique_hop_00222_3hop2__89854_36497_76291 seed=1 arm=react: per_fault={'hop0': False, 'hop1': False, 'hop2': False, 'concise': True, 'english': True} all_resolved=False n_resolved=2/5 tokens=(3885,812)
  N=5 real_musique_hop_00222_3hop2__89854_36497_76291 seed=1 arm=selfcheckgpt: per_fault={'hop0': False, 'hop1': False, 'hop2': False, 'concise': True, 'english': True} all_resolved=False n_resolved=2/5 tokens=(13225,579)
  N=5 real_musique_hop_00222_3hop2__89854_36497_76291 seed=1 arm=reflexion: per_fault={'hop0': False, 'hop1': False, 'hop2': False, 'concise': True, 'english': True} all_resolved=False n_resolved=2/5 tokens=(11152,960)
  N=5 real_musique_hop_00222_3hop2__89854_36497_76291 seed=1 arm=intro_specter: per_fault={'hop0': False, 'hop1': False, 'hop2': False, 'concise': True, 'english': True} all_resolved=False n_resolved=2/5 tokens=(4275,552)
  N=5 real_musique_hop_00222_3hop2__89854_36497_76291 seed=2 arm=direct: per_fault={'hop0': False, 'hop1': False, 'hop2': False, 'concise': True, 'english': True} all_resolved=False n_resolved=2/5 tokens=(1916,379)
  N=5 real_musique_hop_00222_3hop2__89854_36497_76291 seed=2 arm=self_refine: per_fault={'hop0': False, 'hop1': False, 'hop2': False, 'concise': True, 'english': True} all_resolved=False n_resolved=2/5 tokens=(4330,935)
  N=5 real_musique_hop_00222_3hop2__89854_36497_76291 seed=2 arm=full_regen: per_fault={'hop0': False, 'hop1': False, 'hop2': False, 'concise': True, 'english': True} all_resolved=False n_resolved=2/5 tokens=(3832,802)
  N=5 real_musique_hop_00222_3hop2__89854_36497_76291 seed=2 arm=react: per_fault={'hop0': False, 'hop1': False, 'hop2': False, 'concise': True, 'english': True} all_resolved=False n_resolved=2/5 tokens=(3885,848)
  N=5 real_musique_hop_00222_3hop2__89854_36497_76291 seed=2 arm=selfcheckgpt: per_fault={'hop0': False, 'hop1': False, 'hop2': False, 'concise': True, 'english': True} all_resolved=False n_resolved=2/5 tokens=(13153,673)
  N=5 real_musique_hop_00222_3hop2__89854_36497_76291 seed=2 arm=reflexion: per_fault={'hop0': False, 'hop1': False, 'hop2': False, 'concise': True, 'english': True} all_resolved=False n_resolved=2/5 tokens=(12256,1585)
  N=5 real_musique_hop_00222_3hop2__89854_36497_76291 seed=2 arm=intro_specter: per_fault={'hop0': False, 'hop1': False, 'hop2': False, 'concise': True, 'english': True} all_resolved=False n_resolved=2/5 tokens=(4484,847)
  N=5 real_musique_hop_00230_3hop2__90327_89854_76291 seed=0 arm=direct: per_fault={'hop0': False, 'hop1': False, 'hop2': False, 'bullets': True, 'english': True} all_resolved=False n_resolved=2/5 tokens=(1883,276)
  N=5 real_musique_hop_00230_3hop2__90327_89854_76291 seed=0 arm=self_refine: per_fault={'hop0': False, 'hop1': False, 'hop2': False, 'bullets': True, 'english': True} all_resolved=False n_resolved=2/5 tokens=(4172,763)
  N=5 real_musique_hop_00230_3hop2__90327_89854_76291 seed=0 arm=full_regen: per_fault={'hop0': False, 'hop1': False, 'hop2': False, 'bullets': True, 'english': True} all_resolved=False n_resolved=2/5 tokens=(3766,497)
  N=5 real_musique_hop_00230_3hop2__90327_89854_76291 seed=0 arm=react: per_fault={'hop0': False, 'hop1': False, 'hop2': False, 'bullets': True, 'english': True} all_resolved=False n_resolved=2/5 tokens=(3819,947)
  N=5 real_musique_hop_00230_3hop2__90327_89854_76291 seed=0 arm=selfcheckgpt: per_fault={'hop0': False, 'hop1': False, 'hop2': False, 'bullets': True, 'english': True} all_resolved=False n_resolved=2/5 tokens=(12880,550)
  N=5 real_musique_hop_00230_3hop2__90327_89854_76291 seed=0 arm=reflexion: per_fault={'hop0': False, 'hop1': False, 'hop2': False, 'bullets': True, 'english': True} all_resolved=False n_resolved=2/5 tokens=(11508,1242)
  N=5 real_musique_hop_00230_3hop2__90327_89854_76291 seed=0 arm=intro_specter: per_fault={'hop0': False, 'hop1': False, 'hop2': False, 'bullets': True, 'english': True} all_resolved=False n_resolved=2/5 tokens=(4326,714)
  N=5 real_musique_hop_00230_3hop2__90327_89854_76291 seed=1 arm=direct: per_fault={'hop0': False, 'hop1': False, 'hop2': False, 'bullets': True, 'english': True} all_resolved=False n_resolved=2/5 tokens=(1883,276)
  N=5 real_musique_hop_00230_3hop2__90327_89854_76291 seed=1 arm=self_refine: per_fault={'hop0': False, 'hop1': False, 'hop2': False, 'bullets': True, 'english': True} all_resolved=False n_resolved=2/5 tokens=(4172,763)
  N=5 real_musique_hop_00230_3hop2__90327_89854_76291 seed=1 arm=full_regen: per_fault={'hop0': False, 'hop1': False, 'hop2': False, 'bullets': True, 'english': True} all_resolved=False n_resolved=2/5 tokens=(3766,496)
  N=5 real_musique_hop_00230_3hop2__90327_89854_76291 seed=1 arm=react: per_fault={'hop0': False, 'hop1': False, 'hop2': False, 'bullets': True, 'english': True} all_resolved=False n_resolved=2/5 tokens=(3819,947)
  N=5 real_musique_hop_00230_3hop2__90327_89854_76291 seed=1 arm=selfcheckgpt: per_fault={'hop0': False, 'hop1': False, 'hop2': False, 'bullets': True, 'english': True} all_resolved=False n_resolved=2/5 tokens=(12903,576)
  N=5 real_musique_hop_00230_3hop2__90327_89854_76291 seed=1 arm=reflexion: per_fault={'hop0': False, 'hop1': False, 'hop2': False, 'bullets': True, 'english': True} all_resolved=False n_resolved=2/5 tokens=(11508,1242)
  N=5 real_musique_hop_00230_3hop2__90327_89854_76291 seed=1 arm=intro_specter: per_fault={'hop0': False, 'hop1': False, 'hop2': False, 'bullets': True, 'english': True} all_resolved=False n_resolved=2/5 tokens=(4326,714)
  N=5 real_musique_hop_00230_3hop2__90327_89854_76291 seed=2 arm=direct: per_fault={'hop0': False, 'hop1': False, 'hop2': False, 'bullets': True, 'english': True} all_resolved=False n_resolved=2/5 tokens=(1883,247)
  N=5 real_musique_hop_00230_3hop2__90327_89854_76291 seed=2 arm=self_refine: per_fault={'hop0': False, 'hop1': False, 'hop2': False, 'bullets': True, 'english': True} all_resolved=False n_resolved=2/5 tokens=(4107,655)
  N=5 real_musique_hop_00230_3hop2__90327_89854_76291 seed=2 arm=full_regen: per_fault={'hop0': False, 'hop1': False, 'hop2': False, 'bullets': True, 'english': True} all_resolved=False n_resolved=2/5 tokens=(3766,515)
  N=5 real_musique_hop_00230_3hop2__90327_89854_76291 seed=2 arm=react: per_fault={'hop0': False, 'hop1': False, 'hop2': False, 'bullets': True, 'english': True} all_resolved=False n_resolved=2/5 tokens=(3819,979)
  N=5 real_musique_hop_00230_3hop2__90327_89854_76291 seed=2 arm=selfcheckgpt: per_fault={'hop0': False, 'hop1': False, 'hop2': False, 'bullets': True, 'english': True} all_resolved=False n_resolved=2/5 tokens=(12894,517)
  N=5 real_musique_hop_00230_3hop2__90327_89854_76291 seed=2 arm=reflexion: per_fault={'hop0': False, 'hop1': False, 'hop2': False, 'bullets': True, 'english': True} all_resolved=False n_resolved=2/5 tokens=(11068,913)
  N=5 real_musique_hop_00230_3hop2__90327_89854_76291 seed=2 arm=intro_specter: per_fault={'hop0': False, 'hop1': False, 'hop2': False, 'bullets': True, 'english': True} all_resolved=False n_resolved=2/5 tokens=(4261,689)
  N=5 real_musique_hop_00234_3hop2__28727_92991_76291 seed=0 arm=direct: per_fault={'hop0': False, 'hop1': False, 'hop2': False, 'bullets': True, 'english': True} all_resolved=False n_resolved=2/5 tokens=(1584,323)
  N=5 real_musique_hop_00234_3hop2__28727_92991_76291 seed=0 arm=self_refine: per_fault={'hop0': False, 'hop1': False, 'hop2': False, 'bullets': True, 'english': True} all_resolved=False n_resolved=2/5 tokens=(3560,796)
  N=5 real_musique_hop_00234_3hop2__28727_92991_76291 seed=0 arm=full_regen: per_fault={'hop0': False, 'hop1': False, 'hop2': True, 'bullets': True, 'english': True} all_resolved=False n_resolved=3/5 tokens=(3203,509)
  N=5 real_musique_hop_00234_3hop2__28727_92991_76291 seed=0 arm=react: per_fault={'hop0': False, 'hop1': False, 'hop2': True, 'bullets': True, 'english': True} all_resolved=False n_resolved=3/5 tokens=(3221,870)
  N=5 real_musique_hop_00234_3hop2__28727_92991_76291 seed=0 arm=selfcheckgpt: per_fault={'hop0': False, 'hop1': False, 'hop2': False, 'bullets': True, 'english': True} all_resolved=False n_resolved=2/5 tokens=(9269,570)
  N=5 real_musique_hop_00234_3hop2__28727_92991_76291 seed=0 arm=reflexion: per_fault={'hop0': False, 'hop1': False, 'hop2': True, 'bullets': True, 'english': True} all_resolved=False n_resolved=3/5 tokens=(5569,927)
  N=5 real_musique_hop_00234_3hop2__28727_92991_76291 seed=0 arm=intro_specter: per_fault={'hop0': False, 'hop1': False, 'hop2': False, 'bullets': True, 'english': True} all_resolved=False n_resolved=2/5 tokens=(3714,754)
/Library/Frameworks/Python.framework/Versions/3.11/lib/python3.11/multiprocessing/resource_tracker.py:254: UserWarning: resource_tracker: There appear to be 1 leaked semaphore objects to clean up at shutdown
  warnings.warn('resource_tracker: There appear to be %d '
/Library/Frameworks/Python.framework/Versions/3.11/lib/python3.11/multiprocessing/resource_tracker.py:254: UserWarning: resource_tracker: There appear to be 1 leaked semaphore objects to clean up at shutdown
  warnings.warn('resource_tracker: There appear to be %d '
Resuming arm=direct: 156 (task_id, seed) rows already present, will be skipped.
Resuming arm=self_refine: 155 (task_id, seed) rows already present, will be skipped.
Resuming arm=full_regen: 155 (task_id, seed) rows already present, will be skipped.
Resuming arm=react: 155 (task_id, seed) rows already present, will be skipped.
Resuming arm=selfcheckgpt: 155 (task_id, seed) rows already present, will be skipped.
Resuming arm=reflexion: 155 (task_id, seed) rows already present, will be skipped.
Resuming arm=intro_specter: 155 (task_id, seed) rows already present, will be skipped.
Building 60 5-fault (3 hop + 2 profile) musique_real hop examples (bench_seed=42, scan_limit=760)...
Built 60 examples. seeds=[0, 1, 2], model=qwen-2.5-7b, arms=['direct', 'self_refine', 'full_regen', 'react', 'selfcheckgpt', 'reflexion', 'intro_specter']
  N=5 real_musique_hop_00234_3hop2__28727_92991_76291 seed=2 arm=self_refine: per_fault={'hop0': False, 'hop1': False, 'hop2': False, 'bullets': True, 'english': True} all_resolved=False n_resolved=2/5 tokens=(3596,905)
  N=5 real_musique_hop_00234_3hop2__28727_92991_76291 seed=2 arm=full_regen: per_fault={'hop0': False, 'hop1': False, 'hop2': False, 'bullets': True, 'english': True} all_resolved=False n_resolved=2/5 tokens=(3168,615)
  N=5 real_musique_hop_00234_3hop2__28727_92991_76291 seed=2 arm=react: per_fault={'hop0': False, 'hop1': False, 'hop2': False, 'bullets': True, 'english': True} all_resolved=False n_resolved=2/5 tokens=(3221,905)
  N=5 real_musique_hop_00234_3hop2__28727_92991_76291 seed=2 arm=selfcheckgpt: per_fault={'hop0': False, 'hop1': False, 'hop2': False, 'bullets': True, 'english': True} all_resolved=False n_resolved=2/5 tokens=(9262,594)
  N=5 real_musique_hop_00234_3hop2__28727_92991_76291 seed=2 arm=reflexion: per_fault={'hop0': False, 'hop1': False, 'hop2': False, 'bullets': True, 'english': True} all_resolved=False n_resolved=2/5 tokens=(10368,1558)
  N=5 real_musique_hop_00234_3hop2__28727_92991_76291 seed=2 arm=intro_specter: per_fault={'hop0': False, 'hop1': False, 'hop2': False, 'bullets': True, 'english': True} all_resolved=False n_resolved=2/5 tokens=(3750,871)
  N=5 real_musique_hop_00246_3hop1__76377_40769_64047 seed=0 arm=direct: per_fault={'hop0': False, 'hop1': False, 'hop2': False, 'concise': True, 'english': True} all_resolved=False n_resolved=2/5 tokens=(2052,273)
  N=5 real_musique_hop_00246_3hop1__76377_40769_64047 seed=0 arm=self_refine: per_fault={'hop0': True, 'hop1': True, 'hop2': False, 'concise': True, 'english': True} all_resolved=False n_resolved=4/5 tokens=(4527,822)
  N=5 real_musique_hop_00246_3hop1__76377_40769_64047 seed=0 arm=full_regen: per_fault={'hop0': True, 'hop1': True, 'hop2': False, 'concise': True, 'english': True} all_resolved=False n_resolved=4/5 tokens=(4104,681)
  N=5 real_musique_hop_00246_3hop1__76377_40769_64047 seed=0 arm=react: per_fault={'hop0': True, 'hop1': True, 'hop2': False, 'concise': True, 'english': True} all_resolved=False n_resolved=4/5 tokens=(4157,727)
  N=5 real_musique_hop_00246_3hop1__76377_40769_64047 seed=0 arm=selfcheckgpt: per_fault={'hop0': False, 'hop1': False, 'hop2': False, 'concise': True, 'english': True} all_resolved=False n_resolved=2/5 tokens=(12017,465)
  N=5 real_musique_hop_00246_3hop1__76377_40769_64047 seed=0 arm=reflexion: per_fault={'hop0': False, 'hop1': True, 'hop2': False, 'concise': True, 'english': True} all_resolved=False n_resolved=3/5 tokens=(12582,1356)
  N=5 real_musique_hop_00246_3hop1__76377_40769_64047 seed=0 arm=intro_specter: per_fault={'hop0': True, 'hop1': True, 'hop2': False, 'concise': True, 'english': True} all_resolved=False n_resolved=4/5 tokens=(4681,866)
  N=5 real_musique_hop_00246_3hop1__76377_40769_64047 seed=1 arm=direct: per_fault={'hop0': False, 'hop1': False, 'hop2': False, 'concise': True, 'english': True} all_resolved=False n_resolved=2/5 tokens=(2052,273)
  N=5 real_musique_hop_00246_3hop1__76377_40769_64047 seed=1 arm=self_refine: per_fault={'hop0': True, 'hop1': True, 'hop2': False, 'concise': True, 'english': True} all_resolved=False n_resolved=4/5 tokens=(4527,822)
  N=5 real_musique_hop_00246_3hop1__76377_40769_64047 seed=1 arm=full_regen: per_fault={'hop0': False, 'hop1': False, 'hop2': False, 'concise': True, 'english': True} all_resolved=False n_resolved=2/5 tokens=(4104,510)
  N=5 real_musique_hop_00246_3hop1__76377_40769_64047 seed=1 arm=react: per_fault={'hop0': True, 'hop1': True, 'hop2': False, 'concise': True, 'english': True} all_resolved=False n_resolved=4/5 tokens=(4157,727)
  N=5 real_musique_hop_00246_3hop1__76377_40769_64047 seed=1 arm=selfcheckgpt: per_fault={'hop0': False, 'hop1': False, 'hop2': False, 'concise': True, 'english': True} all_resolved=False n_resolved=2/5 tokens=(12155,589)
  N=5 real_musique_hop_00246_3hop1__76377_40769_64047 seed=1 arm=reflexion: per_fault={'hop0': False, 'hop1': True, 'hop2': False, 'concise': True, 'english': True} all_resolved=False n_resolved=3/5 tokens=(12582,1356)
  N=5 real_musique_hop_00246_3hop1__76377_40769_64047 seed=1 arm=intro_specter: per_fault={'hop0': True, 'hop1': True, 'hop2': False, 'concise': True, 'english': True} all_resolved=False n_resolved=4/5 tokens=(4681,866)
  N=5 real_musique_hop_00246_3hop1__76377_40769_64047 seed=2 arm=direct: per_fault={'hop0': False, 'hop1': True, 'hop2': False, 'concise': True, 'english': True} all_resolved=False n_resolved=3/5 tokens=(2052,265)
  N=5 real_musique_hop_00246_3hop1__76377_40769_64047 seed=2 arm=self_refine: per_fault={'hop0': False, 'hop1': True, 'hop2': False, 'concise': True, 'english': True} all_resolved=False n_resolved=3/5 tokens=(4497,713)
  N=5 real_musique_hop_00246_3hop1__76377_40769_64047 seed=2 arm=full_regen: per_fault={'hop0': False, 'hop1': False, 'hop2': False, 'concise': True, 'english': True} all_resolved=False n_resolved=2/5 tokens=(4104,568)
  N=5 real_musique_hop_00246_3hop1__76377_40769_64047 seed=2 arm=react: per_fault={'hop0': True, 'hop1': True, 'hop2': False, 'concise': True, 'english': True} all_resolved=False n_resolved=4/5 tokens=(4157,954)
  N=5 real_musique_hop_00246_3hop1__76377_40769_64047 seed=2 arm=selfcheckgpt: per_fault={'hop0': False, 'hop1': True, 'hop2': False, 'concise': True, 'english': True} all_resolved=False n_resolved=3/5 tokens=(12020,451)
  N=5 real_musique_hop_00246_3hop1__76377_40769_64047 seed=2 arm=reflexion: per_fault={'hop0': False, 'hop1': False, 'hop2': True, 'concise': True, 'english': True} all_resolved=False n_resolved=3/5 tokens=(12330,1184)
  N=5 real_musique_hop_00246_3hop1__76377_40769_64047 seed=2 arm=intro_specter: per_fault={'hop0': False, 'hop1': False, 'hop2': True, 'concise': True, 'english': True} all_resolved=False n_resolved=3/5 tokens=(4651,753)
  N=5 real_musique_hop_00250_3hop2__782397_223623_162182 seed=0 arm=direct: per_fault={'hop0': True, 'hop1': True, 'hop2': True, 'bullets': True, 'concise': True} all_resolved=True n_resolved=5/5 tokens=(1843,316)
  N=5 real_musique_hop_00250_3hop2__782397_223623_162182 seed=0 arm=self_refine: per_fault={'hop0': True, 'hop1': True, 'hop2': True, 'bullets': True, 'concise': True} all_resolved=True n_resolved=5/5 tokens=(4161,894)
  N=5 real_musique_hop_00250_3hop2__782397_223623_162182 seed=0 arm=full_regen: per_fault={'hop0': True, 'hop1': False, 'hop2': True, 'bullets': True, 'concise': True} all_resolved=False n_resolved=4/5 tokens=(3686,548)
  N=5 real_musique_hop_00250_3hop2__782397_223623_162182 seed=0 arm=react: per_fault={'hop0': True, 'hop1': True, 'hop2': True, 'bullets': True, 'concise': True} all_resolved=True n_resolved=5/5 tokens=(3739,763)
  N=5 real_musique_hop_00250_3hop2__782397_223623_162182 seed=0 arm=selfcheckgpt: per_fault={'hop0': True, 'hop1': True, 'hop2': True, 'bullets': True, 'concise': True} all_resolved=True n_resolved=5/5 tokens=(10806,542)
  N=5 real_musique_hop_00250_3hop2__782397_223623_162182 seed=0 arm=reflexion: per_fault={'hop0': True, 'hop1': True, 'hop2': True, 'bullets': True, 'concise': True} all_resolved=True n_resolved=5/5 tokens=(1843,316)
  N=5 real_musique_hop_00250_3hop2__782397_223623_162182 seed=0 arm=intro_specter: per_fault={'hop0': True, 'hop1': True, 'hop2': True, 'bullets': True, 'concise': True} all_resolved=True n_resolved=5/5 tokens=(4315,841)
  N=5 real_musique_hop_00250_3hop2__782397_223623_162182 seed=1 arm=direct: per_fault={'hop0': True, 'hop1': True, 'hop2': True, 'bullets': True, 'concise': True} all_resolved=True n_resolved=5/5 tokens=(1843,316)
  N=5 real_musique_hop_00250_3hop2__782397_223623_162182 seed=1 arm=self_refine: per_fault={'hop0': True, 'hop1': True, 'hop2': True, 'bullets': True, 'concise': True} all_resolved=True n_resolved=5/5 tokens=(4161,894)
  N=5 real_musique_hop_00250_3hop2__782397_223623_162182 seed=1 arm=full_regen: per_fault={'hop0': True, 'hop1': True, 'hop2': True, 'bullets': True, 'concise': False} all_resolved=False n_resolved=4/5 tokens=(3686,687)
  N=5 real_musique_hop_00250_3hop2__782397_223623_162182 seed=1 arm=react: per_fault={'hop0': True, 'hop1': True, 'hop2': True, 'bullets': True, 'concise': True} all_resolved=True n_resolved=5/5 tokens=(3739,763)
  N=5 real_musique_hop_00250_3hop2__782397_223623_162182 seed=1 arm=selfcheckgpt: per_fault={'hop0': True, 'hop1': True, 'hop2': True, 'bullets': True, 'concise': True} all_resolved=True n_resolved=5/5 tokens=(10782,536)
  N=5 real_musique_hop_00250_3hop2__782397_223623_162182 seed=1 arm=reflexion: per_fault={'hop0': True, 'hop1': True, 'hop2': True, 'bullets': True, 'concise': True} all_resolved=True n_resolved=5/5 tokens=(1843,316)
  N=5 real_musique_hop_00250_3hop2__782397_223623_162182 seed=1 arm=intro_specter: per_fault={'hop0': True, 'hop1': True, 'hop2': True, 'bullets': True, 'concise': True} all_resolved=True n_resolved=5/5 tokens=(4315,841)
  N=5 real_musique_hop_00250_3hop2__782397_223623_162182 seed=2 arm=direct: per_fault={'hop0': True, 'hop1': False, 'hop2': True, 'bullets': True, 'concise': True} all_resolved=False n_resolved=4/5 tokens=(1843,323)
  N=5 real_musique_hop_00250_3hop2__782397_223623_162182 seed=2 arm=self_refine: per_fault={'hop0': True, 'hop1': False, 'hop2': True, 'bullets': True, 'concise': False} all_resolved=False n_resolved=3/5 tokens=(4168,939)
  N=5 real_musique_hop_00250_3hop2__782397_223623_162182 seed=2 arm=full_regen: per_fault={'hop0': False, 'hop1': True, 'hop2': True, 'bullets': True, 'concise': True} all_resolved=False n_resolved=4/5 tokens=(3686,634)
  N=5 real_musique_hop_00250_3hop2__782397_223623_162182 seed=2 arm=react: per_fault={'hop0': True, 'hop1': False, 'hop2': True, 'bullets': True, 'concise': True} all_resolved=False n_resolved=4/5 tokens=(3739,983)
  N=5 real_musique_hop_00250_3hop2__782397_223623_162182 seed=2 arm=selfcheckgpt: per_fault={'hop0': True, 'hop1': False, 'hop2': True, 'bullets': True, 'concise': True} all_resolved=False n_resolved=4/5 tokens=(10782,539)
  N=5 real_musique_hop_00250_3hop2__782397_223623_162182 seed=2 arm=reflexion: per_fault={'hop0': True, 'hop1': False, 'hop2': True, 'bullets': True, 'concise': True} all_resolved=False n_resolved=4/5 tokens=(1843,323)
  N=5 real_musique_hop_00250_3hop2__782397_223623_162182 seed=2 arm=intro_specter: per_fault={'hop0': True, 'hop1': False, 'hop2': True, 'bullets': True, 'concise': True} all_resolved=False n_resolved=4/5 tokens=(4322,624)
  N=5 real_musique_hop_00253_3hop1__800948_40769_64047 seed=0 arm=direct: per_fault={'hop0': False, 'hop1': True, 'hop2': False, 'concise': True, 'english': True} all_resolved=False n_resolved=3/5 tokens=(1834,305)
  N=5 real_musique_hop_00253_3hop1__800948_40769_64047 seed=0 arm=self_refine: per_fault={'hop0': False, 'hop1': True, 'hop2': False, 'concise': True, 'english': True} all_resolved=False n_resolved=3/5 tokens=(4131,854)
  N=5 real_musique_hop_00253_3hop1__800948_40769_64047 seed=0 arm=full_regen: per_fault={'hop0': False, 'hop1': True, 'hop2': False, 'concise': True, 'english': True} all_resolved=False n_resolved=3/5 tokens=(3668,671)
  N=5 real_musique_hop_00253_3hop1__800948_40769_64047 seed=0 arm=react: per_fault={'hop0': False, 'hop1': False, 'hop2': True, 'concise': True, 'english': True} all_resolved=False n_resolved=3/5 tokens=(3721,762)
  N=5 real_musique_hop_00253_3hop1__800948_40769_64047 seed=0 arm=selfcheckgpt: per_fault={'hop0': False, 'hop1': True, 'hop2': False, 'concise': True, 'english': True} all_resolved=False n_resolved=3/5 tokens=(10687,477)
  N=5 real_musique_hop_00253_3hop1__800948_40769_64047 seed=0 arm=reflexion: per_fault={'hop0': False, 'hop1': True, 'hop2': False, 'concise': True, 'english': True} all_resolved=False n_resolved=3/5 tokens=(11498,1351)
  N=5 real_musique_hop_00253_3hop1__800948_40769_64047 seed=0 arm=intro_specter: per_fault={'hop0': False, 'hop1': False, 'hop2': False, 'concise': True, 'english': True} all_resolved=False n_resolved=2/5 tokens=(4285,924)
  N=5 real_musique_hop_00253_3hop1__800948_40769_64047 seed=1 arm=direct: per_fault={'hop0': False, 'hop1': True, 'hop2': False, 'concise': True, 'english': True} all_resolved=False n_resolved=3/5 tokens=(1834,305)
  N=5 real_musique_hop_00253_3hop1__800948_40769_64047 seed=1 arm=self_refine: per_fault={'hop0': False, 'hop1': True, 'hop2': False, 'concise': True, 'english': True} all_resolved=False n_resolved=3/5 tokens=(4131,854)
  N=5 real_musique_hop_00253_3hop1__800948_40769_64047 seed=1 arm=full_regen: per_fault={'hop0': False, 'hop1': True, 'hop2': False, 'concise': True, 'english': True} all_resolved=False n_resolved=3/5 tokens=(3668,652)
  N=5 real_musique_hop_00253_3hop1__800948_40769_64047 seed=1 arm=react: per_fault={'hop0': False, 'hop1': False, 'hop2': True, 'concise': True, 'english': True} all_resolved=False n_resolved=3/5 tokens=(3721,762)
  N=5 real_musique_hop_00253_3hop1__800948_40769_64047 seed=1 arm=selfcheckgpt: per_fault={'hop0': False, 'hop1': True, 'hop2': False, 'concise': True, 'english': True} all_resolved=False n_resolved=3/5 tokens=(10693,483)
  N=5 real_musique_hop_00253_3hop1__800948_40769_64047 seed=1 arm=reflexion: per_fault={'hop0': False, 'hop1': True, 'hop2': False, 'concise': True, 'english': True} all_resolved=False n_resolved=3/5 tokens=(11498,1351)
  N=5 real_musique_hop_00253_3hop1__800948_40769_64047 seed=1 arm=intro_specter: per_fault={'hop0': False, 'hop1': False, 'hop2': False, 'concise': True, 'english': True} all_resolved=False n_resolved=2/5 tokens=(4285,924)
  N=5 real_musique_hop_00253_3hop1__800948_40769_64047 seed=2 arm=direct: per_fault={'hop0': False, 'hop1': True, 'hop2': True, 'concise': True, 'english': True} all_resolved=False n_resolved=4/5 tokens=(1834,387)
  N=5 real_musique_hop_00253_3hop1__800948_40769_64047 seed=2 arm=self_refine: per_fault={'hop0': False, 'hop1': True, 'hop2': False, 'concise': True, 'english': True} all_resolved=False n_resolved=3/5 tokens=(4165,1182)
  N=5 real_musique_hop_00253_3hop1__800948_40769_64047 seed=2 arm=full_regen: per_fault={'hop0': False, 'hop1': False, 'hop2': False, 'concise': True, 'english': True} all_resolved=False n_resolved=2/5 tokens=(3668,1026)
  N=5 real_musique_hop_00253_3hop1__800948_40769_64047 seed=2 arm=react: per_fault={'hop0': False, 'hop1': False, 'hop2': True, 'concise': True, 'english': True} all_resolved=False n_resolved=3/5 tokens=(3721,1038)
  N=5 real_musique_hop_00253_3hop1__800948_40769_64047 seed=2 arm=selfcheckgpt: per_fault={'hop0': False, 'hop1': True, 'hop2': True, 'concise': True, 'english': True} all_resolved=False n_resolved=4/5 tokens=(10740,613)
  N=5 real_musique_hop_00253_3hop1__800948_40769_64047 seed=2 arm=reflexion: per_fault={'hop0': False, 'hop1': True, 'hop2': False, 'concise': True, 'english': True} all_resolved=False n_resolved=3/5 tokens=(11803,1547)
  N=5 real_musique_hop_00253_3hop1__800948_40769_64047 seed=2 arm=intro_specter: per_fault={'hop0': False, 'hop1': True, 'hop2': False, 'concise': True, 'english': True} all_resolved=False n_resolved=3/5 tokens=(4319,875)
  N=5 real_musique_hop_00254_3hop1__379231_40769_64047 seed=0 arm=direct: per_fault={'hop0': True, 'hop1': True, 'hop2': False, 'concise': True, 'preamble': True} all_resolved=False n_resolved=4/5 tokens=(2082,455)
  N=5 real_musique_hop_00254_3hop1__379231_40769_64047 seed=0 arm=self_refine: per_fault={'hop0': True, 'hop1': True, 'hop2': False, 'concise': True, 'preamble': True} all_resolved=False n_resolved=4/5 tokens=(4756,1130)
  N=5 real_musique_hop_00254_3hop1__379231_40769_64047 seed=0 arm=full_regen: per_fault={'hop0': False, 'hop1': False, 'hop2': True, 'concise': True, 'preamble': True} all_resolved=False n_resolved=3/5 tokens=(4164,589)
  N=5 real_musique_hop_00254_3hop1__379231_40769_64047 seed=0 arm=react: per_fault={'hop0': True, 'hop1': True, 'hop2': True, 'concise': True, 'preamble': True} all_resolved=True n_resolved=5/5 tokens=(4217,998)
  N=5 real_musique_hop_00254_3hop1__379231_40769_64047 seed=0 arm=selfcheckgpt: per_fault={'hop0': True, 'hop1': True, 'hop2': True, 'concise': True, 'preamble': True} all_resolved=True n_resolved=5/5 tokens=(14199,624)
  N=5 real_musique_hop_00254_3hop1__379231_40769_64047 seed=0 arm=reflexion: per_fault={'hop0': True, 'hop1': True, 'hop2': True, 'concise': True, 'preamble': True} all_resolved=True n_resolved=5/5 tokens=(7459,1116)
  N=5 real_musique_hop_00254_3hop1__379231_40769_64047 seed=0 arm=intro_specter: per_fault={'hop0': False, 'hop1': False, 'hop2': True, 'concise': True, 'preamble': True} all_resolved=False n_resolved=3/5 tokens=(4910,1180)
  N=5 real_musique_hop_00254_3hop1__379231_40769_64047 seed=1 arm=direct: per_fault={'hop0': True, 'hop1': True, 'hop2': False, 'concise': True, 'preamble': True} all_resolved=False n_resolved=4/5 tokens=(2082,455)
  N=5 real_musique_hop_00254_3hop1__379231_40769_64047 seed=1 arm=self_refine: per_fault={'hop0': True, 'hop1': True, 'hop2': False, 'concise': True, 'preamble': True} all_resolved=False n_resolved=4/5 tokens=(4756,1130)
  N=5 real_musique_hop_00254_3hop1__379231_40769_64047 seed=1 arm=full_regen: per_fault={'hop0': True, 'hop1': True, 'hop2': False, 'concise': True, 'preamble': True} all_resolved=False n_resolved=4/5 tokens=(4164,744)
  N=5 real_musique_hop_00254_3hop1__379231_40769_64047 seed=1 arm=react: per_fault={'hop0': True, 'hop1': True, 'hop2': True, 'concise': True, 'preamble': True} all_resolved=True n_resolved=5/5 tokens=(4217,998)
  N=5 real_musique_hop_00254_3hop1__379231_40769_64047 seed=1 arm=selfcheckgpt: per_fault={'hop0': True, 'hop1': True, 'hop2': True, 'concise': True, 'preamble': True} all_resolved=True n_resolved=5/5 tokens=(14198,629)
  N=5 real_musique_hop_00254_3hop1__379231_40769_64047 seed=1 arm=reflexion: per_fault={'hop0': True, 'hop1': True, 'hop2': True, 'concise': True, 'preamble': True} all_resolved=True n_resolved=5/5 tokens=(7459,1116)
  N=5 real_musique_hop_00254_3hop1__379231_40769_64047 seed=1 arm=intro_specter: per_fault={'hop0': False, 'hop1': False, 'hop2': True, 'concise': True, 'preamble': True} all_resolved=False n_resolved=3/5 tokens=(4910,1180)
  N=5 real_musique_hop_00254_3hop1__379231_40769_64047 seed=2 arm=direct: per_fault={'hop0': False, 'hop1': False, 'hop2': True, 'concise': True, 'preamble': True} all_resolved=False n_resolved=3/5 tokens=(2082,193)
  N=5 real_musique_hop_00254_3hop1__379231_40769_64047 seed=2 arm=self_refine: per_fault={'hop0': False, 'hop1': True, 'hop2': False, 'concise': True, 'preamble': True} all_resolved=False n_resolved=3/5 tokens=(4410,536)
  N=5 real_musique_hop_00254_3hop1__379231_40769_64047 seed=2 arm=full_regen: per_fault={'hop0': False, 'hop1': False, 'hop2': True, 'concise': True, 'preamble': True} all_resolved=False n_resolved=3/5 tokens=(4164,599)
  N=5 real_musique_hop_00254_3hop1__379231_40769_64047 seed=2 arm=react: per_fault={'hop0': True, 'hop1': True, 'hop2': False, 'concise': True, 'preamble': True} all_resolved=False n_resolved=4/5 tokens=(4217,557)
  N=5 real_musique_hop_00254_3hop1__379231_40769_64047 seed=2 arm=selfcheckgpt: per_fault={'hop0': False, 'hop1': False, 'hop2': True, 'concise': True, 'preamble': True} all_resolved=False n_resolved=3/5 tokens=(12144,319)
  N=5 real_musique_hop_00254_3hop1__379231_40769_64047 seed=2 arm=reflexion: per_fault={'hop0': False, 'hop1': False, 'hop2': True, 'concise': True, 'preamble': True} all_resolved=False n_resolved=3/5 tokens=(2082,193)
  N=5 real_musique_hop_00254_3hop1__379231_40769_64047 seed=2 arm=intro_specter: per_fault={'hop0': False, 'hop1': False, 'hop2': True, 'concise': True, 'preamble': True} all_resolved=False n_resolved=3/5 tokens=(4564,512)
  N=5 real_musique_hop_00256_3hop1__51933_40769_64047 seed=0 arm=direct: per_fault={'hop0': False, 'hop1': False, 'hop2': False, 'bullets': True, 'english': True} all_resolved=False n_resolved=2/5 tokens=(2124,251)
  N=5 real_musique_hop_00256_3hop1__51933_40769_64047 seed=0 arm=self_refine: per_fault={'hop0': False, 'hop1': True, 'hop2': False, 'bullets': True, 'english': True} all_resolved=False n_resolved=3/5 tokens=(4628,733)
  N=5 real_musique_hop_00256_3hop1__51933_40769_64047 seed=0 arm=full_regen: per_fault={'hop0': False, 'hop1': False, 'hop2': True, 'bullets': True, 'english': True} all_resolved=False n_resolved=3/5 tokens=(4248,709)
  N=5 real_musique_hop_00256_3hop1__51933_40769_64047 seed=0 arm=react: per_fault={'hop0': False, 'hop1': False, 'hop2': False, 'bullets': True, 'english': True} all_resolved=False n_resolved=2/5 tokens=(4301,600)
  N=5 real_musique_hop_00256_3hop1__51933_40769_64047 seed=0 arm=selfcheckgpt: per_fault={'hop0': False, 'hop1': False, 'hop2': False, 'bullets': True, 'english': True} all_resolved=False n_resolved=2/5 tokens=(12413,401)
  N=5 real_musique_hop_00256_3hop1__51933_40769_64047 seed=0 arm=reflexion: per_fault={'hop0': False, 'hop1': False, 'hop2': False, 'bullets': True, 'english': True} all_resolved=False n_resolved=2/5 tokens=(12689,1200)
  N=5 real_musique_hop_00256_3hop1__51933_40769_64047 seed=0 arm=intro_specter: per_fault={'hop0': False, 'hop1': False, 'hop2': True, 'bullets': True, 'english': True} all_resolved=False n_resolved=3/5 tokens=(4782,772)
  N=5 real_musique_hop_00256_3hop1__51933_40769_64047 seed=1 arm=direct: per_fault={'hop0': False, 'hop1': False, 'hop2': False, 'bullets': True, 'english': True} all_resolved=False n_resolved=2/5 tokens=(2124,251)
  N=5 real_musique_hop_00256_3hop1__51933_40769_64047 seed=1 arm=self_refine: per_fault={'hop0': False, 'hop1': True, 'hop2': False, 'bullets': True, 'english': True} all_resolved=False n_resolved=3/5 tokens=(4628,733)
  N=5 real_musique_hop_00256_3hop1__51933_40769_64047 seed=1 arm=full_regen: per_fault={'hop0': False, 'hop1': True, 'hop2': True, 'bullets': True, 'english': True} all_resolved=False n_resolved=4/5 tokens=(4248,599)
  N=5 real_musique_hop_00256_3hop1__51933_40769_64047 seed=1 arm=react: per_fault={'hop0': False, 'hop1': False, 'hop2': False, 'bullets': True, 'english': True} all_resolved=False n_resolved=2/5 tokens=(4301,600)
  N=5 real_musique_hop_00256_3hop1__51933_40769_64047 seed=1 arm=selfcheckgpt: per_fault={'hop0': False, 'hop1': False, 'hop2': False, 'bullets': True, 'english': True} all_resolved=False n_resolved=2/5 tokens=(12437,431)
  N=5 real_musique_hop_00256_3hop1__51933_40769_64047 seed=1 arm=reflexion: per_fault={'hop0': False, 'hop1': False, 'hop2': False, 'bullets': True, 'english': True} all_resolved=False n_resolved=2/5 tokens=(12689,1200)
  N=5 real_musique_hop_00256_3hop1__51933_40769_64047 seed=1 arm=intro_specter: per_fault={'hop0': False, 'hop1': False, 'hop2': True, 'bullets': True, 'english': True} all_resolved=False n_resolved=3/5 tokens=(4782,772)
  N=5 real_musique_hop_00256_3hop1__51933_40769_64047 seed=2 arm=direct: per_fault={'hop0': False, 'hop1': False, 'hop2': False, 'bullets': True, 'english': True} all_resolved=False n_resolved=2/5 tokens=(2124,240)
  N=5 real_musique_hop_00256_3hop1__51933_40769_64047 seed=2 arm=self_refine: per_fault={'hop0': False, 'hop1': False, 'hop2': True, 'bullets': True, 'english': True} all_resolved=False n_resolved=3/5 tokens=(4617,780)
  N=5 real_musique_hop_00256_3hop1__51933_40769_64047 seed=2 arm=full_regen: per_fault={'hop0': False, 'hop1': False, 'hop2': False, 'bullets': True, 'english': True} all_resolved=False n_resolved=2/5 tokens=(4248,493)
  N=5 real_musique_hop_00256_3hop1__51933_40769_64047 seed=2 arm=react: per_fault={'hop0': False, 'hop1': False, 'hop2': False, 'bullets': True, 'english': True} all_resolved=False n_resolved=2/5 tokens=(4301,587)
  N=5 real_musique_hop_00256_3hop1__51933_40769_64047 seed=2 arm=selfcheckgpt: per_fault={'hop0': False, 'hop1': False, 'hop2': False, 'bullets': True, 'english': True} all_resolved=False n_resolved=2/5 tokens=(12424,387)
  N=5 real_musique_hop_00256_3hop1__51933_40769_64047 seed=2 arm=reflexion: per_fault={'hop0': False, 'hop1': True, 'hop2': False, 'bullets': True, 'english': True} all_resolved=False n_resolved=3/5 tokens=(12654,1188)
  N=5 real_musique_hop_00256_3hop1__51933_40769_64047 seed=2 arm=intro_specter: per_fault={'hop0': False, 'hop1': False, 'hop2': True, 'bullets': True, 'english': True} all_resolved=False n_resolved=3/5 tokens=(4771,737)
  N=5 real_musique_hop_00266_3hop2__222979_132628_40768 seed=0 arm=direct: per_fault={'hop0': True, 'hop1': True, 'hop2': False, 'concise': True, 'preamble': True} all_resolved=False n_resolved=4/5 tokens=(1821,363)
  N=5 real_musique_hop_00266_3hop2__222979_132628_40768 seed=0 arm=self_refine: per_fault={'hop0': True, 'hop1': True, 'hop2': False, 'concise': False, 'preamble': True} all_resolved=False n_resolved=3/5 tokens=(4122,1140)
  N=5 real_musique_hop_00266_3hop2__222979_132628_40768 seed=0 arm=full_regen: per_fault={'hop0': True, 'hop1': True, 'hop2': False, 'concise': True, 'preamble': True} all_resolved=False n_resolved=4/5 tokens=(3642,748)
  N=5 real_musique_hop_00266_3hop2__222979_132628_40768 seed=0 arm=react: per_fault={'hop0': True, 'hop1': True, 'hop2': False, 'concise': True, 'preamble': True} all_resolved=False n_resolved=4/5 tokens=(3695,1050)
  N=5 real_musique_hop_00266_3hop2__222979_132628_40768 seed=0 arm=selfcheckgpt: per_fault={'hop0': True, 'hop1': True, 'hop2': False, 'concise': True, 'preamble': True} all_resolved=False n_resolved=4/5 tokens=(10416,433)
  N=5 real_musique_hop_00266_3hop2__222979_132628_40768 seed=0 arm=reflexion: per_fault={'hop0': True, 'hop1': True, 'hop2': True, 'concise': True, 'preamble': True} all_resolved=True n_resolved=5/5 tokens=(6460,955)
  N=5 real_musique_hop_00266_3hop2__222979_132628_40768 seed=0 arm=intro_specter: per_fault={'hop0': True, 'hop1': True, 'hop2': True, 'concise': True, 'preamble': True} all_resolved=True n_resolved=5/5 tokens=(4276,751)
  N=5 real_musique_hop_00266_3hop2__222979_132628_40768 seed=1 arm=direct: per_fault={'hop0': True, 'hop1': True, 'hop2': False, 'concise': True, 'preamble': True} all_resolved=False n_resolved=4/5 tokens=(1821,363)
  N=5 real_musique_hop_00266_3hop2__222979_132628_40768 seed=1 arm=self_refine: per_fault={'hop0': True, 'hop1': True, 'hop2': False, 'concise': False, 'preamble': True} all_resolved=False n_resolved=3/5 tokens=(4122,1140)
  N=5 real_musique_hop_00266_3hop2__222979_132628_40768 seed=1 arm=full_regen: per_fault={'hop0': True, 'hop1': True, 'hop2': True, 'concise': True, 'preamble': True} all_resolved=True n_resolved=5/5 tokens=(3642,593)
  N=5 real_musique_hop_00266_3hop2__222979_132628_40768 seed=1 arm=react: per_fault={'hop0': True, 'hop1': True, 'hop2': False, 'concise': True, 'preamble': True} all_resolved=False n_resolved=4/5 tokens=(3695,1050)
  N=5 real_musique_hop_00266_3hop2__222979_132628_40768 seed=1 arm=selfcheckgpt: per_fault={'hop0': True, 'hop1': True, 'hop2': False, 'concise': True, 'preamble': True} all_resolved=False n_resolved=4/5 tokens=(10416,433)
  N=5 real_musique_hop_00266_3hop2__222979_132628_40768 seed=1 arm=reflexion: per_fault={'hop0': True, 'hop1': True, 'hop2': True, 'concise': True, 'preamble': True} all_resolved=True n_resolved=5/5 tokens=(6460,955)
  N=5 real_musique_hop_00266_3hop2__222979_132628_40768 seed=1 arm=intro_specter: per_fault={'hop0': True, 'hop1': True, 'hop2': True, 'concise': True, 'preamble': True} all_resolved=True n_resolved=5/5 tokens=(4276,751)
  N=5 real_musique_hop_00266_3hop2__222979_132628_40768 seed=2 arm=direct: per_fault={'hop0': True, 'hop1': True, 'hop2': True, 'concise': True, 'preamble': True} all_resolved=True n_resolved=5/5 tokens=(1821,276)
  N=5 real_musique_hop_00266_3hop2__222979_132628_40768 seed=2 arm=self_refine: per_fault={'hop0': False, 'hop1': False, 'hop2': True, 'concise': True, 'preamble': True} all_resolved=False n_resolved=3/5 tokens=(4076,790)
  N=5 real_musique_hop_00266_3hop2__222979_132628_40768 seed=2 arm=full_regen: per_fault={'hop0': True, 'hop1': True, 'hop2': True, 'concise': True, 'preamble': True} all_resolved=True n_resolved=5/5 tokens=(3642,624)
  N=5 real_musique_hop_00266_3hop2__222979_132628_40768 seed=2 arm=react: per_fault={'hop0': True, 'hop1': True, 'hop2': True, 'concise': True, 'preamble': True} all_resolved=True n_resolved=5/5 tokens=(3695,862)
  N=5 real_musique_hop_00266_3hop2__222979_132628_40768 seed=2 arm=selfcheckgpt: per_fault={'hop0': True, 'hop1': True, 'hop2': True, 'concise': True, 'preamble': True} all_resolved=True n_resolved=5/5 tokens=(10416,346)
  N=5 real_musique_hop_00266_3hop2__222979_132628_40768 seed=2 arm=reflexion: per_fault={'hop0': True, 'hop1': True, 'hop2': True, 'concise': True, 'preamble': True} all_resolved=True n_resolved=5/5 tokens=(1821,276)
  N=5 real_musique_hop_00266_3hop2__222979_132628_40768 seed=2 arm=intro_specter: per_fault={'hop0': True, 'hop1': True, 'hop2': True, 'concise': True, 'preamble': True} all_resolved=True n_resolved=5/5 tokens=(4230,665)
  N=5 real_musique_hop_00267_3hop2__132957_132967_40768 seed=0 arm=direct: per_fault={'hop0': True, 'hop1': True, 'hop2': True, 'bullets': True, 'english': True} all_resolved=True n_resolved=5/5 tokens=(2009,296)
  N=5 real_musique_hop_00267_3hop2__132957_132967_40768 seed=0 arm=self_refine: per_fault={'hop0': True, 'hop1': True, 'hop2': True, 'bullets': True, 'english': True} all_resolved=True n_resolved=5/5 tokens=(4473,829)
  N=5 real_musique_hop_00267_3hop2__132957_132967_40768 seed=0 arm=full_regen: per_fault={'hop0': False, 'hop1': False, 'hop2': True, 'bullets': True, 'english': True} all_resolved=False n_resolved=3/5 tokens=(4018,587)
  N=5 real_musique_hop_00267_3hop2__132957_132967_40768 seed=0 arm=react: per_fault={'hop0': True, 'hop1': True, 'hop2': True, 'bullets': True, 'english': True} all_resolved=True n_resolved=5/5 tokens=(4071,1046)
  N=5 real_musique_hop_00267_3hop2__132957_132967_40768 seed=0 arm=selfcheckgpt: per_fault={'hop0': True, 'hop1': True, 'hop2': True, 'bullets': True, 'english': True} all_resolved=True n_resolved=5/5 tokens=(11753,483)
  N=5 real_musique_hop_00267_3hop2__132957_132967_40768 seed=0 arm=reflexion: per_fault={'hop0': True, 'hop1': True, 'hop2': True, 'bullets': True, 'english': True} all_resolved=True n_resolved=5/5 tokens=(2009,296)
  N=5 real_musique_hop_00267_3hop2__132957_132967_40768 seed=0 arm=intro_specter: per_fault={'hop0': True, 'hop1': True, 'hop2': True, 'bullets': True, 'english': True} all_resolved=True n_resolved=5/5 tokens=(4627,954)
  N=5 real_musique_hop_00267_3hop2__132957_132967_40768 seed=1 arm=direct: per_fault={'hop0': True, 'hop1': True, 'hop2': True, 'bullets': True, 'english': True} all_resolved=True n_resolved=5/5 tokens=(2009,296)
  N=5 real_musique_hop_00267_3hop2__132957_132967_40768 seed=1 arm=self_refine: per_fault={'hop0': True, 'hop1': True, 'hop2': True, 'bullets': True, 'english': True} all_resolved=True n_resolved=5/5 tokens=(4473,829)
  N=5 real_musique_hop_00267_3hop2__132957_132967_40768 seed=1 arm=full_regen: per_fault={'hop0': True, 'hop1': True, 'hop2': True, 'bullets': True, 'english': True} all_resolved=True n_resolved=5/5 tokens=(4018,561)
  N=5 real_musique_hop_00267_3hop2__132957_132967_40768 seed=1 arm=react: per_fault={'hop0': True, 'hop1': True, 'hop2': True, 'bullets': True, 'english': True} all_resolved=True n_resolved=5/5 tokens=(4071,1046)
  N=5 real_musique_hop_00267_3hop2__132957_132967_40768 seed=1 arm=selfcheckgpt: per_fault={'hop0': True, 'hop1': True, 'hop2': True, 'bullets': True, 'english': True} all_resolved=True n_resolved=5/5 tokens=(11740,477)
  N=5 real_musique_hop_00267_3hop2__132957_132967_40768 seed=1 arm=reflexion: per_fault={'hop0': True, 'hop1': True, 'hop2': True, 'bullets': True, 'english': True} all_resolved=True n_resolved=5/5 tokens=(2009,296)
  N=5 real_musique_hop_00267_3hop2__132957_132967_40768 seed=1 arm=intro_specter: per_fault={'hop0': True, 'hop1': True, 'hop2': True, 'bullets': True, 'english': True} all_resolved=True n_resolved=5/5 tokens=(4627,954)
  N=5 real_musique_hop_00267_3hop2__132957_132967_40768 seed=2 arm=direct: per_fault={'hop0': False, 'hop1': False, 'hop2': True, 'bullets': True, 'english': True} all_resolved=False n_resolved=3/5 tokens=(2009,310)
  N=5 real_musique_hop_00267_3hop2__132957_132967_40768 seed=2 arm=self_refine: per_fault={'hop0': False, 'hop1': False, 'hop2': True, 'bullets': True, 'english': True} all_resolved=False n_resolved=3/5 tokens=(4481,841)
  N=5 real_musique_hop_00267_3hop2__132957_132967_40768 seed=2 arm=full_regen: per_fault={'hop0': True, 'hop1': True, 'hop2': True, 'bullets': True, 'english': True} all_resolved=True n_resolved=5/5 tokens=(4018,834)
  N=5 real_musique_hop_00267_3hop2__132957_132967_40768 seed=2 arm=react: per_fault={'hop0': True, 'hop1': False, 'hop2': True, 'bullets': True, 'english': True} all_resolved=False n_resolved=4/5 tokens=(4071,887)
  N=5 real_musique_hop_00267_3hop2__132957_132967_40768 seed=2 arm=selfcheckgpt: per_fault={'hop0': False, 'hop1': False, 'hop2': True, 'bullets': True, 'english': True} all_resolved=False n_resolved=3/5 tokens=(11544,416)
  N=5 real_musique_hop_00267_3hop2__132957_132967_40768 seed=2 arm=reflexion: per_fault={'hop0': False, 'hop1': False, 'hop2': True, 'bullets': True, 'english': True} all_resolved=False n_resolved=3/5 tokens=(2009,310)
  N=5 real_musique_hop_00267_3hop2__132957_132967_40768 seed=2 arm=intro_specter: per_fault={'hop0': False, 'hop1': False, 'hop2': True, 'bullets': True, 'english': True} all_resolved=False n_resolved=3/5 tokens=(4635,847)
  N=5 real_musique_hop_00273_3hop2__132957_379231_40768 seed=0 arm=direct: per_fault={'hop0': False, 'hop1': False, 'hop2': True, 'bullets': True, 'concise': True} all_resolved=False n_resolved=3/5 tokens=(2050,415)
  N=5 real_musique_hop_00273_3hop2__132957_379231_40768 seed=0 arm=self_refine: per_fault={'hop0': False, 'hop1': True, 'hop2': True, 'bullets': True, 'concise': False} all_resolved=False n_resolved=3/5 tokens=(4729,1123)
  N=5 real_musique_hop_00273_3hop2__132957_379231_40768 seed=0 arm=full_regen: per_fault={'hop0': True, 'hop1': True, 'hop2': True, 'bullets': True, 'concise': False} all_resolved=False n_resolved=4/5 tokens=(4100,852)
  N=5 real_musique_hop_00273_3hop2__132957_379231_40768 seed=0 arm=react: per_fault={'hop0': False, 'hop1': False, 'hop2': True, 'bullets': True, 'concise': True} all_resolved=False n_resolved=3/5 tokens=(4153,875)
  N=5 real_musique_hop_00273_3hop2__132957_379231_40768 seed=0 arm=selfcheckgpt: per_fault={'hop0': False, 'hop1': False, 'hop2': True, 'bullets': True, 'concise': True} all_resolved=False n_resolved=3/5 tokens=(12158,770)
  N=5 real_musique_hop_00273_3hop2__132957_379231_40768 seed=0 arm=reflexion: per_fault={'hop0': False, 'hop1': False, 'hop2': True, 'bullets': True, 'concise': True} all_resolved=False n_resolved=3/5 tokens=(2050,415)
  N=5 real_musique_hop_00273_3hop2__132957_379231_40768 seed=0 arm=intro_specter: per_fault={'hop0': False, 'hop1': False, 'hop2': True, 'bullets': True, 'concise': True} all_resolved=False n_resolved=3/5 tokens=(4883,1290)
  N=5 real_musique_hop_00273_3hop2__132957_379231_40768 seed=1 arm=direct: per_fault={'hop0': False, 'hop1': False, 'hop2': True, 'bullets': True, 'concise': True} all_resolved=False n_resolved=3/5 tokens=(2050,415)
  N=5 real_musique_hop_00273_3hop2__132957_379231_40768 seed=1 arm=self_refine: per_fault={'hop0': False, 'hop1': True, 'hop2': True, 'bullets': True, 'concise': False} all_resolved=False n_resolved=3/5 tokens=(4729,1123)
  N=5 real_musique_hop_00273_3hop2__132957_379231_40768 seed=1 arm=full_regen: per_fault={'hop0': False, 'hop1': False, 'hop2': True, 'bullets': True, 'concise': False} all_resolved=False n_resolved=2/5 tokens=(4100,711)
  N=5 real_musique_hop_00273_3hop2__132957_379231_40768 seed=1 arm=react: per_fault={'hop0': False, 'hop1': False, 'hop2': True, 'bullets': True, 'concise': True} all_resolved=False n_resolved=3/5 tokens=(4153,875)
  N=5 real_musique_hop_00273_3hop2__132957_379231_40768 seed=1 arm=selfcheckgpt: per_fault={'hop0': False, 'hop1': False, 'hop2': True, 'bullets': True, 'concise': True} all_resolved=False n_resolved=3/5 tokens=(12200,829)
  N=5 real_musique_hop_00273_3hop2__132957_379231_40768 seed=1 arm=reflexion: per_fault={'hop0': False, 'hop1': False, 'hop2': True, 'bullets': True, 'concise': True} all_resolved=False n_resolved=3/5 tokens=(2050,415)
  N=5 real_musique_hop_00273_3hop2__132957_379231_40768 seed=1 arm=intro_specter: per_fault={'hop0': False, 'hop1': False, 'hop2': True, 'bullets': True, 'concise': True} all_resolved=False n_resolved=3/5 tokens=(4883,1290)
  N=5 real_musique_hop_00273_3hop2__132957_379231_40768 seed=2 arm=direct: per_fault={'hop0': True, 'hop1': True, 'hop2': True, 'bullets': True, 'concise': False} all_resolved=False n_resolved=4/5 tokens=(2050,373)
  N=5 real_musique_hop_00273_3hop2__132957_379231_40768 seed=2 arm=self_refine: per_fault={'hop0': True, 'hop1': True, 'hop2': True, 'bullets': True, 'concise': False} all_resolved=False n_resolved=4/5 tokens=(4631,960)
  N=5 real_musique_hop_00273_3hop2__132957_379231_40768 seed=2 arm=full_regen: per_fault={'hop0': True, 'hop1': True, 'hop2': True, 'bullets': True, 'concise': False} all_resolved=False n_resolved=4/5 tokens=(4100,823)
  N=5 real_musique_hop_00273_3hop2__132957_379231_40768 seed=2 arm=react: per_fault={'hop0': True, 'hop1': True, 'hop2': True, 'bullets': True, 'concise': True} all_resolved=True n_resolved=5/5 tokens=(4153,955)
  N=5 real_musique_hop_00273_3hop2__132957_379231_40768 seed=2 arm=selfcheckgpt: per_fault={'hop0': True, 'hop1': True, 'hop2': True, 'bullets': True, 'concise': False} all_resolved=False n_resolved=4/5 tokens=(12414,686)
  N=5 real_musique_hop_00273_3hop2__132957_379231_40768 seed=2 arm=reflexion: per_fault={'hop0': True, 'hop1': True, 'hop2': True, 'bullets': True, 'concise': False} all_resolved=False n_resolved=4/5 tokens=(2050,373)
  N=5 real_musique_hop_00273_3hop2__132957_379231_40768 seed=2 arm=intro_specter: per_fault={'hop0': True, 'hop1': True, 'hop2': True, 'bullets': True, 'concise': False} all_resolved=False n_resolved=4/5 tokens=(4785,1038)

--- run summary (N=5, model=qwen-2.5-7b) ---
rows written: 174  errors: 0
total tokens_input=929082  total tokens_output=124432  grand_total=1053514
