Building 60 2-fault-injected longmemeval_real examples (bench_seed=42, scan_limit=3000, model=mistral-nemo-12b provider=openrouter model_id=mistralai/mistral-nemo)...
Built 60 examples. seeds=[0, 1, 2], arms=['direct', 'self_refine', 'reflexion', 'full_regen', 'react', 'selfcheckgpt', 'intro_specter']
[direct] Resuming: 3 (task_id, seed) rows already present.
  model=mistral-nemo-12b N=2 arm=direct real_lme_00000_gpt4_2ba83207 seed=1: per_fault={'ctx': False, 'concise': True} all_resolved=False n_resolved=1/2 tokens=(2482,394)
  model=mistral-nemo-12b N=2 arm=direct real_lme_00000_gpt4_2ba83207 seed=2: per_fault={'ctx': False, 'concise': True} all_resolved=False n_resolved=1/2 tokens=(2482,386)
  model=mistral-nemo-12b N=2 arm=direct real_lme_00001_603deb26 seed=1: per_fault={'ctx': True, 'concise': True} all_resolved=True n_resolved=2/2 tokens=(2519,291)
  model=mistral-nemo-12b N=2 arm=direct real_lme_00001_603deb26 seed=2: per_fault={'ctx': False, 'concise': True} all_resolved=False n_resolved=1/2 tokens=(2519,487)
  model=mistral-nemo-12b N=2 arm=direct real_lme_00002_51c32626 seed=1: per_fault={'ctx': True, 'concise': True} all_resolved=True n_resolved=2/2 tokens=(2158,353)
  model=mistral-nemo-12b N=2 arm=direct real_lme_00002_51c32626 seed=2: per_fault={'ctx': True, 'concise': True} all_resolved=True n_resolved=2/2 tokens=(2158,344)
  model=mistral-nemo-12b N=2 arm=direct real_lme_00004_gpt4_2655b836 seed=0: per_fault={'ctx': False, 'concise': True} all_resolved=False n_resolved=1/2 tokens=(2196,367)
  model=mistral-nemo-12b N=2 arm=direct real_lme_00004_gpt4_2655b836 seed=1: per_fault={'ctx': False, 'concise': True} all_resolved=False n_resolved=1/2 tokens=(2196,367)
  model=mistral-nemo-12b N=2 arm=direct real_lme_00004_gpt4_2655b836 seed=2: per_fault={'ctx': True, 'concise': False} all_resolved=False n_resolved=1/2 tokens=(2196,280)
  model=mistral-nemo-12b N=2 arm=direct real_lme_00005_2698e78f_abs seed=0: per_fault={'ctx': True, 'concise': True} all_resolved=True n_resolved=2/2 tokens=(2153,416)
  model=mistral-nemo-12b N=2 arm=direct real_lme_00005_2698e78f_abs seed=1: per_fault={'ctx': True, 'concise': True} all_resolved=True n_resolved=2/2 tokens=(2153,416)
  model=mistral-nemo-12b N=2 arm=direct real_lme_00005_2698e78f_abs seed=2: per_fault={'ctx': True, 'concise': True} all_resolved=True n_resolved=2/2 tokens=(2153,362)
  model=mistral-nemo-12b N=2 arm=direct real_lme_00006_gpt4_1d80365e seed=0: per_fault={'ctx': False, 'concise': True} all_resolved=False n_resolved=1/2 tokens=(2323,258)
  model=mistral-nemo-12b N=2 arm=direct real_lme_00006_gpt4_1d80365e seed=1: per_fault={'ctx': False, 'concise': True} all_resolved=False n_resolved=1/2 tokens=(2323,258)
  model=mistral-nemo-12b N=2 arm=direct real_lme_00006_gpt4_1d80365e seed=2: per_fault={'ctx': False, 'concise': True} all_resolved=False n_resolved=1/2 tokens=(2323,287)
  model=mistral-nemo-12b N=2 arm=direct real_lme_00007_5025383b seed=0: per_fault={'ctx': True, 'bullets': True} all_resolved=True n_resolved=2/2 tokens=(2071,255)
  model=mistral-nemo-12b N=2 arm=direct real_lme_00007_5025383b seed=1: per_fault={'ctx': True, 'bullets': True} all_resolved=True n_resolved=2/2 tokens=(2071,255)
  model=mistral-nemo-12b N=2 arm=direct real_lme_00007_5025383b seed=2: per_fault={'ctx': True, 'bullets': True} all_resolved=True n_resolved=2/2 tokens=(2071,272)
  model=mistral-nemo-12b N=2 arm=direct real_lme_00008_gpt4_cd90e484 seed=0: per_fault={'ctx': False, 'bullets': True} all_resolved=False n_resolved=1/2 tokens=(2184,264)
  model=mistral-nemo-12b N=2 arm=direct real_lme_00008_gpt4_cd90e484 seed=1: per_fault={'ctx': False, 'bullets': True} all_resolved=False n_resolved=1/2 tokens=(2184,264)
  model=mistral-nemo-12b N=2 arm=direct real_lme_00008_gpt4_cd90e484 seed=2: per_fault={'ctx': False, 'bullets': True} all_resolved=False n_resolved=1/2 tokens=(2184,353)
  model=mistral-nemo-12b N=2 arm=direct real_lme_00009_c19f7a0b seed=0: per_fault={'ctx': True, 'concise': True} all_resolved=True n_resolved=2/2 tokens=(2361,167)
  model=mistral-nemo-12b N=2 arm=direct real_lme_00009_c19f7a0b seed=1: per_fault={'ctx': True, 'concise': True} all_resolved=True n_resolved=2/2 tokens=(2361,167)
  model=mistral-nemo-12b N=2 arm=direct real_lme_00009_c19f7a0b seed=2: per_fault={'ctx': True, 'concise': True} all_resolved=True n_resolved=2/2 tokens=(2361,393)
  model=mistral-nemo-12b N=2 arm=direct real_lme_00010_0a34ad58 seed=0: per_fault={'ctx': False, 'concise': False} all_resolved=False n_resolved=0/2 tokens=(2700,466)
  model=mistral-nemo-12b N=2 arm=direct real_lme_00010_0a34ad58 seed=1: per_fault={'ctx': False, 'concise': False} all_resolved=False n_resolved=0/2 tokens=(2700,466)
  model=mistral-nemo-12b N=2 arm=direct real_lme_00010_0a34ad58 seed=2: per_fault={'ctx': False, 'concise': False} all_resolved=False n_resolved=0/2 tokens=(2700,593)
  model=mistral-nemo-12b N=2 arm=direct real_lme_00011_gpt4_65aabe59 seed=0: per_fault={'ctx': True, 'preamble': True} all_resolved=True n_resolved=2/2 tokens=(2426,242)
  model=mistral-nemo-12b N=2 arm=direct real_lme_00011_gpt4_65aabe59 seed=1: per_fault={'ctx': True, 'preamble': True} all_resolved=True n_resolved=2/2 tokens=(2426,242)
  model=mistral-nemo-12b N=2 arm=direct real_lme_00011_gpt4_65aabe59 seed=2: per_fault={'ctx': True, 'preamble': True} all_resolved=True n_resolved=2/2 tokens=(2426,357)
  model=mistral-nemo-12b N=2 arm=direct real_lme_00012_d6233ab6 seed=0: per_fault={'ctx': False, 'preamble': True} all_resolved=False n_resolved=1/2 tokens=(2626,276)
  model=mistral-nemo-12b N=2 arm=direct real_lme_00012_d6233ab6 seed=1: per_fault={'ctx': False, 'preamble': True} all_resolved=False n_resolved=1/2 tokens=(2626,276)
  model=mistral-nemo-12b N=2 arm=direct real_lme_00012_d6233ab6 seed=2: per_fault={'ctx': False, 'preamble': True} all_resolved=False n_resolved=1/2 tokens=(2626,278)
  model=mistral-nemo-12b N=2 arm=direct real_lme_00014_gpt4_c27434e8_abs seed=0: per_fault={'ctx': False, 'bullets': True} all_resolved=False n_resolved=1/2 tokens=(2204,1120)
  model=mistral-nemo-12b N=2 arm=direct real_lme_00014_gpt4_c27434e8_abs seed=1: per_fault={'ctx': False, 'bullets': True} all_resolved=False n_resolved=1/2 tokens=(2204,1120)
  model=mistral-nemo-12b N=2 arm=direct real_lme_00014_gpt4_c27434e8_abs seed=2: per_fault={'ctx': False, 'bullets': True} all_resolved=False n_resolved=1/2 tokens=(2204,397)
  model=mistral-nemo-12b N=2 arm=direct real_lme_00016_f8c5f88b seed=0: per_fault={'ctx': False, 'bullets': True} all_resolved=False n_resolved=1/2 tokens=(2329,360)
  model=mistral-nemo-12b N=2 arm=direct real_lme_00016_f8c5f88b seed=1: per_fault={'ctx': False, 'bullets': True} all_resolved=False n_resolved=1/2 tokens=(2329,360)
  model=mistral-nemo-12b N=2 arm=direct real_lme_00016_f8c5f88b seed=2: per_fault={'ctx': True, 'bullets': True} all_resolved=True n_resolved=2/2 tokens=(2329,261)
  model=mistral-nemo-12b N=2 arm=direct real_lme_00018_gpt4_d31cdae3 seed=0: per_fault={'ctx': False, 'concise': False} all_resolved=False n_resolved=0/2 tokens=(2414,308)
  model=mistral-nemo-12b N=2 arm=direct real_lme_00018_gpt4_d31cdae3 seed=1: per_fault={'ctx': False, 'concise': False} all_resolved=False n_resolved=0/2 tokens=(2414,308)
  model=mistral-nemo-12b N=2 arm=direct real_lme_00018_gpt4_d31cdae3 seed=2: per_fault={'ctx': False, 'concise': False} all_resolved=False n_resolved=0/2 tokens=(2414,362)
  model=mistral-nemo-12b N=2 arm=direct real_lme_00019_gpt4_e414231f seed=0: per_fault={'ctx': True, 'preamble': True} all_resolved=True n_resolved=2/2 tokens=(2363,301)
  model=mistral-nemo-12b N=2 arm=direct real_lme_00019_gpt4_e414231f seed=1: per_fault={'ctx': True, 'preamble': True} all_resolved=True n_resolved=2/2 tokens=(2363,301)
  model=mistral-nemo-12b N=2 arm=direct real_lme_00019_gpt4_e414231f seed=2: per_fault={'ctx': True, 'preamble': True} all_resolved=True n_resolved=2/2 tokens=(2363,343)
  model=mistral-nemo-12b N=2 arm=direct real_lme_00021_e56a43b9 seed=0: per_fault={'ctx': True, 'english': True} all_resolved=True n_resolved=2/2 tokens=(2444,386)
  model=mistral-nemo-12b N=2 arm=direct real_lme_00021_e56a43b9 seed=1: per_fault={'ctx': True, 'english': True} all_resolved=True n_resolved=2/2 tokens=(2444,386)
  model=mistral-nemo-12b N=2 arm=direct real_lme_00021_e56a43b9 seed=2: per_fault={'ctx': True, 'english': True} all_resolved=True n_resolved=2/2 tokens=(2444,423)
  model=mistral-nemo-12b N=2 arm=direct real_lme_00022_6cb6f249 seed=0: per_fault={'ctx': True, 'bullets': True} all_resolved=True n_resolved=2/2 tokens=(2099,285)
  model=mistral-nemo-12b N=2 arm=direct real_lme_00022_6cb6f249 seed=1: per_fault={'ctx': True, 'bullets': True} all_resolved=True n_resolved=2/2 tokens=(2099,285)
  model=mistral-nemo-12b N=2 arm=direct real_lme_00022_6cb6f249 seed=2: per_fault={'ctx': True, 'bullets': True} all_resolved=True n_resolved=2/2 tokens=(2099,344)
  model=mistral-nemo-12b N=2 arm=direct real_lme_00023_e48988bc seed=0: per_fault={'ctx': True, 'english': True} all_resolved=True n_resolved=2/2 tokens=(1779,209)
  model=mistral-nemo-12b N=2 arm=direct real_lme_00023_e48988bc seed=1: per_fault={'ctx': True, 'english': True} all_resolved=True n_resolved=2/2 tokens=(1779,209)
  model=mistral-nemo-12b N=2 arm=direct real_lme_00023_e48988bc seed=2: per_fault={'ctx': True, 'english': True} all_resolved=True n_resolved=2/2 tokens=(1779,307)
  model=mistral-nemo-12b N=2 arm=direct real_lme_00025_gpt4_4929293b seed=0: per_fault={'ctx': False, 'concise': True} all_resolved=False n_resolved=1/2 tokens=(2198,506)
  model=mistral-nemo-12b N=2 arm=direct real_lme_00025_gpt4_4929293b seed=1: per_fault={'ctx': False, 'concise': True} all_resolved=False n_resolved=1/2 tokens=(2198,506)
  model=mistral-nemo-12b N=2 arm=direct real_lme_00025_gpt4_4929293b seed=2: per_fault={'ctx': False, 'concise': True} all_resolved=False n_resolved=1/2 tokens=(2198,254)
  model=mistral-nemo-12b N=2 arm=direct real_lme_00027_21d02d0d seed=0: per_fault={'ctx': True, 'concise': True} all_resolved=True n_resolved=2/2 tokens=(2342,281)
  model=mistral-nemo-12b N=2 arm=direct real_lme_00027_21d02d0d seed=1: per_fault={'ctx': True, 'concise': True} all_resolved=True n_resolved=2/2 tokens=(2342,281)
  model=mistral-nemo-12b N=2 arm=direct real_lme_00027_21d02d0d seed=2: per_fault={'ctx': False, 'concise': False} all_resolved=False n_resolved=0/2 tokens=(2342,439)
  model=mistral-nemo-12b N=2 arm=direct real_lme_00028_1f2b8d4f seed=0: per_fault={'ctx': True, 'concise': True} all_resolved=True n_resolved=2/2 tokens=(2271,342)
  model=mistral-nemo-12b N=2 arm=direct real_lme_00028_1f2b8d4f seed=1: per_fault={'ctx': True, 'concise': True} all_resolved=True n_resolved=2/2 tokens=(2271,342)
  model=mistral-nemo-12b N=2 arm=direct real_lme_00028_1f2b8d4f seed=2: per_fault={'ctx': True, 'concise': True} all_resolved=True n_resolved=2/2 tokens=(2271,516)
  model=mistral-nemo-12b N=2 arm=direct real_lme_00029_a11281a2 seed=0: per_fault={'ctx': True, 'bullets': True} all_resolved=True n_resolved=2/2 tokens=(2300,379)
  model=mistral-nemo-12b N=2 arm=direct real_lme_00029_a11281a2 seed=1: per_fault={'ctx': True, 'bullets': True} all_resolved=True n_resolved=2/2 tokens=(2300,379)
  model=mistral-nemo-12b N=2 arm=direct real_lme_00029_a11281a2 seed=2: per_fault={'ctx': False, 'bullets': True} all_resolved=False n_resolved=1/2 tokens=(2300,275)
  model=mistral-nemo-12b N=2 arm=direct real_lme_00030_1de5cff2 seed=0: per_fault={'ctx': True, 'concise': True} all_resolved=True n_resolved=2/2 tokens=(1948,337)
  model=mistral-nemo-12b N=2 arm=direct real_lme_00030_1de5cff2 seed=1: per_fault={'ctx': True, 'concise': True} all_resolved=True n_resolved=2/2 tokens=(1948,337)
  model=mistral-nemo-12b N=2 arm=direct real_lme_00030_1de5cff2 seed=2: per_fault={'ctx': True, 'concise': True} all_resolved=True n_resolved=2/2 tokens=(1947,343)
  model=mistral-nemo-12b N=2 arm=direct real_lme_00031_8ebdbe50 seed=0: per_fault={'ctx': True, 'concise': False} all_resolved=False n_resolved=1/2 tokens=(2000,332)
  model=mistral-nemo-12b N=2 arm=direct real_lme_00031_8ebdbe50 seed=1: per_fault={'ctx': True, 'concise': False} all_resolved=False n_resolved=1/2 tokens=(2000,332)
  model=mistral-nemo-12b N=2 arm=direct real_lme_00031_8ebdbe50 seed=2: per_fault={'ctx': True, 'concise': False} all_resolved=False n_resolved=1/2 tokens=(2000,409)
  model=mistral-nemo-12b N=2 arm=direct real_lme_00032_22d2cb42 seed=0: per_fault={'ctx': False, 'english': True} all_resolved=False n_resolved=1/2 tokens=(2161,318)
  model=mistral-nemo-12b N=2 arm=direct real_lme_00032_22d2cb42 seed=1: per_fault={'ctx': False, 'english': True} all_resolved=False n_resolved=1/2 tokens=(2161,318)
  model=mistral-nemo-12b N=2 arm=direct real_lme_00032_22d2cb42 seed=2: per_fault={'ctx': False, 'english': True} all_resolved=False n_resolved=1/2 tokens=(2161,338)
  model=mistral-nemo-12b N=2 arm=direct real_lme_00033_gpt4_385a5000 seed=0: per_fault={'ctx': False, 'english': True} all_resolved=False n_resolved=1/2 tokens=(2308,401)
  model=mistral-nemo-12b N=2 arm=direct real_lme_00033_gpt4_385a5000 seed=1: per_fault={'ctx': False, 'english': True} all_resolved=False n_resolved=1/2 tokens=(2308,401)
  model=mistral-nemo-12b N=2 arm=direct real_lme_00033_gpt4_385a5000 seed=2: per_fault={'ctx': True, 'english': True} all_resolved=True n_resolved=2/2 tokens=(2308,296)
  model=mistral-nemo-12b N=2 arm=direct real_lme_00034_95bcc1c8 seed=0: per_fault={'ctx': True, 'preamble': True} all_resolved=True n_resolved=2/2 tokens=(2191,322)
  model=mistral-nemo-12b N=2 arm=direct real_lme_00034_95bcc1c8 seed=1: per_fault={'ctx': True, 'preamble': True} all_resolved=True n_resolved=2/2 tokens=(2191,322)
  model=mistral-nemo-12b N=2 arm=direct real_lme_00034_95bcc1c8 seed=2: per_fault={'ctx': True, 'preamble': True} all_resolved=True n_resolved=2/2 tokens=(2191,268)
  model=mistral-nemo-12b N=2 arm=direct real_lme_00035_gpt4_2312f94c seed=0: per_fault={'ctx': False, 'english': True} all_resolved=False n_resolved=1/2 tokens=(2213,288)
  model=mistral-nemo-12b N=2 arm=direct real_lme_00035_gpt4_2312f94c seed=1: per_fault={'ctx': False, 'english': True} all_resolved=False n_resolved=1/2 tokens=(2213,288)
  model=mistral-nemo-12b N=2 arm=direct real_lme_00035_gpt4_2312f94c seed=2: per_fault={'ctx': False, 'english': True} all_resolved=False n_resolved=1/2 tokens=(2213,292)
  model=mistral-nemo-12b N=2 arm=direct real_lme_00036_gpt4_468eb063 seed=0: per_fault={'ctx': True, 'preamble': True} all_resolved=True n_resolved=2/2 tokens=(2208,276)
  model=mistral-nemo-12b N=2 arm=direct real_lme_00036_gpt4_468eb063 seed=1: per_fault={'ctx': True, 'preamble': True} all_resolved=True n_resolved=2/2 tokens=(2208,276)
  model=mistral-nemo-12b N=2 arm=direct real_lme_00036_gpt4_468eb063 seed=2: per_fault={'ctx': True, 'preamble': True} all_resolved=True n_resolved=2/2 tokens=(2208,307)
  model=mistral-nemo-12b N=2 arm=direct real_lme_00037_faba32e5 seed=0: per_fault={'ctx': True, 'concise': True} all_resolved=True n_resolved=2/2 tokens=(2248,312)
  model=mistral-nemo-12b N=2 arm=direct real_lme_00037_faba32e5 seed=1: per_fault={'ctx': True, 'concise': True} all_resolved=True n_resolved=2/2 tokens=(2248,312)
  model=mistral-nemo-12b N=2 arm=direct real_lme_00037_faba32e5 seed=2: per_fault={'ctx': True, 'concise': True} all_resolved=True n_resolved=2/2 tokens=(2248,191)
  model=mistral-nemo-12b N=2 arm=direct real_lme_00038_b86304ba seed=0: per_fault={'ctx': False, 'english': True} all_resolved=False n_resolved=1/2 tokens=(2125,335)
  model=mistral-nemo-12b N=2 arm=direct real_lme_00038_b86304ba seed=1: per_fault={'ctx': False, 'english': True} all_resolved=False n_resolved=1/2 tokens=(2125,335)
  model=mistral-nemo-12b N=2 arm=direct real_lme_00038_b86304ba seed=2: per_fault={'ctx': False, 'english': True} all_resolved=False n_resolved=1/2 tokens=(2125,249)
  model=mistral-nemo-12b N=2 arm=direct real_lme_00039_gpt4_d6585ce8 seed=0: per_fault={'ctx': True, 'concise': False} all_resolved=False n_resolved=1/2 tokens=(2579,617)
  model=mistral-nemo-12b N=2 arm=direct real_lme_00039_gpt4_d6585ce8 seed=1: per_fault={'ctx': True, 'concise': False} all_resolved=False n_resolved=1/2 tokens=(2579,617)
  model=mistral-nemo-12b N=2 arm=direct real_lme_00039_gpt4_d6585ce8 seed=2: per_fault={'ctx': False, 'concise': False} all_resolved=False n_resolved=0/2 tokens=(2579,444)
  model=mistral-nemo-12b N=2 arm=direct real_lme_00040_gpt4_0b2f1d21 seed=0: per_fault={'ctx': True, 'concise': True} all_resolved=True n_resolved=2/2 tokens=(2205,386)
  model=mistral-nemo-12b N=2 arm=direct real_lme_00040_gpt4_0b2f1d21 seed=1: per_fault={'ctx': True, 'concise': True} all_resolved=True n_resolved=2/2 tokens=(2205,386)
  model=mistral-nemo-12b N=2 arm=direct real_lme_00040_gpt4_0b2f1d21 seed=2: per_fault={'ctx': True, 'concise': True} all_resolved=True n_resolved=2/2 tokens=(2205,337)
  model=mistral-nemo-12b N=2 arm=direct real_lme_00042_gpt4_5501fe77 seed=0: per_fault={'ctx': False, 'preamble': True} all_resolved=False n_resolved=1/2 tokens=(2303,324)
  model=mistral-nemo-12b N=2 arm=direct real_lme_00042_gpt4_5501fe77 seed=1: per_fault={'ctx': False, 'preamble': True} all_resolved=False n_resolved=1/2 tokens=(2303,324)
  model=mistral-nemo-12b N=2 arm=direct real_lme_00042_gpt4_5501fe77 seed=2: per_fault={'ctx': False, 'preamble': True} all_resolved=False n_resolved=1/2 tokens=(2303,358)
  model=mistral-nemo-12b N=2 arm=direct real_lme_00043_c2ac3c61 seed=0: per_fault={'ctx': True, 'bullets': True} all_resolved=True n_resolved=2/2 tokens=(2261,326)
  model=mistral-nemo-12b N=2 arm=direct real_lme_00043_c2ac3c61 seed=1: per_fault={'ctx': True, 'bullets': True} all_resolved=True n_resolved=2/2 tokens=(2261,326)
  model=mistral-nemo-12b N=2 arm=direct real_lme_00043_c2ac3c61 seed=2: per_fault={'ctx': True, 'bullets': True} all_resolved=True n_resolved=2/2 tokens=(2261,108)
  model=mistral-nemo-12b N=2 arm=direct real_lme_00044_gpt4_ec93e27f seed=0: per_fault={'ctx': True, 'bullets': True} all_resolved=True n_resolved=2/2 tokens=(2204,149)
  model=mistral-nemo-12b N=2 arm=direct real_lme_00044_gpt4_ec93e27f seed=1: per_fault={'ctx': True, 'bullets': True} all_resolved=True n_resolved=2/2 tokens=(2204,149)
  model=mistral-nemo-12b N=2 arm=direct real_lme_00044_gpt4_ec93e27f seed=2: per_fault={'ctx': False, 'bullets': True} all_resolved=False n_resolved=1/2 tokens=(2204,442)
  model=mistral-nemo-12b N=2 arm=direct real_lme_00045_06db6396 seed=0: per_fault={'ctx': True, 'concise': True} all_resolved=True n_resolved=2/2 tokens=(2216,273)
  model=mistral-nemo-12b N=2 arm=direct real_lme_00045_06db6396 seed=1: per_fault={'ctx': True, 'concise': True} all_resolved=True n_resolved=2/2 tokens=(2216,273)
  model=mistral-nemo-12b N=2 arm=direct real_lme_00045_06db6396 seed=2: per_fault={'ctx': True, 'concise': True} all_resolved=True n_resolved=2/2 tokens=(2216,263)
  model=mistral-nemo-12b N=2 arm=direct real_lme_00047_f685340e seed=0: per_fault={'ctx': False, 'bullets': True} all_resolved=False n_resolved=1/2 tokens=(2360,273)
  model=mistral-nemo-12b N=2 arm=direct real_lme_00047_f685340e seed=1: per_fault={'ctx': False, 'bullets': True} all_resolved=False n_resolved=1/2 tokens=(2360,273)
  model=mistral-nemo-12b N=2 arm=direct real_lme_00047_f685340e seed=2: per_fault={'ctx': False, 'bullets': True} all_resolved=False n_resolved=1/2 tokens=(2360,345)
  model=mistral-nemo-12b N=2 arm=direct real_lme_00048_dccbc061 seed=0: per_fault={'ctx': False, 'concise': False} all_resolved=False n_resolved=0/2 tokens=(2068,401)
  model=mistral-nemo-12b N=2 arm=direct real_lme_00048_dccbc061 seed=1: per_fault={'ctx': False, 'concise': False} all_resolved=False n_resolved=0/2 tokens=(2068,401)
  model=mistral-nemo-12b N=2 arm=direct real_lme_00048_dccbc061 seed=2: per_fault={'ctx': False, 'concise': False} all_resolved=False n_resolved=0/2 tokens=(2068,312)
  model=mistral-nemo-12b N=2 arm=direct real_lme_00049_0862e8bf_abs seed=0: per_fault={'ctx': True, 'concise': False} all_resolved=False n_resolved=1/2 tokens=(2454,271)
  model=mistral-nemo-12b N=2 arm=direct real_lme_00049_0862e8bf_abs seed=1: per_fault={'ctx': True, 'concise': False} all_resolved=False n_resolved=1/2 tokens=(2454,271)
  model=mistral-nemo-12b N=2 arm=direct real_lme_00049_0862e8bf_abs seed=2: per_fault={'ctx': True, 'concise': False} all_resolved=False n_resolved=1/2 tokens=(2454,278)
  model=mistral-nemo-12b N=2 arm=direct real_lme_00050_0862e8bf seed=0: per_fault={'ctx': True, 'concise': True} all_resolved=True n_resolved=2/2 tokens=(2221,231)
  model=mistral-nemo-12b N=2 arm=direct real_lme_00050_0862e8bf seed=1: per_fault={'ctx': True, 'concise': True} all_resolved=True n_resolved=2/2 tokens=(2221,231)
  model=mistral-nemo-12b N=2 arm=direct real_lme_00050_0862e8bf seed=2: per_fault={'ctx': True, 'concise': True} all_resolved=True n_resolved=2/2 tokens=(2221,182)
  model=mistral-nemo-12b N=2 arm=direct real_lme_00051_2ebe6c90 seed=0: per_fault={'ctx': False, 'concise': False} all_resolved=False n_resolved=0/2 tokens=(2210,444)
  model=mistral-nemo-12b N=2 arm=direct real_lme_00051_2ebe6c90 seed=1: per_fault={'ctx': False, 'concise': False} all_resolved=False n_resolved=0/2 tokens=(2210,444)
  model=mistral-nemo-12b N=2 arm=direct real_lme_00051_2ebe6c90 seed=2: per_fault={'ctx': False, 'concise': True} all_resolved=False n_resolved=1/2 tokens=(2210,454)
  model=mistral-nemo-12b N=2 arm=direct real_lme_00052_1faac195 seed=0: per_fault={'ctx': False, 'english': True} all_resolved=False n_resolved=1/2 tokens=(2234,88)
  model=mistral-nemo-12b N=2 arm=direct real_lme_00052_1faac195 seed=1: per_fault={'ctx': False, 'english': True} all_resolved=False n_resolved=1/2 tokens=(2234,88)
  model=mistral-nemo-12b N=2 arm=direct real_lme_00052_1faac195 seed=2: per_fault={'ctx': False, 'english': True} all_resolved=False n_resolved=1/2 tokens=(2234,144)
  model=mistral-nemo-12b N=2 arm=direct real_lme_00053_21d02d0d seed=0: per_fault={'ctx': False, 'bullets': True} all_resolved=False n_resolved=1/2 tokens=(2340,352)
  model=mistral-nemo-12b N=2 arm=direct real_lme_00053_21d02d0d seed=1: per_fault={'ctx': False, 'bullets': True} all_resolved=False n_resolved=1/2 tokens=(2340,352)
  model=mistral-nemo-12b N=2 arm=direct real_lme_00053_21d02d0d seed=2: per_fault={'ctx': True, 'bullets': True} all_resolved=True n_resolved=2/2 tokens=(2340,301)
  model=mistral-nemo-12b N=2 arm=direct real_lme_00054_603deb26 seed=0: per_fault={'ctx': False, 'bullets': True} all_resolved=False n_resolved=1/2 tokens=(2413,463)
  model=mistral-nemo-12b N=2 arm=direct real_lme_00054_603deb26 seed=1: per_fault={'ctx': False, 'bullets': True} all_resolved=False n_resolved=1/2 tokens=(2413,463)
  model=mistral-nemo-12b N=2 arm=direct real_lme_00054_603deb26 seed=2: per_fault={'ctx': False, 'bullets': True} all_resolved=False n_resolved=1/2 tokens=(2413,497)
  model=mistral-nemo-12b N=2 arm=direct real_lme_00055_7e974930 seed=0: per_fault={'ctx': False, 'bullets': True} all_resolved=False n_resolved=1/2 tokens=(2327,303)
  model=mistral-nemo-12b N=2 arm=direct real_lme_00055_7e974930 seed=1: per_fault={'ctx': False, 'bullets': True} all_resolved=False n_resolved=1/2 tokens=(2327,303)
  model=mistral-nemo-12b N=2 arm=direct real_lme_00055_7e974930 seed=2: per_fault={'ctx': False, 'bullets': True} all_resolved=False n_resolved=1/2 tokens=(2327,320)
  model=mistral-nemo-12b N=2 arm=direct real_lme_00057_dd2973ad seed=0: per_fault={'ctx': True, 'concise': True} all_resolved=True n_resolved=2/2 tokens=(2387,238)
  model=mistral-nemo-12b N=2 arm=direct real_lme_00057_dd2973ad seed=1: per_fault={'ctx': True, 'concise': True} all_resolved=True n_resolved=2/2 tokens=(2387,238)
  model=mistral-nemo-12b N=2 arm=direct real_lme_00057_dd2973ad seed=2: per_fault={'ctx': True, 'concise': True} all_resolved=True n_resolved=2/2 tokens=(2387,241)
  model=mistral-nemo-12b N=2 arm=direct real_lme_00058_b320f3f8 seed=0: per_fault={'ctx': True, 'preamble': True} all_resolved=True n_resolved=2/2 tokens=(2102,210)
  model=mistral-nemo-12b N=2 arm=direct real_lme_00058_b320f3f8 seed=1: per_fault={'ctx': True, 'preamble': True} all_resolved=True n_resolved=2/2 tokens=(2102,210)
  model=mistral-nemo-12b N=2 arm=direct real_lme_00058_b320f3f8 seed=2: per_fault={'ctx': True, 'preamble': True} all_resolved=True n_resolved=2/2 tokens=(2102,205)
  model=mistral-nemo-12b N=2 arm=direct real_lme_00059_2ebe6c90 seed=0: per_fault={'ctx': False, 'concise': False} all_resolved=False n_resolved=0/2 tokens=(2220,651)
  model=mistral-nemo-12b N=2 arm=direct real_lme_00059_2ebe6c90 seed=1: per_fault={'ctx': False, 'concise': False} all_resolved=False n_resolved=0/2 tokens=(2220,651)
  model=mistral-nemo-12b N=2 arm=direct real_lme_00059_2ebe6c90 seed=2: per_fault={'ctx': False, 'concise': True} all_resolved=False n_resolved=1/2 tokens=(2220,587)
  model=mistral-nemo-12b N=2 arm=direct real_lme_00064_gpt4_e061b84f seed=0: per_fault={'ctx': True, 'concise': True} all_resolved=True n_resolved=2/2 tokens=(2477,245)
  model=mistral-nemo-12b N=2 arm=direct real_lme_00064_gpt4_e061b84f seed=1: per_fault={'ctx': True, 'concise': True} all_resolved=True n_resolved=2/2 tokens=(2477,245)
  model=mistral-nemo-12b N=2 arm=direct real_lme_00064_gpt4_e061b84f seed=2: per_fault={'ctx': True, 'concise': True} all_resolved=True n_resolved=2/2 tokens=(2477,237)
  model=mistral-nemo-12b N=2 arm=direct real_lme_00066_8e91e7d9 seed=0: per_fault={'ctx': False, 'bullets': True} all_resolved=False n_resolved=1/2 tokens=(2089,299)
  model=mistral-nemo-12b N=2 arm=direct real_lme_00066_8e91e7d9 seed=1: per_fault={'ctx': False, 'bullets': True} all_resolved=False n_resolved=1/2 tokens=(2089,299)
  model=mistral-nemo-12b N=2 arm=direct real_lme_00066_8e91e7d9 seed=2: per_fault={'ctx': True, 'bullets': True} all_resolved=True n_resolved=2/2 tokens=(2089,411)
  model=mistral-nemo-12b N=2 arm=direct real_lme_00067_41698283 seed=0: per_fault={'ctx': False, 'english': True} all_resolved=False n_resolved=1/2 tokens=(2340,330)
  model=mistral-nemo-12b N=2 arm=direct real_lme_00067_41698283 seed=1: per_fault={'ctx': False, 'english': True} all_resolved=False n_resolved=1/2 tokens=(2340,330)
  model=mistral-nemo-12b N=2 arm=direct real_lme_00067_41698283 seed=2: per_fault={'ctx': True, 'english': True} all_resolved=True n_resolved=2/2 tokens=(2340,614)
  model=mistral-nemo-12b N=2 arm=direct real_lme_00068_dad224aa seed=0: per_fault={'ctx': True, 'concise': True} all_resolved=True n_resolved=2/2 tokens=(2312,215)
  model=mistral-nemo-12b N=2 arm=direct real_lme_00068_dad224aa seed=1: per_fault={'ctx': True, 'concise': True} all_resolved=True n_resolved=2/2 tokens=(2312,215)
  model=mistral-nemo-12b N=2 arm=direct real_lme_00068_dad224aa seed=2: per_fault={'ctx': True, 'concise': True} all_resolved=True n_resolved=2/2 tokens=(2312,423)
  model=mistral-nemo-12b N=2 arm=direct real_lme_00069_gpt4_31ff4165 seed=0: per_fault={'ctx': False, 'bullets': True} all_resolved=False n_resolved=1/2 tokens=(2447,483)
  model=mistral-nemo-12b N=2 arm=direct real_lme_00069_gpt4_31ff4165 seed=1: per_fault={'ctx': False, 'bullets': True} all_resolved=False n_resolved=1/2 tokens=(2447,483)
  model=mistral-nemo-12b N=2 arm=direct real_lme_00069_gpt4_31ff4165 seed=2: per_fault={'ctx': False, 'bullets': True} all_resolved=False n_resolved=1/2 tokens=(2447,619)
  model=mistral-nemo-12b N=2 arm=direct real_lme_00070_bc149d6b seed=0: per_fault={'ctx': True, 'english': True} all_resolved=True n_resolved=2/2 tokens=(2327,392)
  model=mistral-nemo-12b N=2 arm=direct real_lme_00070_bc149d6b seed=1: per_fault={'ctx': True, 'english': True} all_resolved=True n_resolved=2/2 tokens=(2327,392)
  model=mistral-nemo-12b N=2 arm=direct real_lme_00070_bc149d6b seed=2: per_fault={'ctx': True, 'english': True} all_resolved=True n_resolved=2/2 tokens=(2327,213)
  model=mistral-nemo-12b N=2 arm=direct real_lme_00071_51b23612 seed=0: per_fault={'ctx': True, 'concise': True} all_resolved=True n_resolved=2/2 tokens=(2163,260)
  model=mistral-nemo-12b N=2 arm=direct real_lme_00071_51b23612 seed=1: per_fault={'ctx': True, 'concise': True} all_resolved=True n_resolved=2/2 tokens=(2163,260)
  model=mistral-nemo-12b N=2 arm=direct real_lme_00071_51b23612 seed=2: per_fault={'ctx': True, 'concise': True} all_resolved=True n_resolved=2/2 tokens=(2163,352)
  model=mistral-nemo-12b N=2 arm=direct real_lme_00072_08f4fc43 seed=0: per_fault={'ctx': True, 'preamble': True} all_resolved=True n_resolved=2/2 tokens=(2249,361)
  model=mistral-nemo-12b N=2 arm=direct real_lme_00072_08f4fc43 seed=1: per_fault={'ctx': True, 'preamble': True} all_resolved=True n_resolved=2/2 tokens=(2249,361)
  model=mistral-nemo-12b N=2 arm=direct real_lme_00072_08f4fc43 seed=2: per_fault={'ctx': True, 'preamble': True} all_resolved=True n_resolved=2/2 tokens=(2249,368)
  model=mistral-nemo-12b N=2 arm=direct real_lme_00073_89941a94 seed=0: per_fault={'ctx': False, 'concise': True} all_resolved=False n_resolved=1/2 tokens=(2297,139)
  model=mistral-nemo-12b N=2 arm=direct real_lme_00073_89941a94 seed=1: per_fault={'ctx': False, 'concise': True} all_resolved=False n_resolved=1/2 tokens=(2297,139)
  model=mistral-nemo-12b N=2 arm=direct real_lme_00073_89941a94 seed=2: per_fault={'ctx': False, 'concise': True} all_resolved=False n_resolved=1/2 tokens=(2297,146)
  model=mistral-nemo-12b N=2 arm=direct real_lme_00074_681a1674 seed=0: per_fault={'ctx': True, 'preamble': True} all_resolved=True n_resolved=2/2 tokens=(2167,304)
  model=mistral-nemo-12b N=2 arm=direct real_lme_00074_681a1674 seed=1: per_fault={'ctx': True, 'preamble': True} all_resolved=True n_resolved=2/2 tokens=(2167,304)
  model=mistral-nemo-12b N=2 arm=direct real_lme_00074_681a1674 seed=2: per_fault={'ctx': True, 'preamble': True} all_resolved=True n_resolved=2/2 tokens=(2167,242)
--- [mistral-nemo-12b][direct] N=2: rows written=177 errors=0 tokens_in=401788 tokens_out=59761 ---
  model=mistral-nemo-12b N=2 arm=self_refine real_lme_00000_gpt4_2ba83207 seed=0: per_fault={'ctx': True, 'concise': True} all_resolved=True n_resolved=2/2 tokens=(5443,1084)
  model=mistral-nemo-12b N=2 arm=self_refine real_lme_00000_gpt4_2ba83207 seed=1: per_fault={'ctx': True, 'concise': True} all_resolved=True n_resolved=2/2 tokens=(5443,1084)
  model=mistral-nemo-12b N=2 arm=self_refine real_lme_00000_gpt4_2ba83207 seed=2: per_fault={'ctx': False, 'concise': True} all_resolved=False n_resolved=1/2 tokens=(5435,1099)
  model=mistral-nemo-12b N=2 arm=self_refine real_lme_00001_603deb26 seed=0: per_fault={'ctx': True, 'concise': True} all_resolved=True n_resolved=2/2 tokens=(5445,855)
  model=mistral-nemo-12b N=2 arm=self_refine real_lme_00001_603deb26 seed=1: per_fault={'ctx': True, 'concise': True} all_resolved=True n_resolved=2/2 tokens=(5445,855)
  model=mistral-nemo-12b N=2 arm=self_refine real_lme_00001_603deb26 seed=2: per_fault={'ctx': True, 'concise': True} all_resolved=True n_resolved=2/2 tokens=(5627,1268)
  model=mistral-nemo-12b N=2 arm=self_refine real_lme_00002_51c32626 seed=0: per_fault={'ctx': True, 'concise': False} all_resolved=False n_resolved=1/2 tokens=(4752,1033)
  model=mistral-nemo-12b N=2 arm=self_refine real_lme_00002_51c32626 seed=1: per_fault={'ctx': True, 'concise': False} all_resolved=False n_resolved=1/2 tokens=(4752,1033)
  model=mistral-nemo-12b N=2 arm=self_refine real_lme_00002_51c32626 seed=2: per_fault={'ctx': True, 'concise': False} all_resolved=False n_resolved=1/2 tokens=(4742,988)
  model=mistral-nemo-12b N=2 arm=self_refine real_lme_00004_gpt4_2655b836 seed=0: per_fault={'ctx': False, 'concise': False} all_resolved=False n_resolved=0/2 tokens=(4845,1108)
  model=mistral-nemo-12b N=2 arm=self_refine real_lme_00004_gpt4_2655b836 seed=1: per_fault={'ctx': False, 'concise': False} all_resolved=False n_resolved=0/2 tokens=(4845,1108)
  model=mistral-nemo-12b N=2 arm=self_refine real_lme_00004_gpt4_2655b836 seed=2: per_fault={'ctx': False, 'concise': True} all_resolved=False n_resolved=1/2 tokens=(4793,786)
  model=mistral-nemo-12b N=2 arm=self_refine real_lme_00005_2698e78f_abs seed=0: per_fault={'ctx': False, 'concise': False} all_resolved=False n_resolved=0/2 tokens=(4828,1197)
  model=mistral-nemo-12b N=2 arm=self_refine real_lme_00005_2698e78f_abs seed=1: per_fault={'ctx': False, 'concise': False} all_resolved=False n_resolved=0/2 tokens=(4828,1197)
  model=mistral-nemo-12b N=2 arm=self_refine real_lme_00005_2698e78f_abs seed=2: per_fault={'ctx': False, 'concise': False} all_resolved=False n_resolved=0/2 tokens=(4753,1066)
  model=mistral-nemo-12b N=2 arm=self_refine real_lme_00006_gpt4_1d80365e seed=0: per_fault={'ctx': False, 'concise': True} all_resolved=False n_resolved=1/2 tokens=(5025,840)
  model=mistral-nemo-12b N=2 arm=self_refine real_lme_00006_gpt4_1d80365e seed=1: per_fault={'ctx': False, 'concise': True} all_resolved=False n_resolved=1/2 tokens=(5025,840)
  model=mistral-nemo-12b N=2 arm=self_refine real_lme_00006_gpt4_1d80365e seed=2: per_fault={'ctx': False, 'concise': True} all_resolved=False n_resolved=1/2 tokens=(5054,711)
  model=mistral-nemo-12b N=2 arm=self_refine real_lme_00007_5025383b seed=0: per_fault={'ctx': False, 'bullets': True} all_resolved=False n_resolved=1/2 tokens=(4459,650)
  model=mistral-nemo-12b N=2 arm=self_refine real_lme_00007_5025383b seed=1: per_fault={'ctx': False, 'bullets': True} all_resolved=False n_resolved=1/2 tokens=(4459,650)
  model=mistral-nemo-12b N=2 arm=self_refine real_lme_00007_5025383b seed=2: per_fault={'ctx': True, 'bullets': True} all_resolved=True n_resolved=2/2 tokens=(4476,744)
  model=mistral-nemo-12b N=2 arm=self_refine real_lme_00008_gpt4_cd90e484 seed=0: per_fault={'ctx': False, 'bullets': True} all_resolved=False n_resolved=1/2 tokens=(4752,810)
  model=mistral-nemo-12b N=2 arm=self_refine real_lme_00008_gpt4_cd90e484 seed=1: per_fault={'ctx': False, 'bullets': True} all_resolved=False n_resolved=1/2 tokens=(4752,810)
  model=mistral-nemo-12b N=2 arm=self_refine real_lme_00008_gpt4_cd90e484 seed=2: per_fault={'ctx': False, 'bullets': True} all_resolved=False n_resolved=1/2 tokens=(4806,865)
  model=mistral-nemo-12b N=2 arm=self_refine real_lme_00009_c19f7a0b seed=0: per_fault={'ctx': True, 'concise': False} all_resolved=False n_resolved=1/2 tokens=(4950,560)
  model=mistral-nemo-12b N=2 arm=self_refine real_lme_00009_c19f7a0b seed=1: per_fault={'ctx': True, 'concise': False} all_resolved=False n_resolved=1/2 tokens=(4950,560)
  model=mistral-nemo-12b N=2 arm=self_refine real_lme_00009_c19f7a0b seed=2: per_fault={'ctx': True, 'concise': True} all_resolved=True n_resolved=2/2 tokens=(5197,1092)
  model=mistral-nemo-12b N=2 arm=self_refine real_lme_00010_0a34ad58 seed=0: per_fault={'ctx': False, 'concise': True} all_resolved=False n_resolved=1/2 tokens=(5948,988)
  model=mistral-nemo-12b N=2 arm=self_refine real_lme_00010_0a34ad58 seed=1: per_fault={'ctx': False, 'concise': True} all_resolved=False n_resolved=1/2 tokens=(5948,988)
  model=mistral-nemo-12b N=2 arm=self_refine real_lme_00010_0a34ad58 seed=2: per_fault={'ctx': False, 'concise': True} all_resolved=False n_resolved=1/2 tokens=(6138,1442)
  model=mistral-nemo-12b N=2 arm=self_refine real_lme_00011_gpt4_65aabe59 seed=0: per_fault={'ctx': True, 'preamble': True} all_resolved=True n_resolved=2/2 tokens=(5164,811)
  model=mistral-nemo-12b N=2 arm=self_refine real_lme_00011_gpt4_65aabe59 seed=1: per_fault={'ctx': True, 'preamble': True} all_resolved=True n_resolved=2/2 tokens=(5164,811)
  model=mistral-nemo-12b N=2 arm=self_refine real_lme_00011_gpt4_65aabe59 seed=2: per_fault={'ctx': True, 'preamble': True} all_resolved=True n_resolved=2/2 tokens=(5293,1051)
  model=mistral-nemo-12b N=2 arm=self_refine real_lme_00012_d6233ab6 seed=0: per_fault={'ctx': False, 'preamble': True} all_resolved=False n_resolved=1/2 tokens=(5567,778)
  model=mistral-nemo-12b N=2 arm=self_refine real_lme_00012_d6233ab6 seed=1: per_fault={'ctx': False, 'preamble': True} all_resolved=False n_resolved=1/2 tokens=(5567,778)
  model=mistral-nemo-12b N=2 arm=self_refine real_lme_00012_d6233ab6 seed=2: per_fault={'ctx': False, 'preamble': True} all_resolved=False n_resolved=1/2 tokens=(5569,687)
  model=mistral-nemo-12b N=2 arm=self_refine real_lme_00014_gpt4_c27434e8_abs seed=0: per_fault={'ctx': False, 'bullets': True} all_resolved=False n_resolved=1/2 tokens=(5671,2176)
  model=mistral-nemo-12b N=2 arm=self_refine real_lme_00014_gpt4_c27434e8_abs seed=1: per_fault={'ctx': False, 'bullets': True} all_resolved=False n_resolved=1/2 tokens=(5671,2176)
  model=mistral-nemo-12b N=2 arm=self_refine real_lme_00014_gpt4_c27434e8_abs seed=2: per_fault={'ctx': False, 'bullets': True} all_resolved=False n_resolved=1/2 tokens=(4877,981)
  model=mistral-nemo-12b N=2 arm=self_refine real_lme_00016_f8c5f88b seed=0: per_fault={'ctx': False, 'bullets': True} all_resolved=False n_resolved=1/2 tokens=(5100,903)
  model=mistral-nemo-12b N=2 arm=self_refine real_lme_00016_f8c5f88b seed=1: per_fault={'ctx': False, 'bullets': True} all_resolved=False n_resolved=1/2 tokens=(5100,903)
  model=mistral-nemo-12b N=2 arm=self_refine real_lme_00016_f8c5f88b seed=2: per_fault={'ctx': True, 'bullets': True} all_resolved=True n_resolved=2/2 tokens=(4980,734)
  model=mistral-nemo-12b N=2 arm=self_refine real_lme_00018_gpt4_d31cdae3 seed=0: per_fault={'ctx': True, 'concise': False} all_resolved=False n_resolved=1/2 tokens=(5199,860)
  model=mistral-nemo-12b N=2 arm=self_refine real_lme_00018_gpt4_d31cdae3 seed=1: per_fault={'ctx': True, 'concise': False} all_resolved=False n_resolved=1/2 tokens=(5199,860)
  model=mistral-nemo-12b N=2 arm=self_refine real_lme_00018_gpt4_d31cdae3 seed=2: per_fault={'ctx': True, 'concise': True} all_resolved=True n_resolved=2/2 tokens=(5274,767)
  model=mistral-nemo-12b N=2 arm=self_refine real_lme_00019_gpt4_e414231f seed=0: per_fault={'ctx': True, 'preamble': True} all_resolved=True n_resolved=2/2 tokens=(5091,880)
  model=mistral-nemo-12b N=2 arm=self_refine real_lme_00019_gpt4_e414231f seed=1: per_fault={'ctx': True, 'preamble': True} all_resolved=True n_resolved=2/2 tokens=(5091,880)
  model=mistral-nemo-12b N=2 arm=self_refine real_lme_00019_gpt4_e414231f seed=2: per_fault={'ctx': True, 'preamble': True} all_resolved=True n_resolved=2/2 tokens=(5154,975)
  model=mistral-nemo-12b N=2 arm=self_refine real_lme_00021_e56a43b9 seed=0: per_fault={'ctx': True, 'english': True} all_resolved=True n_resolved=2/2 tokens=(5356,1075)
  model=mistral-nemo-12b N=2 arm=self_refine real_lme_00021_e56a43b9 seed=1: per_fault={'ctx': True, 'english': True} all_resolved=True n_resolved=2/2 tokens=(5356,1075)
  model=mistral-nemo-12b N=2 arm=self_refine real_lme_00021_e56a43b9 seed=2: per_fault={'ctx': False, 'english': True} all_resolved=False n_resolved=1/2 tokens=(5414,1265)
  model=mistral-nemo-12b N=2 arm=self_refine real_lme_00022_6cb6f249 seed=0: per_fault={'ctx': True, 'bullets': True} all_resolved=True n_resolved=2/2 tokens=(4544,804)
  model=mistral-nemo-12b N=2 arm=self_refine real_lme_00022_6cb6f249 seed=1: per_fault={'ctx': True, 'bullets': True} all_resolved=True n_resolved=2/2 tokens=(4544,804)
  model=mistral-nemo-12b N=2 arm=self_refine real_lme_00022_6cb6f249 seed=2: per_fault={'ctx': True, 'bullets': True} all_resolved=True n_resolved=2/2 tokens=(4645,885)
  model=mistral-nemo-12b N=2 arm=self_refine real_lme_00023_e48988bc seed=0: per_fault={'ctx': True, 'english': True} all_resolved=True n_resolved=2/2 tokens=(3883,903)
  model=mistral-nemo-12b N=2 arm=self_refine real_lme_00023_e48988bc seed=1: per_fault={'ctx': True, 'english': True} all_resolved=True n_resolved=2/2 tokens=(3883,903)
  model=mistral-nemo-12b N=2 arm=self_refine real_lme_00023_e48988bc seed=2: per_fault={'ctx': False, 'english': True} all_resolved=False n_resolved=1/2 tokens=(3925,867)
  model=mistral-nemo-12b N=2 arm=self_refine real_lme_00025_gpt4_4929293b seed=0: per_fault={'ctx': False, 'concise': False} all_resolved=False n_resolved=0/2 tokens=(5030,1352)
  model=mistral-nemo-12b N=2 arm=self_refine real_lme_00025_gpt4_4929293b seed=1: per_fault={'ctx': False, 'concise': False} all_resolved=False n_resolved=0/2 tokens=(5030,1352)
  model=mistral-nemo-12b N=2 arm=self_refine real_lme_00025_gpt4_4929293b seed=2: per_fault={'ctx': False, 'concise': False} all_resolved=False n_resolved=0/2 tokens=(4715,873)
  model=mistral-nemo-12b N=2 arm=self_refine real_lme_00027_21d02d0d seed=0: per_fault={'ctx': True, 'concise': False} all_resolved=False n_resolved=1/2 tokens=(5027,987)
  model=mistral-nemo-12b N=2 arm=self_refine real_lme_00027_21d02d0d seed=1: per_fault={'ctx': True, 'concise': False} all_resolved=False n_resolved=1/2 tokens=(5027,987)
  model=mistral-nemo-12b N=2 arm=self_refine real_lme_00027_21d02d0d seed=2: per_fault={'ctx': True, 'concise': False} all_resolved=False n_resolved=1/2 tokens=(5185,1214)
  model=mistral-nemo-12b N=2 arm=self_refine real_lme_00028_1f2b8d4f seed=0: per_fault={'ctx': False, 'concise': False} all_resolved=False n_resolved=0/2 tokens=(4967,1010)
  model=mistral-nemo-12b N=2 arm=self_refine real_lme_00028_1f2b8d4f seed=1: per_fault={'ctx': False, 'concise': False} all_resolved=False n_resolved=0/2 tokens=(4967,1010)
  model=mistral-nemo-12b N=2 arm=self_refine real_lme_00028_1f2b8d4f seed=2: per_fault={'ctx': True, 'concise': False} all_resolved=False n_resolved=1/2 tokens=(5225,1430)
  model=mistral-nemo-12b N=2 arm=self_refine real_lme_00029_a11281a2 seed=0: per_fault={'ctx': True, 'bullets': True} all_resolved=True n_resolved=2/2 tokens=(5061,948)
  model=mistral-nemo-12b N=2 arm=self_refine real_lme_00029_a11281a2 seed=1: per_fault={'ctx': True, 'bullets': True} all_resolved=True n_resolved=2/2 tokens=(5061,948)
  model=mistral-nemo-12b N=2 arm=self_refine real_lme_00029_a11281a2 seed=2: per_fault={'ctx': True, 'bullets': True} all_resolved=True n_resolved=2/2 tokens=(5020,1095)
  model=mistral-nemo-12b N=2 arm=self_refine real_lme_00030_1de5cff2 seed=0: per_fault={'ctx': True, 'concise': True} all_resolved=True n_resolved=2/2 tokens=(4314,913)
  model=mistral-nemo-12b N=2 arm=self_refine real_lme_00030_1de5cff2 seed=1: per_fault={'ctx': True, 'concise': True} all_resolved=True n_resolved=2/2 tokens=(4314,913)
  model=mistral-nemo-12b N=2 arm=self_refine real_lme_00030_1de5cff2 seed=2: per_fault={'ctx': True, 'concise': True} all_resolved=True n_resolved=2/2 tokens=(4318,902)
  model=mistral-nemo-12b N=2 arm=self_refine real_lme_00031_8ebdbe50 seed=0: per_fault={'ctx': True, 'concise': False} all_resolved=False n_resolved=1/2 tokens=(4448,940)
  model=mistral-nemo-12b N=2 arm=self_refine real_lme_00031_8ebdbe50 seed=1: per_fault={'ctx': True, 'concise': False} all_resolved=False n_resolved=1/2 tokens=(4448,940)
  model=mistral-nemo-12b N=2 arm=self_refine real_lme_00031_8ebdbe50 seed=2: per_fault={'ctx': True, 'concise': True} all_resolved=True n_resolved=2/2 tokens=(4490,981)
  model=mistral-nemo-12b N=2 arm=self_refine real_lme_00032_22d2cb42 seed=0: per_fault={'ctx': False, 'english': True} all_resolved=False n_resolved=1/2 tokens=(4722,781)
  model=mistral-nemo-12b N=2 arm=self_refine real_lme_00032_22d2cb42 seed=1: per_fault={'ctx': False, 'english': True} all_resolved=False n_resolved=1/2 tokens=(4722,781)
  model=mistral-nemo-12b N=2 arm=self_refine real_lme_00032_22d2cb42 seed=2: per_fault={'ctx': False, 'english': True} all_resolved=False n_resolved=1/2 tokens=(4742,837)
  model=mistral-nemo-12b N=2 arm=self_refine real_lme_00033_gpt4_385a5000 seed=0: per_fault={'ctx': True, 'english': True} all_resolved=True n_resolved=2/2 tokens=(5124,995)
  model=mistral-nemo-12b N=2 arm=self_refine real_lme_00033_gpt4_385a5000 seed=1: per_fault={'ctx': True, 'english': True} all_resolved=True n_resolved=2/2 tokens=(5124,995)
  model=mistral-nemo-12b N=2 arm=self_refine real_lme_00033_gpt4_385a5000 seed=2: per_fault={'ctx': False, 'english': True} all_resolved=False n_resolved=1/2 tokens=(4998,1101)
  model=mistral-nemo-12b N=2 arm=self_refine real_lme_00034_95bcc1c8 seed=0: per_fault={'ctx': True, 'preamble': True} all_resolved=True n_resolved=2/2 tokens=(4786,871)
  model=mistral-nemo-12b N=2 arm=self_refine real_lme_00034_95bcc1c8 seed=1: per_fault={'ctx': True, 'preamble': True} all_resolved=True n_resolved=2/2 tokens=(4786,871)
  model=mistral-nemo-12b N=2 arm=self_refine real_lme_00034_95bcc1c8 seed=2: per_fault={'ctx': True, 'preamble': True} all_resolved=True n_resolved=2/2 tokens=(4711,844)
  model=mistral-nemo-12b N=2 arm=self_refine real_lme_00035_gpt4_2312f94c seed=0: per_fault={'ctx': False, 'english': True} all_resolved=False n_resolved=1/2 tokens=(4779,847)
  model=mistral-nemo-12b N=2 arm=self_refine real_lme_00035_gpt4_2312f94c seed=1: per_fault={'ctx': False, 'english': True} all_resolved=False n_resolved=1/2 tokens=(4779,847)
  model=mistral-nemo-12b N=2 arm=self_refine real_lme_00035_gpt4_2312f94c seed=2: per_fault={'ctx': False, 'english': True} all_resolved=False n_resolved=1/2 tokens=(4783,857)
  model=mistral-nemo-12b N=2 arm=self_refine real_lme_00036_gpt4_468eb063 seed=0: per_fault={'ctx': False, 'preamble': True} all_resolved=False n_resolved=1/2 tokens=(4735,773)
  model=mistral-nemo-12b N=2 arm=self_refine real_lme_00036_gpt4_468eb063 seed=1: per_fault={'ctx': False, 'preamble': True} all_resolved=False n_resolved=1/2 tokens=(4735,773)
  model=mistral-nemo-12b N=2 arm=self_refine real_lme_00036_gpt4_468eb063 seed=2: per_fault={'ctx': False, 'preamble': True} all_resolved=False n_resolved=1/2 tokens=(4787,848)
  model=mistral-nemo-12b N=2 arm=self_refine real_lme_00037_faba32e5 seed=0: per_fault={'ctx': True, 'concise': True} all_resolved=True n_resolved=2/2 tokens=(4888,775)
  model=mistral-nemo-12b N=2 arm=self_refine real_lme_00037_faba32e5 seed=1: per_fault={'ctx': True, 'concise': True} all_resolved=True n_resolved=2/2 tokens=(4888,775)
  model=mistral-nemo-12b N=2 arm=self_refine real_lme_00037_faba32e5 seed=2: per_fault={'ctx': True, 'concise': True} all_resolved=True n_resolved=2/2 tokens=(4774,553)
  model=mistral-nemo-12b N=2 arm=self_refine real_lme_00038_b86304ba seed=0: per_fault={'ctx': False, 'english': True} all_resolved=False n_resolved=1/2 tokens=(4757,1228)
  model=mistral-nemo-12b N=2 arm=self_refine real_lme_00038_b86304ba seed=1: per_fault={'ctx': False, 'english': True} all_resolved=False n_resolved=1/2 tokens=(4757,1228)
  model=mistral-nemo-12b N=2 arm=self_refine real_lme_00038_b86304ba seed=2: per_fault={'ctx': False, 'english': True} all_resolved=False n_resolved=1/2 tokens=(4559,860)
  model=mistral-nemo-12b N=2 arm=self_refine real_lme_00039_gpt4_d6585ce8 seed=0: per_fault={'ctx': False, 'concise': False} all_resolved=False n_resolved=0/2 tokens=(5901,1752)
  model=mistral-nemo-12b N=2 arm=self_refine real_lme_00039_gpt4_d6585ce8 seed=1: per_fault={'ctx': False, 'concise': False} all_resolved=False n_resolved=0/2 tokens=(5901,1752)
  model=mistral-nemo-12b N=2 arm=self_refine real_lme_00039_gpt4_d6585ce8 seed=2: per_fault={'ctx': False, 'concise': False} all_resolved=False n_resolved=0/2 tokens=(5686,1015)
  model=mistral-nemo-12b N=2 arm=self_refine real_lme_00040_gpt4_0b2f1d21 seed=0: per_fault={'ctx': True, 'concise': True} all_resolved=True n_resolved=2/2 tokens=(4903,1145)
  model=mistral-nemo-12b N=2 arm=self_refine real_lme_00040_gpt4_0b2f1d21 seed=1: per_fault={'ctx': True, 'concise': True} all_resolved=True n_resolved=2/2 tokens=(4903,1145)
  model=mistral-nemo-12b N=2 arm=self_refine real_lme_00040_gpt4_0b2f1d21 seed=2: per_fault={'ctx': False, 'concise': True} all_resolved=False n_resolved=1/2 tokens=(4924,959)
  model=mistral-nemo-12b N=2 arm=self_refine real_lme_00042_gpt4_5501fe77 seed=0: per_fault={'ctx': True, 'preamble': True} all_resolved=True n_resolved=2/2 tokens=(5015,881)
  model=mistral-nemo-12b N=2 arm=self_refine real_lme_00042_gpt4_5501fe77 seed=1: per_fault={'ctx': True, 'preamble': True} all_resolved=True n_resolved=2/2 tokens=(5015,881)
  model=mistral-nemo-12b N=2 arm=self_refine real_lme_00042_gpt4_5501fe77 seed=2: per_fault={'ctx': True, 'preamble': True} all_resolved=True n_resolved=2/2 tokens=(5049,994)
  model=mistral-nemo-12b N=2 arm=self_refine real_lme_00043_c2ac3c61 seed=0: per_fault={'ctx': True, 'bullets': True} all_resolved=True n_resolved=2/2 tokens=(4929,832)
  model=mistral-nemo-12b N=2 arm=self_refine real_lme_00043_c2ac3c61 seed=1: per_fault={'ctx': True, 'bullets': True} all_resolved=True n_resolved=2/2 tokens=(4929,832)
  model=mistral-nemo-12b N=2 arm=self_refine real_lme_00043_c2ac3c61 seed=2: per_fault={'ctx': True, 'bullets': True} all_resolved=True n_resolved=2/2 tokens=(4662,554)
  model=mistral-nemo-12b N=2 arm=self_refine real_lme_00044_gpt4_ec93e27f seed=0: per_fault={'ctx': True, 'bullets': True} all_resolved=True n_resolved=2/2 tokens=(4621,521)
  model=mistral-nemo-12b N=2 arm=self_refine real_lme_00044_gpt4_ec93e27f seed=1: per_fault={'ctx': True, 'bullets': True} all_resolved=True n_resolved=2/2 tokens=(4621,521)
  model=mistral-nemo-12b N=2 arm=self_refine real_lme_00044_gpt4_ec93e27f seed=2: per_fault={'ctx': True, 'bullets': True} all_resolved=True n_resolved=2/2 tokens=(4977,1243)
  model=mistral-nemo-12b N=2 arm=self_refine real_lme_00045_06db6396 seed=0: per_fault={'ctx': True, 'concise': True} all_resolved=True n_resolved=2/2 tokens=(4766,785)
  model=mistral-nemo-12b N=2 arm=self_refine real_lme_00045_06db6396 seed=1: per_fault={'ctx': True, 'concise': True} all_resolved=True n_resolved=2/2 tokens=(4766,785)
  model=mistral-nemo-12b N=2 arm=self_refine real_lme_00045_06db6396 seed=2: per_fault={'ctx': True, 'concise': False} all_resolved=False n_resolved=1/2 tokens=(4756,820)
  model=mistral-nemo-12b N=2 arm=self_refine real_lme_00047_f685340e seed=0: per_fault={'ctx': False, 'bullets': True} all_resolved=False n_resolved=1/2 tokens=(5054,803)
  model=mistral-nemo-12b N=2 arm=self_refine real_lme_00047_f685340e seed=1: per_fault={'ctx': False, 'bullets': True} all_resolved=False n_resolved=1/2 tokens=(5054,803)
  model=mistral-nemo-12b N=2 arm=self_refine real_lme_00047_f685340e seed=2: per_fault={'ctx': False, 'bullets': True} all_resolved=False n_resolved=1/2 tokens=(5147,847)
  model=mistral-nemo-12b N=2 arm=self_refine real_lme_00048_dccbc061 seed=0: per_fault={'ctx': False, 'concise': False} all_resolved=False n_resolved=0/2 tokens=(4596,1262)
  model=mistral-nemo-12b N=2 arm=self_refine real_lme_00048_dccbc061 seed=1: per_fault={'ctx': False, 'concise': False} all_resolved=False n_resolved=0/2 tokens=(4596,1262)
  model=mistral-nemo-12b N=2 arm=self_refine real_lme_00048_dccbc061 seed=2: per_fault={'ctx': False, 'concise': False} all_resolved=False n_resolved=0/2 tokens=(4563,947)
  model=mistral-nemo-12b N=2 arm=self_refine real_lme_00049_0862e8bf_abs seed=0: per_fault={'ctx': False, 'concise': True} all_resolved=False n_resolved=1/2 tokens=(5242,711)
  model=mistral-nemo-12b N=2 arm=self_refine real_lme_00049_0862e8bf_abs seed=1: per_fault={'ctx': False, 'concise': True} all_resolved=False n_resolved=1/2 tokens=(5242,711)
  model=mistral-nemo-12b N=2 arm=self_refine real_lme_00049_0862e8bf_abs seed=2: per_fault={'ctx': False, 'concise': True} all_resolved=False n_resolved=1/2 tokens=(5249,688)
  model=mistral-nemo-12b N=2 arm=self_refine real_lme_00050_0862e8bf seed=0: per_fault={'ctx': True, 'concise': True} all_resolved=True n_resolved=2/2 tokens=(4790,723)
  model=mistral-nemo-12b N=2 arm=self_refine real_lme_00050_0862e8bf seed=1: per_fault={'ctx': True, 'concise': True} all_resolved=True n_resolved=2/2 tokens=(4790,723)
  model=mistral-nemo-12b N=2 arm=self_refine real_lme_00050_0862e8bf seed=2: per_fault={'ctx': True, 'concise': True} all_resolved=True n_resolved=2/2 tokens=(4713,596)
  model=mistral-nemo-12b N=2 arm=self_refine real_lme_00051_2ebe6c90 seed=0: per_fault={'ctx': False, 'concise': False} all_resolved=False n_resolved=0/2 tokens=(4966,1400)
  model=mistral-nemo-12b N=2 arm=self_refine real_lme_00051_2ebe6c90 seed=1: per_fault={'ctx': False, 'concise': False} all_resolved=False n_resolved=0/2 tokens=(4966,1400)
  model=mistral-nemo-12b N=2 arm=self_refine real_lme_00051_2ebe6c90 seed=2: per_fault={'ctx': False, 'concise': False} all_resolved=False n_resolved=0/2 tokens=(5013,1165)
  model=mistral-nemo-12b N=2 arm=self_refine real_lme_00052_1faac195 seed=0: per_fault={'ctx': False, 'english': True} all_resolved=False n_resolved=1/2 tokens=(4588,413)
  model=mistral-nemo-12b N=2 arm=self_refine real_lme_00052_1faac195 seed=1: per_fault={'ctx': False, 'english': True} all_resolved=False n_resolved=1/2 tokens=(4588,413)
  model=mistral-nemo-12b N=2 arm=self_refine real_lme_00052_1faac195 seed=2: per_fault={'ctx': False, 'english': True} all_resolved=False n_resolved=1/2 tokens=(4630,588)
  model=mistral-nemo-12b N=2 arm=self_refine real_lme_00053_21d02d0d seed=0: per_fault={'ctx': False, 'bullets': True} all_resolved=False n_resolved=1/2 tokens=(5115,992)
  model=mistral-nemo-12b N=2 arm=self_refine real_lme_00053_21d02d0d seed=1: per_fault={'ctx': False, 'bullets': True} all_resolved=False n_resolved=1/2 tokens=(5115,992)
  model=mistral-nemo-12b N=2 arm=self_refine real_lme_00053_21d02d0d seed=2: per_fault={'ctx': False, 'bullets': True} all_resolved=False n_resolved=1/2 tokens=(5043,805)
  model=mistral-nemo-12b N=2 arm=self_refine real_lme_00054_603deb26 seed=0: per_fault={'ctx': False, 'bullets': True} all_resolved=False n_resolved=1/2 tokens=(5398,1107)
  model=mistral-nemo-12b N=2 arm=self_refine real_lme_00054_603deb26 seed=1: per_fault={'ctx': False, 'bullets': True} all_resolved=False n_resolved=1/2 tokens=(5398,1107)
  model=mistral-nemo-12b N=2 arm=self_refine real_lme_00054_603deb26 seed=2: per_fault={'ctx': True, 'bullets': True} all_resolved=True n_resolved=2/2 tokens=(5411,1435)
  model=mistral-nemo-12b N=2 arm=self_refine real_lme_00055_7e974930 seed=0: per_fault={'ctx': False, 'bullets': True} all_resolved=False n_resolved=1/2 tokens=(5019,811)
  model=mistral-nemo-12b N=2 arm=self_refine real_lme_00055_7e974930 seed=1: per_fault={'ctx': False, 'bullets': True} all_resolved=False n_resolved=1/2 tokens=(5019,811)
  model=mistral-nemo-12b N=2 arm=self_refine real_lme_00055_7e974930 seed=2: per_fault={'ctx': False, 'bullets': True} all_resolved=False n_resolved=1/2 tokens=(5036,861)
  model=mistral-nemo-12b N=2 arm=self_refine real_lme_00057_dd2973ad seed=0: per_fault={'ctx': True, 'concise': False} all_resolved=False n_resolved=1/2 tokens=(5128,788)
  model=mistral-nemo-12b N=2 arm=self_refine real_lme_00057_dd2973ad seed=1: per_fault={'ctx': True, 'concise': False} all_resolved=False n_resolved=1/2 tokens=(5128,788)
  model=mistral-nemo-12b N=2 arm=self_refine real_lme_00057_dd2973ad seed=2: per_fault={'ctx': True, 'concise': False} all_resolved=False n_resolved=1/2 tokens=(5131,839)
  model=mistral-nemo-12b N=2 arm=self_refine real_lme_00058_b320f3f8 seed=0: per_fault={'ctx': True, 'preamble': True} all_resolved=True n_resolved=2/2 tokens=(4454,789)
  model=mistral-nemo-12b N=2 arm=self_refine real_lme_00058_b320f3f8 seed=1: per_fault={'ctx': True, 'preamble': True} all_resolved=True n_resolved=2/2 tokens=(4454,789)
  model=mistral-nemo-12b N=2 arm=self_refine real_lme_00058_b320f3f8 seed=2: per_fault={'ctx': True, 'preamble': True} all_resolved=True n_resolved=2/2 tokens=(4449,826)
  model=mistral-nemo-12b N=2 arm=self_refine real_lme_00059_2ebe6c90 seed=0: per_fault={'ctx': False, 'concise': True} all_resolved=False n_resolved=1/2 tokens=(5235,1361)
  model=mistral-nemo-12b N=2 arm=self_refine real_lme_00059_2ebe6c90 seed=1: per_fault={'ctx': False, 'concise': True} all_resolved=False n_resolved=1/2 tokens=(5235,1361)
  model=mistral-nemo-12b N=2 arm=self_refine real_lme_00059_2ebe6c90 seed=2: per_fault={'ctx': False, 'concise': True} all_resolved=False n_resolved=1/2 tokens=(5171,1630)
  model=mistral-nemo-12b N=2 arm=self_refine real_lme_00064_gpt4_e061b84f seed=0: per_fault={'ctx': False, 'concise': False} all_resolved=False n_resolved=0/2 tokens=(5291,690)
  model=mistral-nemo-12b N=2 arm=self_refine real_lme_00064_gpt4_e061b84f seed=1: per_fault={'ctx': False, 'concise': False} all_resolved=False n_resolved=0/2 tokens=(5291,690)
  model=mistral-nemo-12b N=2 arm=self_refine real_lme_00064_gpt4_e061b84f seed=2: per_fault={'ctx': False, 'concise': False} all_resolved=False n_resolved=0/2 tokens=(5283,660)
  model=mistral-nemo-12b N=2 arm=self_refine real_lme_00066_8e91e7d9 seed=0: per_fault={'ctx': False, 'bullets': True} all_resolved=False n_resolved=1/2 tokens=(4560,839)
  model=mistral-nemo-12b N=2 arm=self_refine real_lme_00066_8e91e7d9 seed=1: per_fault={'ctx': False, 'bullets': True} all_resolved=False n_resolved=1/2 tokens=(4560,839)
  model=mistral-nemo-12b N=2 arm=self_refine real_lme_00066_8e91e7d9 seed=2: per_fault={'ctx': True, 'bullets': True} all_resolved=True n_resolved=2/2 tokens=(4672,1182)
  model=mistral-nemo-12b N=2 arm=self_refine real_lme_00067_41698283 seed=0: per_fault={'ctx': False, 'english': True} all_resolved=False n_resolved=1/2 tokens=(5093,1005)
  model=mistral-nemo-12b N=2 arm=self_refine real_lme_00067_41698283 seed=1: per_fault={'ctx': False, 'english': True} all_resolved=False n_resolved=1/2 tokens=(5093,1005)
  model=mistral-nemo-12b N=2 arm=self_refine real_lme_00067_41698283 seed=2: per_fault={'ctx': False, 'english': True} all_resolved=False n_resolved=1/2 tokens=(5440,1495)
  model=mistral-nemo-12b N=2 arm=self_refine real_lme_00068_dad224aa seed=0: per_fault={'ctx': True, 'concise': True} all_resolved=True n_resolved=2/2 tokens=(4926,696)
  model=mistral-nemo-12b N=2 arm=self_refine real_lme_00068_dad224aa seed=1: per_fault={'ctx': True, 'concise': True} all_resolved=True n_resolved=2/2 tokens=(4926,696)
  model=mistral-nemo-12b N=2 arm=self_refine real_lme_00068_dad224aa seed=2: per_fault={'ctx': True, 'concise': False} all_resolved=False n_resolved=1/2 tokens=(5148,1468)
  model=mistral-nemo-12b N=2 arm=self_refine real_lme_00069_gpt4_31ff4165 seed=0: per_fault={'ctx': True, 'bullets': False} all_resolved=False n_resolved=1/2 tokens=(5505,1562)
  model=mistral-nemo-12b N=2 arm=self_refine real_lme_00069_gpt4_31ff4165 seed=1: per_fault={'ctx': True, 'bullets': False} all_resolved=False n_resolved=1/2 tokens=(5505,1562)
  model=mistral-nemo-12b N=2 arm=self_refine real_lme_00069_gpt4_31ff4165 seed=2: per_fault={'ctx': False, 'bullets': True} all_resolved=False n_resolved=1/2 tokens=(5661,1328)
  model=mistral-nemo-12b N=2 arm=self_refine real_lme_00070_bc149d6b seed=0: per_fault={'ctx': False, 'english': True} all_resolved=False n_resolved=1/2 tokens=(5128,1156)
  model=mistral-nemo-12b N=2 arm=self_refine real_lme_00070_bc149d6b seed=1: per_fault={'ctx': False, 'english': True} all_resolved=False n_resolved=1/2 tokens=(5128,1156)
  model=mistral-nemo-12b N=2 arm=self_refine real_lme_00070_bc149d6b seed=2: per_fault={'ctx': False, 'english': True} all_resolved=False n_resolved=1/2 tokens=(4906,522)
  model=mistral-nemo-12b N=2 arm=self_refine real_lme_00071_51b23612 seed=0: per_fault={'ctx': True, 'concise': False} all_resolved=False n_resolved=1/2 tokens=(4649,1043)
  model=mistral-nemo-12b N=2 arm=self_refine real_lme_00071_51b23612 seed=1: per_fault={'ctx': True, 'concise': False} all_resolved=False n_resolved=1/2 tokens=(4649,1043)
  model=mistral-nemo-12b N=2 arm=self_refine real_lme_00071_51b23612 seed=2: per_fault={'ctx': True, 'concise': False} all_resolved=False n_resolved=1/2 tokens=(4761,1025)
  model=mistral-nemo-12b N=2 arm=self_refine real_lme_00072_08f4fc43 seed=0: per_fault={'ctx': False, 'preamble': True} all_resolved=False n_resolved=1/2 tokens=(4941,1055)
  model=mistral-nemo-12b N=2 arm=self_refine real_lme_00072_08f4fc43 seed=1: per_fault={'ctx': False, 'preamble': True} all_resolved=False n_resolved=1/2 tokens=(4941,1055)
  model=mistral-nemo-12b N=2 arm=self_refine real_lme_00072_08f4fc43 seed=2: per_fault={'ctx': True, 'preamble': True} all_resolved=True n_resolved=2/2 tokens=(4948,1017)
  model=mistral-nemo-12b N=2 arm=self_refine real_lme_00073_89941a94 seed=0: per_fault={'ctx': False, 'concise': True} all_resolved=False n_resolved=1/2 tokens=(4795,473)
  model=mistral-nemo-12b N=2 arm=self_refine real_lme_00073_89941a94 seed=1: per_fault={'ctx': False, 'concise': True} all_resolved=False n_resolved=1/2 tokens=(4795,473)
  model=mistral-nemo-12b N=2 arm=self_refine real_lme_00073_89941a94 seed=2: per_fault={'ctx': False, 'concise': True} all_resolved=False n_resolved=1/2 tokens=(4802,484)
  model=mistral-nemo-12b N=2 arm=self_refine real_lme_00074_681a1674 seed=0: per_fault={'ctx': False, 'preamble': True} all_resolved=False n_resolved=1/2 tokens=(4658,678)
  model=mistral-nemo-12b N=2 arm=self_refine real_lme_00074_681a1674 seed=1: per_fault={'ctx': False, 'preamble': True} all_resolved=False n_resolved=1/2 tokens=(4658,678)
  model=mistral-nemo-12b N=2 arm=self_refine real_lme_00074_681a1674 seed=2: per_fault={'ctx': True, 'preamble': True} all_resolved=True n_resolved=2/2 tokens=(4722,633)
--- [mistral-nemo-12b][self_refine] N=2: rows written=180 errors=0 tokens_in=894264 tokens_out=171310 ---
  model=mistral-nemo-12b N=2 arm=reflexion real_lme_00000_gpt4_2ba83207 seed=0: per_fault={'ctx': True, 'concise': True} all_resolved=True n_resolved=2/2 tokens=(8423,965)
  model=mistral-nemo-12b N=2 arm=reflexion real_lme_00000_gpt4_2ba83207 seed=1: per_fault={'ctx': True, 'concise': True} all_resolved=True n_resolved=2/2 tokens=(8423,965)
  model=mistral-nemo-12b N=2 arm=reflexion real_lme_00000_gpt4_2ba83207 seed=2: per_fault={'ctx': False, 'concise': True} all_resolved=False n_resolved=1/2 tokens=(14818,1729)
  model=mistral-nemo-12b N=2 arm=reflexion real_lme_00001_603deb26 seed=0: per_fault={'ctx': True, 'concise': True} all_resolved=True n_resolved=2/2 tokens=(2519,291)
  model=mistral-nemo-12b N=2 arm=reflexion real_lme_00001_603deb26 seed=1: per_fault={'ctx': True, 'concise': True} all_resolved=True n_resolved=2/2 tokens=(2519,291)
  model=mistral-nemo-12b N=2 arm=reflexion real_lme_00001_603deb26 seed=2: per_fault={'ctx': True, 'concise': False} all_resolved=False n_resolved=1/2 tokens=(8753,1353)
  model=mistral-nemo-12b N=2 arm=reflexion real_lme_00002_51c32626 seed=0: per_fault={'ctx': True, 'concise': True} all_resolved=True n_resolved=2/2 tokens=(2158,353)
  model=mistral-nemo-12b N=2 arm=reflexion real_lme_00002_51c32626 seed=1: per_fault={'ctx': True, 'concise': True} all_resolved=True n_resolved=2/2 tokens=(2158,353)
  model=mistral-nemo-12b N=2 arm=reflexion real_lme_00002_51c32626 seed=2: per_fault={'ctx': True, 'concise': True} all_resolved=True n_resolved=2/2 tokens=(2158,344)
  model=mistral-nemo-12b N=2 arm=reflexion real_lme_00004_gpt4_2655b836 seed=0: per_fault={'ctx': False, 'concise': True} all_resolved=False n_resolved=1/2 tokens=(13533,1694)
  model=mistral-nemo-12b N=2 arm=reflexion real_lme_00004_gpt4_2655b836 seed=1: per_fault={'ctx': False, 'concise': True} all_resolved=False n_resolved=1/2 tokens=(13533,1694)
  model=mistral-nemo-12b N=2 arm=reflexion real_lme_00004_gpt4_2655b836 seed=2: per_fault={'ctx': True, 'concise': False} all_resolved=False n_resolved=1/2 tokens=(2196,280)
  model=mistral-nemo-12b N=2 arm=reflexion real_lme_00005_2698e78f_abs seed=0: per_fault={'ctx': True, 'concise': True} all_resolved=True n_resolved=2/2 tokens=(2153,416)
  model=mistral-nemo-12b N=2 arm=reflexion real_lme_00005_2698e78f_abs seed=1: per_fault={'ctx': True, 'concise': True} all_resolved=True n_resolved=2/2 tokens=(2153,416)
  model=mistral-nemo-12b N=2 arm=reflexion real_lme_00005_2698e78f_abs seed=2: per_fault={'ctx': True, 'concise': True} all_resolved=True n_resolved=2/2 tokens=(2153,362)
  model=mistral-nemo-12b N=2 arm=reflexion real_lme_00006_gpt4_1d80365e seed=0: per_fault={'ctx': False, 'concise': False} all_resolved=False n_resolved=0/2 tokens=(13947,1515)
  model=mistral-nemo-12b N=2 arm=reflexion real_lme_00006_gpt4_1d80365e seed=1: per_fault={'ctx': False, 'concise': False} all_resolved=False n_resolved=0/2 tokens=(13947,1515)
  model=mistral-nemo-12b N=2 arm=reflexion real_lme_00006_gpt4_1d80365e seed=2: per_fault={'ctx': False, 'concise': False} all_resolved=False n_resolved=0/2 tokens=(14029,1584)
  model=mistral-nemo-12b N=2 arm=reflexion real_lme_00007_5025383b seed=0: per_fault={'ctx': True, 'bullets': True} all_resolved=True n_resolved=2/2 tokens=(2071,255)
  model=mistral-nemo-12b N=2 arm=reflexion real_lme_00007_5025383b seed=1: per_fault={'ctx': True, 'bullets': True} all_resolved=True n_resolved=2/2 tokens=(2071,255)
  model=mistral-nemo-12b N=2 arm=reflexion real_lme_00007_5025383b seed=2: per_fault={'ctx': True, 'bullets': True} all_resolved=True n_resolved=2/2 tokens=(2071,272)
  model=mistral-nemo-12b N=2 arm=reflexion real_lme_00008_gpt4_cd90e484 seed=0: per_fault={'ctx': False, 'bullets': True} all_resolved=False n_resolved=1/2 tokens=(13108,1336)
  model=mistral-nemo-12b N=2 arm=reflexion real_lme_00008_gpt4_cd90e484 seed=1: per_fault={'ctx': False, 'bullets': True} all_resolved=False n_resolved=1/2 tokens=(13108,1336)
  model=mistral-nemo-12b N=2 arm=reflexion real_lme_00008_gpt4_cd90e484 seed=2: per_fault={'ctx': True, 'bullets': True} all_resolved=True n_resolved=2/2 tokens=(7449,788)
  model=mistral-nemo-12b N=2 arm=reflexion real_lme_00009_c19f7a0b seed=0: per_fault={'ctx': True, 'concise': True} all_resolved=True n_resolved=2/2 tokens=(2361,167)
  model=mistral-nemo-12b N=2 arm=reflexion real_lme_00009_c19f7a0b seed=1: per_fault={'ctx': True, 'concise': True} all_resolved=True n_resolved=2/2 tokens=(2361,167)
  model=mistral-nemo-12b N=2 arm=reflexion real_lme_00009_c19f7a0b seed=2: per_fault={'ctx': True, 'concise': True} all_resolved=True n_resolved=2/2 tokens=(2361,393)
  model=mistral-nemo-12b N=2 arm=reflexion real_lme_00010_0a34ad58 seed=0: per_fault={'ctx': False, 'concise': False} all_resolved=False n_resolved=0/2 tokens=(16892,2150)
  model=mistral-nemo-12b N=2 arm=reflexion real_lme_00010_0a34ad58 seed=1: per_fault={'ctx': False, 'concise': False} all_resolved=False n_resolved=0/2 tokens=(16892,2150)
  model=mistral-nemo-12b N=2 arm=reflexion real_lme_00010_0a34ad58 seed=2: per_fault={'ctx': False, 'concise': False} all_resolved=False n_resolved=0/2 tokens=(17524,2299)
  model=mistral-nemo-12b N=2 arm=reflexion real_lme_00011_gpt4_65aabe59 seed=0: per_fault={'ctx': True, 'preamble': True} all_resolved=True n_resolved=2/2 tokens=(2426,242)
  model=mistral-nemo-12b N=2 arm=reflexion real_lme_00011_gpt4_65aabe59 seed=1: per_fault={'ctx': True, 'preamble': True} all_resolved=True n_resolved=2/2 tokens=(2426,242)
  model=mistral-nemo-12b N=2 arm=reflexion real_lme_00011_gpt4_65aabe59 seed=2: per_fault={'ctx': True, 'preamble': True} all_resolved=True n_resolved=2/2 tokens=(2426,357)
  model=mistral-nemo-12b N=2 arm=reflexion real_lme_00012_d6233ab6 seed=0: per_fault={'ctx': False, 'preamble': True} all_resolved=False n_resolved=1/2 tokens=(15158,1264)
  model=mistral-nemo-12b N=2 arm=reflexion real_lme_00012_d6233ab6 seed=1: per_fault={'ctx': False, 'preamble': True} all_resolved=False n_resolved=1/2 tokens=(15158,1264)
  model=mistral-nemo-12b N=2 arm=reflexion real_lme_00012_d6233ab6 seed=2: per_fault={'ctx': False, 'preamble': True} all_resolved=False n_resolved=1/2 tokens=(15170,1263)
  model=mistral-nemo-12b N=2 arm=reflexion real_lme_00014_gpt4_c27434e8_abs seed=0: per_fault={'ctx': False, 'bullets': True} all_resolved=False n_resolved=1/2 tokens=(16939,3142)
  model=mistral-nemo-12b N=2 arm=reflexion real_lme_00014_gpt4_c27434e8_abs seed=1: per_fault={'ctx': False, 'bullets': True} all_resolved=False n_resolved=1/2 tokens=(16939,3142)
  model=mistral-nemo-12b N=2 arm=reflexion real_lme_00014_gpt4_c27434e8_abs seed=2: per_fault={'ctx': False, 'bullets': True} all_resolved=False n_resolved=1/2 tokens=(13658,1922)
  model=mistral-nemo-12b N=2 arm=reflexion real_lme_00016_f8c5f88b seed=0: per_fault={'ctx': True, 'bullets': True} all_resolved=True n_resolved=2/2 tokens=(7886,878)
  model=mistral-nemo-12b N=2 arm=reflexion real_lme_00016_f8c5f88b seed=1: per_fault={'ctx': True, 'bullets': True} all_resolved=True n_resolved=2/2 tokens=(7886,878)
  model=mistral-nemo-12b N=2 arm=reflexion real_lme_00016_f8c5f88b seed=2: per_fault={'ctx': True, 'bullets': True} all_resolved=True n_resolved=2/2 tokens=(2329,261)
  model=mistral-nemo-12b N=2 arm=reflexion real_lme_00018_gpt4_d31cdae3 seed=0: per_fault={'ctx': True, 'concise': True} all_resolved=True n_resolved=2/2 tokens=(14041,1459)
  model=mistral-nemo-12b N=2 arm=reflexion real_lme_00018_gpt4_d31cdae3 seed=1: per_fault={'ctx': True, 'concise': True} all_resolved=True n_resolved=2/2 tokens=(14041,1459)
  model=mistral-nemo-12b N=2 arm=reflexion real_lme_00018_gpt4_d31cdae3 seed=2: per_fault={'ctx': True, 'concise': True} all_resolved=True n_resolved=2/2 tokens=(8162,778)
  model=mistral-nemo-12b N=2 arm=reflexion real_lme_00019_gpt4_e414231f seed=0: per_fault={'ctx': True, 'preamble': True} all_resolved=True n_resolved=2/2 tokens=(2363,301)
  model=mistral-nemo-12b N=2 arm=reflexion real_lme_00019_gpt4_e414231f seed=1: per_fault={'ctx': True, 'preamble': True} all_resolved=True n_resolved=2/2 tokens=(2363,301)
  model=mistral-nemo-12b N=2 arm=reflexion real_lme_00019_gpt4_e414231f seed=2: per_fault={'ctx': True, 'preamble': True} all_resolved=True n_resolved=2/2 tokens=(2363,343)
  model=mistral-nemo-12b N=2 arm=reflexion real_lme_00021_e56a43b9 seed=0: per_fault={'ctx': True, 'english': True} all_resolved=True n_resolved=2/2 tokens=(2444,386)
  model=mistral-nemo-12b N=2 arm=reflexion real_lme_00021_e56a43b9 seed=1: per_fault={'ctx': True, 'english': True} all_resolved=True n_resolved=2/2 tokens=(2444,386)
  model=mistral-nemo-12b N=2 arm=reflexion real_lme_00021_e56a43b9 seed=2: per_fault={'ctx': True, 'english': True} all_resolved=True n_resolved=2/2 tokens=(2444,423)
  model=mistral-nemo-12b N=2 arm=reflexion real_lme_00022_6cb6f249 seed=0: per_fault={'ctx': True, 'bullets': True} all_resolved=True n_resolved=2/2 tokens=(2099,285)
  model=mistral-nemo-12b N=2 arm=reflexion real_lme_00022_6cb6f249 seed=1: per_fault={'ctx': True, 'bullets': True} all_resolved=True n_resolved=2/2 tokens=(2099,285)
  model=mistral-nemo-12b N=2 arm=reflexion real_lme_00022_6cb6f249 seed=2: per_fault={'ctx': True, 'bullets': True} all_resolved=True n_resolved=2/2 tokens=(2099,344)
  model=mistral-nemo-12b N=2 arm=reflexion real_lme_00023_e48988bc seed=0: per_fault={'ctx': True, 'english': True} all_resolved=True n_resolved=2/2 tokens=(1779,209)
  model=mistral-nemo-12b N=2 arm=reflexion real_lme_00023_e48988bc seed=1: per_fault={'ctx': True, 'english': True} all_resolved=True n_resolved=2/2 tokens=(1779,209)
  model=mistral-nemo-12b N=2 arm=reflexion real_lme_00023_e48988bc seed=2: per_fault={'ctx': True, 'english': True} all_resolved=True n_resolved=2/2 tokens=(1779,307)
  model=mistral-nemo-12b N=2 arm=reflexion real_lme_00025_gpt4_4929293b seed=0: per_fault={'ctx': True, 'concise': True} all_resolved=True n_resolved=2/2 tokens=(7879,1423)
  model=mistral-nemo-12b N=2 arm=reflexion real_lme_00025_gpt4_4929293b seed=1: per_fault={'ctx': True, 'concise': True} all_resolved=True n_resolved=2/2 tokens=(7879,1423)
  model=mistral-nemo-12b N=2 arm=reflexion real_lme_00025_gpt4_4929293b seed=2: per_fault={'ctx': False, 'concise': True} all_resolved=False n_resolved=1/2 tokens=(13470,1733)
  model=mistral-nemo-12b N=2 arm=reflexion real_lme_00027_21d02d0d seed=0: per_fault={'ctx': True, 'concise': True} all_resolved=True n_resolved=2/2 tokens=(2342,281)
  model=mistral-nemo-12b N=2 arm=reflexion real_lme_00027_21d02d0d seed=1: per_fault={'ctx': True, 'concise': True} all_resolved=True n_resolved=2/2 tokens=(2342,281)
  model=mistral-nemo-12b N=2 arm=reflexion real_lme_00027_21d02d0d seed=2: per_fault={'ctx': True, 'concise': False} all_resolved=False n_resolved=1/2 tokens=(8070,1004)
  model=mistral-nemo-12b N=2 arm=reflexion real_lme_00028_1f2b8d4f seed=0: per_fault={'ctx': True, 'concise': True} all_resolved=True n_resolved=2/2 tokens=(2271,342)
  model=mistral-nemo-12b N=2 arm=reflexion real_lme_00028_1f2b8d4f seed=1: per_fault={'ctx': True, 'concise': True} all_resolved=True n_resolved=2/2 tokens=(2271,342)
  model=mistral-nemo-12b N=2 arm=reflexion real_lme_00028_1f2b8d4f seed=2: per_fault={'ctx': True, 'concise': True} all_resolved=True n_resolved=2/2 tokens=(2271,516)
  model=mistral-nemo-12b N=2 arm=reflexion real_lme_00029_a11281a2 seed=0: per_fault={'ctx': True, 'bullets': True} all_resolved=True n_resolved=2/2 tokens=(2300,379)
  model=mistral-nemo-12b N=2 arm=reflexion real_lme_00029_a11281a2 seed=1: per_fault={'ctx': True, 'bullets': True} all_resolved=True n_resolved=2/2 tokens=(2300,379)
  model=mistral-nemo-12b N=2 arm=reflexion real_lme_00029_a11281a2 seed=2: per_fault={'ctx': True, 'bullets': True} all_resolved=True n_resolved=2/2 tokens=(7755,836)
  model=mistral-nemo-12b N=2 arm=reflexion real_lme_00030_1de5cff2 seed=0: per_fault={'ctx': True, 'concise': True} all_resolved=True n_resolved=2/2 tokens=(1948,337)
  model=mistral-nemo-12b N=2 arm=reflexion real_lme_00030_1de5cff2 seed=1: per_fault={'ctx': True, 'concise': True} all_resolved=True n_resolved=2/2 tokens=(1948,337)
  model=mistral-nemo-12b N=2 arm=reflexion real_lme_00030_1de5cff2 seed=2: per_fault={'ctx': True, 'concise': True} all_resolved=True n_resolved=2/2 tokens=(1947,343)
  model=mistral-nemo-12b N=2 arm=reflexion real_lme_00031_8ebdbe50 seed=0: per_fault={'ctx': True, 'concise': False} all_resolved=False n_resolved=1/2 tokens=(2000,332)
  model=mistral-nemo-12b N=2 arm=reflexion real_lme_00031_8ebdbe50 seed=1: per_fault={'ctx': True, 'concise': False} all_resolved=False n_resolved=1/2 tokens=(2000,332)
  model=mistral-nemo-12b N=2 arm=reflexion real_lme_00031_8ebdbe50 seed=2: per_fault={'ctx': True, 'concise': False} all_resolved=False n_resolved=1/2 tokens=(2000,409)
  model=mistral-nemo-12b N=2 arm=reflexion real_lme_00032_22d2cb42 seed=0: per_fault={'ctx': False, 'english': True} all_resolved=False n_resolved=1/2 tokens=(12975,1371)
  model=mistral-nemo-12b N=2 arm=reflexion real_lme_00032_22d2cb42 seed=1: per_fault={'ctx': False, 'english': True} all_resolved=False n_resolved=1/2 tokens=(12975,1371)
  model=mistral-nemo-12b N=2 arm=reflexion real_lme_00032_22d2cb42 seed=2: per_fault={'ctx': False, 'english': True} all_resolved=False n_resolved=1/2 tokens=(12574,1291)
  model=mistral-nemo-12b N=2 arm=reflexion real_lme_00033_gpt4_385a5000 seed=0: per_fault={'ctx': True, 'english': True} all_resolved=True n_resolved=2/2 tokens=(14268,1771)
  model=mistral-nemo-12b N=2 arm=reflexion real_lme_00033_gpt4_385a5000 seed=1: per_fault={'ctx': True, 'english': True} all_resolved=True n_resolved=2/2 tokens=(14268,1771)
  model=mistral-nemo-12b N=2 arm=reflexion real_lme_00033_gpt4_385a5000 seed=2: per_fault={'ctx': True, 'english': True} all_resolved=True n_resolved=2/2 tokens=(2308,296)
  model=mistral-nemo-12b N=2 arm=reflexion real_lme_00034_95bcc1c8 seed=0: per_fault={'ctx': True, 'preamble': True} all_resolved=True n_resolved=2/2 tokens=(2191,322)
  model=mistral-nemo-12b N=2 arm=reflexion real_lme_00034_95bcc1c8 seed=1: per_fault={'ctx': True, 'preamble': True} all_resolved=True n_resolved=2/2 tokens=(2191,322)
  model=mistral-nemo-12b N=2 arm=reflexion real_lme_00034_95bcc1c8 seed=2: per_fault={'ctx': True, 'preamble': True} all_resolved=True n_resolved=2/2 tokens=(2191,268)
  model=mistral-nemo-12b N=2 arm=reflexion real_lme_00035_gpt4_2312f94c seed=0: per_fault={'ctx': False, 'english': True} all_resolved=False n_resolved=1/2 tokens=(13164,1311)
  model=mistral-nemo-12b N=2 arm=reflexion real_lme_00035_gpt4_2312f94c seed=1: per_fault={'ctx': False, 'english': True} all_resolved=False n_resolved=1/2 tokens=(13164,1311)
  model=mistral-nemo-12b N=2 arm=reflexion real_lme_00035_gpt4_2312f94c seed=2: per_fault={'ctx': False, 'english': True} all_resolved=False n_resolved=1/2 tokens=(12810,1019)
  model=mistral-nemo-12b N=2 arm=reflexion real_lme_00036_gpt4_468eb063 seed=0: per_fault={'ctx': True, 'preamble': True} all_resolved=True n_resolved=2/2 tokens=(2208,276)
  model=mistral-nemo-12b N=2 arm=reflexion real_lme_00036_gpt4_468eb063 seed=1: per_fault={'ctx': True, 'preamble': True} all_resolved=True n_resolved=2/2 tokens=(2208,276)
  model=mistral-nemo-12b N=2 arm=reflexion real_lme_00036_gpt4_468eb063 seed=2: per_fault={'ctx': True, 'preamble': True} all_resolved=True n_resolved=2/2 tokens=(2208,307)
  model=mistral-nemo-12b N=2 arm=reflexion real_lme_00037_faba32e5 seed=0: per_fault={'ctx': True, 'concise': True} all_resolved=True n_resolved=2/2 tokens=(2248,312)
  model=mistral-nemo-12b N=2 arm=reflexion real_lme_00037_faba32e5 seed=1: per_fault={'ctx': True, 'concise': True} all_resolved=True n_resolved=2/2 tokens=(2248,312)
  model=mistral-nemo-12b N=2 arm=reflexion real_lme_00037_faba32e5 seed=2: per_fault={'ctx': True, 'concise': True} all_resolved=True n_resolved=2/2 tokens=(2248,191)
  model=mistral-nemo-12b N=2 arm=reflexion real_lme_00038_b86304ba seed=0: per_fault={'ctx': False, 'english': True} all_resolved=False n_resolved=1/2 tokens=(13806,2029)
  model=mistral-nemo-12b N=2 arm=reflexion real_lme_00038_b86304ba seed=1: per_fault={'ctx': False, 'english': True} all_resolved=False n_resolved=1/2 tokens=(13806,2029)
  model=mistral-nemo-12b N=2 arm=reflexion real_lme_00038_b86304ba seed=2: per_fault={'ctx': False, 'english': True} all_resolved=False n_resolved=1/2 tokens=(12472,1213)
  model=mistral-nemo-12b N=2 arm=reflexion real_lme_00039_gpt4_d6585ce8 seed=0: per_fault={'ctx': True, 'concise': False} all_resolved=False n_resolved=1/2 tokens=(2579,617)
  model=mistral-nemo-12b N=2 arm=reflexion real_lme_00039_gpt4_d6585ce8 seed=1: per_fault={'ctx': True, 'concise': False} all_resolved=False n_resolved=1/2 tokens=(2579,617)
  model=mistral-nemo-12b N=2 arm=reflexion real_lme_00039_gpt4_d6585ce8 seed=2: per_fault={'ctx': False, 'concise': False} all_resolved=False n_resolved=0/2 tokens=(14802,1691)
  model=mistral-nemo-12b N=2 arm=reflexion real_lme_00040_gpt4_0b2f1d21 seed=0: per_fault={'ctx': True, 'concise': True} all_resolved=True n_resolved=2/2 tokens=(2205,386)
  model=mistral-nemo-12b N=2 arm=reflexion real_lme_00040_gpt4_0b2f1d21 seed=1: per_fault={'ctx': True, 'concise': True} all_resolved=True n_resolved=2/2 tokens=(2205,386)
  model=mistral-nemo-12b N=2 arm=reflexion real_lme_00040_gpt4_0b2f1d21 seed=2: per_fault={'ctx': True, 'concise': True} all_resolved=True n_resolved=2/2 tokens=(2205,337)
  model=mistral-nemo-12b N=2 arm=reflexion real_lme_00042_gpt4_5501fe77 seed=0: per_fault={'ctx': True, 'preamble': True} all_resolved=True n_resolved=2/2 tokens=(7749,1037)
  model=mistral-nemo-12b N=2 arm=reflexion real_lme_00042_gpt4_5501fe77 seed=1: per_fault={'ctx': True, 'preamble': True} all_resolved=True n_resolved=2/2 tokens=(7749,1037)
  model=mistral-nemo-12b N=2 arm=reflexion real_lme_00042_gpt4_5501fe77 seed=2: per_fault={'ctx': False, 'preamble': True} all_resolved=False n_resolved=1/2 tokens=(13923,1019)
  model=mistral-nemo-12b N=2 arm=reflexion real_lme_00043_c2ac3c61 seed=0: per_fault={'ctx': True, 'bullets': True} all_resolved=True n_resolved=2/2 tokens=(2261,326)
  model=mistral-nemo-12b N=2 arm=reflexion real_lme_00043_c2ac3c61 seed=1: per_fault={'ctx': True, 'bullets': True} all_resolved=True n_resolved=2/2 tokens=(2261,326)
  model=mistral-nemo-12b N=2 arm=reflexion real_lme_00043_c2ac3c61 seed=2: per_fault={'ctx': True, 'bullets': True} all_resolved=True n_resolved=2/2 tokens=(2261,108)
  model=mistral-nemo-12b N=2 arm=reflexion real_lme_00044_gpt4_ec93e27f seed=0: per_fault={'ctx': True, 'bullets': True} all_resolved=True n_resolved=2/2 tokens=(2204,149)
  model=mistral-nemo-12b N=2 arm=reflexion real_lme_00044_gpt4_ec93e27f seed=1: per_fault={'ctx': True, 'bullets': True} all_resolved=True n_resolved=2/2 tokens=(2204,149)
  model=mistral-nemo-12b N=2 arm=reflexion real_lme_00044_gpt4_ec93e27f seed=2: per_fault={'ctx': True, 'bullets': True} all_resolved=True n_resolved=2/2 tokens=(7774,1097)
  model=mistral-nemo-12b N=2 arm=reflexion real_lme_00045_06db6396 seed=0: per_fault={'ctx': True, 'concise': True} all_resolved=True n_resolved=2/2 tokens=(2216,273)
  model=mistral-nemo-12b N=2 arm=reflexion real_lme_00045_06db6396 seed=1: per_fault={'ctx': True, 'concise': True} all_resolved=True n_resolved=2/2 tokens=(2216,273)
  model=mistral-nemo-12b N=2 arm=reflexion real_lme_00045_06db6396 seed=2: per_fault={'ctx': True, 'concise': True} all_resolved=True n_resolved=2/2 tokens=(2216,263)
  model=mistral-nemo-12b N=2 arm=reflexion real_lme_00047_f685340e seed=0: per_fault={'ctx': False, 'bullets': True} all_resolved=False n_resolved=1/2 tokens=(13468,927)
  model=mistral-nemo-12b N=2 arm=reflexion real_lme_00047_f685340e seed=1: per_fault={'ctx': False, 'bullets': True} all_resolved=False n_resolved=1/2 tokens=(13468,927)
  model=mistral-nemo-12b N=2 arm=reflexion real_lme_00047_f685340e seed=2: per_fault={'ctx': True, 'bullets': True} all_resolved=True n_resolved=2/2 tokens=(14087,1594)
  model=mistral-nemo-12b N=2 arm=reflexion real_lme_00048_dccbc061 seed=0: per_fault={'ctx': False, 'concise': False} all_resolved=False n_resolved=0/2 tokens=(13498,2391)
  model=mistral-nemo-12b N=2 arm=reflexion real_lme_00048_dccbc061 seed=1: per_fault={'ctx': False, 'concise': False} all_resolved=False n_resolved=0/2 tokens=(13498,2391)
  model=mistral-nemo-12b N=2 arm=reflexion real_lme_00048_dccbc061 seed=2: per_fault={'ctx': False, 'concise': False} all_resolved=False n_resolved=0/2 tokens=(13123,1860)
  model=mistral-nemo-12b N=2 arm=reflexion real_lme_00049_0862e8bf_abs seed=0: per_fault={'ctx': True, 'concise': False} all_resolved=False n_resolved=1/2 tokens=(2454,271)
  model=mistral-nemo-12b N=2 arm=reflexion real_lme_00049_0862e8bf_abs seed=1: per_fault={'ctx': True, 'concise': False} all_resolved=False n_resolved=1/2 tokens=(2454,271)
  model=mistral-nemo-12b N=2 arm=reflexion real_lme_00049_0862e8bf_abs seed=2: per_fault={'ctx': True, 'concise': False} all_resolved=False n_resolved=1/2 tokens=(2454,278)
  model=mistral-nemo-12b N=2 arm=reflexion real_lme_00050_0862e8bf seed=0: per_fault={'ctx': True, 'concise': True} all_resolved=True n_resolved=2/2 tokens=(2221,231)
  model=mistral-nemo-12b N=2 arm=reflexion real_lme_00050_0862e8bf seed=1: per_fault={'ctx': True, 'concise': True} all_resolved=True n_resolved=2/2 tokens=(2221,231)
  model=mistral-nemo-12b N=2 arm=reflexion real_lme_00050_0862e8bf seed=2: per_fault={'ctx': True, 'concise': True} all_resolved=True n_resolved=2/2 tokens=(2221,182)
  model=mistral-nemo-12b N=2 arm=reflexion real_lme_00051_2ebe6c90 seed=0: per_fault={'ctx': True, 'concise': False} all_resolved=False n_resolved=1/2 tokens=(14213,2117)
  model=mistral-nemo-12b N=2 arm=reflexion real_lme_00051_2ebe6c90 seed=1: per_fault={'ctx': True, 'concise': False} all_resolved=False n_resolved=1/2 tokens=(14213,2117)
  model=mistral-nemo-12b N=2 arm=reflexion real_lme_00051_2ebe6c90 seed=2: per_fault={'ctx': False, 'concise': False} all_resolved=False n_resolved=0/2 tokens=(13965,1704)
  model=mistral-nemo-12b N=2 arm=reflexion real_lme_00052_1faac195 seed=0: per_fault={'ctx': False, 'english': True} all_resolved=False n_resolved=1/2 tokens=(12210,917)
  model=mistral-nemo-12b N=2 arm=reflexion real_lme_00052_1faac195 seed=1: per_fault={'ctx': False, 'english': True} all_resolved=False n_resolved=1/2 tokens=(12210,917)
  model=mistral-nemo-12b N=2 arm=reflexion real_lme_00052_1faac195 seed=2: per_fault={'ctx': False, 'english': True} all_resolved=False n_resolved=1/2 tokens=(12287,769)
  model=mistral-nemo-12b N=2 arm=reflexion real_lme_00053_21d02d0d seed=0: per_fault={'ctx': False, 'bullets': True} all_resolved=False n_resolved=1/2 tokens=(14065,1459)
  model=mistral-nemo-12b N=2 arm=reflexion real_lme_00053_21d02d0d seed=1: per_fault={'ctx': False, 'bullets': True} all_resolved=False n_resolved=1/2 tokens=(14065,1459)
  model=mistral-nemo-12b N=2 arm=reflexion real_lme_00053_21d02d0d seed=2: per_fault={'ctx': True, 'bullets': True} all_resolved=True n_resolved=2/2 tokens=(2340,301)
  model=mistral-nemo-12b N=2 arm=reflexion real_lme_00054_603deb26 seed=0: per_fault={'ctx': True, 'bullets': True} all_resolved=True n_resolved=2/2 tokens=(15265,2006)
  model=mistral-nemo-12b N=2 arm=reflexion real_lme_00054_603deb26 seed=1: per_fault={'ctx': True, 'bullets': True} all_resolved=True n_resolved=2/2 tokens=(15265,2006)
  model=mistral-nemo-12b N=2 arm=reflexion real_lme_00054_603deb26 seed=2: per_fault={'ctx': True, 'bullets': True} all_resolved=True n_resolved=2/2 tokens=(8425,1032)
  model=mistral-nemo-12b N=2 arm=reflexion real_lme_00055_7e974930 seed=0: per_fault={'ctx': True, 'bullets': True} all_resolved=True n_resolved=2/2 tokens=(7725,844)
  model=mistral-nemo-12b N=2 arm=reflexion real_lme_00055_7e974930 seed=1: per_fault={'ctx': True, 'bullets': True} all_resolved=True n_resolved=2/2 tokens=(7725,844)
  model=mistral-nemo-12b N=2 arm=reflexion real_lme_00055_7e974930 seed=2: per_fault={'ctx': False, 'bullets': True} all_resolved=False n_resolved=1/2 tokens=(13828,1471)
  model=mistral-nemo-12b N=2 arm=reflexion real_lme_00057_dd2973ad seed=0: per_fault={'ctx': True, 'concise': True} all_resolved=True n_resolved=2/2 tokens=(2387,238)
  model=mistral-nemo-12b N=2 arm=reflexion real_lme_00057_dd2973ad seed=1: per_fault={'ctx': True, 'concise': True} all_resolved=True n_resolved=2/2 tokens=(2387,238)
  model=mistral-nemo-12b N=2 arm=reflexion real_lme_00057_dd2973ad seed=2: per_fault={'ctx': True, 'concise': True} all_resolved=True n_resolved=2/2 tokens=(2387,241)
  model=mistral-nemo-12b N=2 arm=reflexion real_lme_00058_b320f3f8 seed=0: per_fault={'ctx': True, 'preamble': True} all_resolved=True n_resolved=2/2 tokens=(2102,210)
  model=mistral-nemo-12b N=2 arm=reflexion real_lme_00058_b320f3f8 seed=1: per_fault={'ctx': True, 'preamble': True} all_resolved=True n_resolved=2/2 tokens=(2102,210)
  model=mistral-nemo-12b N=2 arm=reflexion real_lme_00058_b320f3f8 seed=2: per_fault={'ctx': True, 'preamble': True} all_resolved=True n_resolved=2/2 tokens=(2102,205)
  model=mistral-nemo-12b N=2 arm=reflexion real_lme_00059_2ebe6c90 seed=0: per_fault={'ctx': False, 'concise': False} all_resolved=False n_resolved=0/2 tokens=(13409,2053)
  model=mistral-nemo-12b N=2 arm=reflexion real_lme_00059_2ebe6c90 seed=1: per_fault={'ctx': False, 'concise': False} all_resolved=False n_resolved=0/2 tokens=(13409,2053)
  model=mistral-nemo-12b N=2 arm=reflexion real_lme_00059_2ebe6c90 seed=2: per_fault={'ctx': False, 'concise': True} all_resolved=False n_resolved=1/2 tokens=(12987,1687)
  model=mistral-nemo-12b N=2 arm=reflexion real_lme_00064_gpt4_e061b84f seed=0: per_fault={'ctx': True, 'concise': True} all_resolved=True n_resolved=2/2 tokens=(2477,245)
  model=mistral-nemo-12b N=2 arm=reflexion real_lme_00064_gpt4_e061b84f seed=1: per_fault={'ctx': True, 'concise': True} all_resolved=True n_resolved=2/2 tokens=(2477,245)
  model=mistral-nemo-12b N=2 arm=reflexion real_lme_00064_gpt4_e061b84f seed=2: per_fault={'ctx': True, 'concise': True} all_resolved=True n_resolved=2/2 tokens=(2477,237)
  model=mistral-nemo-12b N=2 arm=reflexion real_lme_00066_8e91e7d9 seed=0: per_fault={'ctx': True, 'bullets': True} all_resolved=True n_resolved=2/2 tokens=(7072,782)
  model=mistral-nemo-12b N=2 arm=reflexion real_lme_00066_8e91e7d9 seed=1: per_fault={'ctx': True, 'bullets': True} all_resolved=True n_resolved=2/2 tokens=(7072,782)
  model=mistral-nemo-12b N=2 arm=reflexion real_lme_00066_8e91e7d9 seed=2: per_fault={'ctx': True, 'bullets': True} all_resolved=True n_resolved=2/2 tokens=(2089,411)
  model=mistral-nemo-12b N=2 arm=reflexion real_lme_00067_41698283 seed=0: per_fault={'ctx': False, 'english': True} all_resolved=False n_resolved=1/2 tokens=(14189,1520)
  model=mistral-nemo-12b N=2 arm=reflexion real_lme_00067_41698283 seed=1: per_fault={'ctx': False, 'english': True} all_resolved=False n_resolved=1/2 tokens=(14189,1520)
  model=mistral-nemo-12b N=2 arm=reflexion real_lme_00067_41698283 seed=2: per_fault={'ctx': True, 'english': True} all_resolved=True n_resolved=2/2 tokens=(2340,614)
  model=mistral-nemo-12b N=2 arm=reflexion real_lme_00068_dad224aa seed=0: per_fault={'ctx': True, 'concise': True} all_resolved=True n_resolved=2/2 tokens=(2312,215)
  model=mistral-nemo-12b N=2 arm=reflexion real_lme_00068_dad224aa seed=1: per_fault={'ctx': True, 'concise': True} all_resolved=True n_resolved=2/2 tokens=(2312,215)
  model=mistral-nemo-12b N=2 arm=reflexion real_lme_00068_dad224aa seed=2: per_fault={'ctx': True, 'concise': True} all_resolved=True n_resolved=2/2 tokens=(2312,423)
  model=mistral-nemo-12b N=2 arm=reflexion real_lme_00069_gpt4_31ff4165 seed=0: per_fault={'ctx': False, 'bullets': True} all_resolved=False n_resolved=1/2 tokens=(14083,1684)
  model=mistral-nemo-12b N=2 arm=reflexion real_lme_00069_gpt4_31ff4165 seed=1: per_fault={'ctx': False, 'bullets': True} all_resolved=False n_resolved=1/2 tokens=(14083,1684)
  model=mistral-nemo-12b N=2 arm=reflexion real_lme_00069_gpt4_31ff4165 seed=2: per_fault={'ctx': False, 'bullets': True} all_resolved=False n_resolved=1/2 tokens=(14596,2157)
  model=mistral-nemo-12b N=2 arm=reflexion real_lme_00070_bc149d6b seed=0: per_fault={'ctx': True, 'english': True} all_resolved=True n_resolved=2/2 tokens=(2327,392)
  model=mistral-nemo-12b N=2 arm=reflexion real_lme_00070_bc149d6b seed=1: per_fault={'ctx': True, 'english': True} all_resolved=True n_resolved=2/2 tokens=(2327,392)
  model=mistral-nemo-12b N=2 arm=reflexion real_lme_00070_bc149d6b seed=2: per_fault={'ctx': True, 'english': True} all_resolved=True n_resolved=2/2 tokens=(2327,213)
  model=mistral-nemo-12b N=2 arm=reflexion real_lme_00071_51b23612 seed=0: per_fault={'ctx': True, 'concise': True} all_resolved=True n_resolved=2/2 tokens=(2163,260)
  model=mistral-nemo-12b N=2 arm=reflexion real_lme_00071_51b23612 seed=1: per_fault={'ctx': True, 'concise': True} all_resolved=True n_resolved=2/2 tokens=(2163,260)
  model=mistral-nemo-12b N=2 arm=reflexion real_lme_00071_51b23612 seed=2: per_fault={'ctx': True, 'concise': True} all_resolved=True n_resolved=2/2 tokens=(2163,352)
  model=mistral-nemo-12b N=2 arm=reflexion real_lme_00072_08f4fc43 seed=0: per_fault={'ctx': True, 'preamble': True} all_resolved=True n_resolved=2/2 tokens=(2249,361)
  model=mistral-nemo-12b N=2 arm=reflexion real_lme_00072_08f4fc43 seed=1: per_fault={'ctx': True, 'preamble': True} all_resolved=True n_resolved=2/2 tokens=(2249,361)
  model=mistral-nemo-12b N=2 arm=reflexion real_lme_00072_08f4fc43 seed=2: per_fault={'ctx': True, 'preamble': True} all_resolved=True n_resolved=2/2 tokens=(2249,368)
  model=mistral-nemo-12b N=2 arm=reflexion real_lme_00073_89941a94 seed=0: per_fault={'ctx': True, 'concise': False} all_resolved=False n_resolved=1/2 tokens=(7360,439)
  model=mistral-nemo-12b N=2 arm=reflexion real_lme_00073_89941a94 seed=1: per_fault={'ctx': True, 'concise': False} all_resolved=False n_resolved=1/2 tokens=(7360,439)
  model=mistral-nemo-12b N=2 arm=reflexion real_lme_00073_89941a94 seed=2: per_fault={'ctx': False, 'concise': True} all_resolved=False n_resolved=1/2 tokens=(12719,769)
  model=mistral-nemo-12b N=2 arm=reflexion real_lme_00074_681a1674 seed=0: per_fault={'ctx': True, 'preamble': True} all_resolved=True n_resolved=2/2 tokens=(2167,304)
  model=mistral-nemo-12b N=2 arm=reflexion real_lme_00074_681a1674 seed=1: per_fault={'ctx': True, 'preamble': True} all_resolved=True n_resolved=2/2 tokens=(2167,304)
  model=mistral-nemo-12b N=2 arm=reflexion real_lme_00074_681a1674 seed=2: per_fault={'ctx': True, 'preamble': True} all_resolved=True n_resolved=2/2 tokens=(2167,242)
--- [mistral-nemo-12b][reflexion] N=2: rows written=180 errors=0 tokens_in=1216152 tokens_out=147349 ---
  model=mistral-nemo-12b N=2 arm=full_regen real_lme_00000_gpt4_2ba83207 seed=0: per_fault={'ctx': True, 'concise': True} all_resolved=True n_resolved=2/2 tokens=(4964,870)
  model=mistral-nemo-12b N=2 arm=full_regen real_lme_00000_gpt4_2ba83207 seed=1: per_fault={'ctx': False, 'concise': True} all_resolved=False n_resolved=1/2 tokens=(4964,795)
  model=mistral-nemo-12b N=2 arm=full_regen real_lme_00000_gpt4_2ba83207 seed=2: per_fault={'ctx': False, 'concise': True} all_resolved=False n_resolved=1/2 tokens=(4964,714)
  model=mistral-nemo-12b N=2 arm=full_regen real_lme_00001_603deb26 seed=0: per_fault={'ctx': True, 'concise': True} all_resolved=True n_resolved=2/2 tokens=(5038,532)
  model=mistral-nemo-12b N=2 arm=full_regen real_lme_00001_603deb26 seed=1: per_fault={'ctx': True, 'concise': True} all_resolved=True n_resolved=2/2 tokens=(5038,587)
  model=mistral-nemo-12b N=2 arm=full_regen real_lme_00001_603deb26 seed=2: per_fault={'ctx': False, 'concise': True} all_resolved=False n_resolved=1/2 tokens=(5038,945)
  model=mistral-nemo-12b N=2 arm=full_regen real_lme_00002_51c32626 seed=0: per_fault={'ctx': True, 'concise': True} all_resolved=True n_resolved=2/2 tokens=(4316,668)
  model=mistral-nemo-12b N=2 arm=full_regen real_lme_00002_51c32626 seed=1: per_fault={'ctx': False, 'concise': True} all_resolved=False n_resolved=1/2 tokens=(4316,641)
  model=mistral-nemo-12b N=2 arm=full_regen real_lme_00002_51c32626 seed=2: per_fault={'ctx': True, 'concise': True} all_resolved=True n_resolved=2/2 tokens=(4316,606)
  model=mistral-nemo-12b N=2 arm=full_regen real_lme_00004_gpt4_2655b836 seed=0: per_fault={'ctx': True, 'concise': False} all_resolved=False n_resolved=1/2 tokens=(4392,839)
  model=mistral-nemo-12b N=2 arm=full_regen real_lme_00004_gpt4_2655b836 seed=1: per_fault={'ctx': True, 'concise': True} all_resolved=True n_resolved=2/2 tokens=(4392,672)
  model=mistral-nemo-12b N=2 arm=full_regen real_lme_00004_gpt4_2655b836 seed=2: per_fault={'ctx': False, 'concise': False} all_resolved=False n_resolved=0/2 tokens=(4392,604)
  model=mistral-nemo-12b N=2 arm=full_regen real_lme_00005_2698e78f_abs seed=0: per_fault={'ctx': False, 'concise': True} all_resolved=False n_resolved=1/2 tokens=(4306,645)
  model=mistral-nemo-12b N=2 arm=full_regen real_lme_00005_2698e78f_abs seed=1: per_fault={'ctx': False, 'concise': True} all_resolved=False n_resolved=1/2 tokens=(4306,579)
  model=mistral-nemo-12b N=2 arm=full_regen real_lme_00005_2698e78f_abs seed=2: per_fault={'ctx': False, 'concise': False} all_resolved=False n_resolved=0/2 tokens=(4306,668)
  model=mistral-nemo-12b N=2 arm=full_regen real_lme_00006_gpt4_1d80365e seed=0: per_fault={'ctx': False, 'concise': True} all_resolved=False n_resolved=1/2 tokens=(4646,622)
  model=mistral-nemo-12b N=2 arm=full_regen real_lme_00006_gpt4_1d80365e seed=1: per_fault={'ctx': True, 'concise': False} all_resolved=False n_resolved=1/2 tokens=(4646,532)
  model=mistral-nemo-12b N=2 arm=full_regen real_lme_00006_gpt4_1d80365e seed=2: per_fault={'ctx': False, 'concise': True} all_resolved=False n_resolved=1/2 tokens=(4646,549)
  model=mistral-nemo-12b N=2 arm=full_regen real_lme_00007_5025383b seed=0: per_fault={'ctx': False, 'bullets': True} all_resolved=False n_resolved=1/2 tokens=(4142,620)
  model=mistral-nemo-12b N=2 arm=full_regen real_lme_00007_5025383b seed=1: per_fault={'ctx': True, 'bullets': True} all_resolved=True n_resolved=2/2 tokens=(4142,546)
  model=mistral-nemo-12b N=2 arm=full_regen real_lme_00007_5025383b seed=2: per_fault={'ctx': False, 'bullets': True} all_resolved=False n_resolved=1/2 tokens=(4142,832)
  model=mistral-nemo-12b N=2 arm=full_regen real_lme_00008_gpt4_cd90e484 seed=0: per_fault={'ctx': True, 'bullets': True} all_resolved=True n_resolved=2/2 tokens=(4368,634)
  model=mistral-nemo-12b N=2 arm=full_regen real_lme_00008_gpt4_cd90e484 seed=1: per_fault={'ctx': False, 'bullets': True} all_resolved=False n_resolved=1/2 tokens=(4368,537)
  model=mistral-nemo-12b N=2 arm=full_regen real_lme_00008_gpt4_cd90e484 seed=2: per_fault={'ctx': False, 'bullets': True} all_resolved=False n_resolved=1/2 tokens=(4368,570)
  model=mistral-nemo-12b N=2 arm=full_regen real_lme_00009_c19f7a0b seed=0: per_fault={'ctx': True, 'concise': True} all_resolved=True n_resolved=2/2 tokens=(4722,530)
  model=mistral-nemo-12b N=2 arm=full_regen real_lme_00009_c19f7a0b seed=1: per_fault={'ctx': True, 'concise': True} all_resolved=True n_resolved=2/2 tokens=(4722,733)
  model=mistral-nemo-12b N=2 arm=full_regen real_lme_00009_c19f7a0b seed=2: per_fault={'ctx': True, 'concise': True} all_resolved=True n_resolved=2/2 tokens=(4722,682)
  model=mistral-nemo-12b N=2 arm=full_regen real_lme_00010_0a34ad58 seed=0: per_fault={'ctx': False, 'concise': False} all_resolved=False n_resolved=0/2 tokens=(5400,742)
  model=mistral-nemo-12b N=2 arm=full_regen real_lme_00010_0a34ad58 seed=1: per_fault={'ctx': False, 'concise': False} all_resolved=False n_resolved=0/2 tokens=(5400,903)
  model=mistral-nemo-12b N=2 arm=full_regen real_lme_00010_0a34ad58 seed=2: per_fault={'ctx': False, 'concise': False} all_resolved=False n_resolved=0/2 tokens=(5400,1040)
  model=mistral-nemo-12b N=2 arm=full_regen real_lme_00011_gpt4_65aabe59 seed=0: per_fault={'ctx': True, 'preamble': True} all_resolved=True n_resolved=2/2 tokens=(4852,469)
  model=mistral-nemo-12b N=2 arm=full_regen real_lme_00011_gpt4_65aabe59 seed=1: per_fault={'ctx': True, 'preamble': True} all_resolved=True n_resolved=2/2 tokens=(4852,585)
  model=mistral-nemo-12b N=2 arm=full_regen real_lme_00011_gpt4_65aabe59 seed=2: per_fault={'ctx': True, 'preamble': True} all_resolved=True n_resolved=2/2 tokens=(4852,909)
  model=mistral-nemo-12b N=2 arm=full_regen real_lme_00012_d6233ab6 seed=0: per_fault={'ctx': False, 'preamble': True} all_resolved=False n_resolved=1/2 tokens=(5252,624)
  model=mistral-nemo-12b N=2 arm=full_regen real_lme_00012_d6233ab6 seed=1: per_fault={'ctx': False, 'preamble': True} all_resolved=False n_resolved=1/2 tokens=(5289,535)
  model=mistral-nemo-12b N=2 arm=full_regen real_lme_00012_d6233ab6 seed=2: per_fault={'ctx': False, 'preamble': True} all_resolved=False n_resolved=1/2 tokens=(5252,657)
  model=mistral-nemo-12b N=2 arm=full_regen real_lme_00014_gpt4_c27434e8_abs seed=0: per_fault={'ctx': False, 'bullets': True} all_resolved=False n_resolved=1/2 tokens=(4408,1317)
  model=mistral-nemo-12b N=2 arm=full_regen real_lme_00014_gpt4_c27434e8_abs seed=1: per_fault={'ctx': False, 'bullets': True} all_resolved=False n_resolved=1/2 tokens=(4408,1358)
  model=mistral-nemo-12b N=2 arm=full_regen real_lme_00014_gpt4_c27434e8_abs seed=2: per_fault={'ctx': False, 'bullets': True} all_resolved=False n_resolved=1/2 tokens=(4408,652)
  model=mistral-nemo-12b N=2 arm=full_regen real_lme_00016_f8c5f88b seed=0: per_fault={'ctx': True, 'bullets': True} all_resolved=True n_resolved=2/2 tokens=(4658,502)
  model=mistral-nemo-12b N=2 arm=full_regen real_lme_00016_f8c5f88b seed=1: per_fault={'ctx': True, 'bullets': True} all_resolved=True n_resolved=2/2 tokens=(4658,577)
  model=mistral-nemo-12b N=2 arm=full_regen real_lme_00016_f8c5f88b seed=2: per_fault={'ctx': True, 'bullets': True} all_resolved=True n_resolved=2/2 tokens=(4658,401)
  model=mistral-nemo-12b N=2 arm=full_regen real_lme_00018_gpt4_d31cdae3 seed=0: per_fault={'ctx': True, 'concise': True} all_resolved=True n_resolved=2/2 tokens=(4828,529)
  model=mistral-nemo-12b N=2 arm=full_regen real_lme_00018_gpt4_d31cdae3 seed=1: per_fault={'ctx': True, 'concise': True} all_resolved=True n_resolved=2/2 tokens=(4828,606)
  model=mistral-nemo-12b N=2 arm=full_regen real_lme_00018_gpt4_d31cdae3 seed=2: per_fault={'ctx': False, 'concise': False} all_resolved=False n_resolved=0/2 tokens=(4828,801)
  model=mistral-nemo-12b N=2 arm=full_regen real_lme_00019_gpt4_e414231f seed=0: per_fault={'ctx': True, 'preamble': True} all_resolved=True n_resolved=2/2 tokens=(4726,486)
  model=mistral-nemo-12b N=2 arm=full_regen real_lme_00019_gpt4_e414231f seed=1: per_fault={'ctx': True, 'preamble': True} all_resolved=True n_resolved=2/2 tokens=(4725,545)
  model=mistral-nemo-12b N=2 arm=full_regen real_lme_00019_gpt4_e414231f seed=2: per_fault={'ctx': True, 'preamble': True} all_resolved=True n_resolved=2/2 tokens=(4725,597)
  model=mistral-nemo-12b N=2 arm=full_regen real_lme_00021_e56a43b9 seed=0: per_fault={'ctx': True, 'english': True} all_resolved=True n_resolved=2/2 tokens=(4888,1662)
  model=mistral-nemo-12b N=2 arm=full_regen real_lme_00021_e56a43b9 seed=1: per_fault={'ctx': False, 'english': True} all_resolved=False n_resolved=1/2 tokens=(4925,723)
  model=mistral-nemo-12b N=2 arm=full_regen real_lme_00021_e56a43b9 seed=2: per_fault={'ctx': True, 'english': True} all_resolved=True n_resolved=2/2 tokens=(4888,783)
  model=mistral-nemo-12b N=2 arm=full_regen real_lme_00022_6cb6f249 seed=0: per_fault={'ctx': True, 'bullets': True} all_resolved=True n_resolved=2/2 tokens=(4198,580)
  model=mistral-nemo-12b N=2 arm=full_regen real_lme_00022_6cb6f249 seed=1: per_fault={'ctx': False, 'bullets': True} all_resolved=False n_resolved=1/2 tokens=(4198,519)
  model=mistral-nemo-12b N=2 arm=full_regen real_lme_00022_6cb6f249 seed=2: per_fault={'ctx': False, 'bullets': True} all_resolved=False n_resolved=1/2 tokens=(4198,586)
  model=mistral-nemo-12b N=2 arm=full_regen real_lme_00023_e48988bc seed=0: per_fault={'ctx': False, 'english': True} all_resolved=False n_resolved=1/2 tokens=(3558,449)
  model=mistral-nemo-12b N=2 arm=full_regen real_lme_00023_e48988bc seed=1: per_fault={'ctx': True, 'english': True} all_resolved=True n_resolved=2/2 tokens=(3558,339)
  model=mistral-nemo-12b N=2 arm=full_regen real_lme_00023_e48988bc seed=2: per_fault={'ctx': True, 'english': True} all_resolved=True n_resolved=2/2 tokens=(3558,598)
  model=mistral-nemo-12b N=2 arm=full_regen real_lme_00025_gpt4_4929293b seed=0: per_fault={'ctx': False, 'concise': False} all_resolved=False n_resolved=0/2 tokens=(4396,870)
  model=mistral-nemo-12b N=2 arm=full_regen real_lme_00025_gpt4_4929293b seed=1: per_fault={'ctx': False, 'concise': True} all_resolved=False n_resolved=1/2 tokens=(4396,1402)
  model=mistral-nemo-12b N=2 arm=full_regen real_lme_00025_gpt4_4929293b seed=2: per_fault={'ctx': False, 'concise': False} all_resolved=False n_resolved=0/2 tokens=(4396,941)
  model=mistral-nemo-12b N=2 arm=full_regen real_lme_00027_21d02d0d seed=0: per_fault={'ctx': False, 'concise': True} all_resolved=False n_resolved=1/2 tokens=(4684,543)
  model=mistral-nemo-12b N=2 arm=full_regen real_lme_00027_21d02d0d seed=1: per_fault={'ctx': True, 'concise': True} all_resolved=True n_resolved=2/2 tokens=(4684,748)
  model=mistral-nemo-12b N=2 arm=full_regen real_lme_00027_21d02d0d seed=2: per_fault={'ctx': False, 'concise': False} all_resolved=False n_resolved=0/2 tokens=(4684,1180)
  model=mistral-nemo-12b N=2 arm=full_regen real_lme_00028_1f2b8d4f seed=0: per_fault={'ctx': True, 'concise': True} all_resolved=True n_resolved=2/2 tokens=(4542,649)
  model=mistral-nemo-12b N=2 arm=full_regen real_lme_00028_1f2b8d4f seed=1: per_fault={'ctx': False, 'concise': True} all_resolved=False n_resolved=1/2 tokens=(4542,632)
  model=mistral-nemo-12b N=2 arm=full_regen real_lme_00028_1f2b8d4f seed=2: per_fault={'ctx': False, 'concise': True} all_resolved=False n_resolved=1/2 tokens=(4542,760)
  model=mistral-nemo-12b N=2 arm=full_regen real_lme_00029_a11281a2 seed=0: per_fault={'ctx': True, 'bullets': True} all_resolved=True n_resolved=2/2 tokens=(4600,680)
  model=mistral-nemo-12b N=2 arm=full_regen real_lme_00029_a11281a2 seed=1: per_fault={'ctx': True, 'bullets': True} all_resolved=True n_resolved=2/2 tokens=(4600,785)
  model=mistral-nemo-12b N=2 arm=full_regen real_lme_00029_a11281a2 seed=2: per_fault={'ctx': True, 'bullets': True} all_resolved=True n_resolved=2/2 tokens=(4600,799)
  model=mistral-nemo-12b N=2 arm=full_regen real_lme_00030_1de5cff2 seed=0: per_fault={'ctx': True, 'concise': True} all_resolved=True n_resolved=2/2 tokens=(3896,730)
  model=mistral-nemo-12b N=2 arm=full_regen real_lme_00030_1de5cff2 seed=1: per_fault={'ctx': True, 'concise': True} all_resolved=True n_resolved=2/2 tokens=(3896,787)
  model=mistral-nemo-12b N=2 arm=full_regen real_lme_00030_1de5cff2 seed=2: per_fault={'ctx': True, 'concise': True} all_resolved=True n_resolved=2/2 tokens=(3895,644)
  model=mistral-nemo-12b N=2 arm=full_regen real_lme_00031_8ebdbe50 seed=0: per_fault={'ctx': True, 'concise': True} all_resolved=True n_resolved=2/2 tokens=(4000,558)
  model=mistral-nemo-12b N=2 arm=full_regen real_lme_00031_8ebdbe50 seed=1: per_fault={'ctx': True, 'concise': True} all_resolved=True n_resolved=2/2 tokens=(4000,595)
  model=mistral-nemo-12b N=2 arm=full_regen real_lme_00031_8ebdbe50 seed=2: per_fault={'ctx': True, 'concise': False} all_resolved=False n_resolved=1/2 tokens=(4000,761)
  model=mistral-nemo-12b N=2 arm=full_regen real_lme_00032_22d2cb42 seed=0: per_fault={'ctx': False, 'english': True} all_resolved=False n_resolved=1/2 tokens=(4322,480)
  model=mistral-nemo-12b N=2 arm=full_regen real_lme_00032_22d2cb42 seed=1: per_fault={'ctx': True, 'english': True} all_resolved=True n_resolved=2/2 tokens=(4322,637)
  model=mistral-nemo-12b N=2 arm=full_regen real_lme_00032_22d2cb42 seed=2: per_fault={'ctx': True, 'english': True} all_resolved=True n_resolved=2/2 tokens=(4322,491)
  model=mistral-nemo-12b N=2 arm=full_regen real_lme_00033_gpt4_385a5000 seed=0: per_fault={'ctx': False, 'english': True} all_resolved=False n_resolved=1/2 tokens=(4616,733)
  model=mistral-nemo-12b N=2 arm=full_regen real_lme_00033_gpt4_385a5000 seed=1: per_fault={'ctx': False, 'english': True} all_resolved=False n_resolved=1/2 tokens=(4616,658)
  model=mistral-nemo-12b N=2 arm=full_regen real_lme_00033_gpt4_385a5000 seed=2: per_fault={'ctx': True, 'english': True} all_resolved=True n_resolved=2/2 tokens=(4616,728)
  model=mistral-nemo-12b N=2 arm=full_regen real_lme_00034_95bcc1c8 seed=0: per_fault={'ctx': True, 'preamble': True} all_resolved=True n_resolved=2/2 tokens=(4382,677)
  model=mistral-nemo-12b N=2 arm=full_regen real_lme_00034_95bcc1c8 seed=1: per_fault={'ctx': True, 'preamble': True} all_resolved=True n_resolved=2/2 tokens=(4382,552)
  model=mistral-nemo-12b N=2 arm=full_regen real_lme_00034_95bcc1c8 seed=2: per_fault={'ctx': True, 'preamble': True} all_resolved=True n_resolved=2/2 tokens=(4382,592)
  model=mistral-nemo-12b N=2 arm=full_regen real_lme_00035_gpt4_2312f94c seed=0: per_fault={'ctx': False, 'english': True} all_resolved=False n_resolved=1/2 tokens=(4426,640)
  model=mistral-nemo-12b N=2 arm=full_regen real_lme_00035_gpt4_2312f94c seed=1: per_fault={'ctx': False, 'english': True} all_resolved=False n_resolved=1/2 tokens=(4426,578)
  model=mistral-nemo-12b N=2 arm=full_regen real_lme_00035_gpt4_2312f94c seed=2: per_fault={'ctx': False, 'english': True} all_resolved=False n_resolved=1/2 tokens=(4426,565)
  model=mistral-nemo-12b N=2 arm=full_regen real_lme_00036_gpt4_468eb063 seed=0: per_fault={'ctx': False, 'preamble': True} all_resolved=False n_resolved=1/2 tokens=(4416,664)
  model=mistral-nemo-12b N=2 arm=full_regen real_lme_00036_gpt4_468eb063 seed=1: per_fault={'ctx': True, 'preamble': True} all_resolved=True n_resolved=2/2 tokens=(4416,539)
  model=mistral-nemo-12b N=2 arm=full_regen real_lme_00036_gpt4_468eb063 seed=2: per_fault={'ctx': True, 'preamble': True} all_resolved=True n_resolved=2/2 tokens=(4416,635)
  model=mistral-nemo-12b N=2 arm=full_regen real_lme_00037_faba32e5 seed=0: per_fault={'ctx': True, 'concise': True} all_resolved=True n_resolved=2/2 tokens=(4496,893)
  model=mistral-nemo-12b N=2 arm=full_regen real_lme_00037_faba32e5 seed=1: per_fault={'ctx': True, 'concise': True} all_resolved=True n_resolved=2/2 tokens=(4496,517)
  model=mistral-nemo-12b N=2 arm=full_regen real_lme_00037_faba32e5 seed=2: per_fault={'ctx': True, 'concise': True} all_resolved=True n_resolved=2/2 tokens=(4496,499)
  model=mistral-nemo-12b N=2 arm=full_regen real_lme_00038_b86304ba seed=0: per_fault={'ctx': False, 'english': True} all_resolved=False n_resolved=1/2 tokens=(4250,692)
  model=mistral-nemo-12b N=2 arm=full_regen real_lme_00038_b86304ba seed=1: per_fault={'ctx': False, 'english': True} all_resolved=False n_resolved=1/2 tokens=(4250,560)
  model=mistral-nemo-12b N=2 arm=full_regen real_lme_00038_b86304ba seed=2: per_fault={'ctx': False, 'english': True} all_resolved=False n_resolved=1/2 tokens=(4250,585)
  model=mistral-nemo-12b N=2 arm=full_regen real_lme_00039_gpt4_d6585ce8 seed=0: per_fault={'ctx': True, 'concise': False} all_resolved=False n_resolved=1/2 tokens=(5158,932)
  model=mistral-nemo-12b N=2 arm=full_regen real_lme_00039_gpt4_d6585ce8 seed=1: per_fault={'ctx': False, 'concise': False} all_resolved=False n_resolved=0/2 tokens=(5158,1197)
  model=mistral-nemo-12b N=2 arm=full_regen real_lme_00039_gpt4_d6585ce8 seed=2: per_fault={'ctx': False, 'concise': False} all_resolved=False n_resolved=0/2 tokens=(5158,846)
  model=mistral-nemo-12b N=2 arm=full_regen real_lme_00040_gpt4_0b2f1d21 seed=0: per_fault={'ctx': True, 'concise': True} all_resolved=True n_resolved=2/2 tokens=(4410,608)
  model=mistral-nemo-12b N=2 arm=full_regen real_lme_00040_gpt4_0b2f1d21 seed=1: per_fault={'ctx': False, 'concise': True} all_resolved=False n_resolved=1/2 tokens=(4410,666)
  model=mistral-nemo-12b N=2 arm=full_regen real_lme_00040_gpt4_0b2f1d21 seed=2: per_fault={'ctx': True, 'concise': True} all_resolved=True n_resolved=2/2 tokens=(4410,619)
  model=mistral-nemo-12b N=2 arm=full_regen real_lme_00042_gpt4_5501fe77 seed=0: per_fault={'ctx': True, 'preamble': True} all_resolved=True n_resolved=2/2 tokens=(4606,647)
  model=mistral-nemo-12b N=2 arm=full_regen real_lme_00042_gpt4_5501fe77 seed=1: per_fault={'ctx': True, 'preamble': True} all_resolved=True n_resolved=2/2 tokens=(4606,562)
  model=mistral-nemo-12b N=2 arm=full_regen real_lme_00042_gpt4_5501fe77 seed=2: per_fault={'ctx': True, 'preamble': True} all_resolved=True n_resolved=2/2 tokens=(4606,694)
  model=mistral-nemo-12b N=2 arm=full_regen real_lme_00043_c2ac3c61 seed=0: per_fault={'ctx': True, 'bullets': True} all_resolved=True n_resolved=2/2 tokens=(4522,574)
  model=mistral-nemo-12b N=2 arm=full_regen real_lme_00043_c2ac3c61 seed=1: per_fault={'ctx': True, 'bullets': True} all_resolved=True n_resolved=2/2 tokens=(4522,776)
  model=mistral-nemo-12b N=2 arm=full_regen real_lme_00043_c2ac3c61 seed=2: per_fault={'ctx': True, 'bullets': True} all_resolved=True n_resolved=2/2 tokens=(4522,370)
  model=mistral-nemo-12b N=2 arm=full_regen real_lme_00044_gpt4_ec93e27f seed=0: per_fault={'ctx': True, 'bullets': True} all_resolved=True n_resolved=2/2 tokens=(4408,311)
  model=mistral-nemo-12b N=2 arm=full_regen real_lme_00044_gpt4_ec93e27f seed=1: per_fault={'ctx': True, 'bullets': True} all_resolved=True n_resolved=2/2 tokens=(4408,507)
  model=mistral-nemo-12b N=2 arm=full_regen real_lme_00044_gpt4_ec93e27f seed=2: per_fault={'ctx': True, 'bullets': True} all_resolved=True n_resolved=2/2 tokens=(4408,737)
  model=mistral-nemo-12b N=2 arm=full_regen real_lme_00045_06db6396 seed=0: per_fault={'ctx': True, 'concise': True} all_resolved=True n_resolved=2/2 tokens=(4432,509)
  model=mistral-nemo-12b N=2 arm=full_regen real_lme_00045_06db6396 seed=1: per_fault={'ctx': True, 'concise': True} all_resolved=True n_resolved=2/2 tokens=(4432,624)
  model=mistral-nemo-12b N=2 arm=full_regen real_lme_00045_06db6396 seed=2: per_fault={'ctx': True, 'concise': True} all_resolved=True n_resolved=2/2 tokens=(4432,593)
  model=mistral-nemo-12b N=2 arm=full_regen real_lme_00047_f685340e seed=0: per_fault={'ctx': False, 'bullets': True} all_resolved=False n_resolved=1/2 tokens=(4720,585)
  model=mistral-nemo-12b N=2 arm=full_regen real_lme_00047_f685340e seed=1: per_fault={'ctx': False, 'bullets': True} all_resolved=False n_resolved=1/2 tokens=(4720,498)
  model=mistral-nemo-12b N=2 arm=full_regen real_lme_00047_f685340e seed=2: per_fault={'ctx': False, 'bullets': True} all_resolved=False n_resolved=1/2 tokens=(4720,559)
  model=mistral-nemo-12b N=2 arm=full_regen real_lme_00048_dccbc061 seed=0: per_fault={'ctx': False, 'concise': True} all_resolved=False n_resolved=1/2 tokens=(4136,745)
  model=mistral-nemo-12b N=2 arm=full_regen real_lme_00048_dccbc061 seed=1: per_fault={'ctx': False, 'concise': False} all_resolved=False n_resolved=0/2 tokens=(4136,1127)
  model=mistral-nemo-12b N=2 arm=full_regen real_lme_00048_dccbc061 seed=2: per_fault={'ctx': True, 'concise': True} all_resolved=True n_resolved=2/2 tokens=(4136,401)
  model=mistral-nemo-12b N=2 arm=full_regen real_lme_00049_0862e8bf_abs seed=0: per_fault={'ctx': True, 'concise': False} all_resolved=False n_resolved=1/2 tokens=(4908,576)
  model=mistral-nemo-12b N=2 arm=full_regen real_lme_00049_0862e8bf_abs seed=1: per_fault={'ctx': True, 'concise': False} all_resolved=False n_resolved=1/2 tokens=(4908,372)
  model=mistral-nemo-12b N=2 arm=full_regen real_lme_00049_0862e8bf_abs seed=2: per_fault={'ctx': True, 'concise': False} all_resolved=False n_resolved=1/2 tokens=(4908,551)
  model=mistral-nemo-12b N=2 arm=full_regen real_lme_00050_0862e8bf seed=0: per_fault={'ctx': True, 'concise': True} all_resolved=True n_resolved=2/2 tokens=(4442,337)
  model=mistral-nemo-12b N=2 arm=full_regen real_lme_00050_0862e8bf seed=1: per_fault={'ctx': True, 'concise': True} all_resolved=True n_resolved=2/2 tokens=(4442,425)
  model=mistral-nemo-12b N=2 arm=full_regen real_lme_00050_0862e8bf seed=2: per_fault={'ctx': True, 'concise': True} all_resolved=True n_resolved=2/2 tokens=(4442,393)
  model=mistral-nemo-12b N=2 arm=full_regen real_lme_00051_2ebe6c90 seed=0: per_fault={'ctx': False, 'concise': False} all_resolved=False n_resolved=0/2 tokens=(4420,969)
  model=mistral-nemo-12b N=2 arm=full_regen real_lme_00051_2ebe6c90 seed=1: per_fault={'ctx': False, 'concise': False} all_resolved=False n_resolved=0/2 tokens=(4420,878)
  model=mistral-nemo-12b N=2 arm=full_regen real_lme_00051_2ebe6c90 seed=2: per_fault={'ctx': False, 'concise': False} all_resolved=False n_resolved=0/2 tokens=(4420,872)
  model=mistral-nemo-12b N=2 arm=full_regen real_lme_00052_1faac195 seed=0: per_fault={'ctx': False, 'english': True} all_resolved=False n_resolved=1/2 tokens=(4468,396)
  model=mistral-nemo-12b N=2 arm=full_regen real_lme_00052_1faac195 seed=1: per_fault={'ctx': False, 'english': True} all_resolved=False n_resolved=1/2 tokens=(4468,231)
  model=mistral-nemo-12b N=2 arm=full_regen real_lme_00052_1faac195 seed=2: per_fault={'ctx': False, 'english': True} all_resolved=False n_resolved=1/2 tokens=(4468,541)
  model=mistral-nemo-12b N=2 arm=full_regen real_lme_00053_21d02d0d seed=0: per_fault={'ctx': False, 'bullets': True} all_resolved=False n_resolved=1/2 tokens=(4680,420)
  model=mistral-nemo-12b N=2 arm=full_regen real_lme_00053_21d02d0d seed=1: per_fault={'ctx': True, 'bullets': True} all_resolved=True n_resolved=2/2 tokens=(4680,671)
  model=mistral-nemo-12b N=2 arm=full_regen real_lme_00053_21d02d0d seed=2: per_fault={'ctx': False, 'bullets': True} all_resolved=False n_resolved=1/2 tokens=(4680,653)
  model=mistral-nemo-12b N=2 arm=full_regen real_lme_00054_603deb26 seed=0: per_fault={'ctx': True, 'bullets': True} all_resolved=True n_resolved=2/2 tokens=(4826,796)
  model=mistral-nemo-12b N=2 arm=full_regen real_lme_00054_603deb26 seed=1: per_fault={'ctx': True, 'bullets': True} all_resolved=True n_resolved=2/2 tokens=(4826,700)
  model=mistral-nemo-12b N=2 arm=full_regen real_lme_00054_603deb26 seed=2: per_fault={'ctx': False, 'bullets': True} all_resolved=False n_resolved=1/2 tokens=(4826,774)
  model=mistral-nemo-12b N=2 arm=full_regen real_lme_00055_7e974930 seed=0: per_fault={'ctx': False, 'bullets': True} all_resolved=False n_resolved=1/2 tokens=(4654,640)
  model=mistral-nemo-12b N=2 arm=full_regen real_lme_00055_7e974930 seed=1: per_fault={'ctx': True, 'bullets': True} all_resolved=True n_resolved=2/2 tokens=(4654,713)
  model=mistral-nemo-12b N=2 arm=full_regen real_lme_00055_7e974930 seed=2: per_fault={'ctx': False, 'bullets': True} all_resolved=False n_resolved=1/2 tokens=(4654,698)
  model=mistral-nemo-12b N=2 arm=full_regen real_lme_00057_dd2973ad seed=0: per_fault={'ctx': False, 'concise': False} all_resolved=False n_resolved=0/2 tokens=(4774,738)
  model=mistral-nemo-12b N=2 arm=full_regen real_lme_00057_dd2973ad seed=1: per_fault={'ctx': True, 'concise': True} all_resolved=True n_resolved=2/2 tokens=(4774,587)
  model=mistral-nemo-12b N=2 arm=full_regen real_lme_00057_dd2973ad seed=2: per_fault={'ctx': True, 'concise': True} all_resolved=True n_resolved=2/2 tokens=(4774,560)
  model=mistral-nemo-12b N=2 arm=full_regen real_lme_00058_b320f3f8 seed=0: per_fault={'ctx': True, 'preamble': True} all_resolved=True n_resolved=2/2 tokens=(4204,531)
  model=mistral-nemo-12b N=2 arm=full_regen real_lme_00058_b320f3f8 seed=1: per_fault={'ctx': False, 'preamble': True} all_resolved=False n_resolved=1/2 tokens=(4204,549)
  model=mistral-nemo-12b N=2 arm=full_regen real_lme_00058_b320f3f8 seed=2: per_fault={'ctx': True, 'preamble': True} all_resolved=True n_resolved=2/2 tokens=(4204,416)
  model=mistral-nemo-12b N=2 arm=full_regen real_lme_00059_2ebe6c90 seed=0: per_fault={'ctx': False, 'concise': True} all_resolved=False n_resolved=1/2 tokens=(4440,968)
  model=mistral-nemo-12b N=2 arm=full_regen real_lme_00059_2ebe6c90 seed=1: per_fault={'ctx': False, 'concise': False} all_resolved=False n_resolved=0/2 tokens=(4440,1216)
  model=mistral-nemo-12b N=2 arm=full_regen real_lme_00059_2ebe6c90 seed=2: per_fault={'ctx': False, 'concise': False} all_resolved=False n_resolved=0/2 tokens=(4440,1096)
  model=mistral-nemo-12b N=2 arm=full_regen real_lme_00064_gpt4_e061b84f seed=0: per_fault={'ctx': True, 'concise': True} all_resolved=True n_resolved=2/2 tokens=(4954,617)
  model=mistral-nemo-12b N=2 arm=full_regen real_lme_00064_gpt4_e061b84f seed=1: per_fault={'ctx': True, 'concise': True} all_resolved=True n_resolved=2/2 tokens=(4954,556)
  model=mistral-nemo-12b N=2 arm=full_regen real_lme_00064_gpt4_e061b84f seed=2: per_fault={'ctx': True, 'concise': True} all_resolved=True n_resolved=2/2 tokens=(4954,697)
  model=mistral-nemo-12b N=2 arm=full_regen real_lme_00066_8e91e7d9 seed=0: per_fault={'ctx': True, 'bullets': True} all_resolved=True n_resolved=2/2 tokens=(4178,501)
  model=mistral-nemo-12b N=2 arm=full_regen real_lme_00066_8e91e7d9 seed=1: per_fault={'ctx': True, 'bullets': True} all_resolved=True n_resolved=2/2 tokens=(4178,799)
  model=mistral-nemo-12b N=2 arm=full_regen real_lme_00066_8e91e7d9 seed=2: per_fault={'ctx': True, 'bullets': True} all_resolved=True n_resolved=2/2 tokens=(4178,545)
  model=mistral-nemo-12b N=2 arm=full_regen real_lme_00067_41698283 seed=0: per_fault={'ctx': False, 'english': True} all_resolved=False n_resolved=1/2 tokens=(4680,481)
  model=mistral-nemo-12b N=2 arm=full_regen real_lme_00067_41698283 seed=1: per_fault={'ctx': False, 'english': True} all_resolved=False n_resolved=1/2 tokens=(4680,707)
  model=mistral-nemo-12b N=2 arm=full_regen real_lme_00067_41698283 seed=2: per_fault={'ctx': False, 'english': True} all_resolved=False n_resolved=1/2 tokens=(4680,889)
  model=mistral-nemo-12b N=2 arm=full_regen real_lme_00068_dad224aa seed=0: per_fault={'ctx': False, 'concise': True} all_resolved=False n_resolved=1/2 tokens=(4624,598)
  model=mistral-nemo-12b N=2 arm=full_regen real_lme_00068_dad224aa seed=1: per_fault={'ctx': False, 'concise': True} all_resolved=False n_resolved=1/2 tokens=(4624,547)
  model=mistral-nemo-12b N=2 arm=full_regen real_lme_00068_dad224aa seed=2: per_fault={'ctx': False, 'concise': True} all_resolved=False n_resolved=1/2 tokens=(4624,737)
  model=mistral-nemo-12b N=2 arm=full_regen real_lme_00069_gpt4_31ff4165 seed=0: per_fault={'ctx': True, 'bullets': True} all_resolved=True n_resolved=2/2 tokens=(4894,894)
  model=mistral-nemo-12b N=2 arm=full_regen real_lme_00069_gpt4_31ff4165 seed=1: per_fault={'ctx': False, 'bullets': True} all_resolved=False n_resolved=1/2 tokens=(4894,968)
  model=mistral-nemo-12b N=2 arm=full_regen real_lme_00069_gpt4_31ff4165 seed=2: per_fault={'ctx': False, 'bullets': True} all_resolved=False n_resolved=1/2 tokens=(4894,1157)
  model=mistral-nemo-12b N=2 arm=full_regen real_lme_00070_bc149d6b seed=0: per_fault={'ctx': False, 'english': True} all_resolved=False n_resolved=1/2 tokens=(4653,867)
  model=mistral-nemo-12b N=2 arm=full_regen real_lme_00070_bc149d6b seed=1: per_fault={'ctx': False, 'english': True} all_resolved=False n_resolved=1/2 tokens=(4654,663)
  model=mistral-nemo-12b N=2 arm=full_regen real_lme_00070_bc149d6b seed=2: per_fault={'ctx': False, 'english': True} all_resolved=False n_resolved=1/2 tokens=(4655,572)
  model=mistral-nemo-12b N=2 arm=full_regen real_lme_00071_51b23612 seed=0: per_fault={'ctx': True, 'concise': True} all_resolved=True n_resolved=2/2 tokens=(4326,615)
  model=mistral-nemo-12b N=2 arm=full_regen real_lme_00071_51b23612 seed=1: per_fault={'ctx': True, 'concise': True} all_resolved=True n_resolved=2/2 tokens=(4326,467)
  model=mistral-nemo-12b N=2 arm=full_regen real_lme_00071_51b23612 seed=2: per_fault={'ctx': True, 'concise': True} all_resolved=True n_resolved=2/2 tokens=(4326,791)
  model=mistral-nemo-12b N=2 arm=full_regen real_lme_00072_08f4fc43 seed=0: per_fault={'ctx': True, 'preamble': True} all_resolved=True n_resolved=2/2 tokens=(4498,651)
  model=mistral-nemo-12b N=2 arm=full_regen real_lme_00072_08f4fc43 seed=1: per_fault={'ctx': True, 'preamble': True} all_resolved=True n_resolved=2/2 tokens=(4498,623)
  model=mistral-nemo-12b N=2 arm=full_regen real_lme_00072_08f4fc43 seed=2: per_fault={'ctx': False, 'preamble': True} all_resolved=False n_resolved=1/2 tokens=(4498,573)
  model=mistral-nemo-12b N=2 arm=full_regen real_lme_00073_89941a94 seed=0: per_fault={'ctx': False, 'concise': False} all_resolved=False n_resolved=0/2 tokens=(4594,355)
  model=mistral-nemo-12b N=2 arm=full_regen real_lme_00073_89941a94 seed=1: per_fault={'ctx': False, 'concise': True} all_resolved=False n_resolved=1/2 tokens=(4594,361)
  model=mistral-nemo-12b N=2 arm=full_regen real_lme_00073_89941a94 seed=2: per_fault={'ctx': False, 'concise': True} all_resolved=False n_resolved=1/2 tokens=(4594,340)
  model=mistral-nemo-12b N=2 arm=full_regen real_lme_00074_681a1674 seed=0: per_fault={'ctx': True, 'preamble': True} all_resolved=True n_resolved=2/2 tokens=(4334,656)
  model=mistral-nemo-12b N=2 arm=full_regen real_lme_00074_681a1674 seed=1: per_fault={'ctx': True, 'preamble': True} all_resolved=True n_resolved=2/2 tokens=(4334,730)
  model=mistral-nemo-12b N=2 arm=full_regen real_lme_00074_681a1674 seed=2: per_fault={'ctx': True, 'preamble': True} all_resolved=True n_resolved=2/2 tokens=(4335,540)
--- [mistral-nemo-12b][full_regen] N=2: rows written=180 errors=0 tokens_in=817968 tokens_out=120256 ---
  model=mistral-nemo-12b N=2 arm=react real_lme_00000_gpt4_2ba83207 seed=0: per_fault={'ctx': True, 'concise': True} all_resolved=True n_resolved=2/2 tokens=(5020,762)
  model=mistral-nemo-12b N=2 arm=react real_lme_00000_gpt4_2ba83207 seed=1: per_fault={'ctx': True, 'concise': True} all_resolved=True n_resolved=2/2 tokens=(5020,762)
  model=mistral-nemo-12b N=2 arm=react real_lme_00000_gpt4_2ba83207 seed=2: per_fault={'ctx': False, 'concise': False} all_resolved=False n_resolved=0/2 tokens=(5021,978)
  model=mistral-nemo-12b N=2 arm=react real_lme_00001_603deb26 seed=0: per_fault={'ctx': True, 'concise': True} all_resolved=True n_resolved=2/2 tokens=(5094,963)
  model=mistral-nemo-12b N=2 arm=react real_lme_00001_603deb26 seed=1: per_fault={'ctx': True, 'concise': True} all_resolved=True n_resolved=2/2 tokens=(5094,963)
  model=mistral-nemo-12b N=2 arm=react real_lme_00001_603deb26 seed=2: per_fault={'ctx': True, 'concise': True} all_resolved=True n_resolved=2/2 tokens=(5094,1058)
  model=mistral-nemo-12b N=2 arm=react real_lme_00002_51c32626 seed=0: per_fault={'ctx': True, 'concise': True} all_resolved=True n_resolved=2/2 tokens=(4372,892)
  model=mistral-nemo-12b N=2 arm=react real_lme_00002_51c32626 seed=1: per_fault={'ctx': True, 'concise': True} all_resolved=True n_resolved=2/2 tokens=(4372,892)
  model=mistral-nemo-12b N=2 arm=react real_lme_00002_51c32626 seed=2: per_fault={'ctx': False, 'concise': True} all_resolved=False n_resolved=1/2 tokens=(4372,1053)
  model=mistral-nemo-12b N=2 arm=react real_lme_00004_gpt4_2655b836 seed=0: per_fault={'ctx': False, 'concise': False} all_resolved=False n_resolved=0/2 tokens=(4448,678)
  model=mistral-nemo-12b N=2 arm=react real_lme_00004_gpt4_2655b836 seed=1: per_fault={'ctx': False, 'concise': False} all_resolved=False n_resolved=0/2 tokens=(4448,678)
  model=mistral-nemo-12b N=2 arm=react real_lme_00004_gpt4_2655b836 seed=2: per_fault={'ctx': True, 'concise': True} all_resolved=True n_resolved=2/2 tokens=(4448,791)
  model=mistral-nemo-12b N=2 arm=react real_lme_00005_2698e78f_abs seed=0: per_fault={'ctx': True, 'concise': True} all_resolved=True n_resolved=2/2 tokens=(4362,1015)
  model=mistral-nemo-12b N=2 arm=react real_lme_00005_2698e78f_abs seed=1: per_fault={'ctx': True, 'concise': True} all_resolved=True n_resolved=2/2 tokens=(4362,1015)
  model=mistral-nemo-12b N=2 arm=react real_lme_00005_2698e78f_abs seed=2: per_fault={'ctx': True, 'concise': True} all_resolved=True n_resolved=2/2 tokens=(4362,905)
  model=mistral-nemo-12b N=2 arm=react real_lme_00006_gpt4_1d80365e seed=0: per_fault={'ctx': False, 'concise': False} all_resolved=False n_resolved=0/2 tokens=(4702,951)
  model=mistral-nemo-12b N=2 arm=react real_lme_00006_gpt4_1d80365e seed=1: per_fault={'ctx': False, 'concise': False} all_resolved=False n_resolved=0/2 tokens=(4702,951)
  model=mistral-nemo-12b N=2 arm=react real_lme_00006_gpt4_1d80365e seed=2: per_fault={'ctx': False, 'concise': True} all_resolved=False n_resolved=1/2 tokens=(4702,719)
  model=mistral-nemo-12b N=2 arm=react real_lme_00007_5025383b seed=0: per_fault={'ctx': False, 'bullets': False} all_resolved=False n_resolved=0/2 tokens=(4198,918)
  model=mistral-nemo-12b N=2 arm=react real_lme_00007_5025383b seed=1: per_fault={'ctx': False, 'bullets': False} all_resolved=False n_resolved=0/2 tokens=(4198,918)
  model=mistral-nemo-12b N=2 arm=react real_lme_00007_5025383b seed=2: per_fault={'ctx': True, 'bullets': True} all_resolved=True n_resolved=2/2 tokens=(4198,661)
  model=mistral-nemo-12b N=2 arm=react real_lme_00008_gpt4_cd90e484 seed=0: per_fault={'ctx': True, 'bullets': True} all_resolved=True n_resolved=2/2 tokens=(4424,946)
  model=mistral-nemo-12b N=2 arm=react real_lme_00008_gpt4_cd90e484 seed=1: per_fault={'ctx': True, 'bullets': True} all_resolved=True n_resolved=2/2 tokens=(4424,946)
  model=mistral-nemo-12b N=2 arm=react real_lme_00008_gpt4_cd90e484 seed=2: per_fault={'ctx': True, 'bullets': True} all_resolved=True n_resolved=2/2 tokens=(4424,750)
  model=mistral-nemo-12b N=2 arm=react real_lme_00009_c19f7a0b seed=0: per_fault={'ctx': True, 'concise': True} all_resolved=True n_resolved=2/2 tokens=(4778,762)
  model=mistral-nemo-12b N=2 arm=react real_lme_00009_c19f7a0b seed=1: per_fault={'ctx': True, 'concise': True} all_resolved=True n_resolved=2/2 tokens=(4778,762)
  model=mistral-nemo-12b N=2 arm=react real_lme_00009_c19f7a0b seed=2: per_fault={'ctx': True, 'concise': True} all_resolved=True n_resolved=2/2 tokens=(4778,878)
  model=mistral-nemo-12b N=2 arm=react real_lme_00010_0a34ad58 seed=0: per_fault={'ctx': False, 'concise': True} all_resolved=False n_resolved=1/2 tokens=(5456,938)
  model=mistral-nemo-12b N=2 arm=react real_lme_00010_0a34ad58 seed=1: per_fault={'ctx': False, 'concise': True} all_resolved=False n_resolved=1/2 tokens=(5456,938)
  model=mistral-nemo-12b N=2 arm=react real_lme_00010_0a34ad58 seed=2: per_fault={'ctx': False, 'concise': False} all_resolved=False n_resolved=0/2 tokens=(5456,1193)
  model=mistral-nemo-12b N=2 arm=react real_lme_00011_gpt4_65aabe59 seed=0: per_fault={'ctx': True, 'preamble': True} all_resolved=True n_resolved=2/2 tokens=(4908,654)
  model=mistral-nemo-12b N=2 arm=react real_lme_00011_gpt4_65aabe59 seed=1: per_fault={'ctx': True, 'preamble': True} all_resolved=True n_resolved=2/2 tokens=(4908,654)
  model=mistral-nemo-12b N=2 arm=react real_lme_00011_gpt4_65aabe59 seed=2: per_fault={'ctx': True, 'preamble': True} all_resolved=True n_resolved=2/2 tokens=(4908,620)
  model=mistral-nemo-12b N=2 arm=react real_lme_00012_d6233ab6 seed=0: per_fault={'ctx': False, 'preamble': True} all_resolved=False n_resolved=1/2 tokens=(5308,730)
  model=mistral-nemo-12b N=2 arm=react real_lme_00012_d6233ab6 seed=1: per_fault={'ctx': False, 'preamble': True} all_resolved=False n_resolved=1/2 tokens=(5308,730)
  model=mistral-nemo-12b N=2 arm=react real_lme_00012_d6233ab6 seed=2: per_fault={'ctx': False, 'preamble': True} all_resolved=False n_resolved=1/2 tokens=(5308,798)
  model=mistral-nemo-12b N=2 arm=react real_lme_00014_gpt4_c27434e8_abs seed=0: per_fault={'ctx': False, 'bullets': True} all_resolved=False n_resolved=1/2 tokens=(4464,1518)
  model=mistral-nemo-12b N=2 arm=react real_lme_00014_gpt4_c27434e8_abs seed=1: per_fault={'ctx': False, 'bullets': True} all_resolved=False n_resolved=1/2 tokens=(4464,1518)
  model=mistral-nemo-12b N=2 arm=react real_lme_00014_gpt4_c27434e8_abs seed=2: per_fault={'ctx': False, 'bullets': True} all_resolved=False n_resolved=1/2 tokens=(4464,802)
  model=mistral-nemo-12b N=2 arm=react real_lme_00016_f8c5f88b seed=0: per_fault={'ctx': True, 'bullets': True} all_resolved=True n_resolved=2/2 tokens=(4714,681)
  model=mistral-nemo-12b N=2 arm=react real_lme_00016_f8c5f88b seed=1: per_fault={'ctx': True, 'bullets': True} all_resolved=True n_resolved=2/2 tokens=(4714,681)
  model=mistral-nemo-12b N=2 arm=react real_lme_00016_f8c5f88b seed=2: per_fault={'ctx': True, 'bullets': True} all_resolved=True n_resolved=2/2 tokens=(4713,741)
  model=mistral-nemo-12b N=2 arm=react real_lme_00018_gpt4_d31cdae3 seed=0: per_fault={'ctx': False, 'concise': False} all_resolved=False n_resolved=0/2 tokens=(4884,963)
  model=mistral-nemo-12b N=2 arm=react real_lme_00018_gpt4_d31cdae3 seed=1: per_fault={'ctx': False, 'concise': False} all_resolved=False n_resolved=0/2 tokens=(4884,963)
  model=mistral-nemo-12b N=2 arm=react real_lme_00018_gpt4_d31cdae3 seed=2: per_fault={'ctx': False, 'concise': False} all_resolved=False n_resolved=0/2 tokens=(4884,1098)
  model=mistral-nemo-12b N=2 arm=react real_lme_00019_gpt4_e414231f seed=0: per_fault={'ctx': True, 'preamble': True} all_resolved=True n_resolved=2/2 tokens=(4782,635)
  model=mistral-nemo-12b N=2 arm=react real_lme_00019_gpt4_e414231f seed=1: per_fault={'ctx': True, 'preamble': True} all_resolved=True n_resolved=2/2 tokens=(4782,635)
  model=mistral-nemo-12b N=2 arm=react real_lme_00019_gpt4_e414231f seed=2: per_fault={'ctx': False, 'preamble': True} all_resolved=False n_resolved=1/2 tokens=(4782,712)
  model=mistral-nemo-12b N=2 arm=react real_lme_00021_e56a43b9 seed=0: per_fault={'ctx': True, 'english': True} all_resolved=True n_resolved=2/2 tokens=(4944,718)
  model=mistral-nemo-12b N=2 arm=react real_lme_00021_e56a43b9 seed=1: per_fault={'ctx': True, 'english': True} all_resolved=True n_resolved=2/2 tokens=(4944,718)
  model=mistral-nemo-12b N=2 arm=react real_lme_00021_e56a43b9 seed=2: per_fault={'ctx': True, 'english': True} all_resolved=True n_resolved=2/2 tokens=(4944,989)
  model=mistral-nemo-12b N=2 arm=react real_lme_00022_6cb6f249 seed=0: per_fault={'ctx': False, 'bullets': True} all_resolved=False n_resolved=1/2 tokens=(4254,929)
  model=mistral-nemo-12b N=2 arm=react real_lme_00022_6cb6f249 seed=1: per_fault={'ctx': False, 'bullets': True} all_resolved=False n_resolved=1/2 tokens=(4254,929)
  model=mistral-nemo-12b N=2 arm=react real_lme_00022_6cb6f249 seed=2: per_fault={'ctx': False, 'bullets': True} all_resolved=False n_resolved=1/2 tokens=(4254,983)
  model=mistral-nemo-12b N=2 arm=react real_lme_00023_e48988bc seed=0: per_fault={'ctx': True, 'english': True} all_resolved=True n_resolved=2/2 tokens=(3614,580)
  model=mistral-nemo-12b N=2 arm=react real_lme_00023_e48988bc seed=1: per_fault={'ctx': True, 'english': True} all_resolved=True n_resolved=2/2 tokens=(3614,580)
  model=mistral-nemo-12b N=2 arm=react real_lme_00023_e48988bc seed=2: per_fault={'ctx': True, 'english': True} all_resolved=True n_resolved=2/2 tokens=(3614,684)
  model=mistral-nemo-12b N=2 arm=react real_lme_00025_gpt4_4929293b seed=0: per_fault={'ctx': False, 'concise': True} all_resolved=False n_resolved=1/2 tokens=(4452,843)
  model=mistral-nemo-12b N=2 arm=react real_lme_00025_gpt4_4929293b seed=1: per_fault={'ctx': False, 'concise': True} all_resolved=False n_resolved=1/2 tokens=(4452,843)
  model=mistral-nemo-12b N=2 arm=react real_lme_00025_gpt4_4929293b seed=2: per_fault={'ctx': False, 'concise': True} all_resolved=False n_resolved=1/2 tokens=(4452,542)
  model=mistral-nemo-12b N=2 arm=react real_lme_00027_21d02d0d seed=0: per_fault={'ctx': True, 'concise': True} all_resolved=True n_resolved=2/2 tokens=(4740,888)
  model=mistral-nemo-12b N=2 arm=react real_lme_00027_21d02d0d seed=1: per_fault={'ctx': True, 'concise': True} all_resolved=True n_resolved=2/2 tokens=(4740,888)
  model=mistral-nemo-12b N=2 arm=react real_lme_00027_21d02d0d seed=2: per_fault={'ctx': True, 'concise': True} all_resolved=True n_resolved=2/2 tokens=(4740,905)
  model=mistral-nemo-12b N=2 arm=react real_lme_00028_1f2b8d4f seed=0: per_fault={'ctx': False, 'concise': True} all_resolved=False n_resolved=1/2 tokens=(4598,898)
  model=mistral-nemo-12b N=2 arm=react real_lme_00028_1f2b8d4f seed=1: per_fault={'ctx': False, 'concise': True} all_resolved=False n_resolved=1/2 tokens=(4598,898)
  model=mistral-nemo-12b N=2 arm=react real_lme_00028_1f2b8d4f seed=2: per_fault={'ctx': False, 'concise': True} all_resolved=False n_resolved=1/2 tokens=(4598,1276)
  model=mistral-nemo-12b N=2 arm=react real_lme_00029_a11281a2 seed=0: per_fault={'ctx': True, 'bullets': True} all_resolved=True n_resolved=2/2 tokens=(4656,936)
  model=mistral-nemo-12b N=2 arm=react real_lme_00029_a11281a2 seed=1: per_fault={'ctx': True, 'bullets': True} all_resolved=True n_resolved=2/2 tokens=(4656,936)
  model=mistral-nemo-12b N=2 arm=react real_lme_00029_a11281a2 seed=2: per_fault={'ctx': True, 'bullets': True} all_resolved=True n_resolved=2/2 tokens=(4656,821)
  model=mistral-nemo-12b N=2 arm=react real_lme_00030_1de5cff2 seed=0: per_fault={'ctx': True, 'concise': True} all_resolved=True n_resolved=2/2 tokens=(3952,746)
  model=mistral-nemo-12b N=2 arm=react real_lme_00030_1de5cff2 seed=1: per_fault={'ctx': True, 'concise': True} all_resolved=True n_resolved=2/2 tokens=(3952,746)
  model=mistral-nemo-12b N=2 arm=react real_lme_00030_1de5cff2 seed=2: per_fault={'ctx': True, 'concise': True} all_resolved=True n_resolved=2/2 tokens=(3951,860)
  model=mistral-nemo-12b N=2 arm=react real_lme_00031_8ebdbe50 seed=0: per_fault={'ctx': True, 'concise': False} all_resolved=False n_resolved=1/2 tokens=(4056,996)
  model=mistral-nemo-12b N=2 arm=react real_lme_00031_8ebdbe50 seed=1: per_fault={'ctx': True, 'concise': False} all_resolved=False n_resolved=1/2 tokens=(4056,996)
  model=mistral-nemo-12b N=2 arm=react real_lme_00031_8ebdbe50 seed=2: per_fault={'ctx': True, 'concise': False} all_resolved=False n_resolved=1/2 tokens=(4056,1448)
  model=mistral-nemo-12b N=2 arm=react real_lme_00032_22d2cb42 seed=0: per_fault={'ctx': False, 'english': True} all_resolved=False n_resolved=1/2 tokens=(4378,916)
  model=mistral-nemo-12b N=2 arm=react real_lme_00032_22d2cb42 seed=1: per_fault={'ctx': False, 'english': True} all_resolved=False n_resolved=1/2 tokens=(4378,916)
  model=mistral-nemo-12b N=2 arm=react real_lme_00032_22d2cb42 seed=2: per_fault={'ctx': True, 'english': True} all_resolved=True n_resolved=2/2 tokens=(4378,883)
  model=mistral-nemo-12b N=2 arm=react real_lme_00033_gpt4_385a5000 seed=0: per_fault={'ctx': False, 'english': True} all_resolved=False n_resolved=1/2 tokens=(4672,932)
  model=mistral-nemo-12b N=2 arm=react real_lme_00033_gpt4_385a5000 seed=1: per_fault={'ctx': False, 'english': True} all_resolved=False n_resolved=1/2 tokens=(4672,932)
  model=mistral-nemo-12b N=2 arm=react real_lme_00033_gpt4_385a5000 seed=2: per_fault={'ctx': True, 'english': True} all_resolved=True n_resolved=2/2 tokens=(4672,810)
  model=mistral-nemo-12b N=2 arm=react real_lme_00034_95bcc1c8 seed=0: per_fault={'ctx': True, 'preamble': True} all_resolved=True n_resolved=2/2 tokens=(4438,670)
  model=mistral-nemo-12b N=2 arm=react real_lme_00034_95bcc1c8 seed=1: per_fault={'ctx': True, 'preamble': True} all_resolved=True n_resolved=2/2 tokens=(4438,670)
  model=mistral-nemo-12b N=2 arm=react real_lme_00034_95bcc1c8 seed=2: per_fault={'ctx': True, 'preamble': True} all_resolved=True n_resolved=2/2 tokens=(4438,551)
  model=mistral-nemo-12b N=2 arm=react real_lme_00035_gpt4_2312f94c seed=0: per_fault={'ctx': False, 'english': True} all_resolved=False n_resolved=1/2 tokens=(4481,444)
  model=mistral-nemo-12b N=2 arm=react real_lme_00035_gpt4_2312f94c seed=1: per_fault={'ctx': False, 'english': True} all_resolved=False n_resolved=1/2 tokens=(4481,444)
  model=mistral-nemo-12b N=2 arm=react real_lme_00035_gpt4_2312f94c seed=2: per_fault={'ctx': False, 'english': True} all_resolved=False n_resolved=1/2 tokens=(4482,635)
  model=mistral-nemo-12b N=2 arm=react real_lme_00036_gpt4_468eb063 seed=0: per_fault={'ctx': False, 'preamble': True} all_resolved=False n_resolved=1/2 tokens=(4472,826)
  model=mistral-nemo-12b N=2 arm=react real_lme_00036_gpt4_468eb063 seed=1: per_fault={'ctx': False, 'preamble': True} all_resolved=False n_resolved=1/2 tokens=(4472,826)
  model=mistral-nemo-12b N=2 arm=react real_lme_00036_gpt4_468eb063 seed=2: per_fault={'ctx': False, 'preamble': True} all_resolved=False n_resolved=1/2 tokens=(4472,910)
  model=mistral-nemo-12b N=2 arm=react real_lme_00037_faba32e5 seed=0: per_fault={'ctx': True, 'concise': True} all_resolved=True n_resolved=2/2 tokens=(4552,902)
  model=mistral-nemo-12b N=2 arm=react real_lme_00037_faba32e5 seed=1: per_fault={'ctx': True, 'concise': True} all_resolved=True n_resolved=2/2 tokens=(4552,902)
  model=mistral-nemo-12b N=2 arm=react real_lme_00037_faba32e5 seed=2: per_fault={'ctx': True, 'concise': True} all_resolved=True n_resolved=2/2 tokens=(4552,753)
  model=mistral-nemo-12b N=2 arm=react real_lme_00038_b86304ba seed=0: per_fault={'ctx': False, 'english': True} all_resolved=False n_resolved=1/2 tokens=(4306,746)
  model=mistral-nemo-12b N=2 arm=react real_lme_00038_b86304ba seed=1: per_fault={'ctx': False, 'english': True} all_resolved=False n_resolved=1/2 tokens=(4306,746)
  model=mistral-nemo-12b N=2 arm=react real_lme_00038_b86304ba seed=2: per_fault={'ctx': False, 'english': True} all_resolved=False n_resolved=1/2 tokens=(4306,810)
  model=mistral-nemo-12b N=2 arm=react real_lme_00039_gpt4_d6585ce8 seed=0: per_fault={'ctx': False, 'concise': False} all_resolved=False n_resolved=0/2 tokens=(5214,1075)
  model=mistral-nemo-12b N=2 arm=react real_lme_00039_gpt4_d6585ce8 seed=1: per_fault={'ctx': False, 'concise': False} all_resolved=False n_resolved=0/2 tokens=(5214,1075)
  model=mistral-nemo-12b N=2 arm=react real_lme_00039_gpt4_d6585ce8 seed=2: per_fault={'ctx': True, 'concise': False} all_resolved=False n_resolved=1/2 tokens=(5214,852)
  model=mistral-nemo-12b N=2 arm=react real_lme_00040_gpt4_0b2f1d21 seed=0: per_fault={'ctx': True, 'concise': True} all_resolved=True n_resolved=2/2 tokens=(4466,1054)
  model=mistral-nemo-12b N=2 arm=react real_lme_00040_gpt4_0b2f1d21 seed=1: per_fault={'ctx': True, 'concise': True} all_resolved=True n_resolved=2/2 tokens=(4466,1054)
  model=mistral-nemo-12b N=2 arm=react real_lme_00040_gpt4_0b2f1d21 seed=2: per_fault={'ctx': True, 'concise': True} all_resolved=True n_resolved=2/2 tokens=(4466,966)
  model=mistral-nemo-12b N=2 arm=react real_lme_00042_gpt4_5501fe77 seed=0: per_fault={'ctx': True, 'preamble': True} all_resolved=True n_resolved=2/2 tokens=(4662,669)
  model=mistral-nemo-12b N=2 arm=react real_lme_00042_gpt4_5501fe77 seed=1: per_fault={'ctx': True, 'preamble': True} all_resolved=True n_resolved=2/2 tokens=(4662,669)
  model=mistral-nemo-12b N=2 arm=react real_lme_00042_gpt4_5501fe77 seed=2: per_fault={'ctx': True, 'preamble': True} all_resolved=True n_resolved=2/2 tokens=(4662,821)
  model=mistral-nemo-12b N=2 arm=react real_lme_00043_c2ac3c61 seed=0: per_fault={'ctx': True, 'bullets': True} all_resolved=True n_resolved=2/2 tokens=(4578,579)
  model=mistral-nemo-12b N=2 arm=react real_lme_00043_c2ac3c61 seed=1: per_fault={'ctx': True, 'bullets': True} all_resolved=True n_resolved=2/2 tokens=(4578,579)
  model=mistral-nemo-12b N=2 arm=react real_lme_00043_c2ac3c61 seed=2: per_fault={'ctx': True, 'bullets': True} all_resolved=True n_resolved=2/2 tokens=(4578,618)
  model=mistral-nemo-12b N=2 arm=react real_lme_00044_gpt4_ec93e27f seed=0: per_fault={'ctx': False, 'bullets': True} all_resolved=False n_resolved=1/2 tokens=(4464,865)
  model=mistral-nemo-12b N=2 arm=react real_lme_00044_gpt4_ec93e27f seed=1: per_fault={'ctx': False, 'bullets': True} all_resolved=False n_resolved=1/2 tokens=(4464,865)
  model=mistral-nemo-12b N=2 arm=react real_lme_00044_gpt4_ec93e27f seed=2: per_fault={'ctx': False, 'bullets': True} all_resolved=False n_resolved=1/2 tokens=(4464,1051)
  model=mistral-nemo-12b N=2 arm=react real_lme_00045_06db6396 seed=0: per_fault={'ctx': True, 'concise': True} all_resolved=True n_resolved=2/2 tokens=(4488,855)
  model=mistral-nemo-12b N=2 arm=react real_lme_00045_06db6396 seed=1: per_fault={'ctx': True, 'concise': True} all_resolved=True n_resolved=2/2 tokens=(4488,855)
  model=mistral-nemo-12b N=2 arm=react real_lme_00045_06db6396 seed=2: per_fault={'ctx': True, 'concise': True} all_resolved=True n_resolved=2/2 tokens=(4488,881)
  model=mistral-nemo-12b N=2 arm=react real_lme_00047_f685340e seed=0: per_fault={'ctx': False, 'bullets': True} all_resolved=False n_resolved=1/2 tokens=(4776,634)
  model=mistral-nemo-12b N=2 arm=react real_lme_00047_f685340e seed=1: per_fault={'ctx': False, 'bullets': True} all_resolved=False n_resolved=1/2 tokens=(4776,634)
  model=mistral-nemo-12b N=2 arm=react real_lme_00047_f685340e seed=2: per_fault={'ctx': False, 'bullets': True} all_resolved=False n_resolved=1/2 tokens=(4776,910)
  model=mistral-nemo-12b N=2 arm=react real_lme_00048_dccbc061 seed=0: per_fault={'ctx': True, 'concise': True} all_resolved=True n_resolved=2/2 tokens=(4192,682)
  model=mistral-nemo-12b N=2 arm=react real_lme_00048_dccbc061 seed=1: per_fault={'ctx': True, 'concise': True} all_resolved=True n_resolved=2/2 tokens=(4192,682)
  model=mistral-nemo-12b N=2 arm=react real_lme_00048_dccbc061 seed=2: per_fault={'ctx': False, 'concise': False} all_resolved=False n_resolved=0/2 tokens=(4192,753)
  model=mistral-nemo-12b N=2 arm=react real_lme_00049_0862e8bf_abs seed=0: per_fault={'ctx': True, 'concise': False} all_resolved=False n_resolved=1/2 tokens=(4964,748)
  model=mistral-nemo-12b N=2 arm=react real_lme_00049_0862e8bf_abs seed=1: per_fault={'ctx': True, 'concise': False} all_resolved=False n_resolved=1/2 tokens=(4964,748)
  model=mistral-nemo-12b N=2 arm=react real_lme_00049_0862e8bf_abs seed=2: per_fault={'ctx': True, 'concise': False} all_resolved=False n_resolved=1/2 tokens=(4964,666)
  model=mistral-nemo-12b N=2 arm=react real_lme_00050_0862e8bf seed=0: per_fault={'ctx': True, 'concise': True} all_resolved=True n_resolved=2/2 tokens=(4498,513)
  model=mistral-nemo-12b N=2 arm=react real_lme_00050_0862e8bf seed=1: per_fault={'ctx': True, 'concise': True} all_resolved=True n_resolved=2/2 tokens=(4498,513)
  model=mistral-nemo-12b N=2 arm=react real_lme_00050_0862e8bf seed=2: per_fault={'ctx': True, 'concise': True} all_resolved=True n_resolved=2/2 tokens=(4498,467)
  model=mistral-nemo-12b N=2 arm=react real_lme_00051_2ebe6c90 seed=0: per_fault={'ctx': False, 'concise': False} all_resolved=False n_resolved=0/2 tokens=(4476,1167)
  model=mistral-nemo-12b N=2 arm=react real_lme_00051_2ebe6c90 seed=1: per_fault={'ctx': False, 'concise': False} all_resolved=False n_resolved=0/2 tokens=(4476,1167)
  model=mistral-nemo-12b N=2 arm=react real_lme_00051_2ebe6c90 seed=2: per_fault={'ctx': False, 'concise': False} all_resolved=False n_resolved=0/2 tokens=(4476,1135)
  model=mistral-nemo-12b N=2 arm=react real_lme_00052_1faac195 seed=0: per_fault={'ctx': False, 'english': True} all_resolved=False n_resolved=1/2 tokens=(4524,605)
  model=mistral-nemo-12b N=2 arm=react real_lme_00052_1faac195 seed=1: per_fault={'ctx': False, 'english': True} all_resolved=False n_resolved=1/2 tokens=(4524,605)
  model=mistral-nemo-12b N=2 arm=react real_lme_00052_1faac195 seed=2: per_fault={'ctx': False, 'english': True} all_resolved=False n_resolved=1/2 tokens=(4524,567)
  model=mistral-nemo-12b N=2 arm=react real_lme_00053_21d02d0d seed=0: per_fault={'ctx': True, 'bullets': True} all_resolved=True n_resolved=2/2 tokens=(4736,785)
  model=mistral-nemo-12b N=2 arm=react real_lme_00053_21d02d0d seed=1: per_fault={'ctx': True, 'bullets': True} all_resolved=True n_resolved=2/2 tokens=(4736,785)
  model=mistral-nemo-12b N=2 arm=react real_lme_00053_21d02d0d seed=2: per_fault={'ctx': True, 'bullets': True} all_resolved=True n_resolved=2/2 tokens=(4736,851)
  model=mistral-nemo-12b N=2 arm=react real_lme_00054_603deb26 seed=0: per_fault={'ctx': True, 'bullets': True} all_resolved=True n_resolved=2/2 tokens=(4882,1083)
  model=mistral-nemo-12b N=2 arm=react real_lme_00054_603deb26 seed=1: per_fault={'ctx': True, 'bullets': True} all_resolved=True n_resolved=2/2 tokens=(4882,1083)
  model=mistral-nemo-12b N=2 arm=react real_lme_00054_603deb26 seed=2: per_fault={'ctx': True, 'bullets': True} all_resolved=True n_resolved=2/2 tokens=(4882,1018)
  model=mistral-nemo-12b N=2 arm=react real_lme_00055_7e974930 seed=0: per_fault={'ctx': True, 'bullets': True} all_resolved=True n_resolved=2/2 tokens=(4710,801)
  model=mistral-nemo-12b N=2 arm=react real_lme_00055_7e974930 seed=1: per_fault={'ctx': True, 'bullets': True} all_resolved=True n_resolved=2/2 tokens=(4710,801)
  model=mistral-nemo-12b N=2 arm=react real_lme_00055_7e974930 seed=2: per_fault={'ctx': True, 'bullets': True} all_resolved=True n_resolved=2/2 tokens=(4710,1094)
  model=mistral-nemo-12b N=2 arm=react real_lme_00057_dd2973ad seed=0: per_fault={'ctx': True, 'concise': True} all_resolved=True n_resolved=2/2 tokens=(4830,750)
  model=mistral-nemo-12b N=2 arm=react real_lme_00057_dd2973ad seed=1: per_fault={'ctx': True, 'concise': True} all_resolved=True n_resolved=2/2 tokens=(4830,750)
  model=mistral-nemo-12b N=2 arm=react real_lme_00057_dd2973ad seed=2: per_fault={'ctx': True, 'concise': True} all_resolved=True n_resolved=2/2 tokens=(4830,743)
  model=mistral-nemo-12b N=2 arm=react real_lme_00058_b320f3f8 seed=0: per_fault={'ctx': True, 'preamble': True} all_resolved=True n_resolved=2/2 tokens=(4260,546)
  model=mistral-nemo-12b N=2 arm=react real_lme_00058_b320f3f8 seed=1: per_fault={'ctx': True, 'preamble': True} all_resolved=True n_resolved=2/2 tokens=(4260,546)
  model=mistral-nemo-12b N=2 arm=react real_lme_00058_b320f3f8 seed=2: per_fault={'ctx': True, 'preamble': True} all_resolved=True n_resolved=2/2 tokens=(4260,576)
  model=mistral-nemo-12b N=2 arm=react real_lme_00059_2ebe6c90 seed=0: per_fault={'ctx': False, 'concise': False} all_resolved=False n_resolved=0/2 tokens=(4496,1311)
  model=mistral-nemo-12b N=2 arm=react real_lme_00059_2ebe6c90 seed=1: per_fault={'ctx': False, 'concise': False} all_resolved=False n_resolved=0/2 tokens=(4496,1311)
  model=mistral-nemo-12b N=2 arm=react real_lme_00059_2ebe6c90 seed=2: per_fault={'ctx': False, 'concise': False} all_resolved=False n_resolved=0/2 tokens=(4496,1403)
  model=mistral-nemo-12b N=2 arm=react real_lme_00064_gpt4_e061b84f seed=0: per_fault={'ctx': True, 'concise': True} all_resolved=True n_resolved=2/2 tokens=(5010,802)
  model=mistral-nemo-12b N=2 arm=react real_lme_00064_gpt4_e061b84f seed=1: per_fault={'ctx': True, 'concise': True} all_resolved=True n_resolved=2/2 tokens=(5010,802)
  model=mistral-nemo-12b N=2 arm=react real_lme_00064_gpt4_e061b84f seed=2: per_fault={'ctx': True, 'concise': True} all_resolved=True n_resolved=2/2 tokens=(5010,878)
  model=mistral-nemo-12b N=2 arm=react real_lme_00066_8e91e7d9 seed=0: per_fault={'ctx': False, 'bullets': True} all_resolved=False n_resolved=1/2 tokens=(4234,820)
  model=mistral-nemo-12b N=2 arm=react real_lme_00066_8e91e7d9 seed=1: per_fault={'ctx': False, 'bullets': True} all_resolved=False n_resolved=1/2 tokens=(4234,820)
  model=mistral-nemo-12b N=2 arm=react real_lme_00066_8e91e7d9 seed=2: per_fault={'ctx': False, 'bullets': True} all_resolved=False n_resolved=1/2 tokens=(4234,770)
  model=mistral-nemo-12b N=2 arm=react real_lme_00067_41698283 seed=0: per_fault={'ctx': False, 'english': True} all_resolved=False n_resolved=1/2 tokens=(4736,790)
  model=mistral-nemo-12b N=2 arm=react real_lme_00067_41698283 seed=1: per_fault={'ctx': False, 'english': True} all_resolved=False n_resolved=1/2 tokens=(4736,790)
  model=mistral-nemo-12b N=2 arm=react real_lme_00067_41698283 seed=2: per_fault={'ctx': True, 'english': True} all_resolved=True n_resolved=2/2 tokens=(4736,2101)
  model=mistral-nemo-12b N=2 arm=react real_lme_00068_dad224aa seed=0: per_fault={'ctx': True, 'concise': True} all_resolved=True n_resolved=2/2 tokens=(4680,767)
  model=mistral-nemo-12b N=2 arm=react real_lme_00068_dad224aa seed=1: per_fault={'ctx': True, 'concise': True} all_resolved=True n_resolved=2/2 tokens=(4680,767)
  model=mistral-nemo-12b N=2 arm=react real_lme_00068_dad224aa seed=2: per_fault={'ctx': False, 'concise': True} all_resolved=False n_resolved=1/2 tokens=(4680,1050)
  model=mistral-nemo-12b N=2 arm=react real_lme_00069_gpt4_31ff4165 seed=0: per_fault={'ctx': False, 'bullets': True} all_resolved=False n_resolved=1/2 tokens=(4950,893)
  model=mistral-nemo-12b N=2 arm=react real_lme_00069_gpt4_31ff4165 seed=1: per_fault={'ctx': False, 'bullets': True} all_resolved=False n_resolved=1/2 tokens=(4950,893)
  model=mistral-nemo-12b N=2 arm=react real_lme_00069_gpt4_31ff4165 seed=2: per_fault={'ctx': False, 'bullets': True} all_resolved=False n_resolved=1/2 tokens=(4950,893)
  model=mistral-nemo-12b N=2 arm=react real_lme_00070_bc149d6b seed=0: per_fault={'ctx': True, 'english': True} all_resolved=True n_resolved=2/2 tokens=(4710,988)
  model=mistral-nemo-12b N=2 arm=react real_lme_00070_bc149d6b seed=1: per_fault={'ctx': True, 'english': True} all_resolved=True n_resolved=2/2 tokens=(4710,988)
  model=mistral-nemo-12b N=2 arm=react real_lme_00070_bc149d6b seed=2: per_fault={'ctx': True, 'english': True} all_resolved=True n_resolved=2/2 tokens=(4710,808)
  model=mistral-nemo-12b N=2 arm=react real_lme_00071_51b23612 seed=0: per_fault={'ctx': True, 'concise': True} all_resolved=True n_resolved=2/2 tokens=(4382,832)
  model=mistral-nemo-12b N=2 arm=react real_lme_00071_51b23612 seed=1: per_fault={'ctx': True, 'concise': True} all_resolved=True n_resolved=2/2 tokens=(4382,832)
  model=mistral-nemo-12b N=2 arm=react real_lme_00071_51b23612 seed=2: per_fault={'ctx': True, 'concise': False} all_resolved=False n_resolved=1/2 tokens=(4382,958)
  model=mistral-nemo-12b N=2 arm=react real_lme_00072_08f4fc43 seed=0: per_fault={'ctx': True, 'preamble': True} all_resolved=True n_resolved=2/2 tokens=(4554,1039)
  model=mistral-nemo-12b N=2 arm=react real_lme_00072_08f4fc43 seed=1: per_fault={'ctx': True, 'preamble': True} all_resolved=True n_resolved=2/2 tokens=(4554,1039)
  model=mistral-nemo-12b N=2 arm=react real_lme_00072_08f4fc43 seed=2: per_fault={'ctx': True, 'preamble': True} all_resolved=True n_resolved=2/2 tokens=(4554,930)
  model=mistral-nemo-12b N=2 arm=react real_lme_00073_89941a94 seed=0: per_fault={'ctx': True, 'concise': False} all_resolved=False n_resolved=1/2 tokens=(4650,568)
  model=mistral-nemo-12b N=2 arm=react real_lme_00073_89941a94 seed=1: per_fault={'ctx': True, 'concise': False} all_resolved=False n_resolved=1/2 tokens=(4650,568)
  model=mistral-nemo-12b N=2 arm=react real_lme_00073_89941a94 seed=2: per_fault={'ctx': False, 'concise': True} all_resolved=False n_resolved=1/2 tokens=(4650,607)
  model=mistral-nemo-12b N=2 arm=react real_lme_00074_681a1674 seed=0: per_fault={'ctx': True, 'preamble': True} all_resolved=True n_resolved=2/2 tokens=(4390,850)
  model=mistral-nemo-12b N=2 arm=react real_lme_00074_681a1674 seed=1: per_fault={'ctx': True, 'preamble': True} all_resolved=True n_resolved=2/2 tokens=(4390,850)
  model=mistral-nemo-12b N=2 arm=react real_lme_00074_681a1674 seed=2: per_fault={'ctx': True, 'preamble': True} all_resolved=True n_resolved=2/2 tokens=(4390,912)
--- [mistral-nemo-12b][react] N=2: rows written=180 errors=0 tokens_in=827973 tokens_out=152990 ---
  model=mistral-nemo-12b N=2 arm=selfcheckgpt real_lme_00000_gpt4_2ba83207 seed=0: per_fault={'ctx': False, 'concise': True} all_resolved=False n_resolved=1/2 tokens=(14517,511)
  model=mistral-nemo-12b N=2 arm=selfcheckgpt real_lme_00000_gpt4_2ba83207 seed=1: per_fault={'ctx': False, 'concise': True} all_resolved=False n_resolved=1/2 tokens=(14536,534)
  model=mistral-nemo-12b N=2 arm=selfcheckgpt real_lme_00000_gpt4_2ba83207 seed=2: per_fault={'ctx': False, 'concise': True} all_resolved=False n_resolved=1/2 tokens=(17004,585)
  model=mistral-nemo-12b N=2 arm=selfcheckgpt real_lme_00001_603deb26 seed=0: per_fault={'ctx': True, 'concise': True} all_resolved=True n_resolved=2/2 tokens=(14912,484)
  model=mistral-nemo-12b N=2 arm=selfcheckgpt real_lme_00001_603deb26 seed=1: per_fault={'ctx': True, 'concise': True} all_resolved=True n_resolved=2/2 tokens=(14834,513)
  model=mistral-nemo-12b N=2 arm=selfcheckgpt real_lme_00001_603deb26 seed=2: per_fault={'ctx': False, 'concise': True} all_resolved=False n_resolved=1/2 tokens=(14831,674)
  model=mistral-nemo-12b N=2 arm=selfcheckgpt real_lme_00002_51c32626 seed=0: per_fault={'ctx': True, 'concise': True} all_resolved=True n_resolved=2/2 tokens=(12613,499)
  model=mistral-nemo-12b N=2 arm=selfcheckgpt real_lme_00002_51c32626 seed=1: per_fault={'ctx': True, 'concise': True} all_resolved=True n_resolved=2/2 tokens=(12614,501)
  model=mistral-nemo-12b N=2 arm=selfcheckgpt real_lme_00002_51c32626 seed=2: per_fault={'ctx': True, 'concise': True} all_resolved=True n_resolved=2/2 tokens=(12647,486)
[RETRY] selfcheckgpt task=real_lme_00019_gpt4_e414231f seed=0 attempt 1/5 failed (failed to obtain JSON after 3 attempts: could not parse JSON from model output:
{
  "final_output": "road bike"); retrying in 3s
[RETRY] selfcheckgpt task=real_lme_00019_gpt4_e414231f seed=0 attempt 2/5 failed (failed to obtain JSON after 3 attempts: could not parse JSON from model output:
{
  "final_output": "road bike"); retrying in 6s
[RETRY] selfcheckgpt task=real_lme_00019_gpt4_e414231f seed=0 attempt 3/5 failed (failed to obtain JSON after 3 attempts: could not parse JSON from model output:
{
  "final_output": "road bike"); retrying in 12s
[RETRY] selfcheckgpt task=real_lme_00019_gpt4_e414231f seed=0 attempt 4/5 failed (failed to obtain JSON after 3 attempts: could not parse JSON from model output:
{
  "final_output": "road bike"); retrying in 24s
[ERROR] selfcheckgpt failed task=real_lme_00019_gpt4_e414231f seed=0: failed to obtain JSON after 3 attempts: could not parse JSON from model output:
{
  "final_output": "road bike"
  model=mistral-nemo-12b N=2 arm=selfcheckgpt real_lme_00004_gpt4_2655b836 seed=0: per_fault={'ctx': False, 'concise': True} all_resolved=False n_resolved=1/2 tokens=(12843,514)
  model=mistral-nemo-12b N=2 arm=selfcheckgpt real_lme_00004_gpt4_2655b836 seed=1: per_fault={'ctx': False, 'concise': True} all_resolved=False n_resolved=1/2 tokens=(12909,544)
  model=mistral-nemo-12b N=2 arm=selfcheckgpt real_lme_00004_gpt4_2655b836 seed=2: per_fault={'ctx': True, 'concise': False} all_resolved=False n_resolved=1/2 tokens=(12947,449)
  model=mistral-nemo-12b N=2 arm=selfcheckgpt real_lme_00005_2698e78f_abs seed=0: per_fault={'ctx': False, 'concise': True} all_resolved=False n_resolved=1/2 tokens=(15193,727)
  model=mistral-nemo-12b N=2 arm=selfcheckgpt real_lme_00005_2698e78f_abs seed=1: per_fault={'ctx': False, 'concise': True} all_resolved=False n_resolved=1/2 tokens=(15155,751)
  model=mistral-nemo-12b N=2 arm=selfcheckgpt real_lme_00005_2698e78f_abs seed=2: per_fault={'ctx': False, 'concise': True} all_resolved=False n_resolved=1/2 tokens=(15141,668)
  model=mistral-nemo-12b N=2 arm=selfcheckgpt real_lme_00006_gpt4_1d80365e seed=0: per_fault={'ctx': False, 'concise': True} all_resolved=False n_resolved=1/2 tokens=(13625,413)
  model=mistral-nemo-12b N=2 arm=selfcheckgpt real_lme_00006_gpt4_1d80365e seed=1: per_fault={'ctx': False, 'concise': True} all_resolved=False n_resolved=1/2 tokens=(13638,465)
  model=mistral-nemo-12b N=2 arm=selfcheckgpt real_lme_00006_gpt4_1d80365e seed=2: per_fault={'ctx': False, 'concise': True} all_resolved=False n_resolved=1/2 tokens=(13632,477)
  model=mistral-nemo-12b N=2 arm=selfcheckgpt real_lme_00007_5025383b seed=0: per_fault={'ctx': True, 'bullets': True} all_resolved=True n_resolved=2/2 tokens=(12045,367)
  model=mistral-nemo-12b N=2 arm=selfcheckgpt real_lme_00007_5025383b seed=1: per_fault={'ctx': True, 'bullets': True} all_resolved=True n_resolved=2/2 tokens=(12122,408)
  model=mistral-nemo-12b N=2 arm=selfcheckgpt real_lme_00007_5025383b seed=2: per_fault={'ctx': True, 'bullets': True} all_resolved=True n_resolved=2/2 tokens=(12100,420)
  model=mistral-nemo-12b N=2 arm=selfcheckgpt real_lme_00008_gpt4_cd90e484 seed=0: per_fault={'ctx': False, 'bullets': True} all_resolved=False n_resolved=1/2 tokens=(12799,453)
  model=mistral-nemo-12b N=2 arm=selfcheckgpt real_lme_00008_gpt4_cd90e484 seed=1: per_fault={'ctx': False, 'bullets': True} all_resolved=False n_resolved=1/2 tokens=(12818,472)
  model=mistral-nemo-12b N=2 arm=selfcheckgpt real_lme_00008_gpt4_cd90e484 seed=2: per_fault={'ctx': False, 'bullets': True} all_resolved=False n_resolved=1/2 tokens=(12813,514)
  model=mistral-nemo-12b N=2 arm=selfcheckgpt real_lme_00009_c19f7a0b seed=0: per_fault={'ctx': True, 'concise': True} all_resolved=True n_resolved=2/2 tokens=(13853,328)
  model=mistral-nemo-12b N=2 arm=selfcheckgpt real_lme_00009_c19f7a0b seed=1: per_fault={'ctx': True, 'concise': True} all_resolved=True n_resolved=2/2 tokens=(13843,329)
  model=mistral-nemo-12b N=2 arm=selfcheckgpt real_lme_00009_c19f7a0b seed=2: per_fault={'ctx': True, 'concise': True} all_resolved=True n_resolved=2/2 tokens=(13843,550)
  model=mistral-nemo-12b N=2 arm=selfcheckgpt real_lme_00010_0a34ad58 seed=0: per_fault={'ctx': False, 'concise': True} all_resolved=False n_resolved=1/2 tokens=(18853,771)
  model=mistral-nemo-12b N=2 arm=selfcheckgpt real_lme_00010_0a34ad58 seed=1: per_fault={'ctx': False, 'concise': True} all_resolved=False n_resolved=1/2 tokens=(18867,758)
  model=mistral-nemo-12b N=2 arm=selfcheckgpt real_lme_00010_0a34ad58 seed=2: per_fault={'ctx': False, 'concise': False} all_resolved=False n_resolved=0/2 tokens=(16217,870)
  model=mistral-nemo-12b N=2 arm=selfcheckgpt real_lme_00011_gpt4_65aabe59 seed=0: per_fault={'ctx': True, 'preamble': True} all_resolved=True n_resolved=2/2 tokens=(14170,350)
  model=mistral-nemo-12b N=2 arm=selfcheckgpt real_lme_00011_gpt4_65aabe59 seed=1: per_fault={'ctx': True, 'preamble': True} all_resolved=True n_resolved=2/2 tokens=(14173,357)
  model=mistral-nemo-12b N=2 arm=selfcheckgpt real_lme_00011_gpt4_65aabe59 seed=2: per_fault={'ctx': True, 'preamble': True} all_resolved=True n_resolved=2/2 tokens=(14219,475)
  model=mistral-nemo-12b N=2 arm=selfcheckgpt real_lme_00012_d6233ab6 seed=0: per_fault={'ctx': False, 'preamble': True} all_resolved=False n_resolved=1/2 tokens=(15487,472)
  model=mistral-nemo-12b N=2 arm=selfcheckgpt real_lme_00012_d6233ab6 seed=1: per_fault={'ctx': False, 'preamble': True} all_resolved=False n_resolved=1/2 tokens=(15619,501)
  model=mistral-nemo-12b N=2 arm=selfcheckgpt real_lme_00012_d6233ab6 seed=2: per_fault={'ctx': False, 'preamble': True} all_resolved=False n_resolved=1/2 tokens=(15494,498)
  model=mistral-nemo-12b N=2 arm=selfcheckgpt real_lme_00014_gpt4_c27434e8_abs seed=0: per_fault={'ctx': False, 'bullets': True} all_resolved=False n_resolved=1/2 tokens=(16129,1514)
  model=mistral-nemo-12b N=2 arm=selfcheckgpt real_lme_00014_gpt4_c27434e8_abs seed=1: per_fault={'ctx': False, 'bullets': True} all_resolved=False n_resolved=1/2 tokens=(16158,1534)
  model=mistral-nemo-12b N=2 arm=selfcheckgpt real_lme_00014_gpt4_c27434e8_abs seed=2: per_fault={'ctx': False, 'bullets': True} all_resolved=False n_resolved=1/2 tokens=(15387,631)
  model=mistral-nemo-12b N=2 arm=selfcheckgpt real_lme_00016_f8c5f88b seed=0: per_fault={'ctx': False, 'bullets': True} all_resolved=False n_resolved=1/2 tokens=(13621,501)
  model=mistral-nemo-12b N=2 arm=selfcheckgpt real_lme_00016_f8c5f88b seed=1: per_fault={'ctx': False, 'bullets': True} all_resolved=False n_resolved=1/2 tokens=(13624,522)
  model=mistral-nemo-12b N=2 arm=selfcheckgpt real_lme_00016_f8c5f88b seed=2: per_fault={'ctx': True, 'bullets': True} all_resolved=True n_resolved=2/2 tokens=(13612,388)
  model=mistral-nemo-12b N=2 arm=selfcheckgpt real_lme_00018_gpt4_d31cdae3 seed=0: per_fault={'ctx': True, 'concise': True} all_resolved=True n_resolved=2/2 tokens=(16729,525)
  model=mistral-nemo-12b N=2 arm=selfcheckgpt real_lme_00018_gpt4_d31cdae3 seed=1: per_fault={'ctx': True, 'concise': True} all_resolved=True n_resolved=2/2 tokens=(16660,496)
  model=mistral-nemo-12b N=2 arm=selfcheckgpt real_lme_00018_gpt4_d31cdae3 seed=2: per_fault={'ctx': True, 'concise': True} all_resolved=True n_resolved=2/2 tokens=(16682,561)
  model=mistral-nemo-12b N=2 arm=selfcheckgpt real_lme_00019_gpt4_e414231f seed=1: per_fault={'ctx': True, 'preamble': True} all_resolved=True n_resolved=2/2 tokens=(13834,397)
  model=mistral-nemo-12b N=2 arm=selfcheckgpt real_lme_00019_gpt4_e414231f seed=2: per_fault={'ctx': False, 'preamble': True} all_resolved=False n_resolved=1/2 tokens=(16128,471)
  model=mistral-nemo-12b N=2 arm=selfcheckgpt real_lme_00021_e56a43b9 seed=0: per_fault={'ctx': True, 'english': True} all_resolved=True n_resolved=2/2 tokens=(14332,559)
  model=mistral-nemo-12b N=2 arm=selfcheckgpt real_lme_00021_e56a43b9 seed=1: per_fault={'ctx': True, 'english': True} all_resolved=True n_resolved=2/2 tokens=(14351,512)
  model=mistral-nemo-12b N=2 arm=selfcheckgpt real_lme_00021_e56a43b9 seed=2: per_fault={'ctx': True, 'english': True} all_resolved=True n_resolved=2/2 tokens=(14343,588)
  model=mistral-nemo-12b N=2 arm=selfcheckgpt real_lme_00022_6cb6f249 seed=0: per_fault={'ctx': True, 'bullets': True} all_resolved=True n_resolved=2/2 tokens=(12258,454)
  model=mistral-nemo-12b N=2 arm=selfcheckgpt real_lme_00022_6cb6f249 seed=1: per_fault={'ctx': True, 'bullets': True} all_resolved=True n_resolved=2/2 tokens=(12233,410)
  model=mistral-nemo-12b N=2 arm=selfcheckgpt real_lme_00022_6cb6f249 seed=2: per_fault={'ctx': True, 'bullets': True} all_resolved=True n_resolved=2/2 tokens=(12250,499)
  model=mistral-nemo-12b N=2 arm=selfcheckgpt real_lme_00023_e48988bc seed=0: per_fault={'ctx': True, 'english': True} all_resolved=True n_resolved=2/2 tokens=(10299,323)
  model=mistral-nemo-12b N=2 arm=selfcheckgpt real_lme_00023_e48988bc seed=1: per_fault={'ctx': True, 'english': True} all_resolved=True n_resolved=2/2 tokens=(10371,350)
  model=mistral-nemo-12b N=2 arm=selfcheckgpt real_lme_00023_e48988bc seed=2: per_fault={'ctx': True, 'english': True} all_resolved=True n_resolved=2/2 tokens=(10370,481)
  model=mistral-nemo-12b N=2 arm=selfcheckgpt real_lme_00025_gpt4_4929293b seed=0: per_fault={'ctx': False, 'concise': True} all_resolved=False n_resolved=1/2 tokens=(12820,610)
  model=mistral-nemo-12b N=2 arm=selfcheckgpt real_lme_00025_gpt4_4929293b seed=1: per_fault={'ctx': False, 'concise': True} all_resolved=False n_resolved=1/2 tokens=(12826,624)
  model=mistral-nemo-12b N=2 arm=selfcheckgpt real_lme_00025_gpt4_4929293b seed=2: per_fault={'ctx': False, 'concise': True} all_resolved=False n_resolved=1/2 tokens=(12850,375)
  model=mistral-nemo-12b N=2 arm=selfcheckgpt real_lme_00027_21d02d0d seed=0: per_fault={'ctx': True, 'concise': True} all_resolved=True n_resolved=2/2 tokens=(13698,437)
  model=mistral-nemo-12b N=2 arm=selfcheckgpt real_lme_00027_21d02d0d seed=1: per_fault={'ctx': True, 'concise': True} all_resolved=True n_resolved=2/2 tokens=(13709,429)
  model=mistral-nemo-12b N=2 arm=selfcheckgpt real_lme_00027_21d02d0d seed=2: per_fault={'ctx': True, 'concise': True} all_resolved=True n_resolved=2/2 tokens=(16394,685)
  model=mistral-nemo-12b N=2 arm=selfcheckgpt real_lme_00028_1f2b8d4f seed=0: per_fault={'ctx': True, 'concise': True} all_resolved=True n_resolved=2/2 tokens=(13323,524)
  model=mistral-nemo-12b N=2 arm=selfcheckgpt real_lme_00028_1f2b8d4f seed=1: per_fault={'ctx': True, 'concise': True} all_resolved=True n_resolved=2/2 tokens=(13390,550)
  model=mistral-nemo-12b N=2 arm=selfcheckgpt real_lme_00028_1f2b8d4f seed=2: per_fault={'ctx': True, 'concise': True} all_resolved=True n_resolved=2/2 tokens=(13359,696)
  model=mistral-nemo-12b N=2 arm=selfcheckgpt real_lme_00029_a11281a2 seed=0: per_fault={'ctx': True, 'bullets': True} all_resolved=True n_resolved=2/2 tokens=(13459,571)
  model=mistral-nemo-12b N=2 arm=selfcheckgpt real_lme_00029_a11281a2 seed=1: per_fault={'ctx': True, 'bullets': True} all_resolved=True n_resolved=2/2 tokens=(13496,533)
  model=mistral-nemo-12b N=2 arm=selfcheckgpt real_lme_00029_a11281a2 seed=2: per_fault={'ctx': False, 'bullets': True} all_resolved=False n_resolved=1/2 tokens=(13458,423)
  model=mistral-nemo-12b N=2 arm=selfcheckgpt real_lme_00030_1de5cff2 seed=0: per_fault={'ctx': True, 'concise': True} all_resolved=True n_resolved=2/2 tokens=(11428,486)
  model=mistral-nemo-12b N=2 arm=selfcheckgpt real_lme_00030_1de5cff2 seed=1: per_fault={'ctx': True, 'concise': True} all_resolved=True n_resolved=2/2 tokens=(11348,482)
  model=mistral-nemo-12b N=2 arm=selfcheckgpt real_lme_00030_1de5cff2 seed=2: per_fault={'ctx': True, 'concise': True} all_resolved=True n_resolved=2/2 tokens=(11343,497)
  model=mistral-nemo-12b N=2 arm=selfcheckgpt real_lme_00031_8ebdbe50 seed=0: per_fault={'ctx': True, 'concise': False} all_resolved=False n_resolved=1/2 tokens=(12277,621)
  model=mistral-nemo-12b N=2 arm=selfcheckgpt real_lme_00031_8ebdbe50 seed=1: per_fault={'ctx': True, 'concise': False} all_resolved=False n_resolved=1/2 tokens=(12284,604)
  model=mistral-nemo-12b N=2 arm=selfcheckgpt real_lme_00031_8ebdbe50 seed=2: per_fault={'ctx': True, 'concise': False} all_resolved=False n_resolved=1/2 tokens=(11799,591)
  model=mistral-nemo-12b N=2 arm=selfcheckgpt real_lme_00032_22d2cb42 seed=0: per_fault={'ctx': False, 'english': True} all_resolved=False n_resolved=1/2 tokens=(12633,440)
  model=mistral-nemo-12b N=2 arm=selfcheckgpt real_lme_00032_22d2cb42 seed=1: per_fault={'ctx': False, 'english': True} all_resolved=False n_resolved=1/2 tokens=(12622,468)
  model=mistral-nemo-12b N=2 arm=selfcheckgpt real_lme_00032_22d2cb42 seed=2: per_fault={'ctx': True, 'english': True} all_resolved=True n_resolved=2/2 tokens=(14718,486)
  model=mistral-nemo-12b N=2 arm=selfcheckgpt real_lme_00033_gpt4_385a5000 seed=0: per_fault={'ctx': True, 'english': True} all_resolved=True n_resolved=2/2 tokens=(15742,554)
  model=mistral-nemo-12b N=2 arm=selfcheckgpt real_lme_00033_gpt4_385a5000 seed=1: per_fault={'ctx': True, 'english': True} all_resolved=True n_resolved=2/2 tokens=(15742,535)
  model=mistral-nemo-12b N=2 arm=selfcheckgpt real_lme_00033_gpt4_385a5000 seed=2: per_fault={'ctx': True, 'english': True} all_resolved=True n_resolved=2/2 tokens=(13506,410)
  model=mistral-nemo-12b N=2 arm=selfcheckgpt real_lme_00034_95bcc1c8 seed=0: per_fault={'ctx': True, 'preamble': True} all_resolved=True n_resolved=2/2 tokens=(12781,439)
  model=mistral-nemo-12b N=2 arm=selfcheckgpt real_lme_00034_95bcc1c8 seed=1: per_fault={'ctx': True, 'preamble': True} all_resolved=True n_resolved=2/2 tokens=(12832,448)
  model=mistral-nemo-12b N=2 arm=selfcheckgpt real_lme_00034_95bcc1c8 seed=2: per_fault={'ctx': True, 'preamble': True} all_resolved=True n_resolved=2/2 tokens=(12796,407)
  model=mistral-nemo-12b N=2 arm=selfcheckgpt real_lme_00035_gpt4_2312f94c seed=0: per_fault={'ctx': False, 'english': True} all_resolved=False n_resolved=1/2 tokens=(12991,403)
  model=mistral-nemo-12b N=2 arm=selfcheckgpt real_lme_00035_gpt4_2312f94c seed=1: per_fault={'ctx': False, 'english': True} all_resolved=False n_resolved=1/2 tokens=(12930,431)
  model=mistral-nemo-12b N=2 arm=selfcheckgpt real_lme_00035_gpt4_2312f94c seed=2: per_fault={'ctx': False, 'english': True} all_resolved=False n_resolved=1/2 tokens=(12927,439)
  model=mistral-nemo-12b N=2 arm=selfcheckgpt real_lme_00036_gpt4_468eb063 seed=0: per_fault={'ctx': True, 'preamble': True} all_resolved=True n_resolved=2/2 tokens=(12879,388)
  model=mistral-nemo-12b N=2 arm=selfcheckgpt real_lme_00036_gpt4_468eb063 seed=1: per_fault={'ctx': True, 'preamble': True} all_resolved=True n_resolved=2/2 tokens=(12879,389)
  model=mistral-nemo-12b N=2 arm=selfcheckgpt real_lme_00036_gpt4_468eb063 seed=2: per_fault={'ctx': True, 'preamble': True} all_resolved=True n_resolved=2/2 tokens=(12896,422)
  model=mistral-nemo-12b N=2 arm=selfcheckgpt real_lme_00037_faba32e5 seed=0: per_fault={'ctx': True, 'concise': True} all_resolved=True n_resolved=2/2 tokens=(13196,490)
  model=mistral-nemo-12b N=2 arm=selfcheckgpt real_lme_00037_faba32e5 seed=1: per_fault={'ctx': True, 'concise': True} all_resolved=True n_resolved=2/2 tokens=(13153,460)
  model=mistral-nemo-12b N=2 arm=selfcheckgpt real_lme_00037_faba32e5 seed=2: per_fault={'ctx': True, 'concise': True} all_resolved=True n_resolved=2/2 tokens=(13159,344)
  model=mistral-nemo-12b N=2 arm=selfcheckgpt real_lme_00038_b86304ba seed=0: per_fault={'ctx': False, 'english': True} all_resolved=False n_resolved=1/2 tokens=(14576,550)
  model=mistral-nemo-12b N=2 arm=selfcheckgpt real_lme_00038_b86304ba seed=1: per_fault={'ctx': False, 'english': True} all_resolved=False n_resolved=1/2 tokens=(12412,483)
  model=mistral-nemo-12b N=2 arm=selfcheckgpt real_lme_00038_b86304ba seed=2: per_fault={'ctx': False, 'english': True} all_resolved=False n_resolved=1/2 tokens=(12455,411)
  model=mistral-nemo-12b N=2 arm=selfcheckgpt real_lme_00039_gpt4_d6585ce8 seed=0: per_fault={'ctx': False, 'concise': False} all_resolved=False n_resolved=0/2 tokens=(19323,1197)
  model=mistral-nemo-12b N=2 arm=selfcheckgpt real_lme_00039_gpt4_d6585ce8 seed=1: per_fault={'ctx': True, 'concise': False} all_resolved=False n_resolved=1/2 tokens=(17067,1195)
  model=mistral-nemo-12b N=2 arm=selfcheckgpt real_lme_00039_gpt4_d6585ce8 seed=2: per_fault={'ctx': False, 'concise': False} all_resolved=False n_resolved=0/2 tokens=(17377,1068)
  model=mistral-nemo-12b N=2 arm=selfcheckgpt real_lme_00040_gpt4_0b2f1d21 seed=0: per_fault={'ctx': True, 'concise': True} all_resolved=True n_resolved=2/2 tokens=(12938,500)
  model=mistral-nemo-12b N=2 arm=selfcheckgpt real_lme_00040_gpt4_0b2f1d21 seed=1: per_fault={'ctx': False, 'concise': True} all_resolved=False n_resolved=1/2 tokens=(15004,521)
  model=mistral-nemo-12b N=2 arm=selfcheckgpt real_lme_00040_gpt4_0b2f1d21 seed=2: per_fault={'ctx': True, 'concise': True} all_resolved=True n_resolved=2/2 tokens=(12904,474)
  model=mistral-nemo-12b N=2 arm=selfcheckgpt real_lme_00042_gpt4_5501fe77 seed=0: per_fault={'ctx': True, 'preamble': True} all_resolved=True n_resolved=2/2 tokens=(15657,435)
  model=mistral-nemo-12b N=2 arm=selfcheckgpt real_lme_00042_gpt4_5501fe77 seed=1: per_fault={'ctx': True, 'preamble': True} all_resolved=True n_resolved=2/2 tokens=(15650,442)
  model=mistral-nemo-12b N=2 arm=selfcheckgpt real_lme_00042_gpt4_5501fe77 seed=2: per_fault={'ctx': False, 'preamble': True} all_resolved=False n_resolved=1/2 tokens=(13431,472)
  model=mistral-nemo-12b N=2 arm=selfcheckgpt real_lme_00043_c2ac3c61 seed=0: per_fault={'ctx': True, 'bullets': True} all_resolved=True n_resolved=2/2 tokens=(13203,468)
  model=mistral-nemo-12b N=2 arm=selfcheckgpt real_lme_00043_c2ac3c61 seed=1: per_fault={'ctx': True, 'bullets': True} all_resolved=True n_resolved=2/2 tokens=(13202,445)
  model=mistral-nemo-12b N=2 arm=selfcheckgpt real_lme_00043_c2ac3c61 seed=2: per_fault={'ctx': True, 'bullets': True} all_resolved=True n_resolved=2/2 tokens=(13206,237)
  model=mistral-nemo-12b N=2 arm=selfcheckgpt real_lme_00044_gpt4_ec93e27f seed=0: per_fault={'ctx': True, 'bullets': True} all_resolved=True n_resolved=2/2 tokens=(12871,282)
  model=mistral-nemo-12b N=2 arm=selfcheckgpt real_lme_00044_gpt4_ec93e27f seed=1: per_fault={'ctx': True, 'bullets': True} all_resolved=True n_resolved=2/2 tokens=(12869,279)
  model=mistral-nemo-12b N=2 arm=selfcheckgpt real_lme_00044_gpt4_ec93e27f seed=2: per_fault={'ctx': True, 'bullets': True} all_resolved=True n_resolved=2/2 tokens=(15026,561)
  model=mistral-nemo-12b N=2 arm=selfcheckgpt real_lme_00045_06db6396 seed=0: per_fault={'ctx': True, 'concise': True} all_resolved=True n_resolved=2/2 tokens=(12934,412)
  model=mistral-nemo-12b N=2 arm=selfcheckgpt real_lme_00045_06db6396 seed=1: per_fault={'ctx': True, 'concise': True} all_resolved=True n_resolved=2/2 tokens=(12950,421)
  model=mistral-nemo-12b N=2 arm=selfcheckgpt real_lme_00045_06db6396 seed=2: per_fault={'ctx': True, 'concise': True} all_resolved=True n_resolved=2/2 tokens=(12957,409)
  model=mistral-nemo-12b N=2 arm=selfcheckgpt real_lme_00047_f685340e seed=0: per_fault={'ctx': False, 'bullets': True} all_resolved=False n_resolved=1/2 tokens=(13855,463)
  model=mistral-nemo-12b N=2 arm=selfcheckgpt real_lme_00047_f685340e seed=1: per_fault={'ctx': False, 'bullets': True} all_resolved=False n_resolved=1/2 tokens=(13917,451)
  model=mistral-nemo-12b N=2 arm=selfcheckgpt real_lme_00047_f685340e seed=2: per_fault={'ctx': False, 'bullets': True} all_resolved=False n_resolved=1/2 tokens=(13882,516)
  model=mistral-nemo-12b N=2 arm=selfcheckgpt real_lme_00048_dccbc061 seed=0: per_fault={'ctx': True, 'concise': True} all_resolved=True n_resolved=2/2 tokens=(14350,634)
  model=mistral-nemo-12b N=2 arm=selfcheckgpt real_lme_00048_dccbc061 seed=1: per_fault={'ctx': True, 'concise': True} all_resolved=True n_resolved=2/2 tokens=(14350,634)
  model=mistral-nemo-12b N=2 arm=selfcheckgpt real_lme_00048_dccbc061 seed=2: per_fault={'ctx': True, 'concise': True} all_resolved=True n_resolved=2/2 tokens=(14183,490)
  model=mistral-nemo-12b N=2 arm=selfcheckgpt real_lme_00049_0862e8bf_abs seed=0: per_fault={'ctx': True, 'concise': False} all_resolved=False n_resolved=1/2 tokens=(14592,467)
  model=mistral-nemo-12b N=2 arm=selfcheckgpt real_lme_00049_0862e8bf_abs seed=1: per_fault={'ctx': True, 'concise': False} all_resolved=False n_resolved=1/2 tokens=(14584,461)
  model=mistral-nemo-12b N=2 arm=selfcheckgpt real_lme_00049_0862e8bf_abs seed=2: per_fault={'ctx': True, 'concise': False} all_resolved=False n_resolved=1/2 tokens=(14580,471)
  model=mistral-nemo-12b N=2 arm=selfcheckgpt real_lme_00050_0862e8bf seed=0: per_fault={'ctx': True, 'concise': True} all_resolved=True n_resolved=2/2 tokens=(12980,332)
  model=mistral-nemo-12b N=2 arm=selfcheckgpt real_lme_00050_0862e8bf seed=1: per_fault={'ctx': True, 'concise': True} all_resolved=True n_resolved=2/2 tokens=(12948,336)
  model=mistral-nemo-12b N=2 arm=selfcheckgpt real_lme_00050_0862e8bf seed=2: per_fault={'ctx': True, 'concise': True} all_resolved=True n_resolved=2/2 tokens=(12983,286)
  model=mistral-nemo-12b N=2 arm=selfcheckgpt real_lme_00051_2ebe6c90 seed=0: per_fault={'ctx': False, 'concise': False} all_resolved=False n_resolved=0/2 tokens=(12995,623)
  model=mistral-nemo-12b N=2 arm=selfcheckgpt real_lme_00051_2ebe6c90 seed=1: per_fault={'ctx': False, 'concise': False} all_resolved=False n_resolved=0/2 tokens=(13046,657)
  model=mistral-nemo-12b N=2 arm=selfcheckgpt real_lme_00051_2ebe6c90 seed=2: per_fault={'ctx': False, 'concise': True} all_resolved=False n_resolved=1/2 tokens=(15144,638)
  model=mistral-nemo-12b N=2 arm=selfcheckgpt real_lme_00052_1faac195 seed=0: per_fault={'ctx': False, 'english': True} all_resolved=False n_resolved=1/2 tokens=(12884,162)
  model=mistral-nemo-12b N=2 arm=selfcheckgpt real_lme_00052_1faac195 seed=1: per_fault={'ctx': False, 'english': True} all_resolved=False n_resolved=1/2 tokens=(12884,154)
  model=mistral-nemo-12b N=2 arm=selfcheckgpt real_lme_00052_1faac195 seed=2: per_fault={'ctx': False, 'english': True} all_resolved=False n_resolved=1/2 tokens=(13017,256)
  model=mistral-nemo-12b N=2 arm=selfcheckgpt real_lme_00053_21d02d0d seed=0: per_fault={'ctx': True, 'bullets': True} all_resolved=True n_resolved=2/2 tokens=(15984,519)
  model=mistral-nemo-12b N=2 arm=selfcheckgpt real_lme_00053_21d02d0d seed=1: per_fault={'ctx': True, 'bullets': True} all_resolved=True n_resolved=2/2 tokens=(15985,525)
  model=mistral-nemo-12b N=2 arm=selfcheckgpt real_lme_00053_21d02d0d seed=2: per_fault={'ctx': True, 'bullets': True} all_resolved=True n_resolved=2/2 tokens=(13697,457)
  model=mistral-nemo-12b N=2 arm=selfcheckgpt real_lme_00054_603deb26 seed=0: per_fault={'ctx': True, 'bullets': True} all_resolved=True n_resolved=2/2 tokens=(17063,795)
  model=mistral-nemo-12b N=2 arm=selfcheckgpt real_lme_00054_603deb26 seed=1: per_fault={'ctx': True, 'bullets': True} all_resolved=True n_resolved=2/2 tokens=(17014,786)
  model=mistral-nemo-12b N=2 arm=selfcheckgpt real_lme_00054_603deb26 seed=2: per_fault={'ctx': True, 'bullets': True} all_resolved=True n_resolved=2/2 tokens=(17139,849)
  model=mistral-nemo-12b N=2 arm=selfcheckgpt real_lme_00055_7e974930 seed=0: per_fault={'ctx': False, 'bullets': True} all_resolved=False n_resolved=1/2 tokens=(15930,493)
  model=mistral-nemo-12b N=2 arm=selfcheckgpt real_lme_00055_7e974930 seed=1: per_fault={'ctx': False, 'bullets': True} all_resolved=False n_resolved=1/2 tokens=(15925,506)
  model=mistral-nemo-12b N=2 arm=selfcheckgpt real_lme_00055_7e974930 seed=2: per_fault={'ctx': False, 'bullets': True} all_resolved=False n_resolved=1/2 tokens=(15918,494)
  model=mistral-nemo-12b N=2 arm=selfcheckgpt real_lme_00057_dd2973ad seed=0: per_fault={'ctx': True, 'concise': True} all_resolved=True n_resolved=2/2 tokens=(13979,387)
  model=mistral-nemo-12b N=2 arm=selfcheckgpt real_lme_00057_dd2973ad seed=1: per_fault={'ctx': True, 'concise': True} all_resolved=True n_resolved=2/2 tokens=(14044,383)
  model=mistral-nemo-12b N=2 arm=selfcheckgpt real_lme_00057_dd2973ad seed=2: per_fault={'ctx': True, 'concise': True} all_resolved=True n_resolved=2/2 tokens=(13974,374)
  model=mistral-nemo-12b N=2 arm=selfcheckgpt real_lme_00058_b320f3f8 seed=0: per_fault={'ctx': True, 'preamble': True} all_resolved=True n_resolved=2/2 tokens=(12330,333)
  model=mistral-nemo-12b N=2 arm=selfcheckgpt real_lme_00058_b320f3f8 seed=1: per_fault={'ctx': True, 'preamble': True} all_resolved=True n_resolved=2/2 tokens=(12287,336)
  model=mistral-nemo-12b N=2 arm=selfcheckgpt real_lme_00058_b320f3f8 seed=2: per_fault={'ctx': True, 'preamble': True} all_resolved=True n_resolved=2/2 tokens=(12255,326)
  model=mistral-nemo-12b N=2 arm=selfcheckgpt real_lme_00059_2ebe6c90 seed=0: per_fault={'ctx': False, 'concise': False} all_resolved=False n_resolved=0/2 tokens=(13123,874)
  model=mistral-nemo-12b N=2 arm=selfcheckgpt real_lme_00059_2ebe6c90 seed=1: per_fault={'ctx': False, 'concise': False} all_resolved=False n_resolved=0/2 tokens=(13114,858)
  model=mistral-nemo-12b N=2 arm=selfcheckgpt real_lme_00059_2ebe6c90 seed=2: per_fault={'ctx': False, 'concise': True} all_resolved=False n_resolved=1/2 tokens=(15254,790)
  model=mistral-nemo-12b N=2 arm=selfcheckgpt real_lme_00064_gpt4_e061b84f seed=0: per_fault={'ctx': True, 'concise': True} all_resolved=True n_resolved=2/2 tokens=(14650,510)
  model=mistral-nemo-12b N=2 arm=selfcheckgpt real_lme_00064_gpt4_e061b84f seed=1: per_fault={'ctx': True, 'concise': True} all_resolved=True n_resolved=2/2 tokens=(14635,478)
  model=mistral-nemo-12b N=2 arm=selfcheckgpt real_lme_00064_gpt4_e061b84f seed=2: per_fault={'ctx': True, 'concise': True} all_resolved=True n_resolved=2/2 tokens=(14631,477)
  model=mistral-nemo-12b N=2 arm=selfcheckgpt real_lme_00066_8e91e7d9 seed=0: per_fault={'ctx': False, 'bullets': True} all_resolved=False n_resolved=1/2 tokens=(14212,417)
  model=mistral-nemo-12b N=2 arm=selfcheckgpt real_lme_00066_8e91e7d9 seed=1: per_fault={'ctx': False, 'bullets': True} all_resolved=False n_resolved=1/2 tokens=(14212,427)
  model=mistral-nemo-12b N=2 arm=selfcheckgpt real_lme_00066_8e91e7d9 seed=2: per_fault={'ctx': True, 'bullets': True} all_resolved=True n_resolved=2/2 tokens=(12210,568)
  model=mistral-nemo-12b N=2 arm=selfcheckgpt real_lme_00067_41698283 seed=0: per_fault={'ctx': False, 'english': True} all_resolved=False n_resolved=1/2 tokens=(13752,488)
  model=mistral-nemo-12b N=2 arm=selfcheckgpt real_lme_00067_41698283 seed=1: per_fault={'ctx': False, 'english': True} all_resolved=False n_resolved=1/2 tokens=(13723,491)
  model=mistral-nemo-12b N=2 arm=selfcheckgpt real_lme_00067_41698283 seed=2: per_fault={'ctx': True, 'english': True} all_resolved=True n_resolved=2/2 tokens=(13705,751)
  model=mistral-nemo-12b N=2 arm=selfcheckgpt real_lme_00068_dad224aa seed=0: per_fault={'ctx': True, 'concise': True} all_resolved=True n_resolved=2/2 tokens=(13540,363)
  model=mistral-nemo-12b N=2 arm=selfcheckgpt real_lme_00068_dad224aa seed=1: per_fault={'ctx': True, 'concise': True} all_resolved=True n_resolved=2/2 tokens=(13567,409)
  model=mistral-nemo-12b N=2 arm=selfcheckgpt real_lme_00068_dad224aa seed=2: per_fault={'ctx': True, 'concise': True} all_resolved=True n_resolved=2/2 tokens=(13528,557)
  model=mistral-nemo-12b N=2 arm=selfcheckgpt real_lme_00069_gpt4_31ff4165 seed=0: per_fault={'ctx': True, 'bullets': True} all_resolved=True n_resolved=2/2 tokens=(16755,635)
  model=mistral-nemo-12b N=2 arm=selfcheckgpt real_lme_00069_gpt4_31ff4165 seed=1: per_fault={'ctx': True, 'bullets': True} all_resolved=True n_resolved=2/2 tokens=(16798,650)
  model=mistral-nemo-12b N=2 arm=selfcheckgpt real_lme_00069_gpt4_31ff4165 seed=2: per_fault={'ctx': True, 'bullets': True} all_resolved=True n_resolved=2/2 tokens=(16947,834)
  model=mistral-nemo-12b N=2 arm=selfcheckgpt real_lme_00070_bc149d6b seed=0: per_fault={'ctx': True, 'english': True} all_resolved=True n_resolved=2/2 tokens=(13710,596)
  model=mistral-nemo-12b N=2 arm=selfcheckgpt real_lme_00070_bc149d6b seed=1: per_fault={'ctx': True, 'english': True} all_resolved=True n_resolved=2/2 tokens=(13650,571)
  model=mistral-nemo-12b N=2 arm=selfcheckgpt real_lme_00070_bc149d6b seed=2: per_fault={'ctx': True, 'english': True} all_resolved=True n_resolved=2/2 tokens=(13617,365)
  model=mistral-nemo-12b N=2 arm=selfcheckgpt real_lme_00071_51b23612 seed=0: per_fault={'ctx': True, 'concise': True} all_resolved=True n_resolved=2/2 tokens=(12653,426)
  model=mistral-nemo-12b N=2 arm=selfcheckgpt real_lme_00071_51b23612 seed=1: per_fault={'ctx': True, 'concise': True} all_resolved=True n_resolved=2/2 tokens=(12647,414)
  model=mistral-nemo-12b N=2 arm=selfcheckgpt real_lme_00071_51b23612 seed=2: per_fault={'ctx': True, 'concise': True} all_resolved=True n_resolved=2/2 tokens=(12650,523)
  model=mistral-nemo-12b N=2 arm=selfcheckgpt real_lme_00072_08f4fc43 seed=0: per_fault={'ctx': True, 'preamble': True} all_resolved=True n_resolved=2/2 tokens=(13163,502)
  model=mistral-nemo-12b N=2 arm=selfcheckgpt real_lme_00072_08f4fc43 seed=1: per_fault={'ctx': True, 'preamble': True} all_resolved=True n_resolved=2/2 tokens=(13134,471)
  model=mistral-nemo-12b N=2 arm=selfcheckgpt real_lme_00072_08f4fc43 seed=2: per_fault={'ctx': True, 'preamble': True} all_resolved=True n_resolved=2/2 tokens=(13169,628)
  model=mistral-nemo-12b N=2 arm=selfcheckgpt real_lme_00073_89941a94 seed=0: per_fault={'ctx': False, 'concise': True} all_resolved=False n_resolved=1/2 tokens=(13425,269)
  model=mistral-nemo-12b N=2 arm=selfcheckgpt real_lme_00073_89941a94 seed=1: per_fault={'ctx': False, 'concise': True} all_resolved=False n_resolved=1/2 tokens=(13424,263)
  model=mistral-nemo-12b N=2 arm=selfcheckgpt real_lme_00073_89941a94 seed=2: per_fault={'ctx': False, 'concise': True} all_resolved=False n_resolved=1/2 tokens=(13427,276)
  model=mistral-nemo-12b N=2 arm=selfcheckgpt real_lme_00074_681a1674 seed=0: per_fault={'ctx': True, 'preamble': True} all_resolved=True n_resolved=2/2 tokens=(15737,687)
  model=mistral-nemo-12b N=2 arm=selfcheckgpt real_lme_00074_681a1674 seed=1: per_fault={'ctx': True, 'preamble': True} all_resolved=True n_resolved=2/2 tokens=(15622,699)
  model=mistral-nemo-12b N=2 arm=selfcheckgpt real_lme_00074_681a1674 seed=2: per_fault={'ctx': True, 'preamble': True} all_resolved=True n_resolved=2/2 tokens=(12519,315)
--- [mistral-nemo-12b][selfcheckgpt] N=2: rows written=179 errors=1 tokens_in=2495553 tokens_out=92533 ---
  model=mistral-nemo-12b N=2 arm=intro_specter real_lme_00000_gpt4_2ba83207 seed=0: per_fault={'ctx': True, 'concise': True} all_resolved=True n_resolved=2/2 tokens=(5595,870)
  model=mistral-nemo-12b N=2 arm=intro_specter real_lme_00000_gpt4_2ba83207 seed=1: per_fault={'ctx': True, 'concise': True} all_resolved=True n_resolved=2/2 tokens=(5595,870)
  model=mistral-nemo-12b N=2 arm=intro_specter real_lme_00000_gpt4_2ba83207 seed=2: per_fault={'ctx': True, 'concise': True} all_resolved=True n_resolved=2/2 tokens=(5587,723)
  model=mistral-nemo-12b N=2 arm=intro_specter real_lme_00001_603deb26 seed=0: per_fault={'ctx': True, 'concise': True} all_resolved=True n_resolved=2/2 tokens=(5597,831)
  model=mistral-nemo-12b N=2 arm=intro_specter real_lme_00001_603deb26 seed=1: per_fault={'ctx': True, 'concise': True} all_resolved=True n_resolved=2/2 tokens=(5597,831)
  model=mistral-nemo-12b N=2 arm=intro_specter real_lme_00001_603deb26 seed=2: per_fault={'ctx': True, 'concise': True} all_resolved=True n_resolved=2/2 tokens=(5779,1022)
  model=mistral-nemo-12b N=2 arm=intro_specter real_lme_00002_51c32626 seed=0: per_fault={'ctx': True, 'concise': True} all_resolved=True n_resolved=2/2 tokens=(4904,914)
  model=mistral-nemo-12b N=2 arm=intro_specter real_lme_00002_51c32626 seed=1: per_fault={'ctx': True, 'concise': True} all_resolved=True n_resolved=2/2 tokens=(4904,914)
  model=mistral-nemo-12b N=2 arm=intro_specter real_lme_00002_51c32626 seed=2: per_fault={'ctx': True, 'concise': True} all_resolved=True n_resolved=2/2 tokens=(4895,737)
  model=mistral-nemo-12b N=2 arm=intro_specter real_lme_00004_gpt4_2655b836 seed=0: per_fault={'ctx': True, 'concise': True} all_resolved=True n_resolved=2/2 tokens=(4997,666)
  model=mistral-nemo-12b N=2 arm=intro_specter real_lme_00004_gpt4_2655b836 seed=1: per_fault={'ctx': True, 'concise': True} all_resolved=True n_resolved=2/2 tokens=(4997,666)
  model=mistral-nemo-12b N=2 arm=intro_specter real_lme_00004_gpt4_2655b836 seed=2: per_fault={'ctx': True, 'concise': False} all_resolved=False n_resolved=1/2 tokens=(4945,800)
  model=mistral-nemo-12b N=2 arm=intro_specter real_lme_00005_2698e78f_abs seed=0: per_fault={'ctx': True, 'concise': True} all_resolved=True n_resolved=2/2 tokens=(4980,803)
  model=mistral-nemo-12b N=2 arm=intro_specter real_lme_00005_2698e78f_abs seed=1: per_fault={'ctx': True, 'concise': True} all_resolved=True n_resolved=2/2 tokens=(4980,803)
  model=mistral-nemo-12b N=2 arm=intro_specter real_lme_00005_2698e78f_abs seed=2: per_fault={'ctx': True, 'concise': True} all_resolved=True n_resolved=2/2 tokens=(4905,784)
  model=mistral-nemo-12b N=2 arm=intro_specter real_lme_00006_gpt4_1d80365e seed=0: per_fault={'ctx': True, 'concise': False} all_resolved=False n_resolved=1/2 tokens=(5177,811)
  model=mistral-nemo-12b N=2 arm=intro_specter real_lme_00006_gpt4_1d80365e seed=1: per_fault={'ctx': True, 'concise': False} all_resolved=False n_resolved=1/2 tokens=(5177,811)
  model=mistral-nemo-12b N=2 arm=intro_specter real_lme_00006_gpt4_1d80365e seed=2: per_fault={'ctx': False, 'concise': True} all_resolved=False n_resolved=1/2 tokens=(5206,833)
  model=mistral-nemo-12b N=2 arm=intro_specter real_lme_00007_5025383b seed=0: per_fault={'ctx': True, 'bullets': True} all_resolved=True n_resolved=2/2 tokens=(4611,605)
  model=mistral-nemo-12b N=2 arm=intro_specter real_lme_00007_5025383b seed=1: per_fault={'ctx': True, 'bullets': True} all_resolved=True n_resolved=2/2 tokens=(4611,605)
  model=mistral-nemo-12b N=2 arm=intro_specter real_lme_00007_5025383b seed=2: per_fault={'ctx': True, 'bullets': True} all_resolved=True n_resolved=2/2 tokens=(4628,629)
  model=mistral-nemo-12b N=2 arm=intro_specter real_lme_00008_gpt4_cd90e484 seed=0: per_fault={'ctx': False, 'bullets': True} all_resolved=False n_resolved=1/2 tokens=(4904,592)
  model=mistral-nemo-12b N=2 arm=intro_specter real_lme_00008_gpt4_cd90e484 seed=1: per_fault={'ctx': False, 'bullets': True} all_resolved=False n_resolved=1/2 tokens=(4904,592)
  model=mistral-nemo-12b N=2 arm=intro_specter real_lme_00008_gpt4_cd90e484 seed=2: per_fault={'ctx': True, 'bullets': True} all_resolved=True n_resolved=2/2 tokens=(4958,780)
  model=mistral-nemo-12b N=2 arm=intro_specter real_lme_00009_c19f7a0b seed=0: per_fault={'ctx': True, 'concise': True} all_resolved=True n_resolved=2/2 tokens=(5102,551)
  model=mistral-nemo-12b N=2 arm=intro_specter real_lme_00009_c19f7a0b seed=1: per_fault={'ctx': True, 'concise': True} all_resolved=True n_resolved=2/2 tokens=(5102,551)
  model=mistral-nemo-12b N=2 arm=intro_specter real_lme_00009_c19f7a0b seed=2: per_fault={'ctx': True, 'concise': True} all_resolved=True n_resolved=2/2 tokens=(5349,789)
  model=mistral-nemo-12b N=2 arm=intro_specter real_lme_00010_0a34ad58 seed=0: per_fault={'ctx': True, 'concise': False} all_resolved=False n_resolved=1/2 tokens=(6100,995)
  model=mistral-nemo-12b N=2 arm=intro_specter real_lme_00010_0a34ad58 seed=1: per_fault={'ctx': True, 'concise': False} all_resolved=False n_resolved=1/2 tokens=(6100,995)
  model=mistral-nemo-12b N=2 arm=intro_specter real_lme_00010_0a34ad58 seed=2: per_fault={'ctx': False, 'concise': False} all_resolved=False n_resolved=0/2 tokens=(6290,1373)
  model=mistral-nemo-12b N=2 arm=intro_specter real_lme_00011_gpt4_65aabe59 seed=0: per_fault={'ctx': True, 'preamble': True} all_resolved=True n_resolved=2/2 tokens=(5316,806)
  model=mistral-nemo-12b N=2 arm=intro_specter real_lme_00011_gpt4_65aabe59 seed=1: per_fault={'ctx': True, 'preamble': True} all_resolved=True n_resolved=2/2 tokens=(5316,806)
  model=mistral-nemo-12b N=2 arm=intro_specter real_lme_00011_gpt4_65aabe59 seed=2: per_fault={'ctx': True, 'preamble': True} all_resolved=True n_resolved=2/2 tokens=(5445,854)
  model=mistral-nemo-12b N=2 arm=intro_specter real_lme_00012_d6233ab6 seed=0: per_fault={'ctx': False, 'preamble': True} all_resolved=False n_resolved=1/2 tokens=(5718,609)
  model=mistral-nemo-12b N=2 arm=intro_specter real_lme_00012_d6233ab6 seed=1: per_fault={'ctx': False, 'preamble': True} all_resolved=False n_resolved=1/2 tokens=(5718,609)
  model=mistral-nemo-12b N=2 arm=intro_specter real_lme_00012_d6233ab6 seed=2: per_fault={'ctx': False, 'preamble': True} all_resolved=False n_resolved=1/2 tokens=(5721,601)
  model=mistral-nemo-12b N=2 arm=intro_specter real_lme_00014_gpt4_c27434e8_abs seed=0: per_fault={'ctx': False, 'bullets': True} all_resolved=False n_resolved=1/2 tokens=(5823,1931)
  model=mistral-nemo-12b N=2 arm=intro_specter real_lme_00014_gpt4_c27434e8_abs seed=1: per_fault={'ctx': False, 'bullets': True} all_resolved=False n_resolved=1/2 tokens=(5823,1931)
  model=mistral-nemo-12b N=2 arm=intro_specter real_lme_00014_gpt4_c27434e8_abs seed=2: per_fault={'ctx': True, 'bullets': True} all_resolved=True n_resolved=2/2 tokens=(5030,1500)
  model=mistral-nemo-12b N=2 arm=intro_specter real_lme_00016_f8c5f88b seed=0: per_fault={'ctx': True, 'bullets': True} all_resolved=True n_resolved=2/2 tokens=(5252,571)
  model=mistral-nemo-12b N=2 arm=intro_specter real_lme_00016_f8c5f88b seed=1: per_fault={'ctx': True, 'bullets': True} all_resolved=True n_resolved=2/2 tokens=(5252,571)
  model=mistral-nemo-12b N=2 arm=intro_specter real_lme_00016_f8c5f88b seed=2: per_fault={'ctx': True, 'bullets': True} all_resolved=True n_resolved=2/2 tokens=(5132,572)
  model=mistral-nemo-12b N=2 arm=intro_specter real_lme_00018_gpt4_d31cdae3 seed=0: per_fault={'ctx': True, 'concise': True} all_resolved=True n_resolved=2/2 tokens=(5351,736)
  model=mistral-nemo-12b N=2 arm=intro_specter real_lme_00018_gpt4_d31cdae3 seed=1: per_fault={'ctx': True, 'concise': True} all_resolved=True n_resolved=2/2 tokens=(5351,736)
  model=mistral-nemo-12b N=2 arm=intro_specter real_lme_00018_gpt4_d31cdae3 seed=2: per_fault={'ctx': False, 'concise': False} all_resolved=False n_resolved=0/2 tokens=(5426,841)
  model=mistral-nemo-12b N=2 arm=intro_specter real_lme_00019_gpt4_e414231f seed=0: per_fault={'ctx': True, 'preamble': True} all_resolved=True n_resolved=2/2 tokens=(5243,759)
  model=mistral-nemo-12b N=2 arm=intro_specter real_lme_00019_gpt4_e414231f seed=1: per_fault={'ctx': True, 'preamble': True} all_resolved=True n_resolved=2/2 tokens=(5243,759)
  model=mistral-nemo-12b N=2 arm=intro_specter real_lme_00019_gpt4_e414231f seed=2: per_fault={'ctx': True, 'preamble': True} all_resolved=True n_resolved=2/2 tokens=(5306,852)
  model=mistral-nemo-12b N=2 arm=intro_specter real_lme_00021_e56a43b9 seed=0: per_fault={'ctx': True, 'english': True} all_resolved=True n_resolved=2/2 tokens=(5508,716)
  model=mistral-nemo-12b N=2 arm=intro_specter real_lme_00021_e56a43b9 seed=1: per_fault={'ctx': True, 'english': True} all_resolved=True n_resolved=2/2 tokens=(5508,716)
  model=mistral-nemo-12b N=2 arm=intro_specter real_lme_00021_e56a43b9 seed=2: per_fault={'ctx': True, 'english': True} all_resolved=True n_resolved=2/2 tokens=(5566,1073)
  model=mistral-nemo-12b N=2 arm=intro_specter real_lme_00022_6cb6f249 seed=0: per_fault={'ctx': True, 'bullets': True} all_resolved=True n_resolved=2/2 tokens=(4696,678)
  model=mistral-nemo-12b N=2 arm=intro_specter real_lme_00022_6cb6f249 seed=1: per_fault={'ctx': True, 'bullets': True} all_resolved=True n_resolved=2/2 tokens=(4696,678)
  model=mistral-nemo-12b N=2 arm=intro_specter real_lme_00022_6cb6f249 seed=2: per_fault={'ctx': True, 'bullets': True} all_resolved=True n_resolved=2/2 tokens=(4797,776)
  model=mistral-nemo-12b N=2 arm=intro_specter real_lme_00023_e48988bc seed=0: per_fault={'ctx': True, 'english': True} all_resolved=True n_resolved=2/2 tokens=(4035,636)
  model=mistral-nemo-12b N=2 arm=intro_specter real_lme_00023_e48988bc seed=1: per_fault={'ctx': True, 'english': True} all_resolved=True n_resolved=2/2 tokens=(4035,636)
  model=mistral-nemo-12b N=2 arm=intro_specter real_lme_00023_e48988bc seed=2: per_fault={'ctx': True, 'english': True} all_resolved=True n_resolved=2/2 tokens=(4077,635)
  model=mistral-nemo-12b N=2 arm=intro_specter real_lme_00025_gpt4_4929293b seed=0: per_fault={'ctx': True, 'concise': True} all_resolved=True n_resolved=2/2 tokens=(5182,1020)
  model=mistral-nemo-12b N=2 arm=intro_specter real_lme_00025_gpt4_4929293b seed=1: per_fault={'ctx': True, 'concise': True} all_resolved=True n_resolved=2/2 tokens=(5182,1020)
  model=mistral-nemo-12b N=2 arm=intro_specter real_lme_00025_gpt4_4929293b seed=2: per_fault={'ctx': False, 'concise': True} all_resolved=False n_resolved=1/2 tokens=(4867,570)
  model=mistral-nemo-12b N=2 arm=intro_specter real_lme_00027_21d02d0d seed=0: per_fault={'ctx': True, 'concise': True} all_resolved=True n_resolved=2/2 tokens=(5179,724)
  model=mistral-nemo-12b N=2 arm=intro_specter real_lme_00027_21d02d0d seed=1: per_fault={'ctx': True, 'concise': True} all_resolved=True n_resolved=2/2 tokens=(5179,724)
  model=mistral-nemo-12b N=2 arm=intro_specter real_lme_00027_21d02d0d seed=2: per_fault={'ctx': True, 'concise': True} all_resolved=True n_resolved=2/2 tokens=(5337,859)
  model=mistral-nemo-12b N=2 arm=intro_specter real_lme_00028_1f2b8d4f seed=0: per_fault={'ctx': True, 'concise': True} all_resolved=True n_resolved=2/2 tokens=(5119,769)
  model=mistral-nemo-12b N=2 arm=intro_specter real_lme_00028_1f2b8d4f seed=1: per_fault={'ctx': True, 'concise': True} all_resolved=True n_resolved=2/2 tokens=(5119,769)
  model=mistral-nemo-12b N=2 arm=intro_specter real_lme_00028_1f2b8d4f seed=2: per_fault={'ctx': True, 'concise': True} all_resolved=True n_resolved=2/2 tokens=(5377,1174)
  model=mistral-nemo-12b N=2 arm=intro_specter real_lme_00029_a11281a2 seed=0: per_fault={'ctx': True, 'bullets': True} all_resolved=True n_resolved=2/2 tokens=(5213,828)
  model=mistral-nemo-12b N=2 arm=intro_specter real_lme_00029_a11281a2 seed=1: per_fault={'ctx': True, 'bullets': True} all_resolved=True n_resolved=2/2 tokens=(5213,828)
  model=mistral-nemo-12b N=2 arm=intro_specter real_lme_00029_a11281a2 seed=2: per_fault={'ctx': True, 'bullets': True} all_resolved=True n_resolved=2/2 tokens=(5172,502)
  model=mistral-nemo-12b N=2 arm=intro_specter real_lme_00030_1de5cff2 seed=0: per_fault={'ctx': True, 'concise': True} all_resolved=True n_resolved=2/2 tokens=(4466,729)
  model=mistral-nemo-12b N=2 arm=intro_specter real_lme_00030_1de5cff2 seed=1: per_fault={'ctx': True, 'concise': True} all_resolved=True n_resolved=2/2 tokens=(4466,729)
  model=mistral-nemo-12b N=2 arm=intro_specter real_lme_00030_1de5cff2 seed=2: per_fault={'ctx': True, 'concise': True} all_resolved=True n_resolved=2/2 tokens=(4470,662)
  model=mistral-nemo-12b N=2 arm=intro_specter real_lme_00031_8ebdbe50 seed=0: per_fault={'ctx': True, 'concise': False} all_resolved=False n_resolved=1/2 tokens=(4600,666)
  model=mistral-nemo-12b N=2 arm=intro_specter real_lme_00031_8ebdbe50 seed=1: per_fault={'ctx': True, 'concise': False} all_resolved=False n_resolved=1/2 tokens=(4600,666)
  model=mistral-nemo-12b N=2 arm=intro_specter real_lme_00031_8ebdbe50 seed=2: per_fault={'ctx': True, 'concise': False} all_resolved=False n_resolved=1/2 tokens=(4642,847)
  model=mistral-nemo-12b N=2 arm=intro_specter real_lme_00032_22d2cb42 seed=0: per_fault={'ctx': True, 'english': True} all_resolved=True n_resolved=2/2 tokens=(4874,702)
  model=mistral-nemo-12b N=2 arm=intro_specter real_lme_00032_22d2cb42 seed=1: per_fault={'ctx': True, 'english': True} all_resolved=True n_resolved=2/2 tokens=(4874,702)
  model=mistral-nemo-12b N=2 arm=intro_specter real_lme_00032_22d2cb42 seed=2: per_fault={'ctx': True, 'english': True} all_resolved=True n_resolved=2/2 tokens=(4894,656)
  model=mistral-nemo-12b N=2 arm=intro_specter real_lme_00033_gpt4_385a5000 seed=0: per_fault={'ctx': False, 'english': True} all_resolved=False n_resolved=1/2 tokens=(5276,768)
  model=mistral-nemo-12b N=2 arm=intro_specter real_lme_00033_gpt4_385a5000 seed=1: per_fault={'ctx': False, 'english': True} all_resolved=False n_resolved=1/2 tokens=(5276,768)
  model=mistral-nemo-12b N=2 arm=intro_specter real_lme_00033_gpt4_385a5000 seed=2: per_fault={'ctx': True, 'english': True} all_resolved=True n_resolved=2/2 tokens=(5150,778)
  model=mistral-nemo-12b N=2 arm=intro_specter real_lme_00034_95bcc1c8 seed=0: per_fault={'ctx': True, 'preamble': True} all_resolved=True n_resolved=2/2 tokens=(4938,647)
  model=mistral-nemo-12b N=2 arm=intro_specter real_lme_00034_95bcc1c8 seed=1: per_fault={'ctx': True, 'preamble': True} all_resolved=True n_resolved=2/2 tokens=(4938,647)
  model=mistral-nemo-12b N=2 arm=intro_specter real_lme_00034_95bcc1c8 seed=2: per_fault={'ctx': True, 'preamble': True} all_resolved=True n_resolved=2/2 tokens=(4863,727)
  model=mistral-nemo-12b N=2 arm=intro_specter real_lme_00035_gpt4_2312f94c seed=0: per_fault={'ctx': True, 'english': True} all_resolved=True n_resolved=2/2 tokens=(4931,691)
  model=mistral-nemo-12b N=2 arm=intro_specter real_lme_00035_gpt4_2312f94c seed=1: per_fault={'ctx': True, 'english': True} all_resolved=True n_resolved=2/2 tokens=(4931,691)
  model=mistral-nemo-12b N=2 arm=intro_specter real_lme_00035_gpt4_2312f94c seed=2: per_fault={'ctx': True, 'english': True} all_resolved=True n_resolved=2/2 tokens=(4935,695)
  model=mistral-nemo-12b N=2 arm=intro_specter real_lme_00036_gpt4_468eb063 seed=0: per_fault={'ctx': True, 'preamble': True} all_resolved=True n_resolved=2/2 tokens=(4887,918)
  model=mistral-nemo-12b N=2 arm=intro_specter real_lme_00036_gpt4_468eb063 seed=1: per_fault={'ctx': True, 'preamble': True} all_resolved=True n_resolved=2/2 tokens=(4887,918)
  model=mistral-nemo-12b N=2 arm=intro_specter real_lme_00036_gpt4_468eb063 seed=2: per_fault={'ctx': True, 'preamble': True} all_resolved=True n_resolved=2/2 tokens=(4939,802)
  model=mistral-nemo-12b N=2 arm=intro_specter real_lme_00037_faba32e5 seed=0: per_fault={'ctx': True, 'concise': True} all_resolved=True n_resolved=2/2 tokens=(5040,727)
  model=mistral-nemo-12b N=2 arm=intro_specter real_lme_00037_faba32e5 seed=1: per_fault={'ctx': True, 'concise': True} all_resolved=True n_resolved=2/2 tokens=(5040,727)
  model=mistral-nemo-12b N=2 arm=intro_specter real_lme_00037_faba32e5 seed=2: per_fault={'ctx': True, 'concise': True} all_resolved=True n_resolved=2/2 tokens=(4926,574)
  model=mistral-nemo-12b N=2 arm=intro_specter real_lme_00038_b86304ba seed=0: per_fault={'ctx': False, 'english': True} all_resolved=False n_resolved=1/2 tokens=(4909,558)
  model=mistral-nemo-12b N=2 arm=intro_specter real_lme_00038_b86304ba seed=1: per_fault={'ctx': False, 'english': True} all_resolved=False n_resolved=1/2 tokens=(4909,558)
  model=mistral-nemo-12b N=2 arm=intro_specter real_lme_00038_b86304ba seed=2: per_fault={'ctx': False, 'english': True} all_resolved=False n_resolved=1/2 tokens=(4711,728)
  model=mistral-nemo-12b N=2 arm=intro_specter real_lme_00039_gpt4_d6585ce8 seed=0: per_fault={'ctx': True, 'concise': False} all_resolved=False n_resolved=1/2 tokens=(6053,1356)
  model=mistral-nemo-12b N=2 arm=intro_specter real_lme_00039_gpt4_d6585ce8 seed=1: per_fault={'ctx': True, 'concise': False} all_resolved=False n_resolved=1/2 tokens=(6053,1356)
  model=mistral-nemo-12b N=2 arm=intro_specter real_lme_00039_gpt4_d6585ce8 seed=2: per_fault={'ctx': True, 'concise': False} all_resolved=False n_resolved=1/2 tokens=(5838,1049)
  model=mistral-nemo-12b N=2 arm=intro_specter real_lme_00040_gpt4_0b2f1d21 seed=0: per_fault={'ctx': True, 'concise': True} all_resolved=True n_resolved=2/2 tokens=(5055,837)
  model=mistral-nemo-12b N=2 arm=intro_specter real_lme_00040_gpt4_0b2f1d21 seed=1: per_fault={'ctx': True, 'concise': True} all_resolved=True n_resolved=2/2 tokens=(5055,837)
  model=mistral-nemo-12b N=2 arm=intro_specter real_lme_00040_gpt4_0b2f1d21 seed=2: per_fault={'ctx': True, 'concise': True} all_resolved=True n_resolved=2/2 tokens=(5076,873)
  model=mistral-nemo-12b N=2 arm=intro_specter real_lme_00042_gpt4_5501fe77 seed=0: per_fault={'ctx': True, 'preamble': True} all_resolved=True n_resolved=2/2 tokens=(5167,551)
  model=mistral-nemo-12b N=2 arm=intro_specter real_lme_00042_gpt4_5501fe77 seed=1: per_fault={'ctx': True, 'preamble': True} all_resolved=True n_resolved=2/2 tokens=(5167,551)
  model=mistral-nemo-12b N=2 arm=intro_specter real_lme_00042_gpt4_5501fe77 seed=2: per_fault={'ctx': False, 'preamble': True} all_resolved=False n_resolved=1/2 tokens=(5201,631)
  model=mistral-nemo-12b N=2 arm=intro_specter real_lme_00043_c2ac3c61 seed=0: per_fault={'ctx': True, 'bullets': True} all_resolved=True n_resolved=2/2 tokens=(5081,694)
  model=mistral-nemo-12b N=2 arm=intro_specter real_lme_00043_c2ac3c61 seed=1: per_fault={'ctx': True, 'bullets': True} all_resolved=True n_resolved=2/2 tokens=(5081,694)
  model=mistral-nemo-12b N=2 arm=intro_specter real_lme_00043_c2ac3c61 seed=2: per_fault={'ctx': True, 'bullets': True} all_resolved=True n_resolved=2/2 tokens=(4814,312)
  model=mistral-nemo-12b N=2 arm=intro_specter real_lme_00044_gpt4_ec93e27f seed=0: per_fault={'ctx': True, 'bullets': True} all_resolved=True n_resolved=2/2 tokens=(4773,350)
  model=mistral-nemo-12b N=2 arm=intro_specter real_lme_00044_gpt4_ec93e27f seed=1: per_fault={'ctx': True, 'bullets': True} all_resolved=True n_resolved=2/2 tokens=(4773,350)
  model=mistral-nemo-12b N=2 arm=intro_specter real_lme_00044_gpt4_ec93e27f seed=2: per_fault={'ctx': False, 'bullets': True} all_resolved=False n_resolved=1/2 tokens=(5129,873)
  model=mistral-nemo-12b N=2 arm=intro_specter real_lme_00045_06db6396 seed=0: per_fault={'ctx': True, 'concise': True} all_resolved=True n_resolved=2/2 tokens=(4918,780)
  model=mistral-nemo-12b N=2 arm=intro_specter real_lme_00045_06db6396 seed=1: per_fault={'ctx': True, 'concise': True} all_resolved=True n_resolved=2/2 tokens=(4918,780)
  model=mistral-nemo-12b N=2 arm=intro_specter real_lme_00045_06db6396 seed=2: per_fault={'ctx': True, 'concise': True} all_resolved=True n_resolved=2/2 tokens=(4908,776)
  model=mistral-nemo-12b N=2 arm=intro_specter real_lme_00047_f685340e seed=0: per_fault={'ctx': True, 'bullets': True} all_resolved=True n_resolved=2/2 tokens=(5206,689)
  model=mistral-nemo-12b N=2 arm=intro_specter real_lme_00047_f685340e seed=1: per_fault={'ctx': True, 'bullets': True} all_resolved=True n_resolved=2/2 tokens=(5206,689)
  model=mistral-nemo-12b N=2 arm=intro_specter real_lme_00047_f685340e seed=2: per_fault={'ctx': False, 'bullets': True} all_resolved=False n_resolved=1/2 tokens=(5299,626)
  model=mistral-nemo-12b N=2 arm=intro_specter real_lme_00048_dccbc061 seed=0: per_fault={'ctx': True, 'concise': True} all_resolved=True n_resolved=2/2 tokens=(4748,838)
  model=mistral-nemo-12b N=2 arm=intro_specter real_lme_00048_dccbc061 seed=1: per_fault={'ctx': True, 'concise': True} all_resolved=True n_resolved=2/2 tokens=(4748,838)
  model=mistral-nemo-12b N=2 arm=intro_specter real_lme_00048_dccbc061 seed=2: per_fault={'ctx': True, 'concise': True} all_resolved=True n_resolved=2/2 tokens=(4715,759)
  model=mistral-nemo-12b N=2 arm=intro_specter real_lme_00049_0862e8bf_abs seed=0: per_fault={'ctx': True, 'concise': False} all_resolved=False n_resolved=1/2 tokens=(5394,688)
  model=mistral-nemo-12b N=2 arm=intro_specter real_lme_00049_0862e8bf_abs seed=1: per_fault={'ctx': True, 'concise': False} all_resolved=False n_resolved=1/2 tokens=(5394,688)
  model=mistral-nemo-12b N=2 arm=intro_specter real_lme_00049_0862e8bf_abs seed=2: per_fault={'ctx': True, 'concise': False} all_resolved=False n_resolved=1/2 tokens=(5401,674)
  model=mistral-nemo-12b N=2 arm=intro_specter real_lme_00050_0862e8bf seed=0: per_fault={'ctx': True, 'concise': True} all_resolved=True n_resolved=2/2 tokens=(4942,540)
  model=mistral-nemo-12b N=2 arm=intro_specter real_lme_00050_0862e8bf seed=1: per_fault={'ctx': True, 'concise': True} all_resolved=True n_resolved=2/2 tokens=(4942,540)
  model=mistral-nemo-12b N=2 arm=intro_specter real_lme_00050_0862e8bf seed=2: per_fault={'ctx': True, 'concise': True} all_resolved=True n_resolved=2/2 tokens=(4865,605)
  model=mistral-nemo-12b N=2 arm=intro_specter real_lme_00051_2ebe6c90 seed=0: per_fault={'ctx': False, 'concise': True} all_resolved=False n_resolved=1/2 tokens=(5118,846)
  model=mistral-nemo-12b N=2 arm=intro_specter real_lme_00051_2ebe6c90 seed=1: per_fault={'ctx': False, 'concise': True} all_resolved=False n_resolved=1/2 tokens=(5118,846)
  model=mistral-nemo-12b N=2 arm=intro_specter real_lme_00051_2ebe6c90 seed=2: per_fault={'ctx': False, 'concise': True} all_resolved=False n_resolved=1/2 tokens=(5128,1191)
  model=mistral-nemo-12b N=2 arm=intro_specter real_lme_00052_1faac195 seed=0: per_fault={'ctx': False, 'english': True} all_resolved=False n_resolved=1/2 tokens=(4740,287)
  model=mistral-nemo-12b N=2 arm=intro_specter real_lme_00052_1faac195 seed=1: per_fault={'ctx': False, 'english': True} all_resolved=False n_resolved=1/2 tokens=(4740,287)
  model=mistral-nemo-12b N=2 arm=intro_specter real_lme_00052_1faac195 seed=2: per_fault={'ctx': True, 'english': True} all_resolved=True n_resolved=2/2 tokens=(4782,342)
  model=mistral-nemo-12b N=2 arm=intro_specter real_lme_00053_21d02d0d seed=0: per_fault={'ctx': True, 'bullets': True} all_resolved=True n_resolved=2/2 tokens=(5267,647)
  model=mistral-nemo-12b N=2 arm=intro_specter real_lme_00053_21d02d0d seed=1: per_fault={'ctx': True, 'bullets': True} all_resolved=True n_resolved=2/2 tokens=(5267,647)
  model=mistral-nemo-12b N=2 arm=intro_specter real_lme_00053_21d02d0d seed=2: per_fault={'ctx': True, 'bullets': True} all_resolved=True n_resolved=2/2 tokens=(5195,739)
  model=mistral-nemo-12b N=2 arm=intro_specter real_lme_00054_603deb26 seed=0: per_fault={'ctx': True, 'bullets': True} all_resolved=True n_resolved=2/2 tokens=(5550,1090)
  model=mistral-nemo-12b N=2 arm=intro_specter real_lme_00054_603deb26 seed=1: per_fault={'ctx': True, 'bullets': True} all_resolved=True n_resolved=2/2 tokens=(5550,1090)
  model=mistral-nemo-12b N=2 arm=intro_specter real_lme_00054_603deb26 seed=2: per_fault={'ctx': True, 'bullets': True} all_resolved=True n_resolved=2/2 tokens=(5563,1195)
  model=mistral-nemo-12b N=2 arm=intro_specter real_lme_00055_7e974930 seed=0: per_fault={'ctx': True, 'bullets': True} all_resolved=True n_resolved=2/2 tokens=(5171,613)
  model=mistral-nemo-12b N=2 arm=intro_specter real_lme_00055_7e974930 seed=1: per_fault={'ctx': True, 'bullets': True} all_resolved=True n_resolved=2/2 tokens=(5171,613)
  model=mistral-nemo-12b N=2 arm=intro_specter real_lme_00055_7e974930 seed=2: per_fault={'ctx': True, 'bullets': True} all_resolved=True n_resolved=2/2 tokens=(5188,655)
  model=mistral-nemo-12b N=2 arm=intro_specter real_lme_00057_dd2973ad seed=0: per_fault={'ctx': True, 'concise': True} all_resolved=True n_resolved=2/2 tokens=(5280,567)
  model=mistral-nemo-12b N=2 arm=intro_specter real_lme_00057_dd2973ad seed=1: per_fault={'ctx': True, 'concise': True} all_resolved=True n_resolved=2/2 tokens=(5280,567)
  model=mistral-nemo-12b N=2 arm=intro_specter real_lme_00057_dd2973ad seed=2: per_fault={'ctx': True, 'concise': True} all_resolved=True n_resolved=2/2 tokens=(5283,580)
  model=mistral-nemo-12b N=2 arm=intro_specter real_lme_00058_b320f3f8 seed=0: per_fault={'ctx': True, 'preamble': True} all_resolved=True n_resolved=2/2 tokens=(4606,765)
  model=mistral-nemo-12b N=2 arm=intro_specter real_lme_00058_b320f3f8 seed=1: per_fault={'ctx': True, 'preamble': True} all_resolved=True n_resolved=2/2 tokens=(4606,765)
  model=mistral-nemo-12b N=2 arm=intro_specter real_lme_00058_b320f3f8 seed=2: per_fault={'ctx': True, 'preamble': True} all_resolved=True n_resolved=2/2 tokens=(4601,515)
  model=mistral-nemo-12b N=2 arm=intro_specter real_lme_00059_2ebe6c90 seed=0: per_fault={'ctx': True, 'concise': True} all_resolved=True n_resolved=2/2 tokens=(5387,1226)
  model=mistral-nemo-12b N=2 arm=intro_specter real_lme_00059_2ebe6c90 seed=1: per_fault={'ctx': True, 'concise': True} all_resolved=True n_resolved=2/2 tokens=(5387,1226)
  model=mistral-nemo-12b N=2 arm=intro_specter real_lme_00059_2ebe6c90 seed=2: per_fault={'ctx': True, 'concise': True} all_resolved=True n_resolved=2/2 tokens=(5323,1300)
  model=mistral-nemo-12b N=2 arm=intro_specter real_lme_00064_gpt4_e061b84f seed=0: per_fault={'ctx': True, 'concise': True} all_resolved=True n_resolved=2/2 tokens=(5443,707)
  model=mistral-nemo-12b N=2 arm=intro_specter real_lme_00064_gpt4_e061b84f seed=1: per_fault={'ctx': True, 'concise': True} all_resolved=True n_resolved=2/2 tokens=(5443,707)
  model=mistral-nemo-12b N=2 arm=intro_specter real_lme_00064_gpt4_e061b84f seed=2: per_fault={'ctx': True, 'concise': True} all_resolved=True n_resolved=2/2 tokens=(5435,441)
  model=mistral-nemo-12b N=2 arm=intro_specter real_lme_00066_8e91e7d9 seed=0: per_fault={'ctx': True, 'bullets': True} all_resolved=True n_resolved=2/2 tokens=(4712,737)
  model=mistral-nemo-12b N=2 arm=intro_specter real_lme_00066_8e91e7d9 seed=1: per_fault={'ctx': True, 'bullets': True} all_resolved=True n_resolved=2/2 tokens=(4712,737)
  model=mistral-nemo-12b N=2 arm=intro_specter real_lme_00066_8e91e7d9 seed=2: per_fault={'ctx': True, 'bullets': True} all_resolved=True n_resolved=2/2 tokens=(4824,846)
  model=mistral-nemo-12b N=2 arm=intro_specter real_lme_00067_41698283 seed=0: per_fault={'ctx': True, 'english': True} all_resolved=True n_resolved=2/2 tokens=(5245,689)
  model=mistral-nemo-12b N=2 arm=intro_specter real_lme_00067_41698283 seed=1: per_fault={'ctx': True, 'english': True} all_resolved=True n_resolved=2/2 tokens=(5245,689)
  model=mistral-nemo-12b N=2 arm=intro_specter real_lme_00067_41698283 seed=2: per_fault={'ctx': True, 'english': True} all_resolved=True n_resolved=2/2 tokens=(5592,1028)
  model=mistral-nemo-12b N=2 arm=intro_specter real_lme_00068_dad224aa seed=0: per_fault={'ctx': True, 'concise': True} all_resolved=True n_resolved=2/2 tokens=(5078,579)
  model=mistral-nemo-12b N=2 arm=intro_specter real_lme_00068_dad224aa seed=1: per_fault={'ctx': True, 'concise': True} all_resolved=True n_resolved=2/2 tokens=(5078,579)
  model=mistral-nemo-12b N=2 arm=intro_specter real_lme_00068_dad224aa seed=2: per_fault={'ctx': True, 'concise': True} all_resolved=True n_resolved=2/2 tokens=(5300,944)
  model=mistral-nemo-12b N=2 arm=intro_specter real_lme_00069_gpt4_31ff4165 seed=0: per_fault={'ctx': False, 'bullets': True} all_resolved=False n_resolved=1/2 tokens=(5656,1124)
  model=mistral-nemo-12b N=2 arm=intro_specter real_lme_00069_gpt4_31ff4165 seed=1: per_fault={'ctx': False, 'bullets': True} all_resolved=False n_resolved=1/2 tokens=(5656,1124)
  model=mistral-nemo-12b N=2 arm=intro_specter real_lme_00069_gpt4_31ff4165 seed=2: per_fault={'ctx': False, 'bullets': True} all_resolved=False n_resolved=1/2 tokens=(5813,1259)
  model=mistral-nemo-12b N=2 arm=intro_specter real_lme_00070_bc149d6b seed=0: per_fault={'ctx': True, 'english': True} all_resolved=True n_resolved=2/2 tokens=(5280,903)
  model=mistral-nemo-12b N=2 arm=intro_specter real_lme_00070_bc149d6b seed=1: per_fault={'ctx': True, 'english': True} all_resolved=True n_resolved=2/2 tokens=(5280,903)
  model=mistral-nemo-12b N=2 arm=intro_specter real_lme_00070_bc149d6b seed=2: per_fault={'ctx': True, 'english': True} all_resolved=True n_resolved=2/2 tokens=(5059,324)
  model=mistral-nemo-12b N=2 arm=intro_specter real_lme_00071_51b23612 seed=0: per_fault={'ctx': True, 'concise': True} all_resolved=True n_resolved=2/2 tokens=(4800,691)
  model=mistral-nemo-12b N=2 arm=intro_specter real_lme_00071_51b23612 seed=1: per_fault={'ctx': True, 'concise': True} all_resolved=True n_resolved=2/2 tokens=(4800,691)
  model=mistral-nemo-12b N=2 arm=intro_specter real_lme_00071_51b23612 seed=2: per_fault={'ctx': True, 'concise': True} all_resolved=True n_resolved=2/2 tokens=(4913,564)
  model=mistral-nemo-12b N=2 arm=intro_specter real_lme_00072_08f4fc43 seed=0: per_fault={'ctx': True, 'preamble': True} all_resolved=True n_resolved=2/2 tokens=(5093,792)
  model=mistral-nemo-12b N=2 arm=intro_specter real_lme_00072_08f4fc43 seed=1: per_fault={'ctx': True, 'preamble': True} all_resolved=True n_resolved=2/2 tokens=(5093,792)
  model=mistral-nemo-12b N=2 arm=intro_specter real_lme_00072_08f4fc43 seed=2: per_fault={'ctx': True, 'preamble': True} all_resolved=True n_resolved=2/2 tokens=(5100,846)
  model=mistral-nemo-12b N=2 arm=intro_specter real_lme_00073_89941a94 seed=0: per_fault={'ctx': True, 'concise': False} all_resolved=False n_resolved=1/2 tokens=(4947,420)
  model=mistral-nemo-12b N=2 arm=intro_specter real_lme_00073_89941a94 seed=1: per_fault={'ctx': True, 'concise': False} all_resolved=False n_resolved=1/2 tokens=(4947,420)
  model=mistral-nemo-12b N=2 arm=intro_specter real_lme_00073_89941a94 seed=2: per_fault={'ctx': True, 'concise': False} all_resolved=False n_resolved=1/2 tokens=(4954,354)
  model=mistral-nemo-12b N=2 arm=intro_specter real_lme_00074_681a1674 seed=0: per_fault={'ctx': True, 'preamble': True} all_resolved=True n_resolved=2/2 tokens=(4810,1559)
  model=mistral-nemo-12b N=2 arm=intro_specter real_lme_00074_681a1674 seed=1: per_fault={'ctx': True, 'preamble': True} all_resolved=True n_resolved=2/2 tokens=(4810,1559)
  model=mistral-nemo-12b N=2 arm=intro_specter real_lme_00074_681a1674 seed=2: per_fault={'ctx': True, 'preamble': True} all_resolved=True n_resolved=2/2 tokens=(4874,598)
--- [mistral-nemo-12b][intro_specter] N=2: rows written=180 errors=0 tokens_in=921584 tokens_out=139431 ---
