Building 60 3-fault-injected longmemeval_real examples (bench_seed=42, scan_limit=6000, model=mistral-nemo-12b provider=openrouter model_id=mistralai/mistral-nemo)...
Built 60 examples. seeds=[0, 1, 2], arms=['direct', 'self_refine', 'reflexion', 'full_regen', 'react', 'selfcheckgpt', 'intro_specter']
  model=mistral-nemo-12b N=3 arm=direct real_lme_00001_603deb26 seed=0: per_fault={'ctx': True, 'concise': True, 'english': True} all_resolved=True n_resolved=3/3 tokens=(2634,385)
  model=mistral-nemo-12b N=3 arm=direct real_lme_00001_603deb26 seed=1: per_fault={'ctx': True, 'concise': True, 'english': True} all_resolved=True n_resolved=3/3 tokens=(2634,385)
  model=mistral-nemo-12b N=3 arm=direct real_lme_00001_603deb26 seed=2: per_fault={'ctx': True, 'concise': True, 'english': True} all_resolved=True n_resolved=3/3 tokens=(2634,312)
  model=mistral-nemo-12b N=3 arm=direct real_lme_00007_5025383b seed=0: per_fault={'ctx': True, 'bullets': True, 'preamble': True} all_resolved=True n_resolved=3/3 tokens=(2246,399)
  model=mistral-nemo-12b N=3 arm=direct real_lme_00007_5025383b seed=1: per_fault={'ctx': True, 'bullets': True, 'preamble': True} all_resolved=True n_resolved=3/3 tokens=(2246,399)
  model=mistral-nemo-12b N=3 arm=direct real_lme_00007_5025383b seed=2: per_fault={'ctx': True, 'bullets': True, 'preamble': True} all_resolved=True n_resolved=3/3 tokens=(2247,323)
  model=mistral-nemo-12b N=3 arm=direct real_lme_00010_0a34ad58 seed=0: per_fault={'ctx': False, 'concise': False, 'preamble': True} all_resolved=False n_resolved=1/3 tokens=(2876,694)
  model=mistral-nemo-12b N=3 arm=direct real_lme_00010_0a34ad58 seed=1: per_fault={'ctx': False, 'concise': False, 'preamble': True} all_resolved=False n_resolved=1/3 tokens=(2876,694)
  model=mistral-nemo-12b N=3 arm=direct real_lme_00010_0a34ad58 seed=2: per_fault={'ctx': False, 'concise': False, 'preamble': True} all_resolved=False n_resolved=1/3 tokens=(2876,548)
  model=mistral-nemo-12b N=3 arm=direct real_lme_00016_f8c5f88b seed=0: per_fault={'ctx': True, 'bullets': True, 'concise': True} all_resolved=True n_resolved=3/3 tokens=(2480,95)
  model=mistral-nemo-12b N=3 arm=direct real_lme_00016_f8c5f88b seed=1: per_fault={'ctx': True, 'bullets': True, 'concise': True} all_resolved=True n_resolved=3/3 tokens=(2480,95)
  model=mistral-nemo-12b N=3 arm=direct real_lme_00016_f8c5f88b seed=2: per_fault={'ctx': True, 'bullets': True, 'concise': True} all_resolved=True n_resolved=3/3 tokens=(2480,95)
  model=mistral-nemo-12b N=3 arm=direct real_lme_00018_gpt4_d31cdae3 seed=0: per_fault={'ctx': False, 'concise': True, 'english': True} all_resolved=False n_resolved=2/3 tokens=(2529,459)
  model=mistral-nemo-12b N=3 arm=direct real_lme_00018_gpt4_d31cdae3 seed=1: per_fault={'ctx': False, 'concise': True, 'english': True} all_resolved=False n_resolved=2/3 tokens=(2529,459)
  model=mistral-nemo-12b N=3 arm=direct real_lme_00018_gpt4_d31cdae3 seed=2: per_fault={'ctx': False, 'concise': True, 'english': True} all_resolved=False n_resolved=2/3 tokens=(2529,483)
  model=mistral-nemo-12b N=3 arm=direct real_lme_00032_22d2cb42 seed=0: per_fault={'ctx': False, 'english': True, 'preamble': True} all_resolved=False n_resolved=2/3 tokens=(2337,315)
  model=mistral-nemo-12b N=3 arm=direct real_lme_00032_22d2cb42 seed=1: per_fault={'ctx': False, 'english': True, 'preamble': True} all_resolved=False n_resolved=2/3 tokens=(2337,315)
  model=mistral-nemo-12b N=3 arm=direct real_lme_00032_22d2cb42 seed=2: per_fault={'ctx': True, 'english': True, 'preamble': True} all_resolved=True n_resolved=3/3 tokens=(2337,445)
  model=mistral-nemo-12b N=3 arm=direct real_lme_00043_c2ac3c61 seed=0: per_fault={'ctx': True, 'bullets': True, 'concise': True} all_resolved=True n_resolved=3/3 tokens=(2412,104)
  model=mistral-nemo-12b N=3 arm=direct real_lme_00043_c2ac3c61 seed=1: per_fault={'ctx': True, 'bullets': True, 'concise': True} all_resolved=True n_resolved=3/3 tokens=(2412,104)
  model=mistral-nemo-12b N=3 arm=direct real_lme_00043_c2ac3c61 seed=2: per_fault={'ctx': True, 'bullets': True, 'concise': True} all_resolved=True n_resolved=3/3 tokens=(2412,224)
  model=mistral-nemo-12b N=3 arm=direct real_lme_00049_0862e8bf_abs seed=0: per_fault={'ctx': False, 'concise': True, 'english': True} all_resolved=False n_resolved=2/3 tokens=(2569,363)
  model=mistral-nemo-12b N=3 arm=direct real_lme_00049_0862e8bf_abs seed=1: per_fault={'ctx': False, 'concise': True, 'english': True} all_resolved=False n_resolved=2/3 tokens=(2569,363)
  model=mistral-nemo-12b N=3 arm=direct real_lme_00049_0862e8bf_abs seed=2: per_fault={'ctx': False, 'concise': True, 'english': True} all_resolved=False n_resolved=2/3 tokens=(2569,291)
  model=mistral-nemo-12b N=3 arm=direct real_lme_00053_21d02d0d seed=0: per_fault={'ctx': True, 'bullets': True, 'concise': False} all_resolved=False n_resolved=2/3 tokens=(2491,750)
  model=mistral-nemo-12b N=3 arm=direct real_lme_00053_21d02d0d seed=1: per_fault={'ctx': True, 'bullets': True, 'concise': False} all_resolved=False n_resolved=2/3 tokens=(2491,750)
  model=mistral-nemo-12b N=3 arm=direct real_lme_00053_21d02d0d seed=2: per_fault={'ctx': True, 'bullets': True, 'concise': False} all_resolved=False n_resolved=2/3 tokens=(2491,304)
  model=mistral-nemo-12b N=3 arm=direct real_lme_00059_2ebe6c90 seed=0: per_fault={'ctx': False, 'concise': True, 'english': True} all_resolved=False n_resolved=2/3 tokens=(2335,717)
  model=mistral-nemo-12b N=3 arm=direct real_lme_00059_2ebe6c90 seed=1: per_fault={'ctx': False, 'concise': True, 'english': True} all_resolved=False n_resolved=2/3 tokens=(2335,717)
  model=mistral-nemo-12b N=3 arm=direct real_lme_00059_2ebe6c90 seed=2: per_fault={'ctx': False, 'concise': True, 'english': True} all_resolved=False n_resolved=2/3 tokens=(2335,535)
  model=mistral-nemo-12b N=3 arm=direct real_lme_00069_gpt4_31ff4165 seed=0: per_fault={'ctx': False, 'bullets': True, 'concise': False} all_resolved=False n_resolved=1/3 tokens=(2585,652)
  model=mistral-nemo-12b N=3 arm=direct real_lme_00069_gpt4_31ff4165 seed=1: per_fault={'ctx': False, 'bullets': True, 'concise': False} all_resolved=False n_resolved=1/3 tokens=(2585,652)
  model=mistral-nemo-12b N=3 arm=direct real_lme_00069_gpt4_31ff4165 seed=2: per_fault={'ctx': False, 'bullets': True, 'concise': False} all_resolved=False n_resolved=1/3 tokens=(2585,833)
  model=mistral-nemo-12b N=3 arm=direct real_lme_00076_f4f1d8a4_abs seed=0: per_fault={'ctx': True, 'bullets': True, 'preamble': True} all_resolved=True n_resolved=3/3 tokens=(2733,271)
  model=mistral-nemo-12b N=3 arm=direct real_lme_00076_f4f1d8a4_abs seed=1: per_fault={'ctx': True, 'bullets': True, 'preamble': True} all_resolved=True n_resolved=3/3 tokens=(2733,271)
  model=mistral-nemo-12b N=3 arm=direct real_lme_00076_f4f1d8a4_abs seed=2: per_fault={'ctx': True, 'bullets': True, 'preamble': True} all_resolved=True n_resolved=3/3 tokens=(2733,161)
  model=mistral-nemo-12b N=3 arm=direct real_lme_00081_afdc33df seed=0: per_fault={'ctx': False, 'concise': False, 'english': True} all_resolved=False n_resolved=1/3 tokens=(2875,1020)
  model=mistral-nemo-12b N=3 arm=direct real_lme_00081_afdc33df seed=1: per_fault={'ctx': False, 'concise': False, 'english': True} all_resolved=False n_resolved=1/3 tokens=(2875,1020)
  model=mistral-nemo-12b N=3 arm=direct real_lme_00081_afdc33df seed=2: per_fault={'ctx': False, 'concise': True, 'english': True} all_resolved=False n_resolved=2/3 tokens=(2875,426)
  model=mistral-nemo-12b N=3 arm=direct real_lme_00085_a11281a2 seed=0: per_fault={'ctx': True, 'concise': True, 'preamble': True} all_resolved=True n_resolved=3/3 tokens=(2200,461)
  model=mistral-nemo-12b N=3 arm=direct real_lme_00085_a11281a2 seed=1: per_fault={'ctx': True, 'concise': True, 'preamble': True} all_resolved=True n_resolved=3/3 tokens=(2200,461)
  model=mistral-nemo-12b N=3 arm=direct real_lme_00085_a11281a2 seed=2: per_fault={'ctx': False, 'concise': False, 'preamble': True} all_resolved=False n_resolved=1/3 tokens=(2200,491)
  model=mistral-nemo-12b N=3 arm=direct real_lme_00086_af082822 seed=0: per_fault={'ctx': False, 'concise': True, 'english': True} all_resolved=False n_resolved=2/3 tokens=(2354,391)
  model=mistral-nemo-12b N=3 arm=direct real_lme_00086_af082822 seed=1: per_fault={'ctx': False, 'concise': True, 'english': True} all_resolved=False n_resolved=2/3 tokens=(2354,391)
  model=mistral-nemo-12b N=3 arm=direct real_lme_00086_af082822 seed=2: per_fault={'ctx': False, 'concise': True, 'english': True} all_resolved=False n_resolved=2/3 tokens=(2354,327)
  model=mistral-nemo-12b N=3 arm=direct real_lme_00087_3b6f954b seed=0: per_fault={'ctx': True, 'concise': True, 'preamble': True} all_resolved=True n_resolved=3/3 tokens=(2383,368)
  model=mistral-nemo-12b N=3 arm=direct real_lme_00087_3b6f954b seed=1: per_fault={'ctx': True, 'concise': True, 'preamble': True} all_resolved=True n_resolved=3/3 tokens=(2383,368)
  model=mistral-nemo-12b N=3 arm=direct real_lme_00087_3b6f954b seed=2: per_fault={'ctx': True, 'concise': True, 'preamble': True} all_resolved=True n_resolved=3/3 tokens=(2383,255)
  model=mistral-nemo-12b N=3 arm=direct real_lme_00093_545bd2b5 seed=0: per_fault={'ctx': True, 'bullets': True, 'concise': True} all_resolved=True n_resolved=3/3 tokens=(2399,303)
  model=mistral-nemo-12b N=3 arm=direct real_lme_00093_545bd2b5 seed=1: per_fault={'ctx': True, 'bullets': True, 'concise': True} all_resolved=True n_resolved=3/3 tokens=(2399,303)
  model=mistral-nemo-12b N=3 arm=direct real_lme_00093_545bd2b5 seed=2: per_fault={'ctx': True, 'bullets': True, 'concise': True} all_resolved=True n_resolved=3/3 tokens=(2399,268)
  model=mistral-nemo-12b N=3 arm=direct real_lme_00110_gpt4_1a1dc16d seed=0: per_fault={'ctx': True, 'concise': True, 'preamble': True} all_resolved=True n_resolved=3/3 tokens=(2460,403)
  model=mistral-nemo-12b N=3 arm=direct real_lme_00110_gpt4_1a1dc16d seed=1: per_fault={'ctx': True, 'concise': True, 'preamble': True} all_resolved=True n_resolved=3/3 tokens=(2460,403)
  model=mistral-nemo-12b N=3 arm=direct real_lme_00110_gpt4_1a1dc16d seed=2: per_fault={'ctx': True, 'concise': True, 'preamble': True} all_resolved=True n_resolved=3/3 tokens=(2460,276)
  model=mistral-nemo-12b N=3 arm=direct real_lme_00119_c6853660 seed=0: per_fault={'ctx': True, 'bullets': True, 'preamble': True} all_resolved=True n_resolved=3/3 tokens=(2484,137)
  model=mistral-nemo-12b N=3 arm=direct real_lme_00119_c6853660 seed=1: per_fault={'ctx': True, 'bullets': True, 'preamble': True} all_resolved=True n_resolved=3/3 tokens=(2484,137)
  model=mistral-nemo-12b N=3 arm=direct real_lme_00119_c6853660 seed=2: per_fault={'ctx': True, 'bullets': True, 'preamble': True} all_resolved=True n_resolved=3/3 tokens=(2484,118)
  model=mistral-nemo-12b N=3 arm=direct real_lme_00120_42ec0761 seed=0: per_fault={'ctx': True, 'bullets': True, 'concise': True} all_resolved=True n_resolved=3/3 tokens=(2515,330)
  model=mistral-nemo-12b N=3 arm=direct real_lme_00120_42ec0761 seed=1: per_fault={'ctx': True, 'bullets': True, 'concise': True} all_resolved=True n_resolved=3/3 tokens=(2515,330)
  model=mistral-nemo-12b N=3 arm=direct real_lme_00120_42ec0761 seed=2: per_fault={'ctx': True, 'bullets': True, 'concise': True} all_resolved=True n_resolved=3/3 tokens=(2515,299)
  model=mistral-nemo-12b N=3 arm=direct real_lme_00122_0a34ad58 seed=0: per_fault={'ctx': False, 'bullets': True, 'preamble': True} all_resolved=False n_resolved=2/3 tokens=(2696,463)
  model=mistral-nemo-12b N=3 arm=direct real_lme_00122_0a34ad58 seed=1: per_fault={'ctx': False, 'bullets': True, 'preamble': True} all_resolved=False n_resolved=2/3 tokens=(2696,463)
  model=mistral-nemo-12b N=3 arm=direct real_lme_00122_0a34ad58 seed=2: per_fault={'ctx': False, 'bullets': True, 'preamble': True} all_resolved=False n_resolved=2/3 tokens=(2696,401)
  model=mistral-nemo-12b N=3 arm=direct real_lme_00123_ceb54acb seed=0: per_fault={'ctx': False, 'english': True, 'preamble': True} all_resolved=False n_resolved=2/3 tokens=(1850,208)
  model=mistral-nemo-12b N=3 arm=direct real_lme_00123_ceb54acb seed=1: per_fault={'ctx': False, 'english': True, 'preamble': True} all_resolved=False n_resolved=2/3 tokens=(1850,208)
  model=mistral-nemo-12b N=3 arm=direct real_lme_00123_ceb54acb seed=2: per_fault={'ctx': False, 'english': True, 'preamble': True} all_resolved=False n_resolved=2/3 tokens=(1850,204)
  model=mistral-nemo-12b N=3 arm=direct real_lme_00133_71a3fd6b seed=0: per_fault={'ctx': True, 'bullets': True, 'concise': True} all_resolved=True n_resolved=3/3 tokens=(1830,276)
  model=mistral-nemo-12b N=3 arm=direct real_lme_00133_71a3fd6b seed=1: per_fault={'ctx': True, 'bullets': True, 'concise': True} all_resolved=True n_resolved=3/3 tokens=(1830,276)
  model=mistral-nemo-12b N=3 arm=direct real_lme_00133_71a3fd6b seed=2: per_fault={'ctx': True, 'bullets': True, 'concise': True} all_resolved=True n_resolved=3/3 tokens=(1830,206)
  model=mistral-nemo-12b N=3 arm=direct real_lme_00135_129d1232 seed=0: per_fault={'ctx': True, 'concise': True, 'english': True} all_resolved=True n_resolved=3/3 tokens=(2484,346)
  model=mistral-nemo-12b N=3 arm=direct real_lme_00135_129d1232 seed=1: per_fault={'ctx': True, 'concise': True, 'english': True} all_resolved=True n_resolved=3/3 tokens=(2484,346)
  model=mistral-nemo-12b N=3 arm=direct real_lme_00135_129d1232 seed=2: per_fault={'ctx': True, 'concise': True, 'english': True} all_resolved=True n_resolved=3/3 tokens=(2484,361)
  model=mistral-nemo-12b N=3 arm=direct real_lme_00144_7a87bd0c seed=0: per_fault={'ctx': True, 'bullets': True, 'preamble': True} all_resolved=True n_resolved=3/3 tokens=(2559,200)
  model=mistral-nemo-12b N=3 arm=direct real_lme_00144_7a87bd0c seed=1: per_fault={'ctx': True, 'bullets': True, 'preamble': True} all_resolved=True n_resolved=3/3 tokens=(2559,200)
  model=mistral-nemo-12b N=3 arm=direct real_lme_00144_7a87bd0c seed=2: per_fault={'ctx': True, 'bullets': True, 'preamble': True} all_resolved=True n_resolved=3/3 tokens=(2559,149)
  model=mistral-nemo-12b N=3 arm=direct real_lme_00156_e831120c seed=0: per_fault={'ctx': True, 'concise': False, 'preamble': True} all_resolved=False n_resolved=2/3 tokens=(2811,387)
  model=mistral-nemo-12b N=3 arm=direct real_lme_00156_e831120c seed=1: per_fault={'ctx': True, 'concise': False, 'preamble': True} all_resolved=False n_resolved=2/3 tokens=(2811,387)
  model=mistral-nemo-12b N=3 arm=direct real_lme_00156_e831120c seed=2: per_fault={'ctx': False, 'concise': False, 'preamble': True} all_resolved=False n_resolved=1/3 tokens=(2811,334)
  model=mistral-nemo-12b N=3 arm=direct real_lme_00168_gpt4_68e94287 seed=0: per_fault={'ctx': True, 'bullets': True, 'concise': True} all_resolved=True n_resolved=3/3 tokens=(2853,269)
  model=mistral-nemo-12b N=3 arm=direct real_lme_00168_gpt4_68e94287 seed=1: per_fault={'ctx': True, 'bullets': True, 'concise': True} all_resolved=True n_resolved=3/3 tokens=(2853,269)
  model=mistral-nemo-12b N=3 arm=direct real_lme_00168_gpt4_68e94287 seed=2: per_fault={'ctx': True, 'bullets': True, 'concise': True} all_resolved=True n_resolved=3/3 tokens=(2853,335)
  model=mistral-nemo-12b N=3 arm=direct real_lme_00183_8464fc84 seed=0: per_fault={'ctx': True, 'concise': True, 'preamble': True} all_resolved=True n_resolved=3/3 tokens=(2479,347)
  model=mistral-nemo-12b N=3 arm=direct real_lme_00183_8464fc84 seed=1: per_fault={'ctx': True, 'concise': True, 'preamble': True} all_resolved=True n_resolved=3/3 tokens=(2479,347)
  model=mistral-nemo-12b N=3 arm=direct real_lme_00183_8464fc84 seed=2: per_fault={'ctx': True, 'concise': True, 'preamble': True} all_resolved=True n_resolved=3/3 tokens=(2479,297)
  model=mistral-nemo-12b N=3 arm=direct real_lme_00184_45dc21b6 seed=0: per_fault={'ctx': True, 'concise': True, 'preamble': True} all_resolved=True n_resolved=3/3 tokens=(2400,362)
  model=mistral-nemo-12b N=3 arm=direct real_lme_00184_45dc21b6 seed=1: per_fault={'ctx': True, 'concise': True, 'preamble': True} all_resolved=True n_resolved=3/3 tokens=(2400,362)
  model=mistral-nemo-12b N=3 arm=direct real_lme_00184_45dc21b6 seed=2: per_fault={'ctx': True, 'concise': True, 'preamble': True} all_resolved=True n_resolved=3/3 tokens=(2400,351)
  model=mistral-nemo-12b N=3 arm=direct real_lme_00191_993da5e2 seed=0: per_fault={'ctx': False, 'english': True, 'preamble': True} all_resolved=False n_resolved=2/3 tokens=(2635,355)
  model=mistral-nemo-12b N=3 arm=direct real_lme_00191_993da5e2 seed=1: per_fault={'ctx': False, 'english': True, 'preamble': True} all_resolved=False n_resolved=2/3 tokens=(2635,355)
  model=mistral-nemo-12b N=3 arm=direct real_lme_00191_993da5e2 seed=2: per_fault={'ctx': False, 'english': True, 'preamble': True} all_resolved=False n_resolved=2/3 tokens=(2635,140)
  model=mistral-nemo-12b N=3 arm=direct real_lme_00195_gpt4_1d80365e seed=0: per_fault={'ctx': False, 'concise': False, 'preamble': True} all_resolved=False n_resolved=1/3 tokens=(2475,362)
  model=mistral-nemo-12b N=3 arm=direct real_lme_00195_gpt4_1d80365e seed=1: per_fault={'ctx': False, 'concise': False, 'preamble': True} all_resolved=False n_resolved=1/3 tokens=(2475,362)
  model=mistral-nemo-12b N=3 arm=direct real_lme_00195_gpt4_1d80365e seed=2: per_fault={'ctx': False, 'concise': False, 'preamble': True} all_resolved=False n_resolved=1/3 tokens=(2475,513)
  model=mistral-nemo-12b N=3 arm=direct real_lme_00197_gpt4_213fd887 seed=0: per_fault={'ctx': True, 'concise': True, 'preamble': True} all_resolved=True n_resolved=3/3 tokens=(2591,309)
  model=mistral-nemo-12b N=3 arm=direct real_lme_00197_gpt4_213fd887 seed=1: per_fault={'ctx': True, 'concise': True, 'preamble': True} all_resolved=True n_resolved=3/3 tokens=(2591,309)
  model=mistral-nemo-12b N=3 arm=direct real_lme_00197_gpt4_213fd887 seed=2: per_fault={'ctx': True, 'concise': True, 'preamble': True} all_resolved=True n_resolved=3/3 tokens=(2591,313)
  model=mistral-nemo-12b N=3 arm=direct real_lme_00198_gpt4_d6585ce8 seed=0: per_fault={'ctx': True, 'concise': False, 'preamble': True} all_resolved=False n_resolved=2/3 tokens=(2871,416)
  model=mistral-nemo-12b N=3 arm=direct real_lme_00198_gpt4_d6585ce8 seed=1: per_fault={'ctx': True, 'concise': False, 'preamble': True} all_resolved=False n_resolved=2/3 tokens=(2871,416)
  model=mistral-nemo-12b N=3 arm=direct real_lme_00198_gpt4_d6585ce8 seed=2: per_fault={'ctx': False, 'concise': False, 'preamble': True} all_resolved=False n_resolved=1/3 tokens=(2871,267)
  model=mistral-nemo-12b N=3 arm=direct real_lme_00209_7e974930 seed=0: per_fault={'ctx': True, 'concise': True, 'english': True} all_resolved=True n_resolved=3/3 tokens=(2555,400)
  model=mistral-nemo-12b N=3 arm=direct real_lme_00209_7e974930 seed=1: per_fault={'ctx': True, 'concise': True, 'english': True} all_resolved=True n_resolved=3/3 tokens=(2555,400)
  model=mistral-nemo-12b N=3 arm=direct real_lme_00209_7e974930 seed=2: per_fault={'ctx': False, 'concise': True, 'english': True} all_resolved=False n_resolved=2/3 tokens=(2555,351)
  model=mistral-nemo-12b N=3 arm=direct real_lme_00212_e01b8e2f seed=0: per_fault={'ctx': True, 'concise': True, 'preamble': True} all_resolved=True n_resolved=3/3 tokens=(2435,212)
  model=mistral-nemo-12b N=3 arm=direct real_lme_00212_e01b8e2f seed=1: per_fault={'ctx': True, 'concise': True, 'preamble': True} all_resolved=True n_resolved=3/3 tokens=(2435,212)
  model=mistral-nemo-12b N=3 arm=direct real_lme_00212_e01b8e2f seed=2: per_fault={'ctx': True, 'concise': True, 'preamble': True} all_resolved=True n_resolved=3/3 tokens=(2435,259)
  model=mistral-nemo-12b N=3 arm=direct real_lme_00216_2698e78f_abs seed=0: per_fault={'ctx': False, 'bullets': True, 'concise': False} all_resolved=False n_resolved=1/3 tokens=(2320,175)
  model=mistral-nemo-12b N=3 arm=direct real_lme_00216_2698e78f_abs seed=1: per_fault={'ctx': False, 'bullets': True, 'concise': False} all_resolved=False n_resolved=1/3 tokens=(2320,175)
  model=mistral-nemo-12b N=3 arm=direct real_lme_00216_2698e78f_abs seed=2: per_fault={'ctx': False, 'bullets': True, 'concise': False} all_resolved=False n_resolved=1/3 tokens=(2320,177)
  model=mistral-nemo-12b N=3 arm=direct real_lme_00220_gpt4_2312f94c seed=0: per_fault={'ctx': True, 'bullets': True, 'concise': True} all_resolved=True n_resolved=3/3 tokens=(2625,258)
  model=mistral-nemo-12b N=3 arm=direct real_lme_00220_gpt4_2312f94c seed=1: per_fault={'ctx': True, 'bullets': True, 'concise': True} all_resolved=True n_resolved=3/3 tokens=(2625,258)
  model=mistral-nemo-12b N=3 arm=direct real_lme_00220_gpt4_2312f94c seed=2: per_fault={'ctx': True, 'bullets': True, 'concise': True} all_resolved=True n_resolved=3/3 tokens=(2625,355)
  model=mistral-nemo-12b N=3 arm=direct real_lme_00222_3f1e9474 seed=0: per_fault={'ctx': True, 'concise': True, 'preamble': True} all_resolved=True n_resolved=3/3 tokens=(2428,189)
  model=mistral-nemo-12b N=3 arm=direct real_lme_00222_3f1e9474 seed=1: per_fault={'ctx': True, 'concise': True, 'preamble': True} all_resolved=True n_resolved=3/3 tokens=(2428,189)
  model=mistral-nemo-12b N=3 arm=direct real_lme_00222_3f1e9474 seed=2: per_fault={'ctx': True, 'concise': True, 'preamble': True} all_resolved=True n_resolved=3/3 tokens=(2428,244)
  model=mistral-nemo-12b N=3 arm=direct real_lme_00224_dccbc061 seed=0: per_fault={'ctx': True, 'bullets': True, 'concise': True} all_resolved=True n_resolved=3/3 tokens=(2218,108)
  model=mistral-nemo-12b N=3 arm=direct real_lme_00224_dccbc061 seed=1: per_fault={'ctx': True, 'bullets': True, 'concise': True} all_resolved=True n_resolved=3/3 tokens=(2218,108)
  model=mistral-nemo-12b N=3 arm=direct real_lme_00224_dccbc061 seed=2: per_fault={'ctx': True, 'bullets': True, 'concise': True} all_resolved=True n_resolved=3/3 tokens=(2217,77)
  model=mistral-nemo-12b N=3 arm=direct real_lme_00226_b759caee seed=0: per_fault={'ctx': True, 'bullets': True, 'concise': True} all_resolved=True n_resolved=3/3 tokens=(2081,279)
  model=mistral-nemo-12b N=3 arm=direct real_lme_00226_b759caee seed=1: per_fault={'ctx': True, 'bullets': True, 'concise': True} all_resolved=True n_resolved=3/3 tokens=(2081,279)
  model=mistral-nemo-12b N=3 arm=direct real_lme_00226_b759caee seed=2: per_fault={'ctx': True, 'bullets': True, 'concise': True} all_resolved=True n_resolved=3/3 tokens=(2081,280)
  model=mistral-nemo-12b N=3 arm=direct real_lme_00227_8aef76bc seed=0: per_fault={'ctx': True, 'bullets': True, 'preamble': True} all_resolved=True n_resolved=3/3 tokens=(2137,300)
  model=mistral-nemo-12b N=3 arm=direct real_lme_00227_8aef76bc seed=1: per_fault={'ctx': True, 'bullets': True, 'preamble': True} all_resolved=True n_resolved=3/3 tokens=(2137,300)
  model=mistral-nemo-12b N=3 arm=direct real_lme_00227_8aef76bc seed=2: per_fault={'ctx': True, 'bullets': True, 'preamble': True} all_resolved=True n_resolved=3/3 tokens=(2137,356)
  model=mistral-nemo-12b N=3 arm=direct real_lme_00232_gpt4_59c863d7 seed=0: per_fault={'ctx': False, 'concise': False, 'english': True} all_resolved=False n_resolved=1/3 tokens=(2915,505)
  model=mistral-nemo-12b N=3 arm=direct real_lme_00232_gpt4_59c863d7 seed=1: per_fault={'ctx': False, 'concise': False, 'english': True} all_resolved=False n_resolved=1/3 tokens=(2915,505)
  model=mistral-nemo-12b N=3 arm=direct real_lme_00232_gpt4_59c863d7 seed=2: per_fault={'ctx': False, 'concise': False, 'english': True} all_resolved=False n_resolved=1/3 tokens=(2915,344)
  model=mistral-nemo-12b N=3 arm=direct real_lme_00240_09ba9854 seed=0: per_fault={'ctx': False, 'concise': True, 'preamble': True} all_resolved=False n_resolved=2/3 tokens=(2662,664)
  model=mistral-nemo-12b N=3 arm=direct real_lme_00240_09ba9854 seed=1: per_fault={'ctx': False, 'concise': True, 'preamble': True} all_resolved=False n_resolved=2/3 tokens=(2662,664)
  model=mistral-nemo-12b N=3 arm=direct real_lme_00240_09ba9854 seed=2: per_fault={'ctx': False, 'concise': False, 'preamble': True} all_resolved=False n_resolved=1/3 tokens=(2662,602)
  model=mistral-nemo-12b N=3 arm=direct real_lme_00247_1d4da289 seed=0: per_fault={'ctx': True, 'bullets': True, 'concise': True} all_resolved=True n_resolved=3/3 tokens=(2300,344)
  model=mistral-nemo-12b N=3 arm=direct real_lme_00247_1d4da289 seed=1: per_fault={'ctx': True, 'bullets': True, 'concise': True} all_resolved=True n_resolved=3/3 tokens=(2300,344)
  model=mistral-nemo-12b N=3 arm=direct real_lme_00247_1d4da289 seed=2: per_fault={'ctx': True, 'bullets': True, 'concise': True} all_resolved=True n_resolved=3/3 tokens=(2300,355)
  model=mistral-nemo-12b N=3 arm=direct real_lme_00254_ba358f49 seed=0: per_fault={'ctx': True, 'bullets': True, 'concise': True} all_resolved=True n_resolved=3/3 tokens=(2277,353)
  model=mistral-nemo-12b N=3 arm=direct real_lme_00254_ba358f49 seed=1: per_fault={'ctx': True, 'bullets': True, 'concise': True} all_resolved=True n_resolved=3/3 tokens=(2277,353)
  model=mistral-nemo-12b N=3 arm=direct real_lme_00254_ba358f49 seed=2: per_fault={'ctx': True, 'bullets': True, 'concise': True} all_resolved=True n_resolved=3/3 tokens=(2277,338)
  model=mistral-nemo-12b N=3 arm=direct real_lme_00257_10e09553 seed=0: per_fault={'ctx': True, 'concise': True, 'preamble': True} all_resolved=True n_resolved=3/3 tokens=(2528,344)
  model=mistral-nemo-12b N=3 arm=direct real_lme_00257_10e09553 seed=1: per_fault={'ctx': True, 'concise': True, 'preamble': True} all_resolved=True n_resolved=3/3 tokens=(2528,344)
  model=mistral-nemo-12b N=3 arm=direct real_lme_00257_10e09553 seed=2: per_fault={'ctx': True, 'concise': True, 'preamble': True} all_resolved=True n_resolved=3/3 tokens=(2528,353)
  model=mistral-nemo-12b N=3 arm=direct real_lme_00258_gpt4_93159ced_abs seed=0: per_fault={'ctx': False, 'english': True, 'preamble': True} all_resolved=False n_resolved=2/3 tokens=(2474,466)
  model=mistral-nemo-12b N=3 arm=direct real_lme_00258_gpt4_93159ced_abs seed=1: per_fault={'ctx': False, 'english': True, 'preamble': True} all_resolved=False n_resolved=2/3 tokens=(2474,466)
  model=mistral-nemo-12b N=3 arm=direct real_lme_00258_gpt4_93159ced_abs seed=2: per_fault={'ctx': False, 'english': True, 'preamble': True} all_resolved=False n_resolved=2/3 tokens=(2474,200)
  model=mistral-nemo-12b N=3 arm=direct real_lme_00263_2698e78f seed=0: per_fault={'ctx': False, 'bullets': True, 'concise': False} all_resolved=False n_resolved=1/3 tokens=(2460,134)
  model=mistral-nemo-12b N=3 arm=direct real_lme_00263_2698e78f seed=1: per_fault={'ctx': False, 'bullets': True, 'concise': False} all_resolved=False n_resolved=1/3 tokens=(2460,134)
  model=mistral-nemo-12b N=3 arm=direct real_lme_00263_2698e78f seed=2: per_fault={'ctx': False, 'bullets': True, 'concise': False} all_resolved=False n_resolved=1/3 tokens=(2460,199)
  model=mistral-nemo-12b N=3 arm=direct real_lme_00264_7161e7e2 seed=0: per_fault={'ctx': False, 'english': True, 'preamble': True} all_resolved=False n_resolved=2/3 tokens=(2846,388)
  model=mistral-nemo-12b N=3 arm=direct real_lme_00264_7161e7e2 seed=1: per_fault={'ctx': False, 'english': True, 'preamble': True} all_resolved=False n_resolved=2/3 tokens=(2846,388)
  model=mistral-nemo-12b N=3 arm=direct real_lme_00264_7161e7e2 seed=2: per_fault={'ctx': True, 'english': True, 'preamble': True} all_resolved=True n_resolved=3/3 tokens=(2846,367)
  model=mistral-nemo-12b N=3 arm=direct real_lme_00267_8550ddae seed=0: per_fault={'ctx': True, 'concise': True, 'english': True} all_resolved=True n_resolved=3/3 tokens=(2410,214)
  model=mistral-nemo-12b N=3 arm=direct real_lme_00267_8550ddae seed=1: per_fault={'ctx': True, 'concise': True, 'english': True} all_resolved=True n_resolved=3/3 tokens=(2410,214)
  model=mistral-nemo-12b N=3 arm=direct real_lme_00267_8550ddae seed=2: per_fault={'ctx': False, 'concise': False, 'english': True} all_resolved=False n_resolved=1/3 tokens=(2410,404)
  model=mistral-nemo-12b N=3 arm=direct real_lme_00279_6222b6eb seed=0: per_fault={'ctx': True, 'concise': True, 'english': True} all_resolved=True n_resolved=3/3 tokens=(2466,462)
  model=mistral-nemo-12b N=3 arm=direct real_lme_00279_6222b6eb seed=1: per_fault={'ctx': True, 'concise': True, 'english': True} all_resolved=True n_resolved=3/3 tokens=(2466,462)
  model=mistral-nemo-12b N=3 arm=direct real_lme_00279_6222b6eb seed=2: per_fault={'ctx': True, 'concise': True, 'english': True} all_resolved=True n_resolved=3/3 tokens=(2466,572)
  model=mistral-nemo-12b N=3 arm=direct real_lme_00285_a96c20ee_abs seed=0: per_fault={'ctx': False, 'concise': True, 'preamble': True} all_resolved=False n_resolved=2/3 tokens=(2218,342)
  model=mistral-nemo-12b N=3 arm=direct real_lme_00285_a96c20ee_abs seed=1: per_fault={'ctx': False, 'concise': True, 'preamble': True} all_resolved=False n_resolved=2/3 tokens=(2218,342)
  model=mistral-nemo-12b N=3 arm=direct real_lme_00285_a96c20ee_abs seed=2: per_fault={'ctx': False, 'concise': True, 'preamble': True} all_resolved=False n_resolved=2/3 tokens=(2218,338)
  model=mistral-nemo-12b N=3 arm=direct real_lme_00288_c8090214_abs seed=0: per_fault={'ctx': False, 'concise': True, 'english': True} all_resolved=False n_resolved=2/3 tokens=(2615,267)
  model=mistral-nemo-12b N=3 arm=direct real_lme_00288_c8090214_abs seed=1: per_fault={'ctx': False, 'concise': True, 'english': True} all_resolved=False n_resolved=2/3 tokens=(2615,267)
  model=mistral-nemo-12b N=3 arm=direct real_lme_00288_c8090214_abs seed=2: per_fault={'ctx': False, 'concise': True, 'english': True} all_resolved=False n_resolved=2/3 tokens=(2615,309)
  model=mistral-nemo-12b N=3 arm=direct real_lme_00293_27016adc seed=0: per_fault={'ctx': True, 'bullets': True, 'concise': True} all_resolved=True n_resolved=3/3 tokens=(2419,302)
  model=mistral-nemo-12b N=3 arm=direct real_lme_00293_27016adc seed=1: per_fault={'ctx': True, 'bullets': True, 'concise': True} all_resolved=True n_resolved=3/3 tokens=(2419,302)
  model=mistral-nemo-12b N=3 arm=direct real_lme_00293_27016adc seed=2: per_fault={'ctx': False, 'bullets': True, 'concise': False} all_resolved=False n_resolved=1/3 tokens=(2420,425)
  model=mistral-nemo-12b N=3 arm=direct real_lme_00300_c9f37c46 seed=0: per_fault={'ctx': False, 'english': True, 'preamble': True} all_resolved=False n_resolved=2/3 tokens=(2325,336)
  model=mistral-nemo-12b N=3 arm=direct real_lme_00300_c9f37c46 seed=1: per_fault={'ctx': False, 'english': True, 'preamble': True} all_resolved=False n_resolved=2/3 tokens=(2325,336)
  model=mistral-nemo-12b N=3 arm=direct real_lme_00300_c9f37c46 seed=2: per_fault={'ctx': False, 'english': True, 'preamble': True} all_resolved=False n_resolved=2/3 tokens=(2325,272)
  model=mistral-nemo-12b N=3 arm=direct real_lme_00306_gpt4_2f56ae70 seed=0: per_fault={'ctx': True, 'concise': True, 'preamble': True} all_resolved=True n_resolved=3/3 tokens=(2253,160)
  model=mistral-nemo-12b N=3 arm=direct real_lme_00306_gpt4_2f56ae70 seed=1: per_fault={'ctx': True, 'concise': True, 'preamble': True} all_resolved=True n_resolved=3/3 tokens=(2253,160)
  model=mistral-nemo-12b N=3 arm=direct real_lme_00306_gpt4_2f56ae70 seed=2: per_fault={'ctx': True, 'concise': True, 'preamble': True} all_resolved=True n_resolved=3/3 tokens=(2253,163)
  model=mistral-nemo-12b N=3 arm=direct real_lme_00308_gpt4_4929293a seed=0: per_fault={'ctx': True, 'bullets': True, 'concise': True} all_resolved=True n_resolved=3/3 tokens=(2378,462)
  model=mistral-nemo-12b N=3 arm=direct real_lme_00308_gpt4_4929293a seed=1: per_fault={'ctx': True, 'bullets': True, 'concise': True} all_resolved=True n_resolved=3/3 tokens=(2378,462)
  model=mistral-nemo-12b N=3 arm=direct real_lme_00308_gpt4_4929293a seed=2: per_fault={'ctx': True, 'bullets': True, 'concise': True} all_resolved=True n_resolved=3/3 tokens=(2378,330)
  model=mistral-nemo-12b N=3 arm=direct real_lme_00312_a3332713 seed=0: per_fault={'ctx': False, 'concise': True, 'english': True} all_resolved=False n_resolved=2/3 tokens=(2542,91)
  model=mistral-nemo-12b N=3 arm=direct real_lme_00312_a3332713 seed=1: per_fault={'ctx': False, 'concise': True, 'english': True} all_resolved=False n_resolved=2/3 tokens=(2542,91)
  model=mistral-nemo-12b N=3 arm=direct real_lme_00312_a3332713 seed=2: per_fault={'ctx': False, 'concise': True, 'english': True} all_resolved=False n_resolved=2/3 tokens=(2542,104)
  model=mistral-nemo-12b N=3 arm=direct real_lme_00322_0a34ad58 seed=0: per_fault={'ctx': False, 'concise': True, 'english': True} all_resolved=False n_resolved=2/3 tokens=(2868,275)
  model=mistral-nemo-12b N=3 arm=direct real_lme_00322_0a34ad58 seed=1: per_fault={'ctx': False, 'concise': True, 'english': True} all_resolved=False n_resolved=2/3 tokens=(2868,275)
  model=mistral-nemo-12b N=3 arm=direct real_lme_00322_0a34ad58 seed=2: per_fault={'ctx': False, 'concise': False, 'english': True} all_resolved=False n_resolved=1/3 tokens=(2868,666)
  model=mistral-nemo-12b N=3 arm=direct real_lme_00328_57f827a0 seed=0: per_fault={'ctx': False, 'concise': False, 'preamble': True} all_resolved=False n_resolved=1/3 tokens=(2733,546)
  model=mistral-nemo-12b N=3 arm=direct real_lme_00328_57f827a0 seed=1: per_fault={'ctx': False, 'concise': False, 'preamble': True} all_resolved=False n_resolved=1/3 tokens=(2733,546)
  model=mistral-nemo-12b N=3 arm=direct real_lme_00328_57f827a0 seed=2: per_fault={'ctx': False, 'concise': False, 'preamble': True} all_resolved=False n_resolved=1/3 tokens=(2733,574)
--- [mistral-nemo-12b][direct] N=3: rows written=180 errors=0 tokens_in=446758 tokens_out=62885 ---
  model=mistral-nemo-12b N=3 arm=self_refine real_lme_00001_603deb26 seed=0: per_fault={'ctx': True, 'concise': True, 'english': True} all_resolved=True n_resolved=3/3 tokens=(5734,1019)
  model=mistral-nemo-12b N=3 arm=self_refine real_lme_00001_603deb26 seed=1: per_fault={'ctx': True, 'concise': True, 'english': True} all_resolved=True n_resolved=3/3 tokens=(5734,1019)
  model=mistral-nemo-12b N=3 arm=self_refine real_lme_00001_603deb26 seed=2: per_fault={'ctx': True, 'concise': True, 'english': True} all_resolved=True n_resolved=3/3 tokens=(5640,923)
  model=mistral-nemo-12b N=3 arm=self_refine real_lme_00007_5025383b seed=0: per_fault={'ctx': True, 'bullets': True, 'preamble': True} all_resolved=True n_resolved=3/3 tokens=(4974,995)
  model=mistral-nemo-12b N=3 arm=self_refine real_lme_00007_5025383b seed=1: per_fault={'ctx': True, 'bullets': True, 'preamble': True} all_resolved=True n_resolved=3/3 tokens=(4974,995)
  model=mistral-nemo-12b N=3 arm=self_refine real_lme_00007_5025383b seed=2: per_fault={'ctx': True, 'bullets': True, 'preamble': True} all_resolved=True n_resolved=3/3 tokens=(4879,823)
  model=mistral-nemo-12b N=3 arm=self_refine real_lme_00010_0a34ad58 seed=0: per_fault={'ctx': False, 'concise': False, 'preamble': True} all_resolved=False n_resolved=1/3 tokens=(6591,1648)
  model=mistral-nemo-12b N=3 arm=self_refine real_lme_00010_0a34ad58 seed=1: per_fault={'ctx': False, 'concise': False, 'preamble': True} all_resolved=False n_resolved=1/3 tokens=(6591,1648)
  model=mistral-nemo-12b N=3 arm=self_refine real_lme_00010_0a34ad58 seed=2: per_fault={'ctx': False, 'concise': False, 'preamble': True} all_resolved=False n_resolved=1/3 tokens=(6382,1198)
  model=mistral-nemo-12b N=3 arm=self_refine real_lme_00016_f8c5f88b seed=0: per_fault={'ctx': True, 'bullets': True, 'concise': True} all_resolved=True n_resolved=3/3 tokens=(5053,266)
  model=mistral-nemo-12b N=3 arm=self_refine real_lme_00016_f8c5f88b seed=1: per_fault={'ctx': True, 'bullets': True, 'concise': True} all_resolved=True n_resolved=3/3 tokens=(5053,266)
  model=mistral-nemo-12b N=3 arm=self_refine real_lme_00016_f8c5f88b seed=2: per_fault={'ctx': True, 'bullets': True, 'concise': True} all_resolved=True n_resolved=3/3 tokens=(5053,267)
  model=mistral-nemo-12b N=3 arm=self_refine real_lme_00018_gpt4_d31cdae3 seed=0: per_fault={'ctx': False, 'concise': True, 'english': True} all_resolved=False n_resolved=2/3 tokens=(5643,1237)
  model=mistral-nemo-12b N=3 arm=self_refine real_lme_00018_gpt4_d31cdae3 seed=1: per_fault={'ctx': False, 'concise': True, 'english': True} all_resolved=False n_resolved=2/3 tokens=(5643,1237)
  model=mistral-nemo-12b N=3 arm=self_refine real_lme_00018_gpt4_d31cdae3 seed=2: per_fault={'ctx': False, 'concise': True, 'english': True} all_resolved=False n_resolved=2/3 tokens=(5667,1200)
  model=mistral-nemo-12b N=3 arm=self_refine real_lme_00032_22d2cb42 seed=0: per_fault={'ctx': False, 'english': True, 'preamble': True} all_resolved=False n_resolved=2/3 tokens=(5071,854)
  model=mistral-nemo-12b N=3 arm=self_refine real_lme_00032_22d2cb42 seed=1: per_fault={'ctx': False, 'english': True, 'preamble': True} all_resolved=False n_resolved=2/3 tokens=(5071,854)
  model=mistral-nemo-12b N=3 arm=self_refine real_lme_00032_22d2cb42 seed=2: per_fault={'ctx': False, 'english': True, 'preamble': True} all_resolved=False n_resolved=2/3 tokens=(5243,1126)
  model=mistral-nemo-12b N=3 arm=self_refine real_lme_00043_c2ac3c61 seed=0: per_fault={'ctx': True, 'bullets': True, 'concise': True} all_resolved=True n_resolved=3/3 tokens=(4925,391)
  model=mistral-nemo-12b N=3 arm=self_refine real_lme_00043_c2ac3c61 seed=1: per_fault={'ctx': True, 'bullets': True, 'concise': True} all_resolved=True n_resolved=3/3 tokens=(4925,391)
  model=mistral-nemo-12b N=3 arm=self_refine real_lme_00043_c2ac3c61 seed=2: per_fault={'ctx': True, 'bullets': True, 'concise': True} all_resolved=True n_resolved=3/3 tokens=(5108,593)
  model=mistral-nemo-12b N=3 arm=self_refine real_lme_00049_0862e8bf_abs seed=0: per_fault={'ctx': True, 'concise': False, 'english': True} all_resolved=False n_resolved=2/3 tokens=(5585,852)
  model=mistral-nemo-12b N=3 arm=self_refine real_lme_00049_0862e8bf_abs seed=1: per_fault={'ctx': True, 'concise': False, 'english': True} all_resolved=False n_resolved=2/3 tokens=(5585,852)
  model=mistral-nemo-12b N=3 arm=self_refine real_lme_00049_0862e8bf_abs seed=2: per_fault={'ctx': False, 'concise': True, 'english': True} all_resolved=False n_resolved=2/3 tokens=(5492,749)
  model=mistral-nemo-12b N=3 arm=self_refine real_lme_00053_21d02d0d seed=0: per_fault={'ctx': True, 'bullets': True, 'concise': True} all_resolved=True n_resolved=3/3 tokens=(5927,1562)
  model=mistral-nemo-12b N=3 arm=self_refine real_lme_00053_21d02d0d seed=1: per_fault={'ctx': True, 'bullets': True, 'concise': True} all_resolved=True n_resolved=3/3 tokens=(5927,1562)
  model=mistral-nemo-12b N=3 arm=self_refine real_lme_00053_21d02d0d seed=2: per_fault={'ctx': True, 'bullets': True, 'concise': False} all_resolved=False n_resolved=2/3 tokens=(5327,759)
  model=mistral-nemo-12b N=3 arm=self_refine real_lme_00059_2ebe6c90 seed=0: per_fault={'ctx': False, 'concise': True, 'english': True} all_resolved=False n_resolved=2/3 tokens=(5552,2021)
  model=mistral-nemo-12b N=3 arm=self_refine real_lme_00059_2ebe6c90 seed=1: per_fault={'ctx': False, 'concise': True, 'english': True} all_resolved=False n_resolved=2/3 tokens=(5552,2021)
  model=mistral-nemo-12b N=3 arm=self_refine real_lme_00059_2ebe6c90 seed=2: per_fault={'ctx': False, 'concise': True, 'english': True} all_resolved=False n_resolved=2/3 tokens=(5286,1210)
  model=mistral-nemo-12b N=3 arm=self_refine real_lme_00069_gpt4_31ff4165 seed=0: per_fault={'ctx': False, 'bullets': True, 'concise': False} all_resolved=False n_resolved=1/3 tokens=(5949,1518)
  model=mistral-nemo-12b N=3 arm=self_refine real_lme_00069_gpt4_31ff4165 seed=1: per_fault={'ctx': False, 'bullets': True, 'concise': False} all_resolved=False n_resolved=1/3 tokens=(5949,1518)
  model=mistral-nemo-12b N=3 arm=self_refine real_lme_00069_gpt4_31ff4165 seed=2: per_fault={'ctx': False, 'bullets': True, 'concise': False} all_resolved=False n_resolved=1/3 tokens=(6172,2386)
  model=mistral-nemo-12b N=3 arm=self_refine real_lme_00076_f4f1d8a4_abs seed=0: per_fault={'ctx': False, 'bullets': True, 'preamble': True} all_resolved=False n_resolved=2/3 tokens=(5800,621)
  model=mistral-nemo-12b N=3 arm=self_refine real_lme_00076_f4f1d8a4_abs seed=1: per_fault={'ctx': False, 'bullets': True, 'preamble': True} all_resolved=False n_resolved=2/3 tokens=(5800,621)
  model=mistral-nemo-12b N=3 arm=self_refine real_lme_00076_f4f1d8a4_abs seed=2: per_fault={'ctx': False, 'bullets': True, 'preamble': True} all_resolved=False n_resolved=2/3 tokens=(5648,445)
  model=mistral-nemo-12b N=3 arm=self_refine real_lme_00081_afdc33df seed=0: per_fault={'ctx': False, 'concise': True, 'english': True} all_resolved=False n_resolved=2/3 tokens=(6871,2562)
  model=mistral-nemo-12b N=3 arm=self_refine real_lme_00081_afdc33df seed=1: per_fault={'ctx': False, 'concise': True, 'english': True} all_resolved=False n_resolved=2/3 tokens=(6871,2562)
  model=mistral-nemo-12b N=3 arm=self_refine real_lme_00081_afdc33df seed=2: per_fault={'ctx': False, 'concise': True, 'english': True} all_resolved=False n_resolved=2/3 tokens=(6214,1111)
  model=mistral-nemo-12b N=3 arm=self_refine real_lme_00085_a11281a2 seed=0: per_fault={'ctx': True, 'concise': True, 'preamble': True} all_resolved=True n_resolved=3/3 tokens=(4985,1136)
  model=mistral-nemo-12b N=3 arm=self_refine real_lme_00085_a11281a2 seed=1: per_fault={'ctx': True, 'concise': True, 'preamble': True} all_resolved=True n_resolved=3/3 tokens=(4985,1136)
  model=mistral-nemo-12b N=3 arm=self_refine real_lme_00085_a11281a2 seed=2: per_fault={'ctx': True, 'concise': True, 'preamble': True} all_resolved=True n_resolved=3/3 tokens=(4994,1179)
  model=mistral-nemo-12b N=3 arm=self_refine real_lme_00086_af082822 seed=0: per_fault={'ctx': True, 'concise': True, 'english': True} all_resolved=True n_resolved=3/3 tokens=(5181,1049)
  model=mistral-nemo-12b N=3 arm=self_refine real_lme_00086_af082822 seed=1: per_fault={'ctx': True, 'concise': True, 'english': True} all_resolved=True n_resolved=3/3 tokens=(5181,1049)
  model=mistral-nemo-12b N=3 arm=self_refine real_lme_00086_af082822 seed=2: per_fault={'ctx': False, 'concise': True, 'english': True} all_resolved=False n_resolved=2/3 tokens=(5117,1045)
  model=mistral-nemo-12b N=3 arm=self_refine real_lme_00087_3b6f954b seed=0: per_fault={'ctx': True, 'concise': False, 'preamble': True} all_resolved=False n_resolved=2/3 tokens=(5217,943)
  model=mistral-nemo-12b N=3 arm=self_refine real_lme_00087_3b6f954b seed=1: per_fault={'ctx': True, 'concise': False, 'preamble': True} all_resolved=False n_resolved=2/3 tokens=(5217,943)
  model=mistral-nemo-12b N=3 arm=self_refine real_lme_00087_3b6f954b seed=2: per_fault={'ctx': False, 'concise': False, 'preamble': True} all_resolved=False n_resolved=1/3 tokens=(5083,770)
  model=mistral-nemo-12b N=3 arm=self_refine real_lme_00093_545bd2b5 seed=0: per_fault={'ctx': True, 'bullets': True, 'concise': False} all_resolved=False n_resolved=2/3 tokens=(5162,775)
  model=mistral-nemo-12b N=3 arm=self_refine real_lme_00093_545bd2b5 seed=1: per_fault={'ctx': True, 'bullets': True, 'concise': False} all_resolved=False n_resolved=2/3 tokens=(5162,775)
  model=mistral-nemo-12b N=3 arm=self_refine real_lme_00093_545bd2b5 seed=2: per_fault={'ctx': True, 'bullets': True, 'concise': True} all_resolved=True n_resolved=3/3 tokens=(5127,721)
  model=mistral-nemo-12b N=3 arm=self_refine real_lme_00110_gpt4_1a1dc16d seed=0: per_fault={'ctx': True, 'concise': True, 'preamble': True} all_resolved=True n_resolved=3/3 tokens=(5429,903)
  model=mistral-nemo-12b N=3 arm=self_refine real_lme_00110_gpt4_1a1dc16d seed=1: per_fault={'ctx': True, 'concise': True, 'preamble': True} all_resolved=True n_resolved=3/3 tokens=(5429,903)
  model=mistral-nemo-12b N=3 arm=self_refine real_lme_00110_gpt4_1a1dc16d seed=2: per_fault={'ctx': False, 'concise': True, 'preamble': True} all_resolved=False n_resolved=2/3 tokens=(5344,688)
  model=mistral-nemo-12b N=3 arm=self_refine real_lme_00119_c6853660 seed=0: per_fault={'ctx': False, 'bullets': True, 'preamble': True} all_resolved=False n_resolved=2/3 tokens=(5103,378)
  model=mistral-nemo-12b N=3 arm=self_refine real_lme_00119_c6853660 seed=1: per_fault={'ctx': False, 'bullets': True, 'preamble': True} all_resolved=False n_resolved=2/3 tokens=(5103,378)
  model=mistral-nemo-12b N=3 arm=self_refine real_lme_00119_c6853660 seed=2: per_fault={'ctx': True, 'bullets': True, 'preamble': True} all_resolved=True n_resolved=3/3 tokens=(5084,337)
  model=mistral-nemo-12b N=3 arm=self_refine real_lme_00120_42ec0761 seed=0: per_fault={'ctx': True, 'bullets': True, 'concise': False} all_resolved=False n_resolved=2/3 tokens=(5442,897)
  model=mistral-nemo-12b N=3 arm=self_refine real_lme_00120_42ec0761 seed=1: per_fault={'ctx': True, 'bullets': True, 'concise': False} all_resolved=False n_resolved=2/3 tokens=(5442,897)
  model=mistral-nemo-12b N=3 arm=self_refine real_lme_00120_42ec0761 seed=2: per_fault={'ctx': True, 'bullets': True, 'concise': True} all_resolved=True n_resolved=3/3 tokens=(5411,814)
  model=mistral-nemo-12b N=3 arm=self_refine real_lme_00122_0a34ad58 seed=0: per_fault={'ctx': False, 'bullets': True, 'preamble': True} all_resolved=False n_resolved=2/3 tokens=(5916,1091)
  model=mistral-nemo-12b N=3 arm=self_refine real_lme_00122_0a34ad58 seed=1: per_fault={'ctx': False, 'bullets': True, 'preamble': True} all_resolved=False n_resolved=2/3 tokens=(5916,1091)
  model=mistral-nemo-12b N=3 arm=self_refine real_lme_00122_0a34ad58 seed=2: per_fault={'ctx': False, 'bullets': True, 'preamble': True} all_resolved=False n_resolved=2/3 tokens=(5861,959)
  model=mistral-nemo-12b N=3 arm=self_refine real_lme_00123_ceb54acb seed=0: per_fault={'ctx': False, 'english': True, 'preamble': True} all_resolved=False n_resolved=2/3 tokens=(3947,705)
  model=mistral-nemo-12b N=3 arm=self_refine real_lme_00123_ceb54acb seed=1: per_fault={'ctx': False, 'english': True, 'preamble': True} all_resolved=False n_resolved=2/3 tokens=(3947,705)
  model=mistral-nemo-12b N=3 arm=self_refine real_lme_00123_ceb54acb seed=2: per_fault={'ctx': False, 'english': True, 'preamble': True} all_resolved=False n_resolved=2/3 tokens=(3943,583)
  model=mistral-nemo-12b N=3 arm=self_refine real_lme_00133_71a3fd6b seed=0: per_fault={'ctx': True, 'bullets': True, 'concise': True} all_resolved=True n_resolved=3/3 tokens=(3976,708)
  model=mistral-nemo-12b N=3 arm=self_refine real_lme_00133_71a3fd6b seed=1: per_fault={'ctx': True, 'bullets': True, 'concise': True} all_resolved=True n_resolved=3/3 tokens=(3976,708)
  model=mistral-nemo-12b N=3 arm=self_refine real_lme_00133_71a3fd6b seed=2: per_fault={'ctx': True, 'bullets': True, 'concise': True} all_resolved=True n_resolved=3/3 tokens=(3885,648)
  model=mistral-nemo-12b N=3 arm=self_refine real_lme_00135_129d1232 seed=0: per_fault={'ctx': True, 'concise': True, 'english': True} all_resolved=True n_resolved=3/3 tokens=(5418,1019)
  model=mistral-nemo-12b N=3 arm=self_refine real_lme_00135_129d1232 seed=1: per_fault={'ctx': True, 'concise': True, 'english': True} all_resolved=True n_resolved=3/3 tokens=(5418,1019)
  model=mistral-nemo-12b N=3 arm=self_refine real_lme_00135_129d1232 seed=2: per_fault={'ctx': False, 'concise': True, 'english': True} all_resolved=False n_resolved=2/3 tokens=(5433,1437)
  model=mistral-nemo-12b N=3 arm=self_refine real_lme_00144_7a87bd0c seed=0: per_fault={'ctx': True, 'bullets': True, 'preamble': True} all_resolved=True n_resolved=3/3 tokens=(5365,556)
  model=mistral-nemo-12b N=3 arm=self_refine real_lme_00144_7a87bd0c seed=1: per_fault={'ctx': True, 'bullets': True, 'preamble': True} all_resolved=True n_resolved=3/3 tokens=(5365,556)
  model=mistral-nemo-12b N=3 arm=self_refine real_lme_00144_7a87bd0c seed=2: per_fault={'ctx': False, 'bullets': True, 'preamble': True} all_resolved=False n_resolved=2/3 tokens=(5328,445)
  model=mistral-nemo-12b N=3 arm=self_refine real_lme_00156_e831120c seed=0: per_fault={'ctx': True, 'concise': False, 'preamble': True} all_resolved=False n_resolved=2/3 tokens=(6091,980)
  model=mistral-nemo-12b N=3 arm=self_refine real_lme_00156_e831120c seed=1: per_fault={'ctx': True, 'concise': False, 'preamble': True} all_resolved=False n_resolved=2/3 tokens=(6091,980)
  model=mistral-nemo-12b N=3 arm=self_refine real_lme_00156_e831120c seed=2: per_fault={'ctx': True, 'concise': False, 'preamble': True} all_resolved=False n_resolved=2/3 tokens=(6101,984)
  model=mistral-nemo-12b N=3 arm=self_refine real_lme_00168_gpt4_68e94287 seed=0: per_fault={'ctx': False, 'bullets': True, 'concise': True} all_resolved=False n_resolved=2/3 tokens=(6019,796)
  model=mistral-nemo-12b N=3 arm=self_refine real_lme_00168_gpt4_68e94287 seed=1: per_fault={'ctx': False, 'bullets': True, 'concise': True} all_resolved=False n_resolved=2/3 tokens=(6019,796)
  model=mistral-nemo-12b N=3 arm=self_refine real_lme_00168_gpt4_68e94287 seed=2: per_fault={'ctx': True, 'bullets': True, 'concise': True} all_resolved=True n_resolved=3/3 tokens=(6106,903)
  model=mistral-nemo-12b N=3 arm=self_refine real_lme_00183_8464fc84 seed=0: per_fault={'ctx': True, 'concise': False, 'preamble': True} all_resolved=False n_resolved=2/3 tokens=(5387,1031)
  model=mistral-nemo-12b N=3 arm=self_refine real_lme_00183_8464fc84 seed=1: per_fault={'ctx': True, 'concise': False, 'preamble': True} all_resolved=False n_resolved=2/3 tokens=(5387,1031)
  model=mistral-nemo-12b N=3 arm=self_refine real_lme_00183_8464fc84 seed=2: per_fault={'ctx': True, 'concise': False, 'preamble': True} all_resolved=False n_resolved=2/3 tokens=(5316,915)
  model=mistral-nemo-12b N=3 arm=self_refine real_lme_00184_45dc21b6 seed=0: per_fault={'ctx': True, 'concise': True, 'preamble': True} all_resolved=True n_resolved=3/3 tokens=(5244,797)
  model=mistral-nemo-12b N=3 arm=self_refine real_lme_00184_45dc21b6 seed=1: per_fault={'ctx': True, 'concise': True, 'preamble': True} all_resolved=True n_resolved=3/3 tokens=(5244,797)
  model=mistral-nemo-12b N=3 arm=self_refine real_lme_00184_45dc21b6 seed=2: per_fault={'ctx': True, 'concise': True, 'preamble': True} all_resolved=True n_resolved=3/3 tokens=(5233,884)
  model=mistral-nemo-12b N=3 arm=self_refine real_lme_00191_993da5e2 seed=0: per_fault={'ctx': False, 'english': True, 'preamble': True} all_resolved=False n_resolved=2/3 tokens=(5686,641)
  model=mistral-nemo-12b N=3 arm=self_refine real_lme_00191_993da5e2 seed=1: per_fault={'ctx': False, 'english': True, 'preamble': True} all_resolved=False n_resolved=2/3 tokens=(5686,641)
  model=mistral-nemo-12b N=3 arm=self_refine real_lme_00191_993da5e2 seed=2: per_fault={'ctx': False, 'english': True, 'preamble': True} all_resolved=False n_resolved=2/3 tokens=(5429,396)
  model=mistral-nemo-12b N=3 arm=self_refine real_lme_00195_gpt4_1d80365e seed=0: per_fault={'ctx': False, 'concise': True, 'preamble': True} all_resolved=False n_resolved=2/3 tokens=(5398,871)
  model=mistral-nemo-12b N=3 arm=self_refine real_lme_00195_gpt4_1d80365e seed=1: per_fault={'ctx': False, 'concise': True, 'preamble': True} all_resolved=False n_resolved=2/3 tokens=(5398,871)
  model=mistral-nemo-12b N=3 arm=self_refine real_lme_00195_gpt4_1d80365e seed=2: per_fault={'ctx': False, 'concise': True, 'preamble': True} all_resolved=False n_resolved=2/3 tokens=(5591,1180)
  model=mistral-nemo-12b N=3 arm=self_refine real_lme_00197_gpt4_213fd887 seed=0: per_fault={'ctx': True, 'concise': True, 'preamble': True} all_resolved=True n_resolved=3/3 tokens=(5576,833)
  model=mistral-nemo-12b N=3 arm=self_refine real_lme_00197_gpt4_213fd887 seed=1: per_fault={'ctx': True, 'concise': True, 'preamble': True} all_resolved=True n_resolved=3/3 tokens=(5576,833)
  model=mistral-nemo-12b N=3 arm=self_refine real_lme_00197_gpt4_213fd887 seed=2: per_fault={'ctx': True, 'concise': False, 'preamble': True} all_resolved=False n_resolved=2/3 tokens=(5580,855)
  model=mistral-nemo-12b N=3 arm=self_refine real_lme_00198_gpt4_d6585ce8 seed=0: per_fault={'ctx': False, 'concise': True, 'preamble': True} all_resolved=False n_resolved=2/3 tokens=(6221,972)
  model=mistral-nemo-12b N=3 arm=self_refine real_lme_00198_gpt4_d6585ce8 seed=1: per_fault={'ctx': False, 'concise': True, 'preamble': True} all_resolved=False n_resolved=2/3 tokens=(6221,972)
  model=mistral-nemo-12b N=3 arm=self_refine real_lme_00198_gpt4_d6585ce8 seed=2: per_fault={'ctx': False, 'concise': True, 'preamble': True} all_resolved=False n_resolved=2/3 tokens=(6052,811)
  model=mistral-nemo-12b N=3 arm=self_refine real_lme_00209_7e974930 seed=0: per_fault={'ctx': False, 'concise': True, 'english': True} all_resolved=False n_resolved=2/3 tokens=(5593,1174)
  model=mistral-nemo-12b N=3 arm=self_refine real_lme_00209_7e974930 seed=1: per_fault={'ctx': False, 'concise': True, 'english': True} all_resolved=False n_resolved=2/3 tokens=(5593,1174)
  model=mistral-nemo-12b N=3 arm=self_refine real_lme_00209_7e974930 seed=2: per_fault={'ctx': False, 'concise': True, 'english': True} all_resolved=False n_resolved=2/3 tokens=(5544,973)
  model=mistral-nemo-12b N=3 arm=self_refine real_lme_00212_e01b8e2f seed=0: per_fault={'ctx': True, 'concise': True, 'preamble': True} all_resolved=True n_resolved=3/3 tokens=(5122,685)
  model=mistral-nemo-12b N=3 arm=self_refine real_lme_00212_e01b8e2f seed=1: per_fault={'ctx': True, 'concise': True, 'preamble': True} all_resolved=True n_resolved=3/3 tokens=(5122,685)
  model=mistral-nemo-12b N=3 arm=self_refine real_lme_00212_e01b8e2f seed=2: per_fault={'ctx': True, 'concise': True, 'preamble': True} all_resolved=True n_resolved=3/3 tokens=(5197,716)
  model=mistral-nemo-12b N=3 arm=self_refine real_lme_00216_2698e78f_abs seed=0: per_fault={'ctx': False, 'bullets': True, 'concise': False} all_resolved=False n_resolved=1/3 tokens=(4879,722)
  model=mistral-nemo-12b N=3 arm=self_refine real_lme_00216_2698e78f_abs seed=1: per_fault={'ctx': False, 'bullets': True, 'concise': False} all_resolved=False n_resolved=1/3 tokens=(4879,722)
  model=mistral-nemo-12b N=3 arm=self_refine real_lme_00216_2698e78f_abs seed=2: per_fault={'ctx': False, 'bullets': True, 'concise': False} all_resolved=False n_resolved=1/3 tokens=(4881,605)
  model=mistral-nemo-12b N=3 arm=self_refine real_lme_00220_gpt4_2312f94c seed=0: per_fault={'ctx': True, 'bullets': True, 'concise': True} all_resolved=True n_resolved=3/3 tokens=(5580,763)
  model=mistral-nemo-12b N=3 arm=self_refine real_lme_00220_gpt4_2312f94c seed=1: per_fault={'ctx': True, 'bullets': True, 'concise': True} all_resolved=True n_resolved=3/3 tokens=(5580,763)
  model=mistral-nemo-12b N=3 arm=self_refine real_lme_00220_gpt4_2312f94c seed=2: per_fault={'ctx': True, 'bullets': True, 'concise': True} all_resolved=True n_resolved=3/3 tokens=(5670,1119)
  model=mistral-nemo-12b N=3 arm=self_refine real_lme_00222_3f1e9474 seed=0: per_fault={'ctx': True, 'concise': True, 'preamble': True} all_resolved=True n_resolved=3/3 tokens=(5085,432)
  model=mistral-nemo-12b N=3 arm=self_refine real_lme_00222_3f1e9474 seed=1: per_fault={'ctx': True, 'concise': True, 'preamble': True} all_resolved=True n_resolved=3/3 tokens=(5085,432)
  model=mistral-nemo-12b N=3 arm=self_refine real_lme_00222_3f1e9474 seed=2: per_fault={'ctx': True, 'concise': True, 'preamble': True} all_resolved=True n_resolved=3/3 tokens=(5162,637)
  model=mistral-nemo-12b N=3 arm=self_refine real_lme_00224_dccbc061 seed=0: per_fault={'ctx': True, 'bullets': True, 'concise': False} all_resolved=False n_resolved=2/3 tokens=(4540,530)
  model=mistral-nemo-12b N=3 arm=self_refine real_lme_00224_dccbc061 seed=1: per_fault={'ctx': True, 'bullets': True, 'concise': False} all_resolved=False n_resolved=2/3 tokens=(4540,530)
  model=mistral-nemo-12b N=3 arm=self_refine real_lme_00224_dccbc061 seed=2: per_fault={'ctx': True, 'bullets': True, 'concise': True} all_resolved=True n_resolved=3/3 tokens=(4514,607)
  model=mistral-nemo-12b N=3 arm=self_refine real_lme_00226_b759caee seed=0: per_fault={'ctx': True, 'bullets': True, 'concise': False} all_resolved=False n_resolved=2/3 tokens=(4500,952)
  model=mistral-nemo-12b N=3 arm=self_refine real_lme_00226_b759caee seed=1: per_fault={'ctx': True, 'bullets': True, 'concise': False} all_resolved=False n_resolved=2/3 tokens=(4500,952)
  model=mistral-nemo-12b N=3 arm=self_refine real_lme_00226_b759caee seed=2: per_fault={'ctx': True, 'bullets': True, 'concise': True} all_resolved=True n_resolved=3/3 tokens=(4501,687)
  model=mistral-nemo-12b N=3 arm=self_refine real_lme_00227_8aef76bc seed=0: per_fault={'ctx': True, 'bullets': True, 'preamble': True} all_resolved=True n_resolved=3/3 tokens=(4634,782)
  model=mistral-nemo-12b N=3 arm=self_refine real_lme_00227_8aef76bc seed=1: per_fault={'ctx': True, 'bullets': True, 'preamble': True} all_resolved=True n_resolved=3/3 tokens=(4634,782)
  model=mistral-nemo-12b N=3 arm=self_refine real_lme_00227_8aef76bc seed=2: per_fault={'ctx': True, 'bullets': True, 'preamble': True} all_resolved=True n_resolved=3/3 tokens=(4711,929)
  model=mistral-nemo-12b N=3 arm=self_refine real_lme_00232_gpt4_59c863d7 seed=0: per_fault={'ctx': False, 'concise': False, 'english': True} all_resolved=False n_resolved=1/3 tokens=(6421,1458)
  model=mistral-nemo-12b N=3 arm=self_refine real_lme_00232_gpt4_59c863d7 seed=1: per_fault={'ctx': False, 'concise': False, 'english': True} all_resolved=False n_resolved=1/3 tokens=(6421,1458)
  model=mistral-nemo-12b N=3 arm=self_refine real_lme_00232_gpt4_59c863d7 seed=2: per_fault={'ctx': False, 'concise': True, 'english': True} all_resolved=False n_resolved=2/3 tokens=(6239,818)
  model=mistral-nemo-12b N=3 arm=self_refine real_lme_00240_09ba9854 seed=0: per_fault={'ctx': False, 'concise': False, 'preamble': True} all_resolved=False n_resolved=1/3 tokens=(6133,1514)
  model=mistral-nemo-12b N=3 arm=self_refine real_lme_00240_09ba9854 seed=1: per_fault={'ctx': False, 'concise': False, 'preamble': True} all_resolved=False n_resolved=1/3 tokens=(6133,1514)
  model=mistral-nemo-12b N=3 arm=self_refine real_lme_00240_09ba9854 seed=2: per_fault={'ctx': False, 'concise': False, 'preamble': True} all_resolved=False n_resolved=1/3 tokens=(6029,1842)
  model=mistral-nemo-12b N=3 arm=self_refine real_lme_00247_1d4da289 seed=0: per_fault={'ctx': False, 'bullets': False, 'concise': True} all_resolved=False n_resolved=1/3 tokens=(5026,882)
  model=mistral-nemo-12b N=3 arm=self_refine real_lme_00247_1d4da289 seed=1: per_fault={'ctx': False, 'bullets': False, 'concise': True} all_resolved=False n_resolved=1/3 tokens=(5026,882)
  model=mistral-nemo-12b N=3 arm=self_refine real_lme_00247_1d4da289 seed=2: per_fault={'ctx': False, 'bullets': True, 'concise': False} all_resolved=False n_resolved=1/3 tokens=(5037,978)
  model=mistral-nemo-12b N=3 arm=self_refine real_lme_00254_ba358f49 seed=0: per_fault={'ctx': True, 'bullets': False, 'concise': False} all_resolved=False n_resolved=1/3 tokens=(4989,1040)
  model=mistral-nemo-12b N=3 arm=self_refine real_lme_00254_ba358f49 seed=1: per_fault={'ctx': True, 'bullets': False, 'concise': False} all_resolved=False n_resolved=1/3 tokens=(4989,1040)
  model=mistral-nemo-12b N=3 arm=self_refine real_lme_00254_ba358f49 seed=2: per_fault={'ctx': True, 'bullets': True, 'concise': True} all_resolved=True n_resolved=3/3 tokens=(4974,854)
  model=mistral-nemo-12b N=3 arm=self_refine real_lme_00257_10e09553 seed=0: per_fault={'ctx': True, 'concise': True, 'preamble': True} all_resolved=True n_resolved=3/3 tokens=(5483,932)
  model=mistral-nemo-12b N=3 arm=self_refine real_lme_00257_10e09553 seed=1: per_fault={'ctx': True, 'concise': True, 'preamble': True} all_resolved=True n_resolved=3/3 tokens=(5483,932)
  model=mistral-nemo-12b N=3 arm=self_refine real_lme_00257_10e09553 seed=2: per_fault={'ctx': True, 'concise': True, 'preamble': True} all_resolved=True n_resolved=3/3 tokens=(5493,837)
  model=mistral-nemo-12b N=3 arm=self_refine real_lme_00258_gpt4_93159ced_abs seed=0: per_fault={'ctx': False, 'english': True, 'preamble': True} all_resolved=False n_resolved=2/3 tokens=(5563,1253)
  model=mistral-nemo-12b N=3 arm=self_refine real_lme_00258_gpt4_93159ced_abs seed=1: per_fault={'ctx': False, 'english': True, 'preamble': True} all_resolved=False n_resolved=2/3 tokens=(5563,1253)
  model=mistral-nemo-12b N=3 arm=self_refine real_lme_00258_gpt4_93159ced_abs seed=2: per_fault={'ctx': False, 'english': True, 'preamble': True} all_resolved=False n_resolved=2/3 tokens=(5192,619)
  model=mistral-nemo-12b N=3 arm=self_refine real_lme_00263_2698e78f seed=0: per_fault={'ctx': False, 'bullets': True, 'concise': False} all_resolved=False n_resolved=1/3 tokens=(5074,370)
  model=mistral-nemo-12b N=3 arm=self_refine real_lme_00263_2698e78f seed=1: per_fault={'ctx': False, 'bullets': True, 'concise': False} all_resolved=False n_resolved=1/3 tokens=(5074,370)
  model=mistral-nemo-12b N=3 arm=self_refine real_lme_00263_2698e78f seed=2: per_fault={'ctx': False, 'bullets': False, 'concise': False} all_resolved=False n_resolved=0/3 tokens=(5160,563)
  model=mistral-nemo-12b N=3 arm=self_refine real_lme_00264_7161e7e2 seed=0: per_fault={'ctx': False, 'english': True, 'preamble': True} all_resolved=False n_resolved=2/3 tokens=(6184,1103)
  model=mistral-nemo-12b N=3 arm=self_refine real_lme_00264_7161e7e2 seed=1: per_fault={'ctx': False, 'english': True, 'preamble': True} all_resolved=False n_resolved=2/3 tokens=(6184,1103)
  model=mistral-nemo-12b N=3 arm=self_refine real_lme_00264_7161e7e2 seed=2: per_fault={'ctx': False, 'english': True, 'preamble': True} all_resolved=False n_resolved=2/3 tokens=(6142,929)
  model=mistral-nemo-12b N=3 arm=self_refine real_lme_00267_8550ddae seed=0: per_fault={'ctx': True, 'concise': True, 'english': True} all_resolved=True n_resolved=3/3 tokens=(5073,588)
  model=mistral-nemo-12b N=3 arm=self_refine real_lme_00267_8550ddae seed=1: per_fault={'ctx': True, 'concise': True, 'english': True} all_resolved=True n_resolved=3/3 tokens=(5073,588)
  model=mistral-nemo-12b N=3 arm=self_refine real_lme_00267_8550ddae seed=2: per_fault={'ctx': False, 'concise': False, 'english': True} all_resolved=False n_resolved=1/3 tokens=(5284,1168)
  model=mistral-nemo-12b N=3 arm=self_refine real_lme_00279_6222b6eb seed=0: per_fault={'ctx': False, 'concise': True, 'english': True} all_resolved=False n_resolved=2/3 tokens=(5539,1263)
  model=mistral-nemo-12b N=3 arm=self_refine real_lme_00279_6222b6eb seed=1: per_fault={'ctx': False, 'concise': True, 'english': True} all_resolved=False n_resolved=2/3 tokens=(5539,1263)
  model=mistral-nemo-12b N=3 arm=self_refine real_lme_00279_6222b6eb seed=2: per_fault={'ctx': True, 'concise': True, 'english': True} all_resolved=True n_resolved=3/3 tokens=(5691,1490)
  model=mistral-nemo-12b N=3 arm=self_refine real_lme_00285_a96c20ee_abs seed=0: per_fault={'ctx': False, 'concise': False, 'preamble': False} all_resolved=False n_resolved=0/3 tokens=(4861,1053)
  model=mistral-nemo-12b N=3 arm=self_refine real_lme_00285_a96c20ee_abs seed=1: per_fault={'ctx': False, 'concise': False, 'preamble': False} all_resolved=False n_resolved=0/3 tokens=(4861,1053)
  model=mistral-nemo-12b N=3 arm=self_refine real_lme_00285_a96c20ee_abs seed=2: per_fault={'ctx': False, 'concise': True, 'preamble': True} all_resolved=False n_resolved=2/3 tokens=(4857,978)
  model=mistral-nemo-12b N=3 arm=self_refine real_lme_00288_c8090214_abs seed=0: per_fault={'ctx': False, 'concise': True, 'english': True} all_resolved=False n_resolved=2/3 tokens=(5560,1002)
  model=mistral-nemo-12b N=3 arm=self_refine real_lme_00288_c8090214_abs seed=1: per_fault={'ctx': False, 'concise': True, 'english': True} all_resolved=False n_resolved=2/3 tokens=(5560,1002)
  model=mistral-nemo-12b N=3 arm=self_refine real_lme_00288_c8090214_abs seed=2: per_fault={'ctx': False, 'concise': True, 'english': True} all_resolved=False n_resolved=2/3 tokens=(5602,1004)
  model=mistral-nemo-12b N=3 arm=self_refine real_lme_00293_27016adc seed=0: per_fault={'ctx': False, 'bullets': True, 'concise': False} all_resolved=False n_resolved=1/3 tokens=(5201,925)
  model=mistral-nemo-12b N=3 arm=self_refine real_lme_00293_27016adc seed=1: per_fault={'ctx': False, 'bullets': True, 'concise': False} all_resolved=False n_resolved=1/3 tokens=(5201,925)
  model=mistral-nemo-12b N=3 arm=self_refine real_lme_00293_27016adc seed=2: per_fault={'ctx': True, 'bullets': True, 'concise': False} all_resolved=False n_resolved=2/3 tokens=(5347,1355)
  model=mistral-nemo-12b N=3 arm=self_refine real_lme_00300_c9f37c46 seed=0: per_fault={'ctx': False, 'english': True, 'preamble': True} all_resolved=False n_resolved=2/3 tokens=(5067,831)
  model=mistral-nemo-12b N=3 arm=self_refine real_lme_00300_c9f37c46 seed=1: per_fault={'ctx': False, 'english': True, 'preamble': True} all_resolved=False n_resolved=2/3 tokens=(5067,831)
  model=mistral-nemo-12b N=3 arm=self_refine real_lme_00300_c9f37c46 seed=2: per_fault={'ctx': False, 'english': True, 'preamble': True} all_resolved=False n_resolved=2/3 tokens=(4983,750)
  model=mistral-nemo-12b N=3 arm=self_refine real_lme_00306_gpt4_2f56ae70 seed=0: per_fault={'ctx': True, 'concise': True, 'preamble': True} all_resolved=True n_resolved=3/3 tokens=(4688,569)
  model=mistral-nemo-12b N=3 arm=self_refine real_lme_00306_gpt4_2f56ae70 seed=1: per_fault={'ctx': True, 'concise': True, 'preamble': True} all_resolved=True n_resolved=3/3 tokens=(4688,569)
  model=mistral-nemo-12b N=3 arm=self_refine real_lme_00306_gpt4_2f56ae70 seed=2: per_fault={'ctx': True, 'concise': True, 'preamble': True} all_resolved=True n_resolved=3/3 tokens=(4691,490)
  model=mistral-nemo-12b N=3 arm=self_refine real_lme_00308_gpt4_4929293a seed=0: per_fault={'ctx': True, 'bullets': True, 'concise': True} all_resolved=True n_resolved=3/3 tokens=(5367,1238)
  model=mistral-nemo-12b N=3 arm=self_refine real_lme_00308_gpt4_4929293a seed=1: per_fault={'ctx': True, 'bullets': True, 'concise': True} all_resolved=True n_resolved=3/3 tokens=(5367,1238)
  model=mistral-nemo-12b N=3 arm=self_refine real_lme_00308_gpt4_4929293a seed=2: per_fault={'ctx': True, 'bullets': True, 'concise': False} all_resolved=False n_resolved=2/3 tokens=(5172,865)
  model=mistral-nemo-12b N=3 arm=self_refine real_lme_00312_a3332713 seed=0: per_fault={'ctx': False, 'concise': True, 'english': True} all_resolved=False n_resolved=2/3 tokens=(5173,406)
  model=mistral-nemo-12b N=3 arm=self_refine real_lme_00312_a3332713 seed=1: per_fault={'ctx': False, 'concise': True, 'english': True} all_resolved=False n_resolved=2/3 tokens=(5173,406)
  model=mistral-nemo-12b N=3 arm=self_refine real_lme_00312_a3332713 seed=2: per_fault={'ctx': False, 'concise': True, 'english': True} all_resolved=False n_resolved=2/3 tokens=(5186,294)
  model=mistral-nemo-12b N=3 arm=self_refine real_lme_00322_0a34ad58 seed=0: per_fault={'ctx': False, 'concise': True, 'english': True} all_resolved=False n_resolved=2/3 tokens=(6051,679)
  model=mistral-nemo-12b N=3 arm=self_refine real_lme_00322_0a34ad58 seed=1: per_fault={'ctx': False, 'concise': True, 'english': True} all_resolved=False n_resolved=2/3 tokens=(6051,679)
  model=mistral-nemo-12b N=3 arm=self_refine real_lme_00322_0a34ad58 seed=2: per_fault={'ctx': False, 'concise': True, 'english': True} all_resolved=False n_resolved=2/3 tokens=(6463,1200)
  model=mistral-nemo-12b N=3 arm=self_refine real_lme_00328_57f827a0 seed=0: per_fault={'ctx': False, 'concise': False, 'preamble': True} all_resolved=False n_resolved=1/3 tokens=(6095,1437)
  model=mistral-nemo-12b N=3 arm=self_refine real_lme_00328_57f827a0 seed=1: per_fault={'ctx': False, 'concise': False, 'preamble': True} all_resolved=False n_resolved=1/3 tokens=(6095,1437)
  model=mistral-nemo-12b N=3 arm=self_refine real_lme_00328_57f827a0 seed=2: per_fault={'ctx': False, 'concise': False, 'preamble': True} all_resolved=False n_resolved=1/3 tokens=(6123,1615)
--- [mistral-nemo-12b][self_refine] N=3: rows written=180 errors=0 tokens_in=969812 tokens_out=168686 ---
  model=mistral-nemo-12b N=3 arm=reflexion real_lme_00001_603deb26 seed=0: per_fault={'ctx': True, 'concise': True, 'english': True} all_resolved=True n_resolved=3/3 tokens=(2634,385)
  model=mistral-nemo-12b N=3 arm=reflexion real_lme_00001_603deb26 seed=1: per_fault={'ctx': True, 'concise': True, 'english': True} all_resolved=True n_resolved=3/3 tokens=(2634,385)
  model=mistral-nemo-12b N=3 arm=reflexion real_lme_00001_603deb26 seed=2: per_fault={'ctx': True, 'concise': True, 'english': True} all_resolved=True n_resolved=3/3 tokens=(2634,312)
  model=mistral-nemo-12b N=3 arm=reflexion real_lme_00007_5025383b seed=0: per_fault={'ctx': True, 'bullets': True, 'preamble': True} all_resolved=True n_resolved=3/3 tokens=(2246,399)
  model=mistral-nemo-12b N=3 arm=reflexion real_lme_00007_5025383b seed=1: per_fault={'ctx': True, 'bullets': True, 'preamble': True} all_resolved=True n_resolved=3/3 tokens=(2246,399)
  model=mistral-nemo-12b N=3 arm=reflexion real_lme_00007_5025383b seed=2: per_fault={'ctx': True, 'bullets': True, 'preamble': True} all_resolved=True n_resolved=3/3 tokens=(2247,323)
  model=mistral-nemo-12b N=3 arm=reflexion real_lme_00010_0a34ad58 seed=0: per_fault={'ctx': False, 'concise': False, 'preamble': True} all_resolved=False n_resolved=1/3 tokens=(17087,1945)
  model=mistral-nemo-12b N=3 arm=reflexion real_lme_00010_0a34ad58 seed=1: per_fault={'ctx': False, 'concise': False, 'preamble': True} all_resolved=False n_resolved=1/3 tokens=(17087,1945)
  model=mistral-nemo-12b N=3 arm=reflexion real_lme_00010_0a34ad58 seed=2: per_fault={'ctx': False, 'concise': False, 'preamble': True} all_resolved=False n_resolved=1/3 tokens=(15742,1240)
  model=mistral-nemo-12b N=3 arm=reflexion real_lme_00016_f8c5f88b seed=0: per_fault={'ctx': True, 'bullets': True, 'concise': True} all_resolved=True n_resolved=3/3 tokens=(2480,95)
  model=mistral-nemo-12b N=3 arm=reflexion real_lme_00016_f8c5f88b seed=1: per_fault={'ctx': True, 'bullets': True, 'concise': True} all_resolved=True n_resolved=3/3 tokens=(2480,95)
  model=mistral-nemo-12b N=3 arm=reflexion real_lme_00016_f8c5f88b seed=2: per_fault={'ctx': True, 'bullets': True, 'concise': True} all_resolved=True n_resolved=3/3 tokens=(2480,95)
  model=mistral-nemo-12b N=3 arm=reflexion real_lme_00018_gpt4_d31cdae3 seed=0: per_fault={'ctx': False, 'concise': True, 'english': True} all_resolved=False n_resolved=2/3 tokens=(15779,1897)
  model=mistral-nemo-12b N=3 arm=reflexion real_lme_00018_gpt4_d31cdae3 seed=1: per_fault={'ctx': False, 'concise': True, 'english': True} all_resolved=False n_resolved=2/3 tokens=(15779,1897)
  model=mistral-nemo-12b N=3 arm=reflexion real_lme_00018_gpt4_d31cdae3 seed=2: per_fault={'ctx': False, 'concise': True, 'english': True} all_resolved=False n_resolved=2/3 tokens=(15745,1765)
  model=mistral-nemo-12b N=3 arm=reflexion real_lme_00032_22d2cb42 seed=0: per_fault={'ctx': False, 'english': True, 'preamble': True} all_resolved=False n_resolved=2/3 tokens=(14177,1568)
  model=mistral-nemo-12b N=3 arm=reflexion real_lme_00032_22d2cb42 seed=1: per_fault={'ctx': False, 'english': True, 'preamble': True} all_resolved=False n_resolved=2/3 tokens=(14177,1568)
  model=mistral-nemo-12b N=3 arm=reflexion real_lme_00032_22d2cb42 seed=2: per_fault={'ctx': True, 'english': True, 'preamble': True} all_resolved=True n_resolved=3/3 tokens=(2337,445)
  model=mistral-nemo-12b N=3 arm=reflexion real_lme_00043_c2ac3c61 seed=0: per_fault={'ctx': True, 'bullets': True, 'concise': True} all_resolved=True n_resolved=3/3 tokens=(2412,104)
  model=mistral-nemo-12b N=3 arm=reflexion real_lme_00043_c2ac3c61 seed=1: per_fault={'ctx': True, 'bullets': True, 'concise': True} all_resolved=True n_resolved=3/3 tokens=(2412,104)
  model=mistral-nemo-12b N=3 arm=reflexion real_lme_00043_c2ac3c61 seed=2: per_fault={'ctx': True, 'bullets': True, 'concise': True} all_resolved=True n_resolved=3/3 tokens=(2412,224)
  model=mistral-nemo-12b N=3 arm=reflexion real_lme_00049_0862e8bf_abs seed=0: per_fault={'ctx': True, 'concise': False, 'english': True} all_resolved=False n_resolved=2/3 tokens=(8663,901)
  model=mistral-nemo-12b N=3 arm=reflexion real_lme_00049_0862e8bf_abs seed=1: per_fault={'ctx': True, 'concise': False, 'english': True} all_resolved=False n_resolved=2/3 tokens=(8663,901)
  model=mistral-nemo-12b N=3 arm=reflexion real_lme_00049_0862e8bf_abs seed=2: per_fault={'ctx': False, 'concise': True, 'english': True} all_resolved=False n_resolved=2/3 tokens=(14829,1258)
  model=mistral-nemo-12b N=3 arm=reflexion real_lme_00053_21d02d0d seed=0: per_fault={'ctx': True, 'bullets': True, 'concise': False} all_resolved=False n_resolved=2/3 tokens=(2491,750)
  model=mistral-nemo-12b N=3 arm=reflexion real_lme_00053_21d02d0d seed=1: per_fault={'ctx': True, 'bullets': True, 'concise': False} all_resolved=False n_resolved=2/3 tokens=(2491,750)
  model=mistral-nemo-12b N=3 arm=reflexion real_lme_00053_21d02d0d seed=2: per_fault={'ctx': True, 'bullets': True, 'concise': False} all_resolved=False n_resolved=2/3 tokens=(2491,304)
  model=mistral-nemo-12b N=3 arm=reflexion real_lme_00059_2ebe6c90 seed=0: per_fault={'ctx': False, 'concise': False, 'english': True} all_resolved=False n_resolved=1/3 tokens=(14454,1729)
  model=mistral-nemo-12b N=3 arm=reflexion real_lme_00059_2ebe6c90 seed=1: per_fault={'ctx': False, 'concise': False, 'english': True} all_resolved=False n_resolved=1/3 tokens=(14454,1729)
  model=mistral-nemo-12b N=3 arm=reflexion real_lme_00059_2ebe6c90 seed=2: per_fault={'ctx': False, 'concise': True, 'english': True} all_resolved=False n_resolved=2/3 tokens=(14911,1832)
  model=mistral-nemo-12b N=3 arm=reflexion real_lme_00069_gpt4_31ff4165 seed=0: per_fault={'ctx': False, 'bullets': True, 'concise': False} all_resolved=False n_resolved=1/3 tokens=(15349,2262)
  model=mistral-nemo-12b N=3 arm=reflexion real_lme_00069_gpt4_31ff4165 seed=1: per_fault={'ctx': False, 'bullets': True, 'concise': False} all_resolved=False n_resolved=1/3 tokens=(15349,2262)
  model=mistral-nemo-12b N=3 arm=reflexion real_lme_00069_gpt4_31ff4165 seed=2: per_fault={'ctx': False, 'bullets': True, 'concise': False} all_resolved=False n_resolved=1/3 tokens=(18610,3531)
  model=mistral-nemo-12b N=3 arm=reflexion real_lme_00076_f4f1d8a4_abs seed=0: per_fault={'ctx': True, 'bullets': True, 'preamble': True} all_resolved=True n_resolved=3/3 tokens=(2733,271)
  model=mistral-nemo-12b N=3 arm=reflexion real_lme_00076_f4f1d8a4_abs seed=1: per_fault={'ctx': True, 'bullets': True, 'preamble': True} all_resolved=True n_resolved=3/3 tokens=(2733,271)
  model=mistral-nemo-12b N=3 arm=reflexion real_lme_00076_f4f1d8a4_abs seed=2: per_fault={'ctx': True, 'bullets': True, 'preamble': True} all_resolved=True n_resolved=3/3 tokens=(2733,161)
  model=mistral-nemo-12b N=3 arm=reflexion real_lme_00081_afdc33df seed=0: per_fault={'ctx': False, 'concise': False, 'english': True} all_resolved=False n_resolved=1/3 tokens=(20331,3809)
  model=mistral-nemo-12b N=3 arm=reflexion real_lme_00081_afdc33df seed=1: per_fault={'ctx': False, 'concise': False, 'english': True} all_resolved=False n_resolved=1/3 tokens=(20331,3809)
  model=mistral-nemo-12b N=3 arm=reflexion real_lme_00081_afdc33df seed=2: per_fault={'ctx': False, 'concise': True, 'english': True} all_resolved=False n_resolved=2/3 tokens=(17188,1699)
  model=mistral-nemo-12b N=3 arm=reflexion real_lme_00085_a11281a2 seed=0: per_fault={'ctx': True, 'concise': True, 'preamble': True} all_resolved=True n_resolved=3/3 tokens=(2200,461)
  model=mistral-nemo-12b N=3 arm=reflexion real_lme_00085_a11281a2 seed=1: per_fault={'ctx': True, 'concise': True, 'preamble': True} all_resolved=True n_resolved=3/3 tokens=(2200,461)
  model=mistral-nemo-12b N=3 arm=reflexion real_lme_00085_a11281a2 seed=2: per_fault={'ctx': True, 'concise': False, 'preamble': True} all_resolved=False n_resolved=2/3 tokens=(14385,2093)
  model=mistral-nemo-12b N=3 arm=reflexion real_lme_00086_af082822 seed=0: per_fault={'ctx': False, 'concise': True, 'english': True} all_resolved=False n_resolved=2/3 tokens=(14466,1760)
  model=mistral-nemo-12b N=3 arm=reflexion real_lme_00086_af082822 seed=1: per_fault={'ctx': False, 'concise': True, 'english': True} all_resolved=False n_resolved=2/3 tokens=(14466,1760)
  model=mistral-nemo-12b N=3 arm=reflexion real_lme_00086_af082822 seed=2: per_fault={'ctx': False, 'concise': True, 'english': True} all_resolved=False n_resolved=2/3 tokens=(13910,1379)
  model=mistral-nemo-12b N=3 arm=reflexion real_lme_00087_3b6f954b seed=0: per_fault={'ctx': True, 'concise': True, 'preamble': True} all_resolved=True n_resolved=3/3 tokens=(2383,368)
  model=mistral-nemo-12b N=3 arm=reflexion real_lme_00087_3b6f954b seed=1: per_fault={'ctx': True, 'concise': True, 'preamble': True} all_resolved=True n_resolved=3/3 tokens=(2383,368)
  model=mistral-nemo-12b N=3 arm=reflexion real_lme_00087_3b6f954b seed=2: per_fault={'ctx': True, 'concise': True, 'preamble': True} all_resolved=True n_resolved=3/3 tokens=(2383,255)
  model=mistral-nemo-12b N=3 arm=reflexion real_lme_00093_545bd2b5 seed=0: per_fault={'ctx': True, 'bullets': True, 'concise': True} all_resolved=True n_resolved=3/3 tokens=(2399,303)
  model=mistral-nemo-12b N=3 arm=reflexion real_lme_00093_545bd2b5 seed=1: per_fault={'ctx': True, 'bullets': True, 'concise': True} all_resolved=True n_resolved=3/3 tokens=(2399,303)
  model=mistral-nemo-12b N=3 arm=reflexion real_lme_00093_545bd2b5 seed=2: per_fault={'ctx': True, 'bullets': True, 'concise': True} all_resolved=True n_resolved=3/3 tokens=(2399,268)
  model=mistral-nemo-12b N=3 arm=reflexion real_lme_00110_gpt4_1a1dc16d seed=0: per_fault={'ctx': True, 'concise': True, 'preamble': True} all_resolved=True n_resolved=3/3 tokens=(2460,403)
  model=mistral-nemo-12b N=3 arm=reflexion real_lme_00110_gpt4_1a1dc16d seed=1: per_fault={'ctx': True, 'concise': True, 'preamble': True} all_resolved=True n_resolved=3/3 tokens=(2460,403)
  model=mistral-nemo-12b N=3 arm=reflexion real_lme_00110_gpt4_1a1dc16d seed=2: per_fault={'ctx': True, 'concise': True, 'preamble': True} all_resolved=True n_resolved=3/3 tokens=(2460,276)
  model=mistral-nemo-12b N=3 arm=reflexion real_lme_00119_c6853660 seed=0: per_fault={'ctx': True, 'bullets': True, 'preamble': True} all_resolved=True n_resolved=3/3 tokens=(2484,137)
  model=mistral-nemo-12b N=3 arm=reflexion real_lme_00119_c6853660 seed=1: per_fault={'ctx': True, 'bullets': True, 'preamble': True} all_resolved=True n_resolved=3/3 tokens=(2484,137)
  model=mistral-nemo-12b N=3 arm=reflexion real_lme_00119_c6853660 seed=2: per_fault={'ctx': True, 'bullets': True, 'preamble': True} all_resolved=True n_resolved=3/3 tokens=(2484,118)
  model=mistral-nemo-12b N=3 arm=reflexion real_lme_00120_42ec0761 seed=0: per_fault={'ctx': True, 'bullets': True, 'concise': True} all_resolved=True n_resolved=3/3 tokens=(2515,330)
  model=mistral-nemo-12b N=3 arm=reflexion real_lme_00120_42ec0761 seed=1: per_fault={'ctx': True, 'bullets': True, 'concise': True} all_resolved=True n_resolved=3/3 tokens=(2515,330)
  model=mistral-nemo-12b N=3 arm=reflexion real_lme_00120_42ec0761 seed=2: per_fault={'ctx': True, 'bullets': True, 'concise': True} all_resolved=True n_resolved=3/3 tokens=(2515,299)
  model=mistral-nemo-12b N=3 arm=reflexion real_lme_00122_0a34ad58 seed=0: per_fault={'ctx': False, 'bullets': True, 'preamble': True} all_resolved=False n_resolved=2/3 tokens=(15263,1275)
  model=mistral-nemo-12b N=3 arm=reflexion real_lme_00122_0a34ad58 seed=1: per_fault={'ctx': False, 'bullets': True, 'preamble': True} all_resolved=False n_resolved=2/3 tokens=(15263,1275)
  model=mistral-nemo-12b N=3 arm=reflexion real_lme_00122_0a34ad58 seed=2: per_fault={'ctx': True, 'bullets': True, 'preamble': True} all_resolved=True n_resolved=3/3 tokens=(9084,1069)
  model=mistral-nemo-12b N=3 arm=reflexion real_lme_00123_ceb54acb seed=0: per_fault={'ctx': False, 'english': True, 'preamble': True} all_resolved=False n_resolved=2/3 tokens=(10817,1120)
  model=mistral-nemo-12b N=3 arm=reflexion real_lme_00123_ceb54acb seed=1: per_fault={'ctx': False, 'english': True, 'preamble': True} all_resolved=False n_resolved=2/3 tokens=(10817,1120)
  model=mistral-nemo-12b N=3 arm=reflexion real_lme_00123_ceb54acb seed=2: per_fault={'ctx': False, 'english': True, 'preamble': True} all_resolved=False n_resolved=2/3 tokens=(10655,880)
  model=mistral-nemo-12b N=3 arm=reflexion real_lme_00133_71a3fd6b seed=0: per_fault={'ctx': True, 'bullets': True, 'concise': True} all_resolved=True n_resolved=3/3 tokens=(1830,276)
  model=mistral-nemo-12b N=3 arm=reflexion real_lme_00133_71a3fd6b seed=1: per_fault={'ctx': True, 'bullets': True, 'concise': True} all_resolved=True n_resolved=3/3 tokens=(1830,276)
  model=mistral-nemo-12b N=3 arm=reflexion real_lme_00133_71a3fd6b seed=2: per_fault={'ctx': True, 'bullets': True, 'concise': True} all_resolved=True n_resolved=3/3 tokens=(1830,206)
  model=mistral-nemo-12b N=3 arm=reflexion real_lme_00135_129d1232 seed=0: per_fault={'ctx': True, 'concise': True, 'english': True} all_resolved=True n_resolved=3/3 tokens=(2484,346)
  model=mistral-nemo-12b N=3 arm=reflexion real_lme_00135_129d1232 seed=1: per_fault={'ctx': True, 'concise': True, 'english': True} all_resolved=True n_resolved=3/3 tokens=(2484,346)
  model=mistral-nemo-12b N=3 arm=reflexion real_lme_00135_129d1232 seed=2: per_fault={'ctx': True, 'concise': True, 'english': True} all_resolved=True n_resolved=3/3 tokens=(2484,361)
  model=mistral-nemo-12b N=3 arm=reflexion real_lme_00144_7a87bd0c seed=0: per_fault={'ctx': True, 'bullets': True, 'preamble': True} all_resolved=True n_resolved=3/3 tokens=(2559,200)
  model=mistral-nemo-12b N=3 arm=reflexion real_lme_00144_7a87bd0c seed=1: per_fault={'ctx': True, 'bullets': True, 'preamble': True} all_resolved=True n_resolved=3/3 tokens=(2559,200)
  model=mistral-nemo-12b N=3 arm=reflexion real_lme_00144_7a87bd0c seed=2: per_fault={'ctx': True, 'bullets': True, 'preamble': True} all_resolved=True n_resolved=3/3 tokens=(2559,149)
  model=mistral-nemo-12b N=3 arm=reflexion real_lme_00156_e831120c seed=0: per_fault={'ctx': True, 'concise': False, 'preamble': True} all_resolved=False n_resolved=2/3 tokens=(2811,387)
  model=mistral-nemo-12b N=3 arm=reflexion real_lme_00156_e831120c seed=1: per_fault={'ctx': True, 'concise': False, 'preamble': True} all_resolved=False n_resolved=2/3 tokens=(2811,387)
  model=mistral-nemo-12b N=3 arm=reflexion real_lme_00156_e831120c seed=2: per_fault={'ctx': False, 'concise': False, 'preamble': True} all_resolved=False n_resolved=1/3 tokens=(16625,1518)
  model=mistral-nemo-12b N=3 arm=reflexion real_lme_00168_gpt4_68e94287 seed=0: per_fault={'ctx': True, 'bullets': True, 'concise': True} all_resolved=True n_resolved=3/3 tokens=(2853,269)
  model=mistral-nemo-12b N=3 arm=reflexion real_lme_00168_gpt4_68e94287 seed=1: per_fault={'ctx': True, 'bullets': True, 'concise': True} all_resolved=True n_resolved=3/3 tokens=(2853,269)
  model=mistral-nemo-12b N=3 arm=reflexion real_lme_00168_gpt4_68e94287 seed=2: per_fault={'ctx': True, 'bullets': True, 'concise': True} all_resolved=True n_resolved=3/3 tokens=(2853,335)
  model=mistral-nemo-12b N=3 arm=reflexion real_lme_00183_8464fc84 seed=0: per_fault={'ctx': True, 'concise': True, 'preamble': True} all_resolved=True n_resolved=3/3 tokens=(2479,347)
  model=mistral-nemo-12b N=3 arm=reflexion real_lme_00183_8464fc84 seed=1: per_fault={'ctx': True, 'concise': True, 'preamble': True} all_resolved=True n_resolved=3/3 tokens=(2479,347)
  model=mistral-nemo-12b N=3 arm=reflexion real_lme_00183_8464fc84 seed=2: per_fault={'ctx': True, 'concise': True, 'preamble': True} all_resolved=True n_resolved=3/3 tokens=(2479,297)
  model=mistral-nemo-12b N=3 arm=reflexion real_lme_00184_45dc21b6 seed=0: per_fault={'ctx': True, 'concise': True, 'preamble': True} all_resolved=True n_resolved=3/3 tokens=(2400,362)
  model=mistral-nemo-12b N=3 arm=reflexion real_lme_00184_45dc21b6 seed=1: per_fault={'ctx': True, 'concise': True, 'preamble': True} all_resolved=True n_resolved=3/3 tokens=(2400,362)
  model=mistral-nemo-12b N=3 arm=reflexion real_lme_00184_45dc21b6 seed=2: per_fault={'ctx': True, 'concise': True, 'preamble': True} all_resolved=True n_resolved=3/3 tokens=(2400,351)
  model=mistral-nemo-12b N=3 arm=reflexion real_lme_00191_993da5e2 seed=0: per_fault={'ctx': False, 'english': True, 'preamble': True} all_resolved=False n_resolved=2/3 tokens=(14571,1331)
  model=mistral-nemo-12b N=3 arm=reflexion real_lme_00191_993da5e2 seed=1: per_fault={'ctx': False, 'english': True, 'preamble': True} all_resolved=False n_resolved=2/3 tokens=(14571,1331)
  model=mistral-nemo-12b N=3 arm=reflexion real_lme_00191_993da5e2 seed=2: per_fault={'ctx': False, 'english': True, 'preamble': True} all_resolved=False n_resolved=2/3 tokens=(14296,823)
  model=mistral-nemo-12b N=3 arm=reflexion real_lme_00195_gpt4_1d80365e seed=0: per_fault={'ctx': False, 'concise': True, 'preamble': True} all_resolved=False n_resolved=2/3 tokens=(14941,1519)
  model=mistral-nemo-12b N=3 arm=reflexion real_lme_00195_gpt4_1d80365e seed=1: per_fault={'ctx': False, 'concise': True, 'preamble': True} all_resolved=False n_resolved=2/3 tokens=(14941,1519)
  model=mistral-nemo-12b N=3 arm=reflexion real_lme_00195_gpt4_1d80365e seed=2: per_fault={'ctx': False, 'concise': False, 'preamble': True} all_resolved=False n_resolved=1/3 tokens=(15944,2176)
  model=mistral-nemo-12b N=3 arm=reflexion real_lme_00197_gpt4_213fd887 seed=0: per_fault={'ctx': True, 'concise': True, 'preamble': True} all_resolved=True n_resolved=3/3 tokens=(2591,309)
  model=mistral-nemo-12b N=3 arm=reflexion real_lme_00197_gpt4_213fd887 seed=1: per_fault={'ctx': True, 'concise': True, 'preamble': True} all_resolved=True n_resolved=3/3 tokens=(2591,309)
  model=mistral-nemo-12b N=3 arm=reflexion real_lme_00197_gpt4_213fd887 seed=2: per_fault={'ctx': True, 'concise': True, 'preamble': True} all_resolved=True n_resolved=3/3 tokens=(2591,313)
  model=mistral-nemo-12b N=3 arm=reflexion real_lme_00198_gpt4_d6585ce8 seed=0: per_fault={'ctx': True, 'concise': False, 'preamble': True} all_resolved=False n_resolved=2/3 tokens=(2871,416)
  model=mistral-nemo-12b N=3 arm=reflexion real_lme_00198_gpt4_d6585ce8 seed=1: per_fault={'ctx': True, 'concise': False, 'preamble': True} all_resolved=False n_resolved=2/3 tokens=(2871,416)
  model=mistral-nemo-12b N=3 arm=reflexion real_lme_00198_gpt4_d6585ce8 seed=2: per_fault={'ctx': False, 'concise': False, 'preamble': True} all_resolved=False n_resolved=1/3 tokens=(15617,1131)
  model=mistral-nemo-12b N=3 arm=reflexion real_lme_00209_7e974930 seed=0: per_fault={'ctx': True, 'concise': True, 'english': True} all_resolved=True n_resolved=3/3 tokens=(2555,400)
  model=mistral-nemo-12b N=3 arm=reflexion real_lme_00209_7e974930 seed=1: per_fault={'ctx': True, 'concise': True, 'english': True} all_resolved=True n_resolved=3/3 tokens=(2555,400)
  model=mistral-nemo-12b N=3 arm=reflexion real_lme_00209_7e974930 seed=2: per_fault={'ctx': False, 'concise': True, 'english': True} all_resolved=False n_resolved=2/3 tokens=(15172,1493)
  model=mistral-nemo-12b N=3 arm=reflexion real_lme_00212_e01b8e2f seed=0: per_fault={'ctx': True, 'concise': True, 'preamble': True} all_resolved=True n_resolved=3/3 tokens=(2435,212)
  model=mistral-nemo-12b N=3 arm=reflexion real_lme_00212_e01b8e2f seed=1: per_fault={'ctx': True, 'concise': True, 'preamble': True} all_resolved=True n_resolved=3/3 tokens=(2435,212)
  model=mistral-nemo-12b N=3 arm=reflexion real_lme_00212_e01b8e2f seed=2: per_fault={'ctx': True, 'concise': True, 'preamble': True} all_resolved=True n_resolved=3/3 tokens=(2435,259)
  model=mistral-nemo-12b N=3 arm=reflexion real_lme_00216_2698e78f_abs seed=0: per_fault={'ctx': True, 'bullets': True, 'concise': False} all_resolved=False n_resolved=2/3 tokens=(7459,504)
  model=mistral-nemo-12b N=3 arm=reflexion real_lme_00216_2698e78f_abs seed=1: per_fault={'ctx': True, 'bullets': True, 'concise': False} all_resolved=False n_resolved=2/3 tokens=(7459,504)
  model=mistral-nemo-12b N=3 arm=reflexion real_lme_00216_2698e78f_abs seed=2: per_fault={'ctx': True, 'bullets': True, 'concise': False} all_resolved=False n_resolved=2/3 tokens=(7510,435)
  model=mistral-nemo-12b N=3 arm=reflexion real_lme_00220_gpt4_2312f94c seed=0: per_fault={'ctx': True, 'bullets': True, 'concise': True} all_resolved=True n_resolved=3/3 tokens=(2625,258)
  model=mistral-nemo-12b N=3 arm=reflexion real_lme_00220_gpt4_2312f94c seed=1: per_fault={'ctx': True, 'bullets': True, 'concise': True} all_resolved=True n_resolved=3/3 tokens=(2625,258)
  model=mistral-nemo-12b N=3 arm=reflexion real_lme_00220_gpt4_2312f94c seed=2: per_fault={'ctx': True, 'bullets': True, 'concise': True} all_resolved=True n_resolved=3/3 tokens=(2625,355)
  model=mistral-nemo-12b N=3 arm=reflexion real_lme_00222_3f1e9474 seed=0: per_fault={'ctx': True, 'concise': True, 'preamble': True} all_resolved=True n_resolved=3/3 tokens=(2428,189)
  model=mistral-nemo-12b N=3 arm=reflexion real_lme_00222_3f1e9474 seed=1: per_fault={'ctx': True, 'concise': True, 'preamble': True} all_resolved=True n_resolved=3/3 tokens=(2428,189)
  model=mistral-nemo-12b N=3 arm=reflexion real_lme_00222_3f1e9474 seed=2: per_fault={'ctx': True, 'concise': True, 'preamble': True} all_resolved=True n_resolved=3/3 tokens=(2428,244)
  model=mistral-nemo-12b N=3 arm=reflexion real_lme_00224_dccbc061 seed=0: per_fault={'ctx': True, 'bullets': True, 'concise': True} all_resolved=True n_resolved=3/3 tokens=(2218,108)
  model=mistral-nemo-12b N=3 arm=reflexion real_lme_00224_dccbc061 seed=1: per_fault={'ctx': True, 'bullets': True, 'concise': True} all_resolved=True n_resolved=3/3 tokens=(2218,108)
  model=mistral-nemo-12b N=3 arm=reflexion real_lme_00224_dccbc061 seed=2: per_fault={'ctx': True, 'bullets': True, 'concise': True} all_resolved=True n_resolved=3/3 tokens=(2217,77)
  model=mistral-nemo-12b N=3 arm=reflexion real_lme_00226_b759caee seed=0: per_fault={'ctx': True, 'bullets': True, 'concise': True} all_resolved=True n_resolved=3/3 tokens=(2081,279)
  model=mistral-nemo-12b N=3 arm=reflexion real_lme_00226_b759caee seed=1: per_fault={'ctx': True, 'bullets': True, 'concise': True} all_resolved=True n_resolved=3/3 tokens=(2081,279)
  model=mistral-nemo-12b N=3 arm=reflexion real_lme_00226_b759caee seed=2: per_fault={'ctx': True, 'bullets': True, 'concise': True} all_resolved=True n_resolved=3/3 tokens=(2081,280)
  model=mistral-nemo-12b N=3 arm=reflexion real_lme_00227_8aef76bc seed=0: per_fault={'ctx': True, 'bullets': True, 'preamble': True} all_resolved=True n_resolved=3/3 tokens=(2137,300)
  model=mistral-nemo-12b N=3 arm=reflexion real_lme_00227_8aef76bc seed=1: per_fault={'ctx': True, 'bullets': True, 'preamble': True} all_resolved=True n_resolved=3/3 tokens=(2137,300)
  model=mistral-nemo-12b N=3 arm=reflexion real_lme_00227_8aef76bc seed=2: per_fault={'ctx': True, 'bullets': True, 'preamble': True} all_resolved=True n_resolved=3/3 tokens=(2137,356)
  model=mistral-nemo-12b N=3 arm=reflexion real_lme_00232_gpt4_59c863d7 seed=0: per_fault={'ctx': False, 'concise': False, 'english': True} all_resolved=False n_resolved=1/3 tokens=(18329,2374)
  model=mistral-nemo-12b N=3 arm=reflexion real_lme_00232_gpt4_59c863d7 seed=1: per_fault={'ctx': False, 'concise': False, 'english': True} all_resolved=False n_resolved=1/3 tokens=(18329,2374)
  model=mistral-nemo-12b N=3 arm=reflexion real_lme_00232_gpt4_59c863d7 seed=2: per_fault={'ctx': False, 'concise': False, 'english': True} all_resolved=False n_resolved=1/3 tokens=(17605,2059)
  model=mistral-nemo-12b N=3 arm=reflexion real_lme_00240_09ba9854 seed=0: per_fault={'ctx': True, 'concise': True, 'preamble': True} all_resolved=True n_resolved=3/3 tokens=(9628,1284)
  model=mistral-nemo-12b N=3 arm=reflexion real_lme_00240_09ba9854 seed=1: per_fault={'ctx': True, 'concise': True, 'preamble': True} all_resolved=True n_resolved=3/3 tokens=(9628,1284)
  model=mistral-nemo-12b N=3 arm=reflexion real_lme_00240_09ba9854 seed=2: per_fault={'ctx': False, 'concise': False, 'preamble': True} all_resolved=False n_resolved=1/3 tokens=(17306,2581)
  model=mistral-nemo-12b N=3 arm=reflexion real_lme_00247_1d4da289 seed=0: per_fault={'ctx': True, 'bullets': True, 'concise': True} all_resolved=True n_resolved=3/3 tokens=(2300,344)
  model=mistral-nemo-12b N=3 arm=reflexion real_lme_00247_1d4da289 seed=1: per_fault={'ctx': True, 'bullets': True, 'concise': True} all_resolved=True n_resolved=3/3 tokens=(2300,344)
  model=mistral-nemo-12b N=3 arm=reflexion real_lme_00247_1d4da289 seed=2: per_fault={'ctx': True, 'bullets': True, 'concise': True} all_resolved=True n_resolved=3/3 tokens=(2300,355)
  model=mistral-nemo-12b N=3 arm=reflexion real_lme_00254_ba358f49 seed=0: per_fault={'ctx': True, 'bullets': True, 'concise': True} all_resolved=True n_resolved=3/3 tokens=(2277,353)
  model=mistral-nemo-12b N=3 arm=reflexion real_lme_00254_ba358f49 seed=1: per_fault={'ctx': True, 'bullets': True, 'concise': True} all_resolved=True n_resolved=3/3 tokens=(2277,353)
  model=mistral-nemo-12b N=3 arm=reflexion real_lme_00254_ba358f49 seed=2: per_fault={'ctx': True, 'bullets': True, 'concise': True} all_resolved=True n_resolved=3/3 tokens=(2277,338)
  model=mistral-nemo-12b N=3 arm=reflexion real_lme_00257_10e09553 seed=0: per_fault={'ctx': True, 'concise': True, 'preamble': True} all_resolved=True n_resolved=3/3 tokens=(2528,344)
  model=mistral-nemo-12b N=3 arm=reflexion real_lme_00257_10e09553 seed=1: per_fault={'ctx': True, 'concise': True, 'preamble': True} all_resolved=True n_resolved=3/3 tokens=(2528,344)
  model=mistral-nemo-12b N=3 arm=reflexion real_lme_00257_10e09553 seed=2: per_fault={'ctx': True, 'concise': True, 'preamble': True} all_resolved=True n_resolved=3/3 tokens=(2528,353)
  model=mistral-nemo-12b N=3 arm=reflexion real_lme_00258_gpt4_93159ced_abs seed=0: per_fault={'ctx': False, 'english': True, 'preamble': True} all_resolved=False n_resolved=2/3 tokens=(16044,2305)
  model=mistral-nemo-12b N=3 arm=reflexion real_lme_00258_gpt4_93159ced_abs seed=1: per_fault={'ctx': False, 'english': True, 'preamble': True} all_resolved=False n_resolved=2/3 tokens=(16044,2305)
  model=mistral-nemo-12b N=3 arm=reflexion real_lme_00258_gpt4_93159ced_abs seed=2: per_fault={'ctx': False, 'english': True, 'preamble': True} all_resolved=False n_resolved=2/3 tokens=(13821,874)
  model=mistral-nemo-12b N=3 arm=reflexion real_lme_00263_2698e78f seed=0: per_fault={'ctx': False, 'bullets': True, 'concise': False} all_resolved=False n_resolved=1/3 tokens=(13352,730)
  model=mistral-nemo-12b N=3 arm=reflexion real_lme_00263_2698e78f seed=1: per_fault={'ctx': False, 'bullets': True, 'concise': False} all_resolved=False n_resolved=1/3 tokens=(13352,730)
  model=mistral-nemo-12b N=3 arm=reflexion real_lme_00263_2698e78f seed=2: per_fault={'ctx': True, 'bullets': True, 'concise': False} all_resolved=False n_resolved=2/3 tokens=(7868,609)
  model=mistral-nemo-12b N=3 arm=reflexion real_lme_00264_7161e7e2 seed=0: per_fault={'ctx': False, 'english': True, 'preamble': True} all_resolved=False n_resolved=2/3 tokens=(16942,1617)
  model=mistral-nemo-12b N=3 arm=reflexion real_lme_00264_7161e7e2 seed=1: per_fault={'ctx': False, 'english': True, 'preamble': True} all_resolved=False n_resolved=2/3 tokens=(16942,1617)
  model=mistral-nemo-12b N=3 arm=reflexion real_lme_00264_7161e7e2 seed=2: per_fault={'ctx': True, 'english': True, 'preamble': True} all_resolved=True n_resolved=3/3 tokens=(2846,367)
  model=mistral-nemo-12b N=3 arm=reflexion real_lme_00267_8550ddae seed=0: per_fault={'ctx': True, 'concise': True, 'english': True} all_resolved=True n_resolved=3/3 tokens=(2410,214)
  model=mistral-nemo-12b N=3 arm=reflexion real_lme_00267_8550ddae seed=1: per_fault={'ctx': True, 'concise': True, 'english': True} all_resolved=True n_resolved=3/3 tokens=(2410,214)
  model=mistral-nemo-12b N=3 arm=reflexion real_lme_00267_8550ddae seed=2: per_fault={'ctx': True, 'concise': False, 'english': True} all_resolved=False n_resolved=2/3 tokens=(13567,1055)
  model=mistral-nemo-12b N=3 arm=reflexion real_lme_00279_6222b6eb seed=0: per_fault={'ctx': True, 'concise': True, 'english': True} all_resolved=True n_resolved=3/3 tokens=(2466,462)
  model=mistral-nemo-12b N=3 arm=reflexion real_lme_00279_6222b6eb seed=1: per_fault={'ctx': True, 'concise': True, 'english': True} all_resolved=True n_resolved=3/3 tokens=(2466,462)
  model=mistral-nemo-12b N=3 arm=reflexion real_lme_00279_6222b6eb seed=2: per_fault={'ctx': True, 'concise': True, 'english': True} all_resolved=True n_resolved=3/3 tokens=(2466,572)
  model=mistral-nemo-12b N=3 arm=reflexion real_lme_00285_a96c20ee_abs seed=0: per_fault={'ctx': True, 'concise': True, 'preamble': True} all_resolved=True n_resolved=3/3 tokens=(7571,904)
  model=mistral-nemo-12b N=3 arm=reflexion real_lme_00285_a96c20ee_abs seed=1: per_fault={'ctx': True, 'concise': True, 'preamble': True} all_resolved=True n_resolved=3/3 tokens=(7571,904)
  model=mistral-nemo-12b N=3 arm=reflexion real_lme_00285_a96c20ee_abs seed=2: per_fault={'ctx': False, 'concise': True, 'preamble': True} all_resolved=False n_resolved=2/3 tokens=(12553,1045)
  model=mistral-nemo-12b N=3 arm=reflexion real_lme_00288_c8090214_abs seed=0: per_fault={'ctx': False, 'concise': True, 'english': True} all_resolved=False n_resolved=2/3 tokens=(14970,1240)
  model=mistral-nemo-12b N=3 arm=reflexion real_lme_00288_c8090214_abs seed=1: per_fault={'ctx': False, 'concise': True, 'english': True} all_resolved=False n_resolved=2/3 tokens=(14970,1240)
  model=mistral-nemo-12b N=3 arm=reflexion real_lme_00288_c8090214_abs seed=2: per_fault={'ctx': False, 'concise': True, 'english': True} all_resolved=False n_resolved=2/3 tokens=(15286,1514)
  model=mistral-nemo-12b N=3 arm=reflexion real_lme_00293_27016adc seed=0: per_fault={'ctx': True, 'bullets': True, 'concise': True} all_resolved=True n_resolved=3/3 tokens=(2419,302)
  model=mistral-nemo-12b N=3 arm=reflexion real_lme_00293_27016adc seed=1: per_fault={'ctx': True, 'bullets': True, 'concise': True} all_resolved=True n_resolved=3/3 tokens=(2419,302)
  model=mistral-nemo-12b N=3 arm=reflexion real_lme_00293_27016adc seed=2: per_fault={'ctx': True, 'bullets': True, 'concise': True} all_resolved=True n_resolved=3/3 tokens=(8296,1304)
  model=mistral-nemo-12b N=3 arm=reflexion real_lme_00300_c9f37c46 seed=0: per_fault={'ctx': False, 'english': True, 'preamble': True} all_resolved=False n_resolved=2/3 tokens=(13968,1475)
  model=mistral-nemo-12b N=3 arm=reflexion real_lme_00300_c9f37c46 seed=1: per_fault={'ctx': False, 'english': True, 'preamble': True} all_resolved=False n_resolved=2/3 tokens=(13968,1475)
  model=mistral-nemo-12b N=3 arm=reflexion real_lme_00300_c9f37c46 seed=2: per_fault={'ctx': False, 'english': True, 'preamble': True} all_resolved=False n_resolved=2/3 tokens=(13596,1265)
  model=mistral-nemo-12b N=3 arm=reflexion real_lme_00306_gpt4_2f56ae70 seed=0: per_fault={'ctx': True, 'concise': True, 'preamble': True} all_resolved=True n_resolved=3/3 tokens=(2253,160)
  model=mistral-nemo-12b N=3 arm=reflexion real_lme_00306_gpt4_2f56ae70 seed=1: per_fault={'ctx': True, 'concise': True, 'preamble': True} all_resolved=True n_resolved=3/3 tokens=(2253,160)
  model=mistral-nemo-12b N=3 arm=reflexion real_lme_00306_gpt4_2f56ae70 seed=2: per_fault={'ctx': True, 'concise': True, 'preamble': True} all_resolved=True n_resolved=3/3 tokens=(2253,163)
  model=mistral-nemo-12b N=3 arm=reflexion real_lme_00308_gpt4_4929293a seed=0: per_fault={'ctx': True, 'bullets': True, 'concise': True} all_resolved=True n_resolved=3/3 tokens=(2378,462)
  model=mistral-nemo-12b N=3 arm=reflexion real_lme_00308_gpt4_4929293a seed=1: per_fault={'ctx': True, 'bullets': True, 'concise': True} all_resolved=True n_resolved=3/3 tokens=(2378,462)
  model=mistral-nemo-12b N=3 arm=reflexion real_lme_00308_gpt4_4929293a seed=2: per_fault={'ctx': True, 'bullets': True, 'concise': True} all_resolved=True n_resolved=3/3 tokens=(2378,330)
  model=mistral-nemo-12b N=3 arm=reflexion real_lme_00312_a3332713 seed=0: per_fault={'ctx': False, 'concise': True, 'english': True} all_resolved=False n_resolved=2/3 tokens=(13427,618)
  model=mistral-nemo-12b N=3 arm=reflexion real_lme_00312_a3332713 seed=1: per_fault={'ctx': False, 'concise': True, 'english': True} all_resolved=False n_resolved=2/3 tokens=(13427,618)
  model=mistral-nemo-12b N=3 arm=reflexion real_lme_00312_a3332713 seed=2: per_fault={'ctx': False, 'concise': True, 'english': True} all_resolved=False n_resolved=2/3 tokens=(13501,740)
  model=mistral-nemo-12b N=3 arm=reflexion real_lme_00322_0a34ad58 seed=0: per_fault={'ctx': False, 'concise': True, 'english': True} all_resolved=False n_resolved=2/3 tokens=(16353,949)
  model=mistral-nemo-12b N=3 arm=reflexion real_lme_00322_0a34ad58 seed=1: per_fault={'ctx': False, 'concise': True, 'english': True} all_resolved=False n_resolved=2/3 tokens=(16353,949)
  model=mistral-nemo-12b N=3 arm=reflexion real_lme_00322_0a34ad58 seed=2: per_fault={'ctx': False, 'concise': True, 'english': True} all_resolved=False n_resolved=2/3 tokens=(18554,1787)
  model=mistral-nemo-12b N=3 arm=reflexion real_lme_00328_57f827a0 seed=0: per_fault={'ctx': False, 'concise': False, 'preamble': True} all_resolved=False n_resolved=1/3 tokens=(15702,1838)
  model=mistral-nemo-12b N=3 arm=reflexion real_lme_00328_57f827a0 seed=1: per_fault={'ctx': False, 'concise': False, 'preamble': True} all_resolved=False n_resolved=1/3 tokens=(15702,1838)
  model=mistral-nemo-12b N=3 arm=reflexion real_lme_00328_57f827a0 seed=2: per_fault={'ctx': False, 'concise': False, 'preamble': True} all_resolved=False n_resolved=1/3 tokens=(15885,1534)
--- [mistral-nemo-12b][reflexion] N=3: rows written=180 errors=0 tokens_in=1330739 tokens_out=146348 ---
  model=mistral-nemo-12b N=3 arm=full_regen real_lme_00001_603deb26 seed=0: per_fault={'ctx': True, 'concise': True, 'english': True} all_resolved=True n_resolved=3/3 tokens=(5268,657)
  model=mistral-nemo-12b N=3 arm=full_regen real_lme_00001_603deb26 seed=1: per_fault={'ctx': True, 'concise': True, 'english': True} all_resolved=True n_resolved=3/3 tokens=(5268,698)
  model=mistral-nemo-12b N=3 arm=full_regen real_lme_00001_603deb26 seed=2: per_fault={'ctx': True, 'concise': True, 'english': True} all_resolved=True n_resolved=3/3 tokens=(5268,735)
  model=mistral-nemo-12b N=3 arm=full_regen real_lme_00007_5025383b seed=0: per_fault={'ctx': True, 'bullets': True, 'preamble': True} all_resolved=True n_resolved=3/3 tokens=(4493,638)
  model=mistral-nemo-12b N=3 arm=full_regen real_lme_00007_5025383b seed=1: per_fault={'ctx': False, 'bullets': False, 'preamble': True} all_resolved=False n_resolved=1/3 tokens=(4493,1108)
  model=mistral-nemo-12b N=3 arm=full_regen real_lme_00007_5025383b seed=2: per_fault={'ctx': True, 'bullets': True, 'preamble': True} all_resolved=True n_resolved=3/3 tokens=(4494,636)
  model=mistral-nemo-12b N=3 arm=full_regen real_lme_00010_0a34ad58 seed=0: per_fault={'ctx': False, 'concise': False, 'preamble': True} all_resolved=False n_resolved=1/3 tokens=(5752,1058)
  model=mistral-nemo-12b N=3 arm=full_regen real_lme_00010_0a34ad58 seed=1: per_fault={'ctx': False, 'concise': False, 'preamble': True} all_resolved=False n_resolved=1/3 tokens=(5752,894)
  model=mistral-nemo-12b N=3 arm=full_regen real_lme_00010_0a34ad58 seed=2: per_fault={'ctx': False, 'concise': True, 'preamble': True} all_resolved=False n_resolved=2/3 tokens=(5752,766)
  model=mistral-nemo-12b N=3 arm=full_regen real_lme_00016_f8c5f88b seed=0: per_fault={'ctx': True, 'bullets': True, 'concise': True} all_resolved=True n_resolved=3/3 tokens=(4960,317)
  model=mistral-nemo-12b N=3 arm=full_regen real_lme_00016_f8c5f88b seed=1: per_fault={'ctx': True, 'bullets': True, 'concise': True} all_resolved=True n_resolved=3/3 tokens=(4960,230)
  model=mistral-nemo-12b N=3 arm=full_regen real_lme_00016_f8c5f88b seed=2: per_fault={'ctx': True, 'bullets': True, 'concise': True} all_resolved=True n_resolved=3/3 tokens=(4960,163)
  model=mistral-nemo-12b N=3 arm=full_regen real_lme_00018_gpt4_d31cdae3 seed=0: per_fault={'ctx': True, 'concise': True, 'english': True} all_resolved=True n_resolved=3/3 tokens=(5058,840)
  model=mistral-nemo-12b N=3 arm=full_regen real_lme_00018_gpt4_d31cdae3 seed=1: per_fault={'ctx': False, 'concise': True, 'english': True} all_resolved=False n_resolved=2/3 tokens=(5058,753)
  model=mistral-nemo-12b N=3 arm=full_regen real_lme_00018_gpt4_d31cdae3 seed=2: per_fault={'ctx': False, 'concise': True, 'english': True} all_resolved=False n_resolved=2/3 tokens=(5058,735)
  model=mistral-nemo-12b N=3 arm=full_regen real_lme_00032_22d2cb42 seed=0: per_fault={'ctx': False, 'english': True, 'preamble': True} all_resolved=False n_resolved=2/3 tokens=(4674,414)
  model=mistral-nemo-12b N=3 arm=full_regen real_lme_00032_22d2cb42 seed=1: per_fault={'ctx': True, 'english': True, 'preamble': True} all_resolved=True n_resolved=3/3 tokens=(4674,621)
  model=mistral-nemo-12b N=3 arm=full_regen real_lme_00032_22d2cb42 seed=2: per_fault={'ctx': True, 'english': True, 'preamble': True} all_resolved=True n_resolved=3/3 tokens=(4674,658)
  model=mistral-nemo-12b N=3 arm=full_regen real_lme_00043_c2ac3c61 seed=0: per_fault={'ctx': True, 'bullets': True, 'concise': True} all_resolved=True n_resolved=3/3 tokens=(4824,297)
  model=mistral-nemo-12b N=3 arm=full_regen real_lme_00043_c2ac3c61 seed=1: per_fault={'ctx': True, 'bullets': True, 'concise': True} all_resolved=True n_resolved=3/3 tokens=(4824,204)
  model=mistral-nemo-12b N=3 arm=full_regen real_lme_00043_c2ac3c61 seed=2: per_fault={'ctx': True, 'bullets': True, 'concise': True} all_resolved=True n_resolved=3/3 tokens=(4824,487)
  model=mistral-nemo-12b N=3 arm=full_regen real_lme_00049_0862e8bf_abs seed=0: per_fault={'ctx': False, 'concise': True, 'english': True} all_resolved=False n_resolved=2/3 tokens=(5138,602)
  model=mistral-nemo-12b N=3 arm=full_regen real_lme_00049_0862e8bf_abs seed=1: per_fault={'ctx': False, 'concise': True, 'english': True} all_resolved=False n_resolved=2/3 tokens=(5138,595)
  model=mistral-nemo-12b N=3 arm=full_regen real_lme_00049_0862e8bf_abs seed=2: per_fault={'ctx': False, 'concise': True, 'english': True} all_resolved=False n_resolved=2/3 tokens=(5138,474)
  model=mistral-nemo-12b N=3 arm=full_regen real_lme_00053_21d02d0d seed=0: per_fault={'ctx': True, 'bullets': True, 'concise': True} all_resolved=True n_resolved=3/3 tokens=(4982,1125)
  model=mistral-nemo-12b N=3 arm=full_regen real_lme_00053_21d02d0d seed=1: per_fault={'ctx': True, 'bullets': True, 'concise': True} all_resolved=True n_resolved=3/3 tokens=(4982,1100)
  model=mistral-nemo-12b N=3 arm=full_regen real_lme_00053_21d02d0d seed=2: per_fault={'ctx': True, 'bullets': True, 'concise': True} all_resolved=True n_resolved=3/3 tokens=(4982,568)
  model=mistral-nemo-12b N=3 arm=full_regen real_lme_00059_2ebe6c90 seed=0: per_fault={'ctx': False, 'concise': False, 'english': True} all_resolved=False n_resolved=1/3 tokens=(4670,1452)
  model=mistral-nemo-12b N=3 arm=full_regen real_lme_00059_2ebe6c90 seed=1: per_fault={'ctx': False, 'concise': True, 'english': True} all_resolved=False n_resolved=2/3 tokens=(4670,1733)
  model=mistral-nemo-12b N=3 arm=full_regen real_lme_00059_2ebe6c90 seed=2: per_fault={'ctx': False, 'concise': True, 'english': True} all_resolved=False n_resolved=2/3 tokens=(4670,991)
  model=mistral-nemo-12b N=3 arm=full_regen real_lme_00069_gpt4_31ff4165 seed=0: per_fault={'ctx': False, 'bullets': True, 'concise': True} all_resolved=False n_resolved=2/3 tokens=(5170,875)
  model=mistral-nemo-12b N=3 arm=full_regen real_lme_00069_gpt4_31ff4165 seed=1: per_fault={'ctx': False, 'bullets': True, 'concise': True} all_resolved=False n_resolved=2/3 tokens=(5170,1016)
  model=mistral-nemo-12b N=3 arm=full_regen real_lme_00069_gpt4_31ff4165 seed=2: per_fault={'ctx': False, 'bullets': True, 'concise': True} all_resolved=False n_resolved=2/3 tokens=(5170,1220)
  model=mistral-nemo-12b N=3 arm=full_regen real_lme_00076_f4f1d8a4_abs seed=0: per_fault={'ctx': True, 'bullets': True, 'preamble': True} all_resolved=True n_resolved=3/3 tokens=(5466,565)
  model=mistral-nemo-12b N=3 arm=full_regen real_lme_00076_f4f1d8a4_abs seed=1: per_fault={'ctx': True, 'bullets': True, 'preamble': True} all_resolved=True n_resolved=3/3 tokens=(5466,497)
  model=mistral-nemo-12b N=3 arm=full_regen real_lme_00076_f4f1d8a4_abs seed=2: per_fault={'ctx': True, 'bullets': True, 'preamble': True} all_resolved=True n_resolved=3/3 tokens=(5466,318)
  model=mistral-nemo-12b N=3 arm=full_regen real_lme_00081_afdc33df seed=0: per_fault={'ctx': False, 'concise': True, 'english': True} all_resolved=False n_resolved=2/3 tokens=(5750,1761)
  model=mistral-nemo-12b N=3 arm=full_regen real_lme_00081_afdc33df seed=1: per_fault={'ctx': False, 'concise': False, 'english': True} all_resolved=False n_resolved=1/3 tokens=(5750,1964)
  model=mistral-nemo-12b N=3 arm=full_regen real_lme_00081_afdc33df seed=2: per_fault={'ctx': False, 'concise': False, 'english': True} all_resolved=False n_resolved=1/3 tokens=(5749,597)
  model=mistral-nemo-12b N=3 arm=full_regen real_lme_00085_a11281a2 seed=0: per_fault={'ctx': True, 'concise': False, 'preamble': True} all_resolved=False n_resolved=2/3 tokens=(4400,878)
  model=mistral-nemo-12b N=3 arm=full_regen real_lme_00085_a11281a2 seed=1: per_fault={'ctx': True, 'concise': True, 'preamble': True} all_resolved=True n_resolved=3/3 tokens=(4400,546)
  model=mistral-nemo-12b N=3 arm=full_regen real_lme_00085_a11281a2 seed=2: per_fault={'ctx': True, 'concise': True, 'preamble': False} all_resolved=False n_resolved=2/3 tokens=(4400,928)
  model=mistral-nemo-12b N=3 arm=full_regen real_lme_00086_af082822 seed=0: per_fault={'ctx': False, 'concise': True, 'english': True} all_resolved=False n_resolved=2/3 tokens=(4708,611)
  model=mistral-nemo-12b N=3 arm=full_regen real_lme_00086_af082822 seed=1: per_fault={'ctx': True, 'concise': True, 'english': True} all_resolved=True n_resolved=3/3 tokens=(4708,717)
  model=mistral-nemo-12b N=3 arm=full_regen real_lme_00086_af082822 seed=2: per_fault={'ctx': False, 'concise': True, 'english': True} all_resolved=False n_resolved=2/3 tokens=(4708,535)
  model=mistral-nemo-12b N=3 arm=full_regen real_lme_00087_3b6f954b seed=0: per_fault={'ctx': True, 'concise': True, 'preamble': True} all_resolved=True n_resolved=3/3 tokens=(4766,601)
  model=mistral-nemo-12b N=3 arm=full_regen real_lme_00087_3b6f954b seed=1: per_fault={'ctx': True, 'concise': True, 'preamble': True} all_resolved=True n_resolved=3/3 tokens=(4766,614)
  model=mistral-nemo-12b N=3 arm=full_regen real_lme_00087_3b6f954b seed=2: per_fault={'ctx': True, 'concise': True, 'preamble': True} all_resolved=True n_resolved=3/3 tokens=(4766,525)
  model=mistral-nemo-12b N=3 arm=full_regen real_lme_00093_545bd2b5 seed=0: per_fault={'ctx': True, 'bullets': True, 'concise': True} all_resolved=True n_resolved=3/3 tokens=(4798,611)
  model=mistral-nemo-12b N=3 arm=full_regen real_lme_00093_545bd2b5 seed=1: per_fault={'ctx': False, 'bullets': True, 'concise': True} all_resolved=False n_resolved=2/3 tokens=(4798,635)
  model=mistral-nemo-12b N=3 arm=full_regen real_lme_00093_545bd2b5 seed=2: per_fault={'ctx': True, 'bullets': True, 'concise': True} all_resolved=True n_resolved=3/3 tokens=(4798,690)
  model=mistral-nemo-12b N=3 arm=full_regen real_lme_00110_gpt4_1a1dc16d seed=0: per_fault={'ctx': True, 'concise': True, 'preamble': True} all_resolved=True n_resolved=3/3 tokens=(4920,842)
  model=mistral-nemo-12b N=3 arm=full_regen real_lme_00110_gpt4_1a1dc16d seed=1: per_fault={'ctx': True, 'concise': True, 'preamble': True} all_resolved=True n_resolved=3/3 tokens=(4920,867)
  model=mistral-nemo-12b N=3 arm=full_regen real_lme_00110_gpt4_1a1dc16d seed=2: per_fault={'ctx': True, 'concise': True, 'preamble': True} all_resolved=True n_resolved=3/3 tokens=(4920,632)
  model=mistral-nemo-12b N=3 arm=full_regen real_lme_00119_c6853660 seed=0: per_fault={'ctx': True, 'bullets': True, 'preamble': True} all_resolved=True n_resolved=3/3 tokens=(4968,369)
  model=mistral-nemo-12b N=3 arm=full_regen real_lme_00119_c6853660 seed=1: per_fault={'ctx': False, 'bullets': True, 'preamble': True} all_resolved=False n_resolved=2/3 tokens=(4968,500)
  model=mistral-nemo-12b N=3 arm=full_regen real_lme_00119_c6853660 seed=2: per_fault={'ctx': True, 'bullets': True, 'preamble': True} all_resolved=True n_resolved=3/3 tokens=(4968,209)
  model=mistral-nemo-12b N=3 arm=full_regen real_lme_00120_42ec0761 seed=0: per_fault={'ctx': False, 'bullets': True, 'concise': True} all_resolved=False n_resolved=2/3 tokens=(5030,658)
  model=mistral-nemo-12b N=3 arm=full_regen real_lme_00120_42ec0761 seed=1: per_fault={'ctx': True, 'bullets': True, 'concise': True} all_resolved=True n_resolved=3/3 tokens=(5030,678)
  model=mistral-nemo-12b N=3 arm=full_regen real_lme_00120_42ec0761 seed=2: per_fault={'ctx': True, 'bullets': True, 'concise': True} all_resolved=True n_resolved=3/3 tokens=(5030,626)
  model=mistral-nemo-12b N=3 arm=full_regen real_lme_00122_0a34ad58 seed=0: per_fault={'ctx': False, 'bullets': True, 'preamble': True} all_resolved=False n_resolved=2/3 tokens=(5392,950)
  model=mistral-nemo-12b N=3 arm=full_regen real_lme_00122_0a34ad58 seed=1: per_fault={'ctx': False, 'bullets': False, 'preamble': True} all_resolved=False n_resolved=1/3 tokens=(5392,1172)
  model=mistral-nemo-12b N=3 arm=full_regen real_lme_00122_0a34ad58 seed=2: per_fault={'ctx': False, 'bullets': True, 'preamble': True} all_resolved=False n_resolved=2/3 tokens=(5392,920)
  model=mistral-nemo-12b N=3 arm=full_regen real_lme_00123_ceb54acb seed=0: per_fault={'ctx': False, 'english': True, 'preamble': True} all_resolved=False n_resolved=2/3 tokens=(3700,560)
  model=mistral-nemo-12b N=3 arm=full_regen real_lme_00123_ceb54acb seed=1: per_fault={'ctx': False, 'english': True, 'preamble': True} all_resolved=False n_resolved=2/3 tokens=(3700,422)
  model=mistral-nemo-12b N=3 arm=full_regen real_lme_00123_ceb54acb seed=2: per_fault={'ctx': False, 'english': True, 'preamble': True} all_resolved=False n_resolved=2/3 tokens=(3700,727)
  model=mistral-nemo-12b N=3 arm=full_regen real_lme_00133_71a3fd6b seed=0: per_fault={'ctx': True, 'bullets': True, 'concise': True} all_resolved=True n_resolved=3/3 tokens=(3660,543)
  model=mistral-nemo-12b N=3 arm=full_regen real_lme_00133_71a3fd6b seed=1: per_fault={'ctx': True, 'bullets': True, 'concise': True} all_resolved=True n_resolved=3/3 tokens=(3660,381)
  model=mistral-nemo-12b N=3 arm=full_regen real_lme_00133_71a3fd6b seed=2: per_fault={'ctx': True, 'bullets': True, 'concise': True} all_resolved=True n_resolved=3/3 tokens=(3660,431)
  model=mistral-nemo-12b N=3 arm=full_regen real_lme_00135_129d1232 seed=0: per_fault={'ctx': False, 'concise': True, 'english': True} all_resolved=False n_resolved=2/3 tokens=(4968,778)
  model=mistral-nemo-12b N=3 arm=full_regen real_lme_00135_129d1232 seed=1: per_fault={'ctx': True, 'concise': True, 'english': True} all_resolved=True n_resolved=3/3 tokens=(4968,762)
  model=mistral-nemo-12b N=3 arm=full_regen real_lme_00135_129d1232 seed=2: per_fault={'ctx': False, 'concise': True, 'english': True} all_resolved=False n_resolved=2/3 tokens=(4968,693)
  model=mistral-nemo-12b N=3 arm=full_regen real_lme_00144_7a87bd0c seed=0: per_fault={'ctx': True, 'bullets': True, 'preamble': True} all_resolved=True n_resolved=3/3 tokens=(5118,425)
  model=mistral-nemo-12b N=3 arm=full_regen real_lme_00144_7a87bd0c seed=1: per_fault={'ctx': True, 'bullets': True, 'preamble': True} all_resolved=True n_resolved=3/3 tokens=(5118,355)
  model=mistral-nemo-12b N=3 arm=full_regen real_lme_00144_7a87bd0c seed=2: per_fault={'ctx': True, 'bullets': True, 'preamble': True} all_resolved=True n_resolved=3/3 tokens=(5118,348)
  model=mistral-nemo-12b N=3 arm=full_regen real_lme_00156_e831120c seed=0: per_fault={'ctx': True, 'concise': False, 'preamble': True} all_resolved=False n_resolved=2/3 tokens=(5622,770)
  model=mistral-nemo-12b N=3 arm=full_regen real_lme_00156_e831120c seed=1: per_fault={'ctx': True, 'concise': False, 'preamble': True} all_resolved=False n_resolved=2/3 tokens=(5622,659)
  model=mistral-nemo-12b N=3 arm=full_regen real_lme_00156_e831120c seed=2: per_fault={'ctx': False, 'concise': True, 'preamble': True} all_resolved=False n_resolved=2/3 tokens=(5622,682)
  model=mistral-nemo-12b N=3 arm=full_regen real_lme_00168_gpt4_68e94287 seed=0: per_fault={'ctx': True, 'bullets': True, 'concise': True} all_resolved=True n_resolved=3/3 tokens=(5706,603)
  model=mistral-nemo-12b N=3 arm=full_regen real_lme_00168_gpt4_68e94287 seed=1: per_fault={'ctx': True, 'bullets': True, 'concise': True} all_resolved=True n_resolved=3/3 tokens=(5706,616)
  model=mistral-nemo-12b N=3 arm=full_regen real_lme_00168_gpt4_68e94287 seed=2: per_fault={'ctx': False, 'bullets': True, 'concise': True} all_resolved=False n_resolved=2/3 tokens=(5706,729)
  model=mistral-nemo-12b N=3 arm=full_regen real_lme_00183_8464fc84 seed=0: per_fault={'ctx': True, 'concise': True, 'preamble': True} all_resolved=True n_resolved=3/3 tokens=(4958,668)
  model=mistral-nemo-12b N=3 arm=full_regen real_lme_00183_8464fc84 seed=1: per_fault={'ctx': True, 'concise': True, 'preamble': True} all_resolved=True n_resolved=3/3 tokens=(4958,446)
  model=mistral-nemo-12b N=3 arm=full_regen real_lme_00183_8464fc84 seed=2: per_fault={'ctx': True, 'concise': True, 'preamble': True} all_resolved=True n_resolved=3/3 tokens=(4958,559)
  model=mistral-nemo-12b N=3 arm=full_regen real_lme_00184_45dc21b6 seed=0: per_fault={'ctx': False, 'concise': True, 'preamble': True} all_resolved=False n_resolved=2/3 tokens=(4800,609)
  model=mistral-nemo-12b N=3 arm=full_regen real_lme_00184_45dc21b6 seed=1: per_fault={'ctx': True, 'concise': True, 'preamble': True} all_resolved=True n_resolved=3/3 tokens=(4800,873)
  model=mistral-nemo-12b N=3 arm=full_regen real_lme_00184_45dc21b6 seed=2: per_fault={'ctx': False, 'concise': True, 'preamble': True} all_resolved=False n_resolved=2/3 tokens=(4800,539)
  model=mistral-nemo-12b N=3 arm=full_regen real_lme_00191_993da5e2 seed=0: per_fault={'ctx': False, 'english': True, 'preamble': True} all_resolved=False n_resolved=2/3 tokens=(5270,836)
  model=mistral-nemo-12b N=3 arm=full_regen real_lme_00191_993da5e2 seed=1: per_fault={'ctx': False, 'english': True, 'preamble': True} all_resolved=False n_resolved=2/3 tokens=(5270,763)
  model=mistral-nemo-12b N=3 arm=full_regen real_lme_00191_993da5e2 seed=2: per_fault={'ctx': False, 'english': True, 'preamble': True} all_resolved=False n_resolved=2/3 tokens=(5270,578)
  model=mistral-nemo-12b N=3 arm=full_regen real_lme_00195_gpt4_1d80365e seed=0: per_fault={'ctx': True, 'concise': False, 'preamble': True} all_resolved=False n_resolved=2/3 tokens=(4950,745)
  model=mistral-nemo-12b N=3 arm=full_regen real_lme_00195_gpt4_1d80365e seed=1: per_fault={'ctx': False, 'concise': False, 'preamble': True} all_resolved=False n_resolved=1/3 tokens=(4950,811)
  model=mistral-nemo-12b N=3 arm=full_regen real_lme_00195_gpt4_1d80365e seed=2: per_fault={'ctx': False, 'concise': True, 'preamble': True} all_resolved=False n_resolved=2/3 tokens=(4950,824)
  model=mistral-nemo-12b N=3 arm=full_regen real_lme_00197_gpt4_213fd887 seed=0: per_fault={'ctx': True, 'concise': True, 'preamble': True} all_resolved=True n_resolved=3/3 tokens=(5182,465)
  model=mistral-nemo-12b N=3 arm=full_regen real_lme_00197_gpt4_213fd887 seed=1: per_fault={'ctx': False, 'concise': False, 'preamble': True} all_resolved=False n_resolved=1/3 tokens=(5182,687)
  model=mistral-nemo-12b N=3 arm=full_regen real_lme_00197_gpt4_213fd887 seed=2: per_fault={'ctx': True, 'concise': True, 'preamble': True} all_resolved=True n_resolved=3/3 tokens=(5182,448)
  model=mistral-nemo-12b N=3 arm=full_regen real_lme_00198_gpt4_d6585ce8 seed=0: per_fault={'ctx': False, 'concise': False, 'preamble': True} all_resolved=False n_resolved=1/3 tokens=(5742,1090)
  model=mistral-nemo-12b N=3 arm=full_regen real_lme_00198_gpt4_d6585ce8 seed=1: per_fault={'ctx': False, 'concise': False, 'preamble': True} all_resolved=False n_resolved=1/3 tokens=(5742,1030)
  model=mistral-nemo-12b N=3 arm=full_regen real_lme_00198_gpt4_d6585ce8 seed=2: per_fault={'ctx': True, 'concise': False, 'preamble': True} all_resolved=False n_resolved=2/3 tokens=(5742,761)
  model=mistral-nemo-12b N=3 arm=full_regen real_lme_00209_7e974930 seed=0: per_fault={'ctx': True, 'concise': True, 'english': True} all_resolved=True n_resolved=3/3 tokens=(5110,679)
  model=mistral-nemo-12b N=3 arm=full_regen real_lme_00209_7e974930 seed=1: per_fault={'ctx': True, 'concise': True, 'english': True} all_resolved=True n_resolved=3/3 tokens=(5110,691)
  model=mistral-nemo-12b N=3 arm=full_regen real_lme_00209_7e974930 seed=2: per_fault={'ctx': False, 'concise': True, 'english': True} all_resolved=False n_resolved=2/3 tokens=(5110,663)
  model=mistral-nemo-12b N=3 arm=full_regen real_lme_00212_e01b8e2f seed=0: per_fault={'ctx': True, 'concise': True, 'preamble': True} all_resolved=True n_resolved=3/3 tokens=(4870,445)
  model=mistral-nemo-12b N=3 arm=full_regen real_lme_00212_e01b8e2f seed=1: per_fault={'ctx': True, 'concise': True, 'preamble': True} all_resolved=True n_resolved=3/3 tokens=(4870,616)
  model=mistral-nemo-12b N=3 arm=full_regen real_lme_00212_e01b8e2f seed=2: per_fault={'ctx': True, 'concise': True, 'preamble': True} all_resolved=True n_resolved=3/3 tokens=(4870,461)
  model=mistral-nemo-12b N=3 arm=full_regen real_lme_00216_2698e78f_abs seed=0: per_fault={'ctx': True, 'bullets': True, 'concise': False} all_resolved=False n_resolved=2/3 tokens=(4640,543)
  model=mistral-nemo-12b N=3 arm=full_regen real_lme_00216_2698e78f_abs seed=1: per_fault={'ctx': True, 'bullets': True, 'concise': False} all_resolved=False n_resolved=2/3 tokens=(4640,408)
  model=mistral-nemo-12b N=3 arm=full_regen real_lme_00216_2698e78f_abs seed=2: per_fault={'ctx': True, 'bullets': True, 'concise': False} all_resolved=False n_resolved=2/3 tokens=(4640,464)
  model=mistral-nemo-12b N=3 arm=full_regen real_lme_00220_gpt4_2312f94c seed=0: per_fault={'ctx': True, 'bullets': True, 'concise': True} all_resolved=True n_resolved=3/3 tokens=(5250,374)
  model=mistral-nemo-12b N=3 arm=full_regen real_lme_00220_gpt4_2312f94c seed=1: per_fault={'ctx': True, 'bullets': True, 'concise': True} all_resolved=True n_resolved=3/3 tokens=(5250,612)
  model=mistral-nemo-12b N=3 arm=full_regen real_lme_00220_gpt4_2312f94c seed=2: per_fault={'ctx': True, 'bullets': True, 'concise': True} all_resolved=True n_resolved=3/3 tokens=(5250,520)
  model=mistral-nemo-12b N=3 arm=full_regen real_lme_00222_3f1e9474 seed=0: per_fault={'ctx': True, 'concise': True, 'preamble': True} all_resolved=True n_resolved=3/3 tokens=(4856,427)
  model=mistral-nemo-12b N=3 arm=full_regen real_lme_00222_3f1e9474 seed=1: per_fault={'ctx': True, 'concise': True, 'preamble': True} all_resolved=True n_resolved=3/3 tokens=(4856,462)
  model=mistral-nemo-12b N=3 arm=full_regen real_lme_00222_3f1e9474 seed=2: per_fault={'ctx': True, 'concise': True, 'preamble': True} all_resolved=True n_resolved=3/3 tokens=(4856,447)
  model=mistral-nemo-12b N=3 arm=full_regen real_lme_00224_dccbc061 seed=0: per_fault={'ctx': True, 'bullets': True, 'concise': True} all_resolved=True n_resolved=3/3 tokens=(4436,287)
  model=mistral-nemo-12b N=3 arm=full_regen real_lme_00224_dccbc061 seed=1: per_fault={'ctx': True, 'bullets': True, 'concise': True} all_resolved=True n_resolved=3/3 tokens=(4436,217)
  model=mistral-nemo-12b N=3 arm=full_regen real_lme_00224_dccbc061 seed=2: per_fault={'ctx': True, 'bullets': True, 'concise': True} all_resolved=True n_resolved=3/3 tokens=(4435,274)
  model=mistral-nemo-12b N=3 arm=full_regen real_lme_00226_b759caee seed=0: per_fault={'ctx': True, 'bullets': True, 'concise': True} all_resolved=True n_resolved=3/3 tokens=(4162,679)
  model=mistral-nemo-12b N=3 arm=full_regen real_lme_00226_b759caee seed=1: per_fault={'ctx': True, 'bullets': True, 'concise': True} all_resolved=True n_resolved=3/3 tokens=(4162,639)
  model=mistral-nemo-12b N=3 arm=full_regen real_lme_00226_b759caee seed=2: per_fault={'ctx': True, 'bullets': True, 'concise': True} all_resolved=True n_resolved=3/3 tokens=(4162,509)
  model=mistral-nemo-12b N=3 arm=full_regen real_lme_00227_8aef76bc seed=0: per_fault={'ctx': True, 'bullets': True, 'preamble': True} all_resolved=True n_resolved=3/3 tokens=(4274,593)
  model=mistral-nemo-12b N=3 arm=full_regen real_lme_00227_8aef76bc seed=1: per_fault={'ctx': True, 'bullets': True, 'preamble': True} all_resolved=True n_resolved=3/3 tokens=(4274,766)
  model=mistral-nemo-12b N=3 arm=full_regen real_lme_00227_8aef76bc seed=2: per_fault={'ctx': True, 'bullets': True, 'preamble': True} all_resolved=True n_resolved=3/3 tokens=(4274,642)
  model=mistral-nemo-12b N=3 arm=full_regen real_lme_00232_gpt4_59c863d7 seed=0: per_fault={'ctx': False, 'concise': False, 'english': True} all_resolved=False n_resolved=1/3 tokens=(5830,978)
  model=mistral-nemo-12b N=3 arm=full_regen real_lme_00232_gpt4_59c863d7 seed=1: per_fault={'ctx': False, 'concise': False, 'english': True} all_resolved=False n_resolved=1/3 tokens=(5830,874)
  model=mistral-nemo-12b N=3 arm=full_regen real_lme_00232_gpt4_59c863d7 seed=2: per_fault={'ctx': False, 'concise': True, 'english': True} all_resolved=False n_resolved=2/3 tokens=(5830,631)
  model=mistral-nemo-12b N=3 arm=full_regen real_lme_00240_09ba9854 seed=0: per_fault={'ctx': False, 'concise': True, 'preamble': True} all_resolved=False n_resolved=2/3 tokens=(5324,891)
  model=mistral-nemo-12b N=3 arm=full_regen real_lme_00240_09ba9854 seed=1: per_fault={'ctx': True, 'concise': True, 'preamble': True} all_resolved=True n_resolved=3/3 tokens=(5324,1034)
  model=mistral-nemo-12b N=3 arm=full_regen real_lme_00240_09ba9854 seed=2: per_fault={'ctx': False, 'concise': True, 'preamble': True} all_resolved=False n_resolved=2/3 tokens=(5324,1105)
  model=mistral-nemo-12b N=3 arm=full_regen real_lme_00247_1d4da289 seed=0: per_fault={'ctx': True, 'bullets': True, 'concise': True} all_resolved=True n_resolved=3/3 tokens=(4600,645)
  model=mistral-nemo-12b N=3 arm=full_regen real_lme_00247_1d4da289 seed=1: per_fault={'ctx': True, 'bullets': True, 'concise': True} all_resolved=True n_resolved=3/3 tokens=(4600,569)
  model=mistral-nemo-12b N=3 arm=full_regen real_lme_00247_1d4da289 seed=2: per_fault={'ctx': True, 'bullets': True, 'concise': True} all_resolved=True n_resolved=3/3 tokens=(4600,755)
  model=mistral-nemo-12b N=3 arm=full_regen real_lme_00254_ba358f49 seed=0: per_fault={'ctx': True, 'bullets': True, 'concise': True} all_resolved=True n_resolved=3/3 tokens=(4554,587)
  model=mistral-nemo-12b N=3 arm=full_regen real_lme_00254_ba358f49 seed=1: per_fault={'ctx': False, 'bullets': True, 'concise': True} all_resolved=False n_resolved=2/3 tokens=(4554,757)
  model=mistral-nemo-12b N=3 arm=full_regen real_lme_00254_ba358f49 seed=2: per_fault={'ctx': True, 'bullets': True, 'concise': True} all_resolved=True n_resolved=3/3 tokens=(4554,664)
  model=mistral-nemo-12b N=3 arm=full_regen real_lme_00257_10e09553 seed=0: per_fault={'ctx': True, 'concise': True, 'preamble': True} all_resolved=True n_resolved=3/3 tokens=(5056,638)
  model=mistral-nemo-12b N=3 arm=full_regen real_lme_00257_10e09553 seed=1: per_fault={'ctx': True, 'concise': True, 'preamble': True} all_resolved=True n_resolved=3/3 tokens=(5056,709)
  model=mistral-nemo-12b N=3 arm=full_regen real_lme_00257_10e09553 seed=2: per_fault={'ctx': True, 'concise': True, 'preamble': True} all_resolved=True n_resolved=3/3 tokens=(5056,694)
  model=mistral-nemo-12b N=3 arm=full_regen real_lme_00258_gpt4_93159ced_abs seed=0: per_fault={'ctx': False, 'english': True, 'preamble': True} all_resolved=False n_resolved=2/3 tokens=(4948,705)
  model=mistral-nemo-12b N=3 arm=full_regen real_lme_00258_gpt4_93159ced_abs seed=1: per_fault={'ctx': False, 'english': True, 'preamble': True} all_resolved=False n_resolved=2/3 tokens=(4948,652)
  model=mistral-nemo-12b N=3 arm=full_regen real_lme_00258_gpt4_93159ced_abs seed=2: per_fault={'ctx': False, 'english': True, 'preamble': True} all_resolved=False n_resolved=2/3 tokens=(4948,582)
  model=mistral-nemo-12b N=3 arm=full_regen real_lme_00263_2698e78f seed=0: per_fault={'ctx': False, 'bullets': True, 'concise': False} all_resolved=False n_resolved=1/3 tokens=(4920,234)
  model=mistral-nemo-12b N=3 arm=full_regen real_lme_00263_2698e78f seed=1: per_fault={'ctx': True, 'bullets': True, 'concise': False} all_resolved=False n_resolved=2/3 tokens=(4920,395)
  model=mistral-nemo-12b N=3 arm=full_regen real_lme_00263_2698e78f seed=2: per_fault={'ctx': False, 'bullets': True, 'concise': False} all_resolved=False n_resolved=1/3 tokens=(4920,330)
  model=mistral-nemo-12b N=3 arm=full_regen real_lme_00264_7161e7e2 seed=0: per_fault={'ctx': True, 'english': True, 'preamble': True} all_resolved=True n_resolved=3/3 tokens=(5692,712)
  model=mistral-nemo-12b N=3 arm=full_regen real_lme_00264_7161e7e2 seed=1: per_fault={'ctx': False, 'english': True, 'preamble': True} all_resolved=False n_resolved=2/3 tokens=(5692,778)
  model=mistral-nemo-12b N=3 arm=full_regen real_lme_00264_7161e7e2 seed=2: per_fault={'ctx': True, 'english': True, 'preamble': True} all_resolved=True n_resolved=3/3 tokens=(5692,703)
  model=mistral-nemo-12b N=3 arm=full_regen real_lme_00267_8550ddae seed=0: per_fault={'ctx': False, 'concise': True, 'english': True} all_resolved=False n_resolved=2/3 tokens=(4820,642)
  model=mistral-nemo-12b N=3 arm=full_regen real_lme_00267_8550ddae seed=1: per_fault={'ctx': True, 'concise': True, 'english': True} all_resolved=True n_resolved=3/3 tokens=(4820,573)
  model=mistral-nemo-12b N=3 arm=full_regen real_lme_00267_8550ddae seed=2: per_fault={'ctx': True, 'concise': False, 'english': True} all_resolved=False n_resolved=2/3 tokens=(4820,759)
  model=mistral-nemo-12b N=3 arm=full_regen real_lme_00279_6222b6eb seed=0: per_fault={'ctx': True, 'concise': False, 'english': True} all_resolved=False n_resolved=2/3 tokens=(4932,1031)
  model=mistral-nemo-12b N=3 arm=full_regen real_lme_00279_6222b6eb seed=1: per_fault={'ctx': False, 'concise': True, 'english': True} all_resolved=False n_resolved=2/3 tokens=(4932,735)
  model=mistral-nemo-12b N=3 arm=full_regen real_lme_00279_6222b6eb seed=2: per_fault={'ctx': True, 'concise': True, 'english': True} all_resolved=True n_resolved=3/3 tokens=(4932,1089)
  model=mistral-nemo-12b N=3 arm=full_regen real_lme_00285_a96c20ee_abs seed=0: per_fault={'ctx': False, 'concise': False, 'preamble': True} all_resolved=False n_resolved=1/3 tokens=(4436,733)
  model=mistral-nemo-12b N=3 arm=full_regen real_lme_00285_a96c20ee_abs seed=1: per_fault={'ctx': False, 'concise': True, 'preamble': True} all_resolved=False n_resolved=2/3 tokens=(4436,685)
  model=mistral-nemo-12b N=3 arm=full_regen real_lme_00285_a96c20ee_abs seed=2: per_fault={'ctx': False, 'concise': True, 'preamble': True} all_resolved=False n_resolved=2/3 tokens=(4436,630)
  model=mistral-nemo-12b N=3 arm=full_regen real_lme_00288_c8090214_abs seed=0: per_fault={'ctx': False, 'concise': True, 'english': True} all_resolved=False n_resolved=2/3 tokens=(5230,513)
  model=mistral-nemo-12b N=3 arm=full_regen real_lme_00288_c8090214_abs seed=1: per_fault={'ctx': False, 'concise': True, 'english': True} all_resolved=False n_resolved=2/3 tokens=(5230,580)
  model=mistral-nemo-12b N=3 arm=full_regen real_lme_00288_c8090214_abs seed=2: per_fault={'ctx': False, 'concise': True, 'english': True} all_resolved=False n_resolved=2/3 tokens=(5230,575)
  model=mistral-nemo-12b N=3 arm=full_regen real_lme_00293_27016adc seed=0: per_fault={'ctx': True, 'bullets': True, 'concise': False} all_resolved=False n_resolved=2/3 tokens=(4839,666)
  model=mistral-nemo-12b N=3 arm=full_regen real_lme_00293_27016adc seed=1: per_fault={'ctx': False, 'bullets': True, 'concise': True} all_resolved=False n_resolved=2/3 tokens=(4838,621)
  model=mistral-nemo-12b N=3 arm=full_regen real_lme_00293_27016adc seed=2: per_fault={'ctx': True, 'bullets': True, 'concise': True} all_resolved=True n_resolved=3/3 tokens=(4839,647)
  model=mistral-nemo-12b N=3 arm=full_regen real_lme_00300_c9f37c46 seed=0: per_fault={'ctx': False, 'english': True, 'preamble': True} all_resolved=False n_resolved=2/3 tokens=(4650,614)
  model=mistral-nemo-12b N=3 arm=full_regen real_lme_00300_c9f37c46 seed=1: per_fault={'ctx': False, 'english': True, 'preamble': True} all_resolved=False n_resolved=2/3 tokens=(4650,683)
  model=mistral-nemo-12b N=3 arm=full_regen real_lme_00300_c9f37c46 seed=2: per_fault={'ctx': False, 'english': True, 'preamble': True} all_resolved=False n_resolved=2/3 tokens=(4650,714)
  model=mistral-nemo-12b N=3 arm=full_regen real_lme_00306_gpt4_2f56ae70 seed=0: per_fault={'ctx': False, 'concise': True, 'preamble': True} all_resolved=False n_resolved=2/3 tokens=(4506,474)
  model=mistral-nemo-12b N=3 arm=full_regen real_lme_00306_gpt4_2f56ae70 seed=1: per_fault={'ctx': True, 'concise': True, 'preamble': True} all_resolved=True n_resolved=3/3 tokens=(4506,394)
  model=mistral-nemo-12b N=3 arm=full_regen real_lme_00306_gpt4_2f56ae70 seed=2: per_fault={'ctx': True, 'concise': True, 'preamble': True} all_resolved=True n_resolved=3/3 tokens=(4506,403)
  model=mistral-nemo-12b N=3 arm=full_regen real_lme_00308_gpt4_4929293a seed=0: per_fault={'ctx': True, 'bullets': True, 'concise': True} all_resolved=True n_resolved=3/3 tokens=(4756,845)
  model=mistral-nemo-12b N=3 arm=full_regen real_lme_00308_gpt4_4929293a seed=1: per_fault={'ctx': True, 'bullets': True, 'concise': True} all_resolved=True n_resolved=3/3 tokens=(4756,740)
  model=mistral-nemo-12b N=3 arm=full_regen real_lme_00308_gpt4_4929293a seed=2: per_fault={'ctx': False, 'bullets': True, 'concise': False} all_resolved=False n_resolved=1/3 tokens=(4756,1001)
  model=mistral-nemo-12b N=3 arm=full_regen real_lme_00312_a3332713 seed=0: per_fault={'ctx': False, 'concise': True, 'english': True} all_resolved=False n_resolved=2/3 tokens=(5084,416)
  model=mistral-nemo-12b N=3 arm=full_regen real_lme_00312_a3332713 seed=1: per_fault={'ctx': False, 'concise': True, 'english': True} all_resolved=False n_resolved=2/3 tokens=(5084,201)
  model=mistral-nemo-12b N=3 arm=full_regen real_lme_00312_a3332713 seed=2: per_fault={'ctx': True, 'concise': True, 'english': True} all_resolved=True n_resolved=3/3 tokens=(5084,183)
  model=mistral-nemo-12b N=3 arm=full_regen real_lme_00322_0a34ad58 seed=0: per_fault={'ctx': False, 'concise': True, 'english': True} all_resolved=False n_resolved=2/3 tokens=(5736,627)
  model=mistral-nemo-12b N=3 arm=full_regen real_lme_00322_0a34ad58 seed=1: per_fault={'ctx': False, 'concise': True, 'english': True} all_resolved=False n_resolved=2/3 tokens=(5736,485)
  model=mistral-nemo-12b N=3 arm=full_regen real_lme_00322_0a34ad58 seed=2: per_fault={'ctx': False, 'concise': True, 'english': True} all_resolved=False n_resolved=2/3 tokens=(5736,1004)
  model=mistral-nemo-12b N=3 arm=full_regen real_lme_00328_57f827a0 seed=0: per_fault={'ctx': False, 'concise': False, 'preamble': True} all_resolved=False n_resolved=1/3 tokens=(5466,838)
  model=mistral-nemo-12b N=3 arm=full_regen real_lme_00328_57f827a0 seed=1: per_fault={'ctx': False, 'concise': False, 'preamble': True} all_resolved=False n_resolved=1/3 tokens=(5465,941)
  model=mistral-nemo-12b N=3 arm=full_regen real_lme_00328_57f827a0 seed=2: per_fault={'ctx': False, 'concise': False, 'preamble': True} all_resolved=False n_resolved=1/3 tokens=(5465,958)
--- [mistral-nemo-12b][full_regen] N=3: rows written=180 errors=0 tokens_in=893516 tokens_out=120932 ---
  model=mistral-nemo-12b N=3 arm=react real_lme_00001_603deb26 seed=0: per_fault={'ctx': True, 'concise': True, 'english': True} all_resolved=True n_resolved=3/3 tokens=(5324,766)
  model=mistral-nemo-12b N=3 arm=react real_lme_00001_603deb26 seed=1: per_fault={'ctx': True, 'concise': True, 'english': True} all_resolved=True n_resolved=3/3 tokens=(5324,766)
  model=mistral-nemo-12b N=3 arm=react real_lme_00001_603deb26 seed=2: per_fault={'ctx': True, 'concise': True, 'english': True} all_resolved=True n_resolved=3/3 tokens=(5324,611)
  model=mistral-nemo-12b N=3 arm=react real_lme_00007_5025383b seed=0: per_fault={'ctx': False, 'bullets': True, 'preamble': True} all_resolved=False n_resolved=2/3 tokens=(4549,951)
  model=mistral-nemo-12b N=3 arm=react real_lme_00007_5025383b seed=1: per_fault={'ctx': False, 'bullets': True, 'preamble': True} all_resolved=False n_resolved=2/3 tokens=(4549,951)
  model=mistral-nemo-12b N=3 arm=react real_lme_00007_5025383b seed=2: per_fault={'ctx': True, 'bullets': True, 'preamble': True} all_resolved=True n_resolved=3/3 tokens=(4550,899)
  model=mistral-nemo-12b N=3 arm=react real_lme_00010_0a34ad58 seed=0: per_fault={'ctx': False, 'concise': False, 'preamble': True} all_resolved=False n_resolved=1/3 tokens=(5808,1412)
  model=mistral-nemo-12b N=3 arm=react real_lme_00010_0a34ad58 seed=1: per_fault={'ctx': False, 'concise': False, 'preamble': True} all_resolved=False n_resolved=1/3 tokens=(5808,1412)
  model=mistral-nemo-12b N=3 arm=react real_lme_00010_0a34ad58 seed=2: per_fault={'ctx': False, 'concise': False, 'preamble': True} all_resolved=False n_resolved=1/3 tokens=(5808,1260)
  model=mistral-nemo-12b N=3 arm=react real_lme_00016_f8c5f88b seed=0: per_fault={'ctx': True, 'bullets': True, 'concise': True} all_resolved=True n_resolved=3/3 tokens=(5016,518)
  model=mistral-nemo-12b N=3 arm=react real_lme_00016_f8c5f88b seed=1: per_fault={'ctx': True, 'bullets': True, 'concise': True} all_resolved=True n_resolved=3/3 tokens=(5016,518)
  model=mistral-nemo-12b N=3 arm=react real_lme_00016_f8c5f88b seed=2: per_fault={'ctx': True, 'bullets': True, 'concise': True} all_resolved=True n_resolved=3/3 tokens=(5016,530)
  model=mistral-nemo-12b N=3 arm=react real_lme_00018_gpt4_d31cdae3 seed=0: per_fault={'ctx': False, 'concise': True, 'english': True} all_resolved=False n_resolved=2/3 tokens=(5114,867)
  model=mistral-nemo-12b N=3 arm=react real_lme_00018_gpt4_d31cdae3 seed=1: per_fault={'ctx': False, 'concise': True, 'english': True} all_resolved=False n_resolved=2/3 tokens=(5114,867)
  model=mistral-nemo-12b N=3 arm=react real_lme_00018_gpt4_d31cdae3 seed=2: per_fault={'ctx': False, 'concise': True, 'english': True} all_resolved=False n_resolved=2/3 tokens=(5114,1070)
  model=mistral-nemo-12b N=3 arm=react real_lme_00032_22d2cb42 seed=0: per_fault={'ctx': True, 'english': True, 'preamble': True} all_resolved=True n_resolved=3/3 tokens=(4730,759)
  model=mistral-nemo-12b N=3 arm=react real_lme_00032_22d2cb42 seed=1: per_fault={'ctx': True, 'english': True, 'preamble': True} all_resolved=True n_resolved=3/3 tokens=(4730,759)
  model=mistral-nemo-12b N=3 arm=react real_lme_00032_22d2cb42 seed=2: per_fault={'ctx': False, 'english': True, 'preamble': True} all_resolved=False n_resolved=2/3 tokens=(4730,858)
  model=mistral-nemo-12b N=3 arm=react real_lme_00043_c2ac3c61 seed=0: per_fault={'ctx': True, 'bullets': True, 'concise': True} all_resolved=True n_resolved=3/3 tokens=(4880,381)
  model=mistral-nemo-12b N=3 arm=react real_lme_00043_c2ac3c61 seed=1: per_fault={'ctx': True, 'bullets': True, 'concise': True} all_resolved=True n_resolved=3/3 tokens=(4880,381)
  model=mistral-nemo-12b N=3 arm=react real_lme_00043_c2ac3c61 seed=2: per_fault={'ctx': True, 'bullets': True, 'concise': True} all_resolved=True n_resolved=3/3 tokens=(4881,504)
  model=mistral-nemo-12b N=3 arm=react real_lme_00049_0862e8bf_abs seed=0: per_fault={'ctx': False, 'concise': True, 'english': True} all_resolved=False n_resolved=2/3 tokens=(5194,878)
  model=mistral-nemo-12b N=3 arm=react real_lme_00049_0862e8bf_abs seed=1: per_fault={'ctx': False, 'concise': True, 'english': True} all_resolved=False n_resolved=2/3 tokens=(5194,878)
  model=mistral-nemo-12b N=3 arm=react real_lme_00049_0862e8bf_abs seed=2: per_fault={'ctx': False, 'concise': True, 'english': True} all_resolved=False n_resolved=2/3 tokens=(5194,696)
  model=mistral-nemo-12b N=3 arm=react real_lme_00053_21d02d0d seed=0: per_fault={'ctx': True, 'bullets': True, 'concise': True} all_resolved=True n_resolved=3/3 tokens=(5038,1141)
  model=mistral-nemo-12b N=3 arm=react real_lme_00053_21d02d0d seed=1: per_fault={'ctx': True, 'bullets': True, 'concise': True} all_resolved=True n_resolved=3/3 tokens=(5038,1141)
  model=mistral-nemo-12b N=3 arm=react real_lme_00053_21d02d0d seed=2: per_fault={'ctx': True, 'bullets': True, 'concise': True} all_resolved=True n_resolved=3/3 tokens=(5038,802)
  model=mistral-nemo-12b N=3 arm=react real_lme_00059_2ebe6c90 seed=0: per_fault={'ctx': False, 'concise': False, 'english': True} all_resolved=False n_resolved=1/3 tokens=(4726,1623)
  model=mistral-nemo-12b N=3 arm=react real_lme_00059_2ebe6c90 seed=1: per_fault={'ctx': False, 'concise': False, 'english': True} all_resolved=False n_resolved=1/3 tokens=(4726,1623)
  model=mistral-nemo-12b N=3 arm=react real_lme_00059_2ebe6c90 seed=2: per_fault={'ctx': False, 'concise': True, 'english': True} all_resolved=False n_resolved=2/3 tokens=(4726,1377)
  model=mistral-nemo-12b N=3 arm=react real_lme_00069_gpt4_31ff4165 seed=0: per_fault={'ctx': False, 'bullets': True, 'concise': True} all_resolved=False n_resolved=2/3 tokens=(5226,1060)
  model=mistral-nemo-12b N=3 arm=react real_lme_00069_gpt4_31ff4165 seed=1: per_fault={'ctx': False, 'bullets': True, 'concise': True} all_resolved=False n_resolved=2/3 tokens=(5226,1060)
  model=mistral-nemo-12b N=3 arm=react real_lme_00069_gpt4_31ff4165 seed=2: per_fault={'ctx': False, 'bullets': True, 'concise': True} all_resolved=False n_resolved=2/3 tokens=(5226,1436)
  model=mistral-nemo-12b N=3 arm=react real_lme_00076_f4f1d8a4_abs seed=0: per_fault={'ctx': True, 'bullets': True, 'preamble': True} all_resolved=True n_resolved=3/3 tokens=(5522,641)
  model=mistral-nemo-12b N=3 arm=react real_lme_00076_f4f1d8a4_abs seed=1: per_fault={'ctx': True, 'bullets': True, 'preamble': True} all_resolved=True n_resolved=3/3 tokens=(5522,641)
  model=mistral-nemo-12b N=3 arm=react real_lme_00076_f4f1d8a4_abs seed=2: per_fault={'ctx': True, 'bullets': True, 'preamble': True} all_resolved=True n_resolved=3/3 tokens=(5522,601)
  model=mistral-nemo-12b N=3 arm=react real_lme_00081_afdc33df seed=0: per_fault={'ctx': False, 'concise': False, 'english': True} all_resolved=False n_resolved=1/3 tokens=(5805,1564)
  model=mistral-nemo-12b N=3 arm=react real_lme_00081_afdc33df seed=1: per_fault={'ctx': False, 'concise': False, 'english': True} all_resolved=False n_resolved=1/3 tokens=(5805,1564)
  model=mistral-nemo-12b N=3 arm=react real_lme_00081_afdc33df seed=2: per_fault={'ctx': False, 'concise': True, 'english': True} all_resolved=False n_resolved=2/3 tokens=(5806,1262)
  model=mistral-nemo-12b N=3 arm=react real_lme_00085_a11281a2 seed=0: per_fault={'ctx': True, 'concise': True, 'preamble': True} all_resolved=True n_resolved=3/3 tokens=(4456,819)
  model=mistral-nemo-12b N=3 arm=react real_lme_00085_a11281a2 seed=1: per_fault={'ctx': True, 'concise': True, 'preamble': True} all_resolved=True n_resolved=3/3 tokens=(4456,819)
  model=mistral-nemo-12b N=3 arm=react real_lme_00085_a11281a2 seed=2: per_fault={'ctx': True, 'concise': True, 'preamble': False} all_resolved=False n_resolved=2/3 tokens=(4456,1059)
  model=mistral-nemo-12b N=3 arm=react real_lme_00086_af082822 seed=0: per_fault={'ctx': False, 'concise': True, 'english': True} all_resolved=False n_resolved=2/3 tokens=(4764,957)
  model=mistral-nemo-12b N=3 arm=react real_lme_00086_af082822 seed=1: per_fault={'ctx': False, 'concise': True, 'english': True} all_resolved=False n_resolved=2/3 tokens=(4764,957)
  model=mistral-nemo-12b N=3 arm=react real_lme_00086_af082822 seed=2: per_fault={'ctx': False, 'concise': True, 'english': True} all_resolved=False n_resolved=2/3 tokens=(4764,804)
  model=mistral-nemo-12b N=3 arm=react real_lme_00087_3b6f954b seed=0: per_fault={'ctx': True, 'concise': True, 'preamble': True} all_resolved=True n_resolved=3/3 tokens=(4822,930)
  model=mistral-nemo-12b N=3 arm=react real_lme_00087_3b6f954b seed=1: per_fault={'ctx': True, 'concise': True, 'preamble': True} all_resolved=True n_resolved=3/3 tokens=(4822,930)
  model=mistral-nemo-12b N=3 arm=react real_lme_00087_3b6f954b seed=2: per_fault={'ctx': True, 'concise': True, 'preamble': True} all_resolved=True n_resolved=3/3 tokens=(4822,522)
  model=mistral-nemo-12b N=3 arm=react real_lme_00093_545bd2b5 seed=0: per_fault={'ctx': True, 'bullets': True, 'concise': True} all_resolved=True n_resolved=3/3 tokens=(4854,766)
  model=mistral-nemo-12b N=3 arm=react real_lme_00093_545bd2b5 seed=1: per_fault={'ctx': True, 'bullets': True, 'concise': True} all_resolved=True n_resolved=3/3 tokens=(4854,766)
  model=mistral-nemo-12b N=3 arm=react real_lme_00093_545bd2b5 seed=2: per_fault={'ctx': True, 'bullets': True, 'concise': True} all_resolved=True n_resolved=3/3 tokens=(4854,665)
  model=mistral-nemo-12b N=3 arm=react real_lme_00110_gpt4_1a1dc16d seed=0: per_fault={'ctx': True, 'concise': True, 'preamble': True} all_resolved=True n_resolved=3/3 tokens=(4976,880)
  model=mistral-nemo-12b N=3 arm=react real_lme_00110_gpt4_1a1dc16d seed=1: per_fault={'ctx': True, 'concise': True, 'preamble': True} all_resolved=True n_resolved=3/3 tokens=(4976,880)
  model=mistral-nemo-12b N=3 arm=react real_lme_00110_gpt4_1a1dc16d seed=2: per_fault={'ctx': False, 'concise': True, 'preamble': True} all_resolved=False n_resolved=2/3 tokens=(4976,672)
  model=mistral-nemo-12b N=3 arm=react real_lme_00119_c6853660 seed=0: per_fault={'ctx': True, 'bullets': True, 'preamble': True} all_resolved=True n_resolved=3/3 tokens=(5024,590)
  model=mistral-nemo-12b N=3 arm=react real_lme_00119_c6853660 seed=1: per_fault={'ctx': True, 'bullets': True, 'preamble': True} all_resolved=True n_resolved=3/3 tokens=(5024,590)
  model=mistral-nemo-12b N=3 arm=react real_lme_00119_c6853660 seed=2: per_fault={'ctx': True, 'bullets': True, 'preamble': True} all_resolved=True n_resolved=3/3 tokens=(5024,786)
  model=mistral-nemo-12b N=3 arm=react real_lme_00120_42ec0761 seed=0: per_fault={'ctx': False, 'bullets': True, 'concise': True} all_resolved=False n_resolved=2/3 tokens=(5086,846)
  model=mistral-nemo-12b N=3 arm=react real_lme_00120_42ec0761 seed=1: per_fault={'ctx': False, 'bullets': True, 'concise': True} all_resolved=False n_resolved=2/3 tokens=(5086,846)
  model=mistral-nemo-12b N=3 arm=react real_lme_00120_42ec0761 seed=2: per_fault={'ctx': True, 'bullets': True, 'concise': True} all_resolved=True n_resolved=3/3 tokens=(5086,816)
  model=mistral-nemo-12b N=3 arm=react real_lme_00122_0a34ad58 seed=0: per_fault={'ctx': False, 'bullets': True, 'preamble': True} all_resolved=False n_resolved=2/3 tokens=(5448,1142)
  model=mistral-nemo-12b N=3 arm=react real_lme_00122_0a34ad58 seed=1: per_fault={'ctx': False, 'bullets': True, 'preamble': True} all_resolved=False n_resolved=2/3 tokens=(5448,1142)
  model=mistral-nemo-12b N=3 arm=react real_lme_00122_0a34ad58 seed=2: per_fault={'ctx': False, 'bullets': True, 'preamble': True} all_resolved=False n_resolved=2/3 tokens=(5448,1068)
  model=mistral-nemo-12b N=3 arm=react real_lme_00123_ceb54acb seed=0: per_fault={'ctx': False, 'english': True, 'preamble': True} all_resolved=False n_resolved=2/3 tokens=(3756,871)
  model=mistral-nemo-12b N=3 arm=react real_lme_00123_ceb54acb seed=1: per_fault={'ctx': False, 'english': True, 'preamble': True} all_resolved=False n_resolved=2/3 tokens=(3756,871)
  model=mistral-nemo-12b N=3 arm=react real_lme_00123_ceb54acb seed=2: per_fault={'ctx': False, 'english': True, 'preamble': True} all_resolved=False n_resolved=2/3 tokens=(3756,561)
  model=mistral-nemo-12b N=3 arm=react real_lme_00133_71a3fd6b seed=0: per_fault={'ctx': True, 'bullets': True, 'concise': True} all_resolved=True n_resolved=3/3 tokens=(3716,754)
  model=mistral-nemo-12b N=3 arm=react real_lme_00133_71a3fd6b seed=1: per_fault={'ctx': True, 'bullets': True, 'concise': True} all_resolved=True n_resolved=3/3 tokens=(3716,754)
  model=mistral-nemo-12b N=3 arm=react real_lme_00133_71a3fd6b seed=2: per_fault={'ctx': True, 'bullets': True, 'concise': True} all_resolved=True n_resolved=3/3 tokens=(3716,532)
  model=mistral-nemo-12b N=3 arm=react real_lme_00135_129d1232 seed=0: per_fault={'ctx': True, 'concise': True, 'english': True} all_resolved=True n_resolved=3/3 tokens=(5024,1014)
  model=mistral-nemo-12b N=3 arm=react real_lme_00135_129d1232 seed=1: per_fault={'ctx': True, 'concise': True, 'english': True} all_resolved=True n_resolved=3/3 tokens=(5024,1014)
  model=mistral-nemo-12b N=3 arm=react real_lme_00135_129d1232 seed=2: per_fault={'ctx': True, 'concise': True, 'english': True} all_resolved=True n_resolved=3/3 tokens=(5024,835)
  model=mistral-nemo-12b N=3 arm=react real_lme_00144_7a87bd0c seed=0: per_fault={'ctx': True, 'bullets': True, 'preamble': True} all_resolved=True n_resolved=3/3 tokens=(5174,605)
  model=mistral-nemo-12b N=3 arm=react real_lme_00144_7a87bd0c seed=1: per_fault={'ctx': True, 'bullets': True, 'preamble': True} all_resolved=True n_resolved=3/3 tokens=(5174,605)
  model=mistral-nemo-12b N=3 arm=react real_lme_00144_7a87bd0c seed=2: per_fault={'ctx': True, 'bullets': True, 'preamble': True} all_resolved=True n_resolved=3/3 tokens=(5174,421)
  model=mistral-nemo-12b N=3 arm=react real_lme_00156_e831120c seed=0: per_fault={'ctx': True, 'concise': False, 'preamble': True} all_resolved=False n_resolved=2/3 tokens=(5678,977)
  model=mistral-nemo-12b N=3 arm=react real_lme_00156_e831120c seed=1: per_fault={'ctx': True, 'concise': False, 'preamble': True} all_resolved=False n_resolved=2/3 tokens=(5678,977)
  model=mistral-nemo-12b N=3 arm=react real_lme_00156_e831120c seed=2: per_fault={'ctx': False, 'concise': True, 'preamble': True} all_resolved=False n_resolved=2/3 tokens=(5678,849)
  model=mistral-nemo-12b N=3 arm=react real_lme_00168_gpt4_68e94287 seed=0: per_fault={'ctx': True, 'bullets': True, 'concise': True} all_resolved=True n_resolved=3/3 tokens=(5762,738)
  model=mistral-nemo-12b N=3 arm=react real_lme_00168_gpt4_68e94287 seed=1: per_fault={'ctx': True, 'bullets': True, 'concise': True} all_resolved=True n_resolved=3/3 tokens=(5762,738)
  model=mistral-nemo-12b N=3 arm=react real_lme_00168_gpt4_68e94287 seed=2: per_fault={'ctx': True, 'bullets': True, 'concise': True} all_resolved=True n_resolved=3/3 tokens=(5762,1006)
  model=mistral-nemo-12b N=3 arm=react real_lme_00183_8464fc84 seed=0: per_fault={'ctx': True, 'concise': True, 'preamble': True} all_resolved=True n_resolved=3/3 tokens=(5014,877)
  model=mistral-nemo-12b N=3 arm=react real_lme_00183_8464fc84 seed=1: per_fault={'ctx': True, 'concise': True, 'preamble': True} all_resolved=True n_resolved=3/3 tokens=(5014,877)
  model=mistral-nemo-12b N=3 arm=react real_lme_00183_8464fc84 seed=2: per_fault={'ctx': True, 'concise': True, 'preamble': True} all_resolved=True n_resolved=3/3 tokens=(5014,851)
  model=mistral-nemo-12b N=3 arm=react real_lme_00184_45dc21b6 seed=0: per_fault={'ctx': False, 'concise': True, 'preamble': True} all_resolved=False n_resolved=2/3 tokens=(4856,745)
  model=mistral-nemo-12b N=3 arm=react real_lme_00184_45dc21b6 seed=1: per_fault={'ctx': False, 'concise': True, 'preamble': True} all_resolved=False n_resolved=2/3 tokens=(4856,745)
  model=mistral-nemo-12b N=3 arm=react real_lme_00184_45dc21b6 seed=2: per_fault={'ctx': True, 'concise': True, 'preamble': True} all_resolved=True n_resolved=3/3 tokens=(4856,614)
  model=mistral-nemo-12b N=3 arm=react real_lme_00191_993da5e2 seed=0: per_fault={'ctx': False, 'english': True, 'preamble': True} all_resolved=False n_resolved=2/3 tokens=(5326,1034)
  model=mistral-nemo-12b N=3 arm=react real_lme_00191_993da5e2 seed=1: per_fault={'ctx': False, 'english': True, 'preamble': True} all_resolved=False n_resolved=2/3 tokens=(5326,1034)
  model=mistral-nemo-12b N=3 arm=react real_lme_00191_993da5e2 seed=2: per_fault={'ctx': False, 'english': True, 'preamble': True} all_resolved=False n_resolved=2/3 tokens=(5326,490)
  model=mistral-nemo-12b N=3 arm=react real_lme_00195_gpt4_1d80365e seed=0: per_fault={'ctx': False, 'concise': False, 'preamble': True} all_resolved=False n_resolved=1/3 tokens=(5006,1036)
  model=mistral-nemo-12b N=3 arm=react real_lme_00195_gpt4_1d80365e seed=1: per_fault={'ctx': False, 'concise': False, 'preamble': True} all_resolved=False n_resolved=1/3 tokens=(5006,1036)
  model=mistral-nemo-12b N=3 arm=react real_lme_00195_gpt4_1d80365e seed=2: per_fault={'ctx': False, 'concise': True, 'preamble': True} all_resolved=False n_resolved=2/3 tokens=(5006,906)
  model=mistral-nemo-12b N=3 arm=react real_lme_00197_gpt4_213fd887 seed=0: per_fault={'ctx': True, 'concise': True, 'preamble': True} all_resolved=True n_resolved=3/3 tokens=(5238,634)
  model=mistral-nemo-12b N=3 arm=react real_lme_00197_gpt4_213fd887 seed=1: per_fault={'ctx': True, 'concise': True, 'preamble': True} all_resolved=True n_resolved=3/3 tokens=(5238,634)
  model=mistral-nemo-12b N=3 arm=react real_lme_00197_gpt4_213fd887 seed=2: per_fault={'ctx': True, 'concise': True, 'preamble': True} all_resolved=True n_resolved=3/3 tokens=(5238,709)
  model=mistral-nemo-12b N=3 arm=react real_lme_00198_gpt4_d6585ce8 seed=0: per_fault={'ctx': False, 'concise': False, 'preamble': True} all_resolved=False n_resolved=1/3 tokens=(5798,891)
  model=mistral-nemo-12b N=3 arm=react real_lme_00198_gpt4_d6585ce8 seed=1: per_fault={'ctx': False, 'concise': False, 'preamble': True} all_resolved=False n_resolved=1/3 tokens=(5798,891)
  model=mistral-nemo-12b N=3 arm=react real_lme_00198_gpt4_d6585ce8 seed=2: per_fault={'ctx': False, 'concise': False, 'preamble': True} all_resolved=False n_resolved=1/3 tokens=(5799,843)
  model=mistral-nemo-12b N=3 arm=react real_lme_00209_7e974930 seed=0: per_fault={'ctx': False, 'concise': True, 'english': True} all_resolved=False n_resolved=2/3 tokens=(5166,758)
  model=mistral-nemo-12b N=3 arm=react real_lme_00209_7e974930 seed=1: per_fault={'ctx': False, 'concise': True, 'english': True} all_resolved=False n_resolved=2/3 tokens=(5166,758)
  model=mistral-nemo-12b N=3 arm=react real_lme_00209_7e974930 seed=2: per_fault={'ctx': False, 'concise': True, 'english': True} all_resolved=False n_resolved=2/3 tokens=(5166,790)
  model=mistral-nemo-12b N=3 arm=react real_lme_00212_e01b8e2f seed=0: per_fault={'ctx': False, 'concise': True, 'preamble': True} all_resolved=False n_resolved=2/3 tokens=(4926,751)
  model=mistral-nemo-12b N=3 arm=react real_lme_00212_e01b8e2f seed=1: per_fault={'ctx': False, 'concise': True, 'preamble': True} all_resolved=False n_resolved=2/3 tokens=(4926,751)
  model=mistral-nemo-12b N=3 arm=react real_lme_00212_e01b8e2f seed=2: per_fault={'ctx': True, 'concise': True, 'preamble': True} all_resolved=True n_resolved=3/3 tokens=(4926,565)
  model=mistral-nemo-12b N=3 arm=react real_lme_00216_2698e78f_abs seed=0: per_fault={'ctx': False, 'bullets': True, 'concise': False} all_resolved=False n_resolved=1/3 tokens=(4696,758)
  model=mistral-nemo-12b N=3 arm=react real_lme_00216_2698e78f_abs seed=1: per_fault={'ctx': False, 'bullets': True, 'concise': False} all_resolved=False n_resolved=1/3 tokens=(4696,758)
  model=mistral-nemo-12b N=3 arm=react real_lme_00216_2698e78f_abs seed=2: per_fault={'ctx': True, 'bullets': True, 'concise': False} all_resolved=False n_resolved=2/3 tokens=(4696,788)
  model=mistral-nemo-12b N=3 arm=react real_lme_00220_gpt4_2312f94c seed=0: per_fault={'ctx': True, 'bullets': True, 'concise': True} all_resolved=True n_resolved=3/3 tokens=(5306,645)
  model=mistral-nemo-12b N=3 arm=react real_lme_00220_gpt4_2312f94c seed=1: per_fault={'ctx': True, 'bullets': True, 'concise': True} all_resolved=True n_resolved=3/3 tokens=(5306,645)
  model=mistral-nemo-12b N=3 arm=react real_lme_00220_gpt4_2312f94c seed=2: per_fault={'ctx': True, 'bullets': True, 'concise': True} all_resolved=True n_resolved=3/3 tokens=(5306,882)
  model=mistral-nemo-12b N=3 arm=react real_lme_00222_3f1e9474 seed=0: per_fault={'ctx': True, 'concise': True, 'preamble': True} all_resolved=True n_resolved=3/3 tokens=(4912,656)
  model=mistral-nemo-12b N=3 arm=react real_lme_00222_3f1e9474 seed=1: per_fault={'ctx': True, 'concise': True, 'preamble': True} all_resolved=True n_resolved=3/3 tokens=(4912,656)
  model=mistral-nemo-12b N=3 arm=react real_lme_00222_3f1e9474 seed=2: per_fault={'ctx': True, 'concise': True, 'preamble': True} all_resolved=True n_resolved=3/3 tokens=(4912,767)
  model=mistral-nemo-12b N=3 arm=react real_lme_00224_dccbc061 seed=0: per_fault={'ctx': False, 'bullets': False, 'concise': True} all_resolved=False n_resolved=1/3 tokens=(4492,859)
  model=mistral-nemo-12b N=3 arm=react real_lme_00224_dccbc061 seed=1: per_fault={'ctx': False, 'bullets': False, 'concise': True} all_resolved=False n_resolved=1/3 tokens=(4492,859)
  model=mistral-nemo-12b N=3 arm=react real_lme_00224_dccbc061 seed=2: per_fault={'ctx': False, 'bullets': True, 'concise': False} all_resolved=False n_resolved=1/3 tokens=(4491,788)
  model=mistral-nemo-12b N=3 arm=react real_lme_00226_b759caee seed=0: per_fault={'ctx': True, 'bullets': True, 'concise': True} all_resolved=True n_resolved=3/3 tokens=(4218,723)
  model=mistral-nemo-12b N=3 arm=react real_lme_00226_b759caee seed=1: per_fault={'ctx': True, 'bullets': True, 'concise': True} all_resolved=True n_resolved=3/3 tokens=(4218,723)
  model=mistral-nemo-12b N=3 arm=react real_lme_00226_b759caee seed=2: per_fault={'ctx': True, 'bullets': True, 'concise': True} all_resolved=True n_resolved=3/3 tokens=(4218,734)
  model=mistral-nemo-12b N=3 arm=react real_lme_00227_8aef76bc seed=0: per_fault={'ctx': True, 'bullets': True, 'preamble': True} all_resolved=True n_resolved=3/3 tokens=(4330,771)
  model=mistral-nemo-12b N=3 arm=react real_lme_00227_8aef76bc seed=1: per_fault={'ctx': True, 'bullets': True, 'preamble': True} all_resolved=True n_resolved=3/3 tokens=(4330,771)
  model=mistral-nemo-12b N=3 arm=react real_lme_00227_8aef76bc seed=2: per_fault={'ctx': True, 'bullets': True, 'preamble': True} all_resolved=True n_resolved=3/3 tokens=(4330,741)
  model=mistral-nemo-12b N=3 arm=react real_lme_00232_gpt4_59c863d7 seed=0: per_fault={'ctx': False, 'concise': False, 'english': True} all_resolved=False n_resolved=1/3 tokens=(5886,1048)
  model=mistral-nemo-12b N=3 arm=react real_lme_00232_gpt4_59c863d7 seed=1: per_fault={'ctx': False, 'concise': False, 'english': True} all_resolved=False n_resolved=1/3 tokens=(5886,1048)
  model=mistral-nemo-12b N=3 arm=react real_lme_00232_gpt4_59c863d7 seed=2: per_fault={'ctx': False, 'concise': False, 'english': True} all_resolved=False n_resolved=1/3 tokens=(5886,1017)
  model=mistral-nemo-12b N=3 arm=react real_lme_00240_09ba9854 seed=0: per_fault={'ctx': False, 'concise': True, 'preamble': True} all_resolved=False n_resolved=2/3 tokens=(5380,1423)
  model=mistral-nemo-12b N=3 arm=react real_lme_00240_09ba9854 seed=1: per_fault={'ctx': False, 'concise': True, 'preamble': True} all_resolved=False n_resolved=2/3 tokens=(5380,1423)
  model=mistral-nemo-12b N=3 arm=react real_lme_00240_09ba9854 seed=2: per_fault={'ctx': True, 'concise': True, 'preamble': True} all_resolved=True n_resolved=3/3 tokens=(5380,1225)
  model=mistral-nemo-12b N=3 arm=react real_lme_00247_1d4da289 seed=0: per_fault={'ctx': True, 'bullets': True, 'concise': True} all_resolved=True n_resolved=3/3 tokens=(4656,746)
  model=mistral-nemo-12b N=3 arm=react real_lme_00247_1d4da289 seed=1: per_fault={'ctx': True, 'bullets': True, 'concise': True} all_resolved=True n_resolved=3/3 tokens=(4656,746)
  model=mistral-nemo-12b N=3 arm=react real_lme_00247_1d4da289 seed=2: per_fault={'ctx': True, 'bullets': True, 'concise': False} all_resolved=False n_resolved=2/3 tokens=(4656,849)
  model=mistral-nemo-12b N=3 arm=react real_lme_00254_ba358f49 seed=0: per_fault={'ctx': True, 'bullets': True, 'concise': True} all_resolved=True n_resolved=3/3 tokens=(4610,1000)
  model=mistral-nemo-12b N=3 arm=react real_lme_00254_ba358f49 seed=1: per_fault={'ctx': True, 'bullets': True, 'concise': True} all_resolved=True n_resolved=3/3 tokens=(4610,1000)
  model=mistral-nemo-12b N=3 arm=react real_lme_00254_ba358f49 seed=2: per_fault={'ctx': True, 'bullets': True, 'concise': True} all_resolved=True n_resolved=3/3 tokens=(4610,1030)
  model=mistral-nemo-12b N=3 arm=react real_lme_00257_10e09553 seed=0: per_fault={'ctx': True, 'concise': True, 'preamble': True} all_resolved=True n_resolved=3/3 tokens=(5112,839)
  model=mistral-nemo-12b N=3 arm=react real_lme_00257_10e09553 seed=1: per_fault={'ctx': True, 'concise': True, 'preamble': True} all_resolved=True n_resolved=3/3 tokens=(5112,839)
  model=mistral-nemo-12b N=3 arm=react real_lme_00257_10e09553 seed=2: per_fault={'ctx': True, 'concise': True, 'preamble': True} all_resolved=True n_resolved=3/3 tokens=(5112,765)
  model=mistral-nemo-12b N=3 arm=react real_lme_00258_gpt4_93159ced_abs seed=0: per_fault={'ctx': False, 'english': True, 'preamble': True} all_resolved=False n_resolved=2/3 tokens=(5004,1023)
  model=mistral-nemo-12b N=3 arm=react real_lme_00258_gpt4_93159ced_abs seed=1: per_fault={'ctx': False, 'english': True, 'preamble': True} all_resolved=False n_resolved=2/3 tokens=(5004,1023)
  model=mistral-nemo-12b N=3 arm=react real_lme_00258_gpt4_93159ced_abs seed=2: per_fault={'ctx': False, 'english': True, 'preamble': True} all_resolved=False n_resolved=2/3 tokens=(5004,780)
  model=mistral-nemo-12b N=3 arm=react real_lme_00263_2698e78f seed=0: per_fault={'ctx': False, 'bullets': True, 'concise': False} all_resolved=False n_resolved=1/3 tokens=(4976,677)
  model=mistral-nemo-12b N=3 arm=react real_lme_00263_2698e78f seed=1: per_fault={'ctx': False, 'bullets': True, 'concise': False} all_resolved=False n_resolved=1/3 tokens=(4976,677)
  model=mistral-nemo-12b N=3 arm=react real_lme_00263_2698e78f seed=2: per_fault={'ctx': False, 'bullets': True, 'concise': False} all_resolved=False n_resolved=1/3 tokens=(4976,708)
  model=mistral-nemo-12b N=3 arm=react real_lme_00264_7161e7e2 seed=0: per_fault={'ctx': True, 'english': True, 'preamble': True} all_resolved=True n_resolved=3/3 tokens=(5748,636)
  model=mistral-nemo-12b N=3 arm=react real_lme_00264_7161e7e2 seed=1: per_fault={'ctx': True, 'english': True, 'preamble': True} all_resolved=True n_resolved=3/3 tokens=(5748,636)
  model=mistral-nemo-12b N=3 arm=react real_lme_00264_7161e7e2 seed=2: per_fault={'ctx': False, 'english': True, 'preamble': True} all_resolved=False n_resolved=2/3 tokens=(5748,903)
  model=mistral-nemo-12b N=3 arm=react real_lme_00267_8550ddae seed=0: per_fault={'ctx': True, 'concise': True, 'english': True} all_resolved=True n_resolved=3/3 tokens=(4876,762)
  model=mistral-nemo-12b N=3 arm=react real_lme_00267_8550ddae seed=1: per_fault={'ctx': True, 'concise': True, 'english': True} all_resolved=True n_resolved=3/3 tokens=(4876,762)
  model=mistral-nemo-12b N=3 arm=react real_lme_00267_8550ddae seed=2: per_fault={'ctx': True, 'concise': True, 'english': True} all_resolved=True n_resolved=3/3 tokens=(4876,718)
  model=mistral-nemo-12b N=3 arm=react real_lme_00279_6222b6eb seed=0: per_fault={'ctx': False, 'concise': True, 'english': True} all_resolved=False n_resolved=2/3 tokens=(4988,882)
  model=mistral-nemo-12b N=3 arm=react real_lme_00279_6222b6eb seed=1: per_fault={'ctx': False, 'concise': True, 'english': True} all_resolved=False n_resolved=2/3 tokens=(4988,882)
  model=mistral-nemo-12b N=3 arm=react real_lme_00279_6222b6eb seed=2: per_fault={'ctx': False, 'concise': True, 'english': True} all_resolved=False n_resolved=2/3 tokens=(4988,1147)
  model=mistral-nemo-12b N=3 arm=react real_lme_00285_a96c20ee_abs seed=0: per_fault={'ctx': False, 'concise': True, 'preamble': True} all_resolved=False n_resolved=2/3 tokens=(4492,893)
  model=mistral-nemo-12b N=3 arm=react real_lme_00285_a96c20ee_abs seed=1: per_fault={'ctx': False, 'concise': True, 'preamble': True} all_resolved=False n_resolved=2/3 tokens=(4492,893)
  model=mistral-nemo-12b N=3 arm=react real_lme_00285_a96c20ee_abs seed=2: per_fault={'ctx': False, 'concise': True, 'preamble': True} all_resolved=False n_resolved=2/3 tokens=(4492,682)
  model=mistral-nemo-12b N=3 arm=react real_lme_00288_c8090214_abs seed=0: per_fault={'ctx': False, 'concise': True, 'english': True} all_resolved=False n_resolved=2/3 tokens=(5286,830)
  model=mistral-nemo-12b N=3 arm=react real_lme_00288_c8090214_abs seed=1: per_fault={'ctx': False, 'concise': True, 'english': True} all_resolved=False n_resolved=2/3 tokens=(5286,830)
  model=mistral-nemo-12b N=3 arm=react real_lme_00288_c8090214_abs seed=2: per_fault={'ctx': False, 'concise': True, 'english': True} all_resolved=False n_resolved=2/3 tokens=(5286,908)
  model=mistral-nemo-12b N=3 arm=react real_lme_00293_27016adc seed=0: per_fault={'ctx': True, 'bullets': True, 'concise': False} all_resolved=False n_resolved=2/3 tokens=(4895,819)
  model=mistral-nemo-12b N=3 arm=react real_lme_00293_27016adc seed=1: per_fault={'ctx': True, 'bullets': True, 'concise': False} all_resolved=False n_resolved=2/3 tokens=(4895,819)
  model=mistral-nemo-12b N=3 arm=react real_lme_00293_27016adc seed=2: per_fault={'ctx': False, 'bullets': True, 'concise': False} all_resolved=False n_resolved=1/3 tokens=(4896,1261)
  model=mistral-nemo-12b N=3 arm=react real_lme_00300_c9f37c46 seed=0: per_fault={'ctx': True, 'english': True, 'preamble': True} all_resolved=True n_resolved=3/3 tokens=(4706,810)
  model=mistral-nemo-12b N=3 arm=react real_lme_00300_c9f37c46 seed=1: per_fault={'ctx': True, 'english': True, 'preamble': True} all_resolved=True n_resolved=3/3 tokens=(4706,810)
  model=mistral-nemo-12b N=3 arm=react real_lme_00300_c9f37c46 seed=2: per_fault={'ctx': False, 'english': True, 'preamble': True} all_resolved=False n_resolved=2/3 tokens=(4706,823)
  model=mistral-nemo-12b N=3 arm=react real_lme_00306_gpt4_2f56ae70 seed=0: per_fault={'ctx': False, 'concise': True, 'preamble': True} all_resolved=False n_resolved=2/3 tokens=(4562,633)
  model=mistral-nemo-12b N=3 arm=react real_lme_00306_gpt4_2f56ae70 seed=1: per_fault={'ctx': False, 'concise': True, 'preamble': True} all_resolved=False n_resolved=2/3 tokens=(4562,633)
  model=mistral-nemo-12b N=3 arm=react real_lme_00306_gpt4_2f56ae70 seed=2: per_fault={'ctx': False, 'concise': True, 'preamble': True} all_resolved=False n_resolved=2/3 tokens=(4562,708)
  model=mistral-nemo-12b N=3 arm=react real_lme_00308_gpt4_4929293a seed=0: per_fault={'ctx': True, 'bullets': True, 'concise': True} all_resolved=True n_resolved=3/3 tokens=(4812,833)
  model=mistral-nemo-12b N=3 arm=react real_lme_00308_gpt4_4929293a seed=1: per_fault={'ctx': True, 'bullets': True, 'concise': True} all_resolved=True n_resolved=3/3 tokens=(4812,833)
  model=mistral-nemo-12b N=3 arm=react real_lme_00308_gpt4_4929293a seed=2: per_fault={'ctx': True, 'bullets': True, 'concise': True} all_resolved=True n_resolved=3/3 tokens=(4812,873)
  model=mistral-nemo-12b N=3 arm=react real_lme_00312_a3332713 seed=0: per_fault={'ctx': False, 'concise': True, 'english': True} all_resolved=False n_resolved=2/3 tokens=(5140,382)
  model=mistral-nemo-12b N=3 arm=react real_lme_00312_a3332713 seed=1: per_fault={'ctx': False, 'concise': True, 'english': True} all_resolved=False n_resolved=2/3 tokens=(5140,382)
  model=mistral-nemo-12b N=3 arm=react real_lme_00312_a3332713 seed=2: per_fault={'ctx': False, 'concise': True, 'english': True} all_resolved=False n_resolved=2/3 tokens=(5140,462)
  model=mistral-nemo-12b N=3 arm=react real_lme_00322_0a34ad58 seed=0: per_fault={'ctx': False, 'concise': True, 'english': True} all_resolved=False n_resolved=2/3 tokens=(5792,1280)
  model=mistral-nemo-12b N=3 arm=react real_lme_00322_0a34ad58 seed=1: per_fault={'ctx': False, 'concise': True, 'english': True} all_resolved=False n_resolved=2/3 tokens=(5792,1280)
  model=mistral-nemo-12b N=3 arm=react real_lme_00322_0a34ad58 seed=2: per_fault={'ctx': False, 'concise': True, 'english': True} all_resolved=False n_resolved=2/3 tokens=(5792,1768)
  model=mistral-nemo-12b N=3 arm=react real_lme_00328_57f827a0 seed=0: per_fault={'ctx': False, 'concise': False, 'preamble': True} all_resolved=False n_resolved=1/3 tokens=(5522,1010)
  model=mistral-nemo-12b N=3 arm=react real_lme_00328_57f827a0 seed=1: per_fault={'ctx': False, 'concise': False, 'preamble': True} all_resolved=False n_resolved=1/3 tokens=(5522,1010)
  model=mistral-nemo-12b N=3 arm=react real_lme_00328_57f827a0 seed=2: per_fault={'ctx': False, 'concise': False, 'preamble': True} all_resolved=False n_resolved=1/3 tokens=(5522,1418)
--- [mistral-nemo-12b][react] N=3: rows written=180 errors=0 tokens_in=903601 tokens_out=155243 ---
  model=mistral-nemo-12b N=3 arm=selfcheckgpt real_lme_00001_603deb26 seed=0: per_fault={'ctx': True, 'concise': True, 'english': True} all_resolved=True n_resolved=3/3 tokens=(15636,579)
  model=mistral-nemo-12b N=3 arm=selfcheckgpt real_lme_00001_603deb26 seed=1: per_fault={'ctx': True, 'concise': True, 'english': True} all_resolved=True n_resolved=3/3 tokens=(15466,547)
  model=mistral-nemo-12b N=3 arm=selfcheckgpt real_lme_00001_603deb26 seed=2: per_fault={'ctx': True, 'concise': True, 'english': True} all_resolved=True n_resolved=3/3 tokens=(15535,534)
  model=mistral-nemo-12b N=3 arm=selfcheckgpt real_lme_00007_5025383b seed=0: per_fault={'ctx': True, 'bullets': True, 'preamble': True} all_resolved=True n_resolved=3/3 tokens=(13147,559)
[RETRY] selfcheckgpt task=real_lme_00059_2ebe6c90 seed=0 attempt 1/5 failed (failed to obtain JSON after 3 attempts: could not parse JSON from model output:
{
  "final_output": "它用了21天。如果包含最后一天，22天也可以 accepted。"); retrying in 3s
[RETRY] selfcheckgpt task=real_lme_00059_2ebe6c90 seed=0 attempt 2/5 failed (failed to obtain JSON after 3 attempts: could not parse JSON from model output:
{
  "final_output": "它用了21天。如果包含最后一天，22天也可以 accepted。"); retrying in 6s
[RETRY] selfcheckgpt task=real_lme_00059_2ebe6c90 seed=0 attempt 3/5 failed (failed to obtain JSON after 3 attempts: could not parse JSON from model output:
{
  "final_output": "它用了21天。如果包含最后一天，22天也可以 accepted。"); retrying in 12s
[RETRY] selfcheckgpt task=real_lme_00059_2ebe6c90 seed=0 attempt 4/5 failed (failed to obtain JSON after 3 attempts: could not parse JSON from model output:
{
  "final_output": "它用了21天。如果包含最后一天，22天也可以 accepted。"); retrying in 24s
[ERROR] selfcheckgpt failed task=real_lme_00059_2ebe6c90 seed=0: failed to obtain JSON after 3 attempts: could not parse JSON from model output:
{
  "final_output": "它用了21天。如果包含最后一天，22天也可以 accepted。"
  model=mistral-nemo-12b N=3 arm=selfcheckgpt real_lme_00007_5025383b seed=1: per_fault={'ctx': True, 'bullets': True, 'preamble': True} all_resolved=True n_resolved=3/3 tokens=(13134,537)
  model=mistral-nemo-12b N=3 arm=selfcheckgpt real_lme_00007_5025383b seed=2: per_fault={'ctx': True, 'bullets': True, 'preamble': True} all_resolved=True n_resolved=3/3 tokens=(13147,440)
  model=mistral-nemo-12b N=3 arm=selfcheckgpt real_lme_00010_0a34ad58 seed=0: per_fault={'ctx': False, 'concise': False, 'preamble': True} all_resolved=False n_resolved=1/3 tokens=(17237,993)
  model=mistral-nemo-12b N=3 arm=selfcheckgpt real_lme_00010_0a34ad58 seed=1: per_fault={'ctx': False, 'concise': False, 'preamble': True} all_resolved=False n_resolved=1/3 tokens=(17309,994)
  model=mistral-nemo-12b N=3 arm=selfcheckgpt real_lme_00010_0a34ad58 seed=2: per_fault={'ctx': False, 'concise': False, 'preamble': True} all_resolved=False n_resolved=1/3 tokens=(17102,803)
  model=mistral-nemo-12b N=3 arm=selfcheckgpt real_lme_00016_f8c5f88b seed=0: per_fault={'ctx': True, 'bullets': True, 'concise': True} all_resolved=True n_resolved=3/3 tokens=(14529,230)
  model=mistral-nemo-12b N=3 arm=selfcheckgpt real_lme_00016_f8c5f88b seed=1: per_fault={'ctx': True, 'bullets': True, 'concise': True} all_resolved=True n_resolved=3/3 tokens=(14538,247)
  model=mistral-nemo-12b N=3 arm=selfcheckgpt real_lme_00016_f8c5f88b seed=2: per_fault={'ctx': True, 'bullets': True, 'concise': True} all_resolved=True n_resolved=3/3 tokens=(14528,225)
  model=mistral-nemo-12b N=3 arm=selfcheckgpt real_lme_00018_gpt4_d31cdae3 seed=0: per_fault={'ctx': True, 'concise': True, 'english': True} all_resolved=True n_resolved=3/3 tokens=(17347,632)
  model=mistral-nemo-12b N=3 arm=selfcheckgpt real_lme_00018_gpt4_d31cdae3 seed=1: per_fault={'ctx': True, 'concise': True, 'english': True} all_resolved=True n_resolved=3/3 tokens=(17333,618)
  model=mistral-nemo-12b N=3 arm=selfcheckgpt real_lme_00018_gpt4_d31cdae3 seed=2: per_fault={'ctx': False, 'concise': True, 'english': True} all_resolved=False n_resolved=2/3 tokens=(17347,627)
  model=mistral-nemo-12b N=3 arm=selfcheckgpt real_lme_00032_22d2cb42 seed=0: per_fault={'ctx': False, 'english': True, 'preamble': True} all_resolved=False n_resolved=2/3 tokens=(13686,464)
  model=mistral-nemo-12b N=3 arm=selfcheckgpt real_lme_00032_22d2cb42 seed=1: per_fault={'ctx': False, 'english': True, 'preamble': True} all_resolved=False n_resolved=2/3 tokens=(13679,452)
  model=mistral-nemo-12b N=3 arm=selfcheckgpt real_lme_00032_22d2cb42 seed=2: per_fault={'ctx': True, 'english': True, 'preamble': True} all_resolved=True n_resolved=3/3 tokens=(13669,592)
  model=mistral-nemo-12b N=3 arm=selfcheckgpt real_lme_00043_c2ac3c61 seed=0: per_fault={'ctx': True, 'bullets': True, 'concise': True} all_resolved=True n_resolved=3/3 tokens=(14142,225)
  model=mistral-nemo-12b N=3 arm=selfcheckgpt real_lme_00043_c2ac3c61 seed=1: per_fault={'ctx': True, 'bullets': True, 'concise': True} all_resolved=True n_resolved=3/3 tokens=(14102,225)
  model=mistral-nemo-12b N=3 arm=selfcheckgpt real_lme_00043_c2ac3c61 seed=2: per_fault={'ctx': True, 'bullets': True, 'concise': True} all_resolved=True n_resolved=3/3 tokens=(14155,353)
  model=mistral-nemo-12b N=3 arm=selfcheckgpt real_lme_00049_0862e8bf_abs seed=0: per_fault={'ctx': False, 'concise': True, 'english': True} all_resolved=False n_resolved=2/3 tokens=(15118,522)
  model=mistral-nemo-12b N=3 arm=selfcheckgpt real_lme_00049_0862e8bf_abs seed=1: per_fault={'ctx': False, 'concise': True, 'english': True} all_resolved=False n_resolved=2/3 tokens=(15194,573)
  model=mistral-nemo-12b N=3 arm=selfcheckgpt real_lme_00049_0862e8bf_abs seed=2: per_fault={'ctx': False, 'concise': True, 'english': True} all_resolved=False n_resolved=2/3 tokens=(15143,482)
  model=mistral-nemo-12b N=3 arm=selfcheckgpt real_lme_00053_21d02d0d seed=0: per_fault={'ctx': True, 'bullets': True, 'concise': False} all_resolved=False n_resolved=2/3 tokens=(14820,927)
  model=mistral-nemo-12b N=3 arm=selfcheckgpt real_lme_00053_21d02d0d seed=1: per_fault={'ctx': True, 'bullets': True, 'concise': False} all_resolved=False n_resolved=2/3 tokens=(14830,952)
  model=mistral-nemo-12b N=3 arm=selfcheckgpt real_lme_00053_21d02d0d seed=2: per_fault={'ctx': True, 'bullets': True, 'concise': True} all_resolved=True n_resolved=3/3 tokens=(17333,508)
  model=mistral-nemo-12b N=3 arm=selfcheckgpt real_lme_00059_2ebe6c90 seed=1: per_fault={'ctx': False, 'concise': True, 'english': True} all_resolved=False n_resolved=2/3 tokens=(13752,909)
  model=mistral-nemo-12b N=3 arm=selfcheckgpt real_lme_00059_2ebe6c90 seed=2: per_fault={'ctx': False, 'concise': True, 'english': True} all_resolved=False n_resolved=2/3 tokens=(13777,717)
  model=mistral-nemo-12b N=3 arm=selfcheckgpt real_lme_00069_gpt4_31ff4165 seed=0: per_fault={'ctx': True, 'bullets': True, 'concise': True} all_resolved=True n_resolved=3/3 tokens=(17828,812)
  model=mistral-nemo-12b N=3 arm=selfcheckgpt real_lme_00069_gpt4_31ff4165 seed=1: per_fault={'ctx': True, 'bullets': True, 'concise': True} all_resolved=True n_resolved=3/3 tokens=(17817,787)
  model=mistral-nemo-12b N=3 arm=selfcheckgpt real_lme_00069_gpt4_31ff4165 seed=2: per_fault={'ctx': True, 'bullets': True, 'concise': True} all_resolved=True n_resolved=3/3 tokens=(17740,989)
  model=mistral-nemo-12b N=3 arm=selfcheckgpt real_lme_00076_f4f1d8a4_abs seed=0: per_fault={'ctx': True, 'bullets': True, 'preamble': True} all_resolved=True n_resolved=3/3 tokens=(16354,493)
  model=mistral-nemo-12b N=3 arm=selfcheckgpt real_lme_00076_f4f1d8a4_abs seed=1: per_fault={'ctx': True, 'bullets': True, 'preamble': True} all_resolved=True n_resolved=3/3 tokens=(16376,506)
  model=mistral-nemo-12b N=3 arm=selfcheckgpt real_lme_00076_f4f1d8a4_abs seed=2: per_fault={'ctx': True, 'bullets': True, 'preamble': True} all_resolved=True n_resolved=3/3 tokens=(16276,368)
  model=mistral-nemo-12b N=3 arm=selfcheckgpt real_lme_00081_afdc33df seed=0: per_fault={'ctx': False, 'concise': True, 'english': True} all_resolved=False n_resolved=2/3 tokens=(20834,1382)
  model=mistral-nemo-12b N=3 arm=selfcheckgpt real_lme_00081_afdc33df seed=1: per_fault={'ctx': False, 'concise': True, 'english': True} all_resolved=False n_resolved=2/3 tokens=(21091,1486)
  model=mistral-nemo-12b N=3 arm=selfcheckgpt real_lme_00081_afdc33df seed=2: per_fault={'ctx': False, 'concise': True, 'english': True} all_resolved=False n_resolved=2/3 tokens=(20165,731)
  model=mistral-nemo-12b N=3 arm=selfcheckgpt real_lme_00085_a11281a2 seed=0: per_fault={'ctx': True, 'concise': True, 'preamble': True} all_resolved=True n_resolved=3/3 tokens=(12886,607)
  model=mistral-nemo-12b N=3 arm=selfcheckgpt real_lme_00085_a11281a2 seed=1: per_fault={'ctx': True, 'concise': True, 'preamble': True} all_resolved=True n_resolved=3/3 tokens=(12897,608)
  model=mistral-nemo-12b N=3 arm=selfcheckgpt real_lme_00085_a11281a2 seed=2: per_fault={'ctx': True, 'concise': True, 'preamble': True} all_resolved=True n_resolved=3/3 tokens=(15267,705)
  model=mistral-nemo-12b N=3 arm=selfcheckgpt real_lme_00086_af082822 seed=0: per_fault={'ctx': False, 'concise': True, 'english': True} all_resolved=False n_resolved=2/3 tokens=(13641,501)
  model=mistral-nemo-12b N=3 arm=selfcheckgpt real_lme_00086_af082822 seed=1: per_fault={'ctx': False, 'concise': True, 'english': True} all_resolved=False n_resolved=2/3 tokens=(13641,521)
  model=mistral-nemo-12b N=3 arm=selfcheckgpt real_lme_00086_af082822 seed=2: per_fault={'ctx': False, 'concise': True, 'english': True} all_resolved=False n_resolved=2/3 tokens=(13813,507)
  model=mistral-nemo-12b N=3 arm=selfcheckgpt real_lme_00087_3b6f954b seed=0: per_fault={'ctx': True, 'concise': True, 'preamble': True} all_resolved=True n_resolved=3/3 tokens=(13983,497)
  model=mistral-nemo-12b N=3 arm=selfcheckgpt real_lme_00087_3b6f954b seed=1: per_fault={'ctx': True, 'concise': True, 'preamble': True} all_resolved=True n_resolved=3/3 tokens=(13992,509)
[RETRY] selfcheckgpt task=real_lme_00119_c6853660 seed=0 attempt 1/5 failed (failed to obtain JSON after 3 attempts: could not parse JSON from model output:
{
  "final_output": "You increased the limit (from one cup to two cups)"); retrying in 3s
[RETRY] selfcheckgpt task=real_lme_00119_c6853660 seed=0 attempt 2/5 failed (failed to obtain JSON after 3 attempts: could not parse JSON from model output:
{
  "final_output": "You increased the limit (from one cup to two cups)"); retrying in 6s
[RETRY] selfcheckgpt task=real_lme_00119_c6853660 seed=0 attempt 3/5 failed (failed to obtain JSON after 3 attempts: could not parse JSON from model output:
{
  "final_output": "You increased the limit (from one cup to two cups)"); retrying in 12s
[RETRY] selfcheckgpt task=real_lme_00119_c6853660 seed=0 attempt 4/5 failed (failed to obtain JSON after 3 attempts: could not parse JSON from model output:
{
  "final_output": "You increased the limit (from one cup to two cups)"); retrying in 24s
[ERROR] selfcheckgpt failed task=real_lme_00119_c6853660 seed=0: failed to obtain JSON after 3 attempts: could not parse JSON from model output:
{
  "final_output": "You increased the limit (from one cup to two cups)"
[RETRY] selfcheckgpt task=real_lme_00133_71a3fd6b seed=1 attempt 1/5 failed (failed to obtain JSON after 3 attempts: could not parse JSON from model output:
{
  "final_output": "The phone number of the Speyer tourism board is +49 (0) 62 32 / 14 23 - 0."); retrying in 3s
[RETRY] selfcheckgpt task=real_lme_00133_71a3fd6b seed=1 attempt 2/5 failed (failed to obtain JSON after 3 attempts: could not parse JSON from model output:
{
  "final_output": "The phone number of the Speyer tourism board is +49 (0) 62 32 / 14 23 - 0."); retrying in 6s
[RETRY] selfcheckgpt task=real_lme_00133_71a3fd6b seed=1 attempt 3/5 failed (failed to obtain JSON after 3 attempts: could not parse JSON from model output:
{
  "final_output": "The phone number of the Speyer tourism board is +49 (0) 62 32 / 14 23 - 0."); retrying in 12s
[RETRY] selfcheckgpt task=real_lme_00133_71a3fd6b seed=1 attempt 4/5 failed (failed to obtain JSON after 3 attempts: could not parse JSON from model output:
{
  "final_output": "The phone number of the Speyer tourism board is +49 (0) 62 32 / 14 23 - 0."); retrying in 24s
[ERROR] selfcheckgpt failed task=real_lme_00133_71a3fd6b seed=1: failed to obtain JSON after 3 attempts: could not parse JSON from model output:
{
  "final_output": "The phone number of the Speyer tourism board is +49 (0) 62 32 / 14 23 - 0."
[RETRY] selfcheckgpt task=real_lme_00135_129d1232 seed=1 attempt 1/5 failed (failed to obtain JSON after 3 attempts: could not parse JSON from model output:
{
  "final_output": "User raised \$5,850 through all charity events."
}); retrying in 3s
[RETRY] selfcheckgpt task=real_lme_00135_129d1232 seed=1 attempt 2/5 failed (failed to obtain JSON after 3 attempts: could not parse JSON from model output:
{
  "final_output": "User raised \$5,850 through all charity events."
}); retrying in 6s
[RETRY] selfcheckgpt task=real_lme_00135_129d1232 seed=1 attempt 3/5 failed (failed to obtain JSON after 3 attempts: could not parse JSON from model output:
{
  "final_output": "User raised \$5,850 through all charity events."
}); retrying in 12s
[RETRY] selfcheckgpt task=real_lme_00135_129d1232 seed=1 attempt 4/5 failed (failed to obtain JSON after 3 attempts: could not parse JSON from model output:
{
  "final_output": "User raised \$5,850 through all charity events."
}); retrying in 24s
[ERROR] selfcheckgpt failed task=real_lme_00135_129d1232 seed=1: failed to obtain JSON after 3 attempts: could not parse JSON from model output:
{
  "final_output": "User raised \$5,850 through all charity events."
}
[RETRY] selfcheckgpt task=real_lme_00168_gpt4_68e94287 seed=1 attempt 1/5 failed (failed to obtain JSON after 3 attempts: could not parse JSON from model output:
{
  "final_output": "You posted a recipe for vegan chili on Instagram using the hashtag #FoodieAdventures first."); retrying in 3s
[RETRY] selfcheckgpt task=real_lme_00168_gpt4_68e94287 seed=1 attempt 2/5 failed (failed to obtain JSON after 3 attempts: could not parse JSON from model output:
{
  "final_output": "You posted a recipe for vegan chili on Instagram using the hashtag #FoodieAdventures first."); retrying in 6s
[RETRY] selfcheckgpt task=real_lme_00168_gpt4_68e94287 seed=1 attempt 3/5 failed (failed to obtain JSON after 3 attempts: could not parse JSON from model output:
{
  "final_output": "You posted a recipe for vegan chili on Instagram using the hashtag #FoodieAdventures first."); retrying in 12s
[RETRY] selfcheckgpt task=real_lme_00168_gpt4_68e94287 seed=1 attempt 4/5 failed (failed to obtain JSON after 3 attempts: could not parse JSON from model output:
{
  "final_output": "You posted a recipe for vegan chili on Instagram using the hashtag #FoodieAdventures first."); retrying in 24s
[ERROR] selfcheckgpt failed task=real_lme_00168_gpt4_68e94287 seed=1: failed to obtain JSON after 3 attempts: could not parse JSON from model output:
{
  "final_output": "You posted a recipe for vegan chili on Instagram using the hashtag #FoodieAdventures first."
  model=mistral-nemo-12b N=3 arm=selfcheckgpt real_lme_00087_3b6f954b seed=2: per_fault={'ctx': True, 'concise': True, 'preamble': True} all_resolved=True n_resolved=3/3 tokens=(13950,396)
  model=mistral-nemo-12b N=3 arm=selfcheckgpt real_lme_00093_545bd2b5 seed=0: per_fault={'ctx': True, 'bullets': True, 'concise': True} all_resolved=True n_resolved=3/3 tokens=(14102,453)
  model=mistral-nemo-12b N=3 arm=selfcheckgpt real_lme_00093_545bd2b5 seed=1: per_fault={'ctx': True, 'bullets': True, 'concise': True} all_resolved=True n_resolved=3/3 tokens=(14076,531)
  model=mistral-nemo-12b N=3 arm=selfcheckgpt real_lme_00093_545bd2b5 seed=2: per_fault={'ctx': True, 'bullets': True, 'concise': True} all_resolved=True n_resolved=3/3 tokens=(14077,433)
  model=mistral-nemo-12b N=3 arm=selfcheckgpt real_lme_00110_gpt4_1a1dc16d seed=0: per_fault={'ctx': True, 'concise': True, 'preamble': True} all_resolved=True n_resolved=3/3 tokens=(14389,522)
  model=mistral-nemo-12b N=3 arm=selfcheckgpt real_lme_00110_gpt4_1a1dc16d seed=1: per_fault={'ctx': True, 'concise': True, 'preamble': True} all_resolved=True n_resolved=3/3 tokens=(14395,532)
  model=mistral-nemo-12b N=3 arm=selfcheckgpt real_lme_00110_gpt4_1a1dc16d seed=2: per_fault={'ctx': True, 'concise': True, 'preamble': True} all_resolved=True n_resolved=3/3 tokens=(14379,394)
  model=mistral-nemo-12b N=3 arm=selfcheckgpt real_lme_00119_c6853660 seed=1: per_fault={'ctx': True, 'bullets': True, 'preamble': True} all_resolved=True n_resolved=3/3 tokens=(14610,308)
  model=mistral-nemo-12b N=3 arm=selfcheckgpt real_lme_00119_c6853660 seed=2: per_fault={'ctx': True, 'bullets': True, 'preamble': True} all_resolved=True n_resolved=3/3 tokens=(14559,272)
  model=mistral-nemo-12b N=3 arm=selfcheckgpt real_lme_00120_42ec0761 seed=0: per_fault={'ctx': True, 'bullets': True, 'concise': True} all_resolved=True n_resolved=3/3 tokens=(14607,409)
  model=mistral-nemo-12b N=3 arm=selfcheckgpt real_lme_00120_42ec0761 seed=1: per_fault={'ctx': True, 'bullets': True, 'concise': True} all_resolved=True n_resolved=3/3 tokens=(14607,452)
  model=mistral-nemo-12b N=3 arm=selfcheckgpt real_lme_00120_42ec0761 seed=2: per_fault={'ctx': True, 'bullets': True, 'concise': True} all_resolved=True n_resolved=3/3 tokens=(14570,429)
  model=mistral-nemo-12b N=3 arm=selfcheckgpt real_lme_00122_0a34ad58 seed=0: per_fault={'ctx': False, 'bullets': True, 'preamble': True} all_resolved=False n_resolved=2/3 tokens=(16506,885)
  model=mistral-nemo-12b N=3 arm=selfcheckgpt real_lme_00122_0a34ad58 seed=1: per_fault={'ctx': False, 'bullets': True, 'preamble': True} all_resolved=False n_resolved=2/3 tokens=(19104,841)
  model=mistral-nemo-12b N=3 arm=selfcheckgpt real_lme_00122_0a34ad58 seed=2: per_fault={'ctx': False, 'bullets': True, 'preamble': True} all_resolved=False n_resolved=2/3 tokens=(19001,747)
  model=mistral-nemo-12b N=3 arm=selfcheckgpt real_lme_00123_ceb54acb seed=0: per_fault={'ctx': False, 'english': True, 'preamble': True} all_resolved=False n_resolved=2/3 tokens=(10860,432)
  model=mistral-nemo-12b N=3 arm=selfcheckgpt real_lme_00123_ceb54acb seed=1: per_fault={'ctx': False, 'english': True, 'preamble': True} all_resolved=False n_resolved=2/3 tokens=(10857,476)
  model=mistral-nemo-12b N=3 arm=selfcheckgpt real_lme_00123_ceb54acb seed=2: per_fault={'ctx': False, 'english': True, 'preamble': True} all_resolved=False n_resolved=2/3 tokens=(10842,412)
  model=mistral-nemo-12b N=3 arm=selfcheckgpt real_lme_00133_71a3fd6b seed=0: per_fault={'ctx': True, 'bullets': True, 'concise': True} all_resolved=True n_resolved=3/3 tokens=(10792,509)
  model=mistral-nemo-12b N=3 arm=selfcheckgpt real_lme_00133_71a3fd6b seed=2: per_fault={'ctx': True, 'bullets': True, 'concise': True} all_resolved=True n_resolved=3/3 tokens=(10740,423)
  model=mistral-nemo-12b N=3 arm=selfcheckgpt real_lme_00135_129d1232 seed=0: per_fault={'ctx': True, 'concise': True, 'english': True} all_resolved=True n_resolved=3/3 tokens=(14588,546)
  model=mistral-nemo-12b N=3 arm=selfcheckgpt real_lme_00135_129d1232 seed=2: per_fault={'ctx': True, 'concise': True, 'english': True} all_resolved=True n_resolved=3/3 tokens=(14563,512)
  model=mistral-nemo-12b N=3 arm=selfcheckgpt real_lme_00144_7a87bd0c seed=0: per_fault={'ctx': True, 'bullets': True, 'preamble': True} all_resolved=True n_resolved=3/3 tokens=(15010,349)
  model=mistral-nemo-12b N=3 arm=selfcheckgpt real_lme_00144_7a87bd0c seed=1: per_fault={'ctx': True, 'bullets': True, 'preamble': True} all_resolved=True n_resolved=3/3 tokens=(15011,349)
  model=mistral-nemo-12b N=3 arm=selfcheckgpt real_lme_00144_7a87bd0c seed=2: per_fault={'ctx': True, 'bullets': True, 'preamble': True} all_resolved=True n_resolved=3/3 tokens=(15001,279)
  model=mistral-nemo-12b N=3 arm=selfcheckgpt real_lme_00156_e831120c seed=0: per_fault={'ctx': True, 'concise': False, 'preamble': True} all_resolved=False n_resolved=2/3 tokens=(16617,581)
  model=mistral-nemo-12b N=3 arm=selfcheckgpt real_lme_00156_e831120c seed=1: per_fault={'ctx': True, 'concise': False, 'preamble': True} all_resolved=False n_resolved=2/3 tokens=(16612,543)
  model=mistral-nemo-12b N=3 arm=selfcheckgpt real_lme_00156_e831120c seed=2: per_fault={'ctx': True, 'concise': False, 'preamble': True} all_resolved=False n_resolved=2/3 tokens=(19340,559)
  model=mistral-nemo-12b N=3 arm=selfcheckgpt real_lme_00168_gpt4_68e94287 seed=0: per_fault={'ctx': True, 'bullets': True, 'concise': True} all_resolved=True n_resolved=3/3 tokens=(16907,459)
  model=mistral-nemo-12b N=3 arm=selfcheckgpt real_lme_00168_gpt4_68e94287 seed=2: per_fault={'ctx': True, 'bullets': True, 'concise': True} all_resolved=True n_resolved=3/3 tokens=(16832,533)
  model=mistral-nemo-12b N=3 arm=selfcheckgpt real_lme_00183_8464fc84 seed=0: per_fault={'ctx': True, 'concise': True, 'preamble': True} all_resolved=True n_resolved=3/3 tokens=(14503,445)
  model=mistral-nemo-12b N=3 arm=selfcheckgpt real_lme_00183_8464fc84 seed=1: per_fault={'ctx': True, 'concise': True, 'preamble': True} all_resolved=True n_resolved=3/3 tokens=(14532,428)
  model=mistral-nemo-12b N=3 arm=selfcheckgpt real_lme_00183_8464fc84 seed=2: per_fault={'ctx': True, 'concise': True, 'preamble': True} all_resolved=True n_resolved=3/3 tokens=(14531,436)
  model=mistral-nemo-12b N=3 arm=selfcheckgpt real_lme_00184_45dc21b6 seed=0: per_fault={'ctx': True, 'concise': True, 'preamble': True} all_resolved=True n_resolved=3/3 tokens=(14042,502)
  model=mistral-nemo-12b N=3 arm=selfcheckgpt real_lme_00184_45dc21b6 seed=1: per_fault={'ctx': True, 'concise': True, 'preamble': True} all_resolved=True n_resolved=3/3 tokens=(14050,504)
  model=mistral-nemo-12b N=3 arm=selfcheckgpt real_lme_00184_45dc21b6 seed=2: per_fault={'ctx': True, 'concise': True, 'preamble': True} all_resolved=True n_resolved=3/3 tokens=(14037,504)
  model=mistral-nemo-12b N=3 arm=selfcheckgpt real_lme_00191_993da5e2 seed=0: per_fault={'ctx': False, 'english': True, 'preamble': True} all_resolved=False n_resolved=2/3 tokens=(15511,532)
  model=mistral-nemo-12b N=3 arm=selfcheckgpt real_lme_00191_993da5e2 seed=1: per_fault={'ctx': False, 'english': True, 'preamble': True} all_resolved=False n_resolved=2/3 tokens=(15468,485)
  model=mistral-nemo-12b N=3 arm=selfcheckgpt real_lme_00191_993da5e2 seed=2: per_fault={'ctx': False, 'english': True, 'preamble': True} all_resolved=False n_resolved=2/3 tokens=(15490,344)
  model=mistral-nemo-12b N=3 arm=selfcheckgpt real_lme_00195_gpt4_1d80365e seed=0: per_fault={'ctx': False, 'concise': False, 'preamble': True} all_resolved=False n_resolved=1/3 tokens=(14550,530)
  model=mistral-nemo-12b N=3 arm=selfcheckgpt real_lme_00195_gpt4_1d80365e seed=1: per_fault={'ctx': False, 'concise': False, 'preamble': True} all_resolved=False n_resolved=1/3 tokens=(14549,546)
  model=mistral-nemo-12b N=3 arm=selfcheckgpt real_lme_00195_gpt4_1d80365e seed=2: per_fault={'ctx': False, 'concise': False, 'preamble': True} all_resolved=False n_resolved=1/3 tokens=(14555,686)
  model=mistral-nemo-12b N=3 arm=selfcheckgpt real_lme_00197_gpt4_213fd887 seed=0: per_fault={'ctx': True, 'concise': True, 'preamble': True} all_resolved=True n_resolved=3/3 tokens=(15219,443)[RETRY] selfcheckgpt task=real_lme_00224_dccbc061 seed=0 attempt 1/5 failed (failed to obtain JSON after 3 attempts: could not parse JSON from model output:
{
  "final_output": "Your previous stance on spirituality was that you were a staunch atheist."); retrying in 3s
[RETRY] selfcheckgpt task=real_lme_00224_dccbc061 seed=0 attempt 2/5 failed (failed to obtain JSON after 3 attempts: could not parse JSON from model output:
{
  "final_output": "Your previous stance on spirituality was that you were a staunch atheist."); retrying in 6s
[RETRY] selfcheckgpt task=real_lme_00224_dccbc061 seed=0 attempt 3/5 failed (failed to obtain JSON after 3 attempts: could not parse JSON from model output:
{
  "final_output": "Your previous stance on spirituality was that you were a staunch atheist."); retrying in 12s
[RETRY] selfcheckgpt task=real_lme_00224_dccbc061 seed=0 attempt 4/5 failed (failed to obtain JSON after 3 attempts: could not parse JSON from model output:
{
  "final_output": "Your previous stance on spirituality was that you were a staunch atheist."); retrying in 24s
[ERROR] selfcheckgpt failed task=real_lme_00224_dccbc061 seed=0: failed to obtain JSON after 3 attempts: could not parse JSON from model output:
{
  "final_output": "Your previous stance on spirituality was that you were a staunch atheist."

  model=mistral-nemo-12b N=3 arm=selfcheckgpt real_lme_00197_gpt4_213fd887 seed=1: per_fault={'ctx': True, 'concise': True, 'preamble': True} all_resolved=True n_resolved=3/3 tokens=(15207,430)
  model=mistral-nemo-12b N=3 arm=selfcheckgpt real_lme_00197_gpt4_213fd887 seed=2: per_fault={'ctx': True, 'concise': True, 'preamble': True} all_resolved=True n_resolved=3/3 tokens=(15170,431)
  model=mistral-nemo-12b N=3 arm=selfcheckgpt real_lme_00198_gpt4_d6585ce8 seed=0: per_fault={'ctx': True, 'concise': False, 'preamble': True} all_resolved=False n_resolved=2/3 tokens=(19078,1064)
  model=mistral-nemo-12b N=3 arm=selfcheckgpt real_lme_00198_gpt4_d6585ce8 seed=1: per_fault={'ctx': True, 'concise': False, 'preamble': True} all_resolved=False n_resolved=2/3 tokens=(19379,1099)
  model=mistral-nemo-12b N=3 arm=selfcheckgpt real_lme_00198_gpt4_d6585ce8 seed=2: per_fault={'ctx': False, 'concise': False, 'preamble': True} all_resolved=False n_resolved=1/3 tokens=(19033,840)
  model=mistral-nemo-12b N=3 arm=selfcheckgpt real_lme_00209_7e974930 seed=0: per_fault={'ctx': True, 'concise': True, 'english': True} all_resolved=True n_resolved=3/3 tokens=(15039,607)
  model=mistral-nemo-12b N=3 arm=selfcheckgpt real_lme_00209_7e974930 seed=1: per_fault={'ctx': True, 'concise': True, 'english': True} all_resolved=True n_resolved=3/3 tokens=(17519,594)
  model=mistral-nemo-12b N=3 arm=selfcheckgpt real_lme_00209_7e974930 seed=2: per_fault={'ctx': False, 'concise': True, 'english': True} all_resolved=False n_resolved=2/3 tokens=(15023,529)
  model=mistral-nemo-12b N=3 arm=selfcheckgpt real_lme_00212_e01b8e2f seed=0: per_fault={'ctx': True, 'concise': True, 'preamble': True} all_resolved=True n_resolved=3/3 tokens=(14281,338)
  model=mistral-nemo-12b N=3 arm=selfcheckgpt real_lme_00212_e01b8e2f seed=1: per_fault={'ctx': True, 'concise': True, 'preamble': True} all_resolved=True n_resolved=3/3 tokens=(14240,326)
  model=mistral-nemo-12b N=3 arm=selfcheckgpt real_lme_00212_e01b8e2f seed=2: per_fault={'ctx': True, 'concise': True, 'preamble': True} all_resolved=True n_resolved=3/3 tokens=(14290,396)
  model=mistral-nemo-12b N=3 arm=selfcheckgpt real_lme_00216_2698e78f_abs seed=0: per_fault={'ctx': False, 'bullets': True, 'concise': False} all_resolved=False n_resolved=1/3 tokens=(13840,384)
  model=mistral-nemo-12b N=3 arm=selfcheckgpt real_lme_00216_2698e78f_abs seed=1: per_fault={'ctx': False, 'bullets': True, 'concise': False} all_resolved=False n_resolved=1/3 tokens=(15965,364)
  model=mistral-nemo-12b N=3 arm=selfcheckgpt real_lme_00216_2698e78f_abs seed=2: per_fault={'ctx': False, 'bullets': True, 'concise': False} all_resolved=False n_resolved=1/3 tokens=(15965,372)
  model=mistral-nemo-12b N=3 arm=selfcheckgpt real_lme_00220_gpt4_2312f94c seed=0: per_fault={'ctx': True, 'bullets': True, 'concise': True} all_resolved=True n_resolved=3/3 tokens=(15387,386)
  model=mistral-nemo-12b N=3 arm=selfcheckgpt real_lme_00220_gpt4_2312f94c seed=1: per_fault={'ctx': False, 'bullets': True, 'concise': True} all_resolved=False n_resolved=2/3 tokens=(17953,418)
  model=mistral-nemo-12b N=3 arm=selfcheckgpt real_lme_00220_gpt4_2312f94c seed=2: per_fault={'ctx': True, 'bullets': True, 'concise': True} all_resolved=True n_resolved=3/3 tokens=(15391,477)
  model=mistral-nemo-12b N=3 arm=selfcheckgpt real_lme_00222_3f1e9474 seed=0: per_fault={'ctx': True, 'concise': True, 'preamble': True} all_resolved=True n_resolved=3/3 tokens=(14085,252)
  model=mistral-nemo-12b N=3 arm=selfcheckgpt real_lme_00222_3f1e9474 seed=1: per_fault={'ctx': True, 'concise': True, 'preamble': True} all_resolved=True n_resolved=3/3 tokens=(14159,250)
  model=mistral-nemo-12b N=3 arm=selfcheckgpt real_lme_00222_3f1e9474 seed=2: per_fault={'ctx': True, 'concise': True, 'preamble': True} all_resolved=True n_resolved=3/3 tokens=(14217,356)
  model=mistral-nemo-12b N=3 arm=selfcheckgpt real_lme_00224_dccbc061 seed=1: per_fault={'ctx': True, 'bullets': True, 'concise': True} all_resolved=True n_resolved=3/3 tokens=(13006,248)
  model=mistral-nemo-12b N=3 arm=selfcheckgpt real_lme_00224_dccbc061 seed=2: per_fault={'ctx': True, 'bullets': True, 'concise': True} all_resolved=True n_resolved=3/3 tokens=(12966,221)
  model=mistral-nemo-12b N=3 arm=selfcheckgpt real_lme_00226_b759caee seed=0: per_fault={'ctx': True, 'bullets': True, 'concise': True} all_resolved=True n_resolved=3/3 tokens=(12235,440)
  model=mistral-nemo-12b N=3 arm=selfcheckgpt real_lme_00226_b759caee seed=1: per_fault={'ctx': True, 'bullets': True, 'concise': True} all_resolved=True n_resolved=3/3 tokens=(12180,448)
  model=mistral-nemo-12b N=3 arm=selfcheckgpt real_lme_00226_b759caee seed=2: per_fault={'ctx': True, 'bullets': True, 'concise': True} all_resolved=True n_resolved=3/3 tokens=(12160,441)
  model=mistral-nemo-12b N=3 arm=selfcheckgpt real_lme_00227_8aef76bc seed=0: per_fault={'ctx': True, 'bullets': True, 'preamble': True} all_resolved=True n_resolved=3/3 tokens=(12467,428)
  model=mistral-nemo-12b N=3 arm=selfcheckgpt real_lme_00227_8aef76bc seed=1: per_fault={'ctx': True, 'bullets': True, 'preamble': True} all_resolved=True n_resolved=3/3 tokens=(12464,425)
  model=mistral-nemo-12b N=3 arm=selfcheckgpt real_lme_00227_8aef76bc seed=2: per_fault={'ctx': True, 'bullets': True, 'preamble': True} all_resolved=True n_resolved=3/3 tokens=(12460,472)
  model=mistral-nemo-12b N=3 arm=selfcheckgpt real_lme_00232_gpt4_59c863d7 seed=0: per_fault={'ctx': False, 'concise': False, 'english': True} all_resolved=False n_resolved=1/3 tokens=(17520,894)
  model=mistral-nemo-12b N=3 arm=selfcheckgpt real_lme_00232_gpt4_59c863d7 seed=1: per_fault={'ctx': False, 'concise': False, 'english': True} all_resolved=False n_resolved=1/3 tokens=(17738,1079)
  model=mistral-nemo-12b N=3 arm=selfcheckgpt real_lme_00232_gpt4_59c863d7 seed=2: per_fault={'ctx': False, 'concise': False, 'english': True} all_resolved=False n_resolved=1/3 tokens=(17519,747)
  model=mistral-nemo-12b N=3 arm=selfcheckgpt real_lme_00240_09ba9854 seed=0: per_fault={'ctx': False, 'concise': True, 'preamble': True} all_resolved=False n_resolved=2/3 tokens=(18396,925)
  model=mistral-nemo-12b N=3 arm=selfcheckgpt real_lme_00240_09ba9854 seed=1: per_fault={'ctx': False, 'concise': True, 'preamble': True} all_resolved=False n_resolved=2/3 tokens=(15676,859)
  model=mistral-nemo-12b N=3 arm=selfcheckgpt real_lme_00240_09ba9854 seed=2: per_fault={'ctx': False, 'concise': False, 'preamble': True} all_resolved=False n_resolved=1/3 tokens=(15689,786)
  model=mistral-nemo-12b N=3 arm=selfcheckgpt real_lme_00247_1d4da289 seed=0: per_fault={'ctx': True, 'bullets': True, 'concise': True} all_resolved=True n_resolved=3/3 tokens=(13511,538)
  model=mistral-nemo-12b N=3 arm=selfcheckgpt real_lme_00247_1d4da289 seed=1: per_fault={'ctx': True, 'bullets': True, 'concise': True} all_resolved=True n_resolved=3/3 tokens=(13514,542)
  model=mistral-nemo-12b N=3 arm=selfcheckgpt real_lme_00247_1d4da289 seed=2: per_fault={'ctx': True, 'bullets': True, 'concise': True} all_resolved=True n_resolved=3/3 tokens=(13565,569)
  model=mistral-nemo-12b N=3 arm=selfcheckgpt real_lme_00254_ba358f49 seed=0: per_fault={'ctx': True, 'bullets': True, 'concise': True} all_resolved=True n_resolved=3/3 tokens=(13333,509)
  model=mistral-nemo-12b N=3 arm=selfcheckgpt real_lme_00254_ba358f49 seed=1: per_fault={'ctx': True, 'bullets': True, 'concise': True} all_resolved=True n_resolved=3/3 tokens=(13323,503)
  model=mistral-nemo-12b N=3 arm=selfcheckgpt real_lme_00254_ba358f49 seed=2: per_fault={'ctx': True, 'bullets': True, 'concise': True} all_resolved=True n_resolved=3/3 tokens=(13318,487)
  model=mistral-nemo-12b N=3 arm=selfcheckgpt real_lme_00257_10e09553 seed=0: per_fault={'ctx': True, 'concise': True, 'preamble': True} all_resolved=True n_resolved=3/3 tokens=(14824,488)
  model=mistral-nemo-12b N=3 arm=selfcheckgpt real_lme_00257_10e09553 seed=1: per_fault={'ctx': True, 'concise': True, 'preamble': True} all_resolved=True n_resolved=3/3 tokens=(14849,524)
  model=mistral-nemo-12b N=3 arm=selfcheckgpt real_lme_00257_10e09553 seed=2: per_fault={'ctx': True, 'concise': True, 'preamble': True} all_resolved=True n_resolved=3/3 tokens=(14851,528)
  model=mistral-nemo-12b N=3 arm=selfcheckgpt real_lme_00258_gpt4_93159ced_abs seed=0: per_fault={'ctx': False, 'english': True, 'preamble': True} all_resolved=False n_resolved=2/3 tokens=(14545,648)
  model=mistral-nemo-12b N=3 arm=selfcheckgpt real_lme_00258_gpt4_93159ced_abs seed=1: per_fault={'ctx': False, 'english': True, 'preamble': True} all_resolved=False n_resolved=2/3 tokens=(14499,622)
  model=mistral-nemo-12b N=3 arm=selfcheckgpt real_lme_00258_gpt4_93159ced_abs seed=2: per_fault={'ctx': False, 'english': True, 'preamble': True} all_resolved=False n_resolved=2/3 tokens=(14535,381)
  model=mistral-nemo-12b N=3 arm=selfcheckgpt real_lme_00263_2698e78f seed=0: per_fault={'ctx': False, 'bullets': True, 'concise': False} all_resolved=False n_resolved=1/3 tokens=(14541,308)
  model=mistral-nemo-12b N=3 arm=selfcheckgpt real_lme_00263_2698e78f seed=1: per_fault={'ctx': False, 'bullets': True, 'concise': False} all_resolved=False n_resolved=1/3 tokens=(14597,302)
  model=mistral-nemo-12b N=3 arm=selfcheckgpt real_lme_00263_2698e78f seed=2: per_fault={'ctx': False, 'bullets': True, 'concise': False} all_resolved=False n_resolved=1/3 tokens=(14542,363)
  model=mistral-nemo-12b N=3 arm=selfcheckgpt real_lme_00264_7161e7e2 seed=0: per_fault={'ctx': False, 'english': True, 'preamble': True} all_resolved=False n_resolved=2/3 tokens=(16763,574)
  model=mistral-nemo-12b N=3 arm=selfcheckgpt real_lme_00264_7161e7e2 seed=1: per_fault={'ctx': False, 'english': True, 'preamble': True} all_resolved=False n_resolved=2/3 tokens=(16773,570)
  model=mistral-nemo-12b N=3 arm=selfcheckgpt real_lme_00264_7161e7e2 seed=2: per_fault={'ctx': True, 'english': True, 'preamble': True} all_resolved=True n_resolved=3/3 tokens=(16740,523)
  model=mistral-nemo-12b N=3 arm=selfcheckgpt real_lme_00267_8550ddae seed=0: per_fault={'ctx': True, 'concise': True, 'english': True} all_resolved=True n_resolved=3/3 tokens=(14158,365)
  model=mistral-nemo-12b N=3 arm=selfcheckgpt real_lme_00267_8550ddae seed=1: per_fault={'ctx': True, 'concise': True, 'english': True} all_resolved=True n_resolved=3/3 tokens=(14121,369)
  model=mistral-nemo-12b N=3 arm=selfcheckgpt real_lme_00267_8550ddae seed=2: per_fault={'ctx': True, 'concise': True, 'english': True} all_resolved=True n_resolved=3/3 tokens=(16666,587)
  model=mistral-nemo-12b N=3 arm=selfcheckgpt real_lme_00279_6222b6eb seed=0: per_fault={'ctx': True, 'concise': True, 'english': True} all_resolved=True n_resolved=3/3 tokens=(14464,615)
  model=mistral-nemo-12b N=3 arm=selfcheckgpt real_lme_00279_6222b6eb seed=1: per_fault={'ctx': True, 'concise': True, 'english': True} all_resolved=True n_resolved=3/3 tokens=(14464,615)
  model=mistral-nemo-12b N=3 arm=selfcheckgpt real_lme_00279_6222b6eb seed=2: per_fault={'ctx': True, 'concise': True, 'english': True} all_resolved=True n_resolved=3/3 tokens=(14464,723)
  model=mistral-nemo-12b N=3 arm=selfcheckgpt real_lme_00285_a96c20ee_abs seed=0: per_fault={'ctx': False, 'concise': True, 'preamble': True} all_resolved=False n_resolved=2/3 tokens=(13003,479)
  model=mistral-nemo-12b N=3 arm=selfcheckgpt real_lme_00285_a96c20ee_abs seed=1: per_fault={'ctx': False, 'concise': True, 'preamble': True} all_resolved=False n_resolved=2/3 tokens=(12976,500)
  model=mistral-nemo-12b N=3 arm=selfcheckgpt real_lme_00285_a96c20ee_abs seed=2: per_fault={'ctx': False, 'concise': True, 'preamble': True} all_resolved=False n_resolved=2/3 tokens=(12949,469)
  model=mistral-nemo-12b N=3 arm=selfcheckgpt real_lme_00288_c8090214_abs seed=0: per_fault={'ctx': False, 'concise': True, 'english': True} all_resolved=False n_resolved=2/3 tokens=(15468,467)
  model=mistral-nemo-12b N=3 arm=selfcheckgpt real_lme_00288_c8090214_abs seed=1: per_fault={'ctx': False, 'concise': True, 'english': True} all_resolved=False n_resolved=2/3 tokens=(15451,480)
  model=mistral-nemo-12b N=3 arm=selfcheckgpt real_lme_00288_c8090214_abs seed=2: per_fault={'ctx': False, 'concise': True, 'english': True} all_resolved=False n_resolved=2/3 tokens=(15425,477)
  model=mistral-nemo-12b N=3 arm=selfcheckgpt real_lme_00293_27016adc seed=0: per_fault={'ctx': False, 'bullets': True, 'concise': False} all_resolved=False n_resolved=1/3 tokens=(16702,604)
  model=mistral-nemo-12b N=3 arm=selfcheckgpt real_lme_00293_27016adc seed=1: per_fault={'ctx': True, 'bullets': True, 'concise': True} all_resolved=True n_resolved=3/3 tokens=(14397,559)
  model=mistral-nemo-12b N=3 arm=selfcheckgpt real_lme_00293_27016adc seed=2: per_fault={'ctx': False, 'bullets': True, 'concise': True} all_resolved=False n_resolved=2/3 tokens=(16613,652)
  model=mistral-nemo-12b N=3 arm=selfcheckgpt real_lme_00300_c9f37c46 seed=0: per_fault={'ctx': False, 'english': True, 'preamble': True} all_resolved=False n_resolved=2/3 tokens=(13609,476)
  model=mistral-nemo-12b N=3 arm=selfcheckgpt real_lme_00300_c9f37c46 seed=1: per_fault={'ctx': False, 'english': True, 'preamble': True} all_resolved=False n_resolved=2/3 tokens=(13639,463)
  model=mistral-nemo-12b N=3 arm=selfcheckgpt real_lme_00300_c9f37c46 seed=2: per_fault={'ctx': False, 'english': True, 'preamble': True} all_resolved=False n_resolved=2/3 tokens=(13624,440)
  model=mistral-nemo-12b N=3 arm=selfcheckgpt real_lme_00306_gpt4_2f56ae70 seed=0: per_fault={'ctx': True, 'concise': True, 'preamble': True} all_resolved=True n_resolved=3/3 tokens=(13124,255)
  model=mistral-nemo-12b N=3 arm=selfcheckgpt real_lme_00306_gpt4_2f56ae70 seed=1: per_fault={'ctx': True, 'concise': True, 'preamble': True} all_resolved=True n_resolved=3/3 tokens=(13134,273)
  model=mistral-nemo-12b N=3 arm=selfcheckgpt real_lme_00306_gpt4_2f56ae70 seed=2: per_fault={'ctx': True, 'concise': True, 'preamble': True} all_resolved=True n_resolved=3/3 tokens=(13132,275)
  model=mistral-nemo-12b N=3 arm=selfcheckgpt real_lme_00308_gpt4_4929293a seed=0: per_fault={'ctx': True, 'bullets': True, 'concise': True} all_resolved=True n_resolved=3/3 tokens=(13886,566)
  model=mistral-nemo-12b N=3 arm=selfcheckgpt real_lme_00308_gpt4_4929293a seed=1: per_fault={'ctx': True, 'bullets': True, 'concise': True} all_resolved=True n_resolved=3/3 tokens=(13890,572)
  model=mistral-nemo-12b N=3 arm=selfcheckgpt real_lme_00308_gpt4_4929293a seed=2: per_fault={'ctx': True, 'bullets': True, 'concise': True} all_resolved=True n_resolved=3/3 tokens=(13886,432)
  model=mistral-nemo-12b N=3 arm=selfcheckgpt real_lme_00312_a3332713 seed=0: per_fault={'ctx': False, 'concise': True, 'english': True} all_resolved=False n_resolved=2/3 tokens=(14933,263)
  model=mistral-nemo-12b N=3 arm=selfcheckgpt real_lme_00312_a3332713 seed=1: per_fault={'ctx': False, 'concise': True, 'english': True} all_resolved=False n_resolved=2/3 tokens=(14920,256)
  model=mistral-nemo-12b N=3 arm=selfcheckgpt real_lme_00312_a3332713 seed=2: per_fault={'ctx': False, 'concise': True, 'english': True} all_resolved=False n_resolved=2/3 tokens=(14913,311)
  model=mistral-nemo-12b N=3 arm=selfcheckgpt real_lme_00322_0a34ad58 seed=0: per_fault={'ctx': False, 'concise': True, 'english': True} all_resolved=False n_resolved=2/3 tokens=(19907,535)
  model=mistral-nemo-12b N=3 arm=selfcheckgpt real_lme_00322_0a34ad58 seed=1: per_fault={'ctx': False, 'concise': True, 'english': True} all_resolved=False n_resolved=2/3 tokens=(17100,530)
  model=mistral-nemo-12b N=3 arm=selfcheckgpt real_lme_00322_0a34ad58 seed=2: per_fault={'ctx': False, 'concise': False, 'english': True} all_resolved=False n_resolved=1/3 tokens=(17291,915)
  model=mistral-nemo-12b N=3 arm=selfcheckgpt real_lme_00328_57f827a0 seed=0: per_fault={'ctx': False, 'concise': False, 'preamble': True} all_resolved=False n_resolved=1/3 tokens=(16721,901)
  model=mistral-nemo-12b N=3 arm=selfcheckgpt real_lme_00328_57f827a0 seed=1: per_fault={'ctx': False, 'concise': True, 'preamble': True} all_resolved=False n_resolved=2/3 tokens=(19448,932)
  model=mistral-nemo-12b N=3 arm=selfcheckgpt real_lme_00328_57f827a0 seed=2: per_fault={'ctx': False, 'concise': True, 'preamble': True} all_resolved=False n_resolved=2/3 tokens=(20235,1117)
--- [mistral-nemo-12b][selfcheckgpt] N=3: rows written=174 errors=6 tokens_in=2622910 tokens_out=94204 ---
  model=mistral-nemo-12b N=3 arm=intro_specter real_lme_00001_603deb26 seed=0: per_fault={'ctx': True, 'concise': True, 'english': True} all_resolved=True n_resolved=3/3 tokens=(5886,951)
  model=mistral-nemo-12b N=3 arm=intro_specter real_lme_00001_603deb26 seed=1: per_fault={'ctx': True, 'concise': True, 'english': True} all_resolved=True n_resolved=3/3 tokens=(5886,951)
  model=mistral-nemo-12b N=3 arm=intro_specter real_lme_00001_603deb26 seed=2: per_fault={'ctx': True, 'concise': True, 'english': True} all_resolved=True n_resolved=3/3 tokens=(5792,760)
  model=mistral-nemo-12b N=3 arm=intro_specter real_lme_00007_5025383b seed=0: per_fault={'ctx': True, 'bullets': True, 'preamble': True} all_resolved=True n_resolved=3/3 tokens=(5126,613)
  model=mistral-nemo-12b N=3 arm=intro_specter real_lme_00007_5025383b seed=1: per_fault={'ctx': True, 'bullets': True, 'preamble': True} all_resolved=True n_resolved=3/3 tokens=(5126,613)
  model=mistral-nemo-12b N=3 arm=intro_specter real_lme_00007_5025383b seed=2: per_fault={'ctx': True, 'bullets': True, 'preamble': True} all_resolved=True n_resolved=3/3 tokens=(5031,694)
  model=mistral-nemo-12b N=3 arm=intro_specter real_lme_00010_0a34ad58 seed=0: per_fault={'ctx': False, 'concise': False, 'preamble': True} all_resolved=False n_resolved=1/3 tokens=(6743,1476)
  model=mistral-nemo-12b N=3 arm=intro_specter real_lme_00010_0a34ad58 seed=1: per_fault={'ctx': False, 'concise': False, 'preamble': True} all_resolved=False n_resolved=1/3 tokens=(6743,1476)
  model=mistral-nemo-12b N=3 arm=intro_specter real_lme_00010_0a34ad58 seed=2: per_fault={'ctx': False, 'concise': False, 'preamble': True} all_resolved=False n_resolved=1/3 tokens=(6534,862)
  model=mistral-nemo-12b N=3 arm=intro_specter real_lme_00016_f8c5f88b seed=0: per_fault={'ctx': True, 'bullets': True, 'concise': True} all_resolved=True n_resolved=3/3 tokens=(5205,202)
  model=mistral-nemo-12b N=3 arm=intro_specter real_lme_00016_f8c5f88b seed=1: per_fault={'ctx': True, 'bullets': True, 'concise': True} all_resolved=True n_resolved=3/3 tokens=(5205,202)
  model=mistral-nemo-12b N=3 arm=intro_specter real_lme_00016_f8c5f88b seed=2: per_fault={'ctx': True, 'bullets': True, 'concise': True} all_resolved=True n_resolved=3/3 tokens=(5205,202)
  model=mistral-nemo-12b N=3 arm=intro_specter real_lme_00018_gpt4_d31cdae3 seed=0: per_fault={'ctx': True, 'concise': True, 'english': True} all_resolved=True n_resolved=3/3 tokens=(5795,811)
  model=mistral-nemo-12b N=3 arm=intro_specter real_lme_00018_gpt4_d31cdae3 seed=1: per_fault={'ctx': True, 'concise': True, 'english': True} all_resolved=True n_resolved=3/3 tokens=(5795,811)
  model=mistral-nemo-12b N=3 arm=intro_specter real_lme_00018_gpt4_d31cdae3 seed=2: per_fault={'ctx': True, 'concise': True, 'english': True} all_resolved=True n_resolved=3/3 tokens=(5819,990)
  model=mistral-nemo-12b N=3 arm=intro_specter real_lme_00032_22d2cb42 seed=0: per_fault={'ctx': True, 'english': True, 'preamble': True} all_resolved=True n_resolved=3/3 tokens=(5223,883)
  model=mistral-nemo-12b N=3 arm=intro_specter real_lme_00032_22d2cb42 seed=1: per_fault={'ctx': True, 'english': True, 'preamble': True} all_resolved=True n_resolved=3/3 tokens=(5223,883)
  model=mistral-nemo-12b N=3 arm=intro_specter real_lme_00032_22d2cb42 seed=2: per_fault={'ctx': True, 'english': True, 'preamble': True} all_resolved=True n_resolved=3/3 tokens=(5395,907)
  model=mistral-nemo-12b N=3 arm=intro_specter real_lme_00043_c2ac3c61 seed=0: per_fault={'ctx': True, 'bullets': True, 'concise': True} all_resolved=True n_resolved=3/3 tokens=(5077,201)
  model=mistral-nemo-12b N=3 arm=intro_specter real_lme_00043_c2ac3c61 seed=1: per_fault={'ctx': True, 'bullets': True, 'concise': True} all_resolved=True n_resolved=3/3 tokens=(5077,201)
  model=mistral-nemo-12b N=3 arm=intro_specter real_lme_00043_c2ac3c61 seed=2: per_fault={'ctx': True, 'bullets': True, 'concise': True} all_resolved=True n_resolved=3/3 tokens=(5260,430)
  model=mistral-nemo-12b N=3 arm=intro_specter real_lme_00049_0862e8bf_abs seed=0: per_fault={'ctx': True, 'concise': False, 'english': True} all_resolved=False n_resolved=2/3 tokens=(5737,880)
  model=mistral-nemo-12b N=3 arm=intro_specter real_lme_00049_0862e8bf_abs seed=1: per_fault={'ctx': True, 'concise': False, 'english': True} all_resolved=False n_resolved=2/3 tokens=(5737,880)
  model=mistral-nemo-12b N=3 arm=intro_specter real_lme_00049_0862e8bf_abs seed=2: per_fault={'ctx': True, 'concise': False, 'english': True} all_resolved=False n_resolved=2/3 tokens=(5644,665)
  model=mistral-nemo-12b N=3 arm=intro_specter real_lme_00053_21d02d0d seed=0: per_fault={'ctx': True, 'bullets': True, 'concise': False} all_resolved=False n_resolved=2/3 tokens=(6079,1128)
  model=mistral-nemo-12b N=3 arm=intro_specter real_lme_00053_21d02d0d seed=1: per_fault={'ctx': True, 'bullets': True, 'concise': False} all_resolved=False n_resolved=2/3 tokens=(6079,1128)
  model=mistral-nemo-12b N=3 arm=intro_specter real_lme_00053_21d02d0d seed=2: per_fault={'ctx': True, 'bullets': True, 'concise': False} all_resolved=False n_resolved=2/3 tokens=(5479,606)
  model=mistral-nemo-12b N=3 arm=intro_specter real_lme_00059_2ebe6c90 seed=0: per_fault={'ctx': True, 'concise': True, 'english': True} all_resolved=True n_resolved=3/3 tokens=(5704,1062)
  model=mistral-nemo-12b N=3 arm=intro_specter real_lme_00059_2ebe6c90 seed=1: per_fault={'ctx': True, 'concise': True, 'english': True} all_resolved=True n_resolved=3/3 tokens=(5704,1062)
  model=mistral-nemo-12b N=3 arm=intro_specter real_lme_00059_2ebe6c90 seed=2: per_fault={'ctx': True, 'concise': True, 'english': True} all_resolved=True n_resolved=3/3 tokens=(5438,1011)
  model=mistral-nemo-12b N=3 arm=intro_specter real_lme_00069_gpt4_31ff4165 seed=0: per_fault={'ctx': True, 'bullets': True, 'concise': True} all_resolved=True n_resolved=3/3 tokens=(6101,1303)
  model=mistral-nemo-12b N=3 arm=intro_specter real_lme_00069_gpt4_31ff4165 seed=1: per_fault={'ctx': True, 'bullets': True, 'concise': True} all_resolved=True n_resolved=3/3 tokens=(6101,1303)
  model=mistral-nemo-12b N=3 arm=intro_specter real_lme_00069_gpt4_31ff4165 seed=2: per_fault={'ctx': False, 'bullets': True, 'concise': True} all_resolved=False n_resolved=2/3 tokens=(6324,1609)
  model=mistral-nemo-12b N=3 arm=intro_specter real_lme_00076_f4f1d8a4_abs seed=0: per_fault={'ctx': True, 'bullets': True, 'preamble': True} all_resolved=True n_resolved=3/3 tokens=(5952,696)
  model=mistral-nemo-12b N=3 arm=intro_specter real_lme_00076_f4f1d8a4_abs seed=1: per_fault={'ctx': True, 'bullets': True, 'preamble': True} all_resolved=True n_resolved=3/3 tokens=(5952,696)
  model=mistral-nemo-12b N=3 arm=intro_specter real_lme_00076_f4f1d8a4_abs seed=2: per_fault={'ctx': True, 'bullets': True, 'preamble': True} all_resolved=True n_resolved=3/3 tokens=(5800,475)
  model=mistral-nemo-12b N=3 arm=intro_specter real_lme_00081_afdc33df seed=0: per_fault={'ctx': True, 'concise': False, 'english': True} all_resolved=False n_resolved=2/3 tokens=(7023,1473)
  model=mistral-nemo-12b N=3 arm=intro_specter real_lme_00081_afdc33df seed=1: per_fault={'ctx': True, 'concise': False, 'english': True} all_resolved=False n_resolved=2/3 tokens=(7023,1473)
  model=mistral-nemo-12b N=3 arm=intro_specter real_lme_00081_afdc33df seed=2: per_fault={'ctx': False, 'concise': False, 'english': True} all_resolved=False n_resolved=1/3 tokens=(6366,668)
  model=mistral-nemo-12b N=3 arm=intro_specter real_lme_00085_a11281a2 seed=0: per_fault={'ctx': True, 'concise': True, 'preamble': True} all_resolved=True n_resolved=3/3 tokens=(5137,891)
  model=mistral-nemo-12b N=3 arm=intro_specter real_lme_00085_a11281a2 seed=1: per_fault={'ctx': True, 'concise': True, 'preamble': True} all_resolved=True n_resolved=3/3 tokens=(5137,891)
  model=mistral-nemo-12b N=3 arm=intro_specter real_lme_00085_a11281a2 seed=2: per_fault={'ctx': True, 'concise': True, 'preamble': True} all_resolved=True n_resolved=3/3 tokens=(5146,929)
  model=mistral-nemo-12b N=3 arm=intro_specter real_lme_00086_af082822 seed=0: per_fault={'ctx': False, 'concise': True, 'english': True} all_resolved=False n_resolved=2/3 tokens=(5333,708)
  model=mistral-nemo-12b N=3 arm=intro_specter real_lme_00086_af082822 seed=1: per_fault={'ctx': False, 'concise': True, 'english': True} all_resolved=False n_resolved=2/3 tokens=(5333,708)
  model=mistral-nemo-12b N=3 arm=intro_specter real_lme_00086_af082822 seed=2: per_fault={'ctx': True, 'concise': True, 'english': True} all_resolved=True n_resolved=3/3 tokens=(5269,753)
  model=mistral-nemo-12b N=3 arm=intro_specter real_lme_00087_3b6f954b seed=0: per_fault={'ctx': True, 'concise': True, 'preamble': True} all_resolved=True n_resolved=3/3 tokens=(5369,762)
  model=mistral-nemo-12b N=3 arm=intro_specter real_lme_00087_3b6f954b seed=1: per_fault={'ctx': True, 'concise': True, 'preamble': True} all_resolved=True n_resolved=3/3 tokens=(5369,762)
  model=mistral-nemo-12b N=3 arm=intro_specter real_lme_00087_3b6f954b seed=2: per_fault={'ctx': True, 'concise': True, 'preamble': True} all_resolved=True n_resolved=3/3 tokens=(5235,462)
  model=mistral-nemo-12b N=3 arm=intro_specter real_lme_00093_545bd2b5 seed=0: per_fault={'ctx': True, 'bullets': True, 'concise': True} all_resolved=True n_resolved=3/3 tokens=(5314,718)
  model=mistral-nemo-12b N=3 arm=intro_specter real_lme_00093_545bd2b5 seed=1: per_fault={'ctx': True, 'bullets': True, 'concise': True} all_resolved=True n_resolved=3/3 tokens=(5314,718)
  model=mistral-nemo-12b N=3 arm=intro_specter real_lme_00093_545bd2b5 seed=2: per_fault={'ctx': True, 'bullets': True, 'concise': True} all_resolved=True n_resolved=3/3 tokens=(5279,678)
  model=mistral-nemo-12b N=3 arm=intro_specter real_lme_00110_gpt4_1a1dc16d seed=0: per_fault={'ctx': True, 'concise': True, 'preamble': True} all_resolved=True n_resolved=3/3 tokens=(5581,914)
  model=mistral-nemo-12b N=3 arm=intro_specter real_lme_00110_gpt4_1a1dc16d seed=1: per_fault={'ctx': True, 'concise': True, 'preamble': True} all_resolved=True n_resolved=3/3 tokens=(5581,914)
  model=mistral-nemo-12b N=3 arm=intro_specter real_lme_00110_gpt4_1a1dc16d seed=2: per_fault={'ctx': True, 'concise': True, 'preamble': True} all_resolved=True n_resolved=3/3 tokens=(5496,688)
  model=mistral-nemo-12b N=3 arm=intro_specter real_lme_00119_c6853660 seed=0: per_fault={'ctx': True, 'bullets': True, 'preamble': True} all_resolved=True n_resolved=3/3 tokens=(5255,575)
  model=mistral-nemo-12b N=3 arm=intro_specter real_lme_00119_c6853660 seed=1: per_fault={'ctx': True, 'bullets': True, 'preamble': True} all_resolved=True n_resolved=3/3 tokens=(5255,575)
  model=mistral-nemo-12b N=3 arm=intro_specter real_lme_00119_c6853660 seed=2: per_fault={'ctx': True, 'bullets': True, 'preamble': True} all_resolved=True n_resolved=3/3 tokens=(5236,427)
  model=mistral-nemo-12b N=3 arm=intro_specter real_lme_00120_42ec0761 seed=0: per_fault={'ctx': True, 'bullets': True, 'concise': True} all_resolved=True n_resolved=3/3 tokens=(5594,757)
  model=mistral-nemo-12b N=3 arm=intro_specter real_lme_00120_42ec0761 seed=1: per_fault={'ctx': True, 'bullets': True, 'concise': True} all_resolved=True n_resolved=3/3 tokens=(5594,757)
  model=mistral-nemo-12b N=3 arm=intro_specter real_lme_00120_42ec0761 seed=2: per_fault={'ctx': True, 'bullets': True, 'concise': True} all_resolved=True n_resolved=3/3 tokens=(5563,726)
  model=mistral-nemo-12b N=3 arm=intro_specter real_lme_00122_0a34ad58 seed=0: per_fault={'ctx': False, 'bullets': True, 'preamble': True} all_resolved=False n_resolved=2/3 tokens=(6068,783)
  model=mistral-nemo-12b N=3 arm=intro_specter real_lme_00122_0a34ad58 seed=1: per_fault={'ctx': False, 'bullets': True, 'preamble': True} all_resolved=False n_resolved=2/3 tokens=(6068,783)
  model=mistral-nemo-12b N=3 arm=intro_specter real_lme_00122_0a34ad58 seed=2: per_fault={'ctx': False, 'bullets': True, 'preamble': True} all_resolved=False n_resolved=2/3 tokens=(6013,1174)
  model=mistral-nemo-12b N=3 arm=intro_specter real_lme_00123_ceb54acb seed=0: per_fault={'ctx': True, 'english': True, 'preamble': True} all_resolved=True n_resolved=3/3 tokens=(4099,504)
  model=mistral-nemo-12b N=3 arm=intro_specter real_lme_00123_ceb54acb seed=1: per_fault={'ctx': True, 'english': True, 'preamble': True} all_resolved=True n_resolved=3/3 tokens=(4099,504)
  model=mistral-nemo-12b N=3 arm=intro_specter real_lme_00123_ceb54acb seed=2: per_fault={'ctx': True, 'english': True, 'preamble': True} all_resolved=True n_resolved=3/3 tokens=(4095,452)
  model=mistral-nemo-12b N=3 arm=intro_specter real_lme_00133_71a3fd6b seed=0: per_fault={'ctx': True, 'bullets': True, 'concise': True} all_resolved=True n_resolved=3/3 tokens=(4128,602)
  model=mistral-nemo-12b N=3 arm=intro_specter real_lme_00133_71a3fd6b seed=1: per_fault={'ctx': True, 'bullets': True, 'concise': True} all_resolved=True n_resolved=3/3 tokens=(4128,602)
  model=mistral-nemo-12b N=3 arm=intro_specter real_lme_00133_71a3fd6b seed=2: per_fault={'ctx': True, 'bullets': True, 'concise': True} all_resolved=True n_resolved=3/3 tokens=(4037,549)
  model=mistral-nemo-12b N=3 arm=intro_specter real_lme_00135_129d1232 seed=0: per_fault={'ctx': True, 'concise': True, 'english': True} all_resolved=True n_resolved=3/3 tokens=(5570,898)
  model=mistral-nemo-12b N=3 arm=intro_specter real_lme_00135_129d1232 seed=1: per_fault={'ctx': True, 'concise': True, 'english': True} all_resolved=True n_resolved=3/3 tokens=(5570,898)
  model=mistral-nemo-12b N=3 arm=intro_specter real_lme_00135_129d1232 seed=2: per_fault={'ctx': True, 'concise': True, 'english': True} all_resolved=True n_resolved=3/3 tokens=(5585,837)
  model=mistral-nemo-12b N=3 arm=intro_specter real_lme_00144_7a87bd0c seed=0: per_fault={'ctx': True, 'bullets': True, 'preamble': True} all_resolved=True n_resolved=3/3 tokens=(5517,476)
  model=mistral-nemo-12b N=3 arm=intro_specter real_lme_00144_7a87bd0c seed=1: per_fault={'ctx': True, 'bullets': True, 'preamble': True} all_resolved=True n_resolved=3/3 tokens=(5517,476)
  model=mistral-nemo-12b N=3 arm=intro_specter real_lme_00144_7a87bd0c seed=2: per_fault={'ctx': True, 'bullets': True, 'preamble': True} all_resolved=True n_resolved=3/3 tokens=(5480,472)
  model=mistral-nemo-12b N=3 arm=intro_specter real_lme_00156_e831120c seed=0: per_fault={'ctx': True, 'concise': False, 'preamble': True} all_resolved=False n_resolved=2/3 tokens=(6243,1225)
  model=mistral-nemo-12b N=3 arm=intro_specter real_lme_00156_e831120c seed=1: per_fault={'ctx': True, 'concise': False, 'preamble': True} all_resolved=False n_resolved=2/3 tokens=(6243,1225)
  model=mistral-nemo-12b N=3 arm=intro_specter real_lme_00156_e831120c seed=2: per_fault={'ctx': True, 'concise': False, 'preamble': True} all_resolved=False n_resolved=2/3 tokens=(6253,1143)
  model=mistral-nemo-12b N=3 arm=intro_specter real_lme_00168_gpt4_68e94287 seed=0: per_fault={'ctx': True, 'bullets': True, 'concise': True} all_resolved=True n_resolved=3/3 tokens=(6171,631)
  model=mistral-nemo-12b N=3 arm=intro_specter real_lme_00168_gpt4_68e94287 seed=1: per_fault={'ctx': True, 'bullets': True, 'concise': True} all_resolved=True n_resolved=3/3 tokens=(6171,631)
  model=mistral-nemo-12b N=3 arm=intro_specter real_lme_00168_gpt4_68e94287 seed=2: per_fault={'ctx': True, 'bullets': True, 'concise': True} all_resolved=True n_resolved=3/3 tokens=(6258,760)
  model=mistral-nemo-12b N=3 arm=intro_specter real_lme_00183_8464fc84 seed=0: per_fault={'ctx': True, 'concise': True, 'preamble': True} all_resolved=True n_resolved=3/3 tokens=(5539,661)
  model=mistral-nemo-12b N=3 arm=intro_specter real_lme_00183_8464fc84 seed=1: per_fault={'ctx': True, 'concise': True, 'preamble': True} all_resolved=True n_resolved=3/3 tokens=(5539,661)
  model=mistral-nemo-12b N=3 arm=intro_specter real_lme_00183_8464fc84 seed=2: per_fault={'ctx': True, 'concise': True, 'preamble': True} all_resolved=True n_resolved=3/3 tokens=(5468,721)
  model=mistral-nemo-12b N=3 arm=intro_specter real_lme_00184_45dc21b6 seed=0: per_fault={'ctx': True, 'concise': True, 'preamble': True} all_resolved=True n_resolved=3/3 tokens=(5396,882)
  model=mistral-nemo-12b N=3 arm=intro_specter real_lme_00184_45dc21b6 seed=1: per_fault={'ctx': True, 'concise': True, 'preamble': True} all_resolved=True n_resolved=3/3 tokens=(5396,882)
  model=mistral-nemo-12b N=3 arm=intro_specter real_lme_00184_45dc21b6 seed=2: per_fault={'ctx': True, 'concise': True, 'preamble': True} all_resolved=True n_resolved=3/3 tokens=(5385,855)
  model=mistral-nemo-12b N=3 arm=intro_specter real_lme_00191_993da5e2 seed=0: per_fault={'ctx': False, 'english': True, 'preamble': True} all_resolved=False n_resolved=2/3 tokens=(5838,1025)
  model=mistral-nemo-12b N=3 arm=intro_specter real_lme_00191_993da5e2 seed=1: per_fault={'ctx': False, 'english': True, 'preamble': True} all_resolved=False n_resolved=2/3 tokens=(5838,1025)
  model=mistral-nemo-12b N=3 arm=intro_specter real_lme_00191_993da5e2 seed=2: per_fault={'ctx': False, 'english': True, 'preamble': True} all_resolved=False n_resolved=2/3 tokens=(5581,337)
  model=mistral-nemo-12b N=3 arm=intro_specter real_lme_00195_gpt4_1d80365e seed=0: per_fault={'ctx': False, 'concise': True, 'preamble': True} all_resolved=False n_resolved=2/3 tokens=(5550,788)
  model=mistral-nemo-12b N=3 arm=intro_specter real_lme_00195_gpt4_1d80365e seed=1: per_fault={'ctx': False, 'concise': True, 'preamble': True} all_resolved=False n_resolved=2/3 tokens=(5550,788)
  model=mistral-nemo-12b N=3 arm=intro_specter real_lme_00195_gpt4_1d80365e seed=2: per_fault={'ctx': True, 'concise': False, 'preamble': True} all_resolved=False n_resolved=2/3 tokens=(5743,1212)
  model=mistral-nemo-12b N=3 arm=intro_specter real_lme_00197_gpt4_213fd887 seed=0: per_fault={'ctx': True, 'concise': True, 'preamble': True} all_resolved=True n_resolved=3/3 tokens=(5728,510)
  model=mistral-nemo-12b N=3 arm=intro_specter real_lme_00197_gpt4_213fd887 seed=1: per_fault={'ctx': True, 'concise': True, 'preamble': True} all_resolved=True n_resolved=3/3 tokens=(5728,510)
  model=mistral-nemo-12b N=3 arm=intro_specter real_lme_00197_gpt4_213fd887 seed=2: per_fault={'ctx': True, 'concise': True, 'preamble': True} all_resolved=True n_resolved=3/3 tokens=(5732,627)
  model=mistral-nemo-12b N=3 arm=intro_specter real_lme_00198_gpt4_d6585ce8 seed=0: per_fault={'ctx': True, 'concise': False, 'preamble': True} all_resolved=False n_resolved=2/3 tokens=(6373,954)
  model=mistral-nemo-12b N=3 arm=intro_specter real_lme_00198_gpt4_d6585ce8 seed=1: per_fault={'ctx': True, 'concise': False, 'preamble': True} all_resolved=False n_resolved=2/3 tokens=(6373,954)
  model=mistral-nemo-12b N=3 arm=intro_specter real_lme_00198_gpt4_d6585ce8 seed=2: per_fault={'ctx': True, 'concise': False, 'preamble': True} all_resolved=False n_resolved=2/3 tokens=(6203,713)
  model=mistral-nemo-12b N=3 arm=intro_specter real_lme_00209_7e974930 seed=0: per_fault={'ctx': True, 'concise': True, 'english': True} all_resolved=True n_resolved=3/3 tokens=(5745,819)
  model=mistral-nemo-12b N=3 arm=intro_specter real_lme_00209_7e974930 seed=1: per_fault={'ctx': True, 'concise': True, 'english': True} all_resolved=True n_resolved=3/3 tokens=(5745,819)
  model=mistral-nemo-12b N=3 arm=intro_specter real_lme_00209_7e974930 seed=2: per_fault={'ctx': True, 'concise': True, 'english': True} all_resolved=True n_resolved=3/3 tokens=(5696,899)
  model=mistral-nemo-12b N=3 arm=intro_specter real_lme_00212_e01b8e2f seed=0: per_fault={'ctx': True, 'concise': True, 'preamble': True} all_resolved=True n_resolved=3/3 tokens=(5274,543)
  model=mistral-nemo-12b N=3 arm=intro_specter real_lme_00212_e01b8e2f seed=1: per_fault={'ctx': True, 'concise': True, 'preamble': True} all_resolved=True n_resolved=3/3 tokens=(5274,543)
  model=mistral-nemo-12b N=3 arm=intro_specter real_lme_00212_e01b8e2f seed=2: per_fault={'ctx': True, 'concise': True, 'preamble': True} all_resolved=True n_resolved=3/3 tokens=(5349,667)
  model=mistral-nemo-12b N=3 arm=intro_specter real_lme_00216_2698e78f_abs seed=0: per_fault={'ctx': True, 'bullets': True, 'concise': False} all_resolved=False n_resolved=2/3 tokens=(5031,520)
  model=mistral-nemo-12b N=3 arm=intro_specter real_lme_00216_2698e78f_abs seed=1: per_fault={'ctx': True, 'bullets': True, 'concise': False} all_resolved=False n_resolved=2/3 tokens=(5031,520)
  model=mistral-nemo-12b N=3 arm=intro_specter real_lme_00216_2698e78f_abs seed=2: per_fault={'ctx': True, 'bullets': True, 'concise': False} all_resolved=False n_resolved=2/3 tokens=(5033,518)
  model=mistral-nemo-12b N=3 arm=intro_specter real_lme_00220_gpt4_2312f94c seed=0: per_fault={'ctx': True, 'bullets': True, 'concise': True} all_resolved=True n_resolved=3/3 tokens=(5732,623)
  model=mistral-nemo-12b N=3 arm=intro_specter real_lme_00220_gpt4_2312f94c seed=1: per_fault={'ctx': True, 'bullets': True, 'concise': True} all_resolved=True n_resolved=3/3 tokens=(5732,623)
  model=mistral-nemo-12b N=3 arm=intro_specter real_lme_00220_gpt4_2312f94c seed=2: per_fault={'ctx': True, 'bullets': True, 'concise': True} all_resolved=True n_resolved=3/3 tokens=(5822,670)
  model=mistral-nemo-12b N=3 arm=intro_specter real_lme_00222_3f1e9474 seed=0: per_fault={'ctx': True, 'concise': True, 'preamble': True} all_resolved=True n_resolved=3/3 tokens=(5238,496)
  model=mistral-nemo-12b N=3 arm=intro_specter real_lme_00222_3f1e9474 seed=1: per_fault={'ctx': True, 'concise': True, 'preamble': True} all_resolved=True n_resolved=3/3 tokens=(5238,496)
  model=mistral-nemo-12b N=3 arm=intro_specter real_lme_00222_3f1e9474 seed=2: per_fault={'ctx': True, 'concise': True, 'preamble': True} all_resolved=True n_resolved=3/3 tokens=(5314,634)
  model=mistral-nemo-12b N=3 arm=intro_specter real_lme_00224_dccbc061 seed=0: per_fault={'ctx': True, 'bullets': True, 'concise': True} all_resolved=True n_resolved=3/3 tokens=(4692,452)
  model=mistral-nemo-12b N=3 arm=intro_specter real_lme_00224_dccbc061 seed=1: per_fault={'ctx': True, 'bullets': True, 'concise': True} all_resolved=True n_resolved=3/3 tokens=(4692,452)
  model=mistral-nemo-12b N=3 arm=intro_specter real_lme_00224_dccbc061 seed=2: per_fault={'ctx': True, 'bullets': True, 'concise': True} all_resolved=True n_resolved=3/3 tokens=(4666,181)
  model=mistral-nemo-12b N=3 arm=intro_specter real_lme_00226_b759caee seed=0: per_fault={'ctx': True, 'bullets': True, 'concise': True} all_resolved=True n_resolved=3/3 tokens=(4652,499)
  model=mistral-nemo-12b N=3 arm=intro_specter real_lme_00226_b759caee seed=1: per_fault={'ctx': True, 'bullets': True, 'concise': True} all_resolved=True n_resolved=3/3 tokens=(4652,499)
  model=mistral-nemo-12b N=3 arm=intro_specter real_lme_00226_b759caee seed=2: per_fault={'ctx': True, 'bullets': True, 'concise': True} all_resolved=True n_resolved=3/3 tokens=(4653,498)
  model=mistral-nemo-12b N=3 arm=intro_specter real_lme_00227_8aef76bc seed=0: per_fault={'ctx': True, 'bullets': True, 'preamble': True} all_resolved=True n_resolved=3/3 tokens=(4786,842)
  model=mistral-nemo-12b N=3 arm=intro_specter real_lme_00227_8aef76bc seed=1: per_fault={'ctx': True, 'bullets': True, 'preamble': True} all_resolved=True n_resolved=3/3 tokens=(4786,842)
  model=mistral-nemo-12b N=3 arm=intro_specter real_lme_00227_8aef76bc seed=2: per_fault={'ctx': True, 'bullets': True, 'preamble': True} all_resolved=True n_resolved=3/3 tokens=(4863,723)
  model=mistral-nemo-12b N=3 arm=intro_specter real_lme_00232_gpt4_59c863d7 seed=0: per_fault={'ctx': False, 'concise': False, 'english': True} all_resolved=False n_resolved=1/3 tokens=(6573,885)
  model=mistral-nemo-12b N=3 arm=intro_specter real_lme_00232_gpt4_59c863d7 seed=1: per_fault={'ctx': False, 'concise': False, 'english': True} all_resolved=False n_resolved=1/3 tokens=(6573,885)
  model=mistral-nemo-12b N=3 arm=intro_specter real_lme_00232_gpt4_59c863d7 seed=2: per_fault={'ctx': False, 'concise': False, 'english': True} all_resolved=False n_resolved=1/3 tokens=(6391,745)
  model=mistral-nemo-12b N=3 arm=intro_specter real_lme_00240_09ba9854 seed=0: per_fault={'ctx': False, 'concise': False, 'preamble': True} all_resolved=False n_resolved=1/3 tokens=(6285,1161)
  model=mistral-nemo-12b N=3 arm=intro_specter real_lme_00240_09ba9854 seed=1: per_fault={'ctx': False, 'concise': False, 'preamble': True} all_resolved=False n_resolved=1/3 tokens=(6285,1161)
  model=mistral-nemo-12b N=3 arm=intro_specter real_lme_00240_09ba9854 seed=2: per_fault={'ctx': False, 'concise': True, 'preamble': True} all_resolved=False n_resolved=2/3 tokens=(6181,1355)
  model=mistral-nemo-12b N=3 arm=intro_specter real_lme_00247_1d4da289 seed=0: per_fault={'ctx': True, 'bullets': True, 'concise': True} all_resolved=True n_resolved=3/3 tokens=(5178,563)
  model=mistral-nemo-12b N=3 arm=intro_specter real_lme_00247_1d4da289 seed=1: per_fault={'ctx': True, 'bullets': True, 'concise': True} all_resolved=True n_resolved=3/3 tokens=(5178,563)
  model=mistral-nemo-12b N=3 arm=intro_specter real_lme_00247_1d4da289 seed=2: per_fault={'ctx': True, 'bullets': True, 'concise': True} all_resolved=True n_resolved=3/3 tokens=(5189,801)
  model=mistral-nemo-12b N=3 arm=intro_specter real_lme_00254_ba358f49 seed=0: per_fault={'ctx': True, 'bullets': True, 'concise': True} all_resolved=True n_resolved=3/3 tokens=(5141,772)
  model=mistral-nemo-12b N=3 arm=intro_specter real_lme_00254_ba358f49 seed=1: per_fault={'ctx': True, 'bullets': True, 'concise': True} all_resolved=True n_resolved=3/3 tokens=(5141,772)
  model=mistral-nemo-12b N=3 arm=intro_specter real_lme_00254_ba358f49 seed=2: per_fault={'ctx': True, 'bullets': True, 'concise': True} all_resolved=True n_resolved=3/3 tokens=(5126,769)
  model=mistral-nemo-12b N=3 arm=intro_specter real_lme_00257_10e09553 seed=0: per_fault={'ctx': True, 'concise': True, 'preamble': True} all_resolved=True n_resolved=3/3 tokens=(5635,891)
  model=mistral-nemo-12b N=3 arm=intro_specter real_lme_00257_10e09553 seed=1: per_fault={'ctx': True, 'concise': True, 'preamble': True} all_resolved=True n_resolved=3/3 tokens=(5635,891)
  model=mistral-nemo-12b N=3 arm=intro_specter real_lme_00257_10e09553 seed=2: per_fault={'ctx': True, 'concise': True, 'preamble': True} all_resolved=True n_resolved=3/3 tokens=(5644,732)
  model=mistral-nemo-12b N=3 arm=intro_specter real_lme_00258_gpt4_93159ced_abs seed=0: per_fault={'ctx': True, 'english': True, 'preamble': True} all_resolved=True n_resolved=3/3 tokens=(5715,1220)
  model=mistral-nemo-12b N=3 arm=intro_specter real_lme_00258_gpt4_93159ced_abs seed=1: per_fault={'ctx': True, 'english': True, 'preamble': True} all_resolved=True n_resolved=3/3 tokens=(5715,1220)
  model=mistral-nemo-12b N=3 arm=intro_specter real_lme_00258_gpt4_93159ced_abs seed=2: per_fault={'ctx': True, 'english': True, 'preamble': True} all_resolved=True n_resolved=3/3 tokens=(5344,501)
  model=mistral-nemo-12b N=3 arm=intro_specter real_lme_00263_2698e78f seed=0: per_fault={'ctx': True, 'bullets': True, 'concise': False} all_resolved=False n_resolved=2/3 tokens=(5226,342)
  model=mistral-nemo-12b N=3 arm=intro_specter real_lme_00263_2698e78f seed=1: per_fault={'ctx': True, 'bullets': True, 'concise': False} all_resolved=False n_resolved=2/3 tokens=(5226,342)
  model=mistral-nemo-12b N=3 arm=intro_specter real_lme_00263_2698e78f seed=2: per_fault={'ctx': False, 'bullets': True, 'concise': False} all_resolved=False n_resolved=1/3 tokens=(5312,556)
  model=mistral-nemo-12b N=3 arm=intro_specter real_lme_00264_7161e7e2 seed=0: per_fault={'ctx': True, 'english': True, 'preamble': True} all_resolved=True n_resolved=3/3 tokens=(6336,962)
  model=mistral-nemo-12b N=3 arm=intro_specter real_lme_00264_7161e7e2 seed=1: per_fault={'ctx': True, 'english': True, 'preamble': True} all_resolved=True n_resolved=3/3 tokens=(6336,962)
  model=mistral-nemo-12b N=3 arm=intro_specter real_lme_00264_7161e7e2 seed=2: per_fault={'ctx': True, 'english': True, 'preamble': True} all_resolved=True n_resolved=3/3 tokens=(6294,764)
  model=mistral-nemo-12b N=3 arm=intro_specter real_lme_00267_8550ddae seed=0: per_fault={'ctx': True, 'concise': True, 'english': True} all_resolved=True n_resolved=3/3 tokens=(5225,502)
  model=mistral-nemo-12b N=3 arm=intro_specter real_lme_00267_8550ddae seed=1: per_fault={'ctx': True, 'concise': True, 'english': True} all_resolved=True n_resolved=3/3 tokens=(5225,502)
  model=mistral-nemo-12b N=3 arm=intro_specter real_lme_00267_8550ddae seed=2: per_fault={'ctx': True, 'concise': True, 'english': True} all_resolved=True n_resolved=3/3 tokens=(5436,872)
  model=mistral-nemo-12b N=3 arm=intro_specter real_lme_00279_6222b6eb seed=0: per_fault={'ctx': True, 'concise': True, 'english': True} all_resolved=True n_resolved=3/3 tokens=(5691,1050)
  model=mistral-nemo-12b N=3 arm=intro_specter real_lme_00279_6222b6eb seed=1: per_fault={'ctx': True, 'concise': True, 'english': True} all_resolved=True n_resolved=3/3 tokens=(5691,1050)
  model=mistral-nemo-12b N=3 arm=intro_specter real_lme_00279_6222b6eb seed=2: per_fault={'ctx': True, 'concise': True, 'english': True} all_resolved=True n_resolved=3/3 tokens=(5843,1661)
  model=mistral-nemo-12b N=3 arm=intro_specter real_lme_00285_a96c20ee_abs seed=0: per_fault={'ctx': True, 'concise': True, 'preamble': True} all_resolved=True n_resolved=3/3 tokens=(5013,664)
  model=mistral-nemo-12b N=3 arm=intro_specter real_lme_00285_a96c20ee_abs seed=1: per_fault={'ctx': True, 'concise': True, 'preamble': True} all_resolved=True n_resolved=3/3 tokens=(5013,664)
  model=mistral-nemo-12b N=3 arm=intro_specter real_lme_00285_a96c20ee_abs seed=2: per_fault={'ctx': True, 'concise': True, 'preamble': True} all_resolved=True n_resolved=3/3 tokens=(5009,653)
  model=mistral-nemo-12b N=3 arm=intro_specter real_lme_00288_c8090214_abs seed=0: per_fault={'ctx': False, 'concise': True, 'english': True} all_resolved=False n_resolved=2/3 tokens=(5712,660)
  model=mistral-nemo-12b N=3 arm=intro_specter real_lme_00288_c8090214_abs seed=1: per_fault={'ctx': False, 'concise': True, 'english': True} all_resolved=False n_resolved=2/3 tokens=(5712,660)
  model=mistral-nemo-12b N=3 arm=intro_specter real_lme_00288_c8090214_abs seed=2: per_fault={'ctx': False, 'concise': True, 'english': True} all_resolved=False n_resolved=2/3 tokens=(5754,705)
  model=mistral-nemo-12b N=3 arm=intro_specter real_lme_00293_27016adc seed=0: per_fault={'ctx': True, 'bullets': True, 'concise': True} all_resolved=True n_resolved=3/3 tokens=(5352,714)
  model=mistral-nemo-12b N=3 arm=intro_specter real_lme_00293_27016adc seed=1: per_fault={'ctx': True, 'bullets': True, 'concise': True} all_resolved=True n_resolved=3/3 tokens=(5352,714)
  model=mistral-nemo-12b N=3 arm=intro_specter real_lme_00293_27016adc seed=2: per_fault={'ctx': True, 'bullets': True, 'concise': True} all_resolved=True n_resolved=3/3 tokens=(5499,1083)
  model=mistral-nemo-12b N=3 arm=intro_specter real_lme_00300_c9f37c46 seed=0: per_fault={'ctx': True, 'english': True, 'preamble': True} all_resolved=True n_resolved=3/3 tokens=(5220,864)
  model=mistral-nemo-12b N=3 arm=intro_specter real_lme_00300_c9f37c46 seed=1: per_fault={'ctx': True, 'english': True, 'preamble': True} all_resolved=True n_resolved=3/3 tokens=(5220,864)
  model=mistral-nemo-12b N=3 arm=intro_specter real_lme_00300_c9f37c46 seed=2: per_fault={'ctx': True, 'english': True, 'preamble': True} all_resolved=True n_resolved=3/3 tokens=(5135,706)
  model=mistral-nemo-12b N=3 arm=intro_specter real_lme_00306_gpt4_2f56ae70 seed=0: per_fault={'ctx': True, 'concise': True, 'preamble': True} all_resolved=True n_resolved=3/3 tokens=(4840,587)
  model=mistral-nemo-12b N=3 arm=intro_specter real_lme_00306_gpt4_2f56ae70 seed=1: per_fault={'ctx': True, 'concise': True, 'preamble': True} all_resolved=True n_resolved=3/3 tokens=(4840,587)
  model=mistral-nemo-12b N=3 arm=intro_specter real_lme_00306_gpt4_2f56ae70 seed=2: per_fault={'ctx': True, 'concise': True, 'preamble': True} all_resolved=True n_resolved=3/3 tokens=(4843,372)
  model=mistral-nemo-12b N=3 arm=intro_specter real_lme_00308_gpt4_4929293a seed=0: per_fault={'ctx': True, 'bullets': True, 'concise': True} all_resolved=True n_resolved=3/3 tokens=(5519,1190)
  model=mistral-nemo-12b N=3 arm=intro_specter real_lme_00308_gpt4_4929293a seed=1: per_fault={'ctx': True, 'bullets': True, 'concise': True} all_resolved=True n_resolved=3/3 tokens=(5519,1190)
  model=mistral-nemo-12b N=3 arm=intro_specter real_lme_00308_gpt4_4929293a seed=2: per_fault={'ctx': True, 'bullets': True, 'concise': True} all_resolved=True n_resolved=3/3 tokens=(5324,739)
  model=mistral-nemo-12b N=3 arm=intro_specter real_lme_00312_a3332713 seed=0: per_fault={'ctx': True, 'concise': True, 'english': True} all_resolved=True n_resolved=3/3 tokens=(5325,509)
  model=mistral-nemo-12b N=3 arm=intro_specter real_lme_00312_a3332713 seed=1: per_fault={'ctx': True, 'concise': True, 'english': True} all_resolved=True n_resolved=3/3 tokens=(5325,509)
  model=mistral-nemo-12b N=3 arm=intro_specter real_lme_00312_a3332713 seed=2: per_fault={'ctx': True, 'concise': True, 'english': True} all_resolved=True n_resolved=3/3 tokens=(5338,208)
  model=mistral-nemo-12b N=3 arm=intro_specter real_lme_00322_0a34ad58 seed=0: per_fault={'ctx': False, 'concise': False, 'english': True} all_resolved=False n_resolved=1/3 tokens=(6203,579)
  model=mistral-nemo-12b N=3 arm=intro_specter real_lme_00322_0a34ad58 seed=1: per_fault={'ctx': False, 'concise': False, 'english': True} all_resolved=False n_resolved=1/3 tokens=(6203,579)
  model=mistral-nemo-12b N=3 arm=intro_specter real_lme_00322_0a34ad58 seed=2: per_fault={'ctx': False, 'concise': True, 'english': True} all_resolved=False n_resolved=2/3 tokens=(6615,987)
  model=mistral-nemo-12b N=3 arm=intro_specter real_lme_00328_57f827a0 seed=0: per_fault={'ctx': False, 'concise': False, 'preamble': True} all_resolved=False n_resolved=1/3 tokens=(6247,879)
  model=mistral-nemo-12b N=3 arm=intro_specter real_lme_00328_57f827a0 seed=1: per_fault={'ctx': False, 'concise': False, 'preamble': True} all_resolved=False n_resolved=1/3 tokens=(6247,879)
  model=mistral-nemo-12b N=3 arm=intro_specter real_lme_00328_57f827a0 seed=2: per_fault={'ctx': False, 'concise': False, 'preamble': True} all_resolved=False n_resolved=1/3 tokens=(6275,887)
--- [mistral-nemo-12b][intro_specter] N=3: rows written=180 errors=0 tokens_in=997172 tokens_out=137742 ---
