Building 60 3-fault-injected longmemeval_real examples (bench_seed=42, scan_limit=6000, model=qwen-2.5-7b provider=openrouter model_id=qwen/qwen-2.5-7b-instruct)...
Built 60 examples. seeds=[0, 1, 2], arms=['direct', 'self_refine', 'reflexion', 'full_regen', 'react', 'selfcheckgpt', 'intro_specter']
  model=qwen-2.5-7b N=3 arm=direct real_lme_00001_603deb26 seed=0: per_fault={'ctx': True, 'concise': True, 'english': True} all_resolved=True n_resolved=3/3 tokens=(2571,200)
  model=qwen-2.5-7b N=3 arm=direct real_lme_00001_603deb26 seed=1: per_fault={'ctx': True, 'concise': True, 'english': True} all_resolved=True n_resolved=3/3 tokens=(2571,200)
  model=qwen-2.5-7b N=3 arm=direct real_lme_00001_603deb26 seed=2: per_fault={'ctx': True, 'concise': True, 'english': True} all_resolved=True n_resolved=3/3 tokens=(2571,249)
  model=qwen-2.5-7b N=3 arm=direct real_lme_00007_5025383b seed=0: per_fault={'ctx': True, 'bullets': True, 'preamble': True} all_resolved=True n_resolved=3/3 tokens=(2193,186)
  model=qwen-2.5-7b N=3 arm=direct real_lme_00007_5025383b seed=1: per_fault={'ctx': True, 'bullets': True, 'preamble': True} all_resolved=True n_resolved=3/3 tokens=(2193,186)
  model=qwen-2.5-7b N=3 arm=direct real_lme_00007_5025383b seed=2: per_fault={'ctx': True, 'bullets': True, 'preamble': True} all_resolved=True n_resolved=3/3 tokens=(2193,159)
  model=qwen-2.5-7b N=3 arm=direct real_lme_00010_0a34ad58 seed=0: per_fault={'ctx': False, 'concise': False, 'preamble': True} all_resolved=False n_resolved=1/3 tokens=(2816,508)
  model=qwen-2.5-7b N=3 arm=direct real_lme_00010_0a34ad58 seed=1: per_fault={'ctx': False, 'concise': False, 'preamble': True} all_resolved=False n_resolved=1/3 tokens=(2816,508)
  model=qwen-2.5-7b N=3 arm=direct real_lme_00010_0a34ad58 seed=2: per_fault={'ctx': False, 'concise': False, 'preamble': True} all_resolved=False n_resolved=1/3 tokens=(2816,515)
  model=qwen-2.5-7b N=3 arm=direct real_lme_00016_f8c5f88b seed=0: per_fault={'ctx': True, 'bullets': True, 'concise': True} all_resolved=True n_resolved=3/3 tokens=(2427,360)
  model=qwen-2.5-7b N=3 arm=direct real_lme_00016_f8c5f88b seed=1: per_fault={'ctx': True, 'bullets': True, 'concise': True} all_resolved=True n_resolved=3/3 tokens=(2427,360)
  model=qwen-2.5-7b N=3 arm=direct real_lme_00016_f8c5f88b seed=2: per_fault={'ctx': True, 'bullets': True, 'concise': True} all_resolved=True n_resolved=3/3 tokens=(2427,354)
  model=qwen-2.5-7b N=3 arm=direct real_lme_00018_gpt4_d31cdae3 seed=0: per_fault={'ctx': False, 'concise': True, 'english': True} all_resolved=False n_resolved=2/3 tokens=(2487,202)
  model=qwen-2.5-7b N=3 arm=direct real_lme_00018_gpt4_d31cdae3 seed=1: per_fault={'ctx': False, 'concise': True, 'english': True} all_resolved=False n_resolved=2/3 tokens=(2487,202)
  model=qwen-2.5-7b N=3 arm=direct real_lme_00018_gpt4_d31cdae3 seed=2: per_fault={'ctx': False, 'concise': True, 'english': True} all_resolved=False n_resolved=2/3 tokens=(2487,204)
  model=qwen-2.5-7b N=3 arm=direct real_lme_00032_22d2cb42 seed=0: per_fault={'ctx': False, 'english': True, 'preamble': True} all_resolved=False n_resolved=2/3 tokens=(2294,134)
  model=qwen-2.5-7b N=3 arm=direct real_lme_00032_22d2cb42 seed=1: per_fault={'ctx': False, 'english': True, 'preamble': True} all_resolved=False n_resolved=2/3 tokens=(2294,134)
  model=qwen-2.5-7b N=3 arm=direct real_lme_00032_22d2cb42 seed=2: per_fault={'ctx': False, 'english': True, 'preamble': True} all_resolved=False n_resolved=2/3 tokens=(2294,141)
  model=qwen-2.5-7b N=3 arm=direct real_lme_00043_c2ac3c61 seed=0: per_fault={'ctx': True, 'bullets': True, 'concise': True} all_resolved=True n_resolved=3/3 tokens=(2375,211)
  model=qwen-2.5-7b N=3 arm=direct real_lme_00043_c2ac3c61 seed=1: per_fault={'ctx': True, 'bullets': True, 'concise': True} all_resolved=True n_resolved=3/3 tokens=(2375,211)
  model=qwen-2.5-7b N=3 arm=direct real_lme_00043_c2ac3c61 seed=2: per_fault={'ctx': True, 'bullets': True, 'concise': True} all_resolved=True n_resolved=3/3 tokens=(2375,209)
  model=qwen-2.5-7b N=3 arm=direct real_lme_00049_0862e8bf_abs seed=0: per_fault={'ctx': False, 'concise': True, 'english': True} all_resolved=False n_resolved=2/3 tokens=(2547,125)
  model=qwen-2.5-7b N=3 arm=direct real_lme_00049_0862e8bf_abs seed=1: per_fault={'ctx': False, 'concise': True, 'english': True} all_resolved=False n_resolved=2/3 tokens=(2547,125)
  model=qwen-2.5-7b N=3 arm=direct real_lme_00049_0862e8bf_abs seed=2: per_fault={'ctx': False, 'concise': True, 'english': True} all_resolved=False n_resolved=2/3 tokens=(2547,125)
  model=qwen-2.5-7b N=3 arm=direct real_lme_00053_21d02d0d seed=0: per_fault={'ctx': True, 'bullets': True, 'concise': True} all_resolved=True n_resolved=3/3 tokens=(2447,163)
  model=qwen-2.5-7b N=3 arm=direct real_lme_00053_21d02d0d seed=1: per_fault={'ctx': True, 'bullets': True, 'concise': True} all_resolved=True n_resolved=3/3 tokens=(2447,163)
  model=qwen-2.5-7b N=3 arm=direct real_lme_00053_21d02d0d seed=2: per_fault={'ctx': True, 'bullets': True, 'concise': True} all_resolved=True n_resolved=3/3 tokens=(2447,163)
  model=qwen-2.5-7b N=3 arm=direct real_lme_00059_2ebe6c90 seed=0: per_fault={'ctx': False, 'concise': True, 'english': True} all_resolved=False n_resolved=2/3 tokens=(2307,266)
  model=qwen-2.5-7b N=3 arm=direct real_lme_00059_2ebe6c90 seed=1: per_fault={'ctx': False, 'concise': True, 'english': True} all_resolved=False n_resolved=2/3 tokens=(2307,266)
  model=qwen-2.5-7b N=3 arm=direct real_lme_00059_2ebe6c90 seed=2: per_fault={'ctx': False, 'concise': True, 'english': True} all_resolved=False n_resolved=2/3 tokens=(2307,271)
  model=qwen-2.5-7b N=3 arm=direct real_lme_00069_gpt4_31ff4165 seed=0: per_fault={'ctx': True, 'bullets': True, 'concise': False} all_resolved=False n_resolved=2/3 tokens=(2554,315)
  model=qwen-2.5-7b N=3 arm=direct real_lme_00069_gpt4_31ff4165 seed=1: per_fault={'ctx': True, 'bullets': True, 'concise': False} all_resolved=False n_resolved=2/3 tokens=(2554,315)
  model=qwen-2.5-7b N=3 arm=direct real_lme_00069_gpt4_31ff4165 seed=2: per_fault={'ctx': True, 'bullets': True, 'concise': True} all_resolved=True n_resolved=3/3 tokens=(2554,144)
  model=qwen-2.5-7b N=3 arm=direct real_lme_00076_f4f1d8a4_abs seed=0: per_fault={'ctx': True, 'bullets': True, 'preamble': True} all_resolved=True n_resolved=3/3 tokens=(2623,201)
  model=qwen-2.5-7b N=3 arm=direct real_lme_00076_f4f1d8a4_abs seed=1: per_fault={'ctx': True, 'bullets': True, 'preamble': True} all_resolved=True n_resolved=3/3 tokens=(2623,201)
  model=qwen-2.5-7b N=3 arm=direct real_lme_00076_f4f1d8a4_abs seed=2: per_fault={'ctx': True, 'bullets': True, 'preamble': True} all_resolved=True n_resolved=3/3 tokens=(2623,200)
  model=qwen-2.5-7b N=3 arm=direct real_lme_00081_afdc33df seed=0: per_fault={'ctx': False, 'concise': True, 'english': True} all_resolved=False n_resolved=2/3 tokens=(2779,408)
  model=qwen-2.5-7b N=3 arm=direct real_lme_00081_afdc33df seed=1: per_fault={'ctx': False, 'concise': True, 'english': True} all_resolved=False n_resolved=2/3 tokens=(2779,408)
  model=qwen-2.5-7b N=3 arm=direct real_lme_00081_afdc33df seed=2: per_fault={'ctx': False, 'concise': True, 'english': True} all_resolved=False n_resolved=2/3 tokens=(2779,276)
  model=qwen-2.5-7b N=3 arm=direct real_lme_00085_a11281a2 seed=0: per_fault={'ctx': True, 'concise': True, 'preamble': True} all_resolved=True n_resolved=3/3 tokens=(2136,221)
  model=qwen-2.5-7b N=3 arm=direct real_lme_00085_a11281a2 seed=1: per_fault={'ctx': True, 'concise': True, 'preamble': True} all_resolved=True n_resolved=3/3 tokens=(2136,221)
  model=qwen-2.5-7b N=3 arm=direct real_lme_00085_a11281a2 seed=2: per_fault={'ctx': True, 'concise': True, 'preamble': True} all_resolved=True n_resolved=3/3 tokens=(2136,172)
  model=qwen-2.5-7b N=3 arm=direct real_lme_00086_af082822 seed=0: per_fault={'ctx': False, 'concise': True, 'english': True} all_resolved=False n_resolved=2/3 tokens=(2302,141)
  model=qwen-2.5-7b N=3 arm=direct real_lme_00086_af082822 seed=1: per_fault={'ctx': False, 'concise': True, 'english': True} all_resolved=False n_resolved=2/3 tokens=(2302,141)
  model=qwen-2.5-7b N=3 arm=direct real_lme_00086_af082822 seed=2: per_fault={'ctx': False, 'concise': True, 'english': True} all_resolved=False n_resolved=2/3 tokens=(2302,179)
  model=qwen-2.5-7b N=3 arm=direct real_lme_00087_3b6f954b seed=0: per_fault={'ctx': True, 'concise': True, 'preamble': True} all_resolved=True n_resolved=3/3 tokens=(2329,197)
  model=qwen-2.5-7b N=3 arm=direct real_lme_00087_3b6f954b seed=1: per_fault={'ctx': True, 'concise': True, 'preamble': True} all_resolved=True n_resolved=3/3 tokens=(2329,197)
  model=qwen-2.5-7b N=3 arm=direct real_lme_00087_3b6f954b seed=2: per_fault={'ctx': True, 'concise': True, 'preamble': True} all_resolved=True n_resolved=3/3 tokens=(2329,221)
  model=qwen-2.5-7b N=3 arm=direct real_lme_00093_545bd2b5 seed=0: per_fault={'ctx': True, 'bullets': True, 'concise': True} all_resolved=True n_resolved=3/3 tokens=(2359,295)
  model=qwen-2.5-7b N=3 arm=direct real_lme_00093_545bd2b5 seed=1: per_fault={'ctx': True, 'bullets': True, 'concise': True} all_resolved=True n_resolved=3/3 tokens=(2359,295)
  model=qwen-2.5-7b N=3 arm=direct real_lme_00093_545bd2b5 seed=2: per_fault={'ctx': True, 'bullets': True, 'concise': True} all_resolved=True n_resolved=3/3 tokens=(2359,275)
  model=qwen-2.5-7b N=3 arm=direct real_lme_00110_gpt4_1a1dc16d seed=0: per_fault={'ctx': True, 'concise': True, 'preamble': True} all_resolved=True n_resolved=3/3 tokens=(2407,228)
  model=qwen-2.5-7b N=3 arm=direct real_lme_00110_gpt4_1a1dc16d seed=1: per_fault={'ctx': True, 'concise': True, 'preamble': True} all_resolved=True n_resolved=3/3 tokens=(2407,228)
  model=qwen-2.5-7b N=3 arm=direct real_lme_00110_gpt4_1a1dc16d seed=2: per_fault={'ctx': True, 'concise': True, 'preamble': True} all_resolved=True n_resolved=3/3 tokens=(2407,228)
  model=qwen-2.5-7b N=3 arm=direct real_lme_00119_c6853660 seed=0: per_fault={'ctx': True, 'bullets': True, 'preamble': True} all_resolved=True n_resolved=3/3 tokens=(2418,217)
  model=qwen-2.5-7b N=3 arm=direct real_lme_00119_c6853660 seed=1: per_fault={'ctx': True, 'bullets': True, 'preamble': True} all_resolved=True n_resolved=3/3 tokens=(2418,217)
  model=qwen-2.5-7b N=3 arm=direct real_lme_00119_c6853660 seed=2: per_fault={'ctx': True, 'bullets': True, 'preamble': True} all_resolved=True n_resolved=3/3 tokens=(2418,284)
  model=qwen-2.5-7b N=3 arm=direct real_lme_00120_42ec0761 seed=0: per_fault={'ctx': True, 'bullets': True, 'concise': True} all_resolved=True n_resolved=3/3 tokens=(2467,204)
  model=qwen-2.5-7b N=3 arm=direct real_lme_00120_42ec0761 seed=1: per_fault={'ctx': True, 'bullets': True, 'concise': True} all_resolved=True n_resolved=3/3 tokens=(2467,204)
  model=qwen-2.5-7b N=3 arm=direct real_lme_00120_42ec0761 seed=2: per_fault={'ctx': True, 'bullets': True, 'concise': True} all_resolved=True n_resolved=3/3 tokens=(2467,205)
  model=qwen-2.5-7b N=3 arm=direct real_lme_00122_0a34ad58 seed=0: per_fault={'ctx': False, 'bullets': True, 'preamble': True} all_resolved=False n_resolved=2/3 tokens=(2642,338)
  model=qwen-2.5-7b N=3 arm=direct real_lme_00122_0a34ad58 seed=1: per_fault={'ctx': False, 'bullets': True, 'preamble': True} all_resolved=False n_resolved=2/3 tokens=(2642,338)
  model=qwen-2.5-7b N=3 arm=direct real_lme_00122_0a34ad58 seed=2: per_fault={'ctx': False, 'bullets': True, 'preamble': True} all_resolved=False n_resolved=2/3 tokens=(2642,284)
  model=qwen-2.5-7b N=3 arm=direct real_lme_00123_ceb54acb seed=0: per_fault={'ctx': False, 'english': True, 'preamble': True} all_resolved=False n_resolved=2/3 tokens=(1805,198)
  model=qwen-2.5-7b N=3 arm=direct real_lme_00123_ceb54acb seed=1: per_fault={'ctx': False, 'english': True, 'preamble': True} all_resolved=False n_resolved=2/3 tokens=(1805,198)
  model=qwen-2.5-7b N=3 arm=direct real_lme_00123_ceb54acb seed=2: per_fault={'ctx': False, 'english': True, 'preamble': True} all_resolved=False n_resolved=2/3 tokens=(1805,183)
  model=qwen-2.5-7b N=3 arm=direct real_lme_00133_71a3fd6b seed=0: per_fault={'ctx': True, 'bullets': True, 'concise': True} all_resolved=True n_resolved=3/3 tokens=(1813,289)
  model=qwen-2.5-7b N=3 arm=direct real_lme_00133_71a3fd6b seed=1: per_fault={'ctx': True, 'bullets': True, 'concise': True} all_resolved=True n_resolved=3/3 tokens=(1813,289)
  model=qwen-2.5-7b N=3 arm=direct real_lme_00133_71a3fd6b seed=2: per_fault={'ctx': True, 'bullets': True, 'concise': True} all_resolved=True n_resolved=3/3 tokens=(1813,253)
  model=qwen-2.5-7b N=3 arm=direct real_lme_00135_129d1232 seed=0: per_fault={'ctx': False, 'concise': True, 'english': True} all_resolved=False n_resolved=2/3 tokens=(2446,156)
  model=qwen-2.5-7b N=3 arm=direct real_lme_00135_129d1232 seed=1: per_fault={'ctx': False, 'concise': True, 'english': True} all_resolved=False n_resolved=2/3 tokens=(2446,156)
  model=qwen-2.5-7b N=3 arm=direct real_lme_00135_129d1232 seed=2: per_fault={'ctx': False, 'concise': True, 'english': True} all_resolved=False n_resolved=2/3 tokens=(2446,146)
  model=qwen-2.5-7b N=3 arm=direct real_lme_00144_7a87bd0c seed=0: per_fault={'ctx': True, 'bullets': True, 'preamble': True} all_resolved=True n_resolved=3/3 tokens=(2511,262)
  model=qwen-2.5-7b N=3 arm=direct real_lme_00144_7a87bd0c seed=1: per_fault={'ctx': True, 'bullets': True, 'preamble': True} all_resolved=True n_resolved=3/3 tokens=(2511,262)
  model=qwen-2.5-7b N=3 arm=direct real_lme_00144_7a87bd0c seed=2: per_fault={'ctx': True, 'bullets': True, 'preamble': True} all_resolved=True n_resolved=3/3 tokens=(2511,204)
  model=qwen-2.5-7b N=3 arm=direct real_lme_00156_e831120c seed=0: per_fault={'ctx': True, 'concise': False, 'preamble': True} all_resolved=False n_resolved=2/3 tokens=(2752,490)
  model=qwen-2.5-7b N=3 arm=direct real_lme_00156_e831120c seed=1: per_fault={'ctx': True, 'concise': False, 'preamble': True} all_resolved=False n_resolved=2/3 tokens=(2752,490)
  model=qwen-2.5-7b N=3 arm=direct real_lme_00156_e831120c seed=2: per_fault={'ctx': True, 'concise': False, 'preamble': True} all_resolved=False n_resolved=2/3 tokens=(2752,295)
  model=qwen-2.5-7b N=3 arm=direct real_lme_00168_gpt4_68e94287 seed=0: per_fault={'ctx': True, 'bullets': True, 'concise': True} all_resolved=True n_resolved=3/3 tokens=(2728,213)
  model=qwen-2.5-7b N=3 arm=direct real_lme_00168_gpt4_68e94287 seed=1: per_fault={'ctx': True, 'bullets': True, 'concise': True} all_resolved=True n_resolved=3/3 tokens=(2728,213)
  model=qwen-2.5-7b N=3 arm=direct real_lme_00168_gpt4_68e94287 seed=2: per_fault={'ctx': True, 'bullets': True, 'concise': True} all_resolved=True n_resolved=3/3 tokens=(2728,148)
  model=qwen-2.5-7b N=3 arm=direct real_lme_00183_8464fc84 seed=0: per_fault={'ctx': True, 'concise': True, 'preamble': True} all_resolved=True n_resolved=3/3 tokens=(2429,88)
  model=qwen-2.5-7b N=3 arm=direct real_lme_00183_8464fc84 seed=1: per_fault={'ctx': True, 'concise': True, 'preamble': True} all_resolved=True n_resolved=3/3 tokens=(2429,88)
  model=qwen-2.5-7b N=3 arm=direct real_lme_00183_8464fc84 seed=2: per_fault={'ctx': True, 'concise': True, 'preamble': True} all_resolved=True n_resolved=3/3 tokens=(2429,272)
  model=qwen-2.5-7b N=3 arm=direct real_lme_00184_45dc21b6 seed=0: per_fault={'ctx': True, 'concise': True, 'preamble': True} all_resolved=True n_resolved=3/3 tokens=(2320,235)
  model=qwen-2.5-7b N=3 arm=direct real_lme_00184_45dc21b6 seed=1: per_fault={'ctx': True, 'concise': True, 'preamble': True} all_resolved=True n_resolved=3/3 tokens=(2320,235)
  model=qwen-2.5-7b N=3 arm=direct real_lme_00184_45dc21b6 seed=2: per_fault={'ctx': True, 'concise': True, 'preamble': True} all_resolved=True n_resolved=3/3 tokens=(2320,192)
  model=qwen-2.5-7b N=3 arm=direct real_lme_00191_993da5e2 seed=0: per_fault={'ctx': False, 'english': True, 'preamble': True} all_resolved=False n_resolved=2/3 tokens=(2574,170)
  model=qwen-2.5-7b N=3 arm=direct real_lme_00191_993da5e2 seed=1: per_fault={'ctx': False, 'english': True, 'preamble': True} all_resolved=False n_resolved=2/3 tokens=(2574,170)
  model=qwen-2.5-7b N=3 arm=direct real_lme_00191_993da5e2 seed=2: per_fault={'ctx': False, 'english': True, 'preamble': True} all_resolved=False n_resolved=2/3 tokens=(2574,170)
  model=qwen-2.5-7b N=3 arm=direct real_lme_00195_gpt4_1d80365e seed=0: per_fault={'ctx': False, 'concise': True, 'preamble': True} all_resolved=False n_resolved=2/3 tokens=(2398,239)
  model=qwen-2.5-7b N=3 arm=direct real_lme_00195_gpt4_1d80365e seed=1: per_fault={'ctx': False, 'concise': True, 'preamble': True} all_resolved=False n_resolved=2/3 tokens=(2398,239)
  model=qwen-2.5-7b N=3 arm=direct real_lme_00195_gpt4_1d80365e seed=2: per_fault={'ctx': False, 'concise': True, 'preamble': True} all_resolved=False n_resolved=2/3 tokens=(2398,217)
  model=qwen-2.5-7b N=3 arm=direct real_lme_00197_gpt4_213fd887 seed=0: per_fault={'ctx': True, 'concise': True, 'preamble': True} all_resolved=True n_resolved=3/3 tokens=(2539,260)
  model=qwen-2.5-7b N=3 arm=direct real_lme_00197_gpt4_213fd887 seed=1: per_fault={'ctx': True, 'concise': True, 'preamble': True} all_resolved=True n_resolved=3/3 tokens=(2539,260)
  model=qwen-2.5-7b N=3 arm=direct real_lme_00197_gpt4_213fd887 seed=2: per_fault={'ctx': True, 'concise': True, 'preamble': True} all_resolved=True n_resolved=3/3 tokens=(2539,189)
  model=qwen-2.5-7b N=3 arm=direct real_lme_00198_gpt4_d6585ce8 seed=0: per_fault={'ctx': False, 'concise': False, 'preamble': True} all_resolved=False n_resolved=1/3 tokens=(2852,466)
  model=qwen-2.5-7b N=3 arm=direct real_lme_00198_gpt4_d6585ce8 seed=1: per_fault={'ctx': False, 'concise': False, 'preamble': True} all_resolved=False n_resolved=1/3 tokens=(2852,466)
  model=qwen-2.5-7b N=3 arm=direct real_lme_00198_gpt4_d6585ce8 seed=2: per_fault={'ctx': True, 'concise': False, 'preamble': True} all_resolved=False n_resolved=2/3 tokens=(2852,382)
  model=qwen-2.5-7b N=3 arm=direct real_lme_00209_7e974930 seed=0: per_fault={'ctx': False, 'concise': True, 'english': True} all_resolved=False n_resolved=2/3 tokens=(2506,227)
  model=qwen-2.5-7b N=3 arm=direct real_lme_00209_7e974930 seed=1: per_fault={'ctx': False, 'concise': True, 'english': True} all_resolved=False n_resolved=2/3 tokens=(2506,227)
  model=qwen-2.5-7b N=3 arm=direct real_lme_00209_7e974930 seed=2: per_fault={'ctx': False, 'concise': True, 'english': True} all_resolved=False n_resolved=2/3 tokens=(2506,162)
  model=qwen-2.5-7b N=3 arm=direct real_lme_00212_e01b8e2f seed=0: per_fault={'ctx': True, 'concise': True, 'preamble': True} all_resolved=True n_resolved=3/3 tokens=(2370,200)
  model=qwen-2.5-7b N=3 arm=direct real_lme_00212_e01b8e2f seed=1: per_fault={'ctx': True, 'concise': True, 'preamble': True} all_resolved=True n_resolved=3/3 tokens=(2370,200)
  model=qwen-2.5-7b N=3 arm=direct real_lme_00212_e01b8e2f seed=2: per_fault={'ctx': True, 'concise': True, 'preamble': True} all_resolved=True n_resolved=3/3 tokens=(2370,156)
  model=qwen-2.5-7b N=3 arm=direct real_lme_00216_2698e78f_abs seed=0: per_fault={'ctx': True, 'bullets': True, 'concise': False} all_resolved=False n_resolved=2/3 tokens=(2285,212)
  model=qwen-2.5-7b N=3 arm=direct real_lme_00216_2698e78f_abs seed=1: per_fault={'ctx': True, 'bullets': True, 'concise': False} all_resolved=False n_resolved=2/3 tokens=(2285,212)
  model=qwen-2.5-7b N=3 arm=direct real_lme_00216_2698e78f_abs seed=2: per_fault={'ctx': True, 'bullets': True, 'concise': False} all_resolved=False n_resolved=2/3 tokens=(2285,213)
  model=qwen-2.5-7b N=3 arm=direct real_lme_00220_gpt4_2312f94c seed=0: per_fault={'ctx': True, 'bullets': True, 'concise': True} all_resolved=True n_resolved=3/3 tokens=(2556,157)
  model=qwen-2.5-7b N=3 arm=direct real_lme_00220_gpt4_2312f94c seed=1: per_fault={'ctx': True, 'bullets': True, 'concise': True} all_resolved=True n_resolved=3/3 tokens=(2556,157)
  model=qwen-2.5-7b N=3 arm=direct real_lme_00220_gpt4_2312f94c seed=2: per_fault={'ctx': True, 'bullets': True, 'concise': True} all_resolved=True n_resolved=3/3 tokens=(2556,170)
  model=qwen-2.5-7b N=3 arm=direct real_lme_00222_3f1e9474 seed=0: per_fault={'ctx': True, 'concise': True, 'preamble': True} all_resolved=True n_resolved=3/3 tokens=(2375,232)
  model=qwen-2.5-7b N=3 arm=direct real_lme_00222_3f1e9474 seed=1: per_fault={'ctx': True, 'concise': True, 'preamble': True} all_resolved=True n_resolved=3/3 tokens=(2375,232)
  model=qwen-2.5-7b N=3 arm=direct real_lme_00222_3f1e9474 seed=2: per_fault={'ctx': True, 'concise': True, 'preamble': True} all_resolved=True n_resolved=3/3 tokens=(2375,124)
  model=qwen-2.5-7b N=3 arm=direct real_lme_00224_dccbc061 seed=0: per_fault={'ctx': True, 'bullets': True, 'concise': True} all_resolved=True n_resolved=3/3 tokens=(2131,84)
  model=qwen-2.5-7b N=3 arm=direct real_lme_00224_dccbc061 seed=1: per_fault={'ctx': True, 'bullets': True, 'concise': True} all_resolved=True n_resolved=3/3 tokens=(2131,84)
  model=qwen-2.5-7b N=3 arm=direct real_lme_00224_dccbc061 seed=2: per_fault={'ctx': True, 'bullets': True, 'concise': True} all_resolved=True n_resolved=3/3 tokens=(2131,84)
  model=qwen-2.5-7b N=3 arm=direct real_lme_00226_b759caee seed=0: per_fault={'ctx': True, 'bullets': True, 'concise': True} all_resolved=True n_resolved=3/3 tokens=(2034,176)
  model=qwen-2.5-7b N=3 arm=direct real_lme_00226_b759caee seed=1: per_fault={'ctx': True, 'bullets': True, 'concise': True} all_resolved=True n_resolved=3/3 tokens=(2034,176)
  model=qwen-2.5-7b N=3 arm=direct real_lme_00226_b759caee seed=2: per_fault={'ctx': True, 'bullets': True, 'concise': True} all_resolved=True n_resolved=3/3 tokens=(2034,171)
  model=qwen-2.5-7b N=3 arm=direct real_lme_00227_8aef76bc seed=0: per_fault={'ctx': True, 'bullets': True, 'preamble': True} all_resolved=True n_resolved=3/3 tokens=(2079,258)
  model=qwen-2.5-7b N=3 arm=direct real_lme_00227_8aef76bc seed=1: per_fault={'ctx': True, 'bullets': True, 'preamble': True} all_resolved=True n_resolved=3/3 tokens=(2079,258)
  model=qwen-2.5-7b N=3 arm=direct real_lme_00227_8aef76bc seed=2: per_fault={'ctx': True, 'bullets': True, 'preamble': True} all_resolved=True n_resolved=3/3 tokens=(2079,225)
  model=qwen-2.5-7b N=3 arm=direct real_lme_00232_gpt4_59c863d7 seed=0: per_fault={'ctx': False, 'concise': False, 'english': True} all_resolved=False n_resolved=1/3 tokens=(2876,338)
  model=qwen-2.5-7b N=3 arm=direct real_lme_00232_gpt4_59c863d7 seed=1: per_fault={'ctx': False, 'concise': False, 'english': True} all_resolved=False n_resolved=1/3 tokens=(2876,338)
  model=qwen-2.5-7b N=3 arm=direct real_lme_00232_gpt4_59c863d7 seed=2: per_fault={'ctx': False, 'concise': True, 'english': True} all_resolved=False n_resolved=2/3 tokens=(2876,250)
  model=qwen-2.5-7b N=3 arm=direct real_lme_00240_09ba9854 seed=0: per_fault={'ctx': False, 'concise': True, 'preamble': True} all_resolved=False n_resolved=2/3 tokens=(2607,325)
  model=qwen-2.5-7b N=3 arm=direct real_lme_00240_09ba9854 seed=1: per_fault={'ctx': False, 'concise': True, 'preamble': True} all_resolved=False n_resolved=2/3 tokens=(2607,325)
  model=qwen-2.5-7b N=3 arm=direct real_lme_00240_09ba9854 seed=2: per_fault={'ctx': False, 'concise': True, 'preamble': True} all_resolved=False n_resolved=2/3 tokens=(2607,449)
  model=qwen-2.5-7b N=3 arm=direct real_lme_00247_1d4da289 seed=0: per_fault={'ctx': False, 'bullets': True, 'concise': False} all_resolved=False n_resolved=1/3 tokens=(2248,194)
  model=qwen-2.5-7b N=3 arm=direct real_lme_00247_1d4da289 seed=1: per_fault={'ctx': False, 'bullets': True, 'concise': False} all_resolved=False n_resolved=1/3 tokens=(2248,194)
  model=qwen-2.5-7b N=3 arm=direct real_lme_00247_1d4da289 seed=2: per_fault={'ctx': False, 'bullets': True, 'concise': False} all_resolved=False n_resolved=1/3 tokens=(2248,183)
  model=qwen-2.5-7b N=3 arm=direct real_lme_00254_ba358f49 seed=0: per_fault={'ctx': False, 'bullets': True, 'concise': True} all_resolved=False n_resolved=2/3 tokens=(2224,227)
  model=qwen-2.5-7b N=3 arm=direct real_lme_00254_ba358f49 seed=1: per_fault={'ctx': False, 'bullets': True, 'concise': True} all_resolved=False n_resolved=2/3 tokens=(2224,227)
  model=qwen-2.5-7b N=3 arm=direct real_lme_00254_ba358f49 seed=2: per_fault={'ctx': False, 'bullets': True, 'concise': True} all_resolved=False n_resolved=2/3 tokens=(2224,222)
  model=qwen-2.5-7b N=3 arm=direct real_lme_00257_10e09553 seed=0: per_fault={'ctx': True, 'concise': True, 'preamble': True} all_resolved=True n_resolved=3/3 tokens=(2470,190)
  model=qwen-2.5-7b N=3 arm=direct real_lme_00257_10e09553 seed=1: per_fault={'ctx': True, 'concise': True, 'preamble': True} all_resolved=True n_resolved=3/3 tokens=(2470,190)
  model=qwen-2.5-7b N=3 arm=direct real_lme_00257_10e09553 seed=2: per_fault={'ctx': True, 'concise': True, 'preamble': True} all_resolved=True n_resolved=3/3 tokens=(2470,190)
  model=qwen-2.5-7b N=3 arm=direct real_lme_00258_gpt4_93159ced_abs seed=0: per_fault={'ctx': False, 'english': True, 'preamble': True} all_resolved=False n_resolved=2/3 tokens=(2430,161)
  model=qwen-2.5-7b N=3 arm=direct real_lme_00258_gpt4_93159ced_abs seed=1: per_fault={'ctx': False, 'english': True, 'preamble': True} all_resolved=False n_resolved=2/3 tokens=(2430,161)
  model=qwen-2.5-7b N=3 arm=direct real_lme_00258_gpt4_93159ced_abs seed=2: per_fault={'ctx': False, 'english': True, 'preamble': True} all_resolved=False n_resolved=2/3 tokens=(2430,161)
  model=qwen-2.5-7b N=3 arm=direct real_lme_00263_2698e78f seed=0: per_fault={'ctx': True, 'bullets': True, 'concise': False} all_resolved=False n_resolved=2/3 tokens=(2417,249)
  model=qwen-2.5-7b N=3 arm=direct real_lme_00263_2698e78f seed=1: per_fault={'ctx': True, 'bullets': True, 'concise': False} all_resolved=False n_resolved=2/3 tokens=(2417,249)
  model=qwen-2.5-7b N=3 arm=direct real_lme_00263_2698e78f seed=2: per_fault={'ctx': False, 'bullets': True, 'concise': False} all_resolved=False n_resolved=1/3 tokens=(2417,255)
  model=qwen-2.5-7b N=3 arm=direct real_lme_00264_7161e7e2 seed=0: per_fault={'ctx': False, 'english': True, 'preamble': True} all_resolved=False n_resolved=2/3 tokens=(2820,227)
  model=qwen-2.5-7b N=3 arm=direct real_lme_00264_7161e7e2 seed=1: per_fault={'ctx': False, 'english': True, 'preamble': True} all_resolved=False n_resolved=2/3 tokens=(2820,227)
  model=qwen-2.5-7b N=3 arm=direct real_lme_00264_7161e7e2 seed=2: per_fault={'ctx': False, 'english': True, 'preamble': True} all_resolved=False n_resolved=2/3 tokens=(2820,217)
  model=qwen-2.5-7b N=3 arm=direct real_lme_00267_8550ddae seed=0: per_fault={'ctx': False, 'concise': True, 'english': True} all_resolved=False n_resolved=2/3 tokens=(2346,204)
  model=qwen-2.5-7b N=3 arm=direct real_lme_00267_8550ddae seed=1: per_fault={'ctx': False, 'concise': True, 'english': True} all_resolved=False n_resolved=2/3 tokens=(2346,204)
  model=qwen-2.5-7b N=3 arm=direct real_lme_00267_8550ddae seed=2: per_fault={'ctx': False, 'concise': True, 'english': True} all_resolved=False n_resolved=2/3 tokens=(2346,232)
  model=qwen-2.5-7b N=3 arm=direct real_lme_00279_6222b6eb seed=0: per_fault={'ctx': False, 'concise': True, 'english': True} all_resolved=False n_resolved=2/3 tokens=(2429,270)
  model=qwen-2.5-7b N=3 arm=direct real_lme_00279_6222b6eb seed=1: per_fault={'ctx': False, 'concise': True, 'english': True} all_resolved=False n_resolved=2/3 tokens=(2429,270)
  model=qwen-2.5-7b N=3 arm=direct real_lme_00279_6222b6eb seed=2: per_fault={'ctx': False, 'concise': True, 'english': True} all_resolved=False n_resolved=2/3 tokens=(2429,314)
  model=qwen-2.5-7b N=3 arm=direct real_lme_00285_a96c20ee_abs seed=0: per_fault={'ctx': True, 'concise': False, 'preamble': True} all_resolved=False n_resolved=2/3 tokens=(2168,271)
  model=qwen-2.5-7b N=3 arm=direct real_lme_00285_a96c20ee_abs seed=1: per_fault={'ctx': True, 'concise': False, 'preamble': True} all_resolved=False n_resolved=2/3 tokens=(2168,271)
  model=qwen-2.5-7b N=3 arm=direct real_lme_00285_a96c20ee_abs seed=2: per_fault={'ctx': True, 'concise': True, 'preamble': True} all_resolved=True n_resolved=3/3 tokens=(2168,278)
  model=qwen-2.5-7b N=3 arm=direct real_lme_00288_c8090214_abs seed=0: per_fault={'ctx': False, 'concise': True, 'english': True} all_resolved=False n_resolved=2/3 tokens=(2528,167)
  model=qwen-2.5-7b N=3 arm=direct real_lme_00288_c8090214_abs seed=1: per_fault={'ctx': False, 'concise': True, 'english': True} all_resolved=False n_resolved=2/3 tokens=(2528,167)
  model=qwen-2.5-7b N=3 arm=direct real_lme_00288_c8090214_abs seed=2: per_fault={'ctx': False, 'concise': True, 'english': True} all_resolved=False n_resolved=2/3 tokens=(2528,167)
  model=qwen-2.5-7b N=3 arm=direct real_lme_00293_27016adc seed=0: per_fault={'ctx': True, 'bullets': True, 'concise': True} all_resolved=True n_resolved=3/3 tokens=(2369,365)
  model=qwen-2.5-7b N=3 arm=direct real_lme_00293_27016adc seed=1: per_fault={'ctx': True, 'bullets': True, 'concise': True} all_resolved=True n_resolved=3/3 tokens=(2369,365)
  model=qwen-2.5-7b N=3 arm=direct real_lme_00293_27016adc seed=2: per_fault={'ctx': True, 'bullets': True, 'concise': True} all_resolved=True n_resolved=3/3 tokens=(2369,382)
  model=qwen-2.5-7b N=3 arm=direct real_lme_00300_c9f37c46 seed=0: per_fault={'ctx': False, 'english': True, 'preamble': True} all_resolved=False n_resolved=2/3 tokens=(2278,146)
  model=qwen-2.5-7b N=3 arm=direct real_lme_00300_c9f37c46 seed=1: per_fault={'ctx': False, 'english': True, 'preamble': True} all_resolved=False n_resolved=2/3 tokens=(2278,146)
  model=qwen-2.5-7b N=3 arm=direct real_lme_00300_c9f37c46 seed=2: per_fault={'ctx': False, 'english': True, 'preamble': True} all_resolved=False n_resolved=2/3 tokens=(2278,149)
  model=qwen-2.5-7b N=3 arm=direct real_lme_00306_gpt4_2f56ae70 seed=0: per_fault={'ctx': True, 'concise': True, 'preamble': True} all_resolved=True n_resolved=3/3 tokens=(2205,221)
  model=qwen-2.5-7b N=3 arm=direct real_lme_00306_gpt4_2f56ae70 seed=1: per_fault={'ctx': True, 'concise': True, 'preamble': True} all_resolved=True n_resolved=3/3 tokens=(2205,221)
  model=qwen-2.5-7b N=3 arm=direct real_lme_00306_gpt4_2f56ae70 seed=2: per_fault={'ctx': True, 'concise': True, 'preamble': True} all_resolved=True n_resolved=3/3 tokens=(2205,232)
  model=qwen-2.5-7b N=3 arm=direct real_lme_00308_gpt4_4929293a seed=0: per_fault={'ctx': True, 'bullets': True, 'concise': True} all_resolved=True n_resolved=3/3 tokens=(2321,197)
  model=qwen-2.5-7b N=3 arm=direct real_lme_00308_gpt4_4929293a seed=1: per_fault={'ctx': True, 'bullets': True, 'concise': True} all_resolved=True n_resolved=3/3 tokens=(2321,197)
  model=qwen-2.5-7b N=3 arm=direct real_lme_00308_gpt4_4929293a seed=2: per_fault={'ctx': True, 'bullets': True, 'concise': False} all_resolved=False n_resolved=2/3 tokens=(2321,274)
  model=qwen-2.5-7b N=3 arm=direct real_lme_00312_a3332713 seed=0: per_fault={'ctx': False, 'concise': True, 'english': True} all_resolved=False n_resolved=2/3 tokens=(2491,253)
  model=qwen-2.5-7b N=3 arm=direct real_lme_00312_a3332713 seed=1: per_fault={'ctx': False, 'concise': True, 'english': True} all_resolved=False n_resolved=2/3 tokens=(2491,253)
  model=qwen-2.5-7b N=3 arm=direct real_lme_00312_a3332713 seed=2: per_fault={'ctx': False, 'concise': True, 'english': True} all_resolved=False n_resolved=2/3 tokens=(2491,223)
  model=qwen-2.5-7b N=3 arm=direct real_lme_00322_0a34ad58 seed=0: per_fault={'ctx': False, 'concise': True, 'english': True} all_resolved=False n_resolved=2/3 tokens=(2811,390)
  model=qwen-2.5-7b N=3 arm=direct real_lme_00322_0a34ad58 seed=1: per_fault={'ctx': False, 'concise': True, 'english': True} all_resolved=False n_resolved=2/3 tokens=(2811,390)
  model=qwen-2.5-7b N=3 arm=direct real_lme_00322_0a34ad58 seed=2: per_fault={'ctx': False, 'concise': True, 'english': True} all_resolved=False n_resolved=2/3 tokens=(2811,265)
  model=qwen-2.5-7b N=3 arm=direct real_lme_00328_57f827a0 seed=0: per_fault={'ctx': False, 'concise': False, 'preamble': True} all_resolved=False n_resolved=1/3 tokens=(2649,440)
  model=qwen-2.5-7b N=3 arm=direct real_lme_00328_57f827a0 seed=1: per_fault={'ctx': False, 'concise': False, 'preamble': True} all_resolved=False n_resolved=1/3 tokens=(2649,440)
  model=qwen-2.5-7b N=3 arm=direct real_lme_00328_57f827a0 seed=2: per_fault={'ctx': False, 'concise': False, 'preamble': True} all_resolved=False n_resolved=1/3 tokens=(2649,330)
--- [qwen-2.5-7b][direct] N=3: rows written=180 errors=0 tokens_in=437010 tokens_out=42721 ---
  model=qwen-2.5-7b N=3 arm=self_refine real_lme_00001_603deb26 seed=0: per_fault={'ctx': True, 'concise': True, 'english': True} all_resolved=True n_resolved=3/3 tokens=(5374,496)
  model=qwen-2.5-7b N=3 arm=self_refine real_lme_00001_603deb26 seed=1: per_fault={'ctx': True, 'concise': True, 'english': True} all_resolved=True n_resolved=3/3 tokens=(5374,496)
  model=qwen-2.5-7b N=3 arm=self_refine real_lme_00001_603deb26 seed=2: per_fault={'ctx': True, 'concise': True, 'english': True} all_resolved=True n_resolved=3/3 tokens=(5441,631)
  model=qwen-2.5-7b N=3 arm=self_refine real_lme_00007_5025383b seed=0: per_fault={'ctx': True, 'bullets': True, 'preamble': True} all_resolved=True n_resolved=3/3 tokens=(4629,517)
  model=qwen-2.5-7b N=3 arm=self_refine real_lme_00007_5025383b seed=1: per_fault={'ctx': True, 'bullets': True, 'preamble': True} all_resolved=True n_resolved=3/3 tokens=(4629,517)
  model=qwen-2.5-7b N=3 arm=self_refine real_lme_00007_5025383b seed=2: per_fault={'ctx': True, 'bullets': True, 'preamble': True} all_resolved=True n_resolved=3/3 tokens=(4602,472)
  model=qwen-2.5-7b N=3 arm=self_refine real_lme_00010_0a34ad58 seed=0: per_fault={'ctx': False, 'concise': False, 'preamble': True} all_resolved=False n_resolved=1/3 tokens=(6239,1104)
  model=qwen-2.5-7b N=3 arm=self_refine real_lme_00010_0a34ad58 seed=1: per_fault={'ctx': False, 'concise': False, 'preamble': True} all_resolved=False n_resolved=1/3 tokens=(6239,1104)
  model=qwen-2.5-7b N=3 arm=self_refine real_lme_00010_0a34ad58 seed=2: per_fault={'ctx': False, 'concise': False, 'preamble': True} all_resolved=False n_resolved=1/3 tokens=(6267,1091)
  model=qwen-2.5-7b N=3 arm=self_refine real_lme_00016_f8c5f88b seed=0: per_fault={'ctx': True, 'bullets': True, 'concise': True} all_resolved=True n_resolved=3/3 tokens=(5313,898)
  model=qwen-2.5-7b N=3 arm=self_refine real_lme_00016_f8c5f88b seed=1: per_fault={'ctx': True, 'bullets': True, 'concise': True} all_resolved=True n_resolved=3/3 tokens=(5313,898)
  model=qwen-2.5-7b N=3 arm=self_refine real_lme_00016_f8c5f88b seed=2: per_fault={'ctx': True, 'bullets': True, 'concise': True} all_resolved=True n_resolved=3/3 tokens=(5286,856)
  model=qwen-2.5-7b N=3 arm=self_refine real_lme_00018_gpt4_d31cdae3 seed=0: per_fault={'ctx': False, 'concise': True, 'english': True} all_resolved=False n_resolved=2/3 tokens=(5210,504)
  model=qwen-2.5-7b N=3 arm=self_refine real_lme_00018_gpt4_d31cdae3 seed=1: per_fault={'ctx': False, 'concise': True, 'english': True} all_resolved=False n_resolved=2/3 tokens=(5210,504)
  model=qwen-2.5-7b N=3 arm=self_refine real_lme_00018_gpt4_d31cdae3 seed=2: per_fault={'ctx': False, 'concise': True, 'english': True} all_resolved=False n_resolved=2/3 tokens=(5212,486)
  model=qwen-2.5-7b N=3 arm=self_refine real_lme_00032_22d2cb42 seed=0: per_fault={'ctx': False, 'english': True, 'preamble': True} all_resolved=False n_resolved=2/3 tokens=(4735,359)
  model=qwen-2.5-7b N=3 arm=self_refine real_lme_00032_22d2cb42 seed=1: per_fault={'ctx': False, 'english': True, 'preamble': True} all_resolved=False n_resolved=2/3 tokens=(4735,359)
  model=qwen-2.5-7b N=3 arm=self_refine real_lme_00032_22d2cb42 seed=2: per_fault={'ctx': False, 'english': True, 'preamble': True} all_resolved=False n_resolved=2/3 tokens=(4742,365)
  model=qwen-2.5-7b N=3 arm=self_refine real_lme_00043_c2ac3c61 seed=0: per_fault={'ctx': True, 'bullets': True, 'concise': True} all_resolved=True n_resolved=3/3 tokens=(4996,532)
  model=qwen-2.5-7b N=3 arm=self_refine real_lme_00043_c2ac3c61 seed=1: per_fault={'ctx': True, 'bullets': True, 'concise': True} all_resolved=True n_resolved=3/3 tokens=(4996,532)
  model=qwen-2.5-7b N=3 arm=self_refine real_lme_00043_c2ac3c61 seed=2: per_fault={'ctx': True, 'bullets': True, 'concise': True} all_resolved=True n_resolved=3/3 tokens=(4994,521)
  model=qwen-2.5-7b N=3 arm=self_refine real_lme_00049_0862e8bf_abs seed=0: per_fault={'ctx': False, 'concise': True, 'english': True} all_resolved=False n_resolved=2/3 tokens=(5213,266)
  model=qwen-2.5-7b N=3 arm=self_refine real_lme_00049_0862e8bf_abs seed=1: per_fault={'ctx': False, 'concise': True, 'english': True} all_resolved=False n_resolved=2/3 tokens=(5213,266)
  model=qwen-2.5-7b N=3 arm=self_refine real_lme_00049_0862e8bf_abs seed=2: per_fault={'ctx': False, 'concise': True, 'english': True} all_resolved=False n_resolved=2/3 tokens=(5213,306)
  model=qwen-2.5-7b N=3 arm=self_refine real_lme_00053_21d02d0d seed=0: per_fault={'ctx': True, 'bullets': True, 'concise': False} all_resolved=False n_resolved=2/3 tokens=(5073,513)
  model=qwen-2.5-7b N=3 arm=self_refine real_lme_00053_21d02d0d seed=1: per_fault={'ctx': True, 'bullets': True, 'concise': False} all_resolved=False n_resolved=2/3 tokens=(5073,513)
  model=qwen-2.5-7b N=3 arm=self_refine real_lme_00053_21d02d0d seed=2: per_fault={'ctx': False, 'bullets': True, 'concise': False} all_resolved=False n_resolved=1/3 tokens=(5073,465)
  model=qwen-2.5-7b N=3 arm=self_refine real_lme_00059_2ebe6c90 seed=0: per_fault={'ctx': False, 'concise': True, 'english': True} all_resolved=False n_resolved=2/3 tokens=(4933,759)
  model=qwen-2.5-7b N=3 arm=self_refine real_lme_00059_2ebe6c90 seed=1: per_fault={'ctx': False, 'concise': True, 'english': True} all_resolved=False n_resolved=2/3 tokens=(4933,759)
  model=qwen-2.5-7b N=3 arm=self_refine real_lme_00059_2ebe6c90 seed=2: per_fault={'ctx': False, 'concise': True, 'english': True} all_resolved=False n_resolved=2/3 tokens=(4938,838)
  model=qwen-2.5-7b N=3 arm=self_refine real_lme_00069_gpt4_31ff4165 seed=0: per_fault={'ctx': True, 'bullets': True, 'concise': True} all_resolved=True n_resolved=3/3 tokens=(5510,737)
  model=qwen-2.5-7b N=3 arm=self_refine real_lme_00069_gpt4_31ff4165 seed=1: per_fault={'ctx': True, 'bullets': True, 'concise': True} all_resolved=True n_resolved=3/3 tokens=(5510,737)
  model=qwen-2.5-7b N=3 arm=self_refine real_lme_00069_gpt4_31ff4165 seed=2: per_fault={'ctx': True, 'bullets': True, 'concise': True} all_resolved=True n_resolved=3/3 tokens=(5283,388)
  model=qwen-2.5-7b N=3 arm=self_refine real_lme_00076_f4f1d8a4_abs seed=0: per_fault={'ctx': True, 'bullets': True, 'preamble': True} all_resolved=True n_resolved=3/3 tokens=(5504,541)
  model=qwen-2.5-7b N=3 arm=self_refine real_lme_00076_f4f1d8a4_abs seed=1: per_fault={'ctx': True, 'bullets': True, 'preamble': True} all_resolved=True n_resolved=3/3 tokens=(5504,541)
  model=qwen-2.5-7b N=3 arm=self_refine real_lme_00076_f4f1d8a4_abs seed=2: per_fault={'ctx': False, 'bullets': True, 'preamble': True} all_resolved=False n_resolved=2/3 tokens=(5503,507)
  model=qwen-2.5-7b N=3 arm=self_refine real_lme_00081_afdc33df seed=0: per_fault={'ctx': False, 'concise': True, 'english': True} all_resolved=False n_resolved=2/3 tokens=(6056,993)
  model=qwen-2.5-7b N=3 arm=self_refine real_lme_00081_afdc33df seed=1: per_fault={'ctx': False, 'concise': True, 'english': True} all_resolved=False n_resolved=2/3 tokens=(6056,993)
  model=qwen-2.5-7b N=3 arm=self_refine real_lme_00081_afdc33df seed=2: per_fault={'ctx': False, 'concise': True, 'english': True} all_resolved=False n_resolved=2/3 tokens=(5884,852)
  model=qwen-2.5-7b N=3 arm=self_refine real_lme_00085_a11281a2 seed=0: per_fault={'ctx': True, 'concise': False, 'preamble': True} all_resolved=False n_resolved=2/3 tokens=(4577,750)
  model=qwen-2.5-7b N=3 arm=self_refine real_lme_00085_a11281a2 seed=1: per_fault={'ctx': True, 'concise': False, 'preamble': True} all_resolved=False n_resolved=2/3 tokens=(4577,750)
  model=qwen-2.5-7b N=3 arm=self_refine real_lme_00085_a11281a2 seed=2: per_fault={'ctx': True, 'concise': True, 'preamble': False} all_resolved=False n_resolved=2/3 tokens=(4500,501)
  model=qwen-2.5-7b N=3 arm=self_refine real_lme_00086_af082822 seed=0: per_fault={'ctx': True, 'concise': True, 'english': True} all_resolved=True n_resolved=3/3 tokens=(4769,595)
  model=qwen-2.5-7b N=3 arm=self_refine real_lme_00086_af082822 seed=1: per_fault={'ctx': True, 'concise': True, 'english': True} all_resolved=True n_resolved=3/3 tokens=(4769,595)
  model=qwen-2.5-7b N=3 arm=self_refine real_lme_00086_af082822 seed=2: per_fault={'ctx': True, 'concise': True, 'english': True} all_resolved=True n_resolved=3/3 tokens=(4807,535)
  model=qwen-2.5-7b N=3 arm=self_refine real_lme_00087_3b6f954b seed=0: per_fault={'ctx': True, 'concise': True, 'preamble': True} all_resolved=True n_resolved=3/3 tokens=(4892,503)
  model=qwen-2.5-7b N=3 arm=self_refine real_lme_00087_3b6f954b seed=1: per_fault={'ctx': True, 'concise': True, 'preamble': True} all_resolved=True n_resolved=3/3 tokens=(4892,503)
  model=qwen-2.5-7b N=3 arm=self_refine real_lme_00087_3b6f954b seed=2: per_fault={'ctx': True, 'concise': False, 'preamble': False} all_resolved=False n_resolved=1/3 tokens=(4964,758)
  model=qwen-2.5-7b N=3 arm=self_refine real_lme_00093_545bd2b5 seed=0: per_fault={'ctx': True, 'bullets': True, 'concise': True} all_resolved=True n_resolved=3/3 tokens=(5091,760)
  model=qwen-2.5-7b N=3 arm=self_refine real_lme_00093_545bd2b5 seed=1: per_fault={'ctx': True, 'bullets': True, 'concise': True} all_resolved=True n_resolved=3/3 tokens=(5091,760)
  model=qwen-2.5-7b N=3 arm=self_refine real_lme_00093_545bd2b5 seed=2: per_fault={'ctx': True, 'bullets': True, 'concise': True} all_resolved=True n_resolved=3/3 tokens=(5050,706)
  model=qwen-2.5-7b N=3 arm=self_refine real_lme_00110_gpt4_1a1dc16d seed=0: per_fault={'ctx': True, 'concise': True, 'preamble': True} all_resolved=True n_resolved=3/3 tokens=(5102,619)
  model=qwen-2.5-7b N=3 arm=self_refine real_lme_00110_gpt4_1a1dc16d seed=1: per_fault={'ctx': True, 'concise': True, 'preamble': True} all_resolved=True n_resolved=3/3 tokens=(5102,619)
  model=qwen-2.5-7b N=3 arm=self_refine real_lme_00110_gpt4_1a1dc16d seed=2: per_fault={'ctx': True, 'concise': True, 'preamble': True} all_resolved=True n_resolved=3/3 tokens=(5102,529)
  model=qwen-2.5-7b N=3 arm=self_refine real_lme_00119_c6853660 seed=0: per_fault={'ctx': False, 'bullets': True, 'preamble': True} all_resolved=False n_resolved=2/3 tokens=(5109,573)
  model=qwen-2.5-7b N=3 arm=self_refine real_lme_00119_c6853660 seed=1: per_fault={'ctx': False, 'bullets': True, 'preamble': True} all_resolved=False n_resolved=2/3 tokens=(5109,573)
  model=qwen-2.5-7b N=3 arm=self_refine real_lme_00119_c6853660 seed=2: per_fault={'ctx': False, 'bullets': True, 'preamble': True} all_resolved=False n_resolved=2/3 tokens=(5177,696)
  model=qwen-2.5-7b N=3 arm=self_refine real_lme_00120_42ec0761 seed=0: per_fault={'ctx': True, 'bullets': True, 'concise': True} all_resolved=True n_resolved=3/3 tokens=(5174,541)
  model=qwen-2.5-7b N=3 arm=self_refine real_lme_00120_42ec0761 seed=1: per_fault={'ctx': True, 'bullets': True, 'concise': True} all_resolved=True n_resolved=3/3 tokens=(5174,541)
  model=qwen-2.5-7b N=3 arm=self_refine real_lme_00120_42ec0761 seed=2: per_fault={'ctx': True, 'bullets': True, 'concise': True} all_resolved=True n_resolved=3/3 tokens=(5175,530)
  model=qwen-2.5-7b N=3 arm=self_refine real_lme_00122_0a34ad58 seed=0: per_fault={'ctx': False, 'bullets': True, 'preamble': True} all_resolved=False n_resolved=2/3 tokens=(5678,792)
  model=qwen-2.5-7b N=3 arm=self_refine real_lme_00122_0a34ad58 seed=1: per_fault={'ctx': False, 'bullets': True, 'preamble': True} all_resolved=False n_resolved=2/3 tokens=(5678,792)
  model=qwen-2.5-7b N=3 arm=self_refine real_lme_00122_0a34ad58 seed=2: per_fault={'ctx': False, 'bullets': True, 'preamble': True} all_resolved=False n_resolved=2/3 tokens=(5604,669)
  model=qwen-2.5-7b N=3 arm=self_refine real_lme_00123_ceb54acb seed=0: per_fault={'ctx': False, 'english': True, 'preamble': True} all_resolved=False n_resolved=2/3 tokens=(3856,509)
  model=qwen-2.5-7b N=3 arm=self_refine real_lme_00123_ceb54acb seed=1: per_fault={'ctx': False, 'english': True, 'preamble': True} all_resolved=False n_resolved=2/3 tokens=(3856,509)
  model=qwen-2.5-7b N=3 arm=self_refine real_lme_00123_ceb54acb seed=2: per_fault={'ctx': False, 'english': True, 'preamble': True} all_resolved=False n_resolved=2/3 tokens=(3841,411)
  model=qwen-2.5-7b N=3 arm=self_refine real_lme_00133_71a3fd6b seed=0: per_fault={'ctx': True, 'bullets': True, 'concise': True} all_resolved=True n_resolved=3/3 tokens=(3999,796)
  model=qwen-2.5-7b N=3 arm=self_refine real_lme_00133_71a3fd6b seed=1: per_fault={'ctx': True, 'bullets': True, 'concise': True} all_resolved=True n_resolved=3/3 tokens=(3999,796)
  model=qwen-2.5-7b N=3 arm=self_refine real_lme_00133_71a3fd6b seed=2: per_fault={'ctx': True, 'bullets': True, 'concise': False} all_resolved=False n_resolved=2/3 tokens=(3964,694)
  model=qwen-2.5-7b N=3 arm=self_refine real_lme_00135_129d1232 seed=0: per_fault={'ctx': False, 'concise': True, 'english': True} all_resolved=False n_resolved=2/3 tokens=(5062,571)
  model=qwen-2.5-7b N=3 arm=self_refine real_lme_00135_129d1232 seed=1: per_fault={'ctx': False, 'concise': True, 'english': True} all_resolved=False n_resolved=2/3 tokens=(5062,571)
  model=qwen-2.5-7b N=3 arm=self_refine real_lme_00135_129d1232 seed=2: per_fault={'ctx': False, 'concise': True, 'english': True} all_resolved=False n_resolved=2/3 tokens=(5052,443)
  model=qwen-2.5-7b N=3 arm=self_refine real_lme_00144_7a87bd0c seed=0: per_fault={'ctx': True, 'bullets': True, 'preamble': True} all_resolved=True n_resolved=3/3 tokens=(5320,665)
  model=qwen-2.5-7b N=3 arm=self_refine real_lme_00144_7a87bd0c seed=1: per_fault={'ctx': True, 'bullets': True, 'preamble': True} all_resolved=True n_resolved=3/3 tokens=(5320,665)
  model=qwen-2.5-7b N=3 arm=self_refine real_lme_00144_7a87bd0c seed=2: per_fault={'ctx': True, 'bullets': True, 'preamble': True} all_resolved=True n_resolved=3/3 tokens=(5262,526)
  model=qwen-2.5-7b N=3 arm=self_refine real_lme_00156_e831120c seed=0: per_fault={'ctx': True, 'concise': False, 'preamble': True} all_resolved=False n_resolved=2/3 tokens=(6218,1284)
  model=qwen-2.5-7b N=3 arm=self_refine real_lme_00156_e831120c seed=1: per_fault={'ctx': True, 'concise': False, 'preamble': True} all_resolved=False n_resolved=2/3 tokens=(6218,1284)
  model=qwen-2.5-7b N=3 arm=self_refine real_lme_00156_e831120c seed=2: per_fault={'ctx': True, 'concise': False, 'preamble': True} all_resolved=False n_resolved=2/3 tokens=(5911,804)
  model=qwen-2.5-7b N=3 arm=self_refine real_lme_00168_gpt4_68e94287 seed=0: per_fault={'ctx': False, 'bullets': True, 'concise': True} all_resolved=False n_resolved=2/3 tokens=(5709,582)
  model=qwen-2.5-7b N=3 arm=self_refine real_lme_00168_gpt4_68e94287 seed=1: per_fault={'ctx': False, 'bullets': True, 'concise': True} all_resolved=False n_resolved=2/3 tokens=(5709,582)
  model=qwen-2.5-7b N=3 arm=self_refine real_lme_00168_gpt4_68e94287 seed=2: per_fault={'ctx': True, 'bullets': True, 'concise': True} all_resolved=True n_resolved=3/3 tokens=(5623,475)
  model=qwen-2.5-7b N=3 arm=self_refine real_lme_00183_8464fc84 seed=0: per_fault={'ctx': True, 'concise': False, 'preamble': True} all_resolved=False n_resolved=2/3 tokens=(4940,301)
  model=qwen-2.5-7b N=3 arm=self_refine real_lme_00183_8464fc84 seed=1: per_fault={'ctx': True, 'concise': False, 'preamble': True} all_resolved=False n_resolved=2/3 tokens=(4940,301)
  model=qwen-2.5-7b N=3 arm=self_refine real_lme_00183_8464fc84 seed=2: per_fault={'ctx': True, 'concise': True, 'preamble': True} all_resolved=True n_resolved=3/3 tokens=(5187,701)
  model=qwen-2.5-7b N=3 arm=self_refine real_lme_00184_45dc21b6 seed=0: per_fault={'ctx': True, 'concise': True, 'preamble': True} all_resolved=True n_resolved=3/3 tokens=(4932,526)
  model=qwen-2.5-7b N=3 arm=self_refine real_lme_00184_45dc21b6 seed=1: per_fault={'ctx': True, 'concise': True, 'preamble': True} all_resolved=True n_resolved=3/3 tokens=(4932,526)
  model=qwen-2.5-7b N=3 arm=self_refine real_lme_00184_45dc21b6 seed=2: per_fault={'ctx': True, 'concise': True, 'preamble': True} all_resolved=True n_resolved=3/3 tokens=(4888,510)
  model=qwen-2.5-7b N=3 arm=self_refine real_lme_00191_993da5e2 seed=0: per_fault={'ctx': False, 'english': True, 'preamble': True} all_resolved=False n_resolved=2/3 tokens=(5369,435)
  model=qwen-2.5-7b N=3 arm=self_refine real_lme_00191_993da5e2 seed=1: per_fault={'ctx': False, 'english': True, 'preamble': True} all_resolved=False n_resolved=2/3 tokens=(5369,435)
  model=qwen-2.5-7b N=3 arm=self_refine real_lme_00191_993da5e2 seed=2: per_fault={'ctx': False, 'english': True, 'preamble': True} all_resolved=False n_resolved=2/3 tokens=(5369,436)
  model=qwen-2.5-7b N=3 arm=self_refine real_lme_00195_gpt4_1d80365e seed=0: per_fault={'ctx': False, 'concise': True, 'preamble': True} all_resolved=False n_resolved=2/3 tokens=(5095,606)
  model=qwen-2.5-7b N=3 arm=self_refine real_lme_00195_gpt4_1d80365e seed=1: per_fault={'ctx': False, 'concise': True, 'preamble': True} all_resolved=False n_resolved=2/3 tokens=(5095,606)
  model=qwen-2.5-7b N=3 arm=self_refine real_lme_00195_gpt4_1d80365e seed=2: per_fault={'ctx': False, 'concise': True, 'preamble': True} all_resolved=False n_resolved=2/3 tokens=(5053,547)
  model=qwen-2.5-7b N=3 arm=self_refine real_lme_00197_gpt4_213fd887 seed=0: per_fault={'ctx': True, 'concise': False, 'preamble': True} all_resolved=False n_resolved=2/3 tokens=(5398,853)
  model=qwen-2.5-7b N=3 arm=self_refine real_lme_00197_gpt4_213fd887 seed=1: per_fault={'ctx': True, 'concise': False, 'preamble': True} all_resolved=False n_resolved=2/3 tokens=(5398,853)
  model=qwen-2.5-7b N=3 arm=self_refine real_lme_00197_gpt4_213fd887 seed=2: per_fault={'ctx': True, 'concise': True, 'preamble': True} all_resolved=True n_resolved=3/3 tokens=(5306,504)
  model=qwen-2.5-7b N=3 arm=self_refine real_lme_00198_gpt4_d6585ce8 seed=0: per_fault={'ctx': False, 'concise': False, 'preamble': True} all_resolved=False n_resolved=1/3 tokens=(6229,1066)
  model=qwen-2.5-7b N=3 arm=self_refine real_lme_00198_gpt4_d6585ce8 seed=1: per_fault={'ctx': False, 'concise': False, 'preamble': True} all_resolved=False n_resolved=1/3 tokens=(6229,1066)
  model=qwen-2.5-7b N=3 arm=self_refine real_lme_00198_gpt4_d6585ce8 seed=2: per_fault={'ctx': False, 'concise': False, 'preamble': True} all_resolved=False n_resolved=1/3 tokens=(6145,917)
  model=qwen-2.5-7b N=3 arm=self_refine real_lme_00209_7e974930 seed=0: per_fault={'ctx': False, 'concise': True, 'english': True} all_resolved=False n_resolved=2/3 tokens=(5273,615)
  model=qwen-2.5-7b N=3 arm=self_refine real_lme_00209_7e974930 seed=1: per_fault={'ctx': False, 'concise': True, 'english': True} all_resolved=False n_resolved=2/3 tokens=(5273,615)
  model=qwen-2.5-7b N=3 arm=self_refine real_lme_00209_7e974930 seed=2: per_fault={'ctx': False, 'concise': True, 'english': True} all_resolved=False n_resolved=2/3 tokens=(5188,459)
  model=qwen-2.5-7b N=3 arm=self_refine real_lme_00212_e01b8e2f seed=0: per_fault={'ctx': True, 'concise': True, 'preamble': True} all_resolved=True n_resolved=3/3 tokens=(4996,521)
  model=qwen-2.5-7b N=3 arm=self_refine real_lme_00212_e01b8e2f seed=1: per_fault={'ctx': True, 'concise': True, 'preamble': True} all_resolved=True n_resolved=3/3 tokens=(4996,521)
  model=qwen-2.5-7b N=3 arm=self_refine real_lme_00212_e01b8e2f seed=2: per_fault={'ctx': True, 'concise': True, 'preamble': True} all_resolved=True n_resolved=3/3 tokens=(4924,443)
  model=qwen-2.5-7b N=3 arm=self_refine real_lme_00216_2698e78f_abs seed=0: per_fault={'ctx': False, 'bullets': True, 'concise': False} all_resolved=False n_resolved=1/3 tokens=(4820,538)
  model=qwen-2.5-7b N=3 arm=self_refine real_lme_00216_2698e78f_abs seed=1: per_fault={'ctx': False, 'bullets': True, 'concise': False} all_resolved=False n_resolved=1/3 tokens=(4820,538)
  model=qwen-2.5-7b N=3 arm=self_refine real_lme_00216_2698e78f_abs seed=2: per_fault={'ctx': False, 'bullets': True, 'concise': False} all_resolved=False n_resolved=1/3 tokens=(4821,534)
  model=qwen-2.5-7b N=3 arm=self_refine real_lme_00220_gpt4_2312f94c seed=0: per_fault={'ctx': True, 'bullets': True, 'concise': False} all_resolved=False n_resolved=2/3 tokens=(5288,452)
  model=qwen-2.5-7b N=3 arm=self_refine real_lme_00220_gpt4_2312f94c seed=1: per_fault={'ctx': True, 'bullets': True, 'concise': False} all_resolved=False n_resolved=2/3 tokens=(5288,452)
  model=qwen-2.5-7b N=3 arm=self_refine real_lme_00220_gpt4_2312f94c seed=2: per_fault={'ctx': True, 'bullets': True, 'concise': True} all_resolved=True n_resolved=3/3 tokens=(5301,455)
  model=qwen-2.5-7b N=3 arm=self_refine real_lme_00222_3f1e9474 seed=0: per_fault={'ctx': True, 'concise': True, 'preamble': True} all_resolved=True n_resolved=3/3 tokens=(5040,605)
  model=qwen-2.5-7b N=3 arm=self_refine real_lme_00222_3f1e9474 seed=1: per_fault={'ctx': True, 'concise': True, 'preamble': True} all_resolved=True n_resolved=3/3 tokens=(5040,605)
  model=qwen-2.5-7b N=3 arm=self_refine real_lme_00222_3f1e9474 seed=2: per_fault={'ctx': True, 'concise': True, 'preamble': True} all_resolved=True n_resolved=3/3 tokens=(4890,352)
  model=qwen-2.5-7b N=3 arm=self_refine real_lme_00224_dccbc061 seed=0: per_fault={'ctx': True, 'bullets': True, 'concise': True} all_resolved=True n_resolved=3/3 tokens=(4344,241)
  model=qwen-2.5-7b N=3 arm=self_refine real_lme_00224_dccbc061 seed=1: per_fault={'ctx': True, 'bullets': True, 'concise': True} all_resolved=True n_resolved=3/3 tokens=(4344,241)
  model=qwen-2.5-7b N=3 arm=self_refine real_lme_00224_dccbc061 seed=2: per_fault={'ctx': True, 'bullets': True, 'concise': True} all_resolved=True n_resolved=3/3 tokens=(4344,238)
  model=qwen-2.5-7b N=3 arm=self_refine real_lme_00226_b759caee seed=0: per_fault={'ctx': True, 'bullets': True, 'concise': True} all_resolved=True n_resolved=3/3 tokens=(4270,497)
  model=qwen-2.5-7b N=3 arm=self_refine real_lme_00226_b759caee seed=1: per_fault={'ctx': True, 'bullets': True, 'concise': True} all_resolved=True n_resolved=3/3 tokens=(4270,497)
  model=qwen-2.5-7b N=3 arm=self_refine real_lme_00226_b759caee seed=2: per_fault={'ctx': True, 'bullets': True, 'concise': True} all_resolved=True n_resolved=3/3 tokens=(4265,440)
  model=qwen-2.5-7b N=3 arm=self_refine real_lme_00227_8aef76bc seed=0: per_fault={'ctx': True, 'bullets': True, 'preamble': True} all_resolved=True n_resolved=3/3 tokens=(4527,696)
  model=qwen-2.5-7b N=3 arm=self_refine real_lme_00227_8aef76bc seed=1: per_fault={'ctx': True, 'bullets': True, 'preamble': True} all_resolved=True n_resolved=3/3 tokens=(4527,696)
  model=qwen-2.5-7b N=3 arm=self_refine real_lme_00227_8aef76bc seed=2: per_fault={'ctx': False, 'bullets': True, 'preamble': True} all_resolved=False n_resolved=2/3 tokens=(4466,613)
  model=qwen-2.5-7b N=3 arm=self_refine real_lme_00232_gpt4_59c863d7 seed=0: per_fault={'ctx': False, 'concise': True, 'english': True} all_resolved=False n_resolved=2/3 tokens=(6197,750)
  model=qwen-2.5-7b N=3 arm=self_refine real_lme_00232_gpt4_59c863d7 seed=1: per_fault={'ctx': False, 'concise': True, 'english': True} all_resolved=False n_resolved=2/3 tokens=(6197,750)
  model=qwen-2.5-7b N=3 arm=self_refine real_lme_00232_gpt4_59c863d7 seed=2: per_fault={'ctx': False, 'concise': True, 'english': True} all_resolved=False n_resolved=2/3 tokens=(6059,618)
  model=qwen-2.5-7b N=3 arm=self_refine real_lme_00240_09ba9854 seed=0: per_fault={'ctx': False, 'concise': True, 'preamble': True} all_resolved=False n_resolved=2/3 tokens=(5596,754)
  model=qwen-2.5-7b N=3 arm=self_refine real_lme_00240_09ba9854 seed=1: per_fault={'ctx': False, 'concise': True, 'preamble': True} all_resolved=False n_resolved=2/3 tokens=(5596,754)
  model=qwen-2.5-7b N=3 arm=self_refine real_lme_00240_09ba9854 seed=2: per_fault={'ctx': False, 'concise': True, 'preamble': True} all_resolved=False n_resolved=2/3 tokens=(5762,984)
  model=qwen-2.5-7b N=3 arm=self_refine real_lme_00247_1d4da289 seed=0: per_fault={'ctx': False, 'bullets': True, 'concise': True} all_resolved=False n_resolved=2/3 tokens=(4705,477)
  model=qwen-2.5-7b N=3 arm=self_refine real_lme_00247_1d4da289 seed=1: per_fault={'ctx': False, 'bullets': True, 'concise': True} all_resolved=False n_resolved=2/3 tokens=(4705,477)
  model=qwen-2.5-7b N=3 arm=self_refine real_lme_00247_1d4da289 seed=2: per_fault={'ctx': False, 'bullets': True, 'concise': False} all_resolved=False n_resolved=1/3 tokens=(4694,469)
  model=qwen-2.5-7b N=3 arm=self_refine real_lme_00254_ba358f49 seed=0: per_fault={'ctx': False, 'bullets': True, 'concise': True} all_resolved=False n_resolved=2/3 tokens=(4731,502)
  model=qwen-2.5-7b N=3 arm=self_refine real_lme_00254_ba358f49 seed=1: per_fault={'ctx': False, 'bullets': True, 'concise': True} all_resolved=False n_resolved=2/3 tokens=(4731,502)
  model=qwen-2.5-7b N=3 arm=self_refine real_lme_00254_ba358f49 seed=2: per_fault={'ctx': False, 'bullets': True, 'concise': False} all_resolved=False n_resolved=1/3 tokens=(4726,647)
  model=qwen-2.5-7b N=3 arm=self_refine real_lme_00257_10e09553 seed=0: per_fault={'ctx': True, 'concise': True, 'preamble': True} all_resolved=True n_resolved=3/3 tokens=(5146,468)
  model=qwen-2.5-7b N=3 arm=self_refine real_lme_00257_10e09553 seed=1: per_fault={'ctx': True, 'concise': True, 'preamble': True} all_resolved=True n_resolved=3/3 tokens=(5146,468)
  model=qwen-2.5-7b N=3 arm=self_refine real_lme_00257_10e09553 seed=2: per_fault={'ctx': True, 'concise': True, 'preamble': True} all_resolved=True n_resolved=3/3 tokens=(5146,463)
  model=qwen-2.5-7b N=3 arm=self_refine real_lme_00258_gpt4_93159ced_abs seed=0: per_fault={'ctx': False, 'english': True, 'preamble': True} all_resolved=False n_resolved=2/3 tokens=(5037,396)
  model=qwen-2.5-7b N=3 arm=self_refine real_lme_00258_gpt4_93159ced_abs seed=1: per_fault={'ctx': False, 'english': True, 'preamble': True} all_resolved=False n_resolved=2/3 tokens=(5037,396)
  model=qwen-2.5-7b N=3 arm=self_refine real_lme_00258_gpt4_93159ced_abs seed=2: per_fault={'ctx': False, 'english': True, 'preamble': True} all_resolved=False n_resolved=2/3 tokens=(5037,398)
  model=qwen-2.5-7b N=3 arm=self_refine real_lme_00263_2698e78f seed=0: per_fault={'ctx': True, 'bullets': True, 'concise': False} all_resolved=False n_resolved=2/3 tokens=(5141,647)
  model=qwen-2.5-7b N=3 arm=self_refine real_lme_00263_2698e78f seed=1: per_fault={'ctx': True, 'bullets': True, 'concise': False} all_resolved=False n_resolved=2/3 tokens=(5141,647)
  model=qwen-2.5-7b N=3 arm=self_refine real_lme_00263_2698e78f seed=2: per_fault={'ctx': False, 'bullets': True, 'concise': False} all_resolved=False n_resolved=1/3 tokens=(5147,661)
  model=qwen-2.5-7b N=3 arm=self_refine real_lme_00264_7161e7e2 seed=0: per_fault={'ctx': False, 'english': True, 'preamble': True} all_resolved=False n_resolved=2/3 tokens=(5901,562)
  model=qwen-2.5-7b N=3 arm=self_refine real_lme_00264_7161e7e2 seed=1: per_fault={'ctx': False, 'english': True, 'preamble': True} all_resolved=False n_resolved=2/3 tokens=(5901,562)
  model=qwen-2.5-7b N=3 arm=self_refine real_lme_00264_7161e7e2 seed=2: per_fault={'ctx': False, 'english': True, 'preamble': True} all_resolved=False n_resolved=2/3 tokens=(5891,542)
  model=qwen-2.5-7b N=3 arm=self_refine real_lme_00267_8550ddae seed=0: per_fault={'ctx': False, 'concise': True, 'english': True} all_resolved=False n_resolved=2/3 tokens=(4928,503)
  model=qwen-2.5-7b N=3 arm=self_refine real_lme_00267_8550ddae seed=1: per_fault={'ctx': False, 'concise': True, 'english': True} all_resolved=False n_resolved=2/3 tokens=(4928,503)
  model=qwen-2.5-7b N=3 arm=self_refine real_lme_00267_8550ddae seed=2: per_fault={'ctx': False, 'concise': True, 'english': True} all_resolved=False n_resolved=2/3 tokens=(4955,557)
  model=qwen-2.5-7b N=3 arm=self_refine real_lme_00279_6222b6eb seed=0: per_fault={'ctx': False, 'concise': True, 'english': True} all_resolved=False n_resolved=2/3 tokens=(5181,690)
  model=qwen-2.5-7b N=3 arm=self_refine real_lme_00279_6222b6eb seed=1: per_fault={'ctx': False, 'concise': True, 'english': True} all_resolved=False n_resolved=2/3 tokens=(5181,690)
  model=qwen-2.5-7b N=3 arm=self_refine real_lme_00279_6222b6eb seed=2: per_fault={'ctx': False, 'concise': True, 'english': True} all_resolved=False n_resolved=2/3 tokens=(5245,786)
  model=qwen-2.5-7b N=3 arm=self_refine real_lme_00285_a96c20ee_abs seed=0: per_fault={'ctx': False, 'concise': False, 'preamble': False} all_resolved=False n_resolved=0/3 tokens=(4691,793)
  model=qwen-2.5-7b N=3 arm=self_refine real_lme_00285_a96c20ee_abs seed=1: per_fault={'ctx': False, 'concise': False, 'preamble': False} all_resolved=False n_resolved=0/3 tokens=(4691,793)
  model=qwen-2.5-7b N=3 arm=self_refine real_lme_00285_a96c20ee_abs seed=2: per_fault={'ctx': False, 'concise': False, 'preamble': True} all_resolved=False n_resolved=1/3 tokens=(4698,856)
  model=qwen-2.5-7b N=3 arm=self_refine real_lme_00288_c8090214_abs seed=0: per_fault={'ctx': False, 'concise': True, 'english': True} all_resolved=False n_resolved=2/3 tokens=(5237,469)
  model=qwen-2.5-7b N=3 arm=self_refine real_lme_00288_c8090214_abs seed=1: per_fault={'ctx': False, 'concise': True, 'english': True} all_resolved=False n_resolved=2/3 tokens=(5237,469)
  model=qwen-2.5-7b N=3 arm=self_refine real_lme_00288_c8090214_abs seed=2: per_fault={'ctx': False, 'concise': True, 'english': True} all_resolved=False n_resolved=2/3 tokens=(5237,511)
  model=qwen-2.5-7b N=3 arm=self_refine real_lme_00293_27016adc seed=0: per_fault={'ctx': True, 'bullets': True, 'concise': True} all_resolved=True n_resolved=3/3 tokens=(5201,909)
  model=qwen-2.5-7b N=3 arm=self_refine real_lme_00293_27016adc seed=1: per_fault={'ctx': True, 'bullets': True, 'concise': True} all_resolved=True n_resolved=3/3 tokens=(5201,909)
  model=qwen-2.5-7b N=3 arm=self_refine real_lme_00293_27016adc seed=2: per_fault={'ctx': True, 'bullets': True, 'concise': False} all_resolved=False n_resolved=2/3 tokens=(5239,846)
  model=qwen-2.5-7b N=3 arm=self_refine real_lme_00300_c9f37c46 seed=0: per_fault={'ctx': False, 'english': True, 'preamble': True} all_resolved=False n_resolved=2/3 tokens=(4727,387)
  model=qwen-2.5-7b N=3 arm=self_refine real_lme_00300_c9f37c46 seed=1: per_fault={'ctx': False, 'english': True, 'preamble': True} all_resolved=False n_resolved=2/3 tokens=(4727,387)
  model=qwen-2.5-7b N=3 arm=self_refine real_lme_00300_c9f37c46 seed=2: per_fault={'ctx': False, 'english': True, 'preamble': True} all_resolved=False n_resolved=2/3 tokens=(4730,390)
  model=qwen-2.5-7b N=3 arm=self_refine real_lme_00306_gpt4_2f56ae70 seed=0: per_fault={'ctx': False, 'concise': True, 'preamble': True} all_resolved=False n_resolved=2/3 tokens=(4718,610)
  model=qwen-2.5-7b N=3 arm=self_refine real_lme_00306_gpt4_2f56ae70 seed=1: per_fault={'ctx': False, 'concise': True, 'preamble': True} all_resolved=False n_resolved=2/3 tokens=(4718,610)
  model=qwen-2.5-7b N=3 arm=self_refine real_lme_00306_gpt4_2f56ae70 seed=2: per_fault={'ctx': True, 'concise': True, 'preamble': True} all_resolved=True n_resolved=3/3 tokens=(4729,596)
  model=qwen-2.5-7b N=3 arm=self_refine real_lme_00308_gpt4_4929293a seed=0: per_fault={'ctx': True, 'bullets': True, 'concise': True} all_resolved=True n_resolved=3/3 tokens=(4927,564)
  model=qwen-2.5-7b N=3 arm=self_refine real_lme_00308_gpt4_4929293a seed=1: per_fault={'ctx': True, 'bullets': True, 'concise': True} all_resolved=True n_resolved=3/3 tokens=(4927,564)
  model=qwen-2.5-7b N=3 arm=self_refine real_lme_00308_gpt4_4929293a seed=2: per_fault={'ctx': True, 'bullets': True, 'concise': True} all_resolved=True n_resolved=3/3 tokens=(4976,579)
  model=qwen-2.5-7b N=3 arm=self_refine real_lme_00312_a3332713 seed=0: per_fault={'ctx': False, 'concise': True, 'english': True} all_resolved=False n_resolved=2/3 tokens=(5232,586)
  model=qwen-2.5-7b N=3 arm=self_refine real_lme_00312_a3332713 seed=1: per_fault={'ctx': False, 'concise': True, 'english': True} all_resolved=False n_resolved=2/3 tokens=(5232,586)
  model=qwen-2.5-7b N=3 arm=self_refine real_lme_00312_a3332713 seed=2: per_fault={'ctx': False, 'concise': True, 'english': True} all_resolved=False n_resolved=2/3 tokens=(5238,551)
  model=qwen-2.5-7b N=3 arm=self_refine real_lme_00322_0a34ad58 seed=0: per_fault={'ctx': False, 'concise': True, 'english': True} all_resolved=False n_resolved=2/3 tokens=(6105,638)
  model=qwen-2.5-7b N=3 arm=self_refine real_lme_00322_0a34ad58 seed=1: per_fault={'ctx': False, 'concise': True, 'english': True} all_resolved=False n_resolved=2/3 tokens=(6105,638)
  model=qwen-2.5-7b N=3 arm=self_refine real_lme_00322_0a34ad58 seed=2: per_fault={'ctx': False, 'concise': True, 'english': True} all_resolved=False n_resolved=2/3 tokens=(5920,605)
  model=qwen-2.5-7b N=3 arm=self_refine real_lme_00328_57f827a0 seed=0: per_fault={'ctx': False, 'concise': False, 'preamble': True} all_resolved=False n_resolved=1/3 tokens=(5838,1058)
  model=qwen-2.5-7b N=3 arm=self_refine real_lme_00328_57f827a0 seed=1: per_fault={'ctx': False, 'concise': False, 'preamble': True} all_resolved=False n_resolved=1/3 tokens=(5838,1058)
  model=qwen-2.5-7b N=3 arm=self_refine real_lme_00328_57f827a0 seed=2: per_fault={'ctx': False, 'concise': False, 'preamble': True} all_resolved=False n_resolved=1/3 tokens=(5686,783)
--- [qwen-2.5-7b][self_refine] N=3: rows written=180 errors=0 tokens_in=925934 tokens_out=109994 ---
  model=qwen-2.5-7b N=3 arm=reflexion real_lme_00001_603deb26 seed=0: per_fault={'ctx': True, 'concise': True, 'english': True} all_resolved=True n_resolved=3/3 tokens=(2571,200)
  model=qwen-2.5-7b N=3 arm=reflexion real_lme_00001_603deb26 seed=1: per_fault={'ctx': True, 'concise': True, 'english': True} all_resolved=True n_resolved=3/3 tokens=(2571,200)
  model=qwen-2.5-7b N=3 arm=reflexion real_lme_00001_603deb26 seed=2: per_fault={'ctx': True, 'concise': True, 'english': True} all_resolved=True n_resolved=3/3 tokens=(2571,249)
  model=qwen-2.5-7b N=3 arm=reflexion real_lme_00007_5025383b seed=0: per_fault={'ctx': True, 'bullets': True, 'preamble': True} all_resolved=True n_resolved=3/3 tokens=(2193,186)
  model=qwen-2.5-7b N=3 arm=reflexion real_lme_00007_5025383b seed=1: per_fault={'ctx': True, 'bullets': True, 'preamble': True} all_resolved=True n_resolved=3/3 tokens=(2193,186)
  model=qwen-2.5-7b N=3 arm=reflexion real_lme_00007_5025383b seed=2: per_fault={'ctx': True, 'bullets': True, 'preamble': True} all_resolved=True n_resolved=3/3 tokens=(2193,159)
  model=qwen-2.5-7b N=3 arm=reflexion real_lme_00010_0a34ad58 seed=0: per_fault={'ctx': False, 'concise': False, 'preamble': True} all_resolved=False n_resolved=1/3 tokens=(17367,1933)
  model=qwen-2.5-7b N=3 arm=reflexion real_lme_00010_0a34ad58 seed=1: per_fault={'ctx': False, 'concise': False, 'preamble': True} all_resolved=False n_resolved=1/3 tokens=(17367,1933)
  model=qwen-2.5-7b N=3 arm=reflexion real_lme_00010_0a34ad58 seed=2: per_fault={'ctx': False, 'concise': False, 'preamble': True} all_resolved=False n_resolved=1/3 tokens=(17372,1855)
  model=qwen-2.5-7b N=3 arm=reflexion real_lme_00016_f8c5f88b seed=0: per_fault={'ctx': True, 'bullets': True, 'concise': True} all_resolved=True n_resolved=3/3 tokens=(2427,360)
  model=qwen-2.5-7b N=3 arm=reflexion real_lme_00016_f8c5f88b seed=1: per_fault={'ctx': True, 'bullets': True, 'concise': True} all_resolved=True n_resolved=3/3 tokens=(2427,360)
  model=qwen-2.5-7b N=3 arm=reflexion real_lme_00016_f8c5f88b seed=2: per_fault={'ctx': True, 'bullets': True, 'concise': True} all_resolved=True n_resolved=3/3 tokens=(2427,354)
  model=qwen-2.5-7b N=3 arm=reflexion real_lme_00018_gpt4_d31cdae3 seed=0: per_fault={'ctx': False, 'concise': True, 'english': True} all_resolved=False n_resolved=2/3 tokens=(13734,816)
  model=qwen-2.5-7b N=3 arm=reflexion real_lme_00018_gpt4_d31cdae3 seed=1: per_fault={'ctx': False, 'concise': True, 'english': True} all_resolved=False n_resolved=2/3 tokens=(13734,816)
  model=qwen-2.5-7b N=3 arm=reflexion real_lme_00018_gpt4_d31cdae3 seed=2: per_fault={'ctx': False, 'concise': True, 'english': True} all_resolved=False n_resolved=2/3 tokens=(13762,885)
  model=qwen-2.5-7b N=3 arm=reflexion real_lme_00032_22d2cb42 seed=0: per_fault={'ctx': False, 'english': True, 'preamble': True} all_resolved=False n_resolved=2/3 tokens=(12325,594)
  model=qwen-2.5-7b N=3 arm=reflexion real_lme_00032_22d2cb42 seed=1: per_fault={'ctx': False, 'english': True, 'preamble': True} all_resolved=False n_resolved=2/3 tokens=(12325,594)
  model=qwen-2.5-7b N=3 arm=reflexion real_lme_00032_22d2cb42 seed=2: per_fault={'ctx': False, 'english': True, 'preamble': True} all_resolved=False n_resolved=2/3 tokens=(12396,632)
  model=qwen-2.5-7b N=3 arm=reflexion real_lme_00043_c2ac3c61 seed=0: per_fault={'ctx': True, 'bullets': True, 'concise': True} all_resolved=True n_resolved=3/3 tokens=(2375,211)
  model=qwen-2.5-7b N=3 arm=reflexion real_lme_00043_c2ac3c61 seed=1: per_fault={'ctx': True, 'bullets': True, 'concise': True} all_resolved=True n_resolved=3/3 tokens=(2375,211)
  model=qwen-2.5-7b N=3 arm=reflexion real_lme_00043_c2ac3c61 seed=2: per_fault={'ctx': True, 'bullets': True, 'concise': True} all_resolved=True n_resolved=3/3 tokens=(2375,209)
  model=qwen-2.5-7b N=3 arm=reflexion real_lme_00049_0862e8bf_abs seed=0: per_fault={'ctx': False, 'concise': True, 'english': True} all_resolved=False n_resolved=2/3 tokens=(13419,460)
  model=qwen-2.5-7b N=3 arm=reflexion real_lme_00049_0862e8bf_abs seed=1: per_fault={'ctx': False, 'concise': True, 'english': True} all_resolved=False n_resolved=2/3 tokens=(13419,460)
  model=qwen-2.5-7b N=3 arm=reflexion real_lme_00049_0862e8bf_abs seed=2: per_fault={'ctx': False, 'concise': True, 'english': True} all_resolved=False n_resolved=2/3 tokens=(13393,425)
  model=qwen-2.5-7b N=3 arm=reflexion real_lme_00053_21d02d0d seed=0: per_fault={'ctx': True, 'bullets': True, 'concise': True} all_resolved=True n_resolved=3/3 tokens=(2447,163)
  model=qwen-2.5-7b N=3 arm=reflexion real_lme_00053_21d02d0d seed=1: per_fault={'ctx': True, 'bullets': True, 'concise': True} all_resolved=True n_resolved=3/3 tokens=(2447,163)
  model=qwen-2.5-7b N=3 arm=reflexion real_lme_00053_21d02d0d seed=2: per_fault={'ctx': True, 'bullets': True, 'concise': True} all_resolved=True n_resolved=3/3 tokens=(2447,163)
  model=qwen-2.5-7b N=3 arm=reflexion real_lme_00059_2ebe6c90 seed=0: per_fault={'ctx': False, 'concise': True, 'english': True} all_resolved=False n_resolved=2/3 tokens=(13252,1054)
  model=qwen-2.5-7b N=3 arm=reflexion real_lme_00059_2ebe6c90 seed=1: per_fault={'ctx': False, 'concise': True, 'english': True} all_resolved=False n_resolved=2/3 tokens=(13252,1054)
  model=qwen-2.5-7b N=3 arm=reflexion real_lme_00059_2ebe6c90 seed=2: per_fault={'ctx': False, 'concise': True, 'english': True} all_resolved=False n_resolved=2/3 tokens=(13430,1172)
  model=qwen-2.5-7b N=3 arm=reflexion real_lme_00069_gpt4_31ff4165 seed=0: per_fault={'ctx': True, 'bullets': True, 'concise': False} all_resolved=False n_resolved=2/3 tokens=(2554,315)
  model=qwen-2.5-7b N=3 arm=reflexion real_lme_00069_gpt4_31ff4165 seed=1: per_fault={'ctx': True, 'bullets': True, 'concise': False} all_resolved=False n_resolved=2/3 tokens=(2554,315)
  model=qwen-2.5-7b N=3 arm=reflexion real_lme_00069_gpt4_31ff4165 seed=2: per_fault={'ctx': True, 'bullets': True, 'concise': True} all_resolved=True n_resolved=3/3 tokens=(2554,144)
  model=qwen-2.5-7b N=3 arm=reflexion real_lme_00076_f4f1d8a4_abs seed=0: per_fault={'ctx': True, 'bullets': True, 'preamble': True} all_resolved=True n_resolved=3/3 tokens=(2623,201)
  model=qwen-2.5-7b N=3 arm=reflexion real_lme_00076_f4f1d8a4_abs seed=1: per_fault={'ctx': True, 'bullets': True, 'preamble': True} all_resolved=True n_resolved=3/3 tokens=(2623,201)
  model=qwen-2.5-7b N=3 arm=reflexion real_lme_00076_f4f1d8a4_abs seed=2: per_fault={'ctx': True, 'bullets': True, 'preamble': True} all_resolved=True n_resolved=3/3 tokens=(2623,200)
  model=qwen-2.5-7b N=3 arm=reflexion real_lme_00081_afdc33df seed=0: per_fault={'ctx': False, 'concise': True, 'english': True} all_resolved=False n_resolved=2/3 tokens=(16715,1559)
  model=qwen-2.5-7b N=3 arm=reflexion real_lme_00081_afdc33df seed=1: per_fault={'ctx': False, 'concise': True, 'english': True} all_resolved=False n_resolved=2/3 tokens=(16715,1559)
  model=qwen-2.5-7b N=3 arm=reflexion real_lme_00081_afdc33df seed=2: per_fault={'ctx': False, 'concise': True, 'english': True} all_resolved=False n_resolved=2/3 tokens=(15803,1053)
  model=qwen-2.5-7b N=3 arm=reflexion real_lme_00085_a11281a2 seed=0: per_fault={'ctx': True, 'concise': True, 'preamble': True} all_resolved=True n_resolved=3/3 tokens=(2136,221)
  model=qwen-2.5-7b N=3 arm=reflexion real_lme_00085_a11281a2 seed=1: per_fault={'ctx': True, 'concise': True, 'preamble': True} all_resolved=True n_resolved=3/3 tokens=(2136,221)
  model=qwen-2.5-7b N=3 arm=reflexion real_lme_00085_a11281a2 seed=2: per_fault={'ctx': True, 'concise': True, 'preamble': True} all_resolved=True n_resolved=3/3 tokens=(2136,172)
  model=qwen-2.5-7b N=3 arm=reflexion real_lme_00086_af082822 seed=0: per_fault={'ctx': True, 'concise': True, 'english': True} all_resolved=True n_resolved=3/3 tokens=(7259,486)
  model=qwen-2.5-7b N=3 arm=reflexion real_lme_00086_af082822 seed=1: per_fault={'ctx': True, 'concise': True, 'english': True} all_resolved=True n_resolved=3/3 tokens=(7259,486)
  model=qwen-2.5-7b N=3 arm=reflexion real_lme_00086_af082822 seed=2: per_fault={'ctx': False, 'concise': True, 'english': True} all_resolved=False n_resolved=2/3 tokens=(12651,739)
  model=qwen-2.5-7b N=3 arm=reflexion real_lme_00087_3b6f954b seed=0: per_fault={'ctx': True, 'concise': True, 'preamble': True} all_resolved=True n_resolved=3/3 tokens=(2329,197)
  model=qwen-2.5-7b N=3 arm=reflexion real_lme_00087_3b6f954b seed=1: per_fault={'ctx': True, 'concise': True, 'preamble': True} all_resolved=True n_resolved=3/3 tokens=(2329,197)
  model=qwen-2.5-7b N=3 arm=reflexion real_lme_00087_3b6f954b seed=2: per_fault={'ctx': True, 'concise': True, 'preamble': True} all_resolved=True n_resolved=3/3 tokens=(2329,221)
  model=qwen-2.5-7b N=3 arm=reflexion real_lme_00093_545bd2b5 seed=0: per_fault={'ctx': True, 'bullets': True, 'concise': True} all_resolved=True n_resolved=3/3 tokens=(2359,295)
  model=qwen-2.5-7b N=3 arm=reflexion real_lme_00093_545bd2b5 seed=1: per_fault={'ctx': True, 'bullets': True, 'concise': True} all_resolved=True n_resolved=3/3 tokens=(2359,295)
  model=qwen-2.5-7b N=3 arm=reflexion real_lme_00093_545bd2b5 seed=2: per_fault={'ctx': True, 'bullets': True, 'concise': True} all_resolved=True n_resolved=3/3 tokens=(2359,275)
  model=qwen-2.5-7b N=3 arm=reflexion real_lme_00110_gpt4_1a1dc16d seed=0: per_fault={'ctx': True, 'concise': True, 'preamble': True} all_resolved=True n_resolved=3/3 tokens=(2407,228)
  model=qwen-2.5-7b N=3 arm=reflexion real_lme_00110_gpt4_1a1dc16d seed=1: per_fault={'ctx': True, 'concise': True, 'preamble': True} all_resolved=True n_resolved=3/3 tokens=(2407,228)
  model=qwen-2.5-7b N=3 arm=reflexion real_lme_00110_gpt4_1a1dc16d seed=2: per_fault={'ctx': True, 'concise': True, 'preamble': True} all_resolved=True n_resolved=3/3 tokens=(2407,228)
  model=qwen-2.5-7b N=3 arm=reflexion real_lme_00119_c6853660 seed=0: per_fault={'ctx': True, 'bullets': True, 'preamble': True} all_resolved=True n_resolved=3/3 tokens=(2418,217)
  model=qwen-2.5-7b N=3 arm=reflexion real_lme_00119_c6853660 seed=1: per_fault={'ctx': True, 'bullets': True, 'preamble': True} all_resolved=True n_resolved=3/3 tokens=(2418,217)
  model=qwen-2.5-7b N=3 arm=reflexion real_lme_00119_c6853660 seed=2: per_fault={'ctx': True, 'bullets': True, 'preamble': True} all_resolved=True n_resolved=3/3 tokens=(2418,284)
  model=qwen-2.5-7b N=3 arm=reflexion real_lme_00120_42ec0761 seed=0: per_fault={'ctx': True, 'bullets': True, 'concise': True} all_resolved=True n_resolved=3/3 tokens=(2467,204)
  model=qwen-2.5-7b N=3 arm=reflexion real_lme_00120_42ec0761 seed=1: per_fault={'ctx': True, 'bullets': True, 'concise': True} all_resolved=True n_resolved=3/3 tokens=(2467,204)
  model=qwen-2.5-7b N=3 arm=reflexion real_lme_00120_42ec0761 seed=2: per_fault={'ctx': True, 'bullets': True, 'concise': True} all_resolved=True n_resolved=3/3 tokens=(2467,205)
  model=qwen-2.5-7b N=3 arm=reflexion real_lme_00122_0a34ad58 seed=0: per_fault={'ctx': False, 'bullets': True, 'preamble': True} all_resolved=False n_resolved=2/3 tokens=(15475,1368)
  model=qwen-2.5-7b N=3 arm=reflexion real_lme_00122_0a34ad58 seed=1: per_fault={'ctx': False, 'bullets': True, 'preamble': True} all_resolved=False n_resolved=2/3 tokens=(15475,1368)
  model=qwen-2.5-7b N=3 arm=reflexion real_lme_00122_0a34ad58 seed=2: per_fault={'ctx': False, 'bullets': True, 'preamble': True} all_resolved=False n_resolved=2/3 tokens=(15056,1114)
  model=qwen-2.5-7b N=3 arm=reflexion real_lme_00123_ceb54acb seed=0: per_fault={'ctx': False, 'english': True, 'preamble': True} all_resolved=False n_resolved=2/3 tokens=(10415,856)
  model=qwen-2.5-7b N=3 arm=reflexion real_lme_00123_ceb54acb seed=1: per_fault={'ctx': False, 'english': True, 'preamble': True} all_resolved=False n_resolved=2/3 tokens=(10415,856)
  model=qwen-2.5-7b N=3 arm=reflexion real_lme_00123_ceb54acb seed=2: per_fault={'ctx': False, 'english': True, 'preamble': True} all_resolved=False n_resolved=2/3 tokens=(10370,848)
  model=qwen-2.5-7b N=3 arm=reflexion real_lme_00133_71a3fd6b seed=0: per_fault={'ctx': True, 'bullets': True, 'concise': True} all_resolved=True n_resolved=3/3 tokens=(1813,289)
  model=qwen-2.5-7b N=3 arm=reflexion real_lme_00133_71a3fd6b seed=1: per_fault={'ctx': True, 'bullets': True, 'concise': True} all_resolved=True n_resolved=3/3 tokens=(1813,289)
  model=qwen-2.5-7b N=3 arm=reflexion real_lme_00133_71a3fd6b seed=2: per_fault={'ctx': True, 'bullets': True, 'concise': True} all_resolved=True n_resolved=3/3 tokens=(1813,253)
  model=qwen-2.5-7b N=3 arm=reflexion real_lme_00135_129d1232 seed=0: per_fault={'ctx': False, 'concise': True, 'english': True} all_resolved=False n_resolved=2/3 tokens=(13191,659)
  model=qwen-2.5-7b N=3 arm=reflexion real_lme_00135_129d1232 seed=1: per_fault={'ctx': False, 'concise': True, 'english': True} all_resolved=False n_resolved=2/3 tokens=(13191,659)
  model=qwen-2.5-7b N=3 arm=reflexion real_lme_00135_129d1232 seed=2: per_fault={'ctx': True, 'concise': True, 'english': True} all_resolved=True n_resolved=3/3 tokens=(7673,391)
  model=qwen-2.5-7b N=3 arm=reflexion real_lme_00144_7a87bd0c seed=0: per_fault={'ctx': True, 'bullets': True, 'preamble': True} all_resolved=True n_resolved=3/3 tokens=(2511,262)
  model=qwen-2.5-7b N=3 arm=reflexion real_lme_00144_7a87bd0c seed=1: per_fault={'ctx': True, 'bullets': True, 'preamble': True} all_resolved=True n_resolved=3/3 tokens=(2511,262)
  model=qwen-2.5-7b N=3 arm=reflexion real_lme_00144_7a87bd0c seed=2: per_fault={'ctx': True, 'bullets': True, 'preamble': True} all_resolved=True n_resolved=3/3 tokens=(2511,204)
  model=qwen-2.5-7b N=3 arm=reflexion real_lme_00156_e831120c seed=0: per_fault={'ctx': True, 'concise': False, 'preamble': True} all_resolved=False n_resolved=2/3 tokens=(2752,490)
  model=qwen-2.5-7b N=3 arm=reflexion real_lme_00156_e831120c seed=1: per_fault={'ctx': True, 'concise': False, 'preamble': True} all_resolved=False n_resolved=2/3 tokens=(2752,490)
  model=qwen-2.5-7b N=3 arm=reflexion real_lme_00156_e831120c seed=2: per_fault={'ctx': True, 'concise': False, 'preamble': True} all_resolved=False n_resolved=2/3 tokens=(2752,295)
  model=qwen-2.5-7b N=3 arm=reflexion real_lme_00168_gpt4_68e94287 seed=0: per_fault={'ctx': True, 'bullets': True, 'concise': True} all_resolved=True n_resolved=3/3 tokens=(2728,213)
  model=qwen-2.5-7b N=3 arm=reflexion real_lme_00168_gpt4_68e94287 seed=1: per_fault={'ctx': True, 'bullets': True, 'concise': True} all_resolved=True n_resolved=3/3 tokens=(2728,213)
  model=qwen-2.5-7b N=3 arm=reflexion real_lme_00168_gpt4_68e94287 seed=2: per_fault={'ctx': True, 'bullets': True, 'concise': True} all_resolved=True n_resolved=3/3 tokens=(2728,148)
  model=qwen-2.5-7b N=3 arm=reflexion real_lme_00183_8464fc84 seed=0: per_fault={'ctx': True, 'concise': True, 'preamble': True} all_resolved=True n_resolved=3/3 tokens=(2429,88)
  model=qwen-2.5-7b N=3 arm=reflexion real_lme_00183_8464fc84 seed=1: per_fault={'ctx': True, 'concise': True, 'preamble': True} all_resolved=True n_resolved=3/3 tokens=(2429,88)
  model=qwen-2.5-7b N=3 arm=reflexion real_lme_00183_8464fc84 seed=2: per_fault={'ctx': True, 'concise': True, 'preamble': True} all_resolved=True n_resolved=3/3 tokens=(2429,272)
  model=qwen-2.5-7b N=3 arm=reflexion real_lme_00184_45dc21b6 seed=0: per_fault={'ctx': True, 'concise': True, 'preamble': True} all_resolved=True n_resolved=3/3 tokens=(2320,235)
  model=qwen-2.5-7b N=3 arm=reflexion real_lme_00184_45dc21b6 seed=1: per_fault={'ctx': True, 'concise': True, 'preamble': True} all_resolved=True n_resolved=3/3 tokens=(2320,235)
  model=qwen-2.5-7b N=3 arm=reflexion real_lme_00184_45dc21b6 seed=2: per_fault={'ctx': True, 'concise': True, 'preamble': True} all_resolved=True n_resolved=3/3 tokens=(2320,192)
  model=qwen-2.5-7b N=3 arm=reflexion real_lme_00191_993da5e2 seed=0: per_fault={'ctx': False, 'english': True, 'preamble': True} all_resolved=False n_resolved=2/3 tokens=(14057,701)
  model=qwen-2.5-7b N=3 arm=reflexion real_lme_00191_993da5e2 seed=1: per_fault={'ctx': False, 'english': True, 'preamble': True} all_resolved=False n_resolved=2/3 tokens=(14057,701)
  model=qwen-2.5-7b N=3 arm=reflexion real_lme_00191_993da5e2 seed=2: per_fault={'ctx': False, 'english': True, 'preamble': True} all_resolved=False n_resolved=2/3 tokens=(14054,718)
  model=qwen-2.5-7b N=3 arm=reflexion real_lme_00195_gpt4_1d80365e seed=0: per_fault={'ctx': False, 'concise': True, 'preamble': True} all_resolved=False n_resolved=2/3 tokens=(13757,1063)
  model=qwen-2.5-7b N=3 arm=reflexion real_lme_00195_gpt4_1d80365e seed=1: per_fault={'ctx': False, 'concise': True, 'preamble': True} all_resolved=False n_resolved=2/3 tokens=(13757,1063)
  model=qwen-2.5-7b N=3 arm=reflexion real_lme_00195_gpt4_1d80365e seed=2: per_fault={'ctx': False, 'concise': True, 'preamble': True} all_resolved=False n_resolved=2/3 tokens=(13440,906)
  model=qwen-2.5-7b N=3 arm=reflexion real_lme_00197_gpt4_213fd887 seed=0: per_fault={'ctx': True, 'concise': True, 'preamble': True} all_resolved=True n_resolved=3/3 tokens=(2539,260)
  model=qwen-2.5-7b N=3 arm=reflexion real_lme_00197_gpt4_213fd887 seed=1: per_fault={'ctx': True, 'concise': True, 'preamble': True} all_resolved=True n_resolved=3/3 tokens=(2539,260)
  model=qwen-2.5-7b N=3 arm=reflexion real_lme_00197_gpt4_213fd887 seed=2: per_fault={'ctx': True, 'concise': True, 'preamble': True} all_resolved=True n_resolved=3/3 tokens=(2539,189)
  model=qwen-2.5-7b N=3 arm=reflexion real_lme_00198_gpt4_d6585ce8 seed=0: per_fault={'ctx': False, 'concise': False, 'preamble': True} all_resolved=False n_resolved=1/3 tokens=(17239,1792)
  model=qwen-2.5-7b N=3 arm=reflexion real_lme_00198_gpt4_d6585ce8 seed=1: per_fault={'ctx': False, 'concise': False, 'preamble': True} all_resolved=False n_resolved=1/3 tokens=(17239,1792)
  model=qwen-2.5-7b N=3 arm=reflexion real_lme_00198_gpt4_d6585ce8 seed=2: per_fault={'ctx': True, 'concise': False, 'preamble': True} all_resolved=False n_resolved=2/3 tokens=(2852,382)
  model=qwen-2.5-7b N=3 arm=reflexion real_lme_00209_7e974930 seed=0: per_fault={'ctx': False, 'concise': True, 'english': True} all_resolved=False n_resolved=2/3 tokens=(13972,936)
  model=qwen-2.5-7b N=3 arm=reflexion real_lme_00209_7e974930 seed=1: per_fault={'ctx': False, 'concise': True, 'english': True} all_resolved=False n_resolved=2/3 tokens=(13972,936)
  model=qwen-2.5-7b N=3 arm=reflexion real_lme_00209_7e974930 seed=2: per_fault={'ctx': False, 'concise': True, 'english': True} all_resolved=False n_resolved=2/3 tokens=(13566,722)
  model=qwen-2.5-7b N=3 arm=reflexion real_lme_00212_e01b8e2f seed=0: per_fault={'ctx': True, 'concise': True, 'preamble': True} all_resolved=True n_resolved=3/3 tokens=(2370,200)
  model=qwen-2.5-7b N=3 arm=reflexion real_lme_00212_e01b8e2f seed=1: per_fault={'ctx': True, 'concise': True, 'preamble': True} all_resolved=True n_resolved=3/3 tokens=(2370,200)
  model=qwen-2.5-7b N=3 arm=reflexion real_lme_00212_e01b8e2f seed=2: per_fault={'ctx': True, 'concise': True, 'preamble': True} all_resolved=True n_resolved=3/3 tokens=(2370,156)
  model=qwen-2.5-7b N=3 arm=reflexion real_lme_00216_2698e78f_abs seed=0: per_fault={'ctx': True, 'bullets': True, 'concise': False} all_resolved=False n_resolved=2/3 tokens=(2285,212)
  model=qwen-2.5-7b N=3 arm=reflexion real_lme_00216_2698e78f_abs seed=1: per_fault={'ctx': True, 'bullets': True, 'concise': False} all_resolved=False n_resolved=2/3 tokens=(2285,212)
  model=qwen-2.5-7b N=3 arm=reflexion real_lme_00216_2698e78f_abs seed=2: per_fault={'ctx': True, 'bullets': True, 'concise': False} all_resolved=False n_resolved=2/3 tokens=(2285,213)
  model=qwen-2.5-7b N=3 arm=reflexion real_lme_00220_gpt4_2312f94c seed=0: per_fault={'ctx': True, 'bullets': True, 'concise': True} all_resolved=True n_resolved=3/3 tokens=(2556,157)
  model=qwen-2.5-7b N=3 arm=reflexion real_lme_00220_gpt4_2312f94c seed=1: per_fault={'ctx': True, 'bullets': True, 'concise': True} all_resolved=True n_resolved=3/3 tokens=(2556,157)
  model=qwen-2.5-7b N=3 arm=reflexion real_lme_00220_gpt4_2312f94c seed=2: per_fault={'ctx': True, 'bullets': True, 'concise': True} all_resolved=True n_resolved=3/3 tokens=(2556,170)
  model=qwen-2.5-7b N=3 arm=reflexion real_lme_00222_3f1e9474 seed=0: per_fault={'ctx': True, 'concise': True, 'preamble': True} all_resolved=True n_resolved=3/3 tokens=(2375,232)
  model=qwen-2.5-7b N=3 arm=reflexion real_lme_00222_3f1e9474 seed=1: per_fault={'ctx': True, 'concise': True, 'preamble': True} all_resolved=True n_resolved=3/3 tokens=(2375,232)
  model=qwen-2.5-7b N=3 arm=reflexion real_lme_00222_3f1e9474 seed=2: per_fault={'ctx': True, 'concise': True, 'preamble': True} all_resolved=True n_resolved=3/3 tokens=(2375,124)
  model=qwen-2.5-7b N=3 arm=reflexion real_lme_00224_dccbc061 seed=0: per_fault={'ctx': True, 'bullets': True, 'concise': True} all_resolved=True n_resolved=3/3 tokens=(2131,84)
  model=qwen-2.5-7b N=3 arm=reflexion real_lme_00224_dccbc061 seed=1: per_fault={'ctx': True, 'bullets': True, 'concise': True} all_resolved=True n_resolved=3/3 tokens=(2131,84)
  model=qwen-2.5-7b N=3 arm=reflexion real_lme_00224_dccbc061 seed=2: per_fault={'ctx': True, 'bullets': True, 'concise': True} all_resolved=True n_resolved=3/3 tokens=(2131,84)
  model=qwen-2.5-7b N=3 arm=reflexion real_lme_00226_b759caee seed=0: per_fault={'ctx': True, 'bullets': True, 'concise': True} all_resolved=True n_resolved=3/3 tokens=(2034,176)
  model=qwen-2.5-7b N=3 arm=reflexion real_lme_00226_b759caee seed=1: per_fault={'ctx': True, 'bullets': True, 'concise': True} all_resolved=True n_resolved=3/3 tokens=(2034,176)
  model=qwen-2.5-7b N=3 arm=reflexion real_lme_00226_b759caee seed=2: per_fault={'ctx': True, 'bullets': True, 'concise': True} all_resolved=True n_resolved=3/3 tokens=(2034,171)
  model=qwen-2.5-7b N=3 arm=reflexion real_lme_00227_8aef76bc seed=0: per_fault={'ctx': True, 'bullets': True, 'preamble': True} all_resolved=True n_resolved=3/3 tokens=(2079,258)
  model=qwen-2.5-7b N=3 arm=reflexion real_lme_00227_8aef76bc seed=1: per_fault={'ctx': True, 'bullets': True, 'preamble': True} all_resolved=True n_resolved=3/3 tokens=(2079,258)
  model=qwen-2.5-7b N=3 arm=reflexion real_lme_00227_8aef76bc seed=2: per_fault={'ctx': True, 'bullets': True, 'preamble': True} all_resolved=True n_resolved=3/3 tokens=(2079,225)
  model=qwen-2.5-7b N=3 arm=reflexion real_lme_00232_gpt4_59c863d7 seed=0: per_fault={'ctx': False, 'concise': False, 'english': True} all_resolved=False n_resolved=1/3 tokens=(16652,1292)
  model=qwen-2.5-7b N=3 arm=reflexion real_lme_00232_gpt4_59c863d7 seed=1: per_fault={'ctx': False, 'concise': False, 'english': True} all_resolved=False n_resolved=1/3 tokens=(16652,1292)
  model=qwen-2.5-7b N=3 arm=reflexion real_lme_00232_gpt4_59c863d7 seed=2: per_fault={'ctx': False, 'concise': False, 'english': True} all_resolved=False n_resolved=1/3 tokens=(16512,1352)
  model=qwen-2.5-7b N=3 arm=reflexion real_lme_00240_09ba9854 seed=0: per_fault={'ctx': True, 'concise': True, 'preamble': True} all_resolved=True n_resolved=3/3 tokens=(8597,853)
  model=qwen-2.5-7b N=3 arm=reflexion real_lme_00240_09ba9854 seed=1: per_fault={'ctx': True, 'concise': True, 'preamble': True} all_resolved=True n_resolved=3/3 tokens=(8597,853)
  model=qwen-2.5-7b N=3 arm=reflexion real_lme_00240_09ba9854 seed=2: per_fault={'ctx': True, 'concise': True, 'preamble': True} all_resolved=True n_resolved=3/3 tokens=(8943,1066)
  model=qwen-2.5-7b N=3 arm=reflexion real_lme_00247_1d4da289 seed=0: per_fault={'ctx': False, 'bullets': True, 'concise': False} all_resolved=False n_resolved=1/3 tokens=(12410,749)
  model=qwen-2.5-7b N=3 arm=reflexion real_lme_00247_1d4da289 seed=1: per_fault={'ctx': False, 'bullets': True, 'concise': False} all_resolved=False n_resolved=1/3 tokens=(12410,749)
  model=qwen-2.5-7b N=3 arm=reflexion real_lme_00247_1d4da289 seed=2: per_fault={'ctx': True, 'bullets': True, 'concise': True} all_resolved=True n_resolved=3/3 tokens=(12438,786)
  model=qwen-2.5-7b N=3 arm=reflexion real_lme_00254_ba358f49 seed=0: per_fault={'ctx': False, 'bullets': True, 'concise': True} all_resolved=False n_resolved=2/3 tokens=(12695,993)
  model=qwen-2.5-7b N=3 arm=reflexion real_lme_00254_ba358f49 seed=1: per_fault={'ctx': False, 'bullets': True, 'concise': True} all_resolved=False n_resolved=2/3 tokens=(12695,993)
  model=qwen-2.5-7b N=3 arm=reflexion real_lme_00254_ba358f49 seed=2: per_fault={'ctx': True, 'bullets': True, 'concise': False} all_resolved=False n_resolved=2/3 tokens=(12817,1056)
  model=qwen-2.5-7b N=3 arm=reflexion real_lme_00257_10e09553 seed=0: per_fault={'ctx': True, 'concise': True, 'preamble': True} all_resolved=True n_resolved=3/3 tokens=(2470,190)
  model=qwen-2.5-7b N=3 arm=reflexion real_lme_00257_10e09553 seed=1: per_fault={'ctx': True, 'concise': True, 'preamble': True} all_resolved=True n_resolved=3/3 tokens=(2470,190)
  model=qwen-2.5-7b N=3 arm=reflexion real_lme_00257_10e09553 seed=2: per_fault={'ctx': True, 'concise': True, 'preamble': True} all_resolved=True n_resolved=3/3 tokens=(2470,190)
  model=qwen-2.5-7b N=3 arm=reflexion real_lme_00258_gpt4_93159ced_abs seed=0: per_fault={'ctx': False, 'english': True, 'preamble': True} all_resolved=False n_resolved=2/3 tokens=(13203,694)
  model=qwen-2.5-7b N=3 arm=reflexion real_lme_00258_gpt4_93159ced_abs seed=1: per_fault={'ctx': False, 'english': True, 'preamble': True} all_resolved=False n_resolved=2/3 tokens=(13203,694)
  model=qwen-2.5-7b N=3 arm=reflexion real_lme_00258_gpt4_93159ced_abs seed=2: per_fault={'ctx': False, 'english': True, 'preamble': True} all_resolved=False n_resolved=2/3 tokens=(13169,669)
  model=qwen-2.5-7b N=3 arm=reflexion real_lme_00263_2698e78f seed=0: per_fault={'ctx': True, 'bullets': True, 'concise': False} all_resolved=False n_resolved=2/3 tokens=(2417,249)
  model=qwen-2.5-7b N=3 arm=reflexion real_lme_00263_2698e78f seed=1: per_fault={'ctx': True, 'bullets': True, 'concise': False} all_resolved=False n_resolved=2/3 tokens=(2417,249)
  model=qwen-2.5-7b N=3 arm=reflexion real_lme_00263_2698e78f seed=2: per_fault={'ctx': True, 'bullets': True, 'concise': False} all_resolved=False n_resolved=2/3 tokens=(13969,1198)
  model=qwen-2.5-7b N=3 arm=reflexion real_lme_00264_7161e7e2 seed=0: per_fault={'ctx': False, 'english': True, 'preamble': True} all_resolved=False n_resolved=2/3 tokens=(15543,907)
  model=qwen-2.5-7b N=3 arm=reflexion real_lme_00264_7161e7e2 seed=1: per_fault={'ctx': False, 'english': True, 'preamble': True} all_resolved=False n_resolved=2/3 tokens=(15543,907)
  model=qwen-2.5-7b N=3 arm=reflexion real_lme_00264_7161e7e2 seed=2: per_fault={'ctx': False, 'english': True, 'preamble': True} all_resolved=False n_resolved=2/3 tokens=(15514,891)
  model=qwen-2.5-7b N=3 arm=reflexion real_lme_00267_8550ddae seed=0: per_fault={'ctx': False, 'concise': True, 'english': True} all_resolved=False n_resolved=2/3 tokens=(13029,827)
  model=qwen-2.5-7b N=3 arm=reflexion real_lme_00267_8550ddae seed=1: per_fault={'ctx': False, 'concise': True, 'english': True} all_resolved=False n_resolved=2/3 tokens=(13029,827)
  model=qwen-2.5-7b N=3 arm=reflexion real_lme_00267_8550ddae seed=2: per_fault={'ctx': False, 'concise': True, 'english': True} all_resolved=False n_resolved=2/3 tokens=(13191,987)
  model=qwen-2.5-7b N=3 arm=reflexion real_lme_00279_6222b6eb seed=0: per_fault={'ctx': False, 'concise': True, 'english': True} all_resolved=False n_resolved=2/3 tokens=(14092,1195)
  model=qwen-2.5-7b N=3 arm=reflexion real_lme_00279_6222b6eb seed=1: per_fault={'ctx': False, 'concise': True, 'english': True} all_resolved=False n_resolved=2/3 tokens=(14092,1195)
  model=qwen-2.5-7b N=3 arm=reflexion real_lme_00279_6222b6eb seed=2: per_fault={'ctx': False, 'concise': True, 'english': True} all_resolved=False n_resolved=2/3 tokens=(14247,1296)
  model=qwen-2.5-7b N=3 arm=reflexion real_lme_00285_a96c20ee_abs seed=0: per_fault={'ctx': True, 'concise': False, 'preamble': True} all_resolved=False n_resolved=2/3 tokens=(2168,271)
  model=qwen-2.5-7b N=3 arm=reflexion real_lme_00285_a96c20ee_abs seed=1: per_fault={'ctx': True, 'concise': False, 'preamble': True} all_resolved=False n_resolved=2/3 tokens=(2168,271)
  model=qwen-2.5-7b N=3 arm=reflexion real_lme_00285_a96c20ee_abs seed=2: per_fault={'ctx': True, 'concise': True, 'preamble': True} all_resolved=True n_resolved=3/3 tokens=(2168,278)
  model=qwen-2.5-7b N=3 arm=reflexion real_lme_00288_c8090214_abs seed=0: per_fault={'ctx': False, 'concise': True, 'english': True} all_resolved=False n_resolved=2/3 tokens=(13739,713)
  model=qwen-2.5-7b N=3 arm=reflexion real_lme_00288_c8090214_abs seed=1: per_fault={'ctx': False, 'concise': True, 'english': True} all_resolved=False n_resolved=2/3 tokens=(13739,713)
  model=qwen-2.5-7b N=3 arm=reflexion real_lme_00288_c8090214_abs seed=2: per_fault={'ctx': False, 'concise': True, 'english': True} all_resolved=False n_resolved=2/3 tokens=(13709,691)
  model=qwen-2.5-7b N=3 arm=reflexion real_lme_00293_27016adc seed=0: per_fault={'ctx': True, 'bullets': True, 'concise': True} all_resolved=True n_resolved=3/3 tokens=(2369,365)
  model=qwen-2.5-7b N=3 arm=reflexion real_lme_00293_27016adc seed=1: per_fault={'ctx': True, 'bullets': True, 'concise': True} all_resolved=True n_resolved=3/3 tokens=(2369,365)
  model=qwen-2.5-7b N=3 arm=reflexion real_lme_00293_27016adc seed=2: per_fault={'ctx': True, 'bullets': True, 'concise': True} all_resolved=True n_resolved=3/3 tokens=(2369,382)
  model=qwen-2.5-7b N=3 arm=reflexion real_lme_00300_c9f37c46 seed=0: per_fault={'ctx': False, 'english': True, 'preamble': True} all_resolved=False n_resolved=2/3 tokens=(12376,665)
  model=qwen-2.5-7b N=3 arm=reflexion real_lme_00300_c9f37c46 seed=1: per_fault={'ctx': False, 'english': True, 'preamble': True} all_resolved=False n_resolved=2/3 tokens=(12376,665)
  model=qwen-2.5-7b N=3 arm=reflexion real_lme_00300_c9f37c46 seed=2: per_fault={'ctx': False, 'english': True, 'preamble': True} all_resolved=False n_resolved=2/3 tokens=(12380,666)
  model=qwen-2.5-7b N=3 arm=reflexion real_lme_00306_gpt4_2f56ae70 seed=0: per_fault={'ctx': True, 'concise': True, 'preamble': True} all_resolved=True n_resolved=3/3 tokens=(2205,221)
  model=qwen-2.5-7b N=3 arm=reflexion real_lme_00306_gpt4_2f56ae70 seed=1: per_fault={'ctx': True, 'concise': True, 'preamble': True} all_resolved=True n_resolved=3/3 tokens=(2205,221)
  model=qwen-2.5-7b N=3 arm=reflexion real_lme_00306_gpt4_2f56ae70 seed=2: per_fault={'ctx': True, 'concise': True, 'preamble': True} all_resolved=True n_resolved=3/3 tokens=(2205,232)
  model=qwen-2.5-7b N=3 arm=reflexion real_lme_00308_gpt4_4929293a seed=0: per_fault={'ctx': True, 'bullets': True, 'concise': True} all_resolved=True n_resolved=3/3 tokens=(2321,197)
  model=qwen-2.5-7b N=3 arm=reflexion real_lme_00308_gpt4_4929293a seed=1: per_fault={'ctx': True, 'bullets': True, 'concise': True} all_resolved=True n_resolved=3/3 tokens=(2321,197)
  model=qwen-2.5-7b N=3 arm=reflexion real_lme_00308_gpt4_4929293a seed=2: per_fault={'ctx': True, 'bullets': True, 'concise': False} all_resolved=False n_resolved=2/3 tokens=(2321,274)
  model=qwen-2.5-7b N=3 arm=reflexion real_lme_00312_a3332713 seed=0: per_fault={'ctx': False, 'concise': True, 'english': True} all_resolved=False n_resolved=2/3 tokens=(13811,1225)
  model=qwen-2.5-7b N=3 arm=reflexion real_lme_00312_a3332713 seed=1: per_fault={'ctx': False, 'concise': True, 'english': True} all_resolved=False n_resolved=2/3 tokens=(13811,1225)
  model=qwen-2.5-7b N=3 arm=reflexion real_lme_00312_a3332713 seed=2: per_fault={'ctx': False, 'concise': True, 'english': True} all_resolved=False n_resolved=2/3 tokens=(13841,900)
  model=qwen-2.5-7b N=3 arm=reflexion real_lme_00322_0a34ad58 seed=0: per_fault={'ctx': False, 'concise': True, 'english': True} all_resolved=False n_resolved=2/3 tokens=(16702,1649)
  model=qwen-2.5-7b N=3 arm=reflexion real_lme_00322_0a34ad58 seed=1: per_fault={'ctx': False, 'concise': True, 'english': True} all_resolved=False n_resolved=2/3 tokens=(16702,1649)
  model=qwen-2.5-7b N=3 arm=reflexion real_lme_00322_0a34ad58 seed=2: per_fault={'ctx': False, 'concise': True, 'english': True} all_resolved=False n_resolved=2/3 tokens=(15838,1099)
  model=qwen-2.5-7b N=3 arm=reflexion real_lme_00328_57f827a0 seed=0: per_fault={'ctx': False, 'concise': False, 'preamble': True} all_resolved=False n_resolved=1/3 tokens=(16162,1692)
  model=qwen-2.5-7b N=3 arm=reflexion real_lme_00328_57f827a0 seed=1: per_fault={'ctx': False, 'concise': False, 'preamble': True} all_resolved=False n_resolved=1/3 tokens=(16162,1692)
  model=qwen-2.5-7b N=3 arm=reflexion real_lme_00328_57f827a0 seed=2: per_fault={'ctx': False, 'concise': False, 'preamble': True} all_resolved=False n_resolved=1/3 tokens=(15350,1219)
--- [qwen-2.5-7b][reflexion] N=3: rows written=180 errors=0 tokens_in=1342229 tokens_out=103389 ---
  model=qwen-2.5-7b N=3 arm=full_regen real_lme_00001_603deb26 seed=0: per_fault={'ctx': True, 'concise': True, 'english': True} all_resolved=True n_resolved=3/3 tokens=(5142,397)
  model=qwen-2.5-7b N=3 arm=full_regen real_lme_00001_603deb26 seed=1: per_fault={'ctx': True, 'concise': True, 'english': True} all_resolved=True n_resolved=3/3 tokens=(5142,394)
  model=qwen-2.5-7b N=3 arm=full_regen real_lme_00001_603deb26 seed=2: per_fault={'ctx': True, 'concise': True, 'english': True} all_resolved=True n_resolved=3/3 tokens=(5142,471)
  model=qwen-2.5-7b N=3 arm=full_regen real_lme_00007_5025383b seed=0: per_fault={'ctx': True, 'bullets': True, 'preamble': True} all_resolved=True n_resolved=3/3 tokens=(4386,430)
  model=qwen-2.5-7b N=3 arm=full_regen real_lme_00007_5025383b seed=1: per_fault={'ctx': True, 'bullets': True, 'preamble': True} all_resolved=True n_resolved=3/3 tokens=(4386,370)
  model=qwen-2.5-7b N=3 arm=full_regen real_lme_00007_5025383b seed=2: per_fault={'ctx': True, 'bullets': True, 'preamble': True} all_resolved=True n_resolved=3/3 tokens=(4386,362)
  model=qwen-2.5-7b N=3 arm=full_regen real_lme_00010_0a34ad58 seed=0: per_fault={'ctx': False, 'concise': False, 'preamble': True} all_resolved=False n_resolved=1/3 tokens=(5632,994)
  model=qwen-2.5-7b N=3 arm=full_regen real_lme_00010_0a34ad58 seed=1: per_fault={'ctx': False, 'concise': True, 'preamble': True} all_resolved=False n_resolved=2/3 tokens=(5632,859)
  model=qwen-2.5-7b N=3 arm=full_regen real_lme_00010_0a34ad58 seed=2: per_fault={'ctx': False, 'concise': True, 'preamble': True} all_resolved=False n_resolved=2/3 tokens=(5632,827)
  model=qwen-2.5-7b N=3 arm=full_regen real_lme_00016_f8c5f88b seed=0: per_fault={'ctx': True, 'bullets': True, 'concise': True} all_resolved=True n_resolved=3/3 tokens=(4854,556)
  model=qwen-2.5-7b N=3 arm=full_regen real_lme_00016_f8c5f88b seed=1: per_fault={'ctx': True, 'bullets': True, 'concise': True} all_resolved=True n_resolved=3/3 tokens=(4854,584)
  model=qwen-2.5-7b N=3 arm=full_regen real_lme_00016_f8c5f88b seed=2: per_fault={'ctx': True, 'bullets': True, 'concise': True} all_resolved=True n_resolved=3/3 tokens=(4854,604)
  model=qwen-2.5-7b N=3 arm=full_regen real_lme_00018_gpt4_d31cdae3 seed=0: per_fault={'ctx': False, 'concise': True, 'english': True} all_resolved=False n_resolved=2/3 tokens=(4974,396)
  model=qwen-2.5-7b N=3 arm=full_regen real_lme_00018_gpt4_d31cdae3 seed=1: per_fault={'ctx': False, 'concise': True, 'english': True} all_resolved=False n_resolved=2/3 tokens=(4974,439)
  model=qwen-2.5-7b N=3 arm=full_regen real_lme_00018_gpt4_d31cdae3 seed=2: per_fault={'ctx': False, 'concise': True, 'english': True} all_resolved=False n_resolved=2/3 tokens=(4974,452)
  model=qwen-2.5-7b N=3 arm=full_regen real_lme_00032_22d2cb42 seed=0: per_fault={'ctx': True, 'english': True, 'preamble': True} all_resolved=True n_resolved=3/3 tokens=(4588,396)
  model=qwen-2.5-7b N=3 arm=full_regen real_lme_00032_22d2cb42 seed=1: per_fault={'ctx': True, 'english': True, 'preamble': True} all_resolved=True n_resolved=3/3 tokens=(4588,295)
  model=qwen-2.5-7b N=3 arm=full_regen real_lme_00032_22d2cb42 seed=2: per_fault={'ctx': False, 'english': True, 'preamble': True} all_resolved=False n_resolved=2/3 tokens=(4588,480)
  model=qwen-2.5-7b N=3 arm=full_regen real_lme_00043_c2ac3c61 seed=0: per_fault={'ctx': True, 'bullets': True, 'concise': True} all_resolved=True n_resolved=3/3 tokens=(4750,391)
  model=qwen-2.5-7b N=3 arm=full_regen real_lme_00043_c2ac3c61 seed=1: per_fault={'ctx': True, 'bullets': True, 'concise': True} all_resolved=True n_resolved=3/3 tokens=(4750,354)
  model=qwen-2.5-7b N=3 arm=full_regen real_lme_00043_c2ac3c61 seed=2: per_fault={'ctx': True, 'bullets': True, 'concise': True} all_resolved=True n_resolved=3/3 tokens=(4750,361)
  model=qwen-2.5-7b N=3 arm=full_regen real_lme_00049_0862e8bf_abs seed=0: per_fault={'ctx': False, 'concise': True, 'english': True} all_resolved=False n_resolved=2/3 tokens=(5094,337)
  model=qwen-2.5-7b N=3 arm=full_regen real_lme_00049_0862e8bf_abs seed=1: per_fault={'ctx': False, 'concise': True, 'english': True} all_resolved=False n_resolved=2/3 tokens=(5094,264)
  model=qwen-2.5-7b N=3 arm=full_regen real_lme_00049_0862e8bf_abs seed=2: per_fault={'ctx': False, 'concise': True, 'english': True} all_resolved=False n_resolved=2/3 tokens=(5094,286)
  model=qwen-2.5-7b N=3 arm=full_regen real_lme_00053_21d02d0d seed=0: per_fault={'ctx': True, 'bullets': True, 'concise': True} all_resolved=True n_resolved=3/3 tokens=(4894,329)
  model=qwen-2.5-7b N=3 arm=full_regen real_lme_00053_21d02d0d seed=1: per_fault={'ctx': True, 'bullets': True, 'concise': True} all_resolved=True n_resolved=3/3 tokens=(4894,252)
  model=qwen-2.5-7b N=3 arm=full_regen real_lme_00053_21d02d0d seed=2: per_fault={'ctx': True, 'bullets': True, 'concise': True} all_resolved=True n_resolved=3/3 tokens=(4894,239)
  model=qwen-2.5-7b N=3 arm=full_regen real_lme_00059_2ebe6c90 seed=0: per_fault={'ctx': False, 'concise': True, 'english': True} all_resolved=False n_resolved=2/3 tokens=(4614,572)
  model=qwen-2.5-7b N=3 arm=full_regen real_lme_00059_2ebe6c90 seed=1: per_fault={'ctx': False, 'concise': True, 'english': True} all_resolved=False n_resolved=2/3 tokens=(4614,468)
  model=qwen-2.5-7b N=3 arm=full_regen real_lme_00059_2ebe6c90 seed=2: per_fault={'ctx': False, 'concise': True, 'english': True} all_resolved=False n_resolved=2/3 tokens=(4614,521)
  model=qwen-2.5-7b N=3 arm=full_regen real_lme_00069_gpt4_31ff4165 seed=0: per_fault={'ctx': True, 'bullets': True, 'concise': True} all_resolved=True n_resolved=3/3 tokens=(5108,483)
  model=qwen-2.5-7b N=3 arm=full_regen real_lme_00069_gpt4_31ff4165 seed=1: per_fault={'ctx': True, 'bullets': True, 'concise': False} all_resolved=False n_resolved=2/3 tokens=(5108,472)
  model=qwen-2.5-7b N=3 arm=full_regen real_lme_00069_gpt4_31ff4165 seed=2: per_fault={'ctx': False, 'bullets': True, 'concise': True} all_resolved=False n_resolved=2/3 tokens=(5108,266)
  model=qwen-2.5-7b N=3 arm=full_regen real_lme_00076_f4f1d8a4_abs seed=0: per_fault={'ctx': True, 'bullets': True, 'preamble': True} all_resolved=True n_resolved=3/3 tokens=(5246,395)
  model=qwen-2.5-7b N=3 arm=full_regen real_lme_00076_f4f1d8a4_abs seed=1: per_fault={'ctx': True, 'bullets': True, 'preamble': True} all_resolved=True n_resolved=3/3 tokens=(5246,404)
  model=qwen-2.5-7b N=3 arm=full_regen real_lme_00076_f4f1d8a4_abs seed=2: per_fault={'ctx': True, 'bullets': True, 'preamble': True} all_resolved=True n_resolved=3/3 tokens=(5246,389)
  model=qwen-2.5-7b N=3 arm=full_regen real_lme_00081_afdc33df seed=0: per_fault={'ctx': False, 'concise': True, 'english': True} all_resolved=False n_resolved=2/3 tokens=(5558,870)
  model=qwen-2.5-7b N=3 arm=full_regen real_lme_00081_afdc33df seed=1: per_fault={'ctx': False, 'concise': True, 'english': True} all_resolved=False n_resolved=2/3 tokens=(5558,639)
  model=qwen-2.5-7b N=3 arm=full_regen real_lme_00081_afdc33df seed=2: per_fault={'ctx': False, 'concise': True, 'english': True} all_resolved=False n_resolved=2/3 tokens=(5558,428)
  model=qwen-2.5-7b N=3 arm=full_regen real_lme_00085_a11281a2 seed=0: per_fault={'ctx': True, 'concise': True, 'preamble': True} all_resolved=True n_resolved=3/3 tokens=(4272,462)
  model=qwen-2.5-7b N=3 arm=full_regen real_lme_00085_a11281a2 seed=1: per_fault={'ctx': True, 'concise': True, 'preamble': True} all_resolved=True n_resolved=3/3 tokens=(4272,435)
  model=qwen-2.5-7b N=3 arm=full_regen real_lme_00085_a11281a2 seed=2: per_fault={'ctx': True, 'concise': True, 'preamble': True} all_resolved=True n_resolved=3/3 tokens=(4272,307)
  model=qwen-2.5-7b N=3 arm=full_regen real_lme_00086_af082822 seed=0: per_fault={'ctx': False, 'concise': True, 'english': True} all_resolved=False n_resolved=2/3 tokens=(4604,312)
  model=qwen-2.5-7b N=3 arm=full_regen real_lme_00086_af082822 seed=1: per_fault={'ctx': True, 'concise': True, 'english': True} all_resolved=True n_resolved=3/3 tokens=(4604,356)
  model=qwen-2.5-7b N=3 arm=full_regen real_lme_00086_af082822 seed=2: per_fault={'ctx': False, 'concise': True, 'english': True} all_resolved=False n_resolved=2/3 tokens=(4604,495)
  model=qwen-2.5-7b N=3 arm=full_regen real_lme_00087_3b6f954b seed=0: per_fault={'ctx': True, 'concise': True, 'preamble': True} all_resolved=True n_resolved=3/3 tokens=(4658,394)
  model=qwen-2.5-7b N=3 arm=full_regen real_lme_00087_3b6f954b seed=1: per_fault={'ctx': True, 'concise': True, 'preamble': True} all_resolved=True n_resolved=3/3 tokens=(4658,433)
  model=qwen-2.5-7b N=3 arm=full_regen real_lme_00087_3b6f954b seed=2: per_fault={'ctx': True, 'concise': True, 'preamble': True} all_resolved=True n_resolved=3/3 tokens=(4658,439)
  model=qwen-2.5-7b N=3 arm=full_regen real_lme_00093_545bd2b5 seed=0: per_fault={'ctx': True, 'bullets': True, 'concise': True} all_resolved=True n_resolved=3/3 tokens=(4718,756)
  model=qwen-2.5-7b N=3 arm=full_regen real_lme_00093_545bd2b5 seed=1: per_fault={'ctx': True, 'bullets': True, 'concise': True} all_resolved=True n_resolved=3/3 tokens=(4718,771)
  model=qwen-2.5-7b N=3 arm=full_regen real_lme_00093_545bd2b5 seed=2: per_fault={'ctx': True, 'bullets': True, 'concise': True} all_resolved=True n_resolved=3/3 tokens=(4718,560)
  model=qwen-2.5-7b N=3 arm=full_regen real_lme_00110_gpt4_1a1dc16d seed=0: per_fault={'ctx': False, 'concise': True, 'preamble': True} all_resolved=False n_resolved=2/3 tokens=(4814,534)
  model=qwen-2.5-7b N=3 arm=full_regen real_lme_00110_gpt4_1a1dc16d seed=1: per_fault={'ctx': True, 'concise': True, 'preamble': True} all_resolved=True n_resolved=3/3 tokens=(4814,365)
  model=qwen-2.5-7b N=3 arm=full_regen real_lme_00110_gpt4_1a1dc16d seed=2: per_fault={'ctx': True, 'concise': True, 'preamble': True} all_resolved=True n_resolved=3/3 tokens=(4814,422)
  model=qwen-2.5-7b N=3 arm=full_regen real_lme_00119_c6853660 seed=0: per_fault={'ctx': True, 'bullets': True, 'preamble': True} all_resolved=True n_resolved=3/3 tokens=(4836,457)
  model=qwen-2.5-7b N=3 arm=full_regen real_lme_00119_c6853660 seed=1: per_fault={'ctx': True, 'bullets': True, 'preamble': True} all_resolved=True n_resolved=3/3 tokens=(4836,427)
  model=qwen-2.5-7b N=3 arm=full_regen real_lme_00119_c6853660 seed=2: per_fault={'ctx': True, 'bullets': True, 'preamble': True} all_resolved=True n_resolved=3/3 tokens=(4836,524)
  model=qwen-2.5-7b N=3 arm=full_regen real_lme_00120_42ec0761 seed=0: per_fault={'ctx': True, 'bullets': True, 'concise': True} all_resolved=True n_resolved=3/3 tokens=(4934,400)
  model=qwen-2.5-7b N=3 arm=full_regen real_lme_00120_42ec0761 seed=1: per_fault={'ctx': True, 'bullets': True, 'concise': True} all_resolved=True n_resolved=3/3 tokens=(4934,389)
  model=qwen-2.5-7b N=3 arm=full_regen real_lme_00120_42ec0761 seed=2: per_fault={'ctx': True, 'bullets': True, 'concise': True} all_resolved=True n_resolved=3/3 tokens=(4934,382)
  model=qwen-2.5-7b N=3 arm=full_regen real_lme_00122_0a34ad58 seed=0: per_fault={'ctx': False, 'bullets': True, 'preamble': True} all_resolved=False n_resolved=2/3 tokens=(5284,615)
  model=qwen-2.5-7b N=3 arm=full_regen real_lme_00122_0a34ad58 seed=1: per_fault={'ctx': False, 'bullets': True, 'preamble': True} all_resolved=False n_resolved=2/3 tokens=(5284,714)
  model=qwen-2.5-7b N=3 arm=full_regen real_lme_00122_0a34ad58 seed=2: per_fault={'ctx': False, 'bullets': True, 'preamble': True} all_resolved=False n_resolved=2/3 tokens=(5284,650)
  model=qwen-2.5-7b N=3 arm=full_regen real_lme_00123_ceb54acb seed=0: per_fault={'ctx': False, 'english': True, 'preamble': True} all_resolved=False n_resolved=2/3 tokens=(3610,430)
  model=qwen-2.5-7b N=3 arm=full_regen real_lme_00123_ceb54acb seed=1: per_fault={'ctx': False, 'english': True, 'preamble': True} all_resolved=False n_resolved=2/3 tokens=(3610,438)
  model=qwen-2.5-7b N=3 arm=full_regen real_lme_00123_ceb54acb seed=2: per_fault={'ctx': False, 'english': True, 'preamble': True} all_resolved=False n_resolved=2/3 tokens=(3610,462)
  model=qwen-2.5-7b N=3 arm=full_regen real_lme_00133_71a3fd6b seed=0: per_fault={'ctx': True, 'bullets': True, 'concise': True} all_resolved=True n_resolved=3/3 tokens=(3626,562)
  model=qwen-2.5-7b N=3 arm=full_regen real_lme_00133_71a3fd6b seed=1: per_fault={'ctx': True, 'bullets': True, 'concise': True} all_resolved=True n_resolved=3/3 tokens=(3626,571)
  model=qwen-2.5-7b N=3 arm=full_regen real_lme_00133_71a3fd6b seed=2: per_fault={'ctx': True, 'bullets': True, 'concise': True} all_resolved=True n_resolved=3/3 tokens=(3626,458)
  model=qwen-2.5-7b N=3 arm=full_regen real_lme_00135_129d1232 seed=0: per_fault={'ctx': False, 'concise': True, 'english': True} all_resolved=False n_resolved=2/3 tokens=(4892,418)
  model=qwen-2.5-7b N=3 arm=full_regen real_lme_00135_129d1232 seed=1: per_fault={'ctx': False, 'concise': True, 'english': True} all_resolved=False n_resolved=2/3 tokens=(4892,377)
  model=qwen-2.5-7b N=3 arm=full_regen real_lme_00135_129d1232 seed=2: per_fault={'ctx': False, 'concise': True, 'english': True} all_resolved=False n_resolved=2/3 tokens=(4892,428)
  model=qwen-2.5-7b N=3 arm=full_regen real_lme_00144_7a87bd0c seed=0: per_fault={'ctx': True, 'bullets': True, 'preamble': True} all_resolved=True n_resolved=3/3 tokens=(5022,448)
  model=qwen-2.5-7b N=3 arm=full_regen real_lme_00144_7a87bd0c seed=1: per_fault={'ctx': True, 'bullets': True, 'preamble': True} all_resolved=True n_resolved=3/3 tokens=(5022,469)
  model=qwen-2.5-7b N=3 arm=full_regen real_lme_00144_7a87bd0c seed=2: per_fault={'ctx': True, 'bullets': True, 'preamble': True} all_resolved=True n_resolved=3/3 tokens=(5022,371)
  model=qwen-2.5-7b N=3 arm=full_regen real_lme_00156_e831120c seed=0: per_fault={'ctx': False, 'concise': True, 'preamble': True} all_resolved=False n_resolved=2/3 tokens=(5504,847)
  model=qwen-2.5-7b N=3 arm=full_regen real_lme_00156_e831120c seed=1: per_fault={'ctx': True, 'concise': False, 'preamble': True} all_resolved=False n_resolved=2/3 tokens=(5504,896)
  model=qwen-2.5-7b N=3 arm=full_regen real_lme_00156_e831120c seed=2: per_fault={'ctx': True, 'concise': False, 'preamble': True} all_resolved=False n_resolved=2/3 tokens=(5504,627)
  model=qwen-2.5-7b N=3 arm=full_regen real_lme_00168_gpt4_68e94287 seed=0: per_fault={'ctx': True, 'bullets': True, 'concise': True} all_resolved=True n_resolved=3/3 tokens=(5456,618)
  model=qwen-2.5-7b N=3 arm=full_regen real_lme_00168_gpt4_68e94287 seed=1: per_fault={'ctx': False, 'bullets': True, 'concise': True} all_resolved=False n_resolved=2/3 tokens=(5456,514)
  model=qwen-2.5-7b N=3 arm=full_regen real_lme_00168_gpt4_68e94287 seed=2: per_fault={'ctx': True, 'bullets': True, 'concise': True} all_resolved=True n_resolved=3/3 tokens=(5456,298)
  model=qwen-2.5-7b N=3 arm=full_regen real_lme_00183_8464fc84 seed=0: per_fault={'ctx': True, 'concise': True, 'preamble': True} all_resolved=True n_resolved=3/3 tokens=(4858,361)
  model=qwen-2.5-7b N=3 arm=full_regen real_lme_00183_8464fc84 seed=1: per_fault={'ctx': True, 'concise': True, 'preamble': True} all_resolved=True n_resolved=3/3 tokens=(4858,176)
  model=qwen-2.5-7b N=3 arm=full_regen real_lme_00183_8464fc84 seed=2: per_fault={'ctx': True, 'concise': True, 'preamble': True} all_resolved=True n_resolved=3/3 tokens=(4858,455)
  model=qwen-2.5-7b N=3 arm=full_regen real_lme_00184_45dc21b6 seed=0: per_fault={'ctx': True, 'concise': True, 'preamble': True} all_resolved=True n_resolved=3/3 tokens=(4640,421)
  model=qwen-2.5-7b N=3 arm=full_regen real_lme_00184_45dc21b6 seed=1: per_fault={'ctx': True, 'concise': True, 'preamble': True} all_resolved=True n_resolved=3/3 tokens=(4640,392)
  model=qwen-2.5-7b N=3 arm=full_regen real_lme_00184_45dc21b6 seed=2: per_fault={'ctx': True, 'concise': True, 'preamble': True} all_resolved=True n_resolved=3/3 tokens=(4640,262)
  model=qwen-2.5-7b N=3 arm=full_regen real_lme_00191_993da5e2 seed=0: per_fault={'ctx': False, 'english': True, 'preamble': True} all_resolved=False n_resolved=2/3 tokens=(5148,359)
  model=qwen-2.5-7b N=3 arm=full_regen real_lme_00191_993da5e2 seed=1: per_fault={'ctx': False, 'english': True, 'preamble': True} all_resolved=False n_resolved=2/3 tokens=(5148,408)
  model=qwen-2.5-7b N=3 arm=full_regen real_lme_00191_993da5e2 seed=2: per_fault={'ctx': False, 'english': True, 'preamble': True} all_resolved=False n_resolved=2/3 tokens=(5148,307)
  model=qwen-2.5-7b N=3 arm=full_regen real_lme_00195_gpt4_1d80365e seed=0: per_fault={'ctx': False, 'concise': True, 'preamble': True} all_resolved=False n_resolved=2/3 tokens=(4796,410)
  model=qwen-2.5-7b N=3 arm=full_regen real_lme_00195_gpt4_1d80365e seed=1: per_fault={'ctx': False, 'concise': False, 'preamble': True} all_resolved=False n_resolved=1/3 tokens=(4796,631)
  model=qwen-2.5-7b N=3 arm=full_regen real_lme_00195_gpt4_1d80365e seed=2: per_fault={'ctx': False, 'concise': False, 'preamble': True} all_resolved=False n_resolved=1/3 tokens=(4796,455)
  model=qwen-2.5-7b N=3 arm=full_regen real_lme_00197_gpt4_213fd887 seed=0: per_fault={'ctx': True, 'concise': True, 'preamble': True} all_resolved=True n_resolved=3/3 tokens=(5078,468)
  model=qwen-2.5-7b N=3 arm=full_regen real_lme_00197_gpt4_213fd887 seed=1: per_fault={'ctx': True, 'concise': True, 'preamble': True} all_resolved=True n_resolved=3/3 tokens=(5078,470)
  model=qwen-2.5-7b N=3 arm=full_regen real_lme_00197_gpt4_213fd887 seed=2: per_fault={'ctx': True, 'concise': True, 'preamble': True} all_resolved=True n_resolved=3/3 tokens=(5078,327)
  model=qwen-2.5-7b N=3 arm=full_regen real_lme_00198_gpt4_d6585ce8 seed=0: per_fault={'ctx': True, 'concise': False, 'preamble': True} all_resolved=False n_resolved=2/3 tokens=(5704,781)
  model=qwen-2.5-7b N=3 arm=full_regen real_lme_00198_gpt4_d6585ce8 seed=1: per_fault={'ctx': False, 'concise': False, 'preamble': True} all_resolved=False n_resolved=1/3 tokens=(5704,825)
  model=qwen-2.5-7b N=3 arm=full_regen real_lme_00198_gpt4_d6585ce8 seed=2: per_fault={'ctx': False, 'concise': False, 'preamble': True} all_resolved=False n_resolved=1/3 tokens=(5704,826)
  model=qwen-2.5-7b N=3 arm=full_regen real_lme_00209_7e974930 seed=0: per_fault={'ctx': False, 'concise': True, 'english': True} all_resolved=False n_resolved=2/3 tokens=(5012,390)
  model=qwen-2.5-7b N=3 arm=full_regen real_lme_00209_7e974930 seed=1: per_fault={'ctx': False, 'concise': True, 'english': True} all_resolved=False n_resolved=2/3 tokens=(5012,382)
  model=qwen-2.5-7b N=3 arm=full_regen real_lme_00209_7e974930 seed=2: per_fault={'ctx': False, 'concise': True, 'english': True} all_resolved=False n_resolved=2/3 tokens=(5012,322)
  model=qwen-2.5-7b N=3 arm=full_regen real_lme_00212_e01b8e2f seed=0: per_fault={'ctx': True, 'concise': True, 'preamble': True} all_resolved=True n_resolved=3/3 tokens=(4740,372)
  model=qwen-2.5-7b N=3 arm=full_regen real_lme_00212_e01b8e2f seed=1: per_fault={'ctx': True, 'concise': True, 'preamble': True} all_resolved=True n_resolved=3/3 tokens=(4740,363)
  model=qwen-2.5-7b N=3 arm=full_regen real_lme_00212_e01b8e2f seed=2: per_fault={'ctx': True, 'concise': True, 'preamble': True} all_resolved=True n_resolved=3/3 tokens=(4740,252)
  model=qwen-2.5-7b N=3 arm=full_regen real_lme_00216_2698e78f_abs seed=0: per_fault={'ctx': True, 'bullets': True, 'concise': False} all_resolved=False n_resolved=2/3 tokens=(4570,384)
  model=qwen-2.5-7b N=3 arm=full_regen real_lme_00216_2698e78f_abs seed=1: per_fault={'ctx': True, 'bullets': True, 'concise': False} all_resolved=False n_resolved=2/3 tokens=(4570,498)
  model=qwen-2.5-7b N=3 arm=full_regen real_lme_00216_2698e78f_abs seed=2: per_fault={'ctx': True, 'bullets': True, 'concise': False} all_resolved=False n_resolved=2/3 tokens=(4570,523)
  model=qwen-2.5-7b N=3 arm=full_regen real_lme_00220_gpt4_2312f94c seed=0: per_fault={'ctx': True, 'bullets': True, 'concise': True} all_resolved=True n_resolved=3/3 tokens=(5112,317)
  model=qwen-2.5-7b N=3 arm=full_regen real_lme_00220_gpt4_2312f94c seed=1: per_fault={'ctx': True, 'bullets': True, 'concise': True} all_resolved=True n_resolved=3/3 tokens=(5112,430)
  model=qwen-2.5-7b N=3 arm=full_regen real_lme_00220_gpt4_2312f94c seed=2: per_fault={'ctx': True, 'bullets': True, 'concise': False} all_resolved=False n_resolved=2/3 tokens=(5112,446)
  model=qwen-2.5-7b N=3 arm=full_regen real_lme_00222_3f1e9474 seed=0: per_fault={'ctx': True, 'concise': True, 'preamble': True} all_resolved=True n_resolved=3/3 tokens=(4750,396)
  model=qwen-2.5-7b N=3 arm=full_regen real_lme_00222_3f1e9474 seed=1: per_fault={'ctx': True, 'concise': True, 'preamble': True} all_resolved=True n_resolved=3/3 tokens=(4750,351)
  model=qwen-2.5-7b N=3 arm=full_regen real_lme_00222_3f1e9474 seed=2: per_fault={'ctx': True, 'concise': True, 'preamble': True} all_resolved=True n_resolved=3/3 tokens=(4750,317)
  model=qwen-2.5-7b N=3 arm=full_regen real_lme_00224_dccbc061 seed=0: per_fault={'ctx': True, 'bullets': True, 'concise': True} all_resolved=True n_resolved=3/3 tokens=(4262,169)
  model=qwen-2.5-7b N=3 arm=full_regen real_lme_00224_dccbc061 seed=1: per_fault={'ctx': True, 'bullets': True, 'concise': True} all_resolved=True n_resolved=3/3 tokens=(4262,322)
  model=qwen-2.5-7b N=3 arm=full_regen real_lme_00224_dccbc061 seed=2: per_fault={'ctx': True, 'bullets': True, 'concise': True} all_resolved=True n_resolved=3/3 tokens=(4262,321)
  model=qwen-2.5-7b N=3 arm=full_regen real_lme_00226_b759caee seed=0: per_fault={'ctx': True, 'bullets': True, 'concise': True} all_resolved=True n_resolved=3/3 tokens=(4068,342)
  model=qwen-2.5-7b N=3 arm=full_regen real_lme_00226_b759caee seed=1: per_fault={'ctx': True, 'bullets': True, 'concise': True} all_resolved=True n_resolved=3/3 tokens=(4068,403)
  model=qwen-2.5-7b N=3 arm=full_regen real_lme_00226_b759caee seed=2: per_fault={'ctx': True, 'bullets': True, 'concise': True} all_resolved=True n_resolved=3/3 tokens=(4068,398)
  model=qwen-2.5-7b N=3 arm=full_regen real_lme_00227_8aef76bc seed=0: per_fault={'ctx': True, 'bullets': True, 'preamble': True} all_resolved=True n_resolved=3/3 tokens=(4158,489)
  model=qwen-2.5-7b N=3 arm=full_regen real_lme_00227_8aef76bc seed=1: per_fault={'ctx': True, 'bullets': True, 'preamble': True} all_resolved=True n_resolved=3/3 tokens=(4158,485)
  model=qwen-2.5-7b N=3 arm=full_regen real_lme_00227_8aef76bc seed=2: per_fault={'ctx': True, 'bullets': True, 'preamble': True} all_resolved=True n_resolved=3/3 tokens=(4158,464)
  model=qwen-2.5-7b N=3 arm=full_regen real_lme_00232_gpt4_59c863d7 seed=0: per_fault={'ctx': False, 'concise': True, 'english': True} all_resolved=False n_resolved=2/3 tokens=(5752,530)
  model=qwen-2.5-7b N=3 arm=full_regen real_lme_00232_gpt4_59c863d7 seed=1: per_fault={'ctx': False, 'concise': False, 'english': True} all_resolved=False n_resolved=1/3 tokens=(5752,603)
  model=qwen-2.5-7b N=3 arm=full_regen real_lme_00232_gpt4_59c863d7 seed=2: per_fault={'ctx': False, 'concise': True, 'english': True} all_resolved=False n_resolved=2/3 tokens=(5752,390)
  model=qwen-2.5-7b N=3 arm=full_regen real_lme_00240_09ba9854 seed=0: per_fault={'ctx': False, 'concise': True, 'preamble': True} all_resolved=False n_resolved=2/3 tokens=(5214,621)
  model=qwen-2.5-7b N=3 arm=full_regen real_lme_00240_09ba9854 seed=1: per_fault={'ctx': False, 'concise': True, 'preamble': True} all_resolved=False n_resolved=2/3 tokens=(5214,733)
  model=qwen-2.5-7b N=3 arm=full_regen real_lme_00240_09ba9854 seed=2: per_fault={'ctx': False, 'concise': True, 'preamble': True} all_resolved=False n_resolved=2/3 tokens=(5214,792)
  model=qwen-2.5-7b N=3 arm=full_regen real_lme_00247_1d4da289 seed=0: per_fault={'ctx': False, 'bullets': True, 'concise': False} all_resolved=False n_resolved=1/3 tokens=(4496,659)
  model=qwen-2.5-7b N=3 arm=full_regen real_lme_00247_1d4da289 seed=1: per_fault={'ctx': False, 'bullets': True, 'concise': False} all_resolved=False n_resolved=1/3 tokens=(4496,591)
  model=qwen-2.5-7b N=3 arm=full_regen real_lme_00247_1d4da289 seed=2: per_fault={'ctx': False, 'bullets': True, 'concise': True} all_resolved=False n_resolved=2/3 tokens=(4496,371)
  model=qwen-2.5-7b N=3 arm=full_regen real_lme_00254_ba358f49 seed=0: per_fault={'ctx': False, 'bullets': True, 'concise': True} all_resolved=False n_resolved=2/3 tokens=(4448,440)
  model=qwen-2.5-7b N=3 arm=full_regen real_lme_00254_ba358f49 seed=1: per_fault={'ctx': False, 'bullets': True, 'concise': True} all_resolved=False n_resolved=2/3 tokens=(4448,409)
  model=qwen-2.5-7b N=3 arm=full_regen real_lme_00254_ba358f49 seed=2: per_fault={'ctx': True, 'bullets': True, 'concise': False} all_resolved=False n_resolved=2/3 tokens=(4448,437)
  model=qwen-2.5-7b N=3 arm=full_regen real_lme_00257_10e09553 seed=0: per_fault={'ctx': True, 'concise': True, 'preamble': True} all_resolved=True n_resolved=3/3 tokens=(4940,389)
  model=qwen-2.5-7b N=3 arm=full_regen real_lme_00257_10e09553 seed=1: per_fault={'ctx': True, 'concise': True, 'preamble': True} all_resolved=True n_resolved=3/3 tokens=(4940,386)
  model=qwen-2.5-7b N=3 arm=full_regen real_lme_00257_10e09553 seed=2: per_fault={'ctx': True, 'concise': True, 'preamble': True} all_resolved=True n_resolved=3/3 tokens=(4940,424)
  model=qwen-2.5-7b N=3 arm=full_regen real_lme_00258_gpt4_93159ced_abs seed=0: per_fault={'ctx': False, 'english': True, 'preamble': True} all_resolved=False n_resolved=2/3 tokens=(4860,379)
  model=qwen-2.5-7b N=3 arm=full_regen real_lme_00258_gpt4_93159ced_abs seed=1: per_fault={'ctx': False, 'english': True, 'preamble': True} all_resolved=False n_resolved=2/3 tokens=(4860,260)
  model=qwen-2.5-7b N=3 arm=full_regen real_lme_00258_gpt4_93159ced_abs seed=2: per_fault={'ctx': False, 'english': True, 'preamble': True} all_resolved=False n_resolved=2/3 tokens=(4860,330)
  model=qwen-2.5-7b N=3 arm=full_regen real_lme_00263_2698e78f seed=0: per_fault={'ctx': False, 'bullets': True, 'concise': False} all_resolved=False n_resolved=1/3 tokens=(4834,509)
  model=qwen-2.5-7b N=3 arm=full_regen real_lme_00263_2698e78f seed=1: per_fault={'ctx': True, 'bullets': True, 'concise': False} all_resolved=False n_resolved=2/3 tokens=(4834,474)
  model=qwen-2.5-7b N=3 arm=full_regen real_lme_00263_2698e78f seed=2: per_fault={'ctx': True, 'bullets': True, 'concise': False} all_resolved=False n_resolved=2/3 tokens=(4834,582)
  model=qwen-2.5-7b N=3 arm=full_regen real_lme_00264_7161e7e2 seed=0: per_fault={'ctx': False, 'english': True, 'preamble': True} all_resolved=False n_resolved=2/3 tokens=(5640,336)
  model=qwen-2.5-7b N=3 arm=full_regen real_lme_00264_7161e7e2 seed=1: per_fault={'ctx': False, 'english': True, 'preamble': True} all_resolved=False n_resolved=2/3 tokens=(5640,339)
  model=qwen-2.5-7b N=3 arm=full_regen real_lme_00264_7161e7e2 seed=2: per_fault={'ctx': False, 'english': True, 'preamble': True} all_resolved=False n_resolved=2/3 tokens=(5640,441)
  model=qwen-2.5-7b N=3 arm=full_regen real_lme_00267_8550ddae seed=0: per_fault={'ctx': False, 'concise': True, 'english': True} all_resolved=False n_resolved=2/3 tokens=(4692,319)
  model=qwen-2.5-7b N=3 arm=full_regen real_lme_00267_8550ddae seed=1: per_fault={'ctx': False, 'concise': True, 'english': True} all_resolved=False n_resolved=2/3 tokens=(4692,426)
  model=qwen-2.5-7b N=3 arm=full_regen real_lme_00267_8550ddae seed=2: per_fault={'ctx': False, 'concise': True, 'english': True} all_resolved=False n_resolved=2/3 tokens=(4692,388)
  model=qwen-2.5-7b N=3 arm=full_regen real_lme_00279_6222b6eb seed=0: per_fault={'ctx': False, 'concise': True, 'english': True} all_resolved=False n_resolved=2/3 tokens=(4858,541)
  model=qwen-2.5-7b N=3 arm=full_regen real_lme_00279_6222b6eb seed=1: per_fault={'ctx': False, 'concise': True, 'english': True} all_resolved=False n_resolved=2/3 tokens=(4858,426)
  model=qwen-2.5-7b N=3 arm=full_regen real_lme_00279_6222b6eb seed=2: per_fault={'ctx': False, 'concise': True, 'english': True} all_resolved=False n_resolved=2/3 tokens=(4858,527)
  model=qwen-2.5-7b N=3 arm=full_regen real_lme_00285_a96c20ee_abs seed=0: per_fault={'ctx': True, 'concise': True, 'preamble': True} all_resolved=True n_resolved=3/3 tokens=(4336,500)
  model=qwen-2.5-7b N=3 arm=full_regen real_lme_00285_a96c20ee_abs seed=1: per_fault={'ctx': True, 'concise': True, 'preamble': True} all_resolved=True n_resolved=3/3 tokens=(4336,481)
  model=qwen-2.5-7b N=3 arm=full_regen real_lme_00285_a96c20ee_abs seed=2: per_fault={'ctx': True, 'concise': True, 'preamble': True} all_resolved=True n_resolved=3/3 tokens=(4336,533)
  model=qwen-2.5-7b N=3 arm=full_regen real_lme_00288_c8090214_abs seed=0: per_fault={'ctx': False, 'concise': True, 'english': True} all_resolved=False n_resolved=2/3 tokens=(5056,338)
  model=qwen-2.5-7b N=3 arm=full_regen real_lme_00288_c8090214_abs seed=1: per_fault={'ctx': False, 'concise': True, 'english': True} all_resolved=False n_resolved=2/3 tokens=(5056,356)
  model=qwen-2.5-7b N=3 arm=full_regen real_lme_00288_c8090214_abs seed=2: per_fault={'ctx': False, 'concise': True, 'english': True} all_resolved=False n_resolved=2/3 tokens=(5056,369)
  model=qwen-2.5-7b N=3 arm=full_regen real_lme_00293_27016adc seed=0: per_fault={'ctx': True, 'bullets': True, 'concise': True} all_resolved=True n_resolved=3/3 tokens=(4738,704)
  model=qwen-2.5-7b N=3 arm=full_regen real_lme_00293_27016adc seed=1: per_fault={'ctx': True, 'bullets': True, 'concise': True} all_resolved=True n_resolved=3/3 tokens=(4738,646)
  model=qwen-2.5-7b N=3 arm=full_regen real_lme_00293_27016adc seed=2: per_fault={'ctx': True, 'bullets': True, 'concise': True} all_resolved=True n_resolved=3/3 tokens=(4738,470)
  model=qwen-2.5-7b N=3 arm=full_regen real_lme_00300_c9f37c46 seed=0: per_fault={'ctx': False, 'english': True, 'preamble': True} all_resolved=False n_resolved=2/3 tokens=(4556,354)
  model=qwen-2.5-7b N=3 arm=full_regen real_lme_00300_c9f37c46 seed=1: per_fault={'ctx': False, 'english': True, 'preamble': True} all_resolved=False n_resolved=2/3 tokens=(4556,270)
  model=qwen-2.5-7b N=3 arm=full_regen real_lme_00300_c9f37c46 seed=2: per_fault={'ctx': False, 'english': True, 'preamble': True} all_resolved=False n_resolved=2/3 tokens=(4556,333)
  model=qwen-2.5-7b N=3 arm=full_regen real_lme_00306_gpt4_2f56ae70 seed=0: per_fault={'ctx': False, 'concise': True, 'preamble': True} all_resolved=False n_resolved=2/3 tokens=(4410,406)
  model=qwen-2.5-7b N=3 arm=full_regen real_lme_00306_gpt4_2f56ae70 seed=1: per_fault={'ctx': False, 'concise': True, 'preamble': True} all_resolved=False n_resolved=2/3 tokens=(4410,413)
  model=qwen-2.5-7b N=3 arm=full_regen real_lme_00306_gpt4_2f56ae70 seed=2: per_fault={'ctx': True, 'concise': True, 'preamble': True} all_resolved=True n_resolved=3/3 tokens=(4410,434)
  model=qwen-2.5-7b N=3 arm=full_regen real_lme_00308_gpt4_4929293a seed=0: per_fault={'ctx': True, 'bullets': True, 'concise': True} all_resolved=True n_resolved=3/3 tokens=(4642,376)
  model=qwen-2.5-7b N=3 arm=full_regen real_lme_00308_gpt4_4929293a seed=1: per_fault={'ctx': True, 'bullets': True, 'concise': True} all_resolved=True n_resolved=3/3 tokens=(4642,437)
  model=qwen-2.5-7b N=3 arm=full_regen real_lme_00308_gpt4_4929293a seed=2: per_fault={'ctx': True, 'bullets': True, 'concise': True} all_resolved=True n_resolved=3/3 tokens=(4642,424)
  model=qwen-2.5-7b N=3 arm=full_regen real_lme_00312_a3332713 seed=0: per_fault={'ctx': False, 'concise': True, 'english': True} all_resolved=False n_resolved=2/3 tokens=(4982,454)
  model=qwen-2.5-7b N=3 arm=full_regen real_lme_00312_a3332713 seed=1: per_fault={'ctx': False, 'concise': True, 'english': True} all_resolved=False n_resolved=2/3 tokens=(4982,461)
  model=qwen-2.5-7b N=3 arm=full_regen real_lme_00312_a3332713 seed=2: per_fault={'ctx': True, 'concise': True, 'english': True} all_resolved=True n_resolved=3/3 tokens=(4982,412)
  model=qwen-2.5-7b N=3 arm=full_regen real_lme_00322_0a34ad58 seed=0: per_fault={'ctx': False, 'concise': True, 'english': True} all_resolved=False n_resolved=2/3 tokens=(5622,792)
  model=qwen-2.5-7b N=3 arm=full_regen real_lme_00322_0a34ad58 seed=1: per_fault={'ctx': False, 'concise': True, 'english': True} all_resolved=False n_resolved=2/3 tokens=(5622,773)
  model=qwen-2.5-7b N=3 arm=full_regen real_lme_00322_0a34ad58 seed=2: per_fault={'ctx': False, 'concise': True, 'english': True} all_resolved=False n_resolved=2/3 tokens=(5622,533)
  model=qwen-2.5-7b N=3 arm=full_regen real_lme_00328_57f827a0 seed=0: per_fault={'ctx': False, 'concise': False, 'preamble': True} all_resolved=False n_resolved=1/3 tokens=(5298,811)
  model=qwen-2.5-7b N=3 arm=full_regen real_lme_00328_57f827a0 seed=1: per_fault={'ctx': False, 'concise': False, 'preamble': True} all_resolved=False n_resolved=1/3 tokens=(5298,816)
  model=qwen-2.5-7b N=3 arm=full_regen real_lme_00328_57f827a0 seed=2: per_fault={'ctx': False, 'concise': True, 'preamble': True} all_resolved=False n_resolved=2/3 tokens=(5298,605)
--- [qwen-2.5-7b][full_regen] N=3: rows written=180 errors=0 tokens_in=874020 tokens_out=83880 ---
  model=qwen-2.5-7b N=3 arm=react real_lme_00001_603deb26 seed=0: per_fault={'ctx': True, 'concise': True, 'english': True} all_resolved=True n_resolved=3/3 tokens=(5195,621)
  model=qwen-2.5-7b N=3 arm=react real_lme_00001_603deb26 seed=1: per_fault={'ctx': True, 'concise': True, 'english': True} all_resolved=True n_resolved=3/3 tokens=(5195,621)
  model=qwen-2.5-7b N=3 arm=react real_lme_00001_603deb26 seed=2: per_fault={'ctx': True, 'concise': True, 'english': True} all_resolved=True n_resolved=3/3 tokens=(5195,690)
  model=qwen-2.5-7b N=3 arm=react real_lme_00007_5025383b seed=0: per_fault={'ctx': True, 'bullets': True, 'preamble': True} all_resolved=True n_resolved=3/3 tokens=(4439,638)
  model=qwen-2.5-7b N=3 arm=react real_lme_00007_5025383b seed=1: per_fault={'ctx': True, 'bullets': True, 'preamble': True} all_resolved=True n_resolved=3/3 tokens=(4439,638)
  model=qwen-2.5-7b N=3 arm=react real_lme_00007_5025383b seed=2: per_fault={'ctx': True, 'bullets': True, 'preamble': True} all_resolved=True n_resolved=3/3 tokens=(4439,579)
  model=qwen-2.5-7b N=3 arm=react real_lme_00010_0a34ad58 seed=0: per_fault={'ctx': False, 'concise': False, 'preamble': True} all_resolved=False n_resolved=1/3 tokens=(5685,1021)
  model=qwen-2.5-7b N=3 arm=react real_lme_00010_0a34ad58 seed=1: per_fault={'ctx': False, 'concise': False, 'preamble': True} all_resolved=False n_resolved=1/3 tokens=(5685,1021)
  model=qwen-2.5-7b N=3 arm=react real_lme_00010_0a34ad58 seed=2: per_fault={'ctx': False, 'concise': True, 'preamble': True} all_resolved=False n_resolved=2/3 tokens=(5685,1058)
  model=qwen-2.5-7b N=3 arm=react real_lme_00016_f8c5f88b seed=0: per_fault={'ctx': True, 'bullets': True, 'concise': True} all_resolved=True n_resolved=3/3 tokens=(4907,854)
  model=qwen-2.5-7b N=3 arm=react real_lme_00016_f8c5f88b seed=1: per_fault={'ctx': True, 'bullets': True, 'concise': True} all_resolved=True n_resolved=3/3 tokens=(4907,854)
  model=qwen-2.5-7b N=3 arm=react real_lme_00016_f8c5f88b seed=2: per_fault={'ctx': True, 'bullets': True, 'concise': True} all_resolved=True n_resolved=3/3 tokens=(4907,878)
  model=qwen-2.5-7b N=3 arm=react real_lme_00018_gpt4_d31cdae3 seed=0: per_fault={'ctx': False, 'concise': True, 'english': True} all_resolved=False n_resolved=2/3 tokens=(5027,562)
  model=qwen-2.5-7b N=3 arm=react real_lme_00018_gpt4_d31cdae3 seed=1: per_fault={'ctx': False, 'concise': True, 'english': True} all_resolved=False n_resolved=2/3 tokens=(5027,562)
  model=qwen-2.5-7b N=3 arm=react real_lme_00018_gpt4_d31cdae3 seed=2: per_fault={'ctx': False, 'concise': True, 'english': True} all_resolved=False n_resolved=2/3 tokens=(5027,664)
  model=qwen-2.5-7b N=3 arm=react real_lme_00032_22d2cb42 seed=0: per_fault={'ctx': False, 'english': True, 'preamble': True} all_resolved=False n_resolved=2/3 tokens=(4641,914)
  model=qwen-2.5-7b N=3 arm=react real_lme_00032_22d2cb42 seed=1: per_fault={'ctx': False, 'english': True, 'preamble': True} all_resolved=False n_resolved=2/3 tokens=(4641,914)
  model=qwen-2.5-7b N=3 arm=react real_lme_00032_22d2cb42 seed=2: per_fault={'ctx': True, 'english': True, 'preamble': True} all_resolved=True n_resolved=3/3 tokens=(4641,621)
  model=qwen-2.5-7b N=3 arm=react real_lme_00043_c2ac3c61 seed=0: per_fault={'ctx': True, 'bullets': True, 'concise': True} all_resolved=True n_resolved=3/3 tokens=(4803,714)
  model=qwen-2.5-7b N=3 arm=react real_lme_00043_c2ac3c61 seed=1: per_fault={'ctx': True, 'bullets': True, 'concise': True} all_resolved=True n_resolved=3/3 tokens=(4803,714)
  model=qwen-2.5-7b N=3 arm=react real_lme_00043_c2ac3c61 seed=2: per_fault={'ctx': True, 'bullets': True, 'concise': True} all_resolved=True n_resolved=3/3 tokens=(4803,681)
  model=qwen-2.5-7b N=3 arm=react real_lme_00049_0862e8bf_abs seed=0: per_fault={'ctx': False, 'concise': True, 'english': True} all_resolved=False n_resolved=2/3 tokens=(5147,502)
  model=qwen-2.5-7b N=3 arm=react real_lme_00049_0862e8bf_abs seed=1: per_fault={'ctx': False, 'concise': True, 'english': True} all_resolved=False n_resolved=2/3 tokens=(5147,502)
  model=qwen-2.5-7b N=3 arm=react real_lme_00049_0862e8bf_abs seed=2: per_fault={'ctx': False, 'concise': True, 'english': True} all_resolved=False n_resolved=2/3 tokens=(5147,543)
  model=qwen-2.5-7b N=3 arm=react real_lme_00053_21d02d0d seed=0: per_fault={'ctx': True, 'bullets': True, 'concise': True} all_resolved=True n_resolved=3/3 tokens=(4947,508)
  model=qwen-2.5-7b N=3 arm=react real_lme_00053_21d02d0d seed=1: per_fault={'ctx': True, 'bullets': True, 'concise': True} all_resolved=True n_resolved=3/3 tokens=(4947,508)
  model=qwen-2.5-7b N=3 arm=react real_lme_00053_21d02d0d seed=2: per_fault={'ctx': False, 'bullets': True, 'concise': True} all_resolved=False n_resolved=2/3 tokens=(4947,926)
  model=qwen-2.5-7b N=3 arm=react real_lme_00059_2ebe6c90 seed=0: per_fault={'ctx': False, 'concise': True, 'english': True} all_resolved=False n_resolved=2/3 tokens=(4667,1037)
  model=qwen-2.5-7b N=3 arm=react real_lme_00059_2ebe6c90 seed=1: per_fault={'ctx': False, 'concise': True, 'english': True} all_resolved=False n_resolved=2/3 tokens=(4667,1037)
  model=qwen-2.5-7b N=3 arm=react real_lme_00059_2ebe6c90 seed=2: per_fault={'ctx': False, 'concise': True, 'english': True} all_resolved=False n_resolved=2/3 tokens=(4667,1256)
  model=qwen-2.5-7b N=3 arm=react real_lme_00069_gpt4_31ff4165 seed=0: per_fault={'ctx': True, 'bullets': True, 'concise': False} all_resolved=False n_resolved=2/3 tokens=(5161,856)
  model=qwen-2.5-7b N=3 arm=react real_lme_00069_gpt4_31ff4165 seed=1: per_fault={'ctx': True, 'bullets': True, 'concise': False} all_resolved=False n_resolved=2/3 tokens=(5161,856)
  model=qwen-2.5-7b N=3 arm=react real_lme_00069_gpt4_31ff4165 seed=2: per_fault={'ctx': True, 'bullets': True, 'concise': False} all_resolved=False n_resolved=2/3 tokens=(5161,726)
  model=qwen-2.5-7b N=3 arm=react real_lme_00076_f4f1d8a4_abs seed=0: per_fault={'ctx': True, 'bullets': True, 'preamble': True} all_resolved=True n_resolved=3/3 tokens=(5299,562)
  model=qwen-2.5-7b N=3 arm=react real_lme_00076_f4f1d8a4_abs seed=1: per_fault={'ctx': True, 'bullets': True, 'preamble': True} all_resolved=True n_resolved=3/3 tokens=(5299,562)
  model=qwen-2.5-7b N=3 arm=react real_lme_00076_f4f1d8a4_abs seed=2: per_fault={'ctx': False, 'bullets': True, 'preamble': True} all_resolved=False n_resolved=2/3 tokens=(5299,599)
  model=qwen-2.5-7b N=3 arm=react real_lme_00081_afdc33df seed=0: per_fault={'ctx': False, 'concise': True, 'english': True} all_resolved=False n_resolved=2/3 tokens=(5611,893)
  model=qwen-2.5-7b N=3 arm=react real_lme_00081_afdc33df seed=1: per_fault={'ctx': False, 'concise': True, 'english': True} all_resolved=False n_resolved=2/3 tokens=(5611,893)
  model=qwen-2.5-7b N=3 arm=react real_lme_00081_afdc33df seed=2: per_fault={'ctx': False, 'concise': True, 'english': True} all_resolved=False n_resolved=2/3 tokens=(5611,733)
  model=qwen-2.5-7b N=3 arm=react real_lme_00085_a11281a2 seed=0: per_fault={'ctx': True, 'concise': False, 'preamble': True} all_resolved=False n_resolved=2/3 tokens=(4325,782)
  model=qwen-2.5-7b N=3 arm=react real_lme_00085_a11281a2 seed=1: per_fault={'ctx': True, 'concise': False, 'preamble': True} all_resolved=False n_resolved=2/3 tokens=(4325,782)
  model=qwen-2.5-7b N=3 arm=react real_lme_00085_a11281a2 seed=2: per_fault={'ctx': True, 'concise': True, 'preamble': True} all_resolved=True n_resolved=3/3 tokens=(4325,486)
  model=qwen-2.5-7b N=3 arm=react real_lme_00086_af082822 seed=0: per_fault={'ctx': False, 'concise': True, 'english': True} all_resolved=False n_resolved=2/3 tokens=(4657,659)
  model=qwen-2.5-7b N=3 arm=react real_lme_00086_af082822 seed=1: per_fault={'ctx': False, 'concise': True, 'english': True} all_resolved=False n_resolved=2/3 tokens=(4657,659)
  model=qwen-2.5-7b N=3 arm=react real_lme_00086_af082822 seed=2: per_fault={'ctx': True, 'concise': True, 'english': True} all_resolved=True n_resolved=3/3 tokens=(4657,815)
  model=qwen-2.5-7b N=3 arm=react real_lme_00087_3b6f954b seed=0: per_fault={'ctx': True, 'concise': True, 'preamble': True} all_resolved=True n_resolved=3/3 tokens=(4711,636)
  model=qwen-2.5-7b N=3 arm=react real_lme_00087_3b6f954b seed=1: per_fault={'ctx': True, 'concise': True, 'preamble': True} all_resolved=True n_resolved=3/3 tokens=(4711,636)
  model=qwen-2.5-7b N=3 arm=react real_lme_00087_3b6f954b seed=2: per_fault={'ctx': True, 'concise': True, 'preamble': True} all_resolved=True n_resolved=3/3 tokens=(4711,635)
  model=qwen-2.5-7b N=3 arm=react real_lme_00093_545bd2b5 seed=0: per_fault={'ctx': False, 'bullets': True, 'concise': True} all_resolved=False n_resolved=2/3 tokens=(4771,1237)
  model=qwen-2.5-7b N=3 arm=react real_lme_00093_545bd2b5 seed=1: per_fault={'ctx': False, 'bullets': True, 'concise': True} all_resolved=False n_resolved=2/3 tokens=(4771,1237)
  model=qwen-2.5-7b N=3 arm=react real_lme_00093_545bd2b5 seed=2: per_fault={'ctx': True, 'bullets': True, 'concise': True} all_resolved=True n_resolved=3/3 tokens=(4771,1065)
  model=qwen-2.5-7b N=3 arm=react real_lme_00110_gpt4_1a1dc16d seed=0: per_fault={'ctx': True, 'concise': True, 'preamble': True} all_resolved=True n_resolved=3/3 tokens=(4867,686)
  model=qwen-2.5-7b N=3 arm=react real_lme_00110_gpt4_1a1dc16d seed=1: per_fault={'ctx': True, 'concise': True, 'preamble': True} all_resolved=True n_resolved=3/3 tokens=(4867,686)
  model=qwen-2.5-7b N=3 arm=react real_lme_00110_gpt4_1a1dc16d seed=2: per_fault={'ctx': False, 'concise': True, 'preamble': True} all_resolved=False n_resolved=2/3 tokens=(4867,965)
  model=qwen-2.5-7b N=3 arm=react real_lme_00119_c6853660 seed=0: per_fault={'ctx': True, 'bullets': True, 'preamble': True} all_resolved=True n_resolved=3/3 tokens=(4889,713)
  model=qwen-2.5-7b N=3 arm=react real_lme_00119_c6853660 seed=1: per_fault={'ctx': True, 'bullets': True, 'preamble': True} all_resolved=True n_resolved=3/3 tokens=(4889,713)
  model=qwen-2.5-7b N=3 arm=react real_lme_00119_c6853660 seed=2: per_fault={'ctx': True, 'bullets': True, 'preamble': True} all_resolved=True n_resolved=3/3 tokens=(4889,731)
  model=qwen-2.5-7b N=3 arm=react real_lme_00120_42ec0761 seed=0: per_fault={'ctx': True, 'bullets': True, 'concise': True} all_resolved=True n_resolved=3/3 tokens=(4987,717)
  model=qwen-2.5-7b N=3 arm=react real_lme_00120_42ec0761 seed=1: per_fault={'ctx': True, 'bullets': True, 'concise': True} all_resolved=True n_resolved=3/3 tokens=(4987,717)
  model=qwen-2.5-7b N=3 arm=react real_lme_00120_42ec0761 seed=2: per_fault={'ctx': True, 'bullets': True, 'concise': True} all_resolved=True n_resolved=3/3 tokens=(4987,670)
  model=qwen-2.5-7b N=3 arm=react real_lme_00122_0a34ad58 seed=0: per_fault={'ctx': False, 'bullets': True, 'preamble': True} all_resolved=False n_resolved=2/3 tokens=(5337,796)
  model=qwen-2.5-7b N=3 arm=react real_lme_00122_0a34ad58 seed=1: per_fault={'ctx': False, 'bullets': True, 'preamble': True} all_resolved=False n_resolved=2/3 tokens=(5337,796)
  model=qwen-2.5-7b N=3 arm=react real_lme_00122_0a34ad58 seed=2: per_fault={'ctx': False, 'bullets': True, 'preamble': True} all_resolved=False n_resolved=2/3 tokens=(5337,891)
  model=qwen-2.5-7b N=3 arm=react real_lme_00123_ceb54acb seed=0: per_fault={'ctx': False, 'english': True, 'preamble': True} all_resolved=False n_resolved=2/3 tokens=(3663,649)
  model=qwen-2.5-7b N=3 arm=react real_lme_00123_ceb54acb seed=1: per_fault={'ctx': False, 'english': True, 'preamble': True} all_resolved=False n_resolved=2/3 tokens=(3663,649)
  model=qwen-2.5-7b N=3 arm=react real_lme_00123_ceb54acb seed=2: per_fault={'ctx': False, 'english': True, 'preamble': True} all_resolved=False n_resolved=2/3 tokens=(3663,640)
  model=qwen-2.5-7b N=3 arm=react real_lme_00133_71a3fd6b seed=0: per_fault={'ctx': True, 'bullets': True, 'concise': True} all_resolved=True n_resolved=3/3 tokens=(3679,702)
  model=qwen-2.5-7b N=3 arm=react real_lme_00133_71a3fd6b seed=1: per_fault={'ctx': True, 'bullets': True, 'concise': True} all_resolved=True n_resolved=3/3 tokens=(3679,702)
  model=qwen-2.5-7b N=3 arm=react real_lme_00133_71a3fd6b seed=2: per_fault={'ctx': True, 'bullets': True, 'concise': True} all_resolved=True n_resolved=3/3 tokens=(3679,818)
  model=qwen-2.5-7b N=3 arm=react real_lme_00135_129d1232 seed=0: per_fault={'ctx': False, 'concise': True, 'english': True} all_resolved=False n_resolved=2/3 tokens=(4945,578)
  model=qwen-2.5-7b N=3 arm=react real_lme_00135_129d1232 seed=1: per_fault={'ctx': False, 'concise': True, 'english': True} all_resolved=False n_resolved=2/3 tokens=(4945,578)
  model=qwen-2.5-7b N=3 arm=react real_lme_00135_129d1232 seed=2: per_fault={'ctx': False, 'concise': True, 'english': True} all_resolved=False n_resolved=2/3 tokens=(4945,591)
  model=qwen-2.5-7b N=3 arm=react real_lme_00144_7a87bd0c seed=0: per_fault={'ctx': True, 'bullets': True, 'preamble': True} all_resolved=True n_resolved=3/3 tokens=(5075,702)
  model=qwen-2.5-7b N=3 arm=react real_lme_00144_7a87bd0c seed=1: per_fault={'ctx': True, 'bullets': True, 'preamble': True} all_resolved=True n_resolved=3/3 tokens=(5075,702)
  model=qwen-2.5-7b N=3 arm=react real_lme_00144_7a87bd0c seed=2: per_fault={'ctx': True, 'bullets': True, 'preamble': True} all_resolved=True n_resolved=3/3 tokens=(5075,683)
  model=qwen-2.5-7b N=3 arm=react real_lme_00156_e831120c seed=0: per_fault={'ctx': True, 'concise': False, 'preamble': True} all_resolved=False n_resolved=2/3 tokens=(5557,935)
  model=qwen-2.5-7b N=3 arm=react real_lme_00156_e831120c seed=1: per_fault={'ctx': True, 'concise': False, 'preamble': True} all_resolved=False n_resolved=2/3 tokens=(5557,935)
  model=qwen-2.5-7b N=3 arm=react real_lme_00156_e831120c seed=2: per_fault={'ctx': False, 'concise': False, 'preamble': True} all_resolved=False n_resolved=1/3 tokens=(5557,1081)
  model=qwen-2.5-7b N=3 arm=react real_lme_00168_gpt4_68e94287 seed=0: per_fault={'ctx': True, 'bullets': True, 'concise': True} all_resolved=True n_resolved=3/3 tokens=(5509,452)
  model=qwen-2.5-7b N=3 arm=react real_lme_00168_gpt4_68e94287 seed=1: per_fault={'ctx': True, 'bullets': True, 'concise': True} all_resolved=True n_resolved=3/3 tokens=(5509,452)
  model=qwen-2.5-7b N=3 arm=react real_lme_00168_gpt4_68e94287 seed=2: per_fault={'ctx': False, 'bullets': True, 'concise': True} all_resolved=False n_resolved=2/3 tokens=(5509,860)
  model=qwen-2.5-7b N=3 arm=react real_lme_00183_8464fc84 seed=0: per_fault={'ctx': True, 'concise': True, 'preamble': True} all_resolved=True n_resolved=3/3 tokens=(4911,524)
  model=qwen-2.5-7b N=3 arm=react real_lme_00183_8464fc84 seed=1: per_fault={'ctx': True, 'concise': True, 'preamble': True} all_resolved=True n_resolved=3/3 tokens=(4911,524)
  model=qwen-2.5-7b N=3 arm=react real_lme_00183_8464fc84 seed=2: per_fault={'ctx': True, 'concise': True, 'preamble': True} all_resolved=True n_resolved=3/3 tokens=(4911,755)
  model=qwen-2.5-7b N=3 arm=react real_lme_00184_45dc21b6 seed=0: per_fault={'ctx': False, 'concise': True, 'preamble': True} all_resolved=False n_resolved=2/3 tokens=(4693,793)
  model=qwen-2.5-7b N=3 arm=react real_lme_00184_45dc21b6 seed=1: per_fault={'ctx': False, 'concise': True, 'preamble': True} all_resolved=False n_resolved=2/3 tokens=(4693,793)
  model=qwen-2.5-7b N=3 arm=react real_lme_00184_45dc21b6 seed=2: per_fault={'ctx': True, 'concise': True, 'preamble': True} all_resolved=True n_resolved=3/3 tokens=(4693,612)
  model=qwen-2.5-7b N=3 arm=react real_lme_00191_993da5e2 seed=0: per_fault={'ctx': False, 'english': True, 'preamble': True} all_resolved=False n_resolved=2/3 tokens=(5201,546)
  model=qwen-2.5-7b N=3 arm=react real_lme_00191_993da5e2 seed=1: per_fault={'ctx': False, 'english': True, 'preamble': True} all_resolved=False n_resolved=2/3 tokens=(5201,546)
  model=qwen-2.5-7b N=3 arm=react real_lme_00191_993da5e2 seed=2: per_fault={'ctx': False, 'english': True, 'preamble': True} all_resolved=False n_resolved=2/3 tokens=(5201,648)
  model=qwen-2.5-7b N=3 arm=react real_lme_00195_gpt4_1d80365e seed=0: per_fault={'ctx': False, 'concise': True, 'preamble': True} all_resolved=False n_resolved=2/3 tokens=(4849,625)
  model=qwen-2.5-7b N=3 arm=react real_lme_00195_gpt4_1d80365e seed=1: per_fault={'ctx': False, 'concise': True, 'preamble': True} all_resolved=False n_resolved=2/3 tokens=(4849,625)
  model=qwen-2.5-7b N=3 arm=react real_lme_00195_gpt4_1d80365e seed=2: per_fault={'ctx': False, 'concise': True, 'preamble': True} all_resolved=False n_resolved=2/3 tokens=(4849,707)
  model=qwen-2.5-7b N=3 arm=react real_lme_00197_gpt4_213fd887 seed=0: per_fault={'ctx': True, 'concise': True, 'preamble': True} all_resolved=True n_resolved=3/3 tokens=(5131,673)
  model=qwen-2.5-7b N=3 arm=react real_lme_00197_gpt4_213fd887 seed=1: per_fault={'ctx': True, 'concise': True, 'preamble': True} all_resolved=True n_resolved=3/3 tokens=(5131,673)
  model=qwen-2.5-7b N=3 arm=react real_lme_00197_gpt4_213fd887 seed=2: per_fault={'ctx': True, 'concise': True, 'preamble': True} all_resolved=True n_resolved=3/3 tokens=(5131,716)
  model=qwen-2.5-7b N=3 arm=react real_lme_00198_gpt4_d6585ce8 seed=0: per_fault={'ctx': False, 'concise': False, 'preamble': True} all_resolved=False n_resolved=1/3 tokens=(5757,1062)
  model=qwen-2.5-7b N=3 arm=react real_lme_00198_gpt4_d6585ce8 seed=1: per_fault={'ctx': False, 'concise': False, 'preamble': True} all_resolved=False n_resolved=1/3 tokens=(5757,1062)
  model=qwen-2.5-7b N=3 arm=react real_lme_00198_gpt4_d6585ce8 seed=2: per_fault={'ctx': False, 'concise': False, 'preamble': True} all_resolved=False n_resolved=1/3 tokens=(5757,1162)
  model=qwen-2.5-7b N=3 arm=react real_lme_00209_7e974930 seed=0: per_fault={'ctx': False, 'concise': True, 'english': True} all_resolved=False n_resolved=2/3 tokens=(5065,699)
  model=qwen-2.5-7b N=3 arm=react real_lme_00209_7e974930 seed=1: per_fault={'ctx': False, 'concise': True, 'english': True} all_resolved=False n_resolved=2/3 tokens=(5065,699)
  model=qwen-2.5-7b N=3 arm=react real_lme_00209_7e974930 seed=2: per_fault={'ctx': False, 'concise': True, 'english': True} all_resolved=False n_resolved=2/3 tokens=(5065,627)
  model=qwen-2.5-7b N=3 arm=react real_lme_00212_e01b8e2f seed=0: per_fault={'ctx': True, 'concise': True, 'preamble': True} all_resolved=True n_resolved=3/3 tokens=(4793,476)
  model=qwen-2.5-7b N=3 arm=react real_lme_00212_e01b8e2f seed=1: per_fault={'ctx': True, 'concise': True, 'preamble': True} all_resolved=True n_resolved=3/3 tokens=(4793,476)
  model=qwen-2.5-7b N=3 arm=react real_lme_00212_e01b8e2f seed=2: per_fault={'ctx': True, 'concise': True, 'preamble': True} all_resolved=True n_resolved=3/3 tokens=(4793,927)
  model=qwen-2.5-7b N=3 arm=react real_lme_00216_2698e78f_abs seed=0: per_fault={'ctx': True, 'bullets': True, 'concise': False} all_resolved=False n_resolved=2/3 tokens=(4623,893)
  model=qwen-2.5-7b N=3 arm=react real_lme_00216_2698e78f_abs seed=1: per_fault={'ctx': True, 'bullets': True, 'concise': False} all_resolved=False n_resolved=2/3 tokens=(4623,893)
  model=qwen-2.5-7b N=3 arm=react real_lme_00216_2698e78f_abs seed=2: per_fault={'ctx': True, 'bullets': True, 'concise': False} all_resolved=False n_resolved=2/3 tokens=(4623,938)
  model=qwen-2.5-7b N=3 arm=react real_lme_00220_gpt4_2312f94c seed=0: per_fault={'ctx': True, 'bullets': True, 'concise': True} all_resolved=True n_resolved=3/3 tokens=(5165,661)
  model=qwen-2.5-7b N=3 arm=react real_lme_00220_gpt4_2312f94c seed=1: per_fault={'ctx': True, 'bullets': True, 'concise': True} all_resolved=True n_resolved=3/3 tokens=(5165,661)
  model=qwen-2.5-7b N=3 arm=react real_lme_00220_gpt4_2312f94c seed=2: per_fault={'ctx': True, 'bullets': True, 'concise': True} all_resolved=True n_resolved=3/3 tokens=(5165,705)
  model=qwen-2.5-7b N=3 arm=react real_lme_00222_3f1e9474 seed=0: per_fault={'ctx': True, 'concise': True, 'preamble': True} all_resolved=True n_resolved=3/3 tokens=(4803,775)
  model=qwen-2.5-7b N=3 arm=react real_lme_00222_3f1e9474 seed=1: per_fault={'ctx': True, 'concise': True, 'preamble': True} all_resolved=True n_resolved=3/3 tokens=(4803,775)
  model=qwen-2.5-7b N=3 arm=react real_lme_00222_3f1e9474 seed=2: per_fault={'ctx': True, 'concise': True, 'preamble': True} all_resolved=True n_resolved=3/3 tokens=(4803,580)
  model=qwen-2.5-7b N=3 arm=react real_lme_00224_dccbc061 seed=0: per_fault={'ctx': True, 'bullets': True, 'concise': True} all_resolved=True n_resolved=3/3 tokens=(4315,479)
  model=qwen-2.5-7b N=3 arm=react real_lme_00224_dccbc061 seed=1: per_fault={'ctx': True, 'bullets': True, 'concise': True} all_resolved=True n_resolved=3/3 tokens=(4315,479)
  model=qwen-2.5-7b N=3 arm=react real_lme_00224_dccbc061 seed=2: per_fault={'ctx': True, 'bullets': True, 'concise': True} all_resolved=True n_resolved=3/3 tokens=(4315,690)
  model=qwen-2.5-7b N=3 arm=react real_lme_00226_b759caee seed=0: per_fault={'ctx': True, 'bullets': True, 'concise': True} all_resolved=True n_resolved=3/3 tokens=(4121,646)
  model=qwen-2.5-7b N=3 arm=react real_lme_00226_b759caee seed=1: per_fault={'ctx': True, 'bullets': True, 'concise': True} all_resolved=True n_resolved=3/3 tokens=(4121,646)
  model=qwen-2.5-7b N=3 arm=react real_lme_00226_b759caee seed=2: per_fault={'ctx': True, 'bullets': True, 'concise': False} all_resolved=False n_resolved=2/3 tokens=(4121,1115)
  model=qwen-2.5-7b N=3 arm=react real_lme_00227_8aef76bc seed=0: per_fault={'ctx': True, 'bullets': True, 'preamble': True} all_resolved=True n_resolved=3/3 tokens=(4211,720)
  model=qwen-2.5-7b N=3 arm=react real_lme_00227_8aef76bc seed=1: per_fault={'ctx': True, 'bullets': True, 'preamble': True} all_resolved=True n_resolved=3/3 tokens=(4211,720)
  model=qwen-2.5-7b N=3 arm=react real_lme_00227_8aef76bc seed=2: per_fault={'ctx': True, 'bullets': True, 'preamble': True} all_resolved=True n_resolved=3/3 tokens=(4211,686)
  model=qwen-2.5-7b N=3 arm=react real_lme_00232_gpt4_59c863d7 seed=0: per_fault={'ctx': False, 'concise': True, 'english': True} all_resolved=False n_resolved=2/3 tokens=(5805,832)
  model=qwen-2.5-7b N=3 arm=react real_lme_00232_gpt4_59c863d7 seed=1: per_fault={'ctx': False, 'concise': True, 'english': True} all_resolved=False n_resolved=2/3 tokens=(5805,832)
  model=qwen-2.5-7b N=3 arm=react real_lme_00232_gpt4_59c863d7 seed=2: per_fault={'ctx': False, 'concise': True, 'english': True} all_resolved=False n_resolved=2/3 tokens=(5805,688)
  model=qwen-2.5-7b N=3 arm=react real_lme_00240_09ba9854 seed=0: per_fault={'ctx': False, 'concise': True, 'preamble': True} all_resolved=False n_resolved=2/3 tokens=(5267,888)
  model=qwen-2.5-7b N=3 arm=react real_lme_00240_09ba9854 seed=1: per_fault={'ctx': False, 'concise': True, 'preamble': True} all_resolved=False n_resolved=2/3 tokens=(5267,888)
  model=qwen-2.5-7b N=3 arm=react real_lme_00240_09ba9854 seed=2: per_fault={'ctx': False, 'concise': True, 'preamble': True} all_resolved=False n_resolved=2/3 tokens=(5267,942)
  model=qwen-2.5-7b N=3 arm=react real_lme_00247_1d4da289 seed=0: per_fault={'ctx': False, 'bullets': True, 'concise': True} all_resolved=False n_resolved=2/3 tokens=(4549,727)
  model=qwen-2.5-7b N=3 arm=react real_lme_00247_1d4da289 seed=1: per_fault={'ctx': False, 'bullets': True, 'concise': True} all_resolved=False n_resolved=2/3 tokens=(4549,727)
  model=qwen-2.5-7b N=3 arm=react real_lme_00247_1d4da289 seed=2: per_fault={'ctx': False, 'bullets': True, 'concise': True} all_resolved=False n_resolved=2/3 tokens=(4549,715)
  model=qwen-2.5-7b N=3 arm=react real_lme_00254_ba358f49 seed=0: per_fault={'ctx': False, 'bullets': True, 'concise': True} all_resolved=False n_resolved=2/3 tokens=(4501,777)
  model=qwen-2.5-7b N=3 arm=react real_lme_00254_ba358f49 seed=1: per_fault={'ctx': False, 'bullets': True, 'concise': True} all_resolved=False n_resolved=2/3 tokens=(4501,777)
  model=qwen-2.5-7b N=3 arm=react real_lme_00254_ba358f49 seed=2: per_fault={'ctx': True, 'bullets': True, 'concise': True} all_resolved=True n_resolved=3/3 tokens=(4501,725)
  model=qwen-2.5-7b N=3 arm=react real_lme_00257_10e09553 seed=0: per_fault={'ctx': True, 'concise': True, 'preamble': True} all_resolved=True n_resolved=3/3 tokens=(4993,664)
  model=qwen-2.5-7b N=3 arm=react real_lme_00257_10e09553 seed=1: per_fault={'ctx': True, 'concise': True, 'preamble': True} all_resolved=True n_resolved=3/3 tokens=(4993,664)
  model=qwen-2.5-7b N=3 arm=react real_lme_00257_10e09553 seed=2: per_fault={'ctx': True, 'concise': True, 'preamble': True} all_resolved=True n_resolved=3/3 tokens=(4993,783)
  model=qwen-2.5-7b N=3 arm=react real_lme_00258_gpt4_93159ced_abs seed=0: per_fault={'ctx': False, 'english': True, 'preamble': True} all_resolved=False n_resolved=2/3 tokens=(4913,648)
  model=qwen-2.5-7b N=3 arm=react real_lme_00258_gpt4_93159ced_abs seed=1: per_fault={'ctx': False, 'english': True, 'preamble': True} all_resolved=False n_resolved=2/3 tokens=(4913,648)
  model=qwen-2.5-7b N=3 arm=react real_lme_00258_gpt4_93159ced_abs seed=2: per_fault={'ctx': False, 'english': True, 'preamble': True} all_resolved=False n_resolved=2/3 tokens=(4913,648)
  model=qwen-2.5-7b N=3 arm=react real_lme_00263_2698e78f seed=0: per_fault={'ctx': False, 'bullets': True, 'concise': False} all_resolved=False n_resolved=1/3 tokens=(4887,816)
  model=qwen-2.5-7b N=3 arm=react real_lme_00263_2698e78f seed=1: per_fault={'ctx': False, 'bullets': True, 'concise': False} all_resolved=False n_resolved=1/3 tokens=(4887,816)
  model=qwen-2.5-7b N=3 arm=react real_lme_00263_2698e78f seed=2: per_fault={'ctx': True, 'bullets': True, 'concise': False} all_resolved=False n_resolved=2/3 tokens=(4887,698)
  model=qwen-2.5-7b N=3 arm=react real_lme_00264_7161e7e2 seed=0: per_fault={'ctx': False, 'english': True, 'preamble': True} all_resolved=False n_resolved=2/3 tokens=(5693,759)
  model=qwen-2.5-7b N=3 arm=react real_lme_00264_7161e7e2 seed=1: per_fault={'ctx': False, 'english': True, 'preamble': True} all_resolved=False n_resolved=2/3 tokens=(5693,759)
  model=qwen-2.5-7b N=3 arm=react real_lme_00264_7161e7e2 seed=2: per_fault={'ctx': False, 'english': True, 'preamble': True} all_resolved=False n_resolved=2/3 tokens=(5693,544)
  model=qwen-2.5-7b N=3 arm=react real_lme_00267_8550ddae seed=0: per_fault={'ctx': False, 'concise': True, 'english': True} all_resolved=False n_resolved=2/3 tokens=(4745,652)
  model=qwen-2.5-7b N=3 arm=react real_lme_00267_8550ddae seed=1: per_fault={'ctx': False, 'concise': True, 'english': True} all_resolved=False n_resolved=2/3 tokens=(4745,652)
  model=qwen-2.5-7b N=3 arm=react real_lme_00267_8550ddae seed=2: per_fault={'ctx': False, 'concise': True, 'english': True} all_resolved=False n_resolved=2/3 tokens=(4745,604)
  model=qwen-2.5-7b N=3 arm=react real_lme_00279_6222b6eb seed=0: per_fault={'ctx': False, 'concise': True, 'english': True} all_resolved=False n_resolved=2/3 tokens=(4911,826)
  model=qwen-2.5-7b N=3 arm=react real_lme_00279_6222b6eb seed=1: per_fault={'ctx': False, 'concise': True, 'english': True} all_resolved=False n_resolved=2/3 tokens=(4911,826)
  model=qwen-2.5-7b N=3 arm=react real_lme_00279_6222b6eb seed=2: per_fault={'ctx': False, 'concise': True, 'english': True} all_resolved=False n_resolved=2/3 tokens=(4911,774)
  model=qwen-2.5-7b N=3 arm=react real_lme_00285_a96c20ee_abs seed=0: per_fault={'ctx': True, 'concise': True, 'preamble': True} all_resolved=True n_resolved=3/3 tokens=(4389,788)
  model=qwen-2.5-7b N=3 arm=react real_lme_00285_a96c20ee_abs seed=1: per_fault={'ctx': True, 'concise': True, 'preamble': True} all_resolved=True n_resolved=3/3 tokens=(4389,788)
  model=qwen-2.5-7b N=3 arm=react real_lme_00285_a96c20ee_abs seed=2: per_fault={'ctx': False, 'concise': False, 'preamble': True} all_resolved=False n_resolved=1/3 tokens=(4389,796)
  model=qwen-2.5-7b N=3 arm=react real_lme_00288_c8090214_abs seed=0: per_fault={'ctx': False, 'concise': True, 'english': True} all_resolved=False n_resolved=2/3 tokens=(5109,545)
  model=qwen-2.5-7b N=3 arm=react real_lme_00288_c8090214_abs seed=1: per_fault={'ctx': False, 'concise': True, 'english': True} all_resolved=False n_resolved=2/3 tokens=(5109,545)
  model=qwen-2.5-7b N=3 arm=react real_lme_00288_c8090214_abs seed=2: per_fault={'ctx': False, 'concise': True, 'english': True} all_resolved=False n_resolved=2/3 tokens=(5109,558)
  model=qwen-2.5-7b N=3 arm=react real_lme_00293_27016adc seed=0: per_fault={'ctx': True, 'bullets': True, 'concise': True} all_resolved=True n_resolved=3/3 tokens=(4791,763)
  model=qwen-2.5-7b N=3 arm=react real_lme_00293_27016adc seed=1: per_fault={'ctx': True, 'bullets': True, 'concise': True} all_resolved=True n_resolved=3/3 tokens=(4791,763)
  model=qwen-2.5-7b N=3 arm=react real_lme_00293_27016adc seed=2: per_fault={'ctx': True, 'bullets': True, 'concise': True} all_resolved=True n_resolved=3/3 tokens=(4791,1017)
  model=qwen-2.5-7b N=3 arm=react real_lme_00300_c9f37c46 seed=0: per_fault={'ctx': False, 'english': True, 'preamble': True} all_resolved=False n_resolved=2/3 tokens=(4609,562)
  model=qwen-2.5-7b N=3 arm=react real_lme_00300_c9f37c46 seed=1: per_fault={'ctx': False, 'english': True, 'preamble': True} all_resolved=False n_resolved=2/3 tokens=(4609,562)
  model=qwen-2.5-7b N=3 arm=react real_lme_00300_c9f37c46 seed=2: per_fault={'ctx': False, 'english': True, 'preamble': True} all_resolved=False n_resolved=2/3 tokens=(4609,551)
  model=qwen-2.5-7b N=3 arm=react real_lme_00306_gpt4_2f56ae70 seed=0: per_fault={'ctx': True, 'concise': True, 'preamble': True} all_resolved=True n_resolved=3/3 tokens=(4463,1032)
  model=qwen-2.5-7b N=3 arm=react real_lme_00306_gpt4_2f56ae70 seed=1: per_fault={'ctx': True, 'concise': True, 'preamble': True} all_resolved=True n_resolved=3/3 tokens=(4463,1032)
  model=qwen-2.5-7b N=3 arm=react real_lme_00306_gpt4_2f56ae70 seed=2: per_fault={'ctx': False, 'concise': True, 'preamble': True} all_resolved=False n_resolved=2/3 tokens=(4463,862)
  model=qwen-2.5-7b N=3 arm=react real_lme_00308_gpt4_4929293a seed=0: per_fault={'ctx': True, 'bullets': True, 'concise': True} all_resolved=True n_resolved=3/3 tokens=(4695,819)
  model=qwen-2.5-7b N=3 arm=react real_lme_00308_gpt4_4929293a seed=1: per_fault={'ctx': True, 'bullets': True, 'concise': True} all_resolved=True n_resolved=3/3 tokens=(4695,819)
  model=qwen-2.5-7b N=3 arm=react real_lme_00308_gpt4_4929293a seed=2: per_fault={'ctx': True, 'bullets': True, 'concise': True} all_resolved=True n_resolved=3/3 tokens=(4695,824)
  model=qwen-2.5-7b N=3 arm=react real_lme_00312_a3332713 seed=0: per_fault={'ctx': False, 'concise': True, 'english': True} all_resolved=False n_resolved=2/3 tokens=(5035,715)
  model=qwen-2.5-7b N=3 arm=react real_lme_00312_a3332713 seed=1: per_fault={'ctx': False, 'concise': True, 'english': True} all_resolved=False n_resolved=2/3 tokens=(5035,715)
  model=qwen-2.5-7b N=3 arm=react real_lme_00312_a3332713 seed=2: per_fault={'ctx': False, 'concise': True, 'english': True} all_resolved=False n_resolved=2/3 tokens=(5035,651)
  model=qwen-2.5-7b N=3 arm=react real_lme_00322_0a34ad58 seed=0: per_fault={'ctx': False, 'concise': True, 'english': True} all_resolved=False n_resolved=2/3 tokens=(5675,1047)
  model=qwen-2.5-7b N=3 arm=react real_lme_00322_0a34ad58 seed=1: per_fault={'ctx': False, 'concise': True, 'english': True} all_resolved=False n_resolved=2/3 tokens=(5675,1047)
  model=qwen-2.5-7b N=3 arm=react real_lme_00322_0a34ad58 seed=2: per_fault={'ctx': False, 'concise': True, 'english': True} all_resolved=False n_resolved=2/3 tokens=(5675,673)
  model=qwen-2.5-7b N=3 arm=react real_lme_00328_57f827a0 seed=0: per_fault={'ctx': False, 'concise': False, 'preamble': True} all_resolved=False n_resolved=1/3 tokens=(5351,1068)
  model=qwen-2.5-7b N=3 arm=react real_lme_00328_57f827a0 seed=1: per_fault={'ctx': False, 'concise': False, 'preamble': True} all_resolved=False n_resolved=1/3 tokens=(5351,1068)
  model=qwen-2.5-7b N=3 arm=react real_lme_00328_57f827a0 seed=2: per_fault={'ctx': False, 'concise': False, 'preamble': True} all_resolved=False n_resolved=1/3 tokens=(5351,1347)
--- [qwen-2.5-7b][react] N=3: rows written=180 errors=0 tokens_in=883560 tokens_out=135005 ---
  model=qwen-2.5-7b N=3 arm=selfcheckgpt real_lme_00001_603deb26 seed=0: per_fault={'ctx': False, 'concise': True, 'english': True} all_resolved=False n_resolved=2/3 tokens=(17650,433)
  model=qwen-2.5-7b N=3 arm=selfcheckgpt real_lme_00001_603deb26 seed=1: per_fault={'ctx': True, 'concise': True, 'english': True} all_resolved=True n_resolved=3/3 tokens=(15100,360)
  model=qwen-2.5-7b N=3 arm=selfcheckgpt real_lme_00001_603deb26 seed=2: per_fault={'ctx': True, 'concise': True, 'english': True} all_resolved=True n_resolved=3/3 tokens=(15154,451)
  model=qwen-2.5-7b N=3 arm=selfcheckgpt real_lme_00007_5025383b seed=0: per_fault={'ctx': True, 'bullets': True, 'preamble': True} all_resolved=True n_resolved=3/3 tokens=(12779,295)
  model=qwen-2.5-7b N=3 arm=selfcheckgpt real_lme_00007_5025383b seed=1: per_fault={'ctx': True, 'bullets': True, 'preamble': True} all_resolved=True n_resolved=3/3 tokens=(12779,295)
  model=qwen-2.5-7b N=3 arm=selfcheckgpt real_lme_00007_5025383b seed=2: per_fault={'ctx': True, 'bullets': True, 'preamble': True} all_resolved=True n_resolved=3/3 tokens=(12768,257)
  model=qwen-2.5-7b N=3 arm=selfcheckgpt real_lme_00010_0a34ad58 seed=0: per_fault={'ctx': False, 'concise': True, 'preamble': True} all_resolved=False n_resolved=2/3 tokens=(20214,920)
  model=qwen-2.5-7b N=3 arm=selfcheckgpt real_lme_00010_0a34ad58 seed=1: per_fault={'ctx': False, 'concise': True, 'preamble': True} all_resolved=False n_resolved=2/3 tokens=(20222,927)
  model=qwen-2.5-7b N=3 arm=selfcheckgpt real_lme_00010_0a34ad58 seed=2: per_fault={'ctx': False, 'concise': True, 'preamble': True} all_resolved=False n_resolved=2/3 tokens=(19935,850)
  model=qwen-2.5-7b N=3 arm=selfcheckgpt real_lme_00016_f8c5f88b seed=0: per_fault={'ctx': True, 'bullets': True, 'concise': True} all_resolved=True n_resolved=3/3 tokens=(14215,489)
  model=qwen-2.5-7b N=3 arm=selfcheckgpt real_lme_00016_f8c5f88b seed=1: per_fault={'ctx': True, 'bullets': True, 'concise': True} all_resolved=True n_resolved=3/3 tokens=(14222,497)
  model=qwen-2.5-7b N=3 arm=selfcheckgpt real_lme_00016_f8c5f88b seed=2: per_fault={'ctx': True, 'bullets': True, 'concise': True} all_resolved=True n_resolved=3/3 tokens=(14221,491)
  model=qwen-2.5-7b N=3 arm=selfcheckgpt real_lme_00018_gpt4_d31cdae3 seed=0: per_fault={'ctx': False, 'concise': True, 'english': True} all_resolved=False n_resolved=2/3 tokens=(14609,368)
  model=qwen-2.5-7b N=3 arm=selfcheckgpt real_lme_00018_gpt4_d31cdae3 seed=1: per_fault={'ctx': False, 'concise': True, 'english': True} all_resolved=False n_resolved=2/3 tokens=(14603,364)
  model=qwen-2.5-7b N=3 arm=selfcheckgpt real_lme_00018_gpt4_d31cdae3 seed=2: per_fault={'ctx': False, 'concise': True, 'english': True} all_resolved=False n_resolved=2/3 tokens=(14606,379)
  model=qwen-2.5-7b N=3 arm=selfcheckgpt real_lme_00032_22d2cb42 seed=0: per_fault={'ctx': False, 'english': True, 'preamble': True} all_resolved=False n_resolved=2/3 tokens=(13428,274)
  model=qwen-2.5-7b N=3 arm=selfcheckgpt real_lme_00032_22d2cb42 seed=1: per_fault={'ctx': False, 'english': True, 'preamble': True} all_resolved=False n_resolved=2/3 tokens=(13427,269)
  model=qwen-2.5-7b N=3 arm=selfcheckgpt real_lme_00032_22d2cb42 seed=2: per_fault={'ctx': False, 'english': True, 'preamble': True} all_resolved=False n_resolved=2/3 tokens=(15703,361)
  model=qwen-2.5-7b N=3 arm=selfcheckgpt real_lme_00043_c2ac3c61 seed=0: per_fault={'ctx': True, 'bullets': True, 'concise': True} all_resolved=True n_resolved=3/3 tokens=(13894,340)
  model=qwen-2.5-7b N=3 arm=selfcheckgpt real_lme_00043_c2ac3c61 seed=1: per_fault={'ctx': True, 'bullets': True, 'concise': True} all_resolved=True n_resolved=3/3 tokens=(13898,337)
  model=qwen-2.5-7b N=3 arm=selfcheckgpt real_lme_00043_c2ac3c61 seed=2: per_fault={'ctx': True, 'bullets': True, 'concise': True} all_resolved=True n_resolved=3/3 tokens=(13894,338)
  model=qwen-2.5-7b N=3 arm=selfcheckgpt real_lme_00049_0862e8bf_abs seed=0: per_fault={'ctx': False, 'concise': True, 'english': True} all_resolved=False n_resolved=2/3 tokens=(15012,354)
  model=qwen-2.5-7b N=3 arm=selfcheckgpt real_lme_00049_0862e8bf_abs seed=1: per_fault={'ctx': False, 'concise': True, 'english': True} all_resolved=False n_resolved=2/3 tokens=(15005,323)
  model=qwen-2.5-7b N=3 arm=selfcheckgpt real_lme_00049_0862e8bf_abs seed=2: per_fault={'ctx': False, 'concise': True, 'english': True} all_resolved=False n_resolved=2/3 tokens=(15004,322)
  model=qwen-2.5-7b N=3 arm=selfcheckgpt real_lme_00053_21d02d0d seed=0: per_fault={'ctx': True, 'bullets': True, 'concise': True} all_resolved=True n_resolved=3/3 tokens=(14348,305)
  model=qwen-2.5-7b N=3 arm=selfcheckgpt real_lme_00053_21d02d0d seed=1: per_fault={'ctx': True, 'bullets': True, 'concise': True} all_resolved=True n_resolved=3/3 tokens=(14348,300)
  model=qwen-2.5-7b N=3 arm=selfcheckgpt real_lme_00053_21d02d0d seed=2: per_fault={'ctx': True, 'bullets': True, 'concise': True} all_resolved=True n_resolved=3/3 tokens=(14348,305)
  model=qwen-2.5-7b N=3 arm=selfcheckgpt real_lme_00059_2ebe6c90 seed=0: per_fault={'ctx': False, 'concise': True, 'english': True} all_resolved=False n_resolved=2/3 tokens=(13548,447)
  model=qwen-2.5-7b N=3 arm=selfcheckgpt real_lme_00059_2ebe6c90 seed=1: per_fault={'ctx': False, 'concise': True, 'english': True} all_resolved=False n_resolved=2/3 tokens=(13551,459)
  model=qwen-2.5-7b N=3 arm=selfcheckgpt real_lme_00059_2ebe6c90 seed=2: per_fault={'ctx': False, 'concise': True, 'english': True} all_resolved=False n_resolved=2/3 tokens=(13543,460)
  model=qwen-2.5-7b N=3 arm=selfcheckgpt real_lme_00069_gpt4_31ff4165 seed=0: per_fault={'ctx': True, 'bullets': True, 'concise': True} all_resolved=True n_resolved=3/3 tokens=(17679,503)
  model=qwen-2.5-7b N=3 arm=selfcheckgpt real_lme_00069_gpt4_31ff4165 seed=1: per_fault={'ctx': True, 'bullets': True, 'concise': True} all_resolved=True n_resolved=3/3 tokens=(17689,539)
  model=qwen-2.5-7b N=3 arm=selfcheckgpt real_lme_00069_gpt4_31ff4165 seed=2: per_fault={'ctx': True, 'bullets': True, 'concise': True} all_resolved=True n_resolved=3/3 tokens=(14992,298)
  model=qwen-2.5-7b N=3 arm=selfcheckgpt real_lme_00076_f4f1d8a4_abs seed=0: per_fault={'ctx': True, 'bullets': True, 'preamble': True} all_resolved=True n_resolved=3/3 tokens=(15664,417)
  model=qwen-2.5-7b N=3 arm=selfcheckgpt real_lme_00076_f4f1d8a4_abs seed=1: per_fault={'ctx': True, 'bullets': True, 'preamble': True} all_resolved=True n_resolved=3/3 tokens=(15664,417)
  model=qwen-2.5-7b N=3 arm=selfcheckgpt real_lme_00076_f4f1d8a4_abs seed=2: per_fault={'ctx': True, 'bullets': True, 'preamble': True} all_resolved=True n_resolved=3/3 tokens=(15664,416)
  model=qwen-2.5-7b N=3 arm=selfcheckgpt real_lme_00081_afdc33df seed=0: per_fault={'ctx': False, 'concise': True, 'english': True} all_resolved=False n_resolved=2/3 tokens=(16522,718)
  model=qwen-2.5-7b N=3 arm=selfcheckgpt real_lme_00081_afdc33df seed=1: per_fault={'ctx': False, 'concise': True, 'english': True} all_resolved=False n_resolved=2/3 tokens=(16503,703)
  model=qwen-2.5-7b N=3 arm=selfcheckgpt real_lme_00081_afdc33df seed=2: per_fault={'ctx': False, 'concise': True, 'english': True} all_resolved=False n_resolved=2/3 tokens=(16536,602)
  model=qwen-2.5-7b N=3 arm=selfcheckgpt real_lme_00085_a11281a2 seed=0: per_fault={'ctx': True, 'concise': True, 'preamble': True} all_resolved=True n_resolved=3/3 tokens=(14537,361)
  model=qwen-2.5-7b N=3 arm=selfcheckgpt real_lme_00085_a11281a2 seed=1: per_fault={'ctx': True, 'concise': True, 'preamble': True} all_resolved=True n_resolved=3/3 tokens=(14535,350)
  model=qwen-2.5-7b N=3 arm=selfcheckgpt real_lme_00085_a11281a2 seed=2: per_fault={'ctx': True, 'concise': True, 'preamble': True} all_resolved=True n_resolved=3/3 tokens=(14524,311)
  model=qwen-2.5-7b N=3 arm=selfcheckgpt real_lme_00086_af082822 seed=0: per_fault={'ctx': False, 'concise': True, 'english': True} all_resolved=False n_resolved=2/3 tokens=(13302,226)
  model=qwen-2.5-7b N=3 arm=selfcheckgpt real_lme_00086_af082822 seed=1: per_fault={'ctx': False, 'concise': True, 'english': True} all_resolved=False n_resolved=2/3 tokens=(13302,264)
  model=qwen-2.5-7b N=3 arm=selfcheckgpt real_lme_00086_af082822 seed=2: per_fault={'ctx': False, 'concise': True, 'english': True} all_resolved=False n_resolved=2/3 tokens=(13467,323)
  model=qwen-2.5-7b N=3 arm=selfcheckgpt real_lme_00087_3b6f954b seed=0: per_fault={'ctx': True, 'concise': True, 'preamble': True} all_resolved=True n_resolved=3/3 tokens=(13604,300)
  model=qwen-2.5-7b N=3 arm=selfcheckgpt real_lme_00087_3b6f954b seed=1: per_fault={'ctx': True, 'concise': True, 'preamble': True} all_resolved=True n_resolved=3/3 tokens=(13604,300)
  model=qwen-2.5-7b N=3 arm=selfcheckgpt real_lme_00087_3b6f954b seed=2: per_fault={'ctx': True, 'concise': True, 'preamble': True} all_resolved=True n_resolved=3/3 tokens=(13604,330)
  model=qwen-2.5-7b N=3 arm=selfcheckgpt real_lme_00093_545bd2b5 seed=0: per_fault={'ctx': True, 'bullets': True, 'concise': True} all_resolved=True n_resolved=3/3 tokens=(16169,528)
  model=qwen-2.5-7b N=3 arm=selfcheckgpt real_lme_00093_545bd2b5 seed=1: per_fault={'ctx': True, 'bullets': True, 'concise': True} all_resolved=True n_resolved=3/3 tokens=(16153,511)
  model=qwen-2.5-7b N=3 arm=selfcheckgpt real_lme_00093_545bd2b5 seed=2: per_fault={'ctx': True, 'bullets': True, 'concise': True} all_resolved=True n_resolved=3/3 tokens=(13895,503)
  model=qwen-2.5-7b N=3 arm=selfcheckgpt real_lme_00110_gpt4_1a1dc16d seed=0: per_fault={'ctx': True, 'concise': True, 'preamble': True} all_resolved=True n_resolved=3/3 tokens=(14100,374)
  model=qwen-2.5-7b N=3 arm=selfcheckgpt real_lme_00110_gpt4_1a1dc16d seed=1: per_fault={'ctx': True, 'concise': True, 'preamble': True} all_resolved=True n_resolved=3/3 tokens=(14099,361)
  model=qwen-2.5-7b N=3 arm=selfcheckgpt real_lme_00110_gpt4_1a1dc16d seed=2: per_fault={'ctx': True, 'concise': True, 'preamble': True} all_resolved=True n_resolved=3/3 tokens=(14113,389)
  model=qwen-2.5-7b N=3 arm=selfcheckgpt real_lme_00119_c6853660 seed=0: per_fault={'ctx': True, 'bullets': True, 'preamble': True} all_resolved=True n_resolved=3/3 tokens=(14167,348)
  model=qwen-2.5-7b N=3 arm=selfcheckgpt real_lme_00119_c6853660 seed=1: per_fault={'ctx': True, 'bullets': True, 'preamble': True} all_resolved=True n_resolved=3/3 tokens=(14167,348)
  model=qwen-2.5-7b N=3 arm=selfcheckgpt real_lme_00119_c6853660 seed=2: per_fault={'ctx': True, 'bullets': True, 'preamble': True} all_resolved=True n_resolved=3/3 tokens=(14167,415)
  model=qwen-2.5-7b N=3 arm=selfcheckgpt real_lme_00120_42ec0761 seed=0: per_fault={'ctx': True, 'bullets': True, 'concise': True} all_resolved=True n_resolved=3/3 tokens=(14473,350)
  model=qwen-2.5-7b N=3 arm=selfcheckgpt real_lme_00120_42ec0761 seed=1: per_fault={'ctx': True, 'bullets': True, 'concise': True} all_resolved=True n_resolved=3/3 tokens=(14473,351)
  model=qwen-2.5-7b N=3 arm=selfcheckgpt real_lme_00120_42ec0761 seed=2: per_fault={'ctx': True, 'bullets': True, 'concise': True} all_resolved=True n_resolved=3/3 tokens=(14474,353)
  model=qwen-2.5-7b N=3 arm=selfcheckgpt real_lme_00122_0a34ad58 seed=0: per_fault={'ctx': False, 'bullets': True, 'preamble': True} all_resolved=False n_resolved=2/3 tokens=(16652,823)
  model=qwen-2.5-7b N=3 arm=selfcheckgpt real_lme_00122_0a34ad58 seed=1: per_fault={'ctx': False, 'bullets': True, 'preamble': True} all_resolved=False n_resolved=2/3 tokens=(16685,872)
  model=qwen-2.5-7b N=3 arm=selfcheckgpt real_lme_00122_0a34ad58 seed=2: per_fault={'ctx': False, 'bullets': True, 'preamble': True} all_resolved=False n_resolved=2/3 tokens=(16173,720)
  model=qwen-2.5-7b N=3 arm=selfcheckgpt real_lme_00123_ceb54acb seed=0: per_fault={'ctx': False, 'english': True, 'preamble': True} all_resolved=False n_resolved=2/3 tokens=(10649,491)
  model=qwen-2.5-7b N=3 arm=selfcheckgpt real_lme_00123_ceb54acb seed=1: per_fault={'ctx': False, 'english': True, 'preamble': True} all_resolved=False n_resolved=2/3 tokens=(10602,436)
  model=qwen-2.5-7b N=3 arm=selfcheckgpt real_lme_00123_ceb54acb seed=2: per_fault={'ctx': False, 'english': True, 'preamble': True} all_resolved=False n_resolved=2/3 tokens=(10587,425)
  model=qwen-2.5-7b N=3 arm=selfcheckgpt real_lme_00133_71a3fd6b seed=0: per_fault={'ctx': True, 'bullets': True, 'concise': True} all_resolved=True n_resolved=3/3 tokens=(10663,526)
  model=qwen-2.5-7b N=3 arm=selfcheckgpt real_lme_00133_71a3fd6b seed=1: per_fault={'ctx': True, 'bullets': True, 'concise': True} all_resolved=True n_resolved=3/3 tokens=(10663,527)
  model=qwen-2.5-7b N=3 arm=selfcheckgpt real_lme_00133_71a3fd6b seed=2: per_fault={'ctx': True, 'bullets': True, 'concise': True} all_resolved=True n_resolved=3/3 tokens=(10663,491)
  model=qwen-2.5-7b N=3 arm=selfcheckgpt real_lme_00135_129d1232 seed=0: per_fault={'ctx': False, 'concise': True, 'english': True} all_resolved=False n_resolved=2/3 tokens=(14360,323)
  model=qwen-2.5-7b N=3 arm=selfcheckgpt real_lme_00135_129d1232 seed=1: per_fault={'ctx': False, 'concise': True, 'english': True} all_resolved=False n_resolved=2/3 tokens=(14359,322)
  model=qwen-2.5-7b N=3 arm=selfcheckgpt real_lme_00135_129d1232 seed=2: per_fault={'ctx': False, 'concise': True, 'english': True} all_resolved=False n_resolved=2/3 tokens=(14360,312)
  model=qwen-2.5-7b N=3 arm=selfcheckgpt real_lme_00144_7a87bd0c seed=0: per_fault={'ctx': True, 'bullets': True, 'preamble': True} all_resolved=True n_resolved=3/3 tokens=(14743,414)
  model=qwen-2.5-7b N=3 arm=selfcheckgpt real_lme_00144_7a87bd0c seed=1: per_fault={'ctx': True, 'bullets': True, 'preamble': True} all_resolved=True n_resolved=3/3 tokens=(14743,423)
  model=qwen-2.5-7b N=3 arm=selfcheckgpt real_lme_00144_7a87bd0c seed=2: per_fault={'ctx': True, 'bullets': True, 'preamble': True} all_resolved=True n_resolved=3/3 tokens=(14732,345)
  model=qwen-2.5-7b N=3 arm=selfcheckgpt real_lme_00156_e831120c seed=0: per_fault={'ctx': True, 'concise': False, 'preamble': True} all_resolved=False n_resolved=2/3 tokens=(16226,670)
  model=qwen-2.5-7b N=3 arm=selfcheckgpt real_lme_00156_e831120c seed=1: per_fault={'ctx': True, 'concise': False, 'preamble': True} all_resolved=False n_resolved=2/3 tokens=(16243,687)
  model=qwen-2.5-7b N=3 arm=selfcheckgpt real_lme_00156_e831120c seed=2: per_fault={'ctx': True, 'concise': False, 'preamble': True} all_resolved=False n_resolved=2/3 tokens=(16191,439)
  model=qwen-2.5-7b N=3 arm=selfcheckgpt real_lme_00168_gpt4_68e94287 seed=0: per_fault={'ctx': True, 'bullets': True, 'concise': True} all_resolved=True n_resolved=3/3 tokens=(16075,390)
  model=qwen-2.5-7b N=3 arm=selfcheckgpt real_lme_00168_gpt4_68e94287 seed=1: per_fault={'ctx': True, 'bullets': True, 'concise': True} all_resolved=True n_resolved=3/3 tokens=(16075,390)
  model=qwen-2.5-7b N=3 arm=selfcheckgpt real_lme_00168_gpt4_68e94287 seed=2: per_fault={'ctx': True, 'bullets': True, 'concise': True} all_resolved=True n_resolved=3/3 tokens=(16075,325)
  model=qwen-2.5-7b N=3 arm=selfcheckgpt real_lme_00183_8464fc84 seed=0: per_fault={'ctx': True, 'concise': True, 'preamble': True} all_resolved=True n_resolved=3/3 tokens=(14200,185)
  model=qwen-2.5-7b N=3 arm=selfcheckgpt real_lme_00183_8464fc84 seed=1: per_fault={'ctx': True, 'concise': True, 'preamble': True} all_resolved=True n_resolved=3/3 tokens=(14202,188)
  model=qwen-2.5-7b N=3 arm=selfcheckgpt real_lme_00183_8464fc84 seed=2: per_fault={'ctx': True, 'concise': True, 'preamble': True} all_resolved=True n_resolved=3/3 tokens=(14184,365)
  model=qwen-2.5-7b N=3 arm=selfcheckgpt real_lme_00184_45dc21b6 seed=0: per_fault={'ctx': True, 'concise': True, 'preamble': True} all_resolved=True n_resolved=3/3 tokens=(13573,363)
  model=qwen-2.5-7b N=3 arm=selfcheckgpt real_lme_00184_45dc21b6 seed=1: per_fault={'ctx': True, 'concise': True, 'preamble': True} all_resolved=True n_resolved=3/3 tokens=(13576,372)
  model=qwen-2.5-7b N=3 arm=selfcheckgpt real_lme_00184_45dc21b6 seed=2: per_fault={'ctx': True, 'concise': True, 'preamble': True} all_resolved=True n_resolved=3/3 tokens=(13572,329)
  model=qwen-2.5-7b N=3 arm=selfcheckgpt real_lme_00191_993da5e2 seed=0: per_fault={'ctx': False, 'english': True, 'preamble': True} all_resolved=False n_resolved=2/3 tokens=(15115,319)
  model=qwen-2.5-7b N=3 arm=selfcheckgpt real_lme_00191_993da5e2 seed=1: per_fault={'ctx': False, 'english': True, 'preamble': True} all_resolved=False n_resolved=2/3 tokens=(15127,328)
  model=qwen-2.5-7b N=3 arm=selfcheckgpt real_lme_00191_993da5e2 seed=2: per_fault={'ctx': False, 'english': True, 'preamble': True} all_resolved=False n_resolved=2/3 tokens=(15132,338)
  model=qwen-2.5-7b N=3 arm=selfcheckgpt real_lme_00195_gpt4_1d80365e seed=0: per_fault={'ctx': False, 'concise': True, 'preamble': True} all_resolved=False n_resolved=2/3 tokens=(14121,457)
  model=qwen-2.5-7b N=3 arm=selfcheckgpt real_lme_00195_gpt4_1d80365e seed=1: per_fault={'ctx': False, 'concise': True, 'preamble': True} all_resolved=False n_resolved=2/3 tokens=(14130,462)
  model=qwen-2.5-7b N=3 arm=selfcheckgpt real_lme_00195_gpt4_1d80365e seed=2: per_fault={'ctx': False, 'concise': True, 'preamble': True} all_resolved=False n_resolved=2/3 tokens=(14122,436)
  model=qwen-2.5-7b N=3 arm=selfcheckgpt real_lme_00197_gpt4_213fd887 seed=0: per_fault={'ctx': True, 'concise': True, 'preamble': True} all_resolved=True n_resolved=3/3 tokens=(14858,375)
  model=qwen-2.5-7b N=3 arm=selfcheckgpt real_lme_00197_gpt4_213fd887 seed=1: per_fault={'ctx': True, 'concise': True, 'preamble': True} all_resolved=True n_resolved=3/3 tokens=(14862,373)
  model=qwen-2.5-7b N=3 arm=selfcheckgpt real_lme_00197_gpt4_213fd887 seed=2: per_fault={'ctx': True, 'concise': True, 'preamble': True} all_resolved=True n_resolved=3/3 tokens=(14842,299)
  model=qwen-2.5-7b N=3 arm=selfcheckgpt real_lme_00198_gpt4_d6585ce8 seed=0: per_fault={'ctx': False, 'concise': False, 'preamble': True} all_resolved=False n_resolved=1/3 tokens=(19546,1226)
  model=qwen-2.5-7b N=3 arm=selfcheckgpt real_lme_00198_gpt4_d6585ce8 seed=1: per_fault={'ctx': False, 'concise': False, 'preamble': True} all_resolved=False n_resolved=1/3 tokens=(22335,1247)
  model=qwen-2.5-7b N=3 arm=selfcheckgpt real_lme_00198_gpt4_d6585ce8 seed=2: per_fault={'ctx': True, 'concise': False, 'preamble': True} all_resolved=False n_resolved=2/3 tokens=(19496,1071)
  model=qwen-2.5-7b N=3 arm=selfcheckgpt real_lme_00209_7e974930 seed=0: per_fault={'ctx': False, 'concise': True, 'english': True} all_resolved=False n_resolved=2/3 tokens=(14729,401)
  model=qwen-2.5-7b N=3 arm=selfcheckgpt real_lme_00209_7e974930 seed=1: per_fault={'ctx': False, 'concise': True, 'english': True} all_resolved=False n_resolved=2/3 tokens=(14738,421)
  model=qwen-2.5-7b N=3 arm=selfcheckgpt real_lme_00209_7e974930 seed=2: per_fault={'ctx': False, 'concise': True, 'english': True} all_resolved=False n_resolved=2/3 tokens=(14727,332)
  model=qwen-2.5-7b N=3 arm=selfcheckgpt real_lme_00212_e01b8e2f seed=0: per_fault={'ctx': True, 'concise': True, 'preamble': True} all_resolved=True n_resolved=3/3 tokens=(13892,365)
  model=qwen-2.5-7b N=3 arm=selfcheckgpt real_lme_00212_e01b8e2f seed=1: per_fault={'ctx': True, 'concise': True, 'preamble': True} all_resolved=True n_resolved=3/3 tokens=(13889,354)
  model=qwen-2.5-7b N=3 arm=selfcheckgpt real_lme_00212_e01b8e2f seed=2: per_fault={'ctx': True, 'concise': True, 'preamble': True} all_resolved=True n_resolved=3/3 tokens=(13896,309)
  model=qwen-2.5-7b N=3 arm=selfcheckgpt real_lme_00216_2698e78f_abs seed=0: per_fault={'ctx': True, 'bullets': True, 'concise': False} all_resolved=False n_resolved=2/3 tokens=(16199,534)
  model=qwen-2.5-7b N=3 arm=selfcheckgpt real_lme_00216_2698e78f_abs seed=1: per_fault={'ctx': False, 'bullets': True, 'concise': False} all_resolved=False n_resolved=1/3 tokens=(16219,533)
  model=qwen-2.5-7b N=3 arm=selfcheckgpt real_lme_00216_2698e78f_abs seed=2: per_fault={'ctx': False, 'bullets': True, 'concise': False} all_resolved=False n_resolved=1/3 tokens=(16211,536)
  model=qwen-2.5-7b N=3 arm=selfcheckgpt real_lme_00220_gpt4_2312f94c seed=0: per_fault={'ctx': True, 'bullets': True, 'concise': True} all_resolved=True n_resolved=3/3 tokens=(15018,328)
  model=qwen-2.5-7b N=3 arm=selfcheckgpt real_lme_00220_gpt4_2312f94c seed=1: per_fault={'ctx': True, 'bullets': True, 'concise': True} all_resolved=True n_resolved=3/3 tokens=(14986,289)
  model=qwen-2.5-7b N=3 arm=selfcheckgpt real_lme_00220_gpt4_2312f94c seed=2: per_fault={'ctx': True, 'bullets': True, 'concise': True} all_resolved=True n_resolved=3/3 tokens=(15021,334)
  model=qwen-2.5-7b N=3 arm=selfcheckgpt real_lme_00222_3f1e9474 seed=0: per_fault={'ctx': True, 'concise': True, 'preamble': True} all_resolved=True n_resolved=3/3 tokens=(13891,354)
  model=qwen-2.5-7b N=3 arm=selfcheckgpt real_lme_00222_3f1e9474 seed=1: per_fault={'ctx': True, 'concise': True, 'preamble': True} all_resolved=True n_resolved=3/3 tokens=(13891,354)
  model=qwen-2.5-7b N=3 arm=selfcheckgpt real_lme_00222_3f1e9474 seed=2: per_fault={'ctx': True, 'concise': True, 'preamble': True} all_resolved=True n_resolved=3/3 tokens=(13740,214)
  model=qwen-2.5-7b N=3 arm=selfcheckgpt real_lme_00224_dccbc061 seed=0: per_fault={'ctx': True, 'bullets': True, 'concise': True} all_resolved=True n_resolved=3/3 tokens=(12439,221)
  model=qwen-2.5-7b N=3 arm=selfcheckgpt real_lme_00224_dccbc061 seed=1: per_fault={'ctx': True, 'bullets': True, 'concise': True} all_resolved=True n_resolved=3/3 tokens=(12435,212)
  model=qwen-2.5-7b N=3 arm=selfcheckgpt real_lme_00224_dccbc061 seed=2: per_fault={'ctx': True, 'bullets': True, 'concise': True} all_resolved=True n_resolved=3/3 tokens=(12435,214)
  model=qwen-2.5-7b N=3 arm=selfcheckgpt real_lme_00226_b759caee seed=0: per_fault={'ctx': True, 'bullets': True, 'concise': True} all_resolved=True n_resolved=3/3 tokens=(11932,391)
  model=qwen-2.5-7b N=3 arm=selfcheckgpt real_lme_00226_b759caee seed=1: per_fault={'ctx': True, 'bullets': True, 'concise': True} all_resolved=True n_resolved=3/3 tokens=(11935,379)
  model=qwen-2.5-7b N=3 arm=selfcheckgpt real_lme_00226_b759caee seed=2: per_fault={'ctx': True, 'bullets': True, 'concise': True} all_resolved=True n_resolved=3/3 tokens=(11899,344)
  model=qwen-2.5-7b N=3 arm=selfcheckgpt real_lme_00227_8aef76bc seed=0: per_fault={'ctx': True, 'bullets': True, 'preamble': True} all_resolved=True n_resolved=3/3 tokens=(12174,463)
  model=qwen-2.5-7b N=3 arm=selfcheckgpt real_lme_00227_8aef76bc seed=1: per_fault={'ctx': True, 'bullets': True, 'preamble': True} all_resolved=True n_resolved=3/3 tokens=(12169,439)
  model=qwen-2.5-7b N=3 arm=selfcheckgpt real_lme_00227_8aef76bc seed=2: per_fault={'ctx': True, 'bullets': True, 'preamble': True} all_resolved=True n_resolved=3/3 tokens=(12176,407)
  model=qwen-2.5-7b N=3 arm=selfcheckgpt real_lme_00232_gpt4_59c863d7 seed=0: per_fault={'ctx': False, 'concise': False, 'english': True} all_resolved=False n_resolved=1/3 tokens=(17329,842)
  model=qwen-2.5-7b N=3 arm=selfcheckgpt real_lme_00232_gpt4_59c863d7 seed=1: per_fault={'ctx': False, 'concise': False, 'english': True} all_resolved=False n_resolved=1/3 tokens=(17329,839)
  model=qwen-2.5-7b N=3 arm=selfcheckgpt real_lme_00232_gpt4_59c863d7 seed=2: per_fault={'ctx': False, 'concise': True, 'english': True} all_resolved=False n_resolved=2/3 tokens=(17241,716)
  model=qwen-2.5-7b N=3 arm=selfcheckgpt real_lme_00240_09ba9854 seed=0: per_fault={'ctx': False, 'concise': True, 'preamble': True} all_resolved=False n_resolved=2/3 tokens=(15375,555)
  model=qwen-2.5-7b N=3 arm=selfcheckgpt real_lme_00240_09ba9854 seed=1: per_fault={'ctx': False, 'concise': True, 'preamble': True} all_resolved=False n_resolved=2/3 tokens=(17942,584)
  model=qwen-2.5-7b N=3 arm=selfcheckgpt real_lme_00240_09ba9854 seed=2: per_fault={'ctx': True, 'concise': True, 'preamble': True} all_resolved=True n_resolved=3/3 tokens=(17934,691)
  model=qwen-2.5-7b N=3 arm=selfcheckgpt real_lme_00247_1d4da289 seed=0: per_fault={'ctx': False, 'bullets': True, 'concise': False} all_resolved=False n_resolved=1/3 tokens=(13465,490)
  model=qwen-2.5-7b N=3 arm=selfcheckgpt real_lme_00247_1d4da289 seed=1: per_fault={'ctx': False, 'bullets': True, 'concise': False} all_resolved=False n_resolved=1/3 tokens=(13505,491)
  model=qwen-2.5-7b N=3 arm=selfcheckgpt real_lme_00247_1d4da289 seed=2: per_fault={'ctx': False, 'bullets': True, 'concise': False} all_resolved=False n_resolved=1/3 tokens=(13461,448)
  model=qwen-2.5-7b N=3 arm=selfcheckgpt real_lme_00254_ba358f49 seed=0: per_fault={'ctx': True, 'bullets': True, 'concise': True} all_resolved=True n_resolved=3/3 tokens=(15181,442)
  model=qwen-2.5-7b N=3 arm=selfcheckgpt real_lme_00254_ba358f49 seed=1: per_fault={'ctx': True, 'bullets': True, 'concise': True} all_resolved=True n_resolved=3/3 tokens=(15210,445)
  model=qwen-2.5-7b N=3 arm=selfcheckgpt real_lme_00254_ba358f49 seed=2: per_fault={'ctx': False, 'bullets': True, 'concise': True} all_resolved=False n_resolved=2/3 tokens=(13014,382)
  model=qwen-2.5-7b N=3 arm=selfcheckgpt real_lme_00257_10e09553 seed=0: per_fault={'ctx': True, 'concise': True, 'preamble': True} all_resolved=True n_resolved=3/3 tokens=(16974,419)
  model=qwen-2.5-7b N=3 arm=selfcheckgpt real_lme_00257_10e09553 seed=1: per_fault={'ctx': True, 'concise': True, 'preamble': True} all_resolved=True n_resolved=3/3 tokens=(16981,423)
  model=qwen-2.5-7b N=3 arm=selfcheckgpt real_lme_00257_10e09553 seed=2: per_fault={'ctx': True, 'concise': True, 'preamble': True} all_resolved=True n_resolved=3/3 tokens=(16982,429)
  model=qwen-2.5-7b N=3 arm=selfcheckgpt real_lme_00258_gpt4_93159ced_abs seed=0: per_fault={'ctx': False, 'english': True, 'preamble': True} all_resolved=False n_resolved=2/3 tokens=(14276,332)
  model=qwen-2.5-7b N=3 arm=selfcheckgpt real_lme_00258_gpt4_93159ced_abs seed=1: per_fault={'ctx': False, 'english': True, 'preamble': True} all_resolved=False n_resolved=2/3 tokens=(14273,340)
  model=qwen-2.5-7b N=3 arm=selfcheckgpt real_lme_00258_gpt4_93159ced_abs seed=2: per_fault={'ctx': False, 'english': True, 'preamble': True} all_resolved=False n_resolved=2/3 tokens=(14269,321)
  model=qwen-2.5-7b N=3 arm=selfcheckgpt real_lme_00263_2698e78f seed=0: per_fault={'ctx': True, 'bullets': True, 'concise': False} all_resolved=False n_resolved=2/3 tokens=(14316,428)
  model=qwen-2.5-7b N=3 arm=selfcheckgpt real_lme_00263_2698e78f seed=1: per_fault={'ctx': True, 'bullets': True, 'concise': False} all_resolved=False n_resolved=2/3 tokens=(14314,414)
  model=qwen-2.5-7b N=3 arm=selfcheckgpt real_lme_00263_2698e78f seed=2: per_fault={'ctx': True, 'bullets': True, 'concise': False} all_resolved=False n_resolved=2/3 tokens=(16671,451)
  model=qwen-2.5-7b N=3 arm=selfcheckgpt real_lme_00264_7161e7e2 seed=0: per_fault={'ctx': False, 'english': True, 'preamble': True} all_resolved=False n_resolved=2/3 tokens=(16648,447)
  model=qwen-2.5-7b N=3 arm=selfcheckgpt real_lme_00264_7161e7e2 seed=1: per_fault={'ctx': False, 'english': True, 'preamble': True} all_resolved=False n_resolved=2/3 tokens=(16636,429)
  model=qwen-2.5-7b N=3 arm=selfcheckgpt real_lme_00264_7161e7e2 seed=2: per_fault={'ctx': False, 'english': True, 'preamble': True} all_resolved=False n_resolved=2/3 tokens=(16623,411)
  model=qwen-2.5-7b N=3 arm=selfcheckgpt real_lme_00267_8550ddae seed=0: per_fault={'ctx': False, 'concise': True, 'english': True} all_resolved=False n_resolved=2/3 tokens=(13768,381)
  model=qwen-2.5-7b N=3 arm=selfcheckgpt real_lme_00267_8550ddae seed=1: per_fault={'ctx': False, 'concise': True, 'english': True} all_resolved=False n_resolved=2/3 tokens=(13778,395)
  model=qwen-2.5-7b N=3 arm=selfcheckgpt real_lme_00267_8550ddae seed=2: per_fault={'ctx': False, 'concise': True, 'english': True} all_resolved=False n_resolved=2/3 tokens=(13771,410)
  model=qwen-2.5-7b N=3 arm=selfcheckgpt real_lme_00279_6222b6eb seed=0: per_fault={'ctx': False, 'concise': True, 'english': True} all_resolved=False n_resolved=2/3 tokens=(14248,441)
  model=qwen-2.5-7b N=3 arm=selfcheckgpt real_lme_00279_6222b6eb seed=1: per_fault={'ctx': False, 'concise': True, 'english': True} all_resolved=False n_resolved=2/3 tokens=(14249,426)
  model=qwen-2.5-7b N=3 arm=selfcheckgpt real_lme_00279_6222b6eb seed=2: per_fault={'ctx': False, 'concise': True, 'english': True} all_resolved=False n_resolved=2/3 tokens=(14254,485)
  model=qwen-2.5-7b N=3 arm=selfcheckgpt real_lme_00285_a96c20ee_abs seed=0: per_fault={'ctx': True, 'concise': False, 'preamble': True} all_resolved=False n_resolved=2/3 tokens=(12967,515)
  model=qwen-2.5-7b N=3 arm=selfcheckgpt real_lme_00285_a96c20ee_abs seed=1: per_fault={'ctx': True, 'concise': False, 'preamble': True} all_resolved=False n_resolved=2/3 tokens=(12967,533)
  model=qwen-2.5-7b N=3 arm=selfcheckgpt real_lme_00285_a96c20ee_abs seed=2: per_fault={'ctx': True, 'concise': True, 'preamble': True} all_resolved=True n_resolved=3/3 tokens=(12963,516)
  model=qwen-2.5-7b N=3 arm=selfcheckgpt real_lme_00288_c8090214_abs seed=0: per_fault={'ctx': False, 'concise': True, 'english': True} all_resolved=False n_resolved=2/3 tokens=(14901,384)
  model=qwen-2.5-7b N=3 arm=selfcheckgpt real_lme_00288_c8090214_abs seed=1: per_fault={'ctx': False, 'concise': True, 'english': True} all_resolved=False n_resolved=2/3 tokens=(14902,381)
  model=qwen-2.5-7b N=3 arm=selfcheckgpt real_lme_00288_c8090214_abs seed=2: per_fault={'ctx': False, 'concise': True, 'english': True} all_resolved=False n_resolved=2/3 tokens=(14906,387)
  model=qwen-2.5-7b N=3 arm=selfcheckgpt real_lme_00293_27016adc seed=0: per_fault={'ctx': True, 'bullets': True, 'concise': True} all_resolved=True n_resolved=3/3 tokens=(13920,548)
  model=qwen-2.5-7b N=3 arm=selfcheckgpt real_lme_00293_27016adc seed=1: per_fault={'ctx': True, 'bullets': True, 'concise': True} all_resolved=True n_resolved=3/3 tokens=(13900,515)
  model=qwen-2.5-7b N=3 arm=selfcheckgpt real_lme_00293_27016adc seed=2: per_fault={'ctx': True, 'bullets': True, 'concise': True} all_resolved=True n_resolved=3/3 tokens=(16226,610)
  model=qwen-2.5-7b N=3 arm=selfcheckgpt real_lme_00300_c9f37c46 seed=0: per_fault={'ctx': False, 'english': True, 'preamble': True} all_resolved=False n_resolved=2/3 tokens=(13345,303)
  model=qwen-2.5-7b N=3 arm=selfcheckgpt real_lme_00300_c9f37c46 seed=1: per_fault={'ctx': False, 'english': True, 'preamble': True} all_resolved=False n_resolved=2/3 tokens=(13340,294)
  model=qwen-2.5-7b N=3 arm=selfcheckgpt real_lme_00300_c9f37c46 seed=2: per_fault={'ctx': False, 'english': True, 'preamble': True} all_resolved=False n_resolved=2/3 tokens=(13358,310)
  model=qwen-2.5-7b N=3 arm=selfcheckgpt real_lme_00306_gpt4_2f56ae70 seed=0: per_fault={'ctx': True, 'concise': True, 'preamble': True} all_resolved=True n_resolved=3/3 tokens=(12858,331)
  model=qwen-2.5-7b N=3 arm=selfcheckgpt real_lme_00306_gpt4_2f56ae70 seed=1: per_fault={'ctx': False, 'concise': True, 'preamble': True} all_resolved=False n_resolved=2/3 tokens=(15002,355)
  model=qwen-2.5-7b N=3 arm=selfcheckgpt real_lme_00306_gpt4_2f56ae70 seed=2: per_fault={'ctx': True, 'concise': True, 'preamble': True} all_resolved=True n_resolved=3/3 tokens=(12846,331)
  model=qwen-2.5-7b N=3 arm=selfcheckgpt real_lme_00308_gpt4_4929293a seed=0: per_fault={'ctx': True, 'bullets': True, 'concise': True} all_resolved=True n_resolved=3/3 tokens=(13559,316)
  model=qwen-2.5-7b N=3 arm=selfcheckgpt real_lme_00308_gpt4_4929293a seed=1: per_fault={'ctx': True, 'bullets': True, 'concise': True} all_resolved=True n_resolved=3/3 tokens=(13555,303)
  model=qwen-2.5-7b N=3 arm=selfcheckgpt real_lme_00308_gpt4_4929293a seed=2: per_fault={'ctx': True, 'bullets': True, 'concise': True} all_resolved=True n_resolved=3/3 tokens=(16145,478)
  model=qwen-2.5-7b N=3 arm=selfcheckgpt real_lme_00312_a3332713 seed=0: per_fault={'ctx': False, 'concise': True, 'english': True} all_resolved=False n_resolved=2/3 tokens=(14629,407)
  model=qwen-2.5-7b N=3 arm=selfcheckgpt real_lme_00312_a3332713 seed=1: per_fault={'ctx': False, 'concise': True, 'english': True} all_resolved=False n_resolved=2/3 tokens=(14632,411)
  model=qwen-2.5-7b N=3 arm=selfcheckgpt real_lme_00312_a3332713 seed=2: per_fault={'ctx': False, 'concise': True, 'english': True} all_resolved=False n_resolved=2/3 tokens=(14630,393)
  model=qwen-2.5-7b N=3 arm=selfcheckgpt real_lme_00322_0a34ad58 seed=0: per_fault={'ctx': False, 'concise': True, 'english': True} all_resolved=False n_resolved=2/3 tokens=(16593,608)
  model=qwen-2.5-7b N=3 arm=selfcheckgpt real_lme_00322_0a34ad58 seed=1: per_fault={'ctx': False, 'concise': True, 'english': True} all_resolved=False n_resolved=2/3 tokens=(16646,653)
  model=qwen-2.5-7b N=3 arm=selfcheckgpt real_lme_00322_0a34ad58 seed=2: per_fault={'ctx': False, 'concise': True, 'english': True} all_resolved=False n_resolved=2/3 tokens=(16736,591)
  model=qwen-2.5-7b N=3 arm=selfcheckgpt real_lme_00328_57f827a0 seed=0: per_fault={'ctx': False, 'concise': False, 'preamble': True} all_resolved=False n_resolved=1/3 tokens=(18519,780)
  model=qwen-2.5-7b N=3 arm=selfcheckgpt real_lme_00328_57f827a0 seed=1: per_fault={'ctx': False, 'concise': False, 'preamble': True} all_resolved=False n_resolved=1/3 tokens=(18523,800)
  model=qwen-2.5-7b N=3 arm=selfcheckgpt real_lme_00328_57f827a0 seed=2: per_fault={'ctx': False, 'concise': True, 'preamble': True} all_resolved=False n_resolved=2/3 tokens=(18521,678)
--- [qwen-2.5-7b][selfcheckgpt] N=3: rows written=180 errors=0 tokens_in=2658129 tokens_out=79629 ---
  model=qwen-2.5-7b N=3 arm=intro_specter real_lme_00001_603deb26 seed=0: per_fault={'ctx': True, 'concise': True, 'english': True} all_resolved=True n_resolved=3/3 tokens=(5528,514)
  model=qwen-2.5-7b N=3 arm=intro_specter real_lme_00001_603deb26 seed=1: per_fault={'ctx': True, 'concise': True, 'english': True} all_resolved=True n_resolved=3/3 tokens=(5528,514)
  model=qwen-2.5-7b N=3 arm=intro_specter real_lme_00001_603deb26 seed=2: per_fault={'ctx': True, 'concise': True, 'english': True} all_resolved=True n_resolved=3/3 tokens=(5595,597)
  model=qwen-2.5-7b N=3 arm=intro_specter real_lme_00007_5025383b seed=0: per_fault={'ctx': True, 'bullets': True, 'preamble': True} all_resolved=True n_resolved=3/3 tokens=(4783,492)
  model=qwen-2.5-7b N=3 arm=intro_specter real_lme_00007_5025383b seed=1: per_fault={'ctx': True, 'bullets': True, 'preamble': True} all_resolved=True n_resolved=3/3 tokens=(4783,492)
  model=qwen-2.5-7b N=3 arm=intro_specter real_lme_00007_5025383b seed=2: per_fault={'ctx': True, 'bullets': True, 'preamble': True} all_resolved=True n_resolved=3/3 tokens=(4756,454)
  model=qwen-2.5-7b N=3 arm=intro_specter real_lme_00010_0a34ad58 seed=0: per_fault={'ctx': False, 'concise': True, 'preamble': True} all_resolved=False n_resolved=2/3 tokens=(6393,1235)
  model=qwen-2.5-7b N=3 arm=intro_specter real_lme_00010_0a34ad58 seed=1: per_fault={'ctx': False, 'concise': True, 'preamble': True} all_resolved=False n_resolved=2/3 tokens=(6393,1235)
  model=qwen-2.5-7b N=3 arm=intro_specter real_lme_00010_0a34ad58 seed=2: per_fault={'ctx': False, 'concise': False, 'preamble': True} all_resolved=False n_resolved=1/3 tokens=(6421,1297)
  model=qwen-2.5-7b N=3 arm=intro_specter real_lme_00016_f8c5f88b seed=0: per_fault={'ctx': True, 'bullets': True, 'concise': True} all_resolved=True n_resolved=3/3 tokens=(5467,975)
  model=qwen-2.5-7b N=3 arm=intro_specter real_lme_00016_f8c5f88b seed=1: per_fault={'ctx': True, 'bullets': True, 'concise': True} all_resolved=True n_resolved=3/3 tokens=(5467,975)
  model=qwen-2.5-7b N=3 arm=intro_specter real_lme_00016_f8c5f88b seed=2: per_fault={'ctx': True, 'bullets': True, 'concise': True} all_resolved=True n_resolved=3/3 tokens=(5440,886)
  model=qwen-2.5-7b N=3 arm=intro_specter real_lme_00018_gpt4_d31cdae3 seed=0: per_fault={'ctx': True, 'concise': True, 'english': True} all_resolved=True n_resolved=3/3 tokens=(5364,484)
  model=qwen-2.5-7b N=3 arm=intro_specter real_lme_00018_gpt4_d31cdae3 seed=1: per_fault={'ctx': True, 'concise': True, 'english': True} all_resolved=True n_resolved=3/3 tokens=(5364,484)
  model=qwen-2.5-7b N=3 arm=intro_specter real_lme_00018_gpt4_d31cdae3 seed=2: per_fault={'ctx': False, 'concise': True, 'english': True} all_resolved=False n_resolved=2/3 tokens=(5366,399)
  model=qwen-2.5-7b N=3 arm=intro_specter real_lme_00032_22d2cb42 seed=0: per_fault={'ctx': False, 'english': True, 'preamble': True} all_resolved=False n_resolved=2/3 tokens=(4889,419)
  model=qwen-2.5-7b N=3 arm=intro_specter real_lme_00032_22d2cb42 seed=1: per_fault={'ctx': False, 'english': True, 'preamble': True} all_resolved=False n_resolved=2/3 tokens=(4889,419)
  model=qwen-2.5-7b N=3 arm=intro_specter real_lme_00032_22d2cb42 seed=2: per_fault={'ctx': False, 'english': True, 'preamble': True} all_resolved=False n_resolved=2/3 tokens=(4896,425)
  model=qwen-2.5-7b N=3 arm=intro_specter real_lme_00043_c2ac3c61 seed=0: per_fault={'ctx': True, 'bullets': True, 'concise': True} all_resolved=True n_resolved=3/3 tokens=(5150,604)
  model=qwen-2.5-7b N=3 arm=intro_specter real_lme_00043_c2ac3c61 seed=1: per_fault={'ctx': True, 'bullets': True, 'concise': True} all_resolved=True n_resolved=3/3 tokens=(5150,604)
  model=qwen-2.5-7b N=3 arm=intro_specter real_lme_00043_c2ac3c61 seed=2: per_fault={'ctx': True, 'bullets': True, 'concise': True} all_resolved=True n_resolved=3/3 tokens=(5148,597)
  model=qwen-2.5-7b N=3 arm=intro_specter real_lme_00049_0862e8bf_abs seed=0: per_fault={'ctx': False, 'concise': True, 'english': True} all_resolved=False n_resolved=2/3 tokens=(5367,256)
  model=qwen-2.5-7b N=3 arm=intro_specter real_lme_00049_0862e8bf_abs seed=1: per_fault={'ctx': False, 'concise': True, 'english': True} all_resolved=False n_resolved=2/3 tokens=(5367,256)
  model=qwen-2.5-7b N=3 arm=intro_specter real_lme_00049_0862e8bf_abs seed=2: per_fault={'ctx': False, 'concise': True, 'english': True} all_resolved=False n_resolved=2/3 tokens=(5367,591)
  model=qwen-2.5-7b N=3 arm=intro_specter real_lme_00053_21d02d0d seed=0: per_fault={'ctx': True, 'bullets': True, 'concise': True} all_resolved=True n_resolved=3/3 tokens=(5227,356)
  model=qwen-2.5-7b N=3 arm=intro_specter real_lme_00053_21d02d0d seed=1: per_fault={'ctx': True, 'bullets': True, 'concise': True} all_resolved=True n_resolved=3/3 tokens=(5227,356)
  model=qwen-2.5-7b N=3 arm=intro_specter real_lme_00053_21d02d0d seed=2: per_fault={'ctx': True, 'bullets': True, 'concise': True} all_resolved=True n_resolved=3/3 tokens=(5227,356)
  model=qwen-2.5-7b N=3 arm=intro_specter real_lme_00059_2ebe6c90 seed=0: per_fault={'ctx': False, 'concise': True, 'english': True} all_resolved=False n_resolved=2/3 tokens=(5087,641)
  model=qwen-2.5-7b N=3 arm=intro_specter real_lme_00059_2ebe6c90 seed=1: per_fault={'ctx': False, 'concise': True, 'english': True} all_resolved=False n_resolved=2/3 tokens=(5087,641)
  model=qwen-2.5-7b N=3 arm=intro_specter real_lme_00059_2ebe6c90 seed=2: per_fault={'ctx': False, 'concise': True, 'english': True} all_resolved=False n_resolved=2/3 tokens=(5092,683)
  model=qwen-2.5-7b N=3 arm=intro_specter real_lme_00069_gpt4_31ff4165 seed=0: per_fault={'ctx': True, 'bullets': True, 'concise': False} all_resolved=False n_resolved=2/3 tokens=(5664,805)
  model=qwen-2.5-7b N=3 arm=intro_specter real_lme_00069_gpt4_31ff4165 seed=1: per_fault={'ctx': True, 'bullets': True, 'concise': False} all_resolved=False n_resolved=2/3 tokens=(5664,805)
  model=qwen-2.5-7b N=3 arm=intro_specter real_lme_00069_gpt4_31ff4165 seed=2: per_fault={'ctx': True, 'bullets': True, 'concise': True} all_resolved=True n_resolved=3/3 tokens=(5437,363)
  model=qwen-2.5-7b N=3 arm=intro_specter real_lme_00076_f4f1d8a4_abs seed=0: per_fault={'ctx': True, 'bullets': True, 'preamble': True} all_resolved=True n_resolved=3/3 tokens=(5658,514)
  model=qwen-2.5-7b N=3 arm=intro_specter real_lme_00076_f4f1d8a4_abs seed=1: per_fault={'ctx': True, 'bullets': True, 'preamble': True} all_resolved=True n_resolved=3/3 tokens=(5658,514)
  model=qwen-2.5-7b N=3 arm=intro_specter real_lme_00076_f4f1d8a4_abs seed=2: per_fault={'ctx': True, 'bullets': True, 'preamble': True} all_resolved=True n_resolved=3/3 tokens=(5657,503)
  model=qwen-2.5-7b N=3 arm=intro_specter real_lme_00081_afdc33df seed=0: per_fault={'ctx': False, 'concise': True, 'english': True} all_resolved=False n_resolved=2/3 tokens=(6210,1104)
  model=qwen-2.5-7b N=3 arm=intro_specter real_lme_00081_afdc33df seed=1: per_fault={'ctx': False, 'concise': True, 'english': True} all_resolved=False n_resolved=2/3 tokens=(6210,1104)
  model=qwen-2.5-7b N=3 arm=intro_specter real_lme_00081_afdc33df seed=2: per_fault={'ctx': False, 'concise': True, 'english': True} all_resolved=False n_resolved=2/3 tokens=(6038,708)
  model=qwen-2.5-7b N=3 arm=intro_specter real_lme_00085_a11281a2 seed=0: per_fault={'ctx': True, 'concise': True, 'preamble': True} all_resolved=True n_resolved=3/3 tokens=(4731,614)
  model=qwen-2.5-7b N=3 arm=intro_specter real_lme_00085_a11281a2 seed=1: per_fault={'ctx': True, 'concise': True, 'preamble': True} all_resolved=True n_resolved=3/3 tokens=(4731,614)
  model=qwen-2.5-7b N=3 arm=intro_specter real_lme_00085_a11281a2 seed=2: per_fault={'ctx': True, 'concise': True, 'preamble': True} all_resolved=True n_resolved=3/3 tokens=(4654,469)
  model=qwen-2.5-7b N=3 arm=intro_specter real_lme_00086_af082822 seed=0: per_fault={'ctx': False, 'concise': True, 'english': True} all_resolved=False n_resolved=2/3 tokens=(4923,531)
  model=qwen-2.5-7b N=3 arm=intro_specter real_lme_00086_af082822 seed=1: per_fault={'ctx': False, 'concise': True, 'english': True} all_resolved=False n_resolved=2/3 tokens=(4923,531)
  model=qwen-2.5-7b N=3 arm=intro_specter real_lme_00086_af082822 seed=2: per_fault={'ctx': False, 'concise': True, 'english': True} all_resolved=False n_resolved=2/3 tokens=(4961,588)
  model=qwen-2.5-7b N=3 arm=intro_specter real_lme_00087_3b6f954b seed=0: per_fault={'ctx': True, 'concise': True, 'preamble': True} all_resolved=True n_resolved=3/3 tokens=(5046,535)
  model=qwen-2.5-7b N=3 arm=intro_specter real_lme_00087_3b6f954b seed=1: per_fault={'ctx': True, 'concise': True, 'preamble': True} all_resolved=True n_resolved=3/3 tokens=(5046,535)
  model=qwen-2.5-7b N=3 arm=intro_specter real_lme_00087_3b6f954b seed=2: per_fault={'ctx': True, 'concise': True, 'preamble': True} all_resolved=True n_resolved=3/3 tokens=(5118,600)
  model=qwen-2.5-7b N=3 arm=intro_specter real_lme_00093_545bd2b5 seed=0: per_fault={'ctx': True, 'bullets': True, 'concise': True} all_resolved=True n_resolved=3/3 tokens=(5245,770)
  model=qwen-2.5-7b N=3 arm=intro_specter real_lme_00093_545bd2b5 seed=1: per_fault={'ctx': True, 'bullets': True, 'concise': True} all_resolved=True n_resolved=3/3 tokens=(5245,770)
  model=qwen-2.5-7b N=3 arm=intro_specter real_lme_00093_545bd2b5 seed=2: per_fault={'ctx': True, 'bullets': True, 'concise': True} all_resolved=True n_resolved=3/3 tokens=(5204,667)
  model=qwen-2.5-7b N=3 arm=intro_specter real_lme_00110_gpt4_1a1dc16d seed=0: per_fault={'ctx': True, 'concise': True, 'preamble': True} all_resolved=True n_resolved=3/3 tokens=(5256,582)
  model=qwen-2.5-7b N=3 arm=intro_specter real_lme_00110_gpt4_1a1dc16d seed=1: per_fault={'ctx': True, 'concise': True, 'preamble': True} all_resolved=True n_resolved=3/3 tokens=(5256,582)
  model=qwen-2.5-7b N=3 arm=intro_specter real_lme_00110_gpt4_1a1dc16d seed=2: per_fault={'ctx': True, 'concise': True, 'preamble': True} all_resolved=True n_resolved=3/3 tokens=(5256,598)
  model=qwen-2.5-7b N=3 arm=intro_specter real_lme_00119_c6853660 seed=0: per_fault={'ctx': True, 'bullets': True, 'preamble': True} all_resolved=True n_resolved=3/3 tokens=(5263,525)
  model=qwen-2.5-7b N=3 arm=intro_specter real_lme_00119_c6853660 seed=1: per_fault={'ctx': True, 'bullets': True, 'preamble': True} all_resolved=True n_resolved=3/3 tokens=(5263,525)
  model=qwen-2.5-7b N=3 arm=intro_specter real_lme_00119_c6853660 seed=2: per_fault={'ctx': True, 'bullets': True, 'preamble': True} all_resolved=True n_resolved=3/3 tokens=(5331,666)
  model=qwen-2.5-7b N=3 arm=intro_specter real_lme_00120_42ec0761 seed=0: per_fault={'ctx': True, 'bullets': True, 'concise': True} all_resolved=True n_resolved=3/3 tokens=(5328,603)
  model=qwen-2.5-7b N=3 arm=intro_specter real_lme_00120_42ec0761 seed=1: per_fault={'ctx': True, 'bullets': True, 'concise': True} all_resolved=True n_resolved=3/3 tokens=(5328,603)
  model=qwen-2.5-7b N=3 arm=intro_specter real_lme_00120_42ec0761 seed=2: per_fault={'ctx': True, 'bullets': True, 'concise': True} all_resolved=True n_resolved=3/3 tokens=(5329,614)
  model=qwen-2.5-7b N=3 arm=intro_specter real_lme_00122_0a34ad58 seed=0: per_fault={'ctx': False, 'bullets': True, 'preamble': True} all_resolved=False n_resolved=2/3 tokens=(5832,730)
  model=qwen-2.5-7b N=3 arm=intro_specter real_lme_00122_0a34ad58 seed=1: per_fault={'ctx': False, 'bullets': True, 'preamble': True} all_resolved=False n_resolved=2/3 tokens=(5832,730)
  model=qwen-2.5-7b N=3 arm=intro_specter real_lme_00122_0a34ad58 seed=2: per_fault={'ctx': False, 'bullets': True, 'preamble': True} all_resolved=False n_resolved=2/3 tokens=(5758,725)
  model=qwen-2.5-7b N=3 arm=intro_specter real_lme_00123_ceb54acb seed=0: per_fault={'ctx': False, 'english': True, 'preamble': True} all_resolved=False n_resolved=2/3 tokens=(4010,498)
  model=qwen-2.5-7b N=3 arm=intro_specter real_lme_00123_ceb54acb seed=1: per_fault={'ctx': False, 'english': True, 'preamble': True} all_resolved=False n_resolved=2/3 tokens=(4010,498)
  model=qwen-2.5-7b N=3 arm=intro_specter real_lme_00123_ceb54acb seed=2: per_fault={'ctx': False, 'english': True, 'preamble': True} all_resolved=False n_resolved=2/3 tokens=(3995,487)
  model=qwen-2.5-7b N=3 arm=intro_specter real_lme_00133_71a3fd6b seed=0: per_fault={'ctx': True, 'bullets': True, 'concise': True} all_resolved=True n_resolved=3/3 tokens=(4153,598)
  model=qwen-2.5-7b N=3 arm=intro_specter real_lme_00133_71a3fd6b seed=1: per_fault={'ctx': True, 'bullets': True, 'concise': True} all_resolved=True n_resolved=3/3 tokens=(4153,598)
  model=qwen-2.5-7b N=3 arm=intro_specter real_lme_00133_71a3fd6b seed=2: per_fault={'ctx': True, 'bullets': True, 'concise': True} all_resolved=True n_resolved=3/3 tokens=(4118,562)
  model=qwen-2.5-7b N=3 arm=intro_specter real_lme_00135_129d1232 seed=0: per_fault={'ctx': True, 'concise': True, 'english': True} all_resolved=True n_resolved=3/3 tokens=(5216,356)
  model=qwen-2.5-7b N=3 arm=intro_specter real_lme_00135_129d1232 seed=1: per_fault={'ctx': True, 'concise': True, 'english': True} all_resolved=True n_resolved=3/3 tokens=(5216,356)
  model=qwen-2.5-7b N=3 arm=intro_specter real_lme_00135_129d1232 seed=2: per_fault={'ctx': True, 'concise': True, 'english': True} all_resolved=True n_resolved=3/3 tokens=(5206,342)
  model=qwen-2.5-7b N=3 arm=intro_specter real_lme_00144_7a87bd0c seed=0: per_fault={'ctx': True, 'bullets': True, 'preamble': True} all_resolved=True n_resolved=3/3 tokens=(5474,560)
  model=qwen-2.5-7b N=3 arm=intro_specter real_lme_00144_7a87bd0c seed=1: per_fault={'ctx': True, 'bullets': True, 'preamble': True} all_resolved=True n_resolved=3/3 tokens=(5474,560)
  model=qwen-2.5-7b N=3 arm=intro_specter real_lme_00144_7a87bd0c seed=2: per_fault={'ctx': True, 'bullets': True, 'preamble': True} all_resolved=True n_resolved=3/3 tokens=(5416,506)
  model=qwen-2.5-7b N=3 arm=intro_specter real_lme_00156_e831120c seed=0: per_fault={'ctx': True, 'concise': False, 'preamble': True} all_resolved=False n_resolved=2/3 tokens=(6372,1210)
  model=qwen-2.5-7b N=3 arm=intro_specter real_lme_00156_e831120c seed=1: per_fault={'ctx': True, 'concise': False, 'preamble': True} all_resolved=False n_resolved=2/3 tokens=(6372,1210)
  model=qwen-2.5-7b N=3 arm=intro_specter real_lme_00156_e831120c seed=2: per_fault={'ctx': True, 'concise': False, 'preamble': True} all_resolved=False n_resolved=2/3 tokens=(6065,851)
  model=qwen-2.5-7b N=3 arm=intro_specter real_lme_00168_gpt4_68e94287 seed=0: per_fault={'ctx': True, 'bullets': True, 'concise': True} all_resolved=True n_resolved=3/3 tokens=(5863,532)
  model=qwen-2.5-7b N=3 arm=intro_specter real_lme_00168_gpt4_68e94287 seed=1: per_fault={'ctx': True, 'bullets': True, 'concise': True} all_resolved=True n_resolved=3/3 tokens=(5863,532)
  model=qwen-2.5-7b N=3 arm=intro_specter real_lme_00168_gpt4_68e94287 seed=2: per_fault={'ctx': True, 'bullets': True, 'concise': True} all_resolved=True n_resolved=3/3 tokens=(5777,357)
  model=qwen-2.5-7b N=3 arm=intro_specter real_lme_00183_8464fc84 seed=0: per_fault={'ctx': True, 'concise': True, 'preamble': True} all_resolved=True n_resolved=3/3 tokens=(5094,219)
  model=qwen-2.5-7b N=3 arm=intro_specter real_lme_00183_8464fc84 seed=1: per_fault={'ctx': True, 'concise': True, 'preamble': True} all_resolved=True n_resolved=3/3 tokens=(5094,219)
  model=qwen-2.5-7b N=3 arm=intro_specter real_lme_00183_8464fc84 seed=2: per_fault={'ctx': True, 'concise': True, 'preamble': True} all_resolved=True n_resolved=3/3 tokens=(5341,676)
  model=qwen-2.5-7b N=3 arm=intro_specter real_lme_00184_45dc21b6 seed=0: per_fault={'ctx': True, 'concise': True, 'preamble': True} all_resolved=True n_resolved=3/3 tokens=(5086,628)
  model=qwen-2.5-7b N=3 arm=intro_specter real_lme_00184_45dc21b6 seed=1: per_fault={'ctx': True, 'concise': True, 'preamble': True} all_resolved=True n_resolved=3/3 tokens=(5086,628)
  model=qwen-2.5-7b N=3 arm=intro_specter real_lme_00184_45dc21b6 seed=2: per_fault={'ctx': True, 'concise': True, 'preamble': True} all_resolved=True n_resolved=3/3 tokens=(5042,499)
  model=qwen-2.5-7b N=3 arm=intro_specter real_lme_00191_993da5e2 seed=0: per_fault={'ctx': False, 'english': True, 'preamble': True} all_resolved=False n_resolved=2/3 tokens=(5523,468)
  model=qwen-2.5-7b N=3 arm=intro_specter real_lme_00191_993da5e2 seed=1: per_fault={'ctx': False, 'english': True, 'preamble': True} all_resolved=False n_resolved=2/3 tokens=(5523,468)
  model=qwen-2.5-7b N=3 arm=intro_specter real_lme_00191_993da5e2 seed=2: per_fault={'ctx': False, 'english': True, 'preamble': True} all_resolved=False n_resolved=2/3 tokens=(5523,468)
  model=qwen-2.5-7b N=3 arm=intro_specter real_lme_00195_gpt4_1d80365e seed=0: per_fault={'ctx': True, 'concise': False, 'preamble': True} all_resolved=False n_resolved=2/3 tokens=(5249,575)
  model=qwen-2.5-7b N=3 arm=intro_specter real_lme_00195_gpt4_1d80365e seed=1: per_fault={'ctx': True, 'concise': False, 'preamble': True} all_resolved=False n_resolved=2/3 tokens=(5249,575)
  model=qwen-2.5-7b N=3 arm=intro_specter real_lme_00195_gpt4_1d80365e seed=2: per_fault={'ctx': True, 'concise': False, 'preamble': True} all_resolved=False n_resolved=2/3 tokens=(5207,519)
  model=qwen-2.5-7b N=3 arm=intro_specter real_lme_00197_gpt4_213fd887 seed=0: per_fault={'ctx': True, 'concise': True, 'preamble': True} all_resolved=True n_resolved=3/3 tokens=(5552,640)
  model=qwen-2.5-7b N=3 arm=intro_specter real_lme_00197_gpt4_213fd887 seed=1: per_fault={'ctx': True, 'concise': True, 'preamble': True} all_resolved=True n_resolved=3/3 tokens=(5552,640)
  model=qwen-2.5-7b N=3 arm=intro_specter real_lme_00197_gpt4_213fd887 seed=2: per_fault={'ctx': True, 'concise': True, 'preamble': True} all_resolved=True n_resolved=3/3 tokens=(5460,487)
  model=qwen-2.5-7b N=3 arm=intro_specter real_lme_00198_gpt4_d6585ce8 seed=0: per_fault={'ctx': False, 'concise': False, 'preamble': True} all_resolved=False n_resolved=1/3 tokens=(6383,991)
  model=qwen-2.5-7b N=3 arm=intro_specter real_lme_00198_gpt4_d6585ce8 seed=1: per_fault={'ctx': False, 'concise': False, 'preamble': True} all_resolved=False n_resolved=1/3 tokens=(6383,991)
  model=qwen-2.5-7b N=3 arm=intro_specter real_lme_00198_gpt4_d6585ce8 seed=2: per_fault={'ctx': True, 'concise': False, 'preamble': True} all_resolved=False n_resolved=2/3 tokens=(6299,889)
  model=qwen-2.5-7b N=3 arm=intro_specter real_lme_00209_7e974930 seed=0: per_fault={'ctx': True, 'concise': True, 'english': True} all_resolved=True n_resolved=3/3 tokens=(5427,527)
  model=qwen-2.5-7b N=3 arm=intro_specter real_lme_00209_7e974930 seed=1: per_fault={'ctx': True, 'concise': True, 'english': True} all_resolved=True n_resolved=3/3 tokens=(5427,527)
  model=qwen-2.5-7b N=3 arm=intro_specter real_lme_00209_7e974930 seed=2: per_fault={'ctx': True, 'concise': True, 'english': True} all_resolved=True n_resolved=3/3 tokens=(5342,349)
  model=qwen-2.5-7b N=3 arm=intro_specter real_lme_00212_e01b8e2f seed=0: per_fault={'ctx': True, 'concise': True, 'preamble': True} all_resolved=True n_resolved=3/3 tokens=(5150,504)
  model=qwen-2.5-7b N=3 arm=intro_specter real_lme_00212_e01b8e2f seed=1: per_fault={'ctx': True, 'concise': True, 'preamble': True} all_resolved=True n_resolved=3/3 tokens=(5150,504)
  model=qwen-2.5-7b N=3 arm=intro_specter real_lme_00212_e01b8e2f seed=2: per_fault={'ctx': True, 'concise': True, 'preamble': True} all_resolved=True n_resolved=3/3 tokens=(5078,361)
  model=qwen-2.5-7b N=3 arm=intro_specter real_lme_00216_2698e78f_abs seed=0: per_fault={'ctx': True, 'bullets': True, 'concise': False} all_resolved=False n_resolved=2/3 tokens=(4974,523)
  model=qwen-2.5-7b N=3 arm=intro_specter real_lme_00216_2698e78f_abs seed=1: per_fault={'ctx': True, 'bullets': True, 'concise': False} all_resolved=False n_resolved=2/3 tokens=(4974,523)
  model=qwen-2.5-7b N=3 arm=intro_specter real_lme_00216_2698e78f_abs seed=2: per_fault={'ctx': True, 'bullets': True, 'concise': False} all_resolved=False n_resolved=2/3 tokens=(4975,614)
  model=qwen-2.5-7b N=3 arm=intro_specter real_lme_00220_gpt4_2312f94c seed=0: per_fault={'ctx': True, 'bullets': True, 'concise': True} all_resolved=True n_resolved=3/3 tokens=(5442,348)
  model=qwen-2.5-7b N=3 arm=intro_specter real_lme_00220_gpt4_2312f94c seed=1: per_fault={'ctx': True, 'bullets': True, 'concise': True} all_resolved=True n_resolved=3/3 tokens=(5442,348)
  model=qwen-2.5-7b N=3 arm=intro_specter real_lme_00220_gpt4_2312f94c seed=2: per_fault={'ctx': True, 'bullets': True, 'concise': True} all_resolved=True n_resolved=3/3 tokens=(5455,370)
  model=qwen-2.5-7b N=3 arm=intro_specter real_lme_00222_3f1e9474 seed=0: per_fault={'ctx': True, 'concise': True, 'preamble': True} all_resolved=True n_resolved=3/3 tokens=(5194,622)
  model=qwen-2.5-7b N=3 arm=intro_specter real_lme_00222_3f1e9474 seed=1: per_fault={'ctx': True, 'concise': True, 'preamble': True} all_resolved=True n_resolved=3/3 tokens=(5194,622)
  model=qwen-2.5-7b N=3 arm=intro_specter real_lme_00222_3f1e9474 seed=2: per_fault={'ctx': True, 'concise': True, 'preamble': True} all_resolved=True n_resolved=3/3 tokens=(5044,307)
  model=qwen-2.5-7b N=3 arm=intro_specter real_lme_00224_dccbc061 seed=0: per_fault={'ctx': True, 'bullets': True, 'concise': True} all_resolved=True n_resolved=3/3 tokens=(4498,212)
  model=qwen-2.5-7b N=3 arm=intro_specter real_lme_00224_dccbc061 seed=1: per_fault={'ctx': True, 'bullets': True, 'concise': True} all_resolved=True n_resolved=3/3 tokens=(4498,212)
  model=qwen-2.5-7b N=3 arm=intro_specter real_lme_00224_dccbc061 seed=2: per_fault={'ctx': True, 'bullets': True, 'concise': True} all_resolved=True n_resolved=3/3 tokens=(4498,212)
  model=qwen-2.5-7b N=3 arm=intro_specter real_lme_00226_b759caee seed=0: per_fault={'ctx': True, 'bullets': True, 'concise': True} all_resolved=True n_resolved=3/3 tokens=(4424,393)
  model=qwen-2.5-7b N=3 arm=intro_specter real_lme_00226_b759caee seed=1: per_fault={'ctx': True, 'bullets': True, 'concise': True} all_resolved=True n_resolved=3/3 tokens=(4424,393)
  model=qwen-2.5-7b N=3 arm=intro_specter real_lme_00226_b759caee seed=2: per_fault={'ctx': True, 'bullets': True, 'concise': True} all_resolved=True n_resolved=3/3 tokens=(4419,384)
  model=qwen-2.5-7b N=3 arm=intro_specter real_lme_00227_8aef76bc seed=0: per_fault={'ctx': True, 'bullets': True, 'preamble': True} all_resolved=True n_resolved=3/3 tokens=(4681,810)
  model=qwen-2.5-7b N=3 arm=intro_specter real_lme_00227_8aef76bc seed=1: per_fault={'ctx': True, 'bullets': True, 'preamble': True} all_resolved=True n_resolved=3/3 tokens=(4681,810)
  model=qwen-2.5-7b N=3 arm=intro_specter real_lme_00227_8aef76bc seed=2: per_fault={'ctx': True, 'bullets': True, 'preamble': True} all_resolved=True n_resolved=3/3 tokens=(4620,657)
  model=qwen-2.5-7b N=3 arm=intro_specter real_lme_00232_gpt4_59c863d7 seed=0: per_fault={'ctx': False, 'concise': False, 'english': True} all_resolved=False n_resolved=1/3 tokens=(6351,948)
  model=qwen-2.5-7b N=3 arm=intro_specter real_lme_00232_gpt4_59c863d7 seed=1: per_fault={'ctx': False, 'concise': False, 'english': True} all_resolved=False n_resolved=1/3 tokens=(6351,948)
  model=qwen-2.5-7b N=3 arm=intro_specter real_lme_00232_gpt4_59c863d7 seed=2: per_fault={'ctx': False, 'concise': False, 'english': True} all_resolved=False n_resolved=1/3 tokens=(6213,621)
  model=qwen-2.5-7b N=3 arm=intro_specter real_lme_00240_09ba9854 seed=0: per_fault={'ctx': True, 'concise': True, 'preamble': True} all_resolved=True n_resolved=3/3 tokens=(5750,774)
  model=qwen-2.5-7b N=3 arm=intro_specter real_lme_00240_09ba9854 seed=1: per_fault={'ctx': True, 'concise': True, 'preamble': True} all_resolved=True n_resolved=3/3 tokens=(5750,774)
  model=qwen-2.5-7b N=3 arm=intro_specter real_lme_00240_09ba9854 seed=2: per_fault={'ctx': False, 'concise': False, 'preamble': True} all_resolved=False n_resolved=1/3 tokens=(5916,1016)
  model=qwen-2.5-7b N=3 arm=intro_specter real_lme_00247_1d4da289 seed=0: per_fault={'ctx': False, 'bullets': True, 'concise': False} all_resolved=False n_resolved=1/3 tokens=(4859,421)
  model=qwen-2.5-7b N=3 arm=intro_specter real_lme_00247_1d4da289 seed=1: per_fault={'ctx': False, 'bullets': True, 'concise': False} all_resolved=False n_resolved=1/3 tokens=(4859,421)
  model=qwen-2.5-7b N=3 arm=intro_specter real_lme_00247_1d4da289 seed=2: per_fault={'ctx': False, 'bullets': True, 'concise': False} all_resolved=False n_resolved=1/3 tokens=(4848,407)
  model=qwen-2.5-7b N=3 arm=intro_specter real_lme_00254_ba358f49 seed=0: per_fault={'ctx': False, 'bullets': True, 'concise': True} all_resolved=False n_resolved=2/3 tokens=(4885,527)
  model=qwen-2.5-7b N=3 arm=intro_specter real_lme_00254_ba358f49 seed=1: per_fault={'ctx': False, 'bullets': True, 'concise': True} all_resolved=False n_resolved=2/3 tokens=(4885,527)
  model=qwen-2.5-7b N=3 arm=intro_specter real_lme_00254_ba358f49 seed=2: per_fault={'ctx': True, 'bullets': True, 'concise': True} all_resolved=True n_resolved=3/3 tokens=(4880,527)
  model=qwen-2.5-7b N=3 arm=intro_specter real_lme_00257_10e09553 seed=0: per_fault={'ctx': True, 'concise': True, 'preamble': True} all_resolved=True n_resolved=3/3 tokens=(5300,392)
  model=qwen-2.5-7b N=3 arm=intro_specter real_lme_00257_10e09553 seed=1: per_fault={'ctx': True, 'concise': True, 'preamble': True} all_resolved=True n_resolved=3/3 tokens=(5300,392)
  model=qwen-2.5-7b N=3 arm=intro_specter real_lme_00257_10e09553 seed=2: per_fault={'ctx': True, 'concise': True, 'preamble': True} all_resolved=True n_resolved=3/3 tokens=(5300,392)
  model=qwen-2.5-7b N=3 arm=intro_specter real_lme_00258_gpt4_93159ced_abs seed=0: per_fault={'ctx': False, 'english': True, 'preamble': True} all_resolved=False n_resolved=2/3 tokens=(5191,493)
  model=qwen-2.5-7b N=3 arm=intro_specter real_lme_00258_gpt4_93159ced_abs seed=1: per_fault={'ctx': False, 'english': True, 'preamble': True} all_resolved=False n_resolved=2/3 tokens=(5191,493)
  model=qwen-2.5-7b N=3 arm=intro_specter real_lme_00258_gpt4_93159ced_abs seed=2: per_fault={'ctx': False, 'english': True, 'preamble': True} all_resolved=False n_resolved=2/3 tokens=(5191,493)
  model=qwen-2.5-7b N=3 arm=intro_specter real_lme_00263_2698e78f seed=0: per_fault={'ctx': True, 'bullets': True, 'concise': False} all_resolved=False n_resolved=2/3 tokens=(5295,572)
  model=qwen-2.5-7b N=3 arm=intro_specter real_lme_00263_2698e78f seed=1: per_fault={'ctx': True, 'bullets': True, 'concise': False} all_resolved=False n_resolved=2/3 tokens=(5295,572)
  model=qwen-2.5-7b N=3 arm=intro_specter real_lme_00263_2698e78f seed=2: per_fault={'ctx': True, 'bullets': True, 'concise': False} all_resolved=False n_resolved=2/3 tokens=(5301,677)
  model=qwen-2.5-7b N=3 arm=intro_specter real_lme_00264_7161e7e2 seed=0: per_fault={'ctx': True, 'english': True, 'preamble': True} all_resolved=True n_resolved=3/3 tokens=(6055,535)
  model=qwen-2.5-7b N=3 arm=intro_specter real_lme_00264_7161e7e2 seed=1: per_fault={'ctx': True, 'english': True, 'preamble': True} all_resolved=True n_resolved=3/3 tokens=(6055,535)
  model=qwen-2.5-7b N=3 arm=intro_specter real_lme_00264_7161e7e2 seed=2: per_fault={'ctx': True, 'english': True, 'preamble': True} all_resolved=True n_resolved=3/3 tokens=(6045,520)
  model=qwen-2.5-7b N=3 arm=intro_specter real_lme_00267_8550ddae seed=0: per_fault={'ctx': True, 'concise': True, 'english': True} all_resolved=True n_resolved=3/3 tokens=(5082,502)
  model=qwen-2.5-7b N=3 arm=intro_specter real_lme_00267_8550ddae seed=1: per_fault={'ctx': True, 'concise': True, 'english': True} all_resolved=True n_resolved=3/3 tokens=(5082,502)
  model=qwen-2.5-7b N=3 arm=intro_specter real_lme_00267_8550ddae seed=2: per_fault={'ctx': False, 'concise': True, 'english': True} all_resolved=False n_resolved=2/3 tokens=(5109,551)
  model=qwen-2.5-7b N=3 arm=intro_specter real_lme_00279_6222b6eb seed=0: per_fault={'ctx': False, 'concise': True, 'english': True} all_resolved=False n_resolved=2/3 tokens=(5335,668)
  model=qwen-2.5-7b N=3 arm=intro_specter real_lme_00279_6222b6eb seed=1: per_fault={'ctx': False, 'concise': True, 'english': True} all_resolved=False n_resolved=2/3 tokens=(5335,668)
  model=qwen-2.5-7b N=3 arm=intro_specter real_lme_00279_6222b6eb seed=2: per_fault={'ctx': False, 'concise': True, 'english': True} all_resolved=False n_resolved=2/3 tokens=(5399,812)
  model=qwen-2.5-7b N=3 arm=intro_specter real_lme_00285_a96c20ee_abs seed=0: per_fault={'ctx': True, 'concise': False, 'preamble': True} all_resolved=False n_resolved=2/3 tokens=(4845,684)
  model=qwen-2.5-7b N=3 arm=intro_specter real_lme_00285_a96c20ee_abs seed=1: per_fault={'ctx': True, 'concise': False, 'preamble': True} all_resolved=False n_resolved=2/3 tokens=(4845,684)
  model=qwen-2.5-7b N=3 arm=intro_specter real_lme_00285_a96c20ee_abs seed=2: per_fault={'ctx': True, 'concise': True, 'preamble': True} all_resolved=True n_resolved=3/3 tokens=(4852,700)
  model=qwen-2.5-7b N=3 arm=intro_specter real_lme_00288_c8090214_abs seed=0: per_fault={'ctx': False, 'concise': True, 'english': True} all_resolved=False n_resolved=2/3 tokens=(5391,356)
  model=qwen-2.5-7b N=3 arm=intro_specter real_lme_00288_c8090214_abs seed=1: per_fault={'ctx': False, 'concise': True, 'english': True} all_resolved=False n_resolved=2/3 tokens=(5391,356)
  model=qwen-2.5-7b N=3 arm=intro_specter real_lme_00288_c8090214_abs seed=2: per_fault={'ctx': False, 'concise': True, 'english': True} all_resolved=False n_resolved=2/3 tokens=(5391,369)
  model=qwen-2.5-7b N=3 arm=intro_specter real_lme_00293_27016adc seed=0: per_fault={'ctx': True, 'bullets': True, 'concise': True} all_resolved=True n_resolved=3/3 tokens=(5355,893)
  model=qwen-2.5-7b N=3 arm=intro_specter real_lme_00293_27016adc seed=1: per_fault={'ctx': True, 'bullets': True, 'concise': True} all_resolved=True n_resolved=3/3 tokens=(5355,893)
  model=qwen-2.5-7b N=3 arm=intro_specter real_lme_00293_27016adc seed=2: per_fault={'ctx': True, 'bullets': True, 'concise': True} all_resolved=True n_resolved=3/3 tokens=(5393,1002)
  model=qwen-2.5-7b N=3 arm=intro_specter real_lme_00300_c9f37c46 seed=0: per_fault={'ctx': False, 'english': True, 'preamble': True} all_resolved=False n_resolved=2/3 tokens=(4881,360)
  model=qwen-2.5-7b N=3 arm=intro_specter real_lme_00300_c9f37c46 seed=1: per_fault={'ctx': False, 'english': True, 'preamble': True} all_resolved=False n_resolved=2/3 tokens=(4881,360)
  model=qwen-2.5-7b N=3 arm=intro_specter real_lme_00300_c9f37c46 seed=2: per_fault={'ctx': False, 'english': True, 'preamble': True} all_resolved=False n_resolved=2/3 tokens=(4884,355)
  model=qwen-2.5-7b N=3 arm=intro_specter real_lme_00306_gpt4_2f56ae70 seed=0: per_fault={'ctx': True, 'concise': True, 'preamble': True} all_resolved=True n_resolved=3/3 tokens=(4872,566)
  model=qwen-2.5-7b N=3 arm=intro_specter real_lme_00306_gpt4_2f56ae70 seed=1: per_fault={'ctx': True, 'concise': True, 'preamble': True} all_resolved=True n_resolved=3/3 tokens=(4872,566)
  model=qwen-2.5-7b N=3 arm=intro_specter real_lme_00306_gpt4_2f56ae70 seed=2: per_fault={'ctx': True, 'concise': True, 'preamble': True} all_resolved=True n_resolved=3/3 tokens=(4883,581)
  model=qwen-2.5-7b N=3 arm=intro_specter real_lme_00308_gpt4_4929293a seed=0: per_fault={'ctx': True, 'bullets': True, 'concise': True} all_resolved=True n_resolved=3/3 tokens=(5081,617)
  model=qwen-2.5-7b N=3 arm=intro_specter real_lme_00308_gpt4_4929293a seed=1: per_fault={'ctx': True, 'bullets': True, 'concise': True} all_resolved=True n_resolved=3/3 tokens=(5081,617)
  model=qwen-2.5-7b N=3 arm=intro_specter real_lme_00308_gpt4_4929293a seed=2: per_fault={'ctx': True, 'bullets': True, 'concise': False} all_resolved=False n_resolved=2/3 tokens=(5130,758)
  model=qwen-2.5-7b N=3 arm=intro_specter real_lme_00312_a3332713 seed=0: per_fault={'ctx': True, 'concise': True, 'english': True} all_resolved=True n_resolved=3/3 tokens=(5386,554)
  model=qwen-2.5-7b N=3 arm=intro_specter real_lme_00312_a3332713 seed=1: per_fault={'ctx': True, 'concise': True, 'english': True} all_resolved=True n_resolved=3/3 tokens=(5386,554)
  model=qwen-2.5-7b N=3 arm=intro_specter real_lme_00312_a3332713 seed=2: per_fault={'ctx': False, 'concise': True, 'english': True} all_resolved=False n_resolved=2/3 tokens=(5392,542)
  model=qwen-2.5-7b N=3 arm=intro_specter real_lme_00322_0a34ad58 seed=0: per_fault={'ctx': False, 'concise': True, 'english': True} all_resolved=False n_resolved=2/3 tokens=(6259,969)
  model=qwen-2.5-7b N=3 arm=intro_specter real_lme_00322_0a34ad58 seed=1: per_fault={'ctx': False, 'concise': True, 'english': True} all_resolved=False n_resolved=2/3 tokens=(6259,969)
  model=qwen-2.5-7b N=3 arm=intro_specter real_lme_00322_0a34ad58 seed=2: per_fault={'ctx': False, 'concise': True, 'english': True} all_resolved=False n_resolved=2/3 tokens=(6074,779)
  model=qwen-2.5-7b N=3 arm=intro_specter real_lme_00328_57f827a0 seed=0: per_fault={'ctx': False, 'concise': False, 'preamble': True} all_resolved=False n_resolved=1/3 tokens=(5992,1200)
  model=qwen-2.5-7b N=3 arm=intro_specter real_lme_00328_57f827a0 seed=1: per_fault={'ctx': False, 'concise': False, 'preamble': True} all_resolved=False n_resolved=1/3 tokens=(5992,1200)
  model=qwen-2.5-7b N=3 arm=intro_specter real_lme_00328_57f827a0 seed=2: per_fault={'ctx': False, 'concise': False, 'preamble': True} all_resolved=False n_resolved=1/3 tokens=(5840,764)
--- [qwen-2.5-7b][intro_specter] N=3: rows written=180 errors=0 tokens_in=953654 tokens_out=107617 ---
